MULTILINESTRING ((144.950000 -37.790000, 144.946804 -37.784562, 144.943608 -37.779124, 144.940413 -37.773685, 144.937218 -37.768247, 144.934024 -37.762808, 144.930830 -37.757370, 144.927637 -37.751931, 144.924444 -37.746492, 144.921251 -37.741053, 144.918059 -37.735614, 144.914868 -37.730175, 144.911677 -37.724736, 144.908486 -37.719297, 144.905296 -37.713858, 144.902107 -37.708418, 144.898917 -37.702979, 144.895729 -37.697539, 144.892541 -37.692100, 144.889353 -37.686660, 144.886166 -37.681220, 144.882979 -37.675780, 144.879792 -37.670340, 144.876607 -37.664900, 144.873421 -37.659460, 144.870236 -37.654020, 144.867052 -37.648579, 144.863868 -37.643139, 144.860684 -37.637698, 144.857501 -37.632258, 144.854319 -37.626817, 144.851136 -37.621376, 144.847955 -37.615936, 144.844774 -37.610495, 144.841593 -37.605054, 144.838413 -37.599612, 144.835233 -37.594171, 144.832053 -37.588730, 144.828875 -37.583289, 144.825696 -37.577847, 144.822518 -37.572406, 144.819341 -37.566964, 144.816164 -37.561522, 144.812987 -37.556081, 144.809811 -37.550639, 144.806635 -37.545197, 144.803460 -37.539755, 144.800285 -37.534313, 144.797111 -37.528870, 144.793937 -37.523428, 144.790764 -37.517986, 144.787591 -37.512543, 144.784419 -37.507101, 144.781247 -37.501658, 144.778076 -37.496215, 144.774905 -37.490773, 144.771734 -37.485330, 144.768564 -37.479887, 144.765394 -37.474444, 144.762225 -37.469001, 144.759056 -37.463557, 144.755888 -37.458114, 144.752720 -37.452671, 144.749553 -37.447227, 144.746386 -37.441784, 144.743220 -37.436340, 144.740054 -37.430896, 144.736889 -37.425452, 144.733724 -37.420008, 144.730559 -37.414564, 144.727395 -37.409120, 144.724231 -37.403676, 144.721068 -37.398232, 144.717905 -37.392788, 144.714743 -37.387343, 144.711581 -37.381899, 144.708420 -37.376454, 144.705259 -37.371010, 144.702099 -37.365565, 144.698939 -37.360120, 144.695779 -37.354675, 144.692620 -37.349230, 144.689462 -37.343785, 144.686304 -37.338340, 144.683146 -37.332895, 144.679989 -37.327449, 144.676832 -37.322004, 144.673676 -37.316558, 144.670520 -37.311113, 144.667364 -37.305667, 144.664210 -37.300221, 144.661055 -37.294776, 144.657901 -37.289330, 144.654748 -37.283884, 144.651594 -37.278438, 144.648442 -37.272991, 144.645290 -37.267545, 144.642138 -37.262099, 144.638987 -37.256652, 144.635836 -37.251206, 144.632685 -37.245759, 144.629536 -37.240313, 144.626386 -37.234866, 144.623237 -37.229419, 144.620089 -37.223972, 144.616941 -37.218525, 144.613793 -37.213078, 144.610646 -37.207631, 144.607499 -37.202184, 144.604353 -37.196736, 144.601207 -37.191289, 144.598062 -37.185841, 144.594917 -37.180394, 144.591772 -37.174946, 144.588628 -37.169498, 144.585485 -37.164050, 144.582342 -37.158603, 144.579199 -37.153155, 144.576057 -37.147706, 144.572915 -37.142258, 144.569774 -37.136810, 144.566633 -37.131362, 144.563493 -37.125913, 144.560353 -37.120465, 144.557213 -37.115016, 144.554074 -37.109568, 144.550936 -37.104119, 144.547798 -37.098670, 144.544660 -37.093221, 144.541523 -37.087772, 144.538386 -37.082323, 144.535250 -37.076874, 144.532114 -37.071425, 144.528978 -37.065975, 144.525843 -37.060526, 144.522709 -37.055076, 144.519575 -37.049627, 144.516441 -37.044177, 144.513308 -37.038727, 144.510175 -37.033278, 144.507043 -37.027828, 144.503911 -37.022378, 144.500780 -37.016928, 144.497649 -37.011477, 144.494519 -37.006027, 144.491389 -37.000577, 144.488259 -36.995127, 144.485130 -36.989676, 144.482001 -36.984226, 144.478873 -36.978775, 144.475745 -36.973324, 144.472618 -36.967873, 144.469491 -36.962422, 144.466365 -36.956971, 144.463239 -36.951520, 144.460113 -36.946069, 144.456988 -36.940618, 144.453863 -36.935167, 144.450739 -36.929715, 144.447615 -36.924264, 144.444492 -36.918812, 144.441369 -36.913361, 144.438247 -36.907909, 144.435125 -36.902457, 144.432003 -36.897005, 144.428882 -36.891553, 144.425762 -36.886101, 144.422642 -36.880649, 144.419522 -36.875197, 144.416403 -36.869745, 144.413284 -36.864292, 144.410165 -36.858840, 144.407047 -36.853388, 144.403930 -36.847935, 144.400813 -36.842482, 144.397696 -36.837029, 144.394580 -36.831577, 144.391464 -36.826124, 144.388349 -36.820671, 144.385234 -36.815218, 144.382120 -36.809764, 144.379006 -36.804311, 144.375892 -36.798858, 144.372779 -36.793404, 144.369667 -36.787951, 144.366555 -36.782497, 144.363443 -36.777044, 144.360331 -36.771590, 144.357221 -36.766136, 144.354110 -36.760682, 144.351000 -36.755228, 144.347891 -36.749774, 144.344782 -36.744320, 144.341673 -36.738866, 144.338565 -36.733411, 144.335457 -36.727957, 144.332350 -36.722503, 144.329243 -36.717048, 144.326136 -36.711593, 144.323031 -36.706139, 144.319925 -36.700684, 144.316820 -36.695229, 144.313715 -36.689774, 144.310611 -36.684319, 144.307507 -36.678864, 144.304404 -36.673409, 144.301301 -36.667954, 144.298198 -36.662498, 144.295096 -36.657043, 144.291995 -36.651587, 144.288894 -36.646132, 144.285793 -36.640676, 144.282693 -36.635220, 144.279593 -36.629764, 144.276494 -36.624308, 144.273395 -36.618852, 144.270296 -36.613396, 144.267198 -36.607940, 144.264100 -36.602484, 144.261003 -36.597028, 144.257906 -36.591571, 144.254810 -36.586115, 144.251714 -36.580658, 144.248619 -36.575202, 144.245524 -36.569745, 144.242429 -36.564288, 144.239335 -36.558831, 144.236241 -36.553374, 144.233148 -36.547917, 144.230055 -36.542460, 144.226963 -36.537003, 144.223871 -36.531546, 144.220779 -36.526088, 144.217688 -36.520631, 144.214598 -36.515173, 144.211507 -36.509716, 144.208418 -36.504258, 144.205328 -36.498800, 144.202239 -36.493342, 144.199151 -36.487884, 144.196063 -36.482426, 144.192975 -36.476968, 144.189888 -36.471510, 144.186801 -36.466052, 144.183715 -36.460594, 144.180629 -36.455135, 144.177544 -36.449677, 144.174459 -36.444218, 144.171374 -36.438760, 144.168290 -36.433301, 144.165207 -36.427842, 144.162123 -36.422383, 144.159040 -36.416924, 144.155958 -36.411465, 144.152876 -36.406006, 144.149795 -36.400547, 144.146714 -36.395088, 144.143633 -36.389628, 144.140553 -36.384169, 144.137473 -36.378709, 144.134394 -36.373250, 144.131315 -36.367790, 144.128236 -36.362331, 144.125158 -36.356871, 144.122080 -36.351411, 144.119003 -36.345951, 144.115926 -36.340491, 144.112850 -36.335031, 144.109774 -36.329570, 144.106699 -36.324110, 144.103624 -36.318650, 144.100549 -36.313189, 144.097475 -36.307729, 144.094401 -36.302268, 144.091328 -36.296807, 144.088255 -36.291347, 144.085183 -36.285886, 144.082110 -36.280425, 144.079039 -36.274964, 144.075968 -36.269503, 144.072897 -36.264042, 144.069827 -36.258580, 144.066757 -36.253119, 144.063687 -36.247658, 144.060618 -36.242196, 144.057550 -36.236735, 144.054482 -36.231273, 144.051414 -36.225811, 144.048347 -36.220350, 144.045280 -36.214888, 144.042213 -36.209426, 144.039147 -36.203964, 144.036082 -36.198502, 144.033016 -36.193040, 144.029952 -36.187577, 144.026887 -36.182115, 144.023823 -36.176653, 144.020760 -36.171190, 144.017697 -36.165728, 144.014634 -36.160265, 144.011572 -36.154802, 144.008510 -36.149339, 144.005449 -36.143876, 144.002388 -36.138414, 143.999328 -36.132950, 143.996268 -36.127487, 143.993208 -36.122024, 143.990149 -36.116561, 143.987090 -36.111098, 143.984032 -36.105634, 143.980974 -36.100171, 143.977916 -36.094707, 143.974859 -36.089243, 143.971803 -36.083780, 143.968746 -36.078316, 143.965691 -36.072852, 143.962635 -36.067388, 143.959580 -36.061924, 143.956526 -36.056460, 143.953472 -36.050996, 143.950418 -36.045531, 143.947365 -36.040067, 143.944312 -36.034603, 143.941260 -36.029138, 143.938208 -36.023674, 143.935156 -36.018209, 143.932105 -36.012744, 143.929054 -36.007279, 143.926004 -36.001814, 143.922954 -35.996349, 143.919905 -35.990884, 143.916856 -35.985419, 143.913807 -35.979954, 143.910759 -35.974489, 143.907711 -35.969023, 143.904664 -35.963558, 143.901617 -35.958092, 143.898570 -35.952627, 143.895524 -35.947161, 143.892479 -35.941695, 143.889434 -35.936230, 143.886389 -35.930764, 143.883344 -35.925298, 143.880300 -35.919832, 143.877257 -35.914366, 143.874214 -35.908899, 143.871171 -35.903433, 143.868129 -35.897967, 143.865087 -35.892500, 143.862046 -35.887034, 143.859004 -35.881567, 143.855964 -35.876101, 143.852924 -35.870634, 143.849884 -35.865167, 143.846845 -35.859700, 143.843806 -35.854233, 143.840767 -35.848766, 143.837729 -35.843299, 143.834691 -35.837832, 143.831654 -35.832365, 143.828617 -35.826897, 143.825581 -35.821430, 143.822545 -35.815962, 143.819509 -35.810495, 143.816474 -35.805027, 143.813440 -35.799559, 143.810405 -35.794091, 143.807371 -35.788624, 143.804338 -35.783156, 143.801305 -35.777688, 143.798272 -35.772219, 143.795240 -35.766751, 143.792208 -35.761283, 143.789177 -35.755815, 143.786146 -35.750346, 143.783115 -35.744878, 143.780085 -35.739409, 143.777055 -35.733941, 143.774026 -35.728472, 143.770997 -35.723003, 143.767969 -35.717534, 143.764941 -35.712065, 143.761913 -35.706596, 143.758886 -35.701127, 143.755859 -35.695658, 143.752832 -35.690189, 143.749806 -35.684719, 143.746781 -35.679250, 143.743756 -35.673780, 143.740731 -35.668311, 143.737707 -35.662841, 143.734683 -35.657372, 143.731659 -35.651902, 143.728636 -35.646432, 143.725614 -35.640962, 143.722591 -35.635492, 143.719569 -35.630022, 143.716548 -35.624552, 143.713527 -35.619081, 143.710506 -35.613611, 143.707486 -35.608141, 143.704466 -35.602670, 143.701447 -35.597200, 143.698428 -35.591729, 143.695410 -35.586258, 143.692391 -35.580788, 143.689374 -35.575317, 143.686356 -35.569846, 143.683339 -35.564375, 143.680323 -35.558904, 143.677307 -35.553433, 143.674291 -35.547962, 143.671276 -35.542490, 143.668261 -35.537019, 143.665247 -35.531547, 143.662233 -35.526076, 143.659219 -35.520604, 143.656206 -35.515133, 143.653193 -35.509661, 143.650181 -35.504189, 143.647169 -35.498717, 143.644157 -35.493245, 143.641146 -35.487773, 143.638135 -35.482301, 143.635125 -35.476829, 143.632115 -35.471357, 143.629106 -35.465884, 143.626097 -35.460412, 143.623088 -35.454939, 143.620080 -35.449467, 143.617072 -35.443994, 143.614064 -35.438522, 143.611057 -35.433049, 143.608051 -35.427576, 143.605044 -35.422103, 143.602039 -35.416630, 143.599033 -35.411157, 143.596028 -35.405684, 143.593024 -35.400210, 143.590019 -35.394737, 143.587016 -35.389264, 143.584012 -35.383790, 143.581009 -35.378317, 143.578007 -35.372843, 143.575005 -35.367370, 143.572003 -35.361896, 143.569002 -35.356422, 143.566001 -35.350948, 143.563000 -35.345474, 143.560000 -35.340000, 143.557728 -35.334302, 143.555457 -35.328603, 143.553185 -35.322905, 143.550914 -35.317206, 143.548644 -35.311507, 143.546374 -35.305809, 143.544104 -35.300110, 143.541834 -35.294411, 143.539565 -35.288712, 143.537296 -35.283014, 143.535027 -35.277315, 143.532759 -35.271616, 143.530491 -35.265917, 143.528223 -35.260218, 143.525955 -35.254519, 143.523688 -35.248820, 143.521422 -35.243121, 143.519155 -35.237422, 143.516889 -35.231722, 143.514623 -35.226023, 143.512358 -35.220324, 143.510093 -35.214624, 143.507828 -35.208925, 143.505563 -35.203226, 143.503299 -35.197526, 143.501035 -35.191827, 143.498771 -35.186127, 143.496508 -35.180428, 143.494245 -35.174728, 143.491983 -35.169028, 143.489720 -35.163329, 143.487458 -35.157629, 143.485197 -35.151929, 143.482935 -35.146229, 143.480674 -35.140529, 143.478413 -35.134829, 143.476153 -35.129129, 143.473893 -35.123429, 143.471633 -35.117729, 143.469374 -35.112029, 143.467115 -35.106329, 143.464856 -35.100629, 143.462597 -35.094929, 143.460339 -35.089229, 143.458081 -35.083528, 143.455824 -35.077828, 143.453566 -35.072128, 143.451309 -35.066427, 143.449053 -35.060727, 143.446796 -35.055026, 143.444540 -35.049326, 143.442285 -35.043625, 143.440029 -35.037924, 143.437774 -35.032224, 143.435520 -35.026523, 143.433265 -35.020822, 143.431011 -35.015121, 143.428757 -35.009421, 143.426504 -35.003720, 143.424251 -34.998019, 143.421998 -34.992318, 143.419745 -34.986617, 143.417493 -34.980916, 143.415241 -34.975215, 143.412989 -34.969514, 143.410738 -34.963812, 143.408487 -34.958111, 143.406237 -34.952410, 143.403986 -34.946709, 143.401736 -34.941007, 143.399486 -34.935306, 143.397237 -34.929604, 143.394988 -34.923903, 143.392739 -34.918201, 143.390491 -34.912500, 143.388243 -34.906798, 143.385995 -34.901097, 143.383747 -34.895395, 143.381500 -34.889693, 143.379253 -34.883992, 143.377006 -34.878290, 143.374760 -34.872588, 143.372514 -34.866886, 143.370269 -34.861184, 143.368023 -34.855482, 143.365778 -34.849780, 143.363533 -34.844078, 143.361289 -34.838376, 143.359045 -34.832674, 143.356801 -34.826972, 143.354558 -34.821270, 143.352314 -34.815567, 143.350072 -34.809865, 143.347829 -34.804163, 143.345587 -34.798460, 143.343345 -34.792758, 143.341103 -34.787055, 143.338862 -34.781353, 143.336621 -34.775650, 143.334380 -34.769948, 143.332140 -34.764245, 143.329900 -34.758543, 143.327660 -34.752840, 143.325421 -34.747137, 143.323181 -34.741434, 143.320943 -34.735731, 143.318704 -34.730029, 143.316466 -34.724326, 143.314228 -34.718623, 143.311990 -34.712920, 143.309753 -34.707217, 143.307516 -34.701514, 143.305279 -34.695811, 143.303043 -34.690107, 143.300807 -34.684404, 143.298571 -34.678701, 143.296336 -34.672998, 143.294101 -34.667294, 143.291866 -34.661591, 143.289631 -34.655888, 143.287397 -34.650184, 143.285163 -34.644481, 143.282930 -34.638777, 143.280696 -34.633074, 143.278463 -34.627370, 143.276231 -34.621666, 143.273998 -34.615963, 143.271766 -34.610259, 143.269534 -34.604555, 143.267303 -34.598851, 143.265072 -34.593148, 143.262841 -34.587444, 143.260610 -34.581740, 143.258380 -34.576036, 143.256150 -34.570332, 143.253921 -34.564628, 143.251691 -34.558924, 143.249462 -34.553220, 143.247234 -34.547515, 143.245005 -34.541811, 143.242777 -34.536107, 143.240549 -34.530403, 143.238322 -34.524698, 143.236095 -34.518994, 143.233868 -34.513290, 143.231641 -34.507585, 143.229415 -34.501881, 143.227189 -34.496176, 143.224964 -34.490471, 143.222738 -34.484767, 143.220513 -34.479062, 143.218288 -34.473358, 143.216064 -34.467653, 143.213840 -34.461948, 143.211616 -34.456243, 143.209393 -34.450538, 143.207169 -34.444833, 143.204946 -34.439129, 143.202724 -34.433424, 143.200502 -34.427719, 143.198280 -34.422013, 143.196058 -34.416308, 143.193836 -34.410603, 143.191615 -34.404898, 143.189395 -34.399193, 143.187174 -34.393488, 143.184954 -34.387782, 143.182734 -34.382077, 143.180514 -34.376372, 143.178295 -34.370666, 143.176076 -34.364961, 143.173858 -34.359255, 143.171639 -34.353550, 143.169421 -34.347844, 143.167203 -34.342139, 143.164986 -34.336433, 143.162769 -34.330727, 143.160552 -34.325021, 143.158335 -34.319316, 143.156119 -34.313610, 143.153903 -34.307904, 143.151687 -34.302198, 143.149472 -34.296492, 143.147257 -34.290786, 143.145042 -34.285080, 143.142828 -34.279374, 143.140614 -34.273668, 143.138400 -34.267962, 143.136186 -34.262256, 143.133973 -34.256549, 143.131760 -34.250843, 143.129548 -34.245137, 143.127335 -34.239431, 143.125123 -34.233724, 143.122911 -34.228018, 143.120700 -34.222311, 143.118489 -34.216605, 143.116278 -34.210898, 143.114067 -34.205192, 143.111857 -34.199485, 143.109647 -34.193778, 143.107438 -34.188072, 143.105228 -34.182365, 143.103019 -34.176658, 143.100810 -34.170951, 143.098602 -34.165245, 143.096394 -34.159538, 143.094186 -34.153831, 143.091978 -34.148124, 143.089771 -34.142417, 143.087564 -34.136710, 143.085357 -34.131003, 143.083151 -34.125296, 143.080945 -34.119588, 143.078739 -34.113881, 143.076534 -34.108174, 143.074329 -34.102467, 143.072124 -34.096759, 143.069919 -34.091052, 143.067715 -34.085345, 143.065511 -34.079637, 143.063307 -34.073930, 143.061104 -34.068222, 143.058901 -34.062515, 143.056698 -34.056807, 143.054495 -34.051099, 143.052293 -34.045392, 143.050091 -34.039684, 143.047890 -34.033976, 143.045688 -34.028268, 143.043487 -34.022561, 143.041287 -34.016853, 143.039086 -34.011145, 143.036886 -34.005437, 143.034686 -33.999729, 143.032487 -33.994021, 143.030287 -33.988313, 143.028088 -33.982605, 143.025890 -33.976896, 143.023691 -33.971188, 143.021493 -33.965480, 143.019296 -33.959772, 143.017098 -33.954064, 143.014901 -33.948355, 143.012704 -33.942647, 143.010507 -33.936938, 143.008311 -33.931230, 143.006115 -33.925521, 143.003919 -33.919813, 143.001724 -33.914104, 142.999529 -33.908396, 142.997334 -33.902687, 142.995140 -33.896978, 142.992945 -33.891270, 142.990751 -33.885561, 142.988558 -33.879852, 142.986364 -33.874143, 142.984171 -33.868434, 142.981979 -33.862725, 142.979786 -33.857016, 142.977594 -33.851307, 142.975402 -33.845598, 142.973210 -33.839889, 142.971019 -33.834180, 142.968828 -33.828471, 142.966637 -33.822762, 142.964447 -33.817053, 142.962257 -33.811343, 142.960067 -33.805634, 142.957877 -33.799925, 142.955688 -33.794215, 142.953499 -33.788506, 142.951310 -33.782796, 142.949122 -33.777087, 142.946934 -33.771377, 142.944746 -33.765668, 142.942559 -33.759958, 142.940371 -33.754248, 142.938185 -33.748539, 142.935998 -33.742829, 142.933812 -33.737119, 142.931625 -33.731409, 142.929440 -33.725699, 142.927254 -33.719990, 142.925069 -33.714280, 142.922884 -33.708570, 142.920700 -33.702860, 142.918515 -33.697150, 142.916331 -33.691440, 142.914148 -33.685729, 142.911964 -33.680019, 142.909781 -33.674309, 142.907598 -33.668599, 142.905416 -33.662889, 142.903233 -33.657178, 142.901051 -33.651468, 142.898870 -33.645757, 142.896688 -33.640047, 142.894507 -33.634337, 142.892326 -33.628626, 142.890146 -33.622916, 142.887965 -33.617205, 142.885785 -33.611494, 142.883606 -33.605784, 142.881426 -33.600073, 142.879247 -33.594362, 142.877068 -33.588651, 142.874890 -33.582941, 142.872712 -33.577230, 142.870534 -33.571519, 142.868356 -33.565808, 142.866179 -33.560097, 142.864002 -33.554386, 142.861825 -33.548675, 142.859648 -33.542964, 142.857472 -33.537253, 142.855296 -33.531542, 142.853121 -33.525830, 142.850945 -33.520119, 142.848770 -33.514408, 142.846595 -33.508697, 142.844421 -33.502985, 142.842247 -33.497274, 142.840073 -33.491562, 142.837899 -33.485851, 142.835726 -33.480140, 142.833553 -33.474428, 142.831380 -33.468716, 142.829207 -33.463005, 142.827035 -33.457293, 142.824863 -33.451581, 142.822692 -33.445870, 142.820520 -33.440158, 142.818349 -33.434446, 142.816179 -33.428734, 142.814008 -33.423022, 142.811838 -33.417311, 142.809668 -33.411599, 142.807498 -33.405887, 142.805329 -33.400175, 142.803160 -33.394462, 142.800991 -33.388750, 142.798823 -33.383038, 142.796654 -33.377326, 142.794486 -33.371614, 142.792319 -33.365902, 142.790152 -33.360189, 142.787984 -33.354477, 142.785818 -33.348765, 142.783651 -33.343052, 142.781485 -33.337340, 142.779319 -33.331627, 142.777153 -33.325915, 142.774988 -33.320202, 142.772823 -33.314490, 142.770658 -33.308777, 142.768494 -33.303064, 142.766329 -33.297352, 142.764165 -33.291639, 142.762002 -33.285926, 142.759838 -33.280213, 142.757675 -33.274500, 142.755513 -33.268788, 142.753350 -33.263075, 142.751188 -33.257362, 142.749026 -33.251649, 142.746864 -33.245936, 142.744703 -33.240222, 142.742542 -33.234509, 142.740381 -33.228796, 142.738220 -33.223083, 142.736060 -33.217370, 142.733900 -33.211657, 142.731740 -33.205943, 142.729581 -33.200230, 142.727422 -33.194517, 142.725263 -33.188803, 142.723104 -33.183090, 142.720946 -33.177376, 142.718788 -33.171663, 142.716630 -33.165949, 142.714473 -33.160235, 142.712316 -33.154522, 142.710159 -33.148808, 142.708002 -33.143094, 142.705846 -33.137381, 142.703690 -33.131667, 142.701534 -33.125953, 142.699379 -33.120239, 142.697223 -33.114525, 142.695068 -33.108811, 142.692914 -33.103097, 142.690759 -33.097383, 142.688605 -33.091669, 142.686452 -33.085955, 142.684298 -33.080241, 142.682145 -33.074527, 142.679992 -33.068813, 142.677839 -33.063099, 142.675687 -33.057384, 142.673535 -33.051670, 142.671383 -33.045956, 142.669231 -33.040241, 142.667080 -33.034527, 142.664929 -33.028812, 142.662778 -33.023098, 142.660628 -33.017383, 142.658478 -33.011669, 142.656328 -33.005954, 142.654178 -33.000240, 142.652029 -32.994525, 142.649880 -32.988810, 142.647731 -32.983095, 142.645582 -32.977381, 142.643434 -32.971666, 142.641286 -32.965951, 142.639139 -32.960236, 142.636991 -32.954521, 142.634844 -32.948806, 142.632697 -32.943091, 142.630551 -32.937376, 142.628404 -32.931661, 142.626258 -32.925946, 142.624113 -32.920231, 142.621967 -32.914516, 142.619822 -32.908800, 142.617677 -32.903085, 142.615533 -32.897370, 142.613388 -32.891654, 142.611244 -32.885939, 142.609100 -32.880224, 142.606957 -32.874508, 142.604814 -32.868793, 142.602671 -32.863077, 142.600528 -32.857362, 142.598386 -32.851646, 142.596243 -32.845930, 142.594102 -32.840215, 142.591960 -32.834499, 142.589819 -32.828783, 142.587678 -32.823068, 142.585537 -32.817352, 142.583396 -32.811636, 142.581256 -32.805920, 142.579116 -32.800204, 142.576977 -32.794488, 142.574837 -32.788772, 142.572698 -32.783056, 142.570559 -32.777340, 142.568421 -32.771624, 142.566283 -32.765908, 142.564145 -32.760192, 142.562007 -32.754475, 142.559869 -32.748759, 142.557732 -32.743043, 142.555595 -32.737327, 142.553459 -32.731610, 142.551322 -32.725894, 142.549186 -32.720177, 142.547050 -32.714461, 142.544915 -32.708744, 142.542780 -32.703028, 142.540645 -32.697311, 142.538510 -32.691595, 142.536375 -32.685878, 142.534241 -32.680161, 142.532107 -32.674445, 142.529974 -32.668728, 142.527840 -32.663011, 142.525707 -32.657294, 142.523575 -32.651577, 142.521442 -32.645861, 142.519310 -32.640144, 142.517178 -32.634427, 142.515046 -32.628710, 142.512915 -32.622993, 142.510783 -32.617276, 142.508653 -32.611558, 142.506522 -32.605841, 142.504392 -32.600124, 142.502262 -32.594407, 142.500132 -32.588690, 142.498002 -32.582972, 142.495873 -32.577255, 142.493744 -32.571538, 142.491615 -32.565820, 142.489487 -32.560103, 142.487359 -32.554385, 142.485231 -32.548668, 142.483103 -32.542950, 142.480976 -32.537233, 142.478849 -32.531515, 142.476722 -32.525797, 142.474595 -32.520080, 142.472469 -32.514362, 142.470343 -32.508644, 142.468217 -32.502926, 142.466092 -32.497209, 142.463967 -32.491491, 142.461842 -32.485773, 142.459717 -32.480055, 142.457593 -32.474337, 142.455468 -32.468619, 142.453345 -32.462901, 142.451221 -32.457183, 142.449098 -32.451465, 142.446975 -32.445746, 142.444852 -32.440028, 142.442729 -32.434310, 142.440607 -32.428592, 142.438485 -32.422874, 142.436363 -32.417155, 142.434242 -32.411437, 142.432121 -32.405718, 142.430000 -32.400000, 142.429309 -32.394027, 142.428618 -32.388053, 142.427927 -32.382080, 142.427236 -32.376107, 142.426545 -32.370133, 142.425855 -32.364160, 142.425164 -32.358187, 142.424474 -32.352213, 142.423783 -32.346240, 142.423093 -32.340267, 142.422403 -32.334293, 142.421713 -32.328320, 142.421023 -32.322346, 142.420333 -32.316373, 142.419643 -32.310400, 142.418953 -32.304426, 142.418264 -32.298453, 142.417574 -32.292480, 142.416885 -32.286506, 142.416195 -32.280533, 142.415506 -32.274559, 142.414817 -32.268586, 142.414128 -32.262613, 142.413439 -32.256639, 142.412750 -32.250666, 142.412061 -32.244692, 142.411372 -32.238719, 142.410684 -32.232745, 142.409995 -32.226772, 142.409307 -32.220799, 142.408618 -32.214825, 142.407930 -32.208852, 142.407242 -32.202878, 142.406554 -32.196905, 142.405866 -32.190931, 142.405178 -32.184958, 142.404490 -32.178984, 142.403802 -32.173011, 142.403114 -32.167037, 142.402427 -32.161064, 142.401739 -32.155090, 142.401052 -32.149117, 142.400365 -32.143144, 142.399678 -32.137170, 142.398990 -32.131197, 142.398303 -32.125223, 142.397616 -32.119250, 142.396930 -32.113276, 142.396243 -32.107303, 142.395556 -32.101329, 142.394870 -32.095355, 142.394183 -32.089382, 142.393497 -32.083408, 142.392811 -32.077435, 142.392124 -32.071461, 142.391438 -32.065488, 142.390752 -32.059514, 142.390066 -32.053541, 142.389380 -32.047567, 142.388695 -32.041594, 142.388009 -32.035620, 142.387323 -32.029647, 142.386638 -32.023673, 142.385952 -32.017699, 142.385267 -32.011726, 142.384582 -32.005752, 142.383897 -31.999779, 142.383212 -31.993805, 142.382527 -31.987832, 142.381842 -31.981858, 142.381157 -31.975884, 142.380472 -31.969911, 142.379788 -31.963937, 142.379103 -31.957964, 142.378419 -31.951990, 142.377734 -31.946016, 142.377050 -31.940043, 142.376366 -31.934069, 142.375682 -31.928096, 142.374998 -31.922122, 142.374314 -31.916148, 142.373630 -31.910175, 142.372947 -31.904201, 142.372263 -31.898227, 142.371579 -31.892254, 142.370896 -31.886280, 142.370213 -31.880307, 142.369529 -31.874333, 142.368846 -31.868359, 142.368163 -31.862386, 142.367480 -31.856412, 142.366797 -31.850438, 142.366114 -31.844465, 142.365432 -31.838491, 142.364749 -31.832517, 142.364066 -31.826544, 142.363384 -31.820570, 142.362702 -31.814596, 142.362019 -31.808622, 142.361337 -31.802649, 142.360655 -31.796675, 142.359973 -31.790701, 142.359291 -31.784728, 142.358609 -31.778754, 142.357927 -31.772780, 142.357246 -31.766807, 142.356564 -31.760833, 142.355883 -31.754859, 142.355201 -31.748885, 142.354520 -31.742912, 142.353839 -31.736938, 142.353157 -31.730964, 142.352476 -31.724990, 142.351795 -31.719017, 142.351114 -31.713043, 142.350434 -31.707069, 142.349753 -31.701095, 142.349072 -31.695122, 142.348392 -31.689148, 142.347711 -31.683174, 142.347031 -31.677200, 142.346351 -31.671227, 142.345670 -31.665253, 142.344990 -31.659279, 142.344310 -31.653305, 142.343630 -31.647331, 142.342951 -31.641358, 142.342271 -31.635384, 142.341591 -31.629410, 142.340912 -31.623436, 142.340232 -31.617462, 142.339553 -31.611489, 142.338873 -31.605515, 142.338194 -31.599541, 142.337515 -31.593567, 142.336836 -31.587593, 142.336157 -31.581620, 142.335478 -31.575646, 142.334799 -31.569672, 142.334121 -31.563698, 142.333442 -31.557724, 142.332763 -31.551750, 142.332085 -31.545776, 142.331407 -31.539803, 142.330728 -31.533829, 142.330050 -31.527855, 142.329372 -31.521881, 142.328694 -31.515907, 142.328016 -31.509933, 142.327338 -31.503959, 142.326661 -31.497986, 142.325983 -31.492012, 142.325305 -31.486038, 142.324628 -31.480064, 142.323950 -31.474090, 142.323273 -31.468116, 142.322596 -31.462142, 142.321919 -31.456168, 142.321242 -31.450194, 142.320565 -31.444220, 142.319888 -31.438247, 142.319211 -31.432273, 142.318534 -31.426299, 142.317858 -31.420325, 142.317181 -31.414351, 142.316505 -31.408377, 142.315828 -31.402403, 142.315152 -31.396429, 142.314476 -31.390455, 142.313800 -31.384481, 142.313124 -31.378507, 142.312448 -31.372533, 142.311772 -31.366559, 142.311096 -31.360585, 142.310420 -31.354611, 142.309745 -31.348637, 142.309069 -31.342663, 142.308394 -31.336689, 142.307719 -31.330715, 142.307043 -31.324742, 142.306368 -31.318768, 142.305693 -31.312794, 142.305018 -31.306820, 142.304343 -31.300846, 142.303668 -31.294872, 142.302994 -31.288898, 142.302319 -31.282924, 142.301644 -31.276950, 142.300970 -31.270976, 142.300296 -31.265002, 142.299621 -31.259027, 142.298947 -31.253053, 142.298273 -31.247079, 142.297599 -31.241105, 142.296925 -31.235131, 142.296251 -31.229157, 142.295577 -31.223183, 142.294903 -31.217209, 142.294230 -31.211235, 142.293556 -31.205261, 142.292883 -31.199287, 142.292209 -31.193313, 142.291536 -31.187339, 142.290863 -31.181365, 142.290190 -31.175391, 142.289517 -31.169417, 142.288844 -31.163443, 142.288171 -31.157469, 142.287498 -31.151495, 142.286825 -31.145520, 142.286153 -31.139546, 142.285480 -31.133572, 142.284808 -31.127598, 142.284136 -31.121624, 142.283463 -31.115650, 142.282791 -31.109676, 142.282119 -31.103702, 142.281447 -31.097728, 142.280775 -31.091753, 142.280103 -31.085779, 142.279431 -31.079805, 142.278760 -31.073831, 142.278088 -31.067857, 142.277417 -31.061883, 142.276745 -31.055909, 142.276074 -31.049935, 142.275403 -31.043960, 142.274731 -31.037986, 142.274060 -31.032012, 142.273389 -31.026038, 142.272718 -31.020064, 142.272048 -31.014090, 142.271377 -31.008115, 142.270706 -31.002141, 142.270036 -30.996167, 142.269365 -30.990193, 142.268695 -30.984219, 142.268024 -30.978245, 142.267354 -30.972270, 142.266684 -30.966296, 142.266014 -30.960322, 142.265344 -30.954348, 142.264674 -30.948374, 142.264004 -30.942399, 142.263334 -30.936425, 142.262665 -30.930451, 142.261995 -30.924477, 142.261326 -30.918503, 142.260656 -30.912528, 142.259987 -30.906554, 142.259318 -30.900580, 142.258648 -30.894606, 142.257979 -30.888631, 142.257310 -30.882657, 142.256641 -30.876683, 142.255973 -30.870709, 142.255304 -30.864734, 142.254635 -30.858760, 142.253967 -30.852786, 142.253298 -30.846812, 142.252630 -30.840837, 142.251961 -30.834863, 142.251293 -30.828889, 142.250625 -30.822915, 142.249957 -30.816940, 142.249289 -30.810966, 142.248621 -30.804992, 142.247953 -30.799017, 142.247285 -30.793043, 142.246618 -30.787069, 142.245950 -30.781095, 142.245283 -30.775120, 142.244615 -30.769146, 142.243948 -30.763172, 142.243281 -30.757197, 142.242613 -30.751223, 142.241946 -30.745249, 142.241279 -30.739274, 142.240612 -30.733300, 142.239946 -30.727326, 142.239279 -30.721351, 142.238612 -30.715377, 142.237946 -30.709403, 142.237279 -30.703428, 142.236613 -30.697454, 142.235946 -30.691480, 142.235280 -30.685505, 142.234614 -30.679531, 142.233948 -30.673557, 142.233282 -30.667582, 142.232616 -30.661608, 142.231950 -30.655634, 142.231284 -30.649659, 142.230619 -30.643685, 142.229953 -30.637710, 142.229288 -30.631736, 142.228622 -30.625762, 142.227957 -30.619787, 142.227291 -30.613813, 142.226626 -30.607838, 142.225961 -30.601864, 142.225296 -30.595890, 142.224631 -30.589915, 142.223966 -30.583941, 142.223302 -30.577966, 142.222637 -30.571992, 142.221972 -30.566018, 142.221308 -30.560043, 142.220643 -30.554069, 142.219979 -30.548094, 142.219315 -30.542120, 142.218650 -30.536145, 142.217986 -30.530171, 142.217322 -30.524197, 142.216658 -30.518222, 142.215994 -30.512248, 142.215331 -30.506273, 142.214667 -30.500299, 142.214003 -30.494324, 142.213340 -30.488350, 142.212676 -30.482375, 142.212013 -30.476401, 142.211350 -30.470426, 142.210686 -30.464452, 142.210023 -30.458477, 142.209360 -30.452503, 142.208697 -30.446528, 142.208034 -30.440554, 142.207371 -30.434579, 142.206709 -30.428605, 142.206046 -30.422630, 142.205383 -30.416656, 142.204721 -30.410681, 142.204059 -30.404707, 142.203396 -30.398732, 142.202734 -30.392758, 142.202072 -30.386783, 142.201410 -30.380809, 142.200748 -30.374834, 142.200086 -30.368860, 142.199424 -30.362885, 142.198762 -30.356911, 142.198100 -30.350936, 142.197439 -30.344962, 142.196777 -30.338987, 142.196116 -30.333013, 142.195455 -30.327038, 142.194793 -30.321063, 142.194132 -30.315089, 142.193471 -30.309114, 142.192810 -30.303140, 142.192149 -30.297165, 142.191488 -30.291191, 142.190827 -30.285216, 142.190167 -30.279241, 142.189506 -30.273267, 142.188845 -30.267292, 142.188185 -30.261318, 142.187524 -30.255343, 142.186864 -30.249368, 142.186204 -30.243394, 142.185544 -30.237419, 142.184884 -30.231445, 142.184224 -30.225470, 142.183564 -30.219495, 142.182904 -30.213521, 142.182244 -30.207546, 142.181584 -30.201572, 142.180925 -30.195597, 142.180265 -30.189622, 142.179606 -30.183648, 142.178947 -30.177673, 142.178287 -30.171698, 142.177628 -30.165724, 142.176969 -30.159749, 142.176310 -30.153774, 142.175651 -30.147800, 142.174992 -30.141825, 142.174333 -30.135851, 142.173675 -30.129876, 142.173016 -30.123901, 142.172357 -30.117927, 142.171699 -30.111952, 142.171041 -30.105977, 142.170382 -30.100002, 142.169724 -30.094028, 142.169066 -30.088053, 142.168408 -30.082078, 142.167750 -30.076104, 142.167092 -30.070129, 142.166434 -30.064154, 142.165776 -30.058180, 142.165119 -30.052205, 142.164461 -30.046230, 142.163803 -30.040256, 142.163146 -30.034281, 142.162489 -30.028306, 142.161831 -30.022331, 142.161174 -30.016357, 142.160517 -30.010382, 142.159860 -30.004407, 142.159203 -29.998432, 142.158546 -29.992458, 142.157889 -29.986483, 142.157233 -29.980508, 142.156576 -29.974533, 142.155919 -29.968559, 142.155263 -29.962584, 142.154606 -29.956609, 142.153950 -29.950634, 142.153294 -29.944660, 142.152638 -29.938685, 142.151982 -29.932710, 142.151326 -29.926735, 142.150670 -29.920761, 142.150014 -29.914786, 142.149358 -29.908811, 142.148702 -29.902836, 142.148047 -29.896861, 142.147391 -29.890887, 142.146736 -29.884912, 142.146080 -29.878937, 142.145425 -29.872962, 142.144770 -29.866987, 142.144115 -29.861013, 142.143459 -29.855038, 142.142804 -29.849063, 142.142150 -29.843088, 142.141495 -29.837113, 142.140840 -29.831139, 142.140185 -29.825164, 142.139531 -29.819189, 142.138876 -29.813214, 142.138222 -29.807239, 142.137567 -29.801264, 142.136913 -29.795289, 142.136259 -29.789315, 142.135605 -29.783340, 142.134951 -29.777365, 142.134297 -29.771390, 142.133643 -29.765415, 142.132989 -29.759440, 142.132335 -29.753465, 142.131681 -29.747491, 142.131028 -29.741516, 142.130374 -29.735541, 142.129721 -29.729566, 142.129068 -29.723591, 142.128414 -29.717616, 142.127761 -29.711641, 142.127108 -29.705666, 142.126455 -29.699692, 142.125802 -29.693717, 142.125149 -29.687742, 142.124496 -29.681767, 142.123843 -29.675792, 142.123191 -29.669817, 142.122538 -29.663842, 142.121886 -29.657867, 142.121233 -29.651892, 142.120581 -29.645917, 142.119929 -29.639942, 142.119276 -29.633967, 142.118624 -29.627992, 142.117972 -29.622018, 142.117320 -29.616043, 142.116668 -29.610068, 142.116017 -29.604093, 142.115365 -29.598118, 142.114713 -29.592143, 142.114062 -29.586168, 142.113410 -29.580193, 142.112759 -29.574218, 142.112107 -29.568243, 142.111456 -29.562268, 142.110805 -29.556293, 142.110154 -29.550318, 142.109503 -29.544343, 142.108852 -29.538368, 142.108201 -29.532393, 142.107550 -29.526418, 142.106899 -29.520443, 142.106249 -29.514468, 142.105598 -29.508493, 142.104948 -29.502518, 142.104297 -29.496543, 142.103647 -29.490568, 142.102997 -29.484593, 142.102346 -29.478618, 142.101696 -29.472643, 142.101046 -29.466668, 142.100396 -29.460693, 142.099746 -29.454718, 142.099097 -29.448743, 142.098447 -29.442768, 142.097797 -29.436793, 142.097148 -29.430818, 142.096498 -29.424843, 142.095849 -29.418868, 142.095199 -29.412893, 142.094550 -29.406918, 142.093901 -29.400943, 142.093252 -29.394968, 142.092603 -29.388992, 142.091954 -29.383017, 142.091305 -29.377042, 142.090656 -29.371067, 142.090007 -29.365092, 142.089359 -29.359117, 142.088710 -29.353142, 142.088062 -29.347167, 142.087413 -29.341192, 142.086765 -29.335217, 142.086116 -29.329242, 142.085468 -29.323267, 142.084820 -29.317291, 142.084172 -29.311316, 142.083524 -29.305341, 142.082876 -29.299366, 142.082228 -29.293391, 142.081581 -29.287416, 142.080933 -29.281441, 142.080285 -29.275466, 142.079638 -29.269491, 142.078990 -29.263515, 142.078343 -29.257540, 142.077696 -29.251565, 142.077048 -29.245590, 142.076401 -29.239615, 142.075754 -29.233640, 142.075107 -29.227665, 142.074460 -29.221689, 142.073813 -29.215714, 142.073167 -29.209739, 142.072520 -29.203764, 142.071873 -29.197789, 142.071227 -29.191814, 142.070580 -29.185838, 142.069934 -29.179863, 142.069288 -29.173888, 142.068641 -29.167913, 142.067995 -29.161938, 142.067349 -29.155963, 142.066703 -29.149987, 142.066057 -29.144012, 142.065411 -29.138037, 142.064766 -29.132062, 142.064120 -29.126087, 142.063474 -29.120111, 142.062829 -29.114136, 142.062183 -29.108161, 142.061538 -29.102186, 142.060892 -29.096211, 142.060247 -29.090235, 142.059602 -29.084260, 142.058957 -29.078285, 142.058312 -29.072310, 142.057667 -29.066334, 142.057022 -29.060359, 142.056377 -29.054384, 142.055732 -29.048409, 142.055088 -29.042434, 142.054443 -29.036458, 142.053799 -29.030483, 142.053154 -29.024508, 142.052510 -29.018533, 142.051865 -29.012557, 142.051221 -29.006582, 142.050577 -29.000607, 142.049933 -28.994631, 142.049289 -28.988656, 142.048645 -28.982681, 142.048001 -28.976706, 142.047357 -28.970730, 142.046714 -28.964755, 142.046070 -28.958780, 142.045427 -28.952805, 142.044783 -28.946829, 142.044140 -28.940854, 142.043496 -28.934879, 142.042853 -28.928903, 142.042210 -28.922928, 142.041567 -28.916953, 142.040924 -28.910977, 142.040281 -28.905002, 142.039638 -28.899027, 142.038995 -28.893051, 142.038352 -28.887076, 142.037710 -28.881101, 142.037067 -28.875125, 142.036425 -28.869150, 142.035782 -28.863175, 142.035140 -28.857199, 142.034498 -28.851224, 142.033855 -28.845249, 142.033213 -28.839273, 142.032571 -28.833298, 142.031929 -28.827323, 142.031287 -28.821347, 142.030645 -28.815372, 142.030004 -28.809397, 142.029362 -28.803421, 142.028720 -28.797446, 142.028079 -28.791471, 142.027437 -28.785495, 142.026796 -28.779520, 142.026154 -28.773544, 142.025513 -28.767569, 142.024872 -28.761594, 142.024231 -28.755618, 142.023590 -28.749643, 142.022949 -28.743667, 142.022308 -28.737692, 142.021667 -28.731717, 142.021026 -28.725741, 142.020386 -28.719766, 142.019745 -28.713790, 142.019105 -28.707815, 142.018464 -28.701840, 142.017824 -28.695864, 142.017183 -28.689889, 142.016543 -28.683913, 142.015903 -28.677938, 142.015263 -28.671963, 142.014623 -28.665987, 142.013983 -28.660012, 142.013343 -28.654036, 142.012703 -28.648061, 142.012064 -28.642085, 142.011424 -28.636110, 142.010784 -28.630134, 142.010145 -28.624159, 142.009505 -28.618183, 142.008866 -28.612208, 142.008227 -28.606233, 142.007588 -28.600257, 142.006948 -28.594282, 142.006309 -28.588306, 142.005670 -28.582331, 142.005031 -28.576355, 142.004393 -28.570380, 142.003754 -28.564404, 142.003115 -28.558429, 142.002476 -28.552453, 142.001838 -28.546478, 142.001199 -28.540502, 142.000561 -28.534527, 141.999923 -28.528551, 141.999284 -28.522576, 141.998646 -28.516600, 141.998008 -28.510625, 141.997370 -28.504649, 141.996732 -28.498674, 141.996094 -28.492698, 141.995456 -28.486723, 141.994818 -28.480747, 141.994181 -28.474772, 141.993543 -28.468796, 141.992906 -28.462821, 141.992268 -28.456845, 141.991631 -28.450869, 141.990993 -28.444894, 141.990356 -28.438918, 141.989719 -28.432943, 141.989082 -28.426967, 141.988445 -28.420992, 141.987808 -28.415016, 141.987171 -28.409041, 141.986534 -28.403065, 141.985897 -28.397089, 141.985261 -28.391114, 141.984624 -28.385138, 141.983987 -28.379163, 141.983351 -28.373187, 141.982715 -28.367212, 141.982078 -28.361236, 141.981442 -28.355260, 141.980806 -28.349285, 141.980170 -28.343309, 141.979534 -28.337334, 141.978898 -28.331358, 141.978262 -28.325382, 141.977626 -28.319407, 141.976990 -28.313431, 141.976354 -28.307456, 141.975719 -28.301480, 141.975083 -28.295504, 141.974448 -28.289529, 141.973812 -28.283553, 141.973177 -28.277577, 141.972542 -28.271602, 141.971907 -28.265626, 141.971272 -28.259651, 141.970637 -28.253675, 141.970002 -28.247699, 141.969367 -28.241724, 141.968732 -28.235748, 141.968097 -28.229772, 141.967462 -28.223797, 141.966828 -28.217821, 141.966193 -28.211845, 141.965559 -28.205870, 141.964924 -28.199894, 141.964290 -28.193918, 141.963656 -28.187943, 141.963022 -28.181967, 141.962387 -28.175991, 141.961753 -28.170016, 141.961119 -28.164040, 141.960485 -28.158064, 141.959852 -28.152089, 141.959218 -28.146113, 141.958584 -28.140137, 141.957951 -28.134161, 141.957317 -28.128186, 141.956684 -28.122210, 141.956050 -28.116234, 141.955417 -28.110259, 141.954783 -28.104283, 141.954150 -28.098307, 141.953517 -28.092332, 141.952884 -28.086356, 141.952251 -28.080380, 141.951618 -28.074404, 141.950985 -28.068429, 141.950353 -28.062453, 141.949720 -28.056477, 141.949087 -28.050501, 141.948455 -28.044526, 141.947822 -28.038550, 141.947190 -28.032574, 141.946557 -28.026598, 141.945925 -28.020623, 141.945293 -28.014647, 141.944661 -28.008671, 141.944029 -28.002695, 141.943397 -27.996720, 141.942765 -27.990744, 141.942133 -27.984768, 141.941501 -27.978792, 141.940869 -27.972817, 141.940238 -27.966841, 141.939606 -27.960865, 141.938975 -27.954889, 141.938343 -27.948913, 141.937712 -27.942938, 141.937080 -27.936962, 141.936449 -27.930986, 141.935818 -27.925010, 141.935187 -27.919034, 141.934556 -27.913059, 141.933925 -27.907083, 141.933294 -27.901107, 141.932663 -27.895131, 141.932032 -27.889155, 141.931402 -27.883180, 141.930771 -27.877204, 141.930141 -27.871228, 141.929510 -27.865252, 141.928880 -27.859276, 141.928249 -27.853300, 141.927619 -27.847325, 141.926989 -27.841349, 141.926359 -27.835373, 141.925729 -27.829397, 141.925099 -27.823421, 141.924469 -27.817445, 141.923839 -27.811470, 141.923209 -27.805494, 141.922580 -27.799518, 141.921950 -27.793542, 141.921320 -27.787566, 141.920691 -27.781590, 141.920061 -27.775614, 141.919432 -27.769638, 141.918803 -27.763663, 141.918174 -27.757687, 141.917544 -27.751711, 141.916915 -27.745735, 141.916286 -27.739759, 141.915657 -27.733783, 141.915029 -27.727807, 141.914400 -27.721831, 141.913771 -27.715855, 141.913142 -27.709880, 141.912514 -27.703904, 141.911885 -27.697928, 141.911257 -27.691952, 141.910628 -27.685976, 141.910000 -27.680000, 141.907550 -27.674405, 141.905100 -27.668810, 141.902651 -27.663214, 141.900201 -27.657619, 141.897752 -27.652024, 141.895304 -27.646429, 141.892855 -27.640833, 141.890407 -27.635238, 141.887959 -27.629642, 141.885511 -27.624047, 141.883063 -27.618451, 141.880616 -27.612856, 141.878169 -27.607260, 141.875722 -27.601664, 141.873276 -27.596069, 141.870829 -27.590473, 141.868383 -27.584877, 141.865938 -27.579281, 141.863492 -27.573685, 141.861047 -27.568089, 141.858602 -27.562493, 141.856157 -27.556897, 141.853712 -27.551301, 141.851268 -27.545705, 141.848824 -27.540109, 141.846380 -27.534513, 141.843937 -27.528917, 141.841493 -27.523320, 141.839050 -27.517724, 141.836608 -27.512128, 141.834165 -27.506531, 141.831723 -27.500935, 141.829281 -27.495338, 141.826839 -27.489742, 141.824397 -27.484145, 141.821956 -27.478548, 141.819515 -27.472952, 141.817074 -27.467355, 141.814634 -27.461758, 141.812193 -27.456162, 141.809753 -27.450565, 141.807313 -27.444968, 141.804874 -27.439371, 141.802434 -27.433774, 141.799995 -27.428177, 141.797557 -27.422580, 141.795118 -27.416983, 141.792680 -27.411386, 141.790242 -27.405789, 141.787804 -27.400191, 141.785366 -27.394594, 141.782929 -27.388997, 141.780492 -27.383399, 141.778055 -27.377802, 141.775618 -27.372205, 141.773182 -27.366607, 141.770746 -27.361010, 141.768310 -27.355412, 141.765874 -27.349814, 141.763439 -27.344217, 141.761004 -27.338619, 141.758569 -27.333021, 141.756134 -27.327424, 141.753700 -27.321826, 141.751266 -27.316228, 141.748832 -27.310630, 141.746398 -27.305032, 141.743965 -27.299434, 141.741531 -27.293836, 141.739099 -27.288238, 141.736666 -27.282640, 141.734233 -27.277042, 141.731801 -27.271444, 141.729369 -27.265845, 141.726938 -27.260247, 141.724506 -27.254649, 141.722075 -27.249050, 141.719644 -27.243452, 141.717213 -27.237854, 141.714783 -27.232255, 141.712353 -27.226657, 141.709923 -27.221058, 141.707493 -27.215459, 141.705063 -27.209861, 141.702634 -27.204262, 141.700205 -27.198663, 141.697776 -27.193065, 141.695348 -27.187466, 141.692920 -27.181867, 141.690491 -27.176268, 141.688064 -27.170669, 141.685636 -27.165070, 141.683209 -27.159471, 141.680782 -27.153872, 141.678355 -27.148273, 141.675928 -27.142674, 141.673502 -27.137074, 141.671076 -27.131475, 141.668650 -27.125876, 141.666225 -27.120277, 141.663799 -27.114677, 141.661374 -27.109078, 141.658949 -27.103478, 141.656525 -27.097879, 141.654100 -27.092279, 141.651676 -27.086680, 141.649252 -27.081080, 141.646828 -27.075481, 141.644405 -27.069881, 141.641982 -27.064281, 141.639559 -27.058681, 141.637136 -27.053082, 141.634714 -27.047482, 141.632292 -27.041882, 141.629870 -27.036282, 141.627448 -27.030682, 141.625026 -27.025082, 141.622605 -27.019482, 141.620184 -27.013882, 141.617763 -27.008282, 141.615343 -27.002681, 141.612923 -26.997081, 141.610503 -26.991481, 141.608083 -26.985881, 141.605663 -26.980280, 141.603244 -26.974680, 141.600825 -26.969079, 141.598406 -26.963479, 141.595987 -26.957878, 141.593569 -26.952278, 141.591151 -26.946677, 141.588733 -26.941077, 141.586315 -26.935476, 141.583898 -26.929875, 141.581481 -26.924274, 141.579064 -26.918674, 141.576647 -26.913073, 141.574231 -26.907472, 141.571815 -26.901871, 141.569399 -26.896270, 141.566983 -26.890669, 141.564568 -26.885068, 141.562152 -26.879467, 141.559737 -26.873866, 141.557323 -26.868264, 141.554908 -26.862663, 141.552494 -26.857062, 141.550080 -26.851461, 141.547666 -26.845859, 141.545252 -26.840258, 141.542839 -26.834656, 141.540426 -26.829055, 141.538013 -26.823453, 141.535601 -26.817852, 141.533188 -26.812250, 141.530776 -26.806649, 141.528364 -26.801047, 141.525953 -26.795445, 141.523541 -26.789844, 141.521130 -26.784242, 141.518719 -26.778640, 141.516308 -26.773038, 141.513898 -26.767436, 141.511488 -26.761834, 141.509078 -26.756232, 141.506668 -26.750630, 141.504258 -26.745028, 141.501849 -26.739426, 141.499440 -26.733824, 141.497031 -26.728222, 141.494623 -26.722619, 141.492214 -26.717017, 141.489806 -26.711415, 141.487399 -26.705812, 141.484991 -26.700210, 141.482584 -26.694608, 141.480176 -26.689005, 141.477769 -26.683403, 141.475363 -26.677800, 141.472956 -26.672197, 141.470550 -26.666595, 141.468144 -26.660992, 141.465739 -26.655389, 141.463333 -26.649786, 141.460928 -26.644184, 141.458523 -26.638581, 141.456118 -26.632978, 141.453713 -26.627375, 141.451309 -26.621772, 141.448905 -26.616169, 141.446501 -26.610566, 141.444098 -26.604963, 141.441694 -26.599360, 141.439291 -26.593757, 141.436888 -26.588153, 141.434486 -26.582550, 141.432083 -26.576947, 141.429681 -26.571343, 141.427279 -26.565740, 141.424877 -26.560137, 141.422476 -26.554533, 141.420075 -26.548930, 141.417674 -26.543326, 141.415273 -26.537723, 141.412872 -26.532119, 141.410472 -26.526515, 141.408072 -26.520912, 141.405672 -26.515308, 141.403272 -26.509704, 141.400873 -26.504100, 141.398474 -26.498496, 141.396075 -26.492893, 141.393676 -26.487289, 141.391278 -26.481685, 141.388880 -26.476081, 141.386482 -26.470477, 141.384084 -26.464872, 141.381687 -26.459268, 141.379289 -26.453664, 141.376892 -26.448060, 141.374495 -26.442456, 141.372099 -26.436851, 141.369703 -26.431247, 141.367306 -26.425643, 141.364911 -26.420038, 141.362515 -26.414434, 141.360120 -26.408829, 141.357724 -26.403225, 141.355329 -26.397620, 141.352935 -26.392016, 141.350540 -26.386411, 141.348146 -26.380806, 141.345752 -26.375201, 141.343358 -26.369597, 141.340965 -26.363992, 141.338571 -26.358387, 141.336178 -26.352782, 141.333785 -26.347177, 141.331393 -26.341572, 141.329000 -26.335967, 141.326608 -26.330362, 141.324216 -26.324757, 141.321825 -26.319152, 141.319433 -26.313547, 141.317042 -26.307942, 141.314651 -26.302336, 141.312260 -26.296731, 141.309870 -26.291126, 141.307479 -26.285520, 141.305089 -26.279915, 141.302699 -26.274309, 141.300310 -26.268704, 141.297920 -26.263098, 141.295531 -26.257493, 141.293142 -26.251887, 141.290754 -26.246282, 141.288365 -26.240676, 141.285977 -26.235070, 141.283589 -26.229464, 141.281201 -26.223859, 141.278814 -26.218253, 141.276426 -26.212647, 141.274039 -26.207041, 141.271653 -26.201435, 141.269266 -26.195829, 141.266880 -26.190223, 141.264493 -26.184617, 141.262107 -26.179011, 141.259722 -26.173405, 141.257336 -26.167798, 141.254951 -26.162192, 141.252566 -26.156586, 141.250181 -26.150979, 141.247797 -26.145373, 141.245412 -26.139767, 141.243028 -26.134160, 141.240644 -26.128554, 141.238261 -26.122947, 141.235877 -26.117341, 141.233494 -26.111734, 141.231111 -26.106128, 141.228729 -26.100521, 141.226346 -26.094914, 141.223964 -26.089307, 141.221582 -26.083701, 141.219200 -26.078094, 141.216818 -26.072487, 141.214437 -26.066880, 141.212056 -26.061273, 141.209675 -26.055666, 141.207294 -26.050059, 141.204914 -26.044452, 141.202534 -26.038845, 141.200154 -26.033238, 141.197774 -26.027631, 141.195394 -26.022023, 141.193015 -26.016416, 141.190636 -26.010809, 141.188257 -26.005201, 141.185879 -25.999594, 141.183500 -25.993987, 141.181122 -25.988379, 141.178744 -25.982772, 141.176366 -25.977164, 141.173989 -25.971557, 141.171612 -25.965949, 141.169235 -25.960341, 141.166858 -25.954734, 141.164481 -25.949126, 141.162105 -25.943518, 141.159729 -25.937910, 141.157353 -25.932303, 141.154977 -25.926695, 141.152602 -25.921087, 141.150226 -25.915479, 141.147851 -25.909871, 141.145477 -25.904263, 141.143102 -25.898655, 141.140728 -25.893047, 141.138354 -25.887438, 141.135980 -25.881830, 141.133606 -25.876222, 141.131233 -25.870614, 141.128860 -25.865005, 141.126487 -25.859397, 141.124114 -25.853789, 141.121741 -25.848180, 141.119369 -25.842572, 141.116997 -25.836963, 141.114625 -25.831355, 141.112254 -25.825746, 141.109882 -25.820138, 141.107511 -25.814529, 141.105140 -25.808920, 141.102769 -25.803312, 141.100399 -25.797703, 141.098029 -25.792094, 141.095659 -25.786485, 141.093289 -25.780876, 141.090919 -25.775267, 141.088550 -25.769658, 141.086181 -25.764049, 141.083812 -25.758440, 141.081443 -25.752831, 141.079075 -25.747222, 141.076706 -25.741613, 141.074338 -25.736004, 141.071970 -25.730395, 141.069603 -25.724785, 141.067235 -25.719176, 141.064868 -25.713567, 141.062501 -25.707957, 141.060135 -25.702348, 141.057768 -25.696738, 141.055402 -25.691129, 141.053036 -25.685519, 141.050670 -25.679910, 141.048305 -25.674300, 141.045939 -25.668691, 141.043574 -25.663081, 141.041209 -25.657471, 141.038845 -25.651861, 141.036480 -25.646252, 141.034116 -25.640642, 141.031752 -25.635032, 141.029388 -25.629422, 141.027024 -25.623812, 141.024661 -25.618202, 141.022298 -25.612592, 141.019935 -25.606982, 141.017572 -25.601372, 141.015210 -25.595762, 141.012848 -25.590152, 141.010486 -25.584541, 141.008124 -25.578931, 141.005762 -25.573321, 141.003401 -25.567710, 141.001040 -25.562100, 140.998679 -25.556490, 140.996318 -25.550879, 140.993958 -25.545269, 140.991597 -25.539658, 140.989237 -25.534048, 140.986878 -25.528437, 140.984518 -25.522826, 140.982159 -25.517216, 140.979799 -25.511605, 140.977441 -25.505994, 140.975082 -25.500384, 140.972723 -25.494773, 140.970365 -25.489162, 140.968007 -25.483551, 140.965649 -25.477940, 140.963292 -25.472329, 140.960934 -25.466718, 140.958577 -25.461107, 140.956220 -25.455496, 140.953863 -25.449885, 140.951507 -25.444274, 140.949151 -25.438662, 140.946795 -25.433051, 140.944439 -25.427440, 140.942083 -25.421829, 140.939728 -25.416217, 140.937372 -25.410606, 140.935017 -25.404994, 140.932663 -25.399383, 140.930308 -25.393771, 140.927954 -25.388160, 140.925600 -25.382548, 140.923246 -25.376937, 140.920892 -25.371325, 140.918539 -25.365713, 140.916186 -25.360102, 140.913833 -25.354490, 140.911480 -25.348878, 140.909127 -25.343266, 140.906775 -25.337654, 140.904423 -25.332042, 140.902071 -25.326431, 140.899719 -25.320819, 140.897368 -25.315207, 140.895016 -25.309594, 140.892665 -25.303982, 140.890315 -25.298370, 140.887964 -25.292758, 140.885614 -25.287146, 140.883263 -25.281534, 140.880913 -25.275921, 140.878564 -25.270309, 140.876214 -25.264697, 140.873865 -25.259084, 140.871516 -25.253472, 140.869167 -25.247859, 140.866818 -25.242247, 140.864470 -25.236634, 140.862122 -25.231022, 140.859774 -25.225409, 140.857426 -25.219796, 140.855078 -25.214184, 140.852731 -25.208571, 140.850384 -25.202958, 140.848037 -25.197345, 140.845690 -25.191733, 140.843344 -25.186120, 140.840997 -25.180507, 140.838651 -25.174894, 140.836306 -25.169281, 140.833960 -25.163668, 140.831614 -25.158055, 140.829269 -25.152442, 140.826924 -25.146829, 140.824580 -25.141215, 140.822235 -25.135602, 140.819891 -25.129989, 140.817547 -25.124376, 140.815203 -25.118762, 140.812859 -25.113149, 140.810516 -25.107536, 140.808172 -25.101922, 140.805829 -25.096309, 140.803486 -25.090695, 140.801144 -25.085082, 140.798801 -25.079468, 140.796459 -25.073854, 140.794117 -25.068241, 140.791776 -25.062627, 140.789434 -25.057013, 140.787093 -25.051400, 140.784752 -25.045786, 140.782411 -25.040172, 140.780070 -25.034558, 140.777730 -25.028944, 140.775389 -25.023330, 140.773049 -25.017716, 140.770710 -25.012102, 140.768370 -25.006488, 140.766031 -25.000874, 140.763691 -24.995260, 140.761352 -24.989646, 140.759014 -24.984032, 140.756675 -24.978417, 140.754337 -24.972803, 140.751999 -24.967189, 140.749661 -24.961574, 140.747323 -24.955960, 140.744986 -24.950346, 140.742648 -24.944731, 140.740311 -24.939117, 140.737975 -24.933502, 140.735638 -24.927888, 140.733302 -24.922273, 140.730965 -24.916658, 140.728629 -24.911044, 140.726294 -24.905429, 140.723958 -24.899814, 140.721623 -24.894199, 140.719288 -24.888585, 140.716953 -24.882970, 140.714618 -24.877355, 140.712283 -24.871740, 140.709949 -24.866125, 140.707615 -24.860510, 140.705281 -24.854895, 140.702948 -24.849280, 140.700614 -24.843665, 140.698281 -24.838050, 140.695948 -24.832434, 140.693615 -24.826819, 140.691283 -24.821204, 140.688950 -24.815589, 140.686618 -24.809973, 140.684286 -24.804358, 140.681954 -24.798743, 140.679623 -24.793127, 140.677292 -24.787512, 140.674960 -24.781896, 140.672630 -24.776281, 140.670299 -24.770665, 140.667968 -24.765049, 140.665638 -24.759434, 140.663308 -24.753818, 140.660978 -24.748202, 140.658649 -24.742587, 140.656319 -24.736971, 140.653990 -24.731355, 140.651661 -24.725739, 140.649332 -24.720123, 140.647004 -24.714507, 140.644675 -24.708891, 140.642347 -24.703275, 140.640019 -24.697659, 140.637691 -24.692043, 140.635364 -24.686427, 140.633037 -24.680811, 140.630709 -24.675195, 140.628383 -24.669578, 140.626056 -24.663962, 140.623729 -24.658346, 140.621403 -24.652729, 140.619077 -24.647113, 140.616751 -24.641497, 140.614426 -24.635880, 140.612100 -24.630264, 140.609775 -24.624647, 140.607450 -24.619031, 140.605125 -24.613414, 140.602800 -24.607797, 140.600476 -24.602181, 140.598152 -24.596564, 140.595828 -24.590947, 140.593504 -24.585331, 140.591181 -24.579714, 140.588857 -24.574097, 140.586534 -24.568480, 140.584211 -24.562863, 140.581888 -24.557246, 140.579566 -24.551629, 140.577244 -24.546012, 140.574922 -24.540395, 140.572600 -24.534778, 140.570278 -24.529161, 140.567956 -24.523544, 140.565635 -24.517927, 140.563314 -24.512309, 140.560993 -24.506692, 140.558673 -24.501075, 140.556352 -24.495458, 140.554032 -24.489840, 140.551712 -24.484223, 140.549392 -24.478605, 140.547073 -24.472988, 140.544753 -24.467370, 140.542434 -24.461753, 140.540115 -24.456135, 140.537796 -24.450518, 140.535478 -24.444900, 140.533159 -24.439282, 140.530841 -24.433665, 140.528523 -24.428047, 140.526205 -24.422429, 140.523888 -24.416811, 140.521570 -24.411193, 140.519253 -24.405575, 140.516936 -24.399957, 140.514620 -24.394339, 140.512303 -24.388721, 140.509987 -24.383103, 140.507671 -24.377485, 140.505355 -24.371867, 140.503039 -24.366249, 140.500724 -24.360631, 140.498408 -24.355013, 140.496093 -24.349394, 140.493779 -24.343776, 140.491464 -24.338158, 140.489149 -24.332539, 140.486835 -24.326921, 140.484521 -24.321303, 140.482207 -24.315684, 140.479894 -24.310066, 140.477580 -24.304447, 140.475267 -24.298829, 140.472954 -24.293210, 140.470641 -24.287591, 140.468329 -24.281973, 140.466016 -24.276354, 140.463704 -24.270735, 140.461392 -24.265116, 140.459080 -24.259498, 140.456769 -24.253879, 140.454457 -24.248260, 140.452146 -24.242641, 140.449835 -24.237022, 140.447524 -24.231403, 140.445214 -24.225784, 140.442903 -24.220165, 140.440593 -24.214546, 140.438283 -24.208927, 140.435973 -24.203308, 140.433664 -24.197688, 140.431355 -24.192069, 140.429045 -24.186450, 140.426736 -24.180831, 140.424428 -24.175211, 140.422119 -24.169592, 140.419811 -24.163972, 140.417503 -24.158353, 140.415195 -24.152734, 140.412887 -24.147114, 140.410580 -24.141495, 140.408272 -24.135875, 140.405965 -24.130255, 140.403658 -24.124636, 140.401352 -24.119016, 140.399045 -24.113396, 140.396739 -24.107777, 140.394433 -24.102157, 140.392127 -24.096537, 140.389821 -24.090917, 140.387516 -24.085297, 140.385210 -24.079677, 140.382905 -24.074057, 140.380600 -24.068437, 140.378296 -24.062817, 140.375991 -24.057197, 140.373687 -24.051577, 140.371383 -24.045957, 140.369079 -24.040337, 140.366775 -24.034717, 140.364472 -24.029096, 140.362169 -24.023476, 140.359865 -24.017856, 140.357563 -24.012235, 140.355260 -24.006615, 140.352957 -24.000995, 140.350655 -23.995374, 140.348353 -23.989754, 140.346051 -23.984133, 140.343750 -23.978513, 140.341448 -23.972892, 140.339147 -23.967272, 140.336846 -23.961651, 140.334545 -23.956030, 140.332244 -23.950409, 140.329944 -23.944789, 140.327644 -23.939168, 140.325344 -23.933547, 140.323044 -23.927926, 140.320744 -23.922305, 140.318445 -23.916684, 140.316145 -23.911064, 140.313846 -23.905443, 140.311547 -23.899822, 140.309249 -23.894200, 140.306950 -23.888579, 140.304652 -23.882958, 140.302354 -23.877337, 140.300056 -23.871716, 140.297758 -23.866095, 140.295461 -23.860473, 140.293164 -23.854852, 140.290867 -23.849231, 140.288570 -23.843609, 140.286273 -23.837988, 140.283977 -23.832367, 140.281680 -23.826745, 140.279384 -23.821124, 140.277089 -23.815502, 140.274793 -23.809880, 140.272497 -23.804259, 140.270202 -23.798637, 140.267907 -23.793016, 140.265612 -23.787394, 140.263318 -23.781772, 140.261023 -23.776150, 140.258729 -23.770529, 140.256435 -23.764907, 140.254141 -23.759285, 140.251847 -23.753663, 140.249554 -23.748041, 140.247260 -23.742419, 140.244967 -23.736797, 140.242674 -23.731175, 140.240382 -23.725553, 140.238089 -23.719931, 140.235797 -23.714309, 140.233505 -23.708686, 140.231213 -23.703064, 140.228921 -23.697442, 140.226630 -23.691820, 140.224338 -23.686197, 140.222047 -23.680575, 140.219756 -23.674953, 140.217466 -23.669330, 140.215175 -23.663708, 140.212885 -23.658085, 140.210595 -23.652463, 140.208305 -23.646840, 140.206015 -23.641218, 140.203725 -23.635595, 140.201436 -23.629972, 140.199147 -23.624350, 140.196858 -23.618727, 140.194569 -23.613104, 140.192281 -23.607481, 140.189992 -23.601859, 140.187704 -23.596236, 140.185416 -23.590613, 140.183129 -23.584990, 140.180841 -23.579367, 140.178554 -23.573744, 140.176266 -23.568121, 140.173979 -23.562498, 140.171693 -23.556875, 140.169406 -23.551252, 140.167120 -23.545629, 140.164833 -23.540005, 140.162547 -23.534382, 140.160262 -23.528759, 140.157976 -23.523136, 140.155691 -23.517512, 140.153405 -23.511889, 140.151120 -23.506266, 140.148835 -23.500642, 140.146551 -23.495019, 140.144266 -23.489395, 140.141982 -23.483772, 140.139698 -23.478148, 140.137414 -23.472525, 140.135131 -23.466901, 140.132847 -23.461277, 140.130564 -23.455654, 140.128281 -23.450030, 140.125998 -23.444406, 140.123715 -23.438782, 140.121433 -23.433159, 140.119150 -23.427535, 140.116868 -23.421911, 140.114586 -23.416287, 140.112305 -23.410663, 140.110023 -23.405039, 140.107742 -23.399415, 140.105461 -23.393791, 140.103180 -23.388167, 140.100899 -23.382543, 140.098618 -23.376919, 140.096338 -23.371294, 140.094058 -23.365670, 140.091778 -23.360046, 140.089498 -23.354422, 140.087218 -23.348797, 140.084939 -23.343173, 140.082660 -23.337549, 140.080381 -23.331924, 140.078102 -23.326300, 140.075823 -23.320675, 140.073545 -23.315051, 140.071267 -23.309426, 140.068989 -23.303802, 140.066711 -23.298177, 140.064433 -23.292552, 140.062156 -23.286928, 140.059878 -23.281303, 140.057601 -23.275678, 140.055324 -23.270053, 140.053048 -23.264429, 140.050771 -23.258804, 140.048495 -23.253179, 140.046219 -23.247554, 140.043943 -23.241929, 140.041667 -23.236304, 140.039391 -23.230679, 140.037116 -23.225054, 140.034841 -23.219429, 140.032566 -23.213804, 140.030291 -23.208179, 140.028017 -23.202554, 140.025742 -23.196928, 140.023468 -23.191303, 140.021194 -23.185678, 140.018920 -23.180053, 140.016646 -23.174427, 140.014373 -23.168802, 140.012100 -23.163176, 140.009827 -23.157551, 140.007554 -23.151926, 140.005281 -23.146300, 140.003009 -23.140675, 140.000736 -23.135049, 139.998464 -23.129423, 139.996192 -23.123798, 139.993921 -23.118172, 139.991649 -23.112546, 139.989378 -23.106921, 139.987107 -23.101295, 139.984836 -23.095669, 139.982565 -23.090043, 139.980294 -23.084417, 139.978024 -23.078792, 139.975754 -23.073166, 139.973484 -23.067540, 139.971214 -23.061914, 139.968944 -23.056288, 139.966675 -23.050662, 139.964405 -23.045036, 139.962136 -23.039410, 139.959868 -23.033783, 139.957599 -23.028157, 139.955330 -23.022531, 139.953062 -23.016905, 139.950794 -23.011278, 139.948526 -23.005652, 139.946258 -23.000026, 139.943991 -22.994399, 139.941723 -22.988773, 139.939456 -22.983147, 139.937189 -22.977520, 139.934922 -22.971894, 139.932656 -22.966267, 139.930389 -22.960641, 139.928123 -22.955014, 139.925857 -22.949387, 139.923591 -22.943761, 139.921326 -22.938134, 139.919060 -22.932507, 139.916795 -22.926880, 139.914530 -22.921254, 139.912265 -22.915627, 139.910000 -22.910000, 139.911142 -22.904090, 139.912285 -22.898180, 139.913427 -22.892270, 139.914569 -22.886360, 139.915711 -22.880451, 139.916853 -22.874541, 139.917995 -22.868631, 139.919137 -22.862721, 139.920278 -22.856811, 139.921420 -22.850901, 139.922561 -22.844991, 139.923702 -22.839081, 139.924844 -22.833171, 139.925985 -22.827261, 139.927126 -22.821351, 139.928267 -22.815441, 139.929408 -22.809531, 139.930548 -22.803621, 139.931689 -22.797711, 139.932829 -22.791801, 139.933970 -22.785891, 139.935110 -22.779981, 139.936250 -22.774071, 139.937391 -22.768161, 139.938531 -22.762251, 139.939671 -22.756341, 139.940810 -22.750431, 139.941950 -22.744521, 139.943090 -22.738611, 139.944229 -22.732701, 139.945369 -22.726790, 139.946508 -22.720880, 139.947647 -22.714970, 139.948786 -22.709060, 139.949926 -22.703150, 139.951064 -22.697240, 139.952203 -22.691330, 139.953342 -22.685419, 139.954481 -22.679509, 139.955619 -22.673599, 139.956758 -22.667689, 139.957896 -22.661779, 139.959034 -22.655869, 139.960173 -22.649958, 139.961311 -22.644048, 139.962449 -22.638138, 139.963586 -22.632228, 139.964724 -22.626317, 139.965862 -22.620407, 139.967000 -22.614497, 139.968137 -22.608587, 139.969274 -22.602676, 139.970412 -22.596766, 139.971549 -22.590856, 139.972686 -22.584945, 139.973823 -22.579035, 139.974960 -22.573125, 139.976097 -22.567214, 139.977233 -22.561304, 139.978370 -22.555394, 139.979506 -22.549483, 139.980643 -22.543573, 139.981779 -22.537663, 139.982915 -22.531752, 139.984052 -22.525842, 139.985188 -22.519932, 139.986323 -22.514021, 139.987459 -22.508111, 139.988595 -22.502200, 139.989731 -22.496290, 139.990866 -22.490380, 139.992002 -22.484469, 139.993137 -22.478559, 139.994272 -22.472648, 139.995407 -22.466738, 139.996542 -22.460827, 139.997677 -22.454917, 139.998812 -22.449006, 139.999947 -22.443096, 140.001082 -22.437185, 140.002216 -22.431275, 140.003351 -22.425364, 140.004485 -22.419454, 140.005619 -22.413543, 140.006753 -22.407633, 140.007888 -22.401722, 140.009022 -22.395812, 140.010155 -22.389901, 140.011289 -22.383990, 140.012423 -22.378080, 140.013557 -22.372169, 140.014690 -22.366259, 140.015823 -22.360348, 140.016957 -22.354438, 140.018090 -22.348527, 140.019223 -22.342616, 140.020356 -22.336706, 140.021489 -22.330795, 140.022622 -22.324884, 140.023755 -22.318974, 140.024887 -22.313063, 140.026020 -22.307152, 140.027152 -22.301242, 140.028285 -22.295331, 140.029417 -22.289420, 140.030549 -22.283510, 140.031681 -22.277599, 140.032813 -22.271688, 140.033945 -22.265777, 140.035077 -22.259867, 140.036208 -22.253956, 140.037340 -22.248045, 140.038471 -22.242134, 140.039603 -22.236224, 140.040734 -22.230313, 140.041865 -22.224402, 140.042997 -22.218491, 140.044128 -22.212580, 140.045258 -22.206670, 140.046389 -22.200759, 140.047520 -22.194848, 140.048651 -22.188937, 140.049781 -22.183026, 140.050912 -22.177116, 140.052042 -22.171205, 140.053172 -22.165294, 140.054302 -22.159383, 140.055432 -22.153472, 140.056562 -22.147561, 140.057692 -22.141650, 140.058822 -22.135739, 140.059952 -22.129828, 140.061081 -22.123918, 140.062211 -22.118007, 140.063340 -22.112096, 140.064470 -22.106185, 140.065599 -22.100274, 140.066728 -22.094363, 140.067857 -22.088452, 140.068986 -22.082541, 140.070115 -22.076630, 140.071243 -22.070719, 140.072372 -22.064808, 140.073501 -22.058897, 140.074629 -22.052986, 140.075757 -22.047075, 140.076886 -22.041164, 140.078014 -22.035253, 140.079142 -22.029342, 140.080270 -22.023431, 140.081398 -22.017520, 140.082526 -22.011609, 140.083653 -22.005698, 140.084781 -21.999787, 140.085908 -21.993875, 140.087036 -21.987964, 140.088163 -21.982053, 140.089290 -21.976142, 140.090418 -21.970231, 140.091545 -21.964320, 140.092672 -21.958409, 140.093798 -21.952498, 140.094925 -21.946587, 140.096052 -21.940675, 140.097178 -21.934764, 140.098305 -21.928853, 140.099431 -21.922942, 140.100558 -21.917031, 140.101684 -21.911119, 140.102810 -21.905208, 140.103936 -21.899297, 140.105062 -21.893386, 140.106188 -21.887475, 140.107313 -21.881563, 140.108439 -21.875652, 140.109565 -21.869741, 140.110690 -21.863830, 140.111815 -21.857918, 140.112941 -21.852007, 140.114066 -21.846096, 140.115191 -21.840185, 140.116316 -21.834273, 140.117441 -21.828362, 140.118566 -21.822451, 140.119690 -21.816539, 140.120815 -21.810628, 140.121939 -21.804717, 140.123064 -21.798805, 140.124188 -21.792894, 140.125312 -21.786983, 140.126437 -21.781071, 140.127561 -21.775160, 140.128685 -21.769249, 140.129808 -21.763337, 140.130932 -21.757426, 140.132056 -21.751514, 140.133180 -21.745603, 140.134303 -21.739692, 140.135426 -21.733780, 140.136550 -21.727869, 140.137673 -21.721957, 140.138796 -21.716046, 140.139919 -21.710134, 140.141042 -21.704223, 140.142165 -21.698311, 140.143288 -21.692400, 140.144410 -21.686488, 140.145533 -21.680577, 140.146656 -21.674665, 140.147778 -21.668754, 140.148900 -21.662842, 140.150022 -21.656931, 140.151145 -21.651019, 140.152267 -21.645108, 140.153389 -21.639196, 140.154510 -21.633285, 140.155632 -21.627373, 140.156754 -21.621462, 140.157875 -21.615550, 140.158997 -21.609639, 140.160118 -21.603727, 140.161240 -21.597815, 140.162361 -21.591904, 140.163482 -21.585992, 140.164603 -21.580080, 140.165724 -21.574169, 140.166845 -21.568257, 140.167965 -21.562346, 140.169086 -21.556434, 140.170207 -21.550522, 140.171327 -21.544611, 140.172447 -21.538699, 140.173568 -21.532787, 140.174688 -21.526876, 140.175808 -21.520964, 140.176928 -21.515052, 140.178048 -21.509140, 140.179168 -21.503229, 140.180288 -21.497317, 140.181407 -21.491405, 140.182527 -21.485494, 140.183646 -21.479582, 140.184766 -21.473670, 140.185885 -21.467758, 140.187004 -21.461847, 140.188123 -21.455935, 140.189242 -21.450023, 140.190361 -21.444111, 140.191480 -21.438199, 140.192599 -21.432288, 140.193717 -21.426376, 140.194836 -21.420464, 140.195954 -21.414552, 140.197073 -21.408640, 140.198191 -21.402728, 140.199309 -21.396817, 140.200427 -21.390905, 140.201545 -21.384993, 140.202663 -21.379081, 140.203781 -21.373169, 140.204899 -21.367257, 140.206017 -21.361345, 140.207134 -21.355433, 140.208252 -21.349522, 140.209369 -21.343610, 140.210486 -21.337698, 140.211604 -21.331786, 140.212721 -21.325874, 140.213838 -21.319962, 140.214955 -21.314050, 140.216072 -21.308138, 140.217188 -21.302226, 140.218305 -21.296314, 140.219422 -21.290402, 140.220538 -21.284490, 140.221654 -21.278578, 140.222771 -21.272666, 140.223887 -21.266754, 140.225003 -21.260842, 140.226119 -21.254930, 140.227235 -21.249018, 140.228351 -21.243106, 140.229467 -21.237194, 140.230582 -21.231282, 140.231698 -21.225370, 140.232814 -21.219458, 140.233929 -21.213546, 140.235044 -21.207634, 140.236159 -21.201721, 140.237275 -21.195809, 140.238390 -21.189897, 140.239505 -21.183985, 140.240620 -21.178073, 140.241734 -21.172161, 140.242849 -21.166249, 140.243964 -21.160337, 140.245078 -21.154424, 140.246193 -21.148512, 140.247307 -21.142600, 140.248421 -21.136688, 140.249535 -21.130776, 140.250649 -21.124864, 140.251763 -21.118951, 140.252877 -21.113039, 140.253991 -21.107127, 140.255105 -21.101215, 140.256219 -21.095303, 140.257332 -21.089390, 140.258446 -21.083478, 140.259559 -21.077566, 140.260672 -21.071654, 140.261785 -21.065741, 140.262898 -21.059829, 140.264011 -21.053917, 140.265124 -21.048004, 140.266237 -21.042092, 140.267350 -21.036180, 140.268463 -21.030268, 140.269575 -21.024355, 140.270688 -21.018443, 140.271800 -21.012531, 140.272912 -21.006618, 140.274025 -21.000706, 140.275137 -20.994794, 140.276249 -20.988881, 140.277361 -20.982969, 140.278473 -20.977057, 140.279584 -20.971144, 140.280696 -20.965232, 140.281808 -20.959319, 140.282919 -20.953407, 140.284031 -20.947495, 140.285142 -20.941582, 140.286253 -20.935670, 140.287364 -20.929757, 140.288475 -20.923845, 140.289586 -20.917932, 140.290697 -20.912020, 140.291808 -20.906108, 140.292919 -20.900195, 140.294030 -20.894283, 140.295140 -20.888370, 140.296251 -20.882458, 140.297361 -20.876545, 140.298471 -20.870633, 140.299581 -20.864720, 140.300692 -20.858808, 140.301802 -20.852895, 140.302912 -20.846983, 140.304021 -20.841070, 140.305131 -20.835158, 140.306241 -20.829245, 140.307350 -20.823332, 140.308460 -20.817420, 140.309569 -20.811507, 140.310679 -20.805595, 140.311788 -20.799682, 140.312897 -20.793770, 140.314006 -20.787857, 140.315115 -20.781944, 140.316224 -20.776032, 140.317333 -20.770119, 140.318442 -20.764206, 140.319550 -20.758294, 140.320659 -20.752381, 140.321767 -20.746469, 140.322876 -20.740556, 140.323984 -20.734643, 140.325092 -20.728731, 140.326200 -20.722818, 140.327308 -20.716905, 140.328416 -20.710993, 140.329524 -20.705080, 140.330632 -20.699167, 140.331739 -20.693254, 140.332847 -20.687342, 140.333955 -20.681429, 140.335062 -20.675516, 140.336169 -20.669603, 140.337277 -20.663691, 140.338384 -20.657778, 140.339491 -20.651865, 140.340598 -20.645952, 140.341705 -20.640040, 140.342812 -20.634127, 140.343918 -20.628214, 140.345025 -20.622301, 140.346132 -20.616389, 140.347238 -20.610476, 140.348344 -20.604563, 140.349451 -20.598650, 140.350557 -20.592737, 140.351663 -20.586824, 140.352769 -20.580912, 140.353875 -20.574999, 140.354981 -20.569086, 140.356087 -20.563173, 140.357192 -20.557260, 140.358298 -20.551347, 140.359404 -20.545434, 140.360509 -20.539521, 140.361614 -20.533609, 140.362720 -20.527696, 140.363825 -20.521783, 140.364930 -20.515870, 140.366035 -20.509957, 140.367140 -20.504044, 140.368245 -20.498131, 140.369350 -20.492218, 140.370454 -20.486305, 140.371559 -20.480392, 140.372663 -20.474479, 140.373768 -20.468566, 140.374872 -20.462653, 140.375976 -20.456740, 140.377081 -20.450827, 140.378185 -20.444914, 140.379289 -20.439001, 140.380393 -20.433088, 140.381496 -20.427175, 140.382600 -20.421262, 140.383704 -20.415349, 140.384807 -20.409436, 140.385911 -20.403523, 140.387014 -20.397610, 140.388118 -20.391697, 140.389221 -20.385784, 140.390324 -20.379871, 140.391427 -20.373958, 140.392530 -20.368044, 140.393633 -20.362131, 140.394736 -20.356218, 140.395838 -20.350305, 140.396941 -20.344392, 140.398044 -20.338479, 140.399146 -20.332566, 140.400249 -20.326653, 140.401351 -20.320739, 140.402453 -20.314826, 140.403555 -20.308913, 140.404657 -20.303000, 140.405759 -20.297087, 140.406861 -20.291174, 140.407963 -20.285260, 140.409065 -20.279347, 140.410166 -20.273434, 140.411268 -20.267521, 140.412369 -20.261608, 140.413471 -20.255694, 140.414572 -20.249781, 140.415673 -20.243868, 140.416774 -20.237955, 140.417875 -20.232041, 140.418976 -20.226128, 140.420077 -20.220215, 140.421178 -20.214302, 140.422279 -20.208388, 140.423379 -20.202475, 140.424480 -20.196562, 140.425580 -20.190648, 140.426681 -20.184735, 140.427781 -20.178822, 140.428881 -20.172908, 140.429981 -20.166995, 140.431081 -20.161082, 140.432181 -20.155168, 140.433281 -20.149255, 140.434381 -20.143342, 140.435481 -20.137428, 140.436580 -20.131515, 140.437680 -20.125602, 140.438779 -20.119688, 140.439879 -20.113775, 140.440978 -20.107861, 140.442077 -20.101948, 140.443176 -20.096035, 140.444275 -20.090121, 140.445374 -20.084208, 140.446473 -20.078294, 140.447572 -20.072381, 140.448671 -20.066467, 140.449769 -20.060554, 140.450868 -20.054640, 140.451966 -20.048727, 140.453065 -20.042814, 140.454163 -20.036900, 140.455261 -20.030987, 140.456359 -20.025073, 140.457458 -20.019160, 140.458556 -20.013246, 140.459653 -20.007333, 140.460751 -20.001419, 140.461849 -19.995505, 140.462947 -19.989592, 140.464044 -19.983678, 140.465142 -19.977765, 140.466239 -19.971851, 140.467336 -19.965938, 140.468434 -19.960024, 140.469531 -19.954111, 140.470628 -19.948197, 140.471725 -19.942283, 140.472822 -19.936370, 140.473918 -19.930456, 140.475015 -19.924543, 140.476112 -19.918629, 140.477208 -19.912715, 140.478305 -19.906802, 140.479401 -19.900888, 140.480498 -19.894974, 140.481594 -19.889061, 140.482690 -19.883147, 140.483786 -19.877234, 140.484882 -19.871320, 140.485978 -19.865406, 140.487074 -19.859492, 140.488170 -19.853579, 140.489265 -19.847665, 140.490361 -19.841751, 140.491456 -19.835838, 140.492552 -19.829924, 140.493647 -19.824010, 140.494742 -19.818097, 140.495838 -19.812183, 140.496933 -19.806269, 140.498028 -19.800355, 140.499123 -19.794442, 140.500218 -19.788528, 140.501312 -19.782614, 140.502407 -19.776700, 140.503502 -19.770786, 140.504596 -19.764873, 140.505691 -19.758959, 140.506785 -19.753045, 140.507879 -19.747131, 140.508973 -19.741217, 140.510068 -19.735304, 140.511162 -19.729390, 140.512256 -19.723476, 140.513349 -19.717562, 140.514443 -19.711648, 140.515537 -19.705734, 140.516631 -19.699821, 140.517724 -19.693907, 140.518818 -19.687993, 140.519911 -19.682079, 140.521004 -19.676165, 140.522098 -19.670251, 140.523191 -19.664337, 140.524284 -19.658423, 140.525377 -19.652509, 140.526470 -19.646595, 140.527563 -19.640682, 140.528655 -19.634768, 140.529748 -19.628854, 140.530841 -19.622940, 140.531933 -19.617026, 140.533026 -19.611112, 140.534118 -19.605198, 140.535210 -19.599284, 140.536302 -19.593370, 140.537394 -19.587456, 140.538487 -19.581542, 140.539578 -19.575628, 140.540670 -19.569714, 140.541762 -19.563800, 140.542854 -19.557886, 140.543945 -19.551972, 140.545037 -19.546058, 140.546128 -19.540144, 140.547220 -19.534230, 140.548311 -19.528316, 140.549402 -19.522402, 140.550494 -19.516488, 140.551585 -19.510573, 140.552676 -19.504659, 140.553767 -19.498745, 140.554857 -19.492831, 140.555948 -19.486917, 140.557039 -19.481003, 140.558129 -19.475089, 140.559220 -19.469175, 140.560310 -19.463261, 140.561401 -19.457346, 140.562491 -19.451432, 140.563581 -19.445518, 140.564671 -19.439604, 140.565761 -19.433690, 140.566851 -19.427776, 140.567941 -19.421862, 140.569031 -19.415947, 140.570121 -19.410033, 140.571210 -19.404119, 140.572300 -19.398205, 140.573389 -19.392291, 140.574479 -19.386376, 140.575568 -19.380462, 140.576657 -19.374548, 140.577746 -19.368634, 140.578836 -19.362719, 140.579925 -19.356805, 140.581013 -19.350891, 140.582102 -19.344977, 140.583191 -19.339062, 140.584280 -19.333148, 140.585368 -19.327234, 140.586457 -19.321320, 140.587545 -19.315405, 140.588634 -19.309491, 140.589722 -19.303577, 140.590810 -19.297662, 140.591898 -19.291748, 140.592986 -19.285834, 140.594074 -19.279920, 140.595162 -19.274005, 140.596250 -19.268091, 140.597338 -19.262176, 140.598426 -19.256262, 140.599513 -19.250348, 140.600601 -19.244433, 140.601688 -19.238519, 140.602775 -19.232605, 140.603863 -19.226690, 140.604950 -19.220776, 140.606037 -19.214862, 140.607124 -19.208947, 140.608211 -19.203033, 140.609298 -19.197118, 140.610385 -19.191204, 140.611471 -19.185289, 140.612558 -19.179375, 140.613645 -19.173461, 140.614731 -19.167546, 140.615818 -19.161632, 140.616904 -19.155717, 140.617990 -19.149803, 140.619076 -19.143888, 140.620162 -19.137974, 140.621248 -19.132059, 140.622334 -19.126145, 140.623420 -19.120230, 140.624506 -19.114316, 140.625592 -19.108401, 140.626677 -19.102487, 140.627763 -19.096572, 140.628848 -19.090658, 140.629934 -19.084743, 140.631019 -19.078829, 140.632104 -19.072914, 140.633190 -19.066999, 140.634275 -19.061085, 140.635360 -19.055170, 140.636445 -19.049256, 140.637530 -19.043341, 140.638614 -19.037427, 140.639699 -19.031512, 140.640784 -19.025597, 140.641868 -19.019683, 140.642953 -19.013768, 140.644037 -19.007854, 140.645121 -19.001939, 140.646206 -18.996024, 140.647290 -18.990110, 140.648374 -18.984195, 140.649458 -18.978280, 140.650542 -18.972366, 140.651626 -18.966451, 140.652710 -18.960536, 140.653793 -18.954622, 140.654877 -18.948707, 140.655960 -18.942792, 140.657044 -18.936878, 140.658127 -18.930963, 140.659211 -18.925048, 140.660294 -18.919134, 140.661377 -18.913219, 140.662460 -18.907304, 140.663543 -18.901389, 140.664626 -18.895475, 140.665709 -18.889560, 140.666792 -18.883645, 140.667874 -18.877730, 140.668957 -18.871816, 140.670040 -18.865901, 140.671122 -18.859986, 140.672205 -18.854071, 140.673287 -18.848156, 140.674369 -18.842242, 140.675451 -18.836327, 140.676533 -18.830412, 140.677615 -18.824497, 140.678697 -18.818582, 140.679779 -18.812668, 140.680861 -18.806753, 140.681943 -18.800838, 140.683024 -18.794923, 140.684106 -18.789008, 140.685187 -18.783093, 140.686269 -18.777179, 140.687350 -18.771264, 140.688431 -18.765349, 140.689513 -18.759434, 140.690594 -18.753519, 140.691675 -18.747604, 140.692756 -18.741689, 140.693837 -18.735774, 140.694917 -18.729859, 140.695998 -18.723944, 140.697079 -18.718030, 140.698159 -18.712115, 140.699240 -18.706200, 140.700320 -18.700285, 140.701401 -18.694370, 140.702481 -18.688455, 140.703561 -18.682540, 140.704641 -18.676625, 140.705721 -18.670710, 140.706801 -18.664795, 140.707881 -18.658880, 140.708961 -18.652965, 140.710041 -18.647050, 140.711121 -18.641135, 140.712200 -18.635220, 140.713280 -18.629305, 140.714359 -18.623390, 140.715438 -18.617475, 140.716518 -18.611560, 140.717597 -18.605645, 140.718676 -18.599730, 140.719755 -18.593815, 140.720834 -18.587900, 140.721913 -18.581985, 140.722992 -18.576069, 140.724071 -18.570154, 140.725149 -18.564239, 140.726228 -18.558324, 140.727307 -18.552409, 140.728385 -18.546494, 140.729464 -18.540579, 140.730542 -18.534664, 140.731620 -18.528749, 140.732698 -18.522833, 140.733776 -18.516918, 140.734854 -18.511003, 140.735932 -18.505088, 140.737010 -18.499173, 140.738088 -18.493258, 140.739166 -18.487343, 140.740243 -18.481427, 140.741321 -18.475512, 140.742399 -18.469597, 140.743476 -18.463682, 140.744553 -18.457767, 140.745631 -18.451851, 140.746708 -18.445936, 140.747785 -18.440021, 140.748862 -18.434106, 140.749939 -18.428191, 140.751016 -18.422275, 140.752093 -18.416360, 140.753170 -18.410445, 140.754246 -18.404530, 140.755323 -18.398614, 140.756399 -18.392699, 140.757476 -18.386784, 140.758552 -18.380869, 140.759629 -18.374953, 140.760705 -18.369038, 140.761781 -18.363123, 140.762857 -18.357207, 140.763933 -18.351292, 140.765009 -18.345377, 140.766085 -18.339461, 140.767161 -18.333546, 140.768237 -18.327631, 140.769312 -18.321715, 140.770388 -18.315800, 140.771463 -18.309885, 140.772539 -18.303969, 140.773614 -18.298054, 140.774689 -18.292139, 140.775765 -18.286223, 140.776840 -18.280308, 140.777915 -18.274393, 140.778990 -18.268477, 140.780065 -18.262562, 140.781140 -18.256646, 140.782214 -18.250731, 140.783289 -18.244816, 140.784364 -18.238900, 140.785438 -18.232985, 140.786513 -18.227069, 140.787587 -18.221154, 140.788662 -18.215238, 140.789736 -18.209323, 140.790810 -18.203407, 140.791884 -18.197492, 140.792958 -18.191577, 140.794032 -18.185661, 140.795106 -18.179746, 140.796180 -18.173830, 140.797254 -18.167915, 140.798327 -18.161999, 140.799401 -18.156084, 140.800474 -18.150168, 140.801548 -18.144253, 140.802621 -18.138337, 140.803695 -18.132422, 140.804768 -18.126506, 140.805841 -18.120590, 140.806914 -18.114675, 140.807987 -18.108759, 140.809060 -18.102844, 140.810133 -18.096928, 140.811206 -18.091013, 140.812279 -18.085097, 140.813351 -18.079182, 140.814424 -18.073266, 140.815496 -18.067350, 140.816569 -18.061435, 140.817641 -18.055519, 140.818714 -18.049604, 140.819786 -18.043688, 140.820858 -18.037772, 140.821930 -18.031857, 140.823002 -18.025941, 140.824074 -18.020025, 140.825146 -18.014110, 140.826218 -18.008194, 140.827289 -18.002278, 140.828361 -17.996363, 140.829433 -17.990447, 140.830504 -17.984531, 140.831576 -17.978616, 140.832647 -17.972700, 140.833718 -17.966784, 140.834789 -17.960869, 140.835861 -17.954953, 140.836932 -17.949037, 140.838003 -17.943122, 140.839074 -17.937206, 140.840145 -17.931290, 140.841215 -17.925374, 140.842286 -17.919459, 140.843357 -17.913543, 140.844427 -17.907627, 140.845498 -17.901711, 140.846568 -17.895796, 140.847639 -17.889880, 140.848709 -17.883964, 140.849779 -17.878048, 140.850849 -17.872132, 140.851919 -17.866217, 140.852989 -17.860301, 140.854059 -17.854385, 140.855129 -17.848469, 140.856199 -17.842553, 140.857269 -17.836638, 140.858338 -17.830722, 140.859408 -17.824806, 140.860478 -17.818890, 140.861547 -17.812974, 140.862616 -17.807058, 140.863686 -17.801143, 140.864755 -17.795227, 140.865824 -17.789311, 140.866893 -17.783395, 140.867962 -17.777479, 140.869031 -17.771563, 140.870100 -17.765647, 140.871169 -17.759731, 140.872238 -17.753816, 140.873306 -17.747900, 140.874375 -17.741984, 140.875443 -17.736068, 140.876512 -17.730152, 140.877580 -17.724236, 140.878648 -17.718320, 140.879717 -17.712404, 140.880785 -17.706488, 140.881853 -17.700572, 140.882921 -17.694656, 140.883989 -17.688740, 140.885057 -17.682824, 140.886125 -17.676908, 140.887192 -17.670992, 140.888260 -17.665076, 140.889328 -17.659160, 140.890395 -17.653244, 140.891463 -17.647328, 140.892530 -17.641412, 140.893597 -17.635496, 140.894665 -17.629580, 140.895732 -17.623664, 140.896799 -17.617748, 140.897866 -17.611832, 140.898933 -17.605916, 140.900000 -17.600000), (140.900000 -17.600000, 140.900269 -17.602881, 140.900539 -17.605762, 140.900808 -17.608642, 140.901078 -17.611523, 140.901348 -17.614404, 140.901617 -17.617285, 140.901887 -17.620166, 140.902156 -17.623046, 140.902426 -17.625927, 140.902695 -17.628808, 140.902965 -17.631689, 140.903234 -17.634570, 140.903504 -17.637451, 140.903774 -17.640331, 140.904043 -17.643212, 140.904313 -17.646093, 140.904582 -17.648974, 140.904852 -17.651855, 140.905122 -17.654735, 140.905391 -17.657616, 140.905661 -17.660497, 140.905931 -17.663378, 140.906200 -17.666259, 140.906470 -17.669139, 140.906740 -17.672020, 140.907009 -17.674901, 140.907279 -17.677782, 140.907549 -17.680663, 140.907819 -17.683543, 140.908088 -17.686424, 140.908358 -17.689305, 140.908628 -17.692186, 140.908898 -17.695067, 140.909167 -17.697947, 140.909437 -17.700828, 140.909707 -17.703709, 140.909977 -17.706590, 140.910247 -17.709471, 140.910516 -17.712351, 140.910786 -17.715232, 140.911056 -17.718113, 140.911326 -17.720994, 140.911596 -17.723875, 140.911866 -17.726755, 140.912135 -17.729636, 140.912405 -17.732517, 140.912675 -17.735398, 140.912945 -17.738279, 140.913215 -17.741159, 140.913485 -17.744040, 140.913755 -17.746921, 140.914025 -17.749802, 140.914295 -17.752682, 140.914565 -17.755563, 140.914835 -17.758444, 140.915104 -17.761325, 140.915374 -17.764206, 140.915644 -17.767086, 140.915914 -17.769967, 140.916184 -17.772848, 140.916454 -17.775729, 140.916724 -17.778610, 140.916994 -17.781490, 140.917264 -17.784371, 140.917535 -17.787252, 140.917805 -17.790133, 140.918075 -17.793014, 140.918345 -17.795894, 140.918615 -17.798775, 140.918885 -17.801656, 140.919155 -17.804537, 140.919425 -17.807417, 140.919695 -17.810298, 140.919965 -17.813179, 140.920235 -17.816060, 140.920506 -17.818941, 140.920776 -17.821821, 140.921046 -17.824702, 140.921316 -17.827583, 140.921586 -17.830464, 140.921856 -17.833345, 140.922127 -17.836225, 140.922397 -17.839106, 140.922667 -17.841987, 140.922937 -17.844868, 140.923207 -17.847748, 140.923478 -17.850629, 140.923748 -17.853510, 140.924018 -17.856391, 140.924288 -17.859272, 140.924559 -17.862152, 140.924829 -17.865033, 140.925099 -17.867914, 140.925369 -17.870795, 140.925640 -17.873675, 140.925910 -17.876556, 140.926180 -17.879437, 140.926451 -17.882318, 140.926721 -17.885199, 140.926991 -17.888079, 140.927262 -17.890960, 140.927532 -17.893841, 140.927803 -17.896722, 140.928073 -17.899602, 140.928343 -17.902483, 140.928614 -17.905364, 140.928884 -17.908245, 140.929154 -17.911125, 140.929425 -17.914006, 140.929695 -17.916887, 140.929966 -17.919768, 140.930236 -17.922649, 140.930507 -17.925529, 140.930777 -17.928410, 140.931048 -17.931291, 140.931318 -17.934172, 140.931589 -17.937052, 140.931859 -17.939933, 140.932130 -17.942814, 140.932400 -17.945695, 140.932671 -17.948575, 140.932941 -17.951456, 140.933212 -17.954337, 140.933482 -17.957218, 140.933753 -17.960099, 140.934023 -17.962979, 140.934294 -17.965860, 140.934565 -17.968741, 140.934835 -17.971622, 140.935106 -17.974502, 140.935376 -17.977383, 140.935647 -17.980264, 140.935918 -17.983145, 140.936188 -17.986025, 140.936459 -17.988906, 140.936730 -17.991787, 140.937000 -17.994668, 140.937271 -17.997548, 140.937542 -18.000429, 140.937812 -18.003310, 140.938083 -18.006191, 140.938354 -18.009072, 140.938625 -18.011952, 140.938895 -18.014833, 140.939166 -18.017714, 140.939437 -18.020595, 140.939708 -18.023475, 140.939978 -18.026356, 140.940249 -18.029237, 140.940520 -18.032118, 140.940791 -18.034998, 140.941062 -18.037879, 140.941332 -18.040760, 140.941603 -18.043641, 140.941874 -18.046521, 140.942145 -18.049402, 140.942416 -18.052283, 140.942687 -18.055164, 140.942957 -18.058044, 140.943228 -18.060925, 140.943499 -18.063806, 140.943770 -18.066687, 140.944041 -18.069567, 140.944312 -18.072448, 140.944583 -18.075329, 140.944854 -18.078210, 140.945125 -18.081090, 140.945396 -18.083971, 140.945667 -18.086852, 140.945938 -18.089733, 140.946208 -18.092613, 140.946479 -18.095494, 140.946750 -18.098375, 140.947021 -18.101256, 140.947292 -18.104136, 140.947563 -18.107017, 140.947835 -18.109898, 140.948106 -18.112779, 140.948377 -18.115659, 140.948648 -18.118540, 140.948919 -18.121421, 140.949190 -18.124302, 140.949461 -18.127182, 140.949732 -18.130063, 140.950003 -18.132944, 140.950274 -18.135825, 140.950545 -18.138705, 140.950816 -18.141586, 140.951088 -18.144467, 140.951359 -18.147347, 140.951630 -18.150228, 140.951901 -18.153109, 140.952172 -18.155990, 140.952443 -18.158870, 140.952715 -18.161751, 140.952986 -18.164632, 140.953257 -18.167513, 140.953528 -18.170393, 140.953799 -18.173274, 140.954071 -18.176155, 140.954342 -18.179036, 140.954613 -18.181916, 140.954884 -18.184797, 140.955156 -18.187678, 140.955427 -18.190559, 140.955698 -18.193439, 140.955969 -18.196320, 140.956241 -18.199201, 140.956512 -18.202081, 140.956783 -18.204962, 140.957055 -18.207843, 140.957326 -18.210724, 140.957597 -18.213604, 140.957869 -18.216485, 140.958140 -18.219366, 140.958412 -18.222247, 140.958683 -18.225127, 140.958954 -18.228008, 140.959226 -18.230889, 140.959497 -18.233770, 140.959769 -18.236650, 140.960040 -18.239531, 140.960311 -18.242412, 140.960583 -18.245292, 140.960854 -18.248173, 140.961126 -18.251054, 140.961397 -18.253935, 140.961669 -18.256815, 140.961940 -18.259696, 140.962212 -18.262577, 140.962483 -18.265458, 140.962755 -18.268338, 140.963026 -18.271219, 140.963298 -18.274100, 140.963569 -18.276980, 140.963841 -18.279861, 140.964112 -18.282742, 140.964384 -18.285623, 140.964656 -18.288503, 140.964927 -18.291384, 140.965199 -18.294265, 140.965470 -18.297145, 140.965742 -18.300026, 140.966014 -18.302907, 140.966285 -18.305788, 140.966557 -18.308668, 140.966829 -18.311549, 140.967100 -18.314430, 140.967372 -18.317311, 140.967644 -18.320191, 140.967915 -18.323072, 140.968187 -18.325953, 140.968459 -18.328833, 140.968730 -18.331714, 140.969002 -18.334595, 140.969274 -18.337476, 140.969546 -18.340356, 140.969817 -18.343237, 140.970089 -18.346118, 140.970361 -18.348998, 140.970633 -18.351879, 140.970905 -18.354760, 140.971176 -18.357641, 140.971448 -18.360521, 140.971720 -18.363402, 140.971992 -18.366283, 140.972264 -18.369163, 140.972535 -18.372044, 140.972807 -18.374925, 140.973079 -18.377806, 140.973351 -18.380686, 140.973623 -18.383567, 140.973895 -18.386448, 140.974167 -18.389328, 140.974439 -18.392209, 140.974711 -18.395090, 140.974982 -18.397970, 140.975254 -18.400851, 140.975526 -18.403732, 140.975798 -18.406613, 140.976070 -18.409493, 140.976342 -18.412374, 140.976614 -18.415255, 140.976886 -18.418135, 140.977158 -18.421016, 140.977430 -18.423897, 140.977702 -18.426778, 140.977974 -18.429658, 140.978246 -18.432539, 140.978518 -18.435420, 140.978790 -18.438300, 140.979062 -18.441181, 140.979335 -18.444062, 140.979607 -18.446942, 140.979879 -18.449823, 140.980151 -18.452704, 140.980423 -18.455585, 140.980695 -18.458465, 140.980967 -18.461346, 140.981239 -18.464227, 140.981511 -18.467107, 140.981784 -18.469988, 140.982056 -18.472869, 140.982328 -18.475749, 140.982600 -18.478630, 140.982872 -18.481511, 140.983145 -18.484392, 140.983417 -18.487272, 140.983689 -18.490153, 140.983961 -18.493034, 140.984233 -18.495914, 140.984506 -18.498795, 140.984778 -18.501676, 140.985050 -18.504556, 140.985322 -18.507437, 140.985595 -18.510318, 140.985867 -18.513198, 140.986139 -18.516079, 140.986412 -18.518960, 140.986684 -18.521841, 140.986956 -18.524721, 140.987229 -18.527602, 140.987501 -18.530483, 140.987773 -18.533363, 140.988046 -18.536244, 140.988318 -18.539125, 140.988590 -18.542005, 140.988863 -18.544886, 140.989135 -18.547767, 140.989408 -18.550647, 140.989680 -18.553528, 140.989952 -18.556409, 140.990225 -18.559289, 140.990497 -18.562170, 140.990770 -18.565051, 140.991042 -18.567932, 140.991315 -18.570812, 140.991587 -18.573693, 140.991860 -18.576574, 140.992132 -18.579454, 140.992405 -18.582335, 140.992677 -18.585216, 140.992950 -18.588096, 140.993222 -18.590977, 140.993495 -18.593858, 140.993767 -18.596738, 140.994040 -18.599619, 140.994313 -18.602500, 140.994585 -18.605380, 140.994858 -18.608261, 140.995130 -18.611142, 140.995403 -18.614022, 140.995676 -18.616903, 140.995948 -18.619784, 140.996221 -18.622664, 140.996494 -18.625545, 140.996766 -18.628426, 140.997039 -18.631306, 140.997312 -18.634187, 140.997584 -18.637068, 140.997857 -18.639949, 140.998130 -18.642829, 140.998402 -18.645710, 140.998675 -18.648591, 140.998948 -18.651471, 140.999221 -18.654352, 140.999493 -18.657233, 140.999766 -18.660113, 141.000039 -18.662994, 141.000312 -18.665875, 141.000584 -18.668755, 141.000857 -18.671636, 141.001130 -18.674517, 141.001403 -18.677397, 141.001676 -18.680278, 141.001949 -18.683159, 141.002221 -18.686039, 141.002494 -18.688920, 141.002767 -18.691801, 141.003040 -18.694681, 141.003313 -18.697562, 141.003586 -18.700443, 141.003859 -18.703323, 141.004132 -18.706204, 141.004404 -18.709085, 141.004677 -18.711965, 141.004950 -18.714846, 141.005223 -18.717727, 141.005496 -18.720607, 141.005769 -18.723488, 141.006042 -18.726369, 141.006315 -18.729249, 141.006588 -18.732130, 141.006861 -18.735011, 141.007134 -18.737891, 141.007407 -18.740772, 141.007680 -18.743653, 141.007953 -18.746533, 141.008226 -18.749414, 141.008499 -18.752295, 141.008772 -18.755175, 141.009046 -18.758056, 141.009319 -18.760936, 141.009592 -18.763817, 141.009865 -18.766698, 141.010138 -18.769578, 141.010411 -18.772459, 141.010684 -18.775340, 141.010957 -18.778220, 141.011230 -18.781101, 141.011504 -18.783982, 141.011777 -18.786862, 141.012050 -18.789743, 141.012323 -18.792624, 141.012596 -18.795504, 141.012870 -18.798385, 141.013143 -18.801266, 141.013416 -18.804146, 141.013689 -18.807027, 141.013963 -18.809908, 141.014236 -18.812788, 141.014509 -18.815669, 141.014782 -18.818550, 141.015056 -18.821430, 141.015329 -18.824311, 141.015602 -18.827192, 141.015876 -18.830072, 141.016149 -18.832953, 141.016422 -18.835833, 141.016695 -18.838714, 141.016969 -18.841595, 141.017242 -18.844475, 141.017516 -18.847356, 141.017789 -18.850237, 141.018062 -18.853117, 141.018336 -18.855998, 141.018609 -18.858879, 141.018883 -18.861759, 141.019156 -18.864640, 141.019429 -18.867521, 141.019703 -18.870401, 141.019976 -18.873282, 141.020250 -18.876163, 141.020523 -18.879043, 141.020797 -18.881924, 141.021070 -18.884804, 141.021344 -18.887685, 141.021617 -18.890566, 141.021891 -18.893446, 141.022164 -18.896327, 141.022438 -18.899208, 141.022711 -18.902088, 141.022985 -18.904969, 141.023258 -18.907850, 141.023532 -18.910730, 141.023806 -18.913611, 141.024079 -18.916491, 141.024353 -18.919372, 141.024626 -18.922253, 141.024900 -18.925133, 141.025174 -18.928014, 141.025447 -18.930895, 141.025721 -18.933775, 141.025995 -18.936656, 141.026268 -18.939537, 141.026542 -18.942417, 141.026816 -18.945298, 141.027089 -18.948178, 141.027363 -18.951059, 141.027637 -18.953940, 141.027911 -18.956820, 141.028184 -18.959701, 141.028458 -18.962582, 141.028732 -18.965462, 141.029006 -18.968343, 141.029279 -18.971223, 141.029553 -18.974104, 141.029827 -18.976985, 141.030101 -18.979865, 141.030374 -18.982746, 141.030648 -18.985627, 141.030922 -18.988507, 141.031196 -18.991388, 141.031470 -18.994268, 141.031744 -18.997149, 141.032018 -19.000030, 141.032291 -19.002910, 141.032565 -19.005791, 141.032839 -19.008672, 141.033113 -19.011552, 141.033387 -19.014433, 141.033661 -19.017313, 141.033935 -19.020194, 141.034209 -19.023075, 141.034483 -19.025955, 141.034757 -19.028836, 141.035031 -19.031717, 141.035305 -19.034597, 141.035579 -19.037478, 141.035853 -19.040358, 141.036127 -19.043239, 141.036401 -19.046120, 141.036675 -19.049000, 141.036949 -19.051881, 141.037223 -19.054762, 141.037497 -19.057642, 141.037771 -19.060523, 141.038045 -19.063403, 141.038319 -19.066284, 141.038593 -19.069165, 141.038867 -19.072045, 141.039141 -19.074926, 141.039416 -19.077806, 141.039690 -19.080687, 141.039964 -19.083568, 141.040238 -19.086448, 141.040512 -19.089329, 141.040786 -19.092210, 141.041061 -19.095090, 141.041335 -19.097971, 141.041609 -19.100851, 141.041883 -19.103732, 141.042157 -19.106613, 141.042432 -19.109493, 141.042706 -19.112374, 141.042980 -19.115254, 141.043254 -19.118135, 141.043529 -19.121016, 141.043803 -19.123896, 141.044077 -19.126777, 141.044351 -19.129657, 141.044626 -19.132538, 141.044900 -19.135419, 141.045174 -19.138299, 141.045449 -19.141180, 141.045723 -19.144060, 141.045997 -19.146941, 141.046272 -19.149822, 141.046546 -19.152702, 141.046821 -19.155583, 141.047095 -19.158463, 141.047369 -19.161344, 141.047644 -19.164225, 141.047918 -19.167105, 141.048193 -19.169986, 141.048467 -19.172866, 141.048741 -19.175747, 141.049016 -19.178628, 141.049290 -19.181508, 141.049565 -19.184389, 141.049839 -19.187269, 141.050114 -19.190150, 141.050388 -19.193031, 141.050663 -19.195911, 141.050937 -19.198792, 141.051212 -19.201672, 141.051486 -19.204553, 141.051761 -19.207434, 141.052036 -19.210314, 141.052310 -19.213195, 141.052585 -19.216075, 141.052859 -19.218956, 141.053134 -19.221837, 141.053409 -19.224717, 141.053683 -19.227598, 141.053958 -19.230478, 141.054232 -19.233359, 141.054507 -19.236240, 141.054782 -19.239120, 141.055056 -19.242001, 141.055331 -19.244881, 141.055606 -19.247762, 141.055881 -19.250643, 141.056155 -19.253523, 141.056430 -19.256404, 141.056705 -19.259284, 141.056979 -19.262165, 141.057254 -19.265046, 141.057529 -19.267926, 141.057804 -19.270807, 141.058078 -19.273687, 141.058353 -19.276568, 141.058628 -19.279448, 141.058903 -19.282329, 141.059178 -19.285210, 141.059453 -19.288090, 141.059727 -19.290971, 141.060002 -19.293851, 141.060277 -19.296732, 141.060552 -19.299613, 141.060827 -19.302493, 141.061102 -19.305374, 141.061377 -19.308254, 141.061651 -19.311135, 141.061926 -19.314015, 141.062201 -19.316896, 141.062476 -19.319777, 141.062751 -19.322657, 141.063026 -19.325538, 141.063301 -19.328418, 141.063576 -19.331299, 141.063851 -19.334179, 141.064126 -19.337060, 141.064401 -19.339941, 141.064676 -19.342821, 141.064951 -19.345702, 141.065226 -19.348582, 141.065501 -19.351463, 141.065776 -19.354344, 141.066051 -19.357224, 141.066326 -19.360105, 141.066601 -19.362985, 141.066876 -19.365866, 141.067152 -19.368746, 141.067427 -19.371627, 141.067702 -19.374508, 141.067977 -19.377388, 141.068252 -19.380269, 141.068527 -19.383149, 141.068802 -19.386030, 141.069078 -19.388910, 141.069353 -19.391791, 141.069628 -19.394672, 141.069903 -19.397552, 141.070178 -19.400433, 141.070453 -19.403313, 141.070729 -19.406194, 141.071004 -19.409074, 141.071279 -19.411955, 141.071554 -19.414835, 141.071830 -19.417716, 141.072105 -19.420597, 141.072380 -19.423477, 141.072656 -19.426358, 141.072931 -19.429238, 141.073206 -19.432119, 141.073481 -19.434999, 141.073757 -19.437880, 141.074032 -19.440761, 141.074307 -19.443641, 141.074583 -19.446522, 141.074858 -19.449402, 141.075134 -19.452283, 141.075409 -19.455163, 141.075684 -19.458044, 141.075960 -19.460924, 141.076235 -19.463805, 141.076511 -19.466686, 141.076786 -19.469566, 141.077062 -19.472447, 141.077337 -19.475327, 141.077612 -19.478208, 141.077888 -19.481088, 141.078163 -19.483969, 141.078439 -19.486850, 141.078714 -19.489730, 141.078990 -19.492611, 141.079265 -19.495491, 141.079541 -19.498372, 141.079817 -19.501252, 141.080092 -19.504133, 141.080368 -19.507013, 141.080643 -19.509894, 141.080919 -19.512774, 141.081194 -19.515655, 141.081470 -19.518536, 141.081746 -19.521416, 141.082021 -19.524297, 141.082297 -19.527177, 141.082573 -19.530058, 141.082848 -19.532938, 141.083124 -19.535819, 141.083400 -19.538699, 141.083675 -19.541580, 141.083951 -19.544461, 141.084227 -19.547341, 141.084502 -19.550222, 141.084778 -19.553102, 141.085054 -19.555983, 141.085330 -19.558863, 141.085605 -19.561744, 141.085881 -19.564624, 141.086157 -19.567505, 141.086433 -19.570385, 141.086708 -19.573266, 141.086984 -19.576147, 141.087260 -19.579027, 141.087536 -19.581908, 141.087812 -19.584788, 141.088087 -19.587669, 141.088363 -19.590549, 141.088639 -19.593430, 141.088915 -19.596310, 141.089191 -19.599191, 141.089467 -19.602071, 141.089743 -19.604952, 141.090019 -19.607832, 141.090295 -19.610713, 141.090571 -19.613594, 141.090846 -19.616474, 141.091122 -19.619355, 141.091398 -19.622235, 141.091674 -19.625116, 141.091950 -19.627996, 141.092226 -19.630877, 141.092502 -19.633757, 141.092778 -19.636638, 141.093054 -19.639518, 141.093330 -19.642399, 141.093606 -19.645279, 141.093882 -19.648160, 141.094159 -19.651040, 141.094435 -19.653921, 141.094711 -19.656802, 141.094987 -19.659682, 141.095263 -19.662563, 141.095539 -19.665443, 141.095815 -19.668324, 141.096091 -19.671204, 141.096367 -19.674085, 141.096643 -19.676965, 141.096920 -19.679846, 141.097196 -19.682726, 141.097472 -19.685607, 141.097748 -19.688487, 141.098024 -19.691368, 141.098301 -19.694248, 141.098577 -19.697129, 141.098853 -19.700009, 141.099129 -19.702890, 141.099406 -19.705771, 141.099682 -19.708651, 141.099958 -19.711532, 141.100234 -19.714412, 141.100511 -19.717293, 141.100787 -19.720173, 141.101063 -19.723054, 141.101340 -19.725934, 141.101616 -19.728815, 141.101892 -19.731695, 141.102169 -19.734576, 141.102445 -19.737456, 141.102721 -19.740337, 141.102998 -19.743217, 141.103274 -19.746098, 141.103550 -19.748978, 141.103827 -19.751859, 141.104103 -19.754739, 141.104380 -19.757620, 141.104656 -19.760500, 141.104933 -19.763381, 141.105209 -19.766261, 141.105485 -19.769142, 141.105762 -19.772022, 141.106038 -19.774903, 141.106315 -19.777783, 141.106591 -19.780664, 141.106868 -19.783545, 141.107144 -19.786425, 141.107421 -19.789306, 141.107698 -19.792186, 141.107974 -19.795067, 141.108251 -19.797947, 141.108527 -19.800828, 141.108804 -19.803708, 141.109080 -19.806589, 141.109357 -19.809469, 141.109634 -19.812350, 141.109910 -19.815230, 141.110187 -19.818111, 141.110464 -19.820991, 141.110740 -19.823872, 141.111017 -19.826752, 141.111294 -19.829633, 141.111570 -19.832513, 141.111847 -19.835394, 141.112124 -19.838274, 141.112400 -19.841155, 141.112677 -19.844035, 141.112954 -19.846916, 141.113231 -19.849796, 141.113507 -19.852677, 141.113784 -19.855557, 141.114061 -19.858438, 141.114338 -19.861318, 141.114614 -19.864199, 141.114891 -19.867079, 141.115168 -19.869960, 141.115445 -19.872840, 141.115722 -19.875721, 141.115999 -19.878601, 141.116275 -19.881482, 141.116552 -19.884362, 141.116829 -19.887243, 141.117106 -19.890123, 141.117383 -19.893004, 141.117660 -19.895884, 141.117937 -19.898765, 141.118214 -19.901645, 141.118491 -19.904526, 141.118768 -19.907406, 141.119045 -19.910287, 141.119322 -19.913167, 141.119599 -19.916048, 141.119876 -19.918928, 141.120153 -19.921809, 141.120430 -19.924689, 141.120707 -19.927570, 141.120984 -19.930450, 141.121261 -19.933331, 141.121538 -19.936211, 141.121815 -19.939092, 141.122092 -19.941972, 141.122369 -19.944853, 141.122646 -19.947733, 141.122923 -19.950613, 141.123200 -19.953494, 141.123477 -19.956374, 141.123754 -19.959255, 141.124032 -19.962135, 141.124309 -19.965016, 141.124586 -19.967896, 141.124863 -19.970777, 141.125140 -19.973657, 141.125417 -19.976538, 141.125695 -19.979418, 141.125972 -19.982299, 141.126249 -19.985179, 141.126526 -19.988060, 141.126804 -19.990940, 141.127081 -19.993821, 141.127358 -19.996701, 141.127635 -19.999582, 141.127913 -20.002462, 141.128190 -20.005343, 141.128467 -20.008223, 141.128745 -20.011104, 141.129022 -20.013984, 141.129299 -20.016865, 141.129577 -20.019745, 141.129854 -20.022626, 141.130131 -20.025506, 141.130409 -20.028386, 141.130686 -20.031267, 141.130963 -20.034147, 141.131241 -20.037028, 141.131518 -20.039908, 141.131796 -20.042789, 141.132073 -20.045669, 141.132351 -20.048550, 141.132628 -20.051430, 141.132905 -20.054311, 141.133183 -20.057191, 141.133460 -20.060072, 141.133738 -20.062952, 141.134015 -20.065833, 141.134293 -20.068713, 141.134570 -20.071594, 141.134848 -20.074474, 141.135126 -20.077355, 141.135403 -20.080235, 141.135681 -20.083115, 141.135958 -20.085996, 141.136236 -20.088876, 141.136513 -20.091757, 141.136791 -20.094637, 141.137069 -20.097518, 141.137346 -20.100398, 141.137624 -20.103279, 141.137902 -20.106159, 141.138179 -20.109040, 141.138457 -20.111920, 141.138735 -20.114801, 141.139012 -20.117681, 141.139290 -20.120562, 141.139568 -20.123442, 141.139845 -20.126322, 141.140123 -20.129203, 141.140401 -20.132083, 141.140679 -20.134964, 141.140956 -20.137844, 141.141234 -20.140725, 141.141512 -20.143605, 141.141790 -20.146486, 141.142068 -20.149366, 141.142345 -20.152247, 141.142623 -20.155127, 141.142901 -20.158007, 141.143179 -20.160888, 141.143457 -20.163768, 141.143735 -20.166649, 141.144012 -20.169529, 141.144290 -20.172410, 141.144568 -20.175290, 141.144846 -20.178171, 141.145124 -20.181051, 141.145402 -20.183932, 141.145680 -20.186812, 141.145958 -20.189692, 141.146236 -20.192573, 141.146514 -20.195453, 141.146792 -20.198334, 141.147070 -20.201214, 141.147348 -20.204095, 141.147626 -20.206975, 141.147904 -20.209856, 141.148182 -20.212736, 141.148460 -20.215617, 141.148738 -20.218497, 141.149016 -20.221377, 141.149294 -20.224258, 141.149572 -20.227138, 141.149850 -20.230019, 141.150128 -20.232899, 141.150406 -20.235780, 141.150685 -20.238660, 141.150963 -20.241541, 141.151241 -20.244421, 141.151519 -20.247301, 141.151797 -20.250182, 141.152075 -20.253062, 141.152353 -20.255943, 141.152632 -20.258823, 141.152910 -20.261704, 141.153188 -20.264584, 141.153466 -20.267464, 141.153745 -20.270345, 141.154023 -20.273225, 141.154301 -20.276106, 141.154579 -20.278986, 141.154858 -20.281867, 141.155136 -20.284747, 141.155414 -20.287628, 141.155692 -20.290508, 141.155971 -20.293388, 141.156249 -20.296269, 141.156527 -20.299149, 141.156806 -20.302030, 141.157084 -20.304910, 141.157363 -20.307791, 141.157641 -20.310671, 141.157919 -20.313551, 141.158198 -20.316432, 141.158476 -20.319312, 141.158755 -20.322193, 141.159033 -20.325073, 141.159311 -20.327954, 141.159590 -20.330834, 141.159868 -20.333714, 141.160147 -20.336595, 141.160425 -20.339475, 141.160704 -20.342356, 141.160982 -20.345236, 141.161261 -20.348117, 141.161539 -20.350997, 141.161818 -20.353877, 141.162096 -20.356758, 141.162375 -20.359638, 141.162654 -20.362519, 141.162932 -20.365399, 141.163211 -20.368280, 141.163489 -20.371160, 141.163768 -20.374040, 141.164046 -20.376921, 141.164325 -20.379801, 141.164604 -20.382682, 141.164882 -20.385562, 141.165161 -20.388443, 141.165440 -20.391323, 141.165718 -20.394203, 141.165997 -20.397084, 141.166276 -20.399964, 141.166555 -20.402845, 141.166833 -20.405725, 141.167112 -20.408606, 141.167391 -20.411486, 141.167669 -20.414366, 141.167948 -20.417247, 141.168227 -20.420127, 141.168506 -20.423008, 141.168785 -20.425888, 141.169063 -20.428768, 141.169342 -20.431649, 141.169621 -20.434529, 141.169900 -20.437410, 141.170179 -20.440290, 141.170458 -20.443170, 141.170736 -20.446051, 141.171015 -20.448931, 141.171294 -20.451812, 141.171573 -20.454692, 141.171852 -20.457573, 141.172131 -20.460453, 141.172410 -20.463333, 141.172689 -20.466214, 141.172968 -20.469094, 141.173247 -20.471975, 141.173526 -20.474855, 141.173805 -20.477735, 141.174084 -20.480616, 141.174363 -20.483496, 141.174642 -20.486377, 141.174921 -20.489257, 141.175200 -20.492137, 141.175479 -20.495018, 141.175758 -20.497898, 141.176037 -20.500779, 141.176316 -20.503659, 141.176595 -20.506539, 141.176874 -20.509420, 141.177153 -20.512300, 141.177432 -20.515181, 141.177712 -20.518061, 141.177991 -20.520941, 141.178270 -20.523822, 141.178549 -20.526702, 141.178828 -20.529583, 141.179107 -20.532463, 141.179387 -20.535343, 141.179666 -20.538224, 141.179945 -20.541104, 141.180224 -20.543985, 141.180503 -20.546865, 141.180783 -20.549745, 141.181062 -20.552626, 141.181341 -20.555506, 141.181621 -20.558387, 141.181900 -20.561267, 141.182179 -20.564147, 141.182458 -20.567028, 141.182738 -20.569908, 141.183017 -20.572789, 141.183296 -20.575669, 141.183576 -20.578549, 141.183855 -20.581430, 141.184134 -20.584310, 141.184414 -20.587191, 141.184693 -20.590071, 141.184973 -20.592951, 141.185252 -20.595832, 141.185532 -20.598712, 141.185811 -20.601593, 141.186090 -20.604473, 141.186370 -20.607353, 141.186649 -20.610234, 141.186929 -20.613114, 141.187208 -20.615994, 141.187488 -20.618875, 141.187767 -20.621755, 141.188047 -20.624636, 141.188326 -20.627516, 141.188606 -20.630396, 141.188885 -20.633277, 141.189165 -20.636157, 141.189445 -20.639038, 141.189724 -20.641918, 141.190004 -20.644798, 141.190283 -20.647679, 141.190563 -20.650559, 141.190843 -20.653439, 141.191122 -20.656320, 141.191402 -20.659200, 141.191682 -20.662081, 141.191961 -20.664961, 141.192241 -20.667841, 141.192521 -20.670722, 141.192800 -20.673602, 141.193080 -20.676482, 141.193360 -20.679363, 141.193639 -20.682243, 141.193919 -20.685124, 141.194199 -20.688004, 141.194479 -20.690884, 141.194758 -20.693765, 141.195038 -20.696645, 141.195318 -20.699525, 141.195598 -20.702406, 141.195878 -20.705286, 141.196158 -20.708167, 141.196437 -20.711047, 141.196717 -20.713927, 141.196997 -20.716808, 141.197277 -20.719688, 141.197557 -20.722568, 141.197837 -20.725449, 141.198117 -20.728329, 141.198397 -20.731210, 141.198676 -20.734090, 141.198956 -20.736970, 141.199236 -20.739851, 141.199516 -20.742731, 141.199796 -20.745611, 141.200076 -20.748492, 141.200356 -20.751372, 141.200636 -20.754252, 141.200916 -20.757133, 141.201196 -20.760013, 141.201476 -20.762894, 141.201756 -20.765774, 141.202036 -20.768654, 141.202316 -20.771535, 141.202596 -20.774415, 141.202877 -20.777295, 141.203157 -20.780176, 141.203437 -20.783056, 141.203717 -20.785936, 141.203997 -20.788817, 141.204277 -20.791697, 141.204557 -20.794578, 141.204837 -20.797458, 141.205118 -20.800338, 141.205398 -20.803219, 141.205678 -20.806099, 141.205958 -20.808979, 141.206238 -20.811860, 141.206519 -20.814740, 141.206799 -20.817620, 141.207079 -20.820501, 141.207359 -20.823381, 141.207640 -20.826261, 141.207920 -20.829142, 141.208200 -20.832022, 141.208481 -20.834902, 141.208761 -20.837783, 141.209041 -20.840663, 141.209321 -20.843544, 141.209602 -20.846424, 141.209882 -20.849304, 141.210163 -20.852185, 141.210443 -20.855065, 141.210723 -20.857945, 141.211004 -20.860826, 141.211284 -20.863706, 141.211564 -20.866586, 141.211845 -20.869467, 141.212125 -20.872347, 141.212406 -20.875227, 141.212686 -20.878108, 141.212967 -20.880988, 141.213247 -20.883868, 141.213528 -20.886749, 141.213808 -20.889629, 141.214089 -20.892509, 141.214369 -20.895390, 141.214650 -20.898270, 141.214930 -20.901150, 141.215211 -20.904031, 141.215491 -20.906911, 141.215772 -20.909791, 141.216053 -20.912672, 141.216333 -20.915552, 141.216614 -20.918432, 141.216894 -20.921313, 141.217175 -20.924193, 141.217456 -20.927073, 141.217736 -20.929954, 141.218017 -20.932834, 141.218298 -20.935714, 141.218578 -20.938595, 141.218859 -20.941475, 141.219140 -20.944355, 141.219421 -20.947236, 141.219701 -20.950116, 141.219982 -20.952996, 141.220263 -20.955877, 141.220543 -20.958757, 141.220824 -20.961637, 141.221105 -20.964518, 141.221386 -20.967398, 141.221667 -20.970278, 141.221947 -20.973159, 141.222228 -20.976039, 141.222509 -20.978919, 141.222790 -20.981800, 141.223071 -20.984680, 141.223352 -20.987560, 141.223633 -20.990441, 141.223913 -20.993321, 141.224194 -20.996201, 141.224475 -20.999082, 141.224756 -21.001962, 141.225037 -21.004842, 141.225318 -21.007723, 141.225599 -21.010603, 141.225880 -21.013483, 141.226161 -21.016364, 141.226442 -21.019244, 141.226723 -21.022124, 141.227004 -21.025005, 141.227285 -21.027885, 141.227566 -21.030765, 141.227847 -21.033646, 141.228128 -21.036526, 141.228409 -21.039406, 141.228690 -21.042287, 141.228971 -21.045167, 141.229252 -21.048047, 141.229534 -21.050928, 141.229815 -21.053808, 141.230096 -21.056688, 141.230377 -21.059568, 141.230658 -21.062449, 141.230939 -21.065329, 141.231220 -21.068209, 141.231502 -21.071090, 141.231783 -21.073970, 141.232064 -21.076850, 141.232345 -21.079731, 141.232626 -21.082611, 141.232908 -21.085491, 141.233189 -21.088372, 141.233470 -21.091252, 141.233751 -21.094132, 141.234033 -21.097013, 141.234314 -21.099893, 141.234595 -21.102773, 141.234877 -21.105653, 141.235158 -21.108534, 141.235439 -21.111414, 141.235721 -21.114294, 141.236002 -21.117175, 141.236283 -21.120055, 141.236565 -21.122935, 141.236846 -21.125816, 141.237128 -21.128696, 141.237409 -21.131576, 141.237690 -21.134457, 141.237972 -21.137337, 141.238253 -21.140217, 141.238535 -21.143097, 141.238816 -21.145978, 141.239098 -21.148858, 141.239379 -21.151738, 141.239661 -21.154619, 141.239942 -21.157499, 141.240224 -21.160379, 141.240505 -21.163260, 141.240787 -21.166140, 141.241068 -21.169020, 141.241350 -21.171900, 141.241632 -21.174781, 141.241913 -21.177661, 141.242195 -21.180541, 141.242476 -21.183422, 141.242758 -21.186302, 141.243040 -21.189182, 141.243321 -21.192063, 141.243603 -21.194943, 141.243885 -21.197823, 141.244166 -21.200703, 141.244448 -21.203584, 141.244730 -21.206464, 141.245011 -21.209344, 141.245293 -21.212225, 141.245575 -21.215105, 141.245857 -21.217985, 141.246138 -21.220865, 141.246420 -21.223746, 141.246702 -21.226626, 141.246984 -21.229506, 141.247265 -21.232387, 141.247547 -21.235267, 141.247829 -21.238147, 141.248111 -21.241027, 141.248393 -21.243908, 141.248675 -21.246788, 141.248956 -21.249668, 141.249238 -21.252549, 141.249520 -21.255429, 141.249802 -21.258309, 141.250084 -21.261189, 141.250366 -21.264070, 141.250648 -21.266950, 141.250930 -21.269830, 141.251212 -21.272711, 141.251494 -21.275591, 141.251776 -21.278471, 141.252058 -21.281351, 141.252340 -21.284232, 141.252622 -21.287112, 141.252904 -21.289992, 141.253186 -21.292873, 141.253468 -21.295753, 141.253750 -21.298633, 141.254032 -21.301513, 141.254314 -21.304394, 141.254596 -21.307274, 141.254878 -21.310154, 141.255160 -21.313034, 141.255442 -21.315915, 141.255724 -21.318795, 141.256007 -21.321675, 141.256289 -21.324556, 141.256571 -21.327436, 141.256853 -21.330316, 141.257135 -21.333196, 141.257417 -21.336077, 141.257700 -21.338957, 141.257982 -21.341837, 141.258264 -21.344717, 141.258546 -21.347598, 141.258829 -21.350478, 141.259111 -21.353358, 141.259393 -21.356239, 141.259675 -21.359119, 141.259958 -21.361999, 141.260240 -21.364879, 141.260522 -21.367760, 141.260805 -21.370640, 141.261087 -21.373520, 141.261369 -21.376400, 141.261652 -21.379281, 141.261934 -21.382161, 141.262216 -21.385041, 141.262499 -21.387921, 141.262781 -21.390802, 141.263064 -21.393682, 141.263346 -21.396562, 141.263629 -21.399442, 141.263911 -21.402323, 141.264193 -21.405203, 141.264476 -21.408083, 141.264758 -21.410964, 141.265041 -21.413844, 141.265323 -21.416724, 141.265606 -21.419604, 141.265888 -21.422485, 141.266171 -21.425365, 141.266454 -21.428245, 141.266736 -21.431125, 141.267019 -21.434006, 141.267301 -21.436886, 141.267584 -21.439766, 141.267866 -21.442646, 141.268149 -21.445527, 141.268432 -21.448407, 141.268714 -21.451287, 141.268997 -21.454167, 141.269280 -21.457048, 141.269562 -21.459928, 141.269845 -21.462808, 141.270128 -21.465688, 141.270410 -21.468569, 141.270693 -21.471449, 141.270976 -21.474329, 141.271259 -21.477209, 141.271541 -21.480090, 141.271824 -21.482970, 141.272107 -21.485850, 141.272390 -21.488730, 141.272672 -21.491611, 141.272955 -21.494491, 141.273238 -21.497371, 141.273521 -21.500251, 141.273804 -21.503132, 141.274087 -21.506012, 141.274369 -21.508892, 141.274652 -21.511772, 141.274935 -21.514653, 141.275218 -21.517533, 141.275501 -21.520413, 141.275784 -21.523293, 141.276067 -21.526173, 141.276350 -21.529054, 141.276633 -21.531934, 141.276916 -21.534814, 141.277199 -21.537694, 141.277482 -21.540575, 141.277765 -21.543455, 141.278048 -21.546335, 141.278331 -21.549215, 141.278614 -21.552096, 141.278897 -21.554976, 141.279180 -21.557856, 141.279463 -21.560736, 141.279746 -21.563617, 141.280029 -21.566497, 141.280312 -21.569377, 141.280595 -21.572257, 141.280878 -21.575138, 141.281162 -21.578018, 141.281445 -21.580898, 141.281728 -21.583778, 141.282011 -21.586658, 141.282294 -21.589539, 141.282577 -21.592419, 141.282861 -21.595299, 141.283144 -21.598179, 141.283427 -21.601060, 141.283710 -21.603940, 141.283994 -21.606820, 141.284277 -21.609700, 141.284560 -21.612580, 141.284843 -21.615461, 141.285127 -21.618341, 141.285410 -21.621221, 141.285693 -21.624101, 141.285977 -21.626982, 141.286260 -21.629862, 141.286543 -21.632742, 141.286827 -21.635622, 141.287110 -21.638502, 141.287393 -21.641383, 141.287677 -21.644263, 141.287960 -21.647143, 141.288244 -21.650023, 141.288527 -21.652904, 141.288810 -21.655784, 141.289094 -21.658664, 141.289377 -21.661544, 141.289661 -21.664424, 141.289944 -21.667305, 141.290228 -21.670185, 141.290511 -21.673065, 141.290795 -21.675945, 141.291078 -21.678826, 141.291362 -21.681706, 141.291645 -21.684586, 141.291929 -21.687466, 141.292213 -21.690346, 141.292496 -21.693227, 141.292780 -21.696107, 141.293063 -21.698987, 141.293347 -21.701867, 141.293631 -21.704747, 141.293914 -21.707628, 141.294198 -21.710508, 141.294482 -21.713388, 141.294765 -21.716268, 141.295049 -21.719148, 141.295333 -21.722029, 141.295616 -21.724909, 141.295900 -21.727789, 141.296184 -21.730669, 141.296468 -21.733550, 141.296751 -21.736430, 141.297035 -21.739310, 141.297319 -21.742190, 141.297603 -21.745070, 141.297886 -21.747951, 141.298170 -21.750831, 141.298454 -21.753711, 141.298738 -21.756591, 141.299022 -21.759471, 141.299306 -21.762352, 141.299589 -21.765232, 141.299873 -21.768112, 141.300157 -21.770992, 141.300441 -21.773872, 141.300725 -21.776753, 141.301009 -21.779633, 141.301293 -21.782513, 141.301577 -21.785393, 141.301861 -21.788273, 141.302145 -21.791154, 141.302429 -21.794034, 141.302713 -21.796914, 141.302997 -21.799794, 141.303281 -21.802674, 141.303565 -21.805554, 141.303849 -21.808435, 141.304133 -21.811315, 141.304417 -21.814195, 141.304701 -21.817075, 141.304985 -21.819955, 141.305269 -21.822836, 141.305553 -21.825716, 141.305837 -21.828596, 141.306122 -21.831476, 141.306406 -21.834356, 141.306690 -21.837237, 141.306974 -21.840117, 141.307258 -21.842997, 141.307542 -21.845877, 141.307827 -21.848757, 141.308111 -21.851638, 141.308395 -21.854518, 141.308679 -21.857398, 141.308964 -21.860278, 141.309248 -21.863158, 141.309532 -21.866038, 141.309816 -21.868919, 141.310101 -21.871799, 141.310385 -21.874679, 141.310669 -21.877559, 141.310954 -21.880439, 141.311238 -21.883320, 141.311522 -21.886200, 141.311807 -21.889080, 141.312091 -21.891960, 141.312375 -21.894840, 141.312660 -21.897720, 141.312944 -21.900601, 141.313229 -21.903481, 141.313513 -21.906361, 141.313798 -21.909241, 141.314082 -21.912121, 141.314366 -21.915001, 141.314651 -21.917882, 141.314935 -21.920762, 141.315220 -21.923642, 141.315504 -21.926522, 141.315789 -21.929402, 141.316073 -21.932282, 141.316358 -21.935163, 141.316643 -21.938043, 141.316927 -21.940923, 141.317212 -21.943803, 141.317496 -21.946683, 141.317781 -21.949564, 141.318066 -21.952444, 141.318350 -21.955324, 141.318635 -21.958204, 141.318919 -21.961084, 141.319204 -21.963964, 141.319489 -21.966845, 141.319773 -21.969725, 141.320058 -21.972605, 141.320343 -21.975485, 141.320628 -21.978365, 141.320912 -21.981245, 141.321197 -21.984126, 141.321482 -21.987006, 141.321767 -21.989886, 141.322051 -21.992766, 141.322336 -21.995646, 141.322621 -21.998526, 141.322906 -22.001406, 141.323191 -22.004287, 141.323475 -22.007167, 141.323760 -22.010047, 141.324045 -22.012927, 141.324330 -22.015807, 141.324615 -22.018687, 141.324900 -22.021568, 141.325185 -22.024448, 141.325470 -22.027328, 141.325754 -22.030208, 141.326039 -22.033088, 141.326324 -22.035968, 141.326609 -22.038849, 141.326894 -22.041729, 141.327179 -22.044609, 141.327464 -22.047489, 141.327749 -22.050369, 141.328034 -22.053249, 141.328319 -22.056129, 141.328604 -22.059010, 141.328889 -22.061890, 141.329174 -22.064770, 141.329460 -22.067650, 141.329745 -22.070530, 141.330030 -22.073410, 141.330315 -22.076290, 141.330600 -22.079171, 141.330885 -22.082051, 141.331170 -22.084931, 141.331455 -22.087811, 141.331741 -22.090691, 141.332026 -22.093571, 141.332311 -22.096451, 141.332596 -22.099332, 141.332881 -22.102212, 141.333167 -22.105092, 141.333452 -22.107972, 141.333737 -22.110852, 141.334022 -22.113732, 141.334308 -22.116612, 141.334593 -22.119493, 141.334878 -22.122373, 141.335164 -22.125253, 141.335449 -22.128133, 141.335734 -22.131013, 141.336020 -22.133893, 141.336305 -22.136773, 141.336590 -22.139654, 141.336876 -22.142534, 141.337161 -22.145414, 141.337446 -22.148294, 141.337732 -22.151174, 141.338017 -22.154054, 141.338303 -22.156934, 141.338588 -22.159815, 141.338874 -22.162695, 141.339159 -22.165575, 141.339445 -22.168455, 141.339730 -22.171335, 141.340016 -22.174215, 141.340301 -22.177095, 141.340587 -22.179975, 141.340872 -22.182856, 141.341158 -22.185736, 141.341443 -22.188616, 141.341729 -22.191496, 141.342015 -22.194376, 141.342300 -22.197256, 141.342586 -22.200136, 141.342871 -22.203016, 141.343157 -22.205897, 141.343443 -22.208777, 141.343728 -22.211657, 141.344014 -22.214537, 141.344300 -22.217417, 141.344585 -22.220297, 141.344871 -22.223177, 141.345157 -22.226057, 141.345443 -22.228938, 141.345728 -22.231818, 141.346014 -22.234698, 141.346300 -22.237578, 141.346586 -22.240458, 141.346871 -22.243338, 141.347157 -22.246218, 141.347443 -22.249098, 141.347729 -22.251978, 141.348015 -22.254859, 141.348300 -22.257739, 141.348586 -22.260619, 141.348872 -22.263499, 141.349158 -22.266379, 141.349444 -22.269259, 141.349730 -22.272139, 141.350016 -22.275019, 141.350302 -22.277900, 141.350588 -22.280780, 141.350874 -22.283660, 141.351160 -22.286540, 141.351446 -22.289420, 141.351732 -22.292300, 141.352018 -22.295180, 141.352304 -22.298060, 141.352590 -22.300940, 141.352876 -22.303821, 141.353162 -22.306701, 141.353448 -22.309581, 141.353734 -22.312461, 141.354020 -22.315341, 141.354306 -22.318221, 141.354592 -22.321101, 141.354878 -22.323981, 141.355164 -22.326861, 141.355451 -22.329741, 141.355737 -22.332622, 141.356023 -22.335502, 141.356309 -22.338382, 141.356595 -22.341262, 141.356881 -22.344142, 141.357168 -22.347022, 141.357454 -22.349902, 141.357740 -22.352782, 141.358026 -22.355662, 141.358313 -22.358542, 141.358599 -22.361423, 141.358885 -22.364303, 141.359171 -22.367183, 141.359458 -22.370063, 141.359744 -22.372943, 141.360030 -22.375823, 141.360317 -22.378703, 141.360603 -22.381583, 141.360890 -22.384463, 141.361176 -22.387343, 141.361462 -22.390224, 141.361749 -22.393104, 141.362035 -22.395984, 141.362322 -22.398864, 141.362608 -22.401744, 141.362894 -22.404624, 141.363181 -22.407504, 141.363467 -22.410384, 141.363754 -22.413264, 141.364040 -22.416144, 141.364327 -22.419024, 141.364613 -22.421904, 141.364900 -22.424785, 141.365186 -22.427665, 141.365473 -22.430545, 141.365760 -22.433425, 141.366046 -22.436305, 141.366333 -22.439185, 141.366619 -22.442065, 141.366906 -22.444945, 141.367193 -22.447825, 141.367479 -22.450705, 141.367766 -22.453585, 141.368053 -22.456465, 141.368339 -22.459346, 141.368626 -22.462226, 141.368913 -22.465106, 141.369199 -22.467986, 141.369486 -22.470866, 141.369773 -22.473746, 141.370060 -22.476626, 141.370346 -22.479506, 141.370633 -22.482386, 141.370920 -22.485266, 141.371207 -22.488146, 141.371493 -22.491026, 141.371780 -22.493907, 141.372067 -22.496787, 141.372354 -22.499667, 141.372641 -22.502547, 141.372928 -22.505427, 141.373215 -22.508307, 141.373501 -22.511187, 141.373788 -22.514067, 141.374075 -22.516947, 141.374362 -22.519827, 141.374649 -22.522707, 141.374936 -22.525587, 141.375223 -22.528467, 141.375510 -22.531347, 141.375797 -22.534227, 141.376084 -22.537108, 141.376371 -22.539988, 141.376658 -22.542868, 141.376945 -22.545748, 141.377232 -22.548628, 141.377519 -22.551508, 141.377806 -22.554388, 141.378093 -22.557268, 141.378380 -22.560148, 141.378668 -22.563028, 141.378955 -22.565908, 141.379242 -22.568788, 141.379529 -22.571668, 141.379816 -22.574548, 141.380103 -22.577428, 141.380390 -22.580308, 141.380678 -22.583189, 141.380965 -22.586069, 141.381252 -22.588949, 141.381539 -22.591829, 141.381827 -22.594709, 141.382114 -22.597589, 141.382401 -22.600469, 141.382688 -22.603349, 141.382976 -22.606229, 141.383263 -22.609109, 141.383550 -22.611989, 141.383838 -22.614869, 141.384125 -22.617749, 141.384412 -22.620629, 141.384700 -22.623509, 141.384987 -22.626389, 141.385274 -22.629269, 141.385562 -22.632149, 141.385849 -22.635030, 141.386137 -22.637910, 141.386424 -22.640790, 141.386711 -22.643670, 141.386999 -22.646550, 141.387286 -22.649430, 141.387574 -22.652310, 141.387861 -22.655190, 141.388149 -22.658070, 141.388436 -22.660950, 141.388724 -22.663830, 141.389011 -22.666710, 141.389299 -22.669590, 141.389587 -22.672470, 141.389874 -22.675350, 141.390162 -22.678230, 141.390449 -22.681110, 141.390737 -22.683990, 141.391025 -22.686870, 141.391312 -22.689750, 141.391600 -22.692630, 141.391888 -22.695510, 141.392175 -22.698390, 141.392463 -22.701271, 141.392751 -22.704151, 141.393038 -22.707031, 141.393326 -22.709911, 141.393614 -22.712791, 141.393902 -22.715671, 141.394189 -22.718551, 141.394477 -22.721431, 141.394765 -22.724311, 141.395053 -22.727191, 141.395340 -22.730071, 141.395628 -22.732951, 141.395916 -22.735831, 141.396204 -22.738711, 141.396492 -22.741591, 141.396780 -22.744471, 141.397068 -22.747351, 141.397355 -22.750231, 141.397643 -22.753111, 141.397931 -22.755991, 141.398219 -22.758871, 141.398507 -22.761751, 141.398795 -22.764631, 141.399083 -22.767511, 141.399371 -22.770391, 141.399659 -22.773271, 141.399947 -22.776151, 141.400235 -22.779031, 141.400523 -22.781911, 141.400811 -22.784791, 141.401099 -22.787671, 141.401387 -22.790551, 141.401675 -22.793431, 141.401963 -22.796311, 141.402251 -22.799191, 141.402540 -22.802072, 141.402828 -22.804952, 141.403116 -22.807832, 141.403404 -22.810712, 141.403692 -22.813592, 141.403980 -22.816472, 141.404268 -22.819352, 141.404557 -22.822232, 141.404845 -22.825112, 141.405133 -22.827992, 141.405421 -22.830872, 141.405710 -22.833752, 141.405998 -22.836632, 141.406286 -22.839512, 141.406574 -22.842392, 141.406863 -22.845272, 141.407151 -22.848152, 141.407439 -22.851032, 141.407728 -22.853912, 141.408016 -22.856792, 141.408304 -22.859672, 141.408593 -22.862552, 141.408881 -22.865432, 141.409169 -22.868312, 141.409458 -22.871192, 141.409746 -22.874072, 141.410035 -22.876952, 141.410323 -22.879832, 141.410612 -22.882712, 141.410900 -22.885592, 141.411189 -22.888472, 141.411477 -22.891352, 141.411766 -22.894232, 141.412054 -22.897112, 141.412343 -22.899992, 141.412631 -22.902872, 141.412920 -22.905752, 141.413208 -22.908632, 141.413497 -22.911512, 141.413785 -22.914392, 141.414074 -22.917272, 141.414363 -22.920152, 141.414651 -22.923032, 141.414940 -22.925912, 141.415229 -22.928792, 141.415517 -22.931672, 141.415806 -22.934552, 141.416095 -22.937432, 141.416383 -22.940312, 141.416672 -22.943192, 141.416961 -22.946072, 141.417249 -22.948952, 141.417538 -22.951832, 141.417827 -22.954712, 141.418116 -22.957592, 141.418404 -22.960472, 141.418693 -22.963352, 141.418982 -22.966232, 141.419271 -22.969112, 141.419560 -22.971992, 141.419849 -22.974872, 141.420137 -22.977752, 141.420426 -22.980632, 141.420715 -22.983512, 141.421004 -22.986392, 141.421293 -22.989272, 141.421582 -22.992152, 141.421871 -22.995032, 141.422160 -22.997912, 141.422449 -23.000792, 141.422738 -23.003672, 141.423027 -23.006552, 141.423316 -23.009432, 141.423605 -23.012312, 141.423894 -23.015192, 141.424183 -23.018072, 141.424472 -23.020951, 141.424761 -23.023831, 141.425050 -23.026711, 141.425339 -23.029591, 141.425628 -23.032471, 141.425917 -23.035351, 141.426206 -23.038231, 141.426495 -23.041111, 141.426785 -23.043991, 141.427074 -23.046871, 141.427363 -23.049751, 141.427652 -23.052631, 141.427941 -23.055511, 141.428230 -23.058391, 141.428520 -23.061271, 141.428809 -23.064151, 141.429098 -23.067031, 141.429387 -23.069911, 141.429677 -23.072791, 141.429966 -23.075671, 141.430255 -23.078551, 141.430545 -23.081431, 141.430834 -23.084311, 141.431123 -23.087191, 141.431412 -23.090071, 141.431702 -23.092951, 141.431991 -23.095831, 141.432281 -23.098711, 141.432570 -23.101591, 141.432859 -23.104471, 141.433149 -23.107351, 141.433438 -23.110231, 141.433728 -23.113111, 141.434017 -23.115991, 141.434307 -23.118870, 141.434596 -23.121750, 141.434886 -23.124630, 141.435175 -23.127510, 141.435465 -23.130390, 141.435754 -23.133270, 141.436044 -23.136150, 141.436333 -23.139030, 141.436623 -23.141910, 141.436912 -23.144790, 141.437202 -23.147670, 141.437491 -23.150550, 141.437781 -23.153430, 141.438071 -23.156310, 141.438360 -23.159190, 141.438650 -23.162070, 141.438940 -23.164950, 141.439229 -23.167830, 141.439519 -23.170710, 141.439809 -23.173590, 141.440098 -23.176470, 141.440388 -23.179350, 141.440678 -23.182230, 141.440968 -23.185109, 141.441257 -23.187989, 141.441547 -23.190869, 141.441837 -23.193749, 141.442127 -23.196629, 141.442417 -23.199509, 141.442706 -23.202389, 141.442996 -23.205269, 141.443286 -23.208149, 141.443576 -23.211029, 141.443866 -23.213909, 141.444156 -23.216789, 141.444446 -23.219669, 141.444736 -23.222549, 141.445025 -23.225429, 141.445315 -23.228309, 141.445605 -23.231189, 141.445895 -23.234069, 141.446185 -23.236948, 141.446475 -23.239828, 141.446765 -23.242708, 141.447055 -23.245588, 141.447345 -23.248468, 141.447635 -23.251348, 141.447925 -23.254228, 141.448215 -23.257108, 141.448506 -23.259988, 141.448796 -23.262868, 141.449086 -23.265748, 141.449376 -23.268628, 141.449666 -23.271508, 141.449956 -23.274388, 141.450246 -23.277268, 141.450536 -23.280148, 141.450827 -23.283027, 141.451117 -23.285907, 141.451407 -23.288787, 141.451697 -23.291667, 141.451987 -23.294547, 141.452278 -23.297427, 141.452568 -23.300307, 141.452858 -23.303187, 141.453148 -23.306067, 141.453439 -23.308947, 141.453729 -23.311827, 141.454019 -23.314707, 141.454310 -23.317587, 141.454600 -23.320467, 141.454890 -23.323346, 141.455181 -23.326226, 141.455471 -23.329106, 141.455762 -23.331986, 141.456052 -23.334866, 141.456342 -23.337746, 141.456633 -23.340626, 141.456923 -23.343506, 141.457214 -23.346386, 141.457504 -23.349266, 141.457795 -23.352146, 141.458085 -23.355026, 141.458376 -23.357906, 141.458666 -23.360785, 141.458957 -23.363665, 141.459247 -23.366545, 141.459538 -23.369425, 141.459828 -23.372305, 141.460119 -23.375185, 141.460409 -23.378065, 141.460700 -23.380945, 141.460991 -23.383825, 141.461281 -23.386705, 141.461572 -23.389585, 141.461863 -23.392464, 141.462153 -23.395344, 141.462444 -23.398224, 141.462735 -23.401104, 141.463025 -23.403984, 141.463316 -23.406864, 141.463607 -23.409744, 141.463898 -23.412624, 141.464188 -23.415504, 141.464479 -23.418384, 141.464770 -23.421264, 141.465061 -23.424143, 141.465351 -23.427023, 141.465642 -23.429903, 141.465933 -23.432783, 141.466224 -23.435663, 141.466515 -23.438543, 141.466806 -23.441423, 141.467097 -23.444303, 141.467387 -23.447183, 141.467678 -23.450063, 141.467969 -23.452942, 141.468260 -23.455822, 141.468551 -23.458702, 141.468842 -23.461582, 141.469133 -23.464462, 141.469424 -23.467342, 141.469715 -23.470222, 141.470006 -23.473102, 141.470297 -23.475982, 141.470588 -23.478862, 141.470879 -23.481741, 141.471170 -23.484621, 141.471461 -23.487501, 141.471752 -23.490381, 141.472043 -23.493261, 141.472335 -23.496141, 141.472626 -23.499021, 141.472917 -23.501901, 141.473208 -23.504781, 141.473499 -23.507660, 141.473790 -23.510540, 141.474082 -23.513420, 141.474373 -23.516300, 141.474664 -23.519180, 141.474955 -23.522060, 141.475246 -23.524940, 141.475538 -23.527820, 141.475829 -23.530700, 141.476120 -23.533579, 141.476411 -23.536459, 141.476703 -23.539339, 141.476994 -23.542219, 141.477285 -23.545099, 141.477577 -23.547979, 141.477868 -23.550859, 141.478159 -23.553739, 141.478451 -23.556619, 141.478742 -23.559498, 141.479034 -23.562378, 141.479325 -23.565258, 141.479616 -23.568138, 141.479908 -23.571018, 141.480199 -23.573898, 141.480491 -23.576778, 141.480782 -23.579658, 141.481074 -23.582537, 141.481365 -23.585417, 141.481657 -23.588297, 141.481948 -23.591177, 141.482240 -23.594057, 141.482531 -23.596937, 141.482823 -23.599817, 141.483115 -23.602697, 141.483406 -23.605576, 141.483698 -23.608456, 141.483989 -23.611336, 141.484281 -23.614216, 141.484573 -23.617096, 141.484864 -23.619976, 141.485156 -23.622856, 141.485448 -23.625736, 141.485739 -23.628615, 141.486031 -23.631495, 141.486323 -23.634375, 141.486615 -23.637255, 141.486906 -23.640135, 141.487198 -23.643015, 141.487490 -23.645895, 141.487782 -23.648774, 141.488073 -23.651654, 141.488365 -23.654534, 141.488657 -23.657414, 141.488949 -23.660294, 141.489241 -23.663174, 141.489533 -23.666054, 141.489825 -23.668933, 141.490116 -23.671813, 141.490408 -23.674693, 141.490700 -23.677573, 141.490992 -23.680453, 141.491284 -23.683333, 141.491576 -23.686213, 141.491868 -23.689092, 141.492160 -23.691972, 141.492452 -23.694852, 141.492744 -23.697732, 141.493036 -23.700612, 141.493328 -23.703492, 141.493620 -23.706372, 141.493912 -23.709251, 141.494204 -23.712131, 141.494496 -23.715011, 141.494788 -23.717891, 141.495081 -23.720771, 141.495373 -23.723651, 141.495665 -23.726531, 141.495957 -23.729410, 141.496249 -23.732290, 141.496541 -23.735170, 141.496833 -23.738050, 141.497126 -23.740930, 141.497418 -23.743810, 141.497710 -23.746689, 141.498002 -23.749569, 141.498295 -23.752449, 141.498587 -23.755329, 141.498879 -23.758209, 141.499171 -23.761089, 141.499464 -23.763969, 141.499756 -23.766848, 141.500048 -23.769728, 141.500341 -23.772608, 141.500633 -23.775488, 141.500925 -23.778368, 141.501218 -23.781248, 141.501510 -23.784127, 141.501803 -23.787007, 141.502095 -23.789887, 141.502388 -23.792767, 141.502680 -23.795647, 141.502972 -23.798527, 141.503265 -23.801406, 141.503557 -23.804286, 141.503850 -23.807166, 141.504142 -23.810046, 141.504435 -23.812926, 141.504727 -23.815806, 141.505020 -23.818685, 141.505313 -23.821565, 141.505605 -23.824445, 141.505898 -23.827325, 141.506190 -23.830205, 141.506483 -23.833085, 141.506776 -23.835964, 141.507068 -23.838844, 141.507361 -23.841724, 141.507654 -23.844604, 141.507946 -23.847484, 141.508239 -23.850364, 141.508532 -23.853243, 141.508824 -23.856123, 141.509117 -23.859003, 141.509410 -23.861883, 141.509703 -23.864763, 141.509995 -23.867642, 141.510288 -23.870522, 141.510581 -23.873402, 141.510874 -23.876282, 141.511167 -23.879162, 141.511459 -23.882042, 141.511752 -23.884921, 141.512045 -23.887801, 141.512338 -23.890681, 141.512631 -23.893561, 141.512924 -23.896441, 141.513217 -23.899320, 141.513510 -23.902200, 141.513803 -23.905080, 141.514095 -23.907960, 141.514388 -23.910840, 141.514681 -23.913720, 141.514974 -23.916599, 141.515267 -23.919479, 141.515560 -23.922359, 141.515853 -23.925239, 141.516147 -23.928119, 141.516440 -23.930998, 141.516733 -23.933878, 141.517026 -23.936758, 141.517319 -23.939638, 141.517612 -23.942518, 141.517905 -23.945397, 141.518198 -23.948277, 141.518491 -23.951157, 141.518785 -23.954037, 141.519078 -23.956917, 141.519371 -23.959796, 141.519664 -23.962676, 141.519957 -23.965556, 141.520251 -23.968436, 141.520544 -23.971316, 141.520837 -23.974195, 141.521130 -23.977075, 141.521424 -23.979955, 141.521717 -23.982835, 141.522010 -23.985715, 141.522303 -23.988594, 141.522597 -23.991474, 141.522890 -23.994354, 141.523184 -23.997234, 141.523477 -24.000114, 141.523770 -24.002993, 141.524064 -24.005873, 141.524357 -24.008753, 141.524651 -24.011633, 141.524944 -24.014513, 141.525237 -24.017392, 141.525531 -24.020272, 141.525824 -24.023152, 141.526118 -24.026032, 141.526411 -24.028912, 141.526705 -24.031791, 141.526998 -24.034671, 141.527292 -24.037551, 141.527585 -24.040431, 141.527879 -24.043311, 141.528173 -24.046190, 141.528466 -24.049070, 141.528760 -24.051950, 141.529053 -24.054830, 141.529347 -24.057709, 141.529641 -24.060589, 141.529934 -24.063469, 141.530228 -24.066349, 141.530522 -24.069229, 141.530815 -24.072108, 141.531109 -24.074988, 141.531403 -24.077868, 141.531697 -24.080748, 141.531990 -24.083627, 141.532284 -24.086507, 141.532578 -24.089387, 141.532872 -24.092267, 141.533166 -24.095147, 141.533459 -24.098026, 141.533753 -24.100906, 141.534047 -24.103786, 141.534341 -24.106666, 141.534635 -24.109545, 141.534929 -24.112425, 141.535223 -24.115305, 141.535516 -24.118185, 141.535810 -24.121065, 141.536104 -24.123944, 141.536398 -24.126824, 141.536692 -24.129704, 141.536986 -24.132584, 141.537280 -24.135463, 141.537574 -24.138343, 141.537868 -24.141223, 141.538162 -24.144103, 141.538456 -24.146982, 141.538750 -24.149862, 141.539044 -24.152742, 141.539339 -24.155622, 141.539633 -24.158502, 141.539927 -24.161381, 141.540221 -24.164261, 141.540515 -24.167141, 141.540809 -24.170021, 141.541103 -24.172900, 141.541398 -24.175780, 141.541692 -24.178660, 141.541986 -24.181540, 141.542280 -24.184419, 141.542574 -24.187299, 141.542869 -24.190179, 141.543163 -24.193059, 141.543457 -24.195938, 141.543751 -24.198818, 141.544046 -24.201698, 141.544340 -24.204578, 141.544634 -24.207457, 141.544929 -24.210337, 141.545223 -24.213217, 141.545517 -24.216097, 141.545812 -24.218976, 141.546106 -24.221856, 141.546401 -24.224736, 141.546695 -24.227616, 141.546989 -24.230495, 141.547284 -24.233375, 141.547578 -24.236255, 141.547873 -24.239135, 141.548167 -24.242014, 141.548462 -24.244894, 141.548756 -24.247774, 141.549051 -24.250654, 141.549345 -24.253533, 141.549640 -24.256413, 141.549934 -24.259293, 141.550229 -24.262173, 141.550524 -24.265052, 141.550818 -24.267932, 141.551113 -24.270812, 141.551407 -24.273692, 141.551702 -24.276571, 141.551997 -24.279451, 141.552291 -24.282331, 141.552586 -24.285211, 141.552881 -24.288090, 141.553176 -24.290970, 141.553470 -24.293850, 141.553765 -24.296730, 141.554060 -24.299609, 141.554355 -24.302489, 141.554649 -24.305369, 141.554944 -24.308249, 141.555239 -24.311128, 141.555534 -24.314008, 141.555829 -24.316888, 141.556123 -24.319767, 141.556418 -24.322647, 141.556713 -24.325527, 141.557008 -24.328407, 141.557303 -24.331286, 141.557598 -24.334166, 141.557893 -24.337046, 141.558188 -24.339926, 141.558483 -24.342805, 141.558778 -24.345685, 141.559073 -24.348565, 141.559368 -24.351445, 141.559663 -24.354324, 141.559958 -24.357204, 141.560253 -24.360084, 141.560548 -24.362963, 141.560843 -24.365843, 141.561138 -24.368723, 141.561433 -24.371603, 141.561728 -24.374482, 141.562023 -24.377362, 141.562318 -24.380242, 141.562613 -24.383121, 141.562908 -24.386001, 141.563204 -24.388881, 141.563499 -24.391761, 141.563794 -24.394640, 141.564089 -24.397520, 141.564384 -24.400400, 141.564680 -24.403280, 141.564975 -24.406159, 141.565270 -24.409039, 141.565565 -24.411919, 141.565861 -24.414798, 141.566156 -24.417678, 141.566451 -24.420558, 141.566747 -24.423438, 141.567042 -24.426317, 141.567337 -24.429197, 141.567633 -24.432077, 141.567928 -24.434956, 141.568224 -24.437836, 141.568519 -24.440716, 141.568814 -24.443595, 141.569110 -24.446475, 141.569405 -24.449355, 141.569701 -24.452235, 141.569996 -24.455114, 141.570292 -24.457994, 141.570587 -24.460874, 141.570883 -24.463753, 141.571178 -24.466633, 141.571474 -24.469513, 141.571769 -24.472393, 141.572065 -24.475272, 141.572361 -24.478152, 141.572656 -24.481032, 141.572952 -24.483911, 141.573247 -24.486791, 141.573543 -24.489671, 141.573839 -24.492550, 141.574134 -24.495430, 141.574430 -24.498310, 141.574726 -24.501190, 141.575021 -24.504069, 141.575317 -24.506949, 141.575613 -24.509829, 141.575909 -24.512708, 141.576204 -24.515588, 141.576500 -24.518468, 141.576796 -24.521347, 141.577092 -24.524227, 141.577388 -24.527107, 141.577683 -24.529986, 141.577979 -24.532866, 141.578275 -24.535746, 141.578571 -24.538626, 141.578867 -24.541505, 141.579163 -24.544385, 141.579459 -24.547265, 141.579755 -24.550144, 141.580050 -24.553024, 141.580346 -24.555904, 141.580642 -24.558783, 141.580938 -24.561663, 141.581234 -24.564543, 141.581530 -24.567422, 141.581826 -24.570302, 141.582122 -24.573182, 141.582418 -24.576061, 141.582715 -24.578941, 141.583011 -24.581821, 141.583307 -24.584701, 141.583603 -24.587580, 141.583899 -24.590460, 141.584195 -24.593340, 141.584491 -24.596219, 141.584787 -24.599099, 141.585083 -24.601979, 141.585380 -24.604858, 141.585676 -24.607738, 141.585972 -24.610618, 141.586268 -24.613497, 141.586565 -24.616377, 141.586861 -24.619257, 141.587157 -24.622136, 141.587453 -24.625016, 141.587750 -24.627896, 141.588046 -24.630775, 141.588342 -24.633655, 141.588639 -24.636535, 141.588935 -24.639414, 141.589231 -24.642294, 141.589528 -24.645174, 141.589824 -24.648053, 141.590120 -24.650933, 141.590417 -24.653813, 141.590713 -24.656692, 141.591010 -24.659572, 141.591306 -24.662452, 141.591603 -24.665331, 141.591899 -24.668211, 141.592196 -24.671091, 141.592492 -24.673970, 141.592789 -24.676850, 141.593085 -24.679730, 141.593382 -24.682609, 141.593678 -24.685489, 141.593975 -24.688369, 141.594271 -24.691248, 141.594568 -24.694128, 141.594865 -24.697008, 141.595161 -24.699887, 141.595458 -24.702767, 141.595755 -24.705647, 141.596051 -24.708526, 141.596348 -24.711406, 141.596645 -24.714286, 141.596941 -24.717165, 141.597238 -24.720045, 141.597535 -24.722925, 141.597832 -24.725804, 141.598128 -24.728684, 141.598425 -24.731563, 141.598722 -24.734443, 141.599019 -24.737323, 141.599316 -24.740202, 141.599612 -24.743082, 141.599909 -24.745962, 141.600206 -24.748841, 141.600503 -24.751721, 141.600800 -24.754601, 141.601097 -24.757480, 141.601394 -24.760360, 141.601691 -24.763240, 141.601988 -24.766119, 141.602285 -24.768999, 141.602582 -24.771879, 141.602879 -24.774758, 141.603176 -24.777638, 141.603473 -24.780517, 141.603770 -24.783397, 141.604067 -24.786277, 141.604364 -24.789156, 141.604661 -24.792036, 141.604958 -24.794916, 141.605255 -24.797795, 141.605552 -24.800675, 141.605849 -24.803555, 141.606146 -24.806434, 141.606444 -24.809314, 141.606741 -24.812193, 141.607038 -24.815073, 141.607335 -24.817953, 141.607632 -24.820832, 141.607930 -24.823712, 141.608227 -24.826592, 141.608524 -24.829471, 141.608821 -24.832351, 141.609119 -24.835231, 141.609416 -24.838110, 141.609713 -24.840990, 141.610011 -24.843869, 141.610308 -24.846749, 141.610605 -24.849629, 141.610903 -24.852508, 141.611200 -24.855388, 141.611497 -24.858268, 141.611795 -24.861147, 141.612092 -24.864027, 141.612390 -24.866906, 141.612687 -24.869786, 141.612985 -24.872666, 141.613282 -24.875545, 141.613579 -24.878425, 141.613877 -24.881304, 141.614174 -24.884184, 141.614472 -24.887064, 141.614770 -24.889943, 141.615067 -24.892823, 141.615365 -24.895703, 141.615662 -24.898582, 141.615960 -24.901462, 141.616257 -24.904341, 141.616555 -24.907221, 141.616853 -24.910101, 141.617150 -24.912980, 141.617448 -24.915860, 141.617746 -24.918740, 141.618043 -24.921619, 141.618341 -24.924499, 141.618639 -24.927378, 141.618937 -24.930258, 141.619234 -24.933138, 141.619532 -24.936017, 141.619830 -24.938897, 141.620128 -24.941776, 141.620426 -24.944656, 141.620723 -24.947536, 141.621021 -24.950415, 141.621319 -24.953295, 141.621617 -24.956174, 141.621915 -24.959054, 141.622213 -24.961934, 141.622511 -24.964813, 141.622808 -24.967693, 141.623106 -24.970572, 141.623404 -24.973452, 141.623702 -24.976332, 141.624000 -24.979211, 141.624298 -24.982091, 141.624596 -24.984970, 141.624894 -24.987850, 141.625192 -24.990730, 141.625490 -24.993609, 141.625788 -24.996489, 141.626087 -24.999368, 141.626385 -25.002248, 141.626683 -25.005128, 141.626981 -25.008007, 141.627279 -25.010887, 141.627577 -25.013766, 141.627875 -25.016646, 141.628173 -25.019526, 141.628472 -25.022405, 141.628770 -25.025285, 141.629068 -25.028164, 141.629366 -25.031044, 141.629664 -25.033924, 141.629963 -25.036803, 141.630261 -25.039683, 141.630559 -25.042562, 141.630858 -25.045442, 141.631156 -25.048321, 141.631454 -25.051201, 141.631753 -25.054081, 141.632051 -25.056960, 141.632349 -25.059840, 141.632648 -25.062719, 141.632946 -25.065599, 141.633244 -25.068479, 141.633543 -25.071358, 141.633841 -25.074238, 141.634140 -25.077117, 141.634438 -25.079997, 141.634737 -25.082876, 141.635035 -25.085756, 141.635334 -25.088636, 141.635632 -25.091515, 141.635931 -25.094395, 141.636229 -25.097274, 141.636528 -25.100154, 141.636826 -25.103033, 141.637125 -25.105913, 141.637424 -25.108793, 141.637722 -25.111672, 141.638021 -25.114552, 141.638320 -25.117431, 141.638618 -25.120311, 141.638917 -25.123190, 141.639216 -25.126070, 141.639514 -25.128950, 141.639813 -25.131829, 141.640112 -25.134709, 141.640410 -25.137588, 141.640709 -25.140468, 141.641008 -25.143347, 141.641307 -25.146227, 141.641606 -25.149107, 141.641904 -25.151986, 141.642203 -25.154866, 141.642502 -25.157745, 141.642801 -25.160625, 141.643100 -25.163504, 141.643399 -25.166384, 141.643698 -25.169264, 141.643997 -25.172143, 141.644295 -25.175023, 141.644594 -25.177902, 141.644893 -25.180782, 141.645192 -25.183661, 141.645491 -25.186541, 141.645790 -25.189420, 141.646089 -25.192300, 141.646388 -25.195180, 141.646687 -25.198059, 141.646986 -25.200939, 141.647286 -25.203818, 141.647585 -25.206698, 141.647884 -25.209577, 141.648183 -25.212457, 141.648482 -25.215336, 141.648781 -25.218216, 141.649080 -25.221096, 141.649379 -25.223975, 141.649679 -25.226855, 141.649978 -25.229734, 141.650277 -25.232614, 141.650576 -25.235493, 141.650876 -25.238373, 141.651175 -25.241252, 141.651474 -25.244132, 141.651773 -25.247011, 141.652073 -25.249891, 141.652372 -25.252771, 141.652671 -25.255650, 141.652971 -25.258530, 141.653270 -25.261409, 141.653569 -25.264289, 141.653869 -25.267168, 141.654168 -25.270048, 141.654467 -25.272927, 141.654767 -25.275807, 141.655066 -25.278686, 141.655366 -25.281566, 141.655665 -25.284445, 141.655965 -25.287325, 141.656264 -25.290205, 141.656564 -25.293084, 141.656863 -25.295964, 141.657163 -25.298843, 141.657462 -25.301723, 141.657762 -25.304602, 141.658062 -25.307482, 141.658361 -25.310361, 141.658661 -25.313241, 141.658960 -25.316120, 141.659260 -25.319000, 141.659560 -25.321879, 141.659859 -25.324759, 141.660159 -25.327638, 141.660459 -25.330518, 141.660758 -25.333398, 141.661058 -25.336277, 141.661358 -25.339157, 141.661658 -25.342036, 141.661957 -25.344916, 141.662257 -25.347795, 141.662557 -25.350675, 141.662857 -25.353554, 141.663157 -25.356434, 141.663456 -25.359313, 141.663756 -25.362193, 141.664056 -25.365072, 141.664356 -25.367952, 141.664656 -25.370831, 141.664956 -25.373711, 141.665256 -25.376590, 141.665556 -25.379470, 141.665856 -25.382349, 141.666156 -25.385229, 141.666456 -25.388108, 141.666756 -25.390988, 141.667056 -25.393867, 141.667356 -25.396747, 141.667656 -25.399626, 141.667956 -25.402506, 141.668256 -25.405385, 141.668556 -25.408265, 141.668856 -25.411145, 141.669156 -25.414024, 141.669456 -25.416904, 141.669756 -25.419783, 141.670057 -25.422663, 141.670357 -25.425542, 141.670657 -25.428422, 141.670957 -25.431301, 141.671257 -25.434181, 141.671557 -25.437060, 141.671858 -25.439940, 141.672158 -25.442819, 141.672458 -25.445699, 141.672759 -25.448578, 141.673059 -25.451458, 141.673359 -25.454337, 141.673659 -25.457217, 141.673960 -25.460096, 141.674260 -25.462976, 141.674561 -25.465855, 141.674861 -25.468735, 141.675161 -25.471614, 141.675462 -25.474494, 141.675762 -25.477373, 141.676063 -25.480253, 141.676363 -25.483132, 141.676664 -25.486012, 141.676964 -25.488891, 141.677265 -25.491771, 141.677565 -25.494650, 141.677866 -25.497530, 141.678166 -25.500409, 141.678467 -25.503289, 141.678767 -25.506168, 141.679068 -25.509047, 141.679368 -25.511927, 141.679669 -25.514806, 141.679970 -25.517686, 141.680270 -25.520565, 141.680571 -25.523445, 141.680872 -25.526324, 141.681172 -25.529204, 141.681473 -25.532083, 141.681774 -25.534963, 141.682074 -25.537842, 141.682375 -25.540722, 141.682676 -25.543601, 141.682977 -25.546481, 141.683277 -25.549360, 141.683578 -25.552240, 141.683879 -25.555119, 141.684180 -25.557999, 141.684481 -25.560878, 141.684782 -25.563758, 141.685083 -25.566637, 141.685383 -25.569517, 141.685684 -25.572396, 141.685985 -25.575276, 141.686286 -25.578155, 141.686587 -25.581035, 141.686888 -25.583914, 141.687189 -25.586793, 141.687490 -25.589673, 141.687791 -25.592552, 141.688092 -25.595432, 141.688393 -25.598311, 141.688694 -25.601191, 141.688995 -25.604070, 141.689296 -25.606950, 141.689597 -25.609829, 141.689898 -25.612709, 141.690200 -25.615588, 141.690501 -25.618468, 141.690802 -25.621347, 141.691103 -25.624227, 141.691404 -25.627106, 141.691705 -25.629985, 141.692007 -25.632865, 141.692308 -25.635744, 141.692609 -25.638624, 141.692910 -25.641503, 141.693212 -25.644383, 141.693513 -25.647262, 141.693814 -25.650142, 141.694115 -25.653021, 141.694417 -25.655901, 141.694718 -25.658780, 141.695019 -25.661660, 141.695321 -25.664539, 141.695622 -25.667418, 141.695924 -25.670298, 141.696225 -25.673177, 141.696526 -25.676057, 141.696828 -25.678936, 141.697129 -25.681816, 141.697431 -25.684695, 141.697732 -25.687575, 141.698034 -25.690454, 141.698335 -25.693334, 141.698637 -25.696213, 141.698938 -25.699092, 141.699240 -25.701972, 141.699542 -25.704851, 141.699843 -25.707731, 141.700145 -25.710610, 141.700446 -25.713490, 141.700748 -25.716369, 141.701050 -25.719249, 141.701351 -25.722128, 141.701653 -25.725007, 141.701955 -25.727887, 141.702256 -25.730766, 141.702558 -25.733646, 141.702860 -25.736525, 141.703162 -25.739405, 141.703463 -25.742284, 141.703765 -25.745164, 141.704067 -25.748043, 141.704369 -25.750922, 141.704670 -25.753802, 141.704972 -25.756681, 141.705274 -25.759561, 141.705576 -25.762440, 141.705878 -25.765320, 141.706180 -25.768199, 141.706482 -25.771078, 141.706784 -25.773958, 141.707086 -25.776837, 141.707387 -25.779717, 141.707689 -25.782596, 141.707991 -25.785476, 141.708293 -25.788355, 141.708595 -25.791234, 141.708897 -25.794114, 141.709199 -25.796993, 141.709502 -25.799873, 141.709804 -25.802752, 141.710106 -25.805632, 141.710408 -25.808511, 141.710710 -25.811390, 141.711012 -25.814270, 141.711314 -25.817149, 141.711616 -25.820029, 141.711919 -25.822908, 141.712221 -25.825788, 141.712523 -25.828667, 141.712825 -25.831546, 141.713127 -25.834426, 141.713430 -25.837305, 141.713732 -25.840185, 141.714034 -25.843064, 141.714336 -25.845943, 141.714639 -25.848823, 141.714941 -25.851702, 141.715243 -25.854582, 141.715546 -25.857461, 141.715848 -25.860341, 141.716150 -25.863220, 141.716453 -25.866099, 141.716755 -25.868979, 141.717058 -25.871858, 141.717360 -25.874738, 141.717663 -25.877617, 141.717965 -25.880496, 141.718268 -25.883376, 141.718570 -25.886255, 141.718873 -25.889135, 141.719175 -25.892014, 141.719478 -25.894893, 141.719780 -25.897773, 141.720083 -25.900652, 141.720385 -25.903532, 141.720688 -25.906411, 141.720990 -25.909290, 141.721293 -25.912170, 141.721596 -25.915049, 141.721898 -25.917929, 141.722201 -25.920808, 141.722504 -25.923688, 141.722806 -25.926567, 141.723109 -25.929446, 141.723412 -25.932326, 141.723715 -25.935205, 141.724017 -25.938084, 141.724320 -25.940964, 141.724623 -25.943843, 141.724926 -25.946723, 141.725229 -25.949602, 141.725531 -25.952481, 141.725834 -25.955361, 141.726137 -25.958240, 141.726440 -25.961120, 141.726743 -25.963999, 141.727046 -25.966878, 141.727349 -25.969758, 141.727652 -25.972637, 141.727955 -25.975517, 141.728258 -25.978396, 141.728561 -25.981275, 141.728864 -25.984155, 141.729167 -25.987034, 141.729470 -25.989914, 141.729773 -25.992793, 141.730076 -25.995672, 141.730379 -25.998552, 141.730682 -26.001431, 141.730985 -26.004310, 141.731288 -26.007190, 141.731591 -26.010069, 141.731894 -26.012949, 141.732198 -26.015828, 141.732501 -26.018707, 141.732804 -26.021587, 141.733107 -26.024466, 141.733410 -26.027345, 141.733714 -26.030225, 141.734017 -26.033104, 141.734320 -26.035984, 141.734623 -26.038863, 141.734927 -26.041742, 141.735230 -26.044622, 141.735533 -26.047501, 141.735837 -26.050380, 141.736140 -26.053260, 141.736443 -26.056139, 141.736747 -26.059019, 141.737050 -26.061898, 141.737354 -26.064777, 141.737657 -26.067657, 141.737960 -26.070536, 141.738264 -26.073415, 141.738567 -26.076295, 141.738871 -26.079174, 141.739174 -26.082054, 141.739478 -26.084933, 141.739781 -26.087812, 141.740085 -26.090692, 141.740389 -26.093571, 141.740692 -26.096450, 141.740996 -26.099330, 141.741299 -26.102209, 141.741603 -26.105088, 141.741907 -26.107968, 141.742210 -26.110847, 141.742514 -26.113727, 141.742818 -26.116606, 141.743121 -26.119485, 141.743425 -26.122365, 141.743729 -26.125244, 141.744033 -26.128123, 141.744336 -26.131003, 141.744640 -26.133882, 141.744944 -26.136761, 141.745248 -26.139641, 141.745551 -26.142520, 141.745855 -26.145399, 141.746159 -26.148279, 141.746463 -26.151158, 141.746767 -26.154037, 141.747071 -26.156917, 141.747375 -26.159796, 141.747679 -26.162675, 141.747983 -26.165555, 141.748287 -26.168434, 141.748590 -26.171314, 141.748894 -26.174193, 141.749198 -26.177072, 141.749502 -26.179952, 141.749807 -26.182831, 141.750111 -26.185710, 141.750415 -26.188590, 141.750719 -26.191469, 141.751023 -26.194348, 141.751327 -26.197228, 141.751631 -26.200107, 141.751935 -26.202986, 141.752239 -26.205866, 141.752543 -26.208745, 141.752848 -26.211624, 141.753152 -26.214504, 141.753456 -26.217383, 141.753760 -26.220262, 141.754064 -26.223142, 141.754369 -26.226021, 141.754673 -26.228900, 141.754977 -26.231780, 141.755282 -26.234659, 141.755586 -26.237538, 141.755890 -26.240418, 141.756195 -26.243297, 141.756499 -26.246176, 141.756803 -26.249056, 141.757108 -26.251935, 141.757412 -26.254814, 141.757717 -26.257694, 141.758021 -26.260573, 141.758325 -26.263452, 141.758630 -26.266332, 141.758934 -26.269211, 141.759239 -26.272090, 141.759543 -26.274970, 141.759848 -26.277849, 141.760152 -26.280728, 141.760457 -26.283608, 141.760762 -26.286487, 141.761066 -26.289366, 141.761371 -26.292245, 141.761675 -26.295125, 141.761980 -26.298004, 141.762285 -26.300883, 141.762589 -26.303763, 141.762894 -26.306642, 141.763199 -26.309521, 141.763503 -26.312401, 141.763808 -26.315280, 141.764113 -26.318159, 141.764418 -26.321039, 141.764722 -26.323918, 141.765027 -26.326797, 141.765332 -26.329677, 141.765637 -26.332556, 141.765942 -26.335435, 141.766246 -26.338314, 141.766551 -26.341194, 141.766856 -26.344073, 141.767161 -26.346952, 141.767466 -26.349832, 141.767771 -26.352711, 141.768076 -26.355590, 141.768381 -26.358470, 141.768686 -26.361349, 141.768991 -26.364228, 141.769296 -26.367108, 141.769601 -26.369987, 141.769906 -26.372866, 141.770211 -26.375745, 141.770516 -26.378625, 141.770821 -26.381504, 141.771126 -26.384383, 141.771431 -26.387263, 141.771736 -26.390142, 141.772041 -26.393021, 141.772346 -26.395901, 141.772652 -26.398780, 141.772957 -26.401659, 141.773262 -26.404538, 141.773567 -26.407418, 141.773872 -26.410297, 141.774178 -26.413176, 141.774483 -26.416056, 141.774788 -26.418935, 141.775094 -26.421814, 141.775399 -26.424693, 141.775704 -26.427573, 141.776009 -26.430452, 141.776315 -26.433331, 141.776620 -26.436211, 141.776926 -26.439090, 141.777231 -26.441969, 141.777536 -26.444848, 141.777842 -26.447728, 141.778147 -26.450607, 141.778453 -26.453486, 141.778758 -26.456366, 141.779064 -26.459245, 141.779369 -26.462124, 141.779675 -26.465003, 141.779980 -26.467883, 141.780286 -26.470762, 141.780591 -26.473641, 141.780897 -26.476521, 141.781202 -26.479400, 141.781508 -26.482279, 141.781814 -26.485158, 141.782119 -26.488038, 141.782425 -26.490917, 141.782731 -26.493796, 141.783036 -26.496675, 141.783342 -26.499555, 141.783648 -26.502434, 141.783953 -26.505313, 141.784259 -26.508193, 141.784565 -26.511072, 141.784871 -26.513951, 141.785176 -26.516830, 141.785482 -26.519710, 141.785788 -26.522589, 141.786094 -26.525468, 141.786400 -26.528347, 141.786706 -26.531227, 141.787012 -26.534106, 141.787317 -26.536985, 141.787623 -26.539864, 141.787929 -26.542744, 141.788235 -26.545623, 141.788541 -26.548502, 141.788847 -26.551381, 141.789153 -26.554261, 141.789459 -26.557140, 141.789765 -26.560019, 141.790071 -26.562899, 141.790377 -26.565778, 141.790683 -26.568657, 141.790989 -26.571536, 141.791295 -26.574416, 141.791602 -26.577295, 141.791908 -26.580174, 141.792214 -26.583053, 141.792520 -26.585933, 141.792826 -26.588812, 141.793132 -26.591691, 141.793439 -26.594570, 141.793745 -26.597450, 141.794051 -26.600329, 141.794357 -26.603208, 141.794664 -26.606087, 141.794970 -26.608967, 141.795276 -26.611846, 141.795582 -26.614725, 141.795889 -26.617604, 141.796195 -26.620484, 141.796501 -26.623363, 141.796808 -26.626242, 141.797114 -26.629121, 141.797421 -26.632001, 141.797727 -26.634880, 141.798034 -26.637759, 141.798340 -26.640638, 141.798646 -26.643517, 141.798953 -26.646397, 141.799259 -26.649276, 141.799566 -26.652155, 141.799872 -26.655034, 141.800179 -26.657914, 141.800486 -26.660793, 141.800792 -26.663672, 141.801099 -26.666551, 141.801405 -26.669431, 141.801712 -26.672310, 141.802019 -26.675189, 141.802325 -26.678068, 141.802632 -26.680948, 141.802939 -26.683827, 141.803245 -26.686706, 141.803552 -26.689585, 141.803859 -26.692464, 141.804165 -26.695344, 141.804472 -26.698223, 141.804779 -26.701102, 141.805086 -26.703981, 141.805393 -26.706861, 141.805699 -26.709740, 141.806006 -26.712619, 141.806313 -26.715498, 141.806620 -26.718377, 141.806927 -26.721257, 141.807234 -26.724136, 141.807541 -26.727015, 141.807848 -26.729894, 141.808155 -26.732774, 141.808462 -26.735653, 141.808769 -26.738532, 141.809076 -26.741411, 141.809383 -26.744290, 141.809690 -26.747170, 141.809997 -26.750049, 141.810304 -26.752928, 141.810611 -26.755807, 141.810918 -26.758687, 141.811225 -26.761566, 141.811532 -26.764445, 141.811839 -26.767324, 141.812146 -26.770203, 141.812453 -26.773083, 141.812761 -26.775962, 141.813068 -26.778841, 141.813375 -26.781720, 141.813682 -26.784599, 141.813990 -26.787479, 141.814297 -26.790358, 141.814604 -26.793237, 141.814911 -26.796116, 141.815219 -26.798995, 141.815526 -26.801875, 141.815833 -26.804754, 141.816141 -26.807633, 141.816448 -26.810512, 141.816755 -26.813391, 141.817063 -26.816271, 141.817370 -26.819150, 141.817678 -26.822029, 141.817985 -26.824908, 141.818293 -26.827787, 141.818600 -26.830667, 141.818908 -26.833546, 141.819215 -26.836425, 141.819523 -26.839304, 141.819830 -26.842183, 141.820138 -26.845063, 141.820445 -26.847942, 141.820753 -26.850821, 141.821060 -26.853700, 141.821368 -26.856579, 141.821676 -26.859459, 141.821983 -26.862338, 141.822291 -26.865217, 141.822599 -26.868096, 141.822906 -26.870975, 141.823214 -26.873854, 141.823522 -26.876734, 141.823830 -26.879613, 141.824137 -26.882492, 141.824445 -26.885371, 141.824753 -26.888250, 141.825061 -26.891130, 141.825368 -26.894009, 141.825676 -26.896888, 141.825984 -26.899767, 141.826292 -26.902646, 141.826600 -26.905525, 141.826908 -26.908405, 141.827216 -26.911284, 141.827524 -26.914163, 141.827832 -26.917042, 141.828140 -26.919921, 141.828448 -26.922801, 141.828756 -26.925680, 141.829064 -26.928559, 141.829372 -26.931438, 141.829680 -26.934317, 141.829988 -26.937196, 141.830296 -26.940076, 141.830604 -26.942955, 141.830912 -26.945834, 141.831220 -26.948713, 141.831528 -26.951592, 141.831836 -26.954471, 141.832145 -26.957351, 141.832453 -26.960230, 141.832761 -26.963109, 141.833069 -26.965988, 141.833377 -26.968867, 141.833686 -26.971746, 141.833994 -26.974626, 141.834302 -26.977505, 141.834610 -26.980384, 141.834919 -26.983263, 141.835227 -26.986142, 141.835535 -26.989021, 141.835844 -26.991901, 141.836152 -26.994780, 141.836461 -26.997659, 141.836769 -27.000538, 141.837077 -27.003417, 141.837386 -27.006296, 141.837694 -27.009175, 141.838003 -27.012055, 141.838311 -27.014934, 141.838620 -27.017813, 141.838928 -27.020692, 141.839237 -27.023571, 141.839545 -27.026450, 141.839854 -27.029330, 141.840162 -27.032209, 141.840471 -27.035088, 141.840780 -27.037967, 141.841088 -27.040846, 141.841397 -27.043725, 141.841706 -27.046604, 141.842014 -27.049484, 141.842323 -27.052363, 141.842632 -27.055242, 141.842940 -27.058121, 141.843249 -27.061000, 141.843558 -27.063879, 141.843867 -27.066758, 141.844175 -27.069638, 141.844484 -27.072517, 141.844793 -27.075396, 141.845102 -27.078275, 141.845411 -27.081154, 141.845720 -27.084033, 141.846028 -27.086912, 141.846337 -27.089792, 141.846646 -27.092671, 141.846955 -27.095550, 141.847264 -27.098429, 141.847573 -27.101308, 141.847882 -27.104187, 141.848191 -27.107066, 141.848500 -27.109945, 141.848809 -27.112825, 141.849118 -27.115704, 141.849427 -27.118583, 141.849736 -27.121462, 141.850045 -27.124341, 141.850354 -27.127220, 141.850663 -27.130099, 141.850973 -27.132979, 141.851282 -27.135858, 141.851591 -27.138737, 141.851900 -27.141616, 141.852209 -27.144495, 141.852519 -27.147374, 141.852828 -27.150253, 141.853137 -27.153132, 141.853446 -27.156011, 141.853756 -27.158891, 141.854065 -27.161770, 141.854374 -27.164649, 141.854683 -27.167528, 141.854993 -27.170407, 141.855302 -27.173286, 141.855612 -27.176165, 141.855921 -27.179044, 141.856230 -27.181924, 141.856540 -27.184803, 141.856849 -27.187682, 141.857159 -27.190561, 141.857468 -27.193440, 141.857778 -27.196319, 141.858087 -27.199198, 141.858397 -27.202077, 141.858706 -27.204956, 141.859016 -27.207836, 141.859325 -27.210715, 141.859635 -27.213594, 141.859944 -27.216473, 141.860254 -27.219352, 141.860564 -27.222231, 141.860873 -27.225110, 141.861183 -27.227989, 141.861493 -27.230868, 141.861802 -27.233747, 141.862112 -27.236627, 141.862422 -27.239506, 141.862731 -27.242385, 141.863041 -27.245264, 141.863351 -27.248143, 141.863661 -27.251022, 141.863971 -27.253901, 141.864280 -27.256780, 141.864590 -27.259659, 141.864900 -27.262538, 141.865210 -27.265418, 141.865520 -27.268297, 141.865830 -27.271176, 141.866140 -27.274055, 141.866450 -27.276934, 141.866760 -27.279813, 141.867070 -27.282692, 141.867380 -27.285571, 141.867690 -27.288450, 141.868000 -27.291329, 141.868310 -27.294208, 141.868620 -27.297088, 141.868930 -27.299967, 141.869240 -27.302846, 141.869550 -27.305725, 141.869860 -27.308604, 141.870170 -27.311483, 141.870480 -27.314362, 141.870790 -27.317241, 141.871101 -27.320120, 141.871411 -27.322999, 141.871721 -27.325878, 141.872031 -27.328757, 141.872341 -27.331637, 141.872652 -27.334516, 141.872962 -27.337395, 141.873272 -27.340274, 141.873583 -27.343153, 141.873893 -27.346032, 141.874203 -27.348911, 141.874514 -27.351790, 141.874824 -27.354669, 141.875134 -27.357548, 141.875445 -27.360427, 141.875755 -27.363306, 141.876066 -27.366185, 141.876376 -27.369065, 141.876686 -27.371944, 141.876997 -27.374823, 141.877307 -27.377702, 141.877618 -27.380581, 141.877928 -27.383460, 141.878239 -27.386339, 141.878550 -27.389218, 141.878860 -27.392097, 141.879171 -27.394976, 141.879481 -27.397855, 141.879792 -27.400734, 141.880103 -27.403613, 141.880413 -27.406492, 141.880724 -27.409371, 141.881035 -27.412250, 141.881345 -27.415130, 141.881656 -27.418009, 141.881967 -27.420888, 141.882278 -27.423767, 141.882588 -27.426646, 141.882899 -27.429525, 141.883210 -27.432404, 141.883521 -27.435283, 141.883832 -27.438162, 141.884142 -27.441041, 141.884453 -27.443920, 141.884764 -27.446799, 141.885075 -27.449678, 141.885386 -27.452557, 141.885697 -27.455436, 141.886008 -27.458315, 141.886319 -27.461194, 141.886630 -27.464073, 141.886941 -27.466952, 141.887252 -27.469832, 141.887563 -27.472711, 141.887874 -27.475590, 141.888185 -27.478469, 141.888496 -27.481348, 141.888807 -27.484227, 141.889118 -27.487106, 141.889429 -27.489985, 141.889741 -27.492864, 141.890052 -27.495743, 141.890363 -27.498622, 141.890674 -27.501501, 141.890985 -27.504380, 141.891297 -27.507259, 141.891608 -27.510138, 141.891919 -27.513017, 141.892230 -27.515896, 141.892542 -27.518775, 141.892853 -27.521654, 141.893164 -27.524533, 141.893476 -27.527412, 141.893787 -27.530291, 141.894098 -27.533170, 141.894410 -27.536049, 141.894721 -27.538928, 141.895032 -27.541807, 141.895344 -27.544686, 141.895655 -27.547566, 141.895967 -27.550445, 141.896278 -27.553324, 141.896590 -27.556203, 141.896901 -27.559082, 141.897213 -27.561961, 141.897524 -27.564840, 141.897836 -27.567719, 141.898148 -27.570598, 141.898459 -27.573477, 141.898771 -27.576356, 141.899082 -27.579235, 141.899394 -27.582114, 141.899706 -27.584993, 141.900017 -27.587872, 141.900329 -27.590751, 141.900641 -27.593630, 141.900953 -27.596509, 141.901264 -27.599388, 141.901576 -27.602267, 141.901888 -27.605146, 141.902200 -27.608025, 141.902512 -27.610904, 141.902823 -27.613783, 141.903135 -27.616662, 141.903447 -27.619541, 141.903759 -27.622420, 141.904071 -27.625299, 141.904383 -27.628178, 141.904695 -27.631057, 141.905007 -27.633936, 141.905319 -27.636815, 141.905631 -27.639694, 141.905943 -27.642573, 141.906255 -27.645452, 141.906567 -27.648331, 141.906879 -27.651210, 141.907191 -27.654089, 141.907503 -27.656968, 141.907815 -27.659847, 141.908127 -27.662726, 141.908439 -27.665605, 141.908751 -27.668484, 141.909063 -27.671363, 141.909376 -27.674242, 141.909688 -27.677121, 141.910000 -27.680000))
