MULTILINESTRING ((-104.900000 21.240000, -104.902889 21.244272, -104.905777 21.248545, -104.908666 21.252817, -104.911555 21.257089, -104.914445 21.261361, -104.917334 21.265633, -104.920224 21.269905, -104.923114 21.274177, -104.926003 21.278449, -104.928894 21.282721, -104.931784 21.286993, -104.934674 21.291264, -104.937565 21.295536, -104.940456 21.299808, -104.943347 21.304079, -104.946238 21.308351, -104.949129 21.312622, -104.952021 21.316894, -104.954912 21.321165, -104.957804 21.325437, -104.960696 21.329708, -104.963588 21.333979, -104.966480 21.338251, -104.969373 21.342522, -104.972265 21.346793, -104.975158 21.351064, -104.978051 21.355335, -104.980944 21.359606, -104.983838 21.363877, -104.986731 21.368148, -104.989625 21.372419, -104.992519 21.376689, -104.995413 21.380960, -104.998307 21.385231, -105.001201 21.389501, -105.004096 21.393772, -105.006990 21.398042, -105.009885 21.402313, -105.012780 21.406583, -105.015675 21.410854, -105.018571 21.415124, -105.021466 21.419394, -105.024362 21.423665, -105.027258 21.427935, -105.030154 21.432205, -105.033050 21.436475, -105.035946 21.440745, -105.038843 21.445015, -105.041739 21.449285, -105.044636 21.453555, -105.047533 21.457825, -105.050430 21.462094, -105.053328 21.466364, -105.056225 21.470634, -105.059123 21.474903, -105.062021 21.479173, -105.064919 21.483443, -105.067817 21.487712, -105.070716 21.491981, -105.073614 21.496251, -105.076513 21.500520, -105.079412 21.504789, -105.082311 21.509059, -105.085210 21.513328, -105.088110 21.517597, -105.091009 21.521866, -105.093909 21.526135, -105.096809 21.530404, -105.099709 21.534673, -105.102609 21.538942, -105.105510 21.543211, -105.108410 21.547479, -105.111311 21.551748, -105.114212 21.556017, -105.117113 21.560286, -105.120014 21.564554, -105.122916 21.568823, -105.125817 21.573091, -105.128719 21.577360, -105.131621 21.581628, -105.134523 21.585896, -105.137426 21.590164, -105.140328 21.594433, -105.143231 21.598701, -105.146134 21.602969, -105.149037 21.607237, -105.151940 21.611505, -105.154843 21.615773, -105.157747 21.620041, -105.160650 21.624309, -105.163554 21.628577, -105.166458 21.632845, -105.169363 21.637112, -105.172267 21.641380, -105.175171 21.645648, -105.178076 21.649915, -105.180981 21.654183, -105.183886 21.658450, -105.186791 21.662718, -105.189697 21.666985, -105.192602 21.671252, -105.195508 21.675519, -105.198414 21.679787, -105.201320 21.684054, -105.204226 21.688321, -105.207133 21.692588, -105.210039 21.696855, -105.212946 21.701122, -105.215853 21.705389, -105.218760 21.709656, -105.221668 21.713923, -105.224575 21.718189, -105.227483 21.722456, -105.230390 21.726723, -105.233298 21.730989, -105.236207 21.735256, -105.239115 21.739522, -105.242023 21.743789, -105.244932 21.748055, -105.247841 21.752322, -105.250750 21.756588, -105.253659 21.760854, -105.256569 21.765120, -105.259478 21.769387, -105.262388 21.773653, -105.265298 21.777919, -105.268208 21.782185, -105.271118 21.786451, -105.274028 21.790717, -105.276939 21.794982, -105.279850 21.799248, -105.282761 21.803514, -105.285672 21.807780, -105.288583 21.812045, -105.291494 21.816311, -105.294406 21.820576, -105.297318 21.824842, -105.300230 21.829107, -105.303142 21.833373, -105.306054 21.837638, -105.308967 21.841903, -105.311879 21.846169, -105.314792 21.850434, -105.317705 21.854699, -105.320618 21.858964, -105.323532 21.863229, -105.326445 21.867494, -105.329359 21.871759, -105.332273 21.876024, -105.335187 21.880289, -105.338101 21.884553, -105.341016 21.888818, -105.343930 21.893083, -105.346845 21.897347, -105.349760 21.901612, -105.352675 21.905876, -105.355590 21.910141, -105.358506 21.914405, -105.361421 21.918670, -105.364337 21.922934, -105.367253 21.927198, -105.370169 21.931462, -105.373086 21.935727, -105.376002 21.939991, -105.378919 21.944255, -105.381836 21.948519, -105.384753 21.952783, -105.387670 21.957047, -105.390587 21.961310, -105.393505 21.965574, -105.396423 21.969838, -105.399340 21.974102, -105.402258 21.978365, -105.405177 21.982629, -105.408095 21.986893, -105.411014 21.991156, -105.413933 21.995419, -105.416851 21.999683, -105.419771 22.003946, -105.422690 22.008209, -105.425609 22.012473, -105.428529 22.016736, -105.431449 22.020999, -105.434369 22.025262, -105.437289 22.029525, -105.440209 22.033788, -105.443130 22.038051, -105.446051 22.042314, -105.448972 22.046577, -105.451893 22.050839, -105.454814 22.055102, -105.457735 22.059365, -105.460657 22.063627, -105.463579 22.067890, -105.466501 22.072152, -105.469423 22.076415, -105.472345 22.080677, -105.475267 22.084940, -105.478190 22.089202, -105.481113 22.093464, -105.484036 22.097726, -105.486959 22.101988, -105.489882 22.106251, -105.492806 22.110513, -105.495730 22.114775, -105.498654 22.119037, -105.501578 22.123298, -105.504502 22.127560, -105.507426 22.131822, -105.510351 22.136084, -105.513276 22.140345, -105.516201 22.144607, -105.519126 22.148869, -105.522051 22.153130, -105.524976 22.157392, -105.527902 22.161653, -105.530828 22.165914, -105.533754 22.170176, -105.536680 22.174437, -105.539607 22.178698, -105.542533 22.182959, -105.545460 22.187220, -105.548387 22.191481, -105.551314 22.195742, -105.554241 22.200003, -105.557168 22.204264, -105.560096 22.208525, -105.563024 22.212786, -105.565952 22.217047, -105.568880 22.221307, -105.571808 22.225568, -105.574737 22.229828, -105.577665 22.234089, -105.580594 22.238349, -105.583523 22.242610, -105.586452 22.246870, -105.589382 22.251131, -105.592311 22.255391, -105.595241 22.259651, -105.598171 22.263911, -105.601101 22.268171, -105.604031 22.272431, -105.606962 22.276691, -105.609893 22.280951, -105.612823 22.285211, -105.615754 22.289471, -105.618686 22.293731, -105.621617 22.297991, -105.624548 22.302250, -105.627480 22.306510, -105.630412 22.310769, -105.633344 22.315029, -105.636276 22.319288, -105.639209 22.323548, -105.642141 22.327807, -105.645074 22.332066, -105.648007 22.336326, -105.650940 22.340585, -105.653874 22.344844, -105.656807 22.349103, -105.659741 22.353362, -105.662675 22.357621, -105.665609 22.361880, -105.668543 22.366139, -105.671477 22.370398, -105.674412 22.374657, -105.677347 22.378915, -105.680281 22.383174, -105.683217 22.387433, -105.686152 22.391691, -105.689087 22.395950, -105.692023 22.400208, -105.694959 22.404467, -105.697895 22.408725, -105.700831 22.412983, -105.703767 22.417242, -105.706704 22.421500, -105.709641 22.425758, -105.712578 22.430016, -105.715515 22.434274, -105.718452 22.438532, -105.721389 22.442790, -105.724327 22.447048, -105.727265 22.451306, -105.730203 22.455564, -105.733141 22.459821, -105.736079 22.464079, -105.739018 22.468337, -105.741957 22.472594, -105.744896 22.476852, -105.747835 22.481109, -105.750774 22.485366, -105.753713 22.489624, -105.756653 22.493881, -105.759593 22.498138, -105.762533 22.502396, -105.765473 22.506653, -105.768413 22.510910, -105.771354 22.515167, -105.774294 22.519424, -105.777235 22.523681, -105.780176 22.527938, -105.783118 22.532194, -105.786059 22.536451, -105.789001 22.540708, -105.791942 22.544965, -105.794884 22.549221, -105.797827 22.553478, -105.800769 22.557734, -105.803711 22.561991, -105.806654 22.566247, -105.809597 22.570503, -105.812540 22.574760, -105.815483 22.579016, -105.818427 22.583272, -105.821370 22.587528, -105.824314 22.591784, -105.827258 22.596040, -105.830202 22.600296, -105.833147 22.604552, -105.836091 22.608808, -105.839036 22.613064, -105.841981 22.617319, -105.844926 22.621575, -105.847871 22.625831, -105.850816 22.630086, -105.853762 22.634342, -105.856708 22.638597, -105.859654 22.642853, -105.862600 22.647108, -105.865546 22.651364, -105.868493 22.655619, -105.871440 22.659874, -105.874387 22.664129, -105.877334 22.668384, -105.880281 22.672639, -105.883228 22.676894, -105.886176 22.681149, -105.889124 22.685404, -105.892072 22.689659, -105.895020 22.693914, -105.897968 22.698168, -105.900917 22.702423, -105.903865 22.706678, -105.906814 22.710932, -105.909763 22.715187, -105.912713 22.719441, -105.915662 22.723696, -105.918612 22.727950, -105.921562 22.732204, -105.924512 22.736458, -105.927462 22.740713, -105.930412 22.744967, -105.933363 22.749221, -105.936314 22.753475, -105.939264 22.757729, -105.942216 22.761983, -105.945167 22.766237, -105.948118 22.770490, -105.951070 22.774744, -105.954022 22.778998, -105.956974 22.783251, -105.959926 22.787505, -105.962878 22.791759, -105.965831 22.796012, -105.968784 22.800265, -105.971737 22.804519, -105.974690 22.808772, -105.977643 22.813025, -105.980597 22.817279, -105.983550 22.821532, -105.986504 22.825785, -105.989458 22.830038, -105.992413 22.834291, -105.995367 22.838544, -105.998322 22.842797, -106.001276 22.847050, -106.004231 22.851302, -106.007187 22.855555, -106.010142 22.859808, -106.013097 22.864060, -106.016053 22.868313, -106.019009 22.872565, -106.021965 22.876818, -106.024921 22.881070, -106.027878 22.885322, -106.030835 22.889575, -106.033791 22.893827, -106.036748 22.898079, -106.039706 22.902331, -106.042663 22.906583, -106.045621 22.910835, -106.048578 22.915087, -106.051536 22.919339, -106.054494 22.923591, -106.057453 22.927843, -106.060411 22.932095, -106.063370 22.936346, -106.066329 22.940598, -106.069288 22.944849, -106.072247 22.949101, -106.075206 22.953352, -106.078166 22.957604, -106.081126 22.961855, -106.084086 22.966106, -106.087046 22.970358, -106.090006 22.974609, -106.092967 22.978860, -106.095928 22.983111, -106.098889 22.987362, -106.101850 22.991613, -106.104811 22.995864, -106.107772 23.000115, -106.110734 23.004365, -106.113696 23.008616, -106.116658 23.012867, -106.119620 23.017118, -106.122583 23.021368, -106.125545 23.025619, -106.128508 23.029869, -106.131471 23.034120, -106.134434 23.038370, -106.137398 23.042620, -106.140361 23.046870, -106.143325 23.051121, -106.146289 23.055371, -106.149253 23.059621, -106.152217 23.063871, -106.155182 23.068121, -106.158146 23.072371, -106.161111 23.076621, -106.164076 23.080870, -106.167041 23.085120, -106.170007 23.089370, -106.172972 23.093619, -106.175938 23.097869, -106.178904 23.102119, -106.181870 23.106368, -106.184837 23.110617, -106.187803 23.114867, -106.190770 23.119116, -106.193737 23.123365, -106.196704 23.127615, -106.199671 23.131864, -106.202639 23.136113, -106.205606 23.140362, -106.208574 23.144611, -106.211542 23.148860, -106.214510 23.153109, -106.217479 23.157357, -106.220447 23.161606, -106.223416 23.165855, -106.226385 23.170103, -106.229354 23.174352, -106.232324 23.178600, -106.235293 23.182849, -106.238263 23.187097, -106.241233 23.191346, -106.244203 23.195594, -106.247173 23.199842, -106.250144 23.204090, -106.253114 23.208339, -106.256085 23.212587, -106.259056 23.216835, -106.262027 23.221083, -106.264999 23.225331, -106.267971 23.229578, -106.270942 23.233826, -106.273914 23.238074, -106.276887 23.242322, -106.279859 23.246569, -106.282831 23.250817, -106.285804 23.255064, -106.288777 23.259312, -106.291750 23.263559, -106.294724 23.267807, -106.297697 23.272054, -106.300671 23.276301, -106.303645 23.280548, -106.306619 23.284795, -106.309593 23.289043, -106.312568 23.293290, -106.315542 23.297537, -106.318517 23.301783, -106.321492 23.306030, -106.324467 23.310277, -106.327443 23.314524, -106.330418 23.318770, -106.333394 23.323017, -106.336370 23.327264, -106.339346 23.331510, -106.342323 23.335757, -106.345299 23.340003, -106.348276 23.344249, -106.351253 23.348496, -106.354230 23.352742, -106.357207 23.356988, -106.360185 23.361234, -106.363162 23.365480, -106.366140 23.369726, -106.369118 23.373972, -106.372097 23.378218, -106.375075 23.382464, -106.378054 23.386710, -106.381033 23.390955, -106.384012 23.395201, -106.386991 23.399447, -106.389970 23.403692, -106.392950 23.407938, -106.395930 23.412183, -106.398910 23.416429, -106.401890 23.420674, -106.404870 23.424919, -106.407851 23.429164, -106.410832 23.433410, -106.413812 23.437655, -106.416794 23.441900, -106.419775 23.446145, -106.422756 23.450390, -106.425738 23.454634, -106.428720 23.458879, -106.431702 23.463124, -106.434684 23.467369, -106.437667 23.471613, -106.440650 23.475858, -106.443632 23.480103, -106.446616 23.484347, -106.449599 23.488591, -106.452582 23.492836, -106.455566 23.497080, -106.458550 23.501324, -106.461534 23.505569, -106.464518 23.509813, -106.467502 23.514057, -106.470487 23.518301, -106.473472 23.522545, -106.476457 23.526789, -106.479442 23.531033, -106.482427 23.535276, -106.485413 23.539520, -106.488398 23.543764, -106.491384 23.548007, -106.494371 23.552251, -106.497357 23.556494, -106.500343 23.560738, -106.503330 23.564981, -106.506317 23.569225, -106.509304 23.573468, -106.512291 23.577711, -106.515279 23.581954, -106.518267 23.586197, -106.521254 23.590440, -106.524242 23.594683, -106.527231 23.598926, -106.530219 23.603169, -106.533208 23.607412, -106.536197 23.611655, -106.539186 23.615898, -106.542175 23.620140, -106.545164 23.624383, -106.548154 23.628625, -106.551144 23.632868, -106.554134 23.637110, -106.557124 23.641353, -106.560114 23.645595, -106.563105 23.649837, -106.566096 23.654079, -106.569087 23.658322, -106.572078 23.662564, -106.575069 23.666806, -106.578061 23.671048, -106.581052 23.675289, -106.584044 23.679531, -106.587036 23.683773, -106.590029 23.688015, -106.593021 23.692257, -106.596014 23.696498, -106.599007 23.700740, -106.602000 23.704981, -106.604993 23.709223, -106.607987 23.713464, -106.610980 23.717705, -106.613974 23.721947, -106.616968 23.726188, -106.619963 23.730429, -106.622957 23.734670, -106.625952 23.738911, -106.628947 23.743152, -106.631942 23.747393, -106.634937 23.751634, -106.637932 23.755875, -106.640928 23.760116, -106.643924 23.764356, -106.646920 23.768597, -106.649916 23.772837, -106.652913 23.777078, -106.655909 23.781318, -106.658906 23.785559, -106.661903 23.789799, -106.664900 23.794040, -106.667898 23.798280, -106.670895 23.802520, -106.673893 23.806760, -106.676891 23.811000, -106.679889 23.815240, -106.682888 23.819480, -106.685886 23.823720, -106.688885 23.827960, -106.691884 23.832200, -106.694883 23.836439, -106.697882 23.840679, -106.700882 23.844919, -106.703882 23.849158, -106.706882 23.853398, -106.709882 23.857637, -106.712882 23.861876, -106.715883 23.866116, -106.718883 23.870355, -106.721884 23.874594, -106.724885 23.878833, -106.727887 23.883072, -106.730888 23.887311, -106.733890 23.891550, -106.736892 23.895789, -106.739894 23.900028, -106.742896 23.904267, -106.745899 23.908505, -106.748901 23.912744, -106.751904 23.916983, -106.754907 23.921221, -106.757911 23.925460, -106.760914 23.929698, -106.763918 23.933937, -106.766922 23.938175, -106.769926 23.942413, -106.772930 23.946651, -106.775935 23.950890, -106.778939 23.955128, -106.781944 23.959366, -106.784949 23.963604, -106.787954 23.967842, -106.790960 23.972079, -106.793965 23.976317, -106.796971 23.980555, -106.799977 23.984793, -106.802984 23.989030, -106.805990 23.993268, -106.808997 23.997505, -106.812004 24.001743, -106.815011 24.005980, -106.818018 24.010217, -106.821025 24.014455, -106.824033 24.018692, -106.827041 24.022929, -106.830049 24.027166, -106.833057 24.031403, -106.836065 24.035640, -106.839074 24.039877, -106.842083 24.044114, -106.845092 24.048351, -106.848101 24.052587, -106.851111 24.056824, -106.854120 24.061061, -106.857130 24.065297, -106.860140 24.069534, -106.863150 24.073770, -106.866161 24.078007, -106.869171 24.082243, -106.872182 24.086479, -106.875193 24.090715, -106.878204 24.094951, -106.881216 24.099188, -106.884227 24.103424, -106.887239 24.107660, -106.890251 24.111895, -106.893263 24.116131, -106.896276 24.120367, -106.899288 24.124603, -106.902301 24.128838, -106.905314 24.133074, -106.908327 24.137310, -106.911341 24.141545, -106.914354 24.145781, -106.917368 24.150016, -106.920382 24.154251, -106.923396 24.158487, -106.926411 24.162722, -106.929425 24.166957, -106.932440 24.171192, -106.935455 24.175427, -106.938470 24.179662, -106.941486 24.183897, -106.944501 24.188132, -106.947517 24.192366, -106.950533 24.196601, -106.953549 24.200836, -106.956566 24.205070, -106.959582 24.209305, -106.962599 24.213540, -106.965616 24.217774, -106.968633 24.222008, -106.971651 24.226243, -106.974668 24.230477, -106.977686 24.234711, -106.980704 24.238945, -106.983723 24.243179, -106.986741 24.247413, -106.989760 24.251647, -106.992778 24.255881, -106.995797 24.260115, -106.998817 24.264349, -107.001836 24.268582, -107.004856 24.272816, -107.007875 24.277050, -107.010895 24.281283, -107.013916 24.285517, -107.016936 24.289750, -107.019957 24.293983, -107.022978 24.298217, -107.025999 24.302450, -107.029020 24.306683, -107.032041 24.310916, -107.035063 24.315149, -107.038085 24.319382, -107.041107 24.323615, -107.044129 24.327848, -107.047151 24.332081, -107.050174 24.336314, -107.053197 24.340546, -107.056220 24.344779, -107.059243 24.349012, -107.062267 24.353244, -107.065290 24.357477, -107.068314 24.361709, -107.071338 24.365941, -107.074362 24.370174, -107.077387 24.374406, -107.080412 24.378638, -107.083436 24.382870, -107.086462 24.387102, -107.089487 24.391334, -107.092512 24.395566, -107.095538 24.399798, -107.098564 24.404030, -107.101590 24.408261, -107.104616 24.412493, -107.107643 24.416725, -107.110669 24.420956, -107.113696 24.425188, -107.116723 24.429419, -107.119751 24.433651, -107.122778 24.437882, -107.125806 24.442113, -107.128834 24.446344, -107.131862 24.450576, -107.134890 24.454807, -107.137919 24.459038, -107.140947 24.463269, -107.143976 24.467499, -107.147006 24.471730, -107.150035 24.475961, -107.153064 24.480192, -107.156094 24.484422, -107.159124 24.488653, -107.162154 24.492884, -107.165185 24.497114, -107.168215 24.501344, -107.171246 24.505575, -107.174277 24.509805, -107.177308 24.514035, -107.180339 24.518265, -107.183371 24.522496, -107.186403 24.526726, -107.189435 24.530956, -107.192467 24.535186, -107.195499 24.539415, -107.198532 24.543645, -107.201565 24.547875, -107.204598 24.552105, -107.207631 24.556334, -107.210664 24.560564, -107.213698 24.564793, -107.216732 24.569023, -107.219766 24.573252, -107.222800 24.577481, -107.225835 24.581711, -107.228869 24.585940, -107.231904 24.590169, -107.234939 24.594398, -107.237974 24.598627, -107.241010 24.602856, -107.244045 24.607085, -107.247081 24.611314, -107.250117 24.615543, -107.253154 24.619771, -107.256190 24.624000, -107.259227 24.628229, -107.262264 24.632457, -107.265301 24.636686, -107.268338 24.640914, -107.271376 24.645142, -107.274413 24.649371, -107.277451 24.653599, -107.280490 24.657827, -107.283528 24.662055, -107.286566 24.666283, -107.289605 24.670511, -107.292644 24.674739, -107.295683 24.678967, -107.298723 24.683195, -107.301762 24.687422, -107.304802 24.691650, -107.307842 24.695878, -107.310882 24.700105, -107.313923 24.704333, -107.316963 24.708560, -107.320004 24.712788, -107.323045 24.717015, -107.326086 24.721242, -107.329128 24.725469, -107.332169 24.729696, -107.335211 24.733923, -107.338253 24.738150, -107.341296 24.742377, -107.344338 24.746604, -107.347381 24.750831, -107.350424 24.755058, -107.353467 24.759285, -107.356510 24.763511, -107.359554 24.767738, -107.362597 24.771964, -107.365641 24.776191, -107.368685 24.780417, -107.371730 24.784643, -107.374774 24.788870, -107.377819 24.793096, -107.380864 24.797322, -107.383909 24.801548, -107.386954 24.805774, -107.390000 24.810000, -107.393270 24.814088, -107.396541 24.818177, -107.399812 24.822265, -107.403082 24.826353, -107.406354 24.830442, -107.409625 24.834530, -107.412897 24.838618, -107.416168 24.842706, -107.419440 24.846793, -107.422713 24.850881, -107.425985 24.854969, -107.429258 24.859057, -107.432531 24.863144, -107.435804 24.867232, -107.439077 24.871319, -107.442351 24.875407, -107.445624 24.879494, -107.448898 24.883581, -107.452173 24.887668, -107.455447 24.891755, -107.458722 24.895843, -107.461996 24.899929, -107.465272 24.904016, -107.468547 24.908103, -107.471822 24.912190, -107.475098 24.916277, -107.478374 24.920363, -107.481650 24.924450, -107.484926 24.928536, -107.488203 24.932623, -107.491480 24.936709, -107.494757 24.940795, -107.498034 24.944881, -107.501312 24.948967, -107.504589 24.953053, -107.507867 24.957139, -107.511145 24.961225, -107.514423 24.965311, -107.517702 24.969397, -107.520981 24.973482, -107.524260 24.977568, -107.527539 24.981654, -107.530818 24.985739, -107.534098 24.989824, -107.537378 24.993910, -107.540658 24.997995, -107.543938 25.002080, -107.547219 25.006165, -107.550499 25.010250, -107.553780 25.014335, -107.557061 25.018420, -107.560343 25.022505, -107.563624 25.026589, -107.566906 25.030674, -107.570188 25.034759, -107.573470 25.038843, -107.576753 25.042928, -107.580036 25.047012, -107.583319 25.051096, -107.586602 25.055181, -107.589885 25.059265, -107.593169 25.063349, -107.596452 25.067433, -107.599736 25.071517, -107.603020 25.075601, -107.606305 25.079684, -107.609590 25.083768, -107.612874 25.087852, -107.616160 25.091935, -107.619445 25.096019, -107.622730 25.100102, -107.626016 25.104186, -107.629302 25.108269, -107.632588 25.112352, -107.635875 25.116435, -107.639161 25.120518, -107.642448 25.124601, -107.645735 25.128684, -107.649022 25.132767, -107.652310 25.136850, -107.655598 25.140933, -107.658886 25.145015, -107.662174 25.149098, -107.665462 25.153180, -107.668751 25.157263, -107.672040 25.161345, -107.675329 25.165427, -107.678618 25.169509, -107.681907 25.173592, -107.685197 25.177674, -107.688487 25.181756, -107.691777 25.185838, -107.695068 25.189919, -107.698358 25.194001, -107.701649 25.198083, -107.704940 25.202164, -107.708231 25.206246, -107.711523 25.210327, -107.714814 25.214409, -107.718106 25.218490, -107.721398 25.222571, -107.724691 25.226653, -107.727983 25.230734, -107.731276 25.234815, -107.734569 25.238896, -107.737862 25.242977, -107.741156 25.247057, -107.744450 25.251138, -107.747743 25.255219, -107.751038 25.259299, -107.754332 25.263380, -107.757626 25.267460, -107.760921 25.271541, -107.764216 25.275621, -107.767512 25.279701, -107.770807 25.283781, -107.774103 25.287862, -107.777399 25.291942, -107.780695 25.296021, -107.783991 25.300101, -107.787288 25.304181, -107.790584 25.308261, -107.793881 25.312340, -107.797179 25.316420, -107.800476 25.320500, -107.803774 25.324579, -107.807072 25.328658, -107.810370 25.332738, -107.813668 25.336817, -107.816967 25.340896, -107.820265 25.344975, -107.823564 25.349054, -107.826864 25.353133, -107.830163 25.357212, -107.833463 25.361290, -107.836763 25.365369, -107.840063 25.369448, -107.843363 25.373526, -107.846664 25.377605, -107.849964 25.381683, -107.853265 25.385761, -107.856567 25.389840, -107.859868 25.393918, -107.863170 25.397996, -107.866472 25.402074, -107.869774 25.406152, -107.873076 25.410230, -107.876379 25.414308, -107.879682 25.418385, -107.882985 25.422463, -107.886288 25.426541, -107.889591 25.430618, -107.892895 25.434696, -107.896199 25.438773, -107.899503 25.442850, -107.902807 25.446927, -107.906112 25.451005, -107.909417 25.455082, -107.912722 25.459159, -107.916027 25.463235, -107.919333 25.467312, -107.922638 25.471389, -107.925944 25.475466, -107.929250 25.479542, -107.932557 25.483619, -107.935863 25.487695, -107.939170 25.491772, -107.942477 25.495848, -107.945784 25.499924, -107.949092 25.504001, -107.952400 25.508077, -107.955708 25.512153, -107.959016 25.516229, -107.962324 25.520305, -107.965633 25.524380, -107.968942 25.528456, -107.972251 25.532532, -107.975560 25.536607, -107.978869 25.540683, -107.982179 25.544758, -107.985489 25.548834, -107.988799 25.552909, -107.992110 25.556984, -107.995420 25.561059, -107.998731 25.565134, -108.002042 25.569209, -108.005354 25.573284, -108.008665 25.577359, -108.011977 25.581434, -108.015289 25.585508, -108.018601 25.589583, -108.021914 25.593658, -108.025226 25.597732, -108.028539 25.601806, -108.031852 25.605881, -108.035166 25.609955, -108.038479 25.614029, -108.041793 25.618103, -108.045107 25.622177, -108.048421 25.626251, -108.051736 25.630325, -108.055051 25.634399, -108.058366 25.638473, -108.061681 25.642546, -108.064996 25.646620, -108.068312 25.650693, -108.071628 25.654767, -108.074944 25.658840, -108.078260 25.662913, -108.081576 25.666987, -108.084893 25.671060, -108.088210 25.675133, -108.091527 25.679206, -108.094845 25.683279, -108.098162 25.687351, -108.101480 25.691424, -108.104798 25.695497, -108.108117 25.699569, -108.111435 25.703642, -108.114754 25.707714, -108.118073 25.711787, -108.121392 25.715859, -108.124712 25.719931, -108.128032 25.724003, -108.131351 25.728075, -108.134672 25.732147, -108.137992 25.736219, -108.141313 25.740291, -108.144633 25.744363, -108.147954 25.748435, -108.151276 25.752506, -108.154597 25.756578, -108.157919 25.760649, -108.161241 25.764721, -108.164563 25.768792, -108.167886 25.772863, -108.171208 25.776934, -108.174531 25.781005, -108.177854 25.785076, -108.181178 25.789147, -108.184501 25.793218, -108.187825 25.797289, -108.191149 25.801360, -108.194473 25.805430, -108.197798 25.809501, -108.201122 25.813571, -108.204447 25.817642, -108.207773 25.821712, -108.211098 25.825782, -108.214424 25.829853, -108.217749 25.833923, -108.221076 25.837993, -108.224402 25.842063, -108.227728 25.846133, -108.231055 25.850202, -108.234382 25.854272, -108.237709 25.858342, -108.241037 25.862411, -108.244365 25.866481, -108.247692 25.870550, -108.251021 25.874620, -108.254349 25.878689, -108.257678 25.882758, -108.261006 25.886827, -108.264335 25.890896, -108.267665 25.894965, -108.270994 25.899034, -108.274324 25.903103, -108.277654 25.907172, -108.280984 25.911240, -108.284315 25.915309, -108.287645 25.919377, -108.290976 25.923446, -108.294307 25.927514, -108.297639 25.931582, -108.300970 25.935651, -108.304302 25.939719, -108.307634 25.943787, -108.310966 25.947855, -108.314299 25.951923, -108.317632 25.955990, -108.320965 25.960058, -108.324298 25.964126, -108.327631 25.968194, -108.330965 25.972261, -108.334299 25.976328, -108.337633 25.980396, -108.340967 25.984463, -108.344302 25.988530, -108.347637 25.992597, -108.350972 25.996665, -108.354307 26.000732, -108.357643 26.004798, -108.360978 26.008865, -108.364314 26.012932, -108.367650 26.016999, -108.370987 26.021065, -108.374324 26.025132, -108.377660 26.029198, -108.380998 26.033265, -108.384335 26.037331, -108.387672 26.041397, -108.391010 26.045463, -108.394348 26.049529, -108.397687 26.053595, -108.401025 26.057661, -108.404364 26.061727, -108.407703 26.065793, -108.411042 26.069859, -108.414382 26.073924, -108.417721 26.077990, -108.421061 26.082055, -108.424401 26.086120, -108.427742 26.090186, -108.431082 26.094251, -108.434423 26.098316, -108.437764 26.102381, -108.441105 26.106446, -108.444447 26.110511, -108.447789 26.114576, -108.451131 26.118641, -108.454473 26.122705, -108.457815 26.126770, -108.461158 26.130834, -108.464501 26.134899, -108.467844 26.138963, -108.471188 26.143028, -108.474531 26.147092, -108.477875 26.151156, -108.481219 26.155220, -108.484563 26.159284, -108.487908 26.163348, -108.491253 26.167412, -108.494598 26.171476, -108.497943 26.175539, -108.501289 26.179603, -108.504634 26.183666, -108.507980 26.187730, -108.511326 26.191793, -108.514673 26.195856, -108.518020 26.199920, -108.521366 26.203983, -108.524714 26.208046, -108.528061 26.212109, -108.531408 26.216172, -108.534756 26.220235, -108.538104 26.224297, -108.541453 26.228360, -108.544801 26.232423, -108.548150 26.236485, -108.551499 26.240547, -108.554848 26.244610, -108.558198 26.248672, -108.561547 26.252734, -108.564897 26.256796, -108.568247 26.260859, -108.571598 26.264920, -108.574948 26.268982, -108.578299 26.273044, -108.581650 26.277106, -108.585002 26.281168, -108.588353 26.285229, -108.591705 26.289291, -108.595057 26.293352, -108.598409 26.297413, -108.601762 26.301475, -108.605115 26.305536, -108.608468 26.309597, -108.611821 26.313658, -108.615174 26.317719, -108.618528 26.321780, -108.621882 26.325841, -108.625236 26.329901, -108.628590 26.333962, -108.631945 26.338023, -108.635300 26.342083, -108.638655 26.346144, -108.642010 26.350204, -108.645366 26.354264, -108.648722 26.358324, -108.652078 26.362384, -108.655434 26.366444, -108.658791 26.370504, -108.662147 26.374564, -108.665504 26.378624, -108.668862 26.382684, -108.672219 26.386743, -108.675577 26.390803, -108.678935 26.394862, -108.682293 26.398922, -108.685651 26.402981, -108.689010 26.407040, -108.692369 26.411099, -108.695728 26.415159, -108.699087 26.419218, -108.702447 26.423277, -108.705807 26.427335, -108.709167 26.431394, -108.712527 26.435453, -108.715887 26.439511, -108.719248 26.443570, -108.722609 26.447628, -108.725970 26.451687, -108.729332 26.455745, -108.732694 26.459803, -108.736056 26.463861, -108.739418 26.467919, -108.742780 26.471977, -108.746143 26.476035, -108.749506 26.480093, -108.752869 26.484151, -108.756232 26.488209, -108.759596 26.492266, -108.762960 26.496324, -108.766324 26.500381, -108.769688 26.504438, -108.773053 26.508496, -108.776417 26.512553, -108.779783 26.516610, -108.783148 26.520667, -108.786513 26.524724, -108.789879 26.528781, -108.793245 26.532838, -108.796611 26.536894, -108.799978 26.540951, -108.803344 26.545008, -108.806711 26.549064, -108.810079 26.553121, -108.813446 26.557177, -108.816814 26.561233, -108.820182 26.565289, -108.823550 26.569345, -108.826918 26.573401, -108.830287 26.577457, -108.833655 26.581513, -108.837025 26.585569, -108.840394 26.589625, -108.843763 26.593680, -108.847133 26.597736, -108.850503 26.601791, -108.853874 26.605847, -108.857244 26.609902, -108.860615 26.613957, -108.863986 26.618012, -108.867357 26.622067, -108.870729 26.626122, -108.874100 26.630177, -108.877472 26.634232, -108.880844 26.638287, -108.884217 26.642341, -108.887590 26.646396, -108.890962 26.650450, -108.894336 26.654505, -108.897709 26.658559, -108.901083 26.662613, -108.904456 26.666668, -108.907831 26.670722, -108.911205 26.674776, -108.914580 26.678830, -108.917954 26.682884, -108.921329 26.686937, -108.924705 26.690991, -108.928080 26.695045, -108.931456 26.699098, -108.934832 26.703152, -108.938208 26.707205, -108.941585 26.711258, -108.944962 26.715312, -108.948339 26.719365, -108.951716 26.723418, -108.955093 26.727471, -108.958471 26.731524, -108.961849 26.735576, -108.965227 26.739629, -108.968606 26.743682, -108.971984 26.747734, -108.975363 26.751787, -108.978742 26.755839, -108.982122 26.759892, -108.985501 26.763944, -108.988881 26.767996, -108.992261 26.772048, -108.995642 26.776100, -108.999022 26.780152, -109.002403 26.784204, -109.005784 26.788256, -109.009166 26.792308, -109.012547 26.796359, -109.015929 26.800411, -109.019311 26.804462, -109.022693 26.808514, -109.026076 26.812565, -109.029459 26.816616, -109.032842 26.820667, -109.036225 26.824718, -109.039608 26.828769, -109.042992 26.832820, -109.046376 26.836871, -109.049760 26.840922, -109.053145 26.844972, -109.056530 26.849023, -109.059915 26.853073, -109.063300 26.857124, -109.066685 26.861174, -109.070071 26.865224, -109.073457 26.869275, -109.076843 26.873325, -109.080229 26.877375, -109.083616 26.881425, -109.087003 26.885474, -109.090390 26.889524, -109.093778 26.893574, -109.097165 26.897623, -109.100553 26.901673, -109.103941 26.905722, -109.107329 26.909772, -109.110718 26.913821, -109.114107 26.917870, -109.117496 26.921919, -109.120885 26.925968, -109.124275 26.930017, -109.127665 26.934066, -109.131055 26.938115, -109.134445 26.942164, -109.137836 26.946212, -109.141226 26.950261, -109.144617 26.954309, -109.148009 26.958358, -109.151400 26.962406, -109.154792 26.966454, -109.158184 26.970503, -109.161576 26.974551, -109.164969 26.978599, -109.168361 26.982646, -109.171754 26.986694, -109.175148 26.990742, -109.178541 26.994790, -109.181935 26.998837, -109.185329 27.002885, -109.188723 27.006932, -109.192117 27.010980, -109.195512 27.015027, -109.198907 27.019074, -109.202302 27.023121, -109.205698 27.027168, -109.209093 27.031215, -109.212489 27.035262, -109.215885 27.039309, -109.219282 27.043355, -109.222679 27.047402, -109.226075 27.051448, -109.229473 27.055495, -109.232870 27.059541, -109.236268 27.063587, -109.239665 27.067634, -109.243064 27.071680, -109.246462 27.075726, -109.249861 27.079772, -109.253259 27.083818, -109.256659 27.087863, -109.260058 27.091909, -109.263457 27.095955, -109.266857 27.100000, -109.270257 27.104046, -109.273658 27.108091, -109.277058 27.112136, -109.280459 27.116182, -109.283860 27.120227, -109.287262 27.124272, -109.290663 27.128317, -109.294065 27.132362, -109.297467 27.136406, -109.300869 27.140451, -109.304272 27.144496, -109.307675 27.148540, -109.311078 27.152585, -109.314481 27.156629, -109.317884 27.160674, -109.321288 27.164718, -109.324692 27.168762, -109.328096 27.172806, -109.331501 27.176850, -109.334906 27.180894, -109.338311 27.184938, -109.341716 27.188981, -109.345122 27.193025, -109.348527 27.197069, -109.351933 27.201112, -109.355340 27.205156, -109.358746 27.209199, -109.362153 27.213242, -109.365560 27.217285, -109.368967 27.221328, -109.372374 27.225371, -109.375782 27.229414, -109.379190 27.233457, -109.382598 27.237500, -109.386007 27.241543, -109.389416 27.245585, -109.392825 27.249628, -109.396234 27.253670, -109.399643 27.257712, -109.403053 27.261755, -109.406463 27.265797, -109.409873 27.269839, -109.413284 27.273881, -109.416694 27.277923, -109.420105 27.281965, -109.423516 27.286006, -109.426928 27.290048, -109.430340 27.294090, -109.433752 27.298131, -109.437164 27.302173, -109.440576 27.306214, -109.443989 27.310255, -109.447402 27.314296, -109.450815 27.318337, -109.454228 27.322378, -109.457642 27.326419, -109.461056 27.330460, -109.464470 27.334501, -109.467885 27.338542, -109.471299 27.342582, -109.474714 27.346623, -109.478129 27.350663, -109.481545 27.354704, -109.484961 27.358744, -109.488376 27.362784, -109.491793 27.366824, -109.495209 27.370864, -109.498626 27.374904, -109.502043 27.378944, -109.505460 27.382984, -109.508877 27.387023, -109.512295 27.391063, -109.515713 27.395102, -109.519131 27.399142, -109.522549 27.403181, -109.525968 27.407220, -109.529387 27.411260, -109.532806 27.415299, -109.536226 27.419338, -109.539645 27.423377, -109.543065 27.427416, -109.546485 27.431454, -109.549906 27.435493, -109.553326 27.439532, -109.556747 27.443570, -109.560169 27.447609, -109.563590 27.451647, -109.567012 27.455685, -109.570434 27.459723, -109.573856 27.463761, -109.577278 27.467799, -109.580701 27.471837, -109.584124 27.475875, -109.587547 27.479913, -109.590970 27.483951, -109.594394 27.487988, -109.597818 27.492026, -109.601242 27.496063, -109.604667 27.500101, -109.608091 27.504138, -109.611516 27.508175, -109.614941 27.512212, -109.618367 27.516249, -109.621793 27.520286, -109.625219 27.524323, -109.628645 27.528360, -109.632071 27.532396, -109.635498 27.536433, -109.638925 27.540469, -109.642352 27.544506, -109.645779 27.548542, -109.649207 27.552578, -109.652635 27.556614, -109.656063 27.560651, -109.659492 27.564687, -109.662921 27.568722, -109.666349 27.572758, -109.669779 27.576794, -109.673208 27.580830, -109.676638 27.584865, -109.680068 27.588901, -109.683498 27.592936, -109.686929 27.596972, -109.690359 27.601007, -109.693790 27.605042, -109.697222 27.609077, -109.700653 27.613112, -109.704085 27.617147, -109.707517 27.621182, -109.710949 27.625216, -109.714382 27.629251, -109.717814 27.633286, -109.721247 27.637320, -109.724681 27.641355, -109.728114 27.645389, -109.731548 27.649423, -109.734982 27.653457, -109.738416 27.657491, -109.741851 27.661525, -109.745285 27.665559, -109.748720 27.669593, -109.752156 27.673627, -109.755591 27.677660, -109.759027 27.681694, -109.762463 27.685727, -109.765899 27.689761, -109.769336 27.693794, -109.772773 27.697827, -109.776210 27.701860, -109.779647 27.705893, -109.783085 27.709926, -109.786523 27.713959, -109.789961 27.717992, -109.793399 27.722025, -109.796838 27.726057, -109.800276 27.730090, -109.803716 27.734122, -109.807155 27.738155, -109.810595 27.742187, -109.814034 27.746219, -109.817474 27.750251, -109.820915 27.754283, -109.824355 27.758315, -109.827796 27.762347, -109.831238 27.766379, -109.834679 27.770410, -109.838121 27.774442, -109.841562 27.778473, -109.845005 27.782505, -109.848447 27.786536, -109.851890 27.790568, -109.855333 27.794599, -109.858776 27.798630, -109.862219 27.802661, -109.865663 27.806692, -109.869107 27.810722, -109.872551 27.814753, -109.875996 27.818784, -109.879440 27.822814, -109.882885 27.826845, -109.886330 27.830875, -109.889776 27.834906, -109.893222 27.838936, -109.896668 27.842966, -109.900114 27.846996, -109.903560 27.851026, -109.907007 27.855056, -109.910454 27.859086, -109.913901 27.863115, -109.917349 27.867145, -109.920797 27.871175, -109.924245 27.875204, -109.927693 27.879233, -109.931142 27.883263, -109.934590 27.887292, -109.938040 27.891321, -109.941489 27.895350, -109.944938 27.899379, -109.948388 27.903408, -109.951838 27.907437, -109.955289 27.911465, -109.958739 27.915494, -109.962190 27.919522, -109.965641 27.923551, -109.969093 27.927579, -109.972544 27.931607, -109.975996 27.935636, -109.979448 27.939664, -109.982901 27.943692, -109.986353 27.947720, -109.989806 27.951747, -109.993260 27.955775, -109.996713 27.959803, -110.000167 27.963830, -110.003621 27.967858, -110.007075 27.971885, -110.010529 27.975913, -110.013984 27.979940, -110.017439 27.983967, -110.020894 27.987994, -110.024350 27.992021, -110.027806 27.996048, -110.031262 28.000075, -110.034718 28.004101, -110.038174 28.008128, -110.041631 28.012154, -110.045088 28.016181, -110.048546 28.020207, -110.052003 28.024233, -110.055461 28.028260, -110.058919 28.032286, -110.062377 28.036312, -110.065836 28.040338, -110.069295 28.044364, -110.072754 28.048389, -110.076213 28.052415, -110.079673 28.056441, -110.083133 28.060466, -110.086593 28.064491, -110.090054 28.068517, -110.093514 28.072542, -110.096975 28.076567, -110.100436 28.080592, -110.103898 28.084617, -110.107360 28.088642, -110.110821 28.092667, -110.114284 28.096692, -110.117746 28.100716, -110.121209 28.104741, -110.124672 28.108765, -110.128135 28.112789, -110.131599 28.116814, -110.135063 28.120838, -110.138527 28.124862, -110.141991 28.128886, -110.145456 28.132910, -110.148920 28.136934, -110.152385 28.140958, -110.155851 28.144981, -110.159316 28.149005, -110.162782 28.153028, -110.166248 28.157052, -110.169715 28.161075, -110.173182 28.165098, -110.176648 28.169121, -110.180116 28.173144, -110.183583 28.177167, -110.187051 28.181190, -110.190519 28.185213, -110.193987 28.189236, -110.197455 28.193258, -110.200924 28.197281, -110.204393 28.201303, -110.207862 28.205326, -110.211332 28.209348, -110.214802 28.213370, -110.218272 28.217392, -110.221742 28.221414, -110.225213 28.225436, -110.228684 28.229458, -110.232155 28.233480, -110.235626 28.237501, -110.239098 28.241523, -110.242569 28.245544, -110.246042 28.249566, -110.249514 28.253587, -110.252987 28.257608, -110.256460 28.261629, -110.259933 28.265651, -110.263406 28.269671, -110.266880 28.273692, -110.270354 28.277713, -110.273828 28.281734, -110.277303 28.285754, -110.280777 28.289775, -110.284253 28.293795, -110.287728 28.297816, -110.291203 28.301836, -110.294679 28.305856, -110.298155 28.309876, -110.301632 28.313896, -110.305108 28.317916, -110.308585 28.321936, -110.312062 28.325956, -110.315540 28.329975, -110.319017 28.333995, -110.322495 28.338014, -110.325973 28.342034, -110.329452 28.346053, -110.332931 28.350072, -110.336409 28.354091, -110.339889 28.358110, -110.343368 28.362129, -110.346848 28.366148, -110.350328 28.370167, -110.353808 28.374185, -110.357289 28.378204, -110.360770 28.382222, -110.364251 28.386241, -110.367732 28.390259, -110.371214 28.394277, -110.374696 28.398295, -110.378178 28.402313, -110.381660 28.406331, -110.385143 28.410349, -110.388626 28.414367, -110.392109 28.418385, -110.395592 28.422402, -110.399076 28.426420, -110.402560 28.430437, -110.406044 28.434455, -110.409529 28.438472, -110.413014 28.442489, -110.416499 28.446506, -110.419984 28.450523, -110.423470 28.454540, -110.426955 28.458557, -110.430442 28.462573, -110.433928 28.466590, -110.437415 28.470607, -110.440901 28.474623, -110.444389 28.478639, -110.447876 28.482656, -110.451364 28.486672, -110.454852 28.490688, -110.458340 28.494704, -110.461828 28.498720, -110.465317 28.502736, -110.468806 28.506751, -110.472295 28.510767, -110.475785 28.514783, -110.479275 28.518798, -110.482765 28.522813, -110.486255 28.526829, -110.489746 28.530844, -110.493237 28.534859, -110.496728 28.538874, -110.500219 28.542889, -110.503711 28.546904, -110.507203 28.550919, -110.510695 28.554933, -110.514188 28.558948, -110.517680 28.562962, -110.521173 28.566977, -110.524667 28.570991, -110.528160 28.575005, -110.531654 28.579019, -110.535148 28.583033, -110.538642 28.587047, -110.542137 28.591061, -110.545632 28.595075, -110.549127 28.599089, -110.552623 28.603102, -110.556118 28.607116, -110.559614 28.611129, -110.563110 28.615142, -110.566607 28.619156, -110.570104 28.623169, -110.573601 28.627182, -110.577098 28.631195, -110.580595 28.635208, -110.584093 28.639220, -110.587591 28.643233, -110.591090 28.647246, -110.594588 28.651258, -110.598087 28.655271, -110.601586 28.659283, -110.605086 28.663295, -110.608586 28.667307, -110.612086 28.671319, -110.615586 28.675331, -110.619086 28.679343, -110.622587 28.683355, -110.626088 28.687367, -110.629589 28.691378, -110.633091 28.695390, -110.636593 28.699401, -110.640095 28.703413, -110.643597 28.707424, -110.647100 28.711435, -110.650603 28.715446, -110.654106 28.719457, -110.657609 28.723468, -110.661113 28.727479, -110.664617 28.731489, -110.668121 28.735500, -110.671626 28.739511, -110.675131 28.743521, -110.678636 28.747531, -110.682141 28.751542, -110.685647 28.755552, -110.689153 28.759562, -110.692659 28.763572, -110.696165 28.767582, -110.699672 28.771592, -110.703179 28.775601, -110.706686 28.779611, -110.710193 28.783620, -110.713701 28.787630, -110.717209 28.791639, -110.720718 28.795648, -110.724226 28.799658, -110.727735 28.803667, -110.731244 28.807676, -110.734753 28.811685, -110.738263 28.815693, -110.741773 28.819702, -110.745283 28.823711, -110.748794 28.827719, -110.752304 28.831728, -110.755815 28.835736, -110.759327 28.839744, -110.762838 28.843753, -110.766350 28.847761, -110.769862 28.851769, -110.773374 28.855776, -110.776887 28.859784, -110.780400 28.863792, -110.783913 28.867800, -110.787427 28.871807, -110.790940 28.875815, -110.794454 28.879822, -110.797969 28.883829, -110.801483 28.887836, -110.804998 28.891843, -110.808513 28.895850, -110.812028 28.899857, -110.815544 28.903864, -110.819060 28.907871, -110.822576 28.911877, -110.826092 28.915884, -110.829609 28.919890, -110.833126 28.923897, -110.836643 28.927903, -110.840161 28.931909, -110.843678 28.935915, -110.847197 28.939921, -110.850715 28.943927, -110.854233 28.947933, -110.857752 28.951939, -110.861271 28.955944, -110.864791 28.959950, -110.868311 28.963955, -110.871831 28.967961, -110.875351 28.971966, -110.878871 28.975971, -110.882392 28.979976, -110.885913 28.983981, -110.889434 28.987986, -110.892956 28.991991, -110.896478 28.995995, -110.900000 29.000000, -110.898504 29.004879, -110.897008 29.009759, -110.895511 29.014638, -110.894015 29.019517, -110.892518 29.024397, -110.891021 29.029276, -110.889524 29.034155, -110.888027 29.039035, -110.886530 29.043914, -110.885032 29.048793, -110.883535 29.053672, -110.882037 29.058552, -110.880539 29.063431, -110.879041 29.068310, -110.877543 29.073189, -110.876045 29.078068, -110.874547 29.082947, -110.873048 29.087827, -110.871549 29.092706, -110.870051 29.097585, -110.868552 29.102464, -110.867053 29.107343, -110.865553 29.112222, -110.864054 29.117101, -110.862554 29.121980, -110.861055 29.126859, -110.859555 29.131738, -110.858055 29.136617, -110.856555 29.141496, -110.855055 29.146375, -110.853554 29.151253, -110.852054 29.156132, -110.850553 29.161011, -110.849052 29.165890, -110.847551 29.170769, -110.846050 29.175648, -110.844549 29.180527, -110.843048 29.185405, -110.841546 29.190284, -110.840044 29.195163, -110.838543 29.200042, -110.837041 29.204920, -110.835538 29.209799, -110.834036 29.214678, -110.832534 29.219556, -110.831031 29.224435, -110.829529 29.229314, -110.828026 29.234192, -110.826523 29.239071, -110.825020 29.243949, -110.823517 29.248828, -110.822013 29.253706, -110.820510 29.258585, -110.819006 29.263463, -110.817502 29.268342, -110.815998 29.273220, -110.814494 29.278099, -110.812990 29.282977, -110.811485 29.287856, -110.809981 29.292734, -110.808476 29.297613, -110.806971 29.302491, -110.805466 29.307369, -110.803961 29.312248, -110.802456 29.317126, -110.800951 29.322004, -110.799445 29.326883, -110.797939 29.331761, -110.796434 29.336639, -110.794928 29.341517, -110.793422 29.346396, -110.791915 29.351274, -110.790409 29.356152, -110.788902 29.361030, -110.787396 29.365908, -110.785889 29.370786, -110.784382 29.375665, -110.782875 29.380543, -110.781367 29.385421, -110.779860 29.390299, -110.778352 29.395177, -110.776845 29.400055, -110.775337 29.404933, -110.773829 29.409811, -110.772321 29.414689, -110.770812 29.419567, -110.769304 29.424445, -110.767795 29.429323, -110.766287 29.434201, -110.764778 29.439079, -110.763269 29.443956, -110.761760 29.448834, -110.760250 29.453712, -110.758741 29.458590, -110.757231 29.463468, -110.755722 29.468346, -110.754212 29.473223, -110.752702 29.478101, -110.751192 29.482979, -110.749681 29.487857, -110.748171 29.492734, -110.746660 29.497612, -110.745149 29.502490, -110.743639 29.507367, -110.742127 29.512245, -110.740616 29.517123, -110.739105 29.522000, -110.737593 29.526878, -110.736082 29.531755, -110.734570 29.536633, -110.733058 29.541510, -110.731546 29.546388, -110.730034 29.551266, -110.728522 29.556143, -110.727009 29.561020, -110.725496 29.565898, -110.723984 29.570775, -110.722471 29.575653, -110.720958 29.580530, -110.719444 29.585408, -110.717931 29.590285, -110.716417 29.595162, -110.714904 29.600040, -110.713390 29.604917, -110.711876 29.609794, -110.710362 29.614672, -110.708848 29.619549, -110.707333 29.624426, -110.705819 29.629303, -110.704304 29.634181, -110.702789 29.639058, -110.701274 29.643935, -110.699759 29.648812, -110.698244 29.653689, -110.696728 29.658566, -110.695213 29.663443, -110.693697 29.668321, -110.692181 29.673198, -110.690665 29.678075, -110.689149 29.682952, -110.687633 29.687829, -110.686116 29.692706, -110.684600 29.697583, -110.683083 29.702460, -110.681566 29.707337, -110.680049 29.712214, -110.678532 29.717091, -110.677014 29.721967, -110.675497 29.726844, -110.673979 29.731721, -110.672461 29.736598, -110.670943 29.741475, -110.669425 29.746352, -110.667907 29.751229, -110.666389 29.756105, -110.664870 29.760982, -110.663352 29.765859, -110.661833 29.770736, -110.660314 29.775612, -110.658795 29.780489, -110.657275 29.785366, -110.655756 29.790242, -110.654236 29.795119, -110.652717 29.799996, -110.651197 29.804872, -110.649677 29.809749, -110.648157 29.814625, -110.646636 29.819502, -110.645116 29.824378, -110.643595 29.829255, -110.642075 29.834132, -110.640554 29.839008, -110.639033 29.843884, -110.637511 29.848761, -110.635990 29.853637, -110.634469 29.858514, -110.632947 29.863390, -110.631425 29.868267, -110.629903 29.873143, -110.628381 29.878019, -110.626859 29.882896, -110.625337 29.887772, -110.623814 29.892648, -110.622291 29.897524, -110.620768 29.902401, -110.619245 29.907277, -110.617722 29.912153, -110.616199 29.917029, -110.614676 29.921906, -110.613152 29.926782, -110.611628 29.931658, -110.610104 29.936534, -110.608580 29.941410, -110.607056 29.946286, -110.605532 29.951162, -110.604007 29.956038, -110.602483 29.960915, -110.600958 29.965791, -110.599433 29.970667, -110.597908 29.975543, -110.596383 29.980419, -110.594858 29.985295, -110.593332 29.990170, -110.591806 29.995046, -110.590281 29.999922, -110.588755 30.004798, -110.587228 30.009674, -110.585702 30.014550, -110.584176 30.019426, -110.582649 30.024302, -110.581122 30.029177, -110.579596 30.034053, -110.578069 30.038929, -110.576541 30.043805, -110.575014 30.048680, -110.573487 30.053556, -110.571959 30.058432, -110.570431 30.063308, -110.568903 30.068183, -110.567375 30.073059, -110.565847 30.077934, -110.564319 30.082810, -110.562790 30.087686, -110.561261 30.092561, -110.559733 30.097437, -110.558204 30.102312, -110.556674 30.107188, -110.555145 30.112063, -110.553616 30.116939, -110.552086 30.121814, -110.550556 30.126690, -110.549027 30.131565, -110.547497 30.136441, -110.545966 30.141316, -110.544436 30.146191, -110.542906 30.151067, -110.541375 30.155942, -110.539844 30.160817, -110.538313 30.165693, -110.536782 30.170568, -110.535251 30.175443, -110.533719 30.180319, -110.532188 30.185194, -110.530656 30.190069, -110.529124 30.194944, -110.527592 30.199819, -110.526060 30.204695, -110.524528 30.209570, -110.522995 30.214445, -110.521463 30.219320, -110.519930 30.224195, -110.518397 30.229070, -110.516864 30.233945, -110.515331 30.238820, -110.513797 30.243695, -110.512264 30.248570, -110.510730 30.253445, -110.509196 30.258320, -110.507662 30.263195, -110.506128 30.268070, -110.504594 30.272945, -110.503060 30.277820, -110.501525 30.282695, -110.499990 30.287570, -110.498455 30.292445, -110.496920 30.297319, -110.495385 30.302194, -110.493850 30.307069, -110.492314 30.311944, -110.490779 30.316819, -110.489243 30.321693, -110.487707 30.326568, -110.486171 30.331443, -110.484634 30.336317, -110.483098 30.341192, -110.481561 30.346067, -110.480025 30.350941, -110.478488 30.355816, -110.476951 30.360691, -110.475414 30.365565, -110.473876 30.370440, -110.472339 30.375314, -110.470801 30.380189, -110.469263 30.385063, -110.467725 30.389938, -110.466187 30.394812, -110.464649 30.399687, -110.463111 30.404561, -110.461572 30.409435, -110.460033 30.414310, -110.458494 30.419184, -110.456955 30.424059, -110.455416 30.428933, -110.453877 30.433807, -110.452337 30.438682, -110.450798 30.443556, -110.449258 30.448430, -110.447718 30.453304, -110.446178 30.458179, -110.444638 30.463053, -110.443097 30.467927, -110.441557 30.472801, -110.440016 30.477675, -110.438475 30.482550, -110.436934 30.487424, -110.435393 30.492298, -110.433851 30.497172, -110.432310 30.502046, -110.430768 30.506920, -110.429227 30.511794, -110.427685 30.516668, -110.426142 30.521542, -110.424600 30.526416, -110.423058 30.531290, -110.421515 30.536164, -110.419972 30.541038, -110.418430 30.545912, -110.416887 30.550786, -110.415343 30.555660, -110.413800 30.560533, -110.412256 30.565407, -110.410713 30.570281, -110.409169 30.575155, -110.407625 30.580029, -110.406081 30.584902, -110.404537 30.589776, -110.402992 30.594650, -110.401448 30.599524, -110.399903 30.604397, -110.398358 30.609271, -110.396813 30.614145, -110.395268 30.619018, -110.393722 30.623892, -110.392177 30.628765, -110.390631 30.633639, -110.389085 30.638513, -110.387539 30.643386, -110.385993 30.648260, -110.384447 30.653133, -110.382900 30.658007, -110.381354 30.662880, -110.379807 30.667753, -110.378260 30.672627, -110.376713 30.677500, -110.375166 30.682374, -110.373618 30.687247, -110.372071 30.692120, -110.370523 30.696994, -110.368975 30.701867, -110.367427 30.706740, -110.365879 30.711614, -110.364331 30.716487, -110.362782 30.721360, -110.361233 30.726233, -110.359685 30.731107, -110.358136 30.735980, -110.356587 30.740853, -110.355037 30.745726, -110.353488 30.750599, -110.351938 30.755472, -110.350389 30.760346, -110.348839 30.765219, -110.347289 30.770092, -110.345738 30.774965, -110.344188 30.779838, -110.342637 30.784711, -110.341087 30.789584, -110.339536 30.794457, -110.337985 30.799330, -110.336434 30.804203, -110.334882 30.809076, -110.333331 30.813948, -110.331779 30.818821, -110.330228 30.823694, -110.328676 30.828567, -110.327123 30.833440, -110.325571 30.838313, -110.324019 30.843185, -110.322466 30.848058, -110.320913 30.852931, -110.319361 30.857804, -110.317808 30.862676, -110.316254 30.867549, -110.314701 30.872422, -110.313147 30.877294, -110.311594 30.882167, -110.310040 30.887040, -110.308486 30.891912, -110.306932 30.896785, -110.305377 30.901658, -110.303823 30.906530, -110.302268 30.911403, -110.300714 30.916275, -110.299159 30.921148, -110.297604 30.926020, -110.296048 30.930893, -110.294493 30.935765, -110.292937 30.940637, -110.291381 30.945510, -110.289826 30.950382, -110.288270 30.955254, -110.286713 30.960127, -110.285157 30.964999, -110.283600 30.969871, -110.282044 30.974744, -110.280487 30.979616, -110.278930 30.984488, -110.277373 30.989361, -110.275815 30.994233, -110.274258 30.999105, -110.272700 31.003977, -110.271142 31.008849, -110.269584 31.013721, -110.268026 31.018593, -110.266468 31.023466, -110.264910 31.028338, -110.263351 31.033210, -110.261792 31.038082, -110.260233 31.042954, -110.258674 31.047826, -110.257115 31.052698, -110.255556 31.057570, -110.253996 31.062442, -110.252436 31.067314, -110.250876 31.072186, -110.249316 31.077057, -110.247756 31.081929, -110.246196 31.086801, -110.244635 31.091673, -110.243075 31.096545, -110.241514 31.101417, -110.239953 31.106288, -110.238392 31.111160, -110.236830 31.116032, -110.235269 31.120904, -110.233707 31.125775, -110.232145 31.130647, -110.230583 31.135519, -110.229021 31.140390, -110.227459 31.145262, -110.225897 31.150134, -110.224334 31.155005, -110.222771 31.159877, -110.221208 31.164748, -110.219645 31.169620, -110.218082 31.174491, -110.216518 31.179363, -110.214955 31.184234, -110.213391 31.189106, -110.211827 31.193977, -110.210263 31.198849, -110.208699 31.203720, -110.207135 31.208591, -110.205570 31.213463, -110.204005 31.218334, -110.202441 31.223205, -110.200876 31.228077, -110.199310 31.232948, -110.197745 31.237819, -110.196180 31.242691, -110.194614 31.247562, -110.193048 31.252433, -110.191482 31.257304, -110.189916 31.262175, -110.188350 31.267047, -110.186783 31.271918, -110.185216 31.276789, -110.183650 31.281660, -110.182083 31.286531, -110.180516 31.291402, -110.178948 31.296273, -110.177381 31.301144, -110.175813 31.306015, -110.174245 31.310886, -110.172678 31.315757, -110.171109 31.320628, -110.169541 31.325499, -110.167973 31.330370, -110.166404 31.335241, -110.164835 31.340112, -110.163267 31.344982, -110.161698 31.349853, -110.160128 31.354724, -110.158559 31.359595, -110.156989 31.364466, -110.155420 31.369336, -110.153850 31.374207, -110.152280 31.379078, -110.150709 31.383949, -110.149139 31.388819, -110.147569 31.393690, -110.145998 31.398561, -110.144427 31.403431, -110.142856 31.408302, -110.141285 31.413172, -110.139713 31.418043, -110.138142 31.422914, -110.136570 31.427784, -110.134998 31.432655, -110.133426 31.437525, -110.131854 31.442396, -110.130282 31.447266, -110.128709 31.452136, -110.127137 31.457007, -110.125564 31.461877, -110.123991 31.466748, -110.122418 31.471618, -110.120845 31.476488, -110.119271 31.481359, -110.117697 31.486229, -110.116124 31.491099, -110.114550 31.495969, -110.112976 31.500840, -110.111401 31.505710, -110.109827 31.510580, -110.108252 31.515450, -110.106677 31.520320, -110.105102 31.525191, -110.103527 31.530061, -110.101952 31.534931, -110.100377 31.539801, -110.098801 31.544671, -110.097225 31.549541, -110.095649 31.554411, -110.094073 31.559281, -110.092497 31.564151, -110.090921 31.569021, -110.089344 31.573891, -110.087767 31.578761, -110.086190 31.583631, -110.084613 31.588501, -110.083036 31.593370, -110.081458 31.598240, -110.079881 31.603110, -110.078303 31.607980, -110.076725 31.612850, -110.075147 31.617720, -110.073569 31.622589, -110.071991 31.627459, -110.070412 31.632329, -110.068833 31.637198, -110.067254 31.642068, -110.065675 31.646938, -110.064096 31.651807, -110.062517 31.656677, -110.060937 31.661547, -110.059357 31.666416, -110.057777 31.671286, -110.056197 31.676155, -110.054617 31.681025, -110.053037 31.685894, -110.051456 31.690764, -110.049875 31.695633, -110.048295 31.700503, -110.046713 31.705372, -110.045132 31.710242, -110.043551 31.715111, -110.041969 31.719980, -110.040388 31.724850, -110.038806 31.729719, -110.037224 31.734588, -110.035641 31.739458, -110.034059 31.744327, -110.032477 31.749196, -110.030894 31.754065, -110.029311 31.758935, -110.027728 31.763804, -110.026145 31.768673, -110.024561 31.773542, -110.022978 31.778411, -110.021394 31.783280, -110.019810 31.788149, -110.018226 31.793018, -110.016642 31.797888, -110.015057 31.802757, -110.013473 31.807626, -110.011888 31.812495, -110.010303 31.817364, -110.008718 31.822232, -110.007133 31.827101, -110.005548 31.831970, -110.003962 31.836839, -110.002376 31.841708, -110.000790 31.846577, -109.999204 31.851446, -109.997618 31.856315, -109.996032 31.861183, -109.994445 31.866052, -109.992858 31.870921, -109.991272 31.875790, -109.989684 31.880658, -109.988097 31.885527, -109.986510 31.890396, -109.984922 31.895264, -109.983335 31.900133, -109.981747 31.905002, -109.980159 31.909870, -109.978570 31.914739, -109.976982 31.919607, -109.975393 31.924476, -109.973805 31.929344, -109.972216 31.934213, -109.970627 31.939081, -109.969037 31.943950, -109.967448 31.948818, -109.965858 31.953687, -109.964269 31.958555, -109.962679 31.963424, -109.961089 31.968292, -109.959498 31.973160, -109.957908 31.978029, -109.956317 31.982897, -109.954727 31.987765, -109.953136 31.992633, -109.951544 31.997502, -109.949953 32.002370, -109.948362 32.007238, -109.946770 32.012106, -109.945178 32.016974, -109.943586 32.021843, -109.941994 32.026711, -109.940402 32.031579, -109.938810 32.036447, -109.937217 32.041315, -109.935624 32.046183, -109.934031 32.051051, -109.932438 32.055919, -109.930845 32.060787, -109.929251 32.065655, -109.927658 32.070523, -109.926064 32.075391, -109.924470 32.080259, -109.922876 32.085127, -109.921281 32.089995, -109.919687 32.094862, -109.918092 32.099730, -109.916497 32.104598, -109.914902 32.109466, -109.913307 32.114334, -109.911712 32.119201, -109.910116 32.124069, -109.908521 32.128937, -109.906925 32.133804, -109.905329 32.138672, -109.903733 32.143540, -109.902136 32.148407, -109.900540 32.153275, -109.898943 32.158143, -109.897346 32.163010, -109.895749 32.167878, -109.894152 32.172745, -109.892554 32.177613, -109.890957 32.182480, -109.889359 32.187348, -109.887761 32.192215, -109.886163 32.197083, -109.884565 32.201950, -109.882967 32.206817, -109.881368 32.211685, -109.879769 32.216552, -109.878170 32.221419, -109.876571 32.226287, -109.874972 32.231154, -109.873372 32.236021, -109.871773 32.240888, -109.870173 32.245756, -109.868573 32.250623, -109.866973 32.255490, -109.865373 32.260357, -109.863772 32.265224, -109.862172 32.270091, -109.860571 32.274959, -109.858970 32.279826, -109.857369 32.284693, -109.855767 32.289560, -109.854166 32.294427, -109.852564 32.299294, -109.850962 32.304161, -109.849360 32.309028, -109.847758 32.313895, -109.846156 32.318762, -109.844553 32.323628, -109.842950 32.328495, -109.841348 32.333362, -109.839745 32.338229, -109.838141 32.343096, -109.836538 32.347963, -109.834934 32.352829, -109.833331 32.357696, -109.831727 32.362563, -109.830123 32.367430, -109.828518 32.372296, -109.826914 32.377163, -109.825309 32.382030, -109.823705 32.386896, -109.822100 32.391763, -109.820494 32.396630, -109.818889 32.401496, -109.817284 32.406363, -109.815678 32.411229, -109.814072 32.416096, -109.812466 32.420962, -109.810860 32.425829, -109.809254 32.430695, -109.807647 32.435562, -109.806041 32.440428, -109.804434 32.445294, -109.802827 32.450161, -109.801219 32.455027, -109.799612 32.459893, -109.798005 32.464760, -109.796397 32.469626, -109.794789 32.474492, -109.793181 32.479359, -109.791573 32.484225, -109.789964 32.489091, -109.788356 32.493957, -109.786747 32.498823, -109.785138 32.503689, -109.783529 32.508556, -109.781919 32.513422, -109.780310 32.518288, -109.778700 32.523154, -109.777091 32.528020, -109.775481 32.532886, -109.773870 32.537752, -109.772260 32.542618, -109.770650 32.547484, -109.769039 32.552350, -109.767428 32.557216, -109.765817 32.562082, -109.764206 32.566947, -109.762594 32.571813, -109.760983 32.576679, -109.759371 32.581545, -109.757759 32.586411, -109.756147 32.591277, -109.754535 32.596142, -109.752922 32.601008, -109.751310 32.605874, -109.749697 32.610739, -109.748084 32.615605, -109.746471 32.620471, -109.744858 32.625336, -109.743244 32.630202, -109.741630 32.635068, -109.740017 32.639933, -109.738403 32.644799, -109.736788 32.649664, -109.735174 32.654530, -109.733560 32.659395, -109.731945 32.664261, -109.730330 32.669126, -109.728715 32.673992, -109.727100 32.678857, -109.725484 32.683722, -109.723869 32.688588, -109.722253 32.693453, -109.720637 32.698318, -109.719021 32.703184, -109.717404 32.708049, -109.715788 32.712914, -109.714171 32.717780, -109.712554 32.722645, -109.710937 32.727510, -109.709320 32.732375, -109.707703 32.737240, -109.706085 32.742105, -109.704468 32.746971, -109.702850 32.751836, -109.701232 32.756701, -109.699614 32.761566, -109.697995 32.766431, -109.696377 32.771296, -109.694758 32.776161, -109.693139 32.781026, -109.691520 32.785891, -109.689900 32.790756, -109.688281 32.795621, -109.686661 32.800485, -109.685041 32.805350, -109.683421 32.810215, -109.681801 32.815080, -109.680181 32.819945, -109.678560 32.824810, -109.676940 32.829674, -109.675319 32.834539, -109.673698 32.839404, -109.672076 32.844268, -109.670455 32.849133, -109.668833 32.853998, -109.667211 32.858862, -109.665590 32.863727, -109.663967 32.868592, -109.662345 32.873456, -109.660723 32.878321, -109.659100 32.883185, -109.657477 32.888050, -109.655854 32.892914, -109.654231 32.897779, -109.652607 32.902643, -109.650984 32.907508, -109.649360 32.912372, -109.647736 32.917236, -109.646112 32.922101, -109.644488 32.926965, -109.642863 32.931829, -109.641239 32.936694, -109.639614 32.941558, -109.637989 32.946422, -109.636364 32.951287, -109.634738 32.956151, -109.633113 32.961015, -109.631487 32.965879, -109.629861 32.970743, -109.628235 32.975607, -109.626609 32.980472, -109.624982 32.985336, -109.623356 32.990200, -109.621729 32.995064, -109.620102 32.999928, -109.618475 33.004792, -109.616848 33.009656, -109.615220 33.014520, -109.613592 33.019384, -109.611965 33.024248, -109.610336 33.029111, -109.608708 33.033975, -109.607080 33.038839, -109.605451 33.043703, -109.603822 33.048567, -109.602194 33.053431, -109.600564 33.058294, -109.598935 33.063158, -109.597306 33.068022, -109.595676 33.072886, -109.594046 33.077749, -109.592416 33.082613, -109.590786 33.087477, -109.589156 33.092340, -109.587525 33.097204, -109.585894 33.102067, -109.584263 33.106931, -109.582632 33.111794, -109.581001 33.116658, -109.579369 33.121522, -109.577738 33.126385, -109.576106 33.131248, -109.574474 33.136112, -109.572842 33.140975, -109.571209 33.145839, -109.569577 33.150702, -109.567944 33.155565, -109.566311 33.160429, -109.564678 33.165292, -109.563045 33.170155, -109.561411 33.175019, -109.559778 33.179882, -109.558144 33.184745, -109.556510 33.189608, -109.554876 33.194471, -109.553241 33.199335, -109.551607 33.204198, -109.549972 33.209061, -109.548337 33.213924, -109.546702 33.218787, -109.545067 33.223650, -109.543431 33.228513, -109.541796 33.233376, -109.540160 33.238239, -109.538524 33.243102, -109.536888 33.247965, -109.535251 33.252828, -109.533615 33.257691, -109.531978 33.262554, -109.530341 33.267416, -109.528704 33.272279, -109.527067 33.277142, -109.525429 33.282005, -109.523792 33.286868, -109.522154 33.291730, -109.520516 33.296593, -109.518878 33.301456, -109.517239 33.306319, -109.515601 33.311181, -109.513962 33.316044, -109.512323 33.320906, -109.510684 33.325769, -109.509045 33.330632, -109.507405 33.335494, -109.505765 33.340357, -109.504126 33.345219, -109.502486 33.350082, -109.500845 33.354944, -109.499205 33.359807, -109.497564 33.364669, -109.495924 33.369531, -109.494283 33.374394, -109.492642 33.379256, -109.491000 33.384119, -109.489359 33.388981, -109.487717 33.393843, -109.486075 33.398705, -109.484433 33.403568, -109.482791 33.408430, -109.481149 33.413292, -109.479506 33.418154, -109.477863 33.423017, -109.476220 33.427879, -109.474577 33.432741, -109.472934 33.437603, -109.471290 33.442465, -109.469647 33.447327, -109.468003 33.452189, -109.466359 33.457051, -109.464714 33.461913, -109.463070 33.466775, -109.461425 33.471637, -109.459781 33.476499, -109.458136 33.481361, -109.456490 33.486223, -109.454845 33.491085, -109.453200 33.495946, -109.451554 33.500808, -109.449908 33.505670, -109.448262 33.510532, -109.446616 33.515394, -109.444969 33.520255, -109.443322 33.525117, -109.441676 33.529979, -109.440029 33.534840, -109.438381 33.539702, -109.436734 33.544564, -109.435086 33.549425, -109.433439 33.554287, -109.431791 33.559148, -109.430143 33.564010, -109.428494 33.568871, -109.426846 33.573733, -109.425197 33.578594, -109.423548 33.583456, -109.421899 33.588317, -109.420250 33.593179, -109.418601 33.598040, -109.416951 33.602901, -109.415301 33.607763, -109.413651 33.612624, -109.412001 33.617485, -109.410351 33.622347, -109.408700 33.627208, -109.407049 33.632069, -109.405398 33.636930, -109.403747 33.641791, -109.402096 33.646653, -109.400444 33.651514, -109.398793 33.656375, -109.397141 33.661236, -109.395489 33.666097, -109.393837 33.670958, -109.392184 33.675819, -109.390532 33.680680, -109.388879 33.685541, -109.387226 33.690402, -109.385573 33.695263, -109.383919 33.700124, -109.382266 33.704985, -109.380612 33.709846, -109.378958 33.714707, -109.377304 33.719567, -109.375650 33.724428, -109.373995 33.729289, -109.372341 33.734150, -109.370686 33.739011, -109.369031 33.743871, -109.367376 33.748732, -109.365720 33.753593, -109.364065 33.758453, -109.362409 33.763314, -109.360753 33.768175, -109.359097 33.773035, -109.357440 33.777896, -109.355784 33.782756, -109.354127 33.787617, -109.352470 33.792477, -109.350813 33.797338, -109.349156 33.802198, -109.347498 33.807059, -109.345841 33.811919, -109.344183 33.816779, -109.342525 33.821640, -109.340867 33.826500, -109.339208 33.831361, -109.337549 33.836221, -109.335891 33.841081, -109.334232 33.845941, -109.332573 33.850802, -109.330913 33.855662, -109.329254 33.860522, -109.327594 33.865382, -109.325934 33.870242, -109.324274 33.875102, -109.322614 33.879963, -109.320953 33.884823, -109.319292 33.889683, -109.317631 33.894543, -109.315970 33.899403, -109.314309 33.904263, -109.312648 33.909123, -109.310986 33.913983, -109.309324 33.918843, -109.307662 33.923702, -109.306000 33.928562, -109.304338 33.933422, -109.302675 33.938282, -109.301012 33.943142, -109.299349 33.948002, -109.297686 33.952861, -109.296023 33.957721, -109.294359 33.962581, -109.292696 33.967441, -109.291032 33.972300, -109.289368 33.977160, -109.287703 33.982020, -109.286039 33.986879, -109.284374 33.991739, -109.282709 33.996598, -109.281044 34.001458, -109.279379 34.006317, -109.277714 34.011177, -109.276048 34.016036, -109.274382 34.020896, -109.272716 34.025755, -109.271050 34.030615, -109.269383 34.035474, -109.267717 34.040333, -109.266050 34.045193, -109.264383 34.050052, -109.262716 34.054911, -109.261049 34.059771, -109.259381 34.064630, -109.257713 34.069489, -109.256046 34.074348, -109.254377 34.079208, -109.252709 34.084067, -109.251041 34.088926, -109.249372 34.093785, -109.247703 34.098644, -109.246034 34.103503, -109.244365 34.108362, -109.242695 34.113221, -109.241026 34.118080, -109.239356 34.122939, -109.237686 34.127798, -109.236016 34.132657, -109.234345 34.137516, -109.232675 34.142375, -109.231004 34.147234, -109.229333 34.152093, -109.227662 34.156951, -109.225990 34.161810, -109.224319 34.166669, -109.222647 34.171528, -109.220975 34.176386, -109.219303 34.181245, -109.217630 34.186104, -109.215958 34.190962, -109.214285 34.195821, -109.212612 34.200680, -109.210939 34.205538, -109.209266 34.210397, -109.207592 34.215255, -109.205919 34.220114, -109.204245 34.224973, -109.202571 34.229831, -109.200897 34.234689, -109.199222 34.239548, -109.197547 34.244406, -109.195873 34.249265, -109.194198 34.254123, -109.192522 34.258981, -109.190847 34.263840, -109.189171 34.268698, -109.187496 34.273556, -109.185819 34.278415, -109.184143 34.283273, -109.182467 34.288131, -109.180790 34.292989, -109.179114 34.297847, -109.177437 34.302705, -109.175759 34.307564, -109.174082 34.312422, -109.172404 34.317280, -109.170727 34.322138, -109.169049 34.326996, -109.167371 34.331854, -109.165692 34.336712, -109.164014 34.341570, -109.162335 34.346428, -109.160656 34.351286, -109.158977 34.356144, -109.157298 34.361001, -109.155618 34.365859, -109.153939 34.370717, -109.152259 34.375575, -109.150579 34.380433, -109.148898 34.385290, -109.147218 34.390148, -109.145537 34.395006, -109.143856 34.399863, -109.142175 34.404721, -109.140494 34.409579, -109.138813 34.414436, -109.137131 34.419294, -109.135449 34.424152, -109.133767 34.429009, -109.132085 34.433867, -109.130402 34.438724, -109.128720 34.443582, -109.127037 34.448439, -109.125354 34.453296, -109.123671 34.458154, -109.121987 34.463011, -109.120304 34.467869, -109.118620 34.472726, -109.116936 34.477583, -109.115252 34.482441, -109.113567 34.487298, -109.111883 34.492155, -109.110198 34.497012, -109.108513 34.501869, -109.106828 34.506727, -109.105142 34.511584, -109.103457 34.516441, -109.101771 34.521298, -109.100085 34.526155, -109.098399 34.531012, -109.096713 34.535869, -109.095026 34.540726, -109.093339 34.545583, -109.091652 34.550440, -109.089965 34.555297, -109.088278 34.560154, -109.086590 34.565011, -109.084903 34.569868, -109.083215 34.574725, -109.081527 34.579581, -109.079838 34.584438, -109.078150 34.589295, -109.076461 34.594152, -109.074772 34.599009, -109.073083 34.603865, -109.071394 34.608722, -109.069704 34.613579, -109.068015 34.618435, -109.066325 34.623292, -109.064635 34.628148, -109.062944 34.633005, -109.061254 34.637862, -109.059563 34.642718, -109.057872 34.647575, -109.056181 34.652431, -109.054490 34.657288, -109.052798 34.662144, -109.051107 34.667000, -109.049415 34.671857, -109.047723 34.676713, -109.046030 34.681569, -109.044338 34.686426, -109.042645 34.691282, -109.040952 34.696138, -109.039259 34.700995, -109.037566 34.705851, -109.035873 34.710707, -109.034179 34.715563, -109.032485 34.720419, -109.030791 34.725275, -109.029097 34.730132, -109.027402 34.734988, -109.025708 34.739844, -109.024013 34.744700, -109.022318 34.749556, -109.020622 34.754412, -109.018927 34.759268, -109.017231 34.764124, -109.015535 34.768979, -109.013839 34.773835, -109.012143 34.778691, -109.010447 34.783547, -109.008750 34.788403, -109.007053 34.793259, -109.005356 34.798114, -109.003659 34.802970, -109.001961 34.807826, -109.000264 34.812682, -108.998566 34.817537, -108.996868 34.822393, -108.995170 34.827249, -108.993471 34.832104, -108.991772 34.836960, -108.990074 34.841815, -108.988374 34.846671, -108.986675 34.851526, -108.984976 34.856382, -108.983276 34.861237, -108.981576 34.866093, -108.979876 34.870948, -108.978176 34.875804, -108.976475 34.880659, -108.974775 34.885514, -108.973074 34.890370, -108.971373 34.895225, -108.969672 34.900080, -108.967970 34.904936, -108.966268 34.909791, -108.964567 34.914646, -108.962864 34.919501, -108.961162 34.924356, -108.959460 34.929211, -108.957757 34.934067, -108.956054 34.938922, -108.954351 34.943777, -108.952648 34.948632, -108.950944 34.953487, -108.949241 34.958342, -108.947537 34.963197, -108.945833 34.968052, -108.944128 34.972907, -108.942424 34.977761, -108.940719 34.982616, -108.939014 34.987471, -108.937309 34.992326, -108.935604 34.997181, -108.933898 35.002036, -108.932193 35.006890, -108.930487 35.011745, -108.928781 35.016600, -108.927074 35.021454, -108.925368 35.026309, -108.923661 35.031164, -108.921954 35.036018, -108.920247 35.040873, -108.918540 35.045728, -108.916832 35.050582, -108.915124 35.055437, -108.913416 35.060291, -108.911708 35.065146, -108.910000 35.070000, -108.903848 35.070243, -108.897696 35.070486, -108.891544 35.070729, -108.885392 35.070971, -108.879239 35.071213, -108.873087 35.071454, -108.866935 35.071696, -108.860782 35.071937, -108.854630 35.072177, -108.848478 35.072418, -108.842325 35.072658, -108.836173 35.072898, -108.830020 35.073137, -108.823868 35.073376, -108.817715 35.073615, -108.811563 35.073854, -108.805410 35.074092, -108.799257 35.074330, -108.793105 35.074567, -108.786952 35.074804, -108.780799 35.075041, -108.774646 35.075278, -108.768493 35.075514, -108.762340 35.075750, -108.756188 35.075986, -108.750035 35.076222, -108.743882 35.076457, -108.737729 35.076691, -108.731575 35.076926, -108.725422 35.077160, -108.719269 35.077394, -108.713116 35.077628, -108.706963 35.077861, -108.700810 35.078094, -108.694656 35.078326, -108.688503 35.078559, -108.682350 35.078791, -108.676196 35.079022, -108.670043 35.079254, -108.663889 35.079485, -108.657736 35.079715, -108.651582 35.079946, -108.645429 35.080176, -108.639275 35.080406, -108.633122 35.080635, -108.626968 35.080864, -108.620814 35.081093, -108.614660 35.081322, -108.608507 35.081550, -108.602353 35.081778, -108.596199 35.082006, -108.590045 35.082233, -108.583891 35.082460, -108.577737 35.082687, -108.571583 35.082913, -108.565429 35.083139, -108.559275 35.083365, -108.553121 35.083591, -108.546967 35.083816, -108.540813 35.084041, -108.534659 35.084265, -108.528505 35.084489, -108.522350 35.084713, -108.516196 35.084937, -108.510042 35.085160, -108.503887 35.085383, -108.497733 35.085606, -108.491579 35.085828, -108.485424 35.086050, -108.479270 35.086272, -108.473115 35.086493, -108.466961 35.086714, -108.460806 35.086935, -108.454651 35.087156, -108.448497 35.087376, -108.442342 35.087596, -108.436187 35.087815, -108.430033 35.088034, -108.423878 35.088253, -108.417723 35.088472, -108.411568 35.088690, -108.405413 35.088908, -108.399258 35.089126, -108.393103 35.089343, -108.386948 35.089560, -108.380793 35.089777, -108.374638 35.089994, -108.368483 35.090210, -108.362328 35.090426, -108.356173 35.090641, -108.350018 35.090856, -108.343863 35.091071, -108.337707 35.091286, -108.331552 35.091500, -108.325397 35.091714, -108.319242 35.091928, -108.313086 35.092141, -108.306931 35.092354, -108.300775 35.092567, -108.294620 35.092779, -108.288464 35.092991, -108.282309 35.093203, -108.276153 35.093414, -108.269998 35.093626, -108.263842 35.093836, -108.257686 35.094047, -108.251531 35.094257, -108.245375 35.094467, -108.239219 35.094677, -108.233063 35.094886, -108.226908 35.095095, -108.220752 35.095304, -108.214596 35.095512, -108.208440 35.095720, -108.202284 35.095928, -108.196128 35.096135, -108.189972 35.096342, -108.183816 35.096549, -108.177660 35.096756, -108.171504 35.096962, -108.165348 35.097168, -108.159192 35.097373, -108.153035 35.097578, -108.146879 35.097783, -108.140723 35.097988, -108.134567 35.098192, -108.128410 35.098396, -108.122254 35.098600, -108.116098 35.098803, -108.109941 35.099006, -108.103785 35.099209, -108.097628 35.099412, -108.091472 35.099614, -108.085315 35.099816, -108.079159 35.100017, -108.073002 35.100218, -108.066846 35.100419, -108.060689 35.100620, -108.054532 35.100820, -108.048375 35.101020, -108.042219 35.101220, -108.036062 35.101419, -108.029905 35.101618, -108.023748 35.101817, -108.017591 35.102015, -108.011435 35.102213, -108.005278 35.102411, -107.999121 35.102608, -107.992964 35.102806, -107.986807 35.103002, -107.980650 35.103199, -107.974493 35.103395, -107.968336 35.103591, -107.962178 35.103787, -107.956021 35.103982, -107.949864 35.104177, -107.943707 35.104372, -107.937550 35.104566, -107.931392 35.104760, -107.925235 35.104954, -107.919078 35.105147, -107.912920 35.105340, -107.906763 35.105533, -107.900605 35.105726, -107.894448 35.105918, -107.888291 35.106110, -107.882133 35.106301, -107.875976 35.106492, -107.869818 35.106683, -107.863660 35.106874, -107.857503 35.107064, -107.851345 35.107254, -107.845187 35.107444, -107.839030 35.107633, -107.832872 35.107822, -107.826714 35.108011, -107.820556 35.108199, -107.814399 35.108388, -107.808241 35.108575, -107.802083 35.108763, -107.795925 35.108950, -107.789767 35.109137, -107.783609 35.109324, -107.777451 35.109510, -107.771293 35.109696, -107.765135 35.109881, -107.758977 35.110067, -107.752819 35.110252, -107.746661 35.110436, -107.740502 35.110621, -107.734344 35.110805, -107.728186 35.110989, -107.722028 35.111172, -107.715870 35.111355, -107.709711 35.111538, -107.703553 35.111721, -107.697395 35.111903, -107.691236 35.112085, -107.685078 35.112266, -107.678919 35.112448, -107.672761 35.112628, -107.666602 35.112809, -107.660444 35.112989, -107.654285 35.113170, -107.648127 35.113349, -107.641968 35.113529, -107.635809 35.113708, -107.629651 35.113886, -107.623492 35.114065, -107.617333 35.114243, -107.611175 35.114421, -107.605016 35.114599, -107.598857 35.114776, -107.592698 35.114953, -107.586539 35.115129, -107.580381 35.115306, -107.574222 35.115482, -107.568063 35.115657, -107.561904 35.115833, -107.555745 35.116008, -107.549586 35.116182, -107.543427 35.116357, -107.537268 35.116531, -107.531109 35.116705, -107.524950 35.116878, -107.518790 35.117051, -107.512631 35.117224, -107.506472 35.117397, -107.500313 35.117569, -107.494154 35.117741, -107.487994 35.117912, -107.481835 35.118084, -107.475676 35.118255, -107.469516 35.118425, -107.463357 35.118596, -107.457198 35.118766, -107.451038 35.118936, -107.444879 35.119105, -107.438719 35.119274, -107.432560 35.119443, -107.426400 35.119612, -107.420241 35.119780, -107.414081 35.119948, -107.407922 35.120115, -107.401762 35.120282, -107.395602 35.120449, -107.389443 35.120616, -107.383283 35.120782, -107.377123 35.120948, -107.370963 35.121114, -107.364804 35.121279, -107.358644 35.121444, -107.352484 35.121609, -107.346324 35.121774, -107.340164 35.121938, -107.334004 35.122102, -107.327845 35.122265, -107.321685 35.122428, -107.315525 35.122591, -107.309365 35.122754, -107.303205 35.122916, -107.297045 35.123078, -107.290884 35.123240, -107.284724 35.123401, -107.278564 35.123562, -107.272404 35.123723, -107.266244 35.123883, -107.260084 35.124043, -107.253924 35.124203, -107.247763 35.124362, -107.241603 35.124522, -107.235443 35.124680, -107.229282 35.124839, -107.223122 35.124997, -107.216962 35.125155, -107.210801 35.125313, -107.204641 35.125470, -107.198480 35.125627, -107.192320 35.125784, -107.186160 35.125940, -107.179999 35.126096, -107.173839 35.126252, -107.167678 35.126407, -107.161517 35.126562, -107.155357 35.126717, -107.149196 35.126872, -107.143036 35.127026, -107.136875 35.127180, -107.130714 35.127333, -107.124553 35.127486, -107.118393 35.127639, -107.112232 35.127792, -107.106071 35.127944, -107.099910 35.128096, -107.093750 35.128248, -107.087589 35.128399, -107.081428 35.128550, -107.075267 35.128701, -107.069106 35.128851, -107.062945 35.129001, -107.056784 35.129151, -107.050623 35.129301, -107.044462 35.129450, -107.038301 35.129599, -107.032140 35.129747, -107.025979 35.129896, -107.019818 35.130043, -107.013657 35.130191, -107.007496 35.130338, -107.001334 35.130485, -106.995173 35.130632, -106.989012 35.130778, -106.982851 35.130925, -106.976689 35.131070, -106.970528 35.131216, -106.964367 35.131361, -106.958206 35.131506, -106.952044 35.131650, -106.945883 35.131794, -106.939721 35.131938, -106.933560 35.132082, -106.927399 35.132225, -106.921237 35.132368, -106.915076 35.132511, -106.908914 35.132653, -106.902753 35.132795, -106.896591 35.132937, -106.890430 35.133078, -106.884268 35.133219, -106.878106 35.133360, -106.871945 35.133500, -106.865783 35.133640, -106.859621 35.133780, -106.853460 35.133920, -106.847298 35.134059, -106.841136 35.134198, -106.834975 35.134336, -106.828813 35.134475, -106.822651 35.134613, -106.816489 35.134750, -106.810327 35.134888, -106.804165 35.135025, -106.798004 35.135161, -106.791842 35.135298, -106.785680 35.135434, -106.779518 35.135570, -106.773356 35.135705, -106.767194 35.135840, -106.761032 35.135975, -106.754870 35.136109, -106.748708 35.136244, -106.742546 35.136378, -106.736384 35.136511, -106.730222 35.136644, -106.724059 35.136777, -106.717897 35.136910, -106.711735 35.137042, -106.705573 35.137174, -106.699411 35.137306, -106.693249 35.137438, -106.687086 35.137569, -106.680924 35.137699, -106.674762 35.137830, -106.668599 35.137960, -106.662437 35.138090, -106.656275 35.138219, -106.650112 35.138349, -106.643950 35.138477, -106.637788 35.138606, -106.631625 35.138734, -106.625463 35.138862, -106.619300 35.138990, -106.613138 35.139117, -106.606975 35.139244, -106.600813 35.139371, -106.594650 35.139497, -106.588488 35.139624, -106.582325 35.139749, -106.576163 35.139875, -106.570000 35.140000), (-106.570000 35.140000, -106.567194 35.140090, -106.564388 35.140181, -106.561582 35.140271, -106.558776 35.140361, -106.555970 35.140451, -106.553164 35.140541, -106.550358 35.140631, -106.547551 35.140721, -106.544745 35.140811, -106.541939 35.140900, -106.539133 35.140990, -106.536327 35.141080, -106.533521 35.141169, -106.530715 35.141259, -106.527909 35.141348, -106.525103 35.141438, -106.522296 35.141527, -106.519490 35.141616, -106.516684 35.141705, -106.513878 35.141795, -106.511072 35.141884, -106.508266 35.141973, -106.505459 35.142061, -106.502653 35.142150, -106.499847 35.142239, -106.497041 35.142328, -106.494235 35.142416, -106.491428 35.142505, -106.488622 35.142594, -106.485816 35.142682, -106.483010 35.142770, -106.480204 35.142859, -106.477397 35.142947, -106.474591 35.143035, -106.471785 35.143123, -106.468979 35.143211, -106.466172 35.143299, -106.463366 35.143387, -106.460560 35.143475, -106.457753 35.143563, -106.454947 35.143651, -106.452141 35.143739, -106.449335 35.143826, -106.446528 35.143914, -106.443722 35.144001, -106.440916 35.144089, -106.438109 35.144176, -106.435303 35.144263, -106.432497 35.144351, -106.429690 35.144438, -106.426884 35.144525, -106.424078 35.144612, -106.421271 35.144699, -106.418465 35.144786, -106.415659 35.144873, -106.412852 35.144959, -106.410046 35.145046, -106.407239 35.145133, -106.404433 35.145219, -106.401627 35.145306, -106.398820 35.145392, -106.396014 35.145479, -106.393207 35.145565, -106.390401 35.145651, -106.387594 35.145738, -106.384788 35.145824, -106.381982 35.145910, -106.379175 35.145996, -106.376369 35.146082, -106.373562 35.146168, -106.370756 35.146253, -106.367949 35.146339, -106.365143 35.146425, -106.362336 35.146510, -106.359530 35.146596, -106.356723 35.146681, -106.353917 35.146767, -106.351110 35.146852, -106.348304 35.146938, -106.345497 35.147023, -106.342691 35.147108, -106.339884 35.147193, -106.337078 35.147278, -106.334271 35.147363, -106.331465 35.147448, -106.328658 35.147533, -106.325851 35.147618, -106.323045 35.147702, -106.320238 35.147787, -106.317432 35.147871, -106.314625 35.147956, -106.311819 35.148040, -106.309012 35.148125, -106.306205 35.148209, -106.303399 35.148293, -106.300592 35.148378, -106.297786 35.148462, -106.294979 35.148546, -106.292172 35.148630, -106.289366 35.148714, -106.286559 35.148798, -106.283752 35.148881, -106.280946 35.148965, -106.278139 35.149049, -106.275332 35.149132, -106.272526 35.149216, -106.269719 35.149299, -106.266912 35.149383, -106.264106 35.149466, -106.261299 35.149549, -106.258492 35.149633, -106.255686 35.149716, -106.252879 35.149799, -106.250072 35.149882, -106.247265 35.149965, -106.244459 35.150048, -106.241652 35.150131, -106.238845 35.150213, -106.236038 35.150296, -106.233232 35.150379, -106.230425 35.150461, -106.227618 35.150544, -106.224811 35.150626, -106.222005 35.150709, -106.219198 35.150791, -106.216391 35.150873, -106.213584 35.150955, -106.210777 35.151038, -106.207971 35.151120, -106.205164 35.151202, -106.202357 35.151284, -106.199550 35.151365, -106.196743 35.151447, -106.193937 35.151529, -106.191130 35.151611, -106.188323 35.151692, -106.185516 35.151774, -106.182709 35.151855, -106.179902 35.151937, -106.177095 35.152018, -106.174289 35.152099, -106.171482 35.152181, -106.168675 35.152262, -106.165868 35.152343, -106.163061 35.152424, -106.160254 35.152505, -106.157447 35.152586, -106.154640 35.152666, -106.151833 35.152747, -106.149027 35.152828, -106.146220 35.152909, -106.143413 35.152989, -106.140606 35.153070, -106.137799 35.153150, -106.134992 35.153230, -106.132185 35.153311, -106.129378 35.153391, -106.126571 35.153471, -106.123764 35.153551, -106.120957 35.153631, -106.118150 35.153711, -106.115343 35.153791, -106.112536 35.153871, -106.109729 35.153951, -106.106922 35.154031, -106.104115 35.154110, -106.101308 35.154190, -106.098501 35.154269, -106.095694 35.154349, -106.092887 35.154428, -106.090080 35.154508, -106.087273 35.154587, -106.084466 35.154666, -106.081659 35.154745, -106.078852 35.154824, -106.076045 35.154903, -106.073238 35.154982, -106.070430 35.155061, -106.067623 35.155140, -106.064816 35.155219, -106.062009 35.155297, -106.059202 35.155376, -106.056395 35.155455, -106.053588 35.155533, -106.050781 35.155612, -106.047974 35.155690, -106.045167 35.155768, -106.042359 35.155846, -106.039552 35.155925, -106.036745 35.156003, -106.033938 35.156081, -106.031131 35.156159, -106.028324 35.156237, -106.025517 35.156315, -106.022709 35.156392, -106.019902 35.156470, -106.017095 35.156548, -106.014288 35.156625, -106.011481 35.156703, -106.008673 35.156780, -106.005866 35.156858, -106.003059 35.156935, -106.000252 35.157012, -105.997445 35.157089, -105.994637 35.157167, -105.991830 35.157244, -105.989023 35.157321, -105.986216 35.157398, -105.983408 35.157474, -105.980601 35.157551, -105.977794 35.157628, -105.974987 35.157705, -105.972179 35.157781, -105.969372 35.157858, -105.966565 35.157934, -105.963758 35.158011, -105.960950 35.158087, -105.958143 35.158163, -105.955336 35.158240, -105.952528 35.158316, -105.949721 35.158392, -105.946914 35.158468, -105.944107 35.158544, -105.941299 35.158620, -105.938492 35.158696, -105.935685 35.158772, -105.932877 35.158847, -105.930070 35.158923, -105.927263 35.158998, -105.924455 35.159074, -105.921648 35.159149, -105.918840 35.159225, -105.916033 35.159300, -105.913226 35.159375, -105.910418 35.159451, -105.907611 35.159526, -105.904804 35.159601, -105.901996 35.159676, -105.899189 35.159751, -105.896381 35.159826, -105.893574 35.159900, -105.890767 35.159975, -105.887959 35.160050, -105.885152 35.160124, -105.882344 35.160199, -105.879537 35.160273, -105.876729 35.160348, -105.873922 35.160422, -105.871114 35.160497, -105.868307 35.160571, -105.865500 35.160645, -105.862692 35.160719, -105.859885 35.160793, -105.857077 35.160867, -105.854270 35.160941, -105.851462 35.161015, -105.848655 35.161088, -105.845847 35.161162, -105.843040 35.161236, -105.840232 35.161309, -105.837425 35.161383, -105.834617 35.161456, -105.831810 35.161530, -105.829002 35.161603, -105.826195 35.161676, -105.823387 35.161749, -105.820580 35.161823, -105.817772 35.161896, -105.814964 35.161969, -105.812157 35.162042, -105.809349 35.162114, -105.806542 35.162187, -105.803734 35.162260, -105.800927 35.162333, -105.798119 35.162405, -105.795311 35.162478, -105.792504 35.162550, -105.789696 35.162623, -105.786889 35.162695, -105.784081 35.162767, -105.781273 35.162840, -105.778466 35.162912, -105.775658 35.162984, -105.772851 35.163056, -105.770043 35.163128, -105.767235 35.163200, -105.764428 35.163271, -105.761620 35.163343, -105.758812 35.163415, -105.756005 35.163487, -105.753197 35.163558, -105.750389 35.163630, -105.747582 35.163701, -105.744774 35.163772, -105.741966 35.163844, -105.739159 35.163915, -105.736351 35.163986, -105.733543 35.164057, -105.730736 35.164128, -105.727928 35.164199, -105.725120 35.164270, -105.722312 35.164341, -105.719505 35.164412, -105.716697 35.164483, -105.713889 35.164553, -105.711081 35.164624, -105.708274 35.164694, -105.705466 35.164765, -105.702658 35.164835, -105.699850 35.164906, -105.697043 35.164976, -105.694235 35.165046, -105.691427 35.165116, -105.688619 35.165186, -105.685812 35.165256, -105.683004 35.165326, -105.680196 35.165396, -105.677388 35.165466, -105.674580 35.165536, -105.671773 35.165605, -105.668965 35.165675, -105.666157 35.165745, -105.663349 35.165814, -105.660541 35.165883, -105.657734 35.165953, -105.654926 35.166022, -105.652118 35.166091, -105.649310 35.166161, -105.646502 35.166230, -105.643694 35.166299, -105.640887 35.166368, -105.638079 35.166437, -105.635271 35.166505, -105.632463 35.166574, -105.629655 35.166643, -105.626847 35.166712, -105.624039 35.166780, -105.621231 35.166849, -105.618423 35.166917, -105.615616 35.166986, -105.612808 35.167054, -105.610000 35.167122, -105.607192 35.167190, -105.604384 35.167258, -105.601576 35.167327, -105.598768 35.167395, -105.595960 35.167462, -105.593152 35.167530, -105.590344 35.167598, -105.587536 35.167666, -105.584728 35.167734, -105.581920 35.167801, -105.579112 35.167869, -105.576305 35.167936, -105.573497 35.168004, -105.570689 35.168071, -105.567881 35.168138, -105.565073 35.168206, -105.562265 35.168273, -105.559457 35.168340, -105.556649 35.168407, -105.553841 35.168474, -105.551033 35.168541, -105.548225 35.168608, -105.545417 35.168674, -105.542609 35.168741, -105.539801 35.168808, -105.536993 35.168874, -105.534184 35.168941, -105.531376 35.169007, -105.528568 35.169074, -105.525760 35.169140, -105.522952 35.169206, -105.520144 35.169272, -105.517336 35.169338, -105.514528 35.169405, -105.511720 35.169471, -105.508912 35.169536, -105.506104 35.169602, -105.503296 35.169668, -105.500488 35.169734, -105.497680 35.169800, -105.494872 35.169865, -105.492063 35.169931, -105.489255 35.169996, -105.486447 35.170062, -105.483639 35.170127, -105.480831 35.170192, -105.478023 35.170257, -105.475215 35.170323, -105.472407 35.170388, -105.469598 35.170453, -105.466790 35.170518, -105.463982 35.170583, -105.461174 35.170647, -105.458366 35.170712, -105.455558 35.170777, -105.452750 35.170841, -105.449941 35.170906, -105.447133 35.170971, -105.444325 35.171035, -105.441517 35.171099, -105.438709 35.171164, -105.435900 35.171228, -105.433092 35.171292, -105.430284 35.171356, -105.427476 35.171420, -105.424668 35.171484, -105.421859 35.171548, -105.419051 35.171612, -105.416243 35.171676, -105.413435 35.171740, -105.410627 35.171803, -105.407818 35.171867, -105.405010 35.171930, -105.402202 35.171994, -105.399394 35.172057, -105.396585 35.172121, -105.393777 35.172184, -105.390969 35.172247, -105.388161 35.172310, -105.385352 35.172373, -105.382544 35.172436, -105.379736 35.172499, -105.376927 35.172562, -105.374119 35.172625, -105.371311 35.172688, -105.368503 35.172750, -105.365694 35.172813, -105.362886 35.172876, -105.360078 35.172938, -105.357269 35.173001, -105.354461 35.173063, -105.351653 35.173125, -105.348844 35.173187, -105.346036 35.173250, -105.343228 35.173312, -105.340419 35.173374, -105.337611 35.173436, -105.334803 35.173498, -105.331994 35.173559, -105.329186 35.173621, -105.326378 35.173683, -105.323569 35.173745, -105.320761 35.173806, -105.317952 35.173868, -105.315144 35.173929, -105.312336 35.173991, -105.309527 35.174052, -105.306719 35.174113, -105.303910 35.174174, -105.301102 35.174236, -105.298294 35.174297, -105.295485 35.174358, -105.292677 35.174419, -105.289868 35.174479, -105.287060 35.174540, -105.284252 35.174601, -105.281443 35.174662, -105.278635 35.174722, -105.275826 35.174783, -105.273018 35.174843, -105.270209 35.174904, -105.267401 35.174964, -105.264593 35.175024, -105.261784 35.175085, -105.258976 35.175145, -105.256167 35.175205, -105.253359 35.175265, -105.250550 35.175325, -105.247742 35.175385, -105.244933 35.175445, -105.242125 35.175504, -105.239316 35.175564, -105.236508 35.175624, -105.233699 35.175683, -105.230891 35.175743, -105.228082 35.175802, -105.225274 35.175862, -105.222465 35.175921, -105.219657 35.175980, -105.216848 35.176039, -105.214040 35.176099, -105.211231 35.176158, -105.208423 35.176217, -105.205614 35.176276, -105.202805 35.176334, -105.199997 35.176393, -105.197188 35.176452, -105.194380 35.176511, -105.191571 35.176569, -105.188763 35.176628, -105.185954 35.176686, -105.183146 35.176745, -105.180337 35.176803, -105.177528 35.176861, -105.174720 35.176920, -105.171911 35.176978, -105.169103 35.177036, -105.166294 35.177094, -105.163485 35.177152, -105.160677 35.177210, -105.157868 35.177267, -105.155060 35.177325, -105.152251 35.177383, -105.149442 35.177441, -105.146634 35.177498, -105.143825 35.177556, -105.141016 35.177613, -105.138208 35.177670, -105.135399 35.177728, -105.132591 35.177785, -105.129782 35.177842, -105.126973 35.177899, -105.124165 35.177956, -105.121356 35.178013, -105.118547 35.178070, -105.115739 35.178127, -105.112930 35.178184, -105.110121 35.178241, -105.107313 35.178297, -105.104504 35.178354, -105.101695 35.178410, -105.098886 35.178467, -105.096078 35.178523, -105.093269 35.178580, -105.090460 35.178636, -105.087652 35.178692, -105.084843 35.178748, -105.082034 35.178804, -105.079226 35.178860, -105.076417 35.178916, -105.073608 35.178972, -105.070799 35.179028, -105.067991 35.179084, -105.065182 35.179139, -105.062373 35.179195, -105.059564 35.179251, -105.056756 35.179306, -105.053947 35.179362, -105.051138 35.179417, -105.048329 35.179472, -105.045521 35.179527, -105.042712 35.179583, -105.039903 35.179638, -105.037094 35.179693, -105.034285 35.179748, -105.031477 35.179803, -105.028668 35.179857, -105.025859 35.179912, -105.023050 35.179967, -105.020242 35.180022, -105.017433 35.180076, -105.014624 35.180131, -105.011815 35.180185, -105.009006 35.180240, -105.006197 35.180294, -105.003389 35.180348, -105.000580 35.180402, -104.997771 35.180457, -104.994962 35.180511, -104.992153 35.180565, -104.989344 35.180619, -104.986536 35.180672, -104.983727 35.180726, -104.980918 35.180780, -104.978109 35.180834, -104.975300 35.180887, -104.972491 35.180941, -104.969682 35.180994, -104.966874 35.181048, -104.964065 35.181101, -104.961256 35.181154, -104.958447 35.181208, -104.955638 35.181261, -104.952829 35.181314, -104.950020 35.181367, -104.947211 35.181420, -104.944403 35.181473, -104.941594 35.181526, -104.938785 35.181578, -104.935976 35.181631, -104.933167 35.181684, -104.930358 35.181736, -104.927549 35.181789, -104.924740 35.181841, -104.921931 35.181894, -104.919122 35.181946, -104.916313 35.181998, -104.913504 35.182050, -104.910695 35.182102, -104.907886 35.182155, -104.905078 35.182207, -104.902269 35.182258, -104.899460 35.182310, -104.896651 35.182362, -104.893842 35.182414, -104.891033 35.182466, -104.888224 35.182517, -104.885415 35.182569, -104.882606 35.182620, -104.879797 35.182672, -104.876988 35.182723, -104.874179 35.182774, -104.871370 35.182825, -104.868561 35.182877, -104.865752 35.182928, -104.862943 35.182979, -104.860134 35.183030, -104.857325 35.183080, -104.854516 35.183131, -104.851707 35.183182, -104.848898 35.183233, -104.846089 35.183283, -104.843280 35.183334, -104.840471 35.183384, -104.837662 35.183435, -104.834853 35.183485, -104.832044 35.183536, -104.829235 35.183586, -104.826425 35.183636, -104.823616 35.183686, -104.820807 35.183736, -104.817998 35.183786, -104.815189 35.183836, -104.812380 35.183886, -104.809571 35.183936, -104.806762 35.183985, -104.803953 35.184035, -104.801144 35.184085, -104.798335 35.184134, -104.795526 35.184184, -104.792717 35.184233, -104.789908 35.184282, -104.787098 35.184332, -104.784289 35.184381, -104.781480 35.184430, -104.778671 35.184479, -104.775862 35.184528, -104.773053 35.184577, -104.770244 35.184626, -104.767435 35.184675, -104.764626 35.184723, -104.761816 35.184772, -104.759007 35.184821, -104.756198 35.184869, -104.753389 35.184918, -104.750580 35.184966, -104.747771 35.185015, -104.744962 35.185063, -104.742152 35.185111, -104.739343 35.185159, -104.736534 35.185207, -104.733725 35.185255, -104.730916 35.185303, -104.728107 35.185351, -104.725297 35.185399, -104.722488 35.185447, -104.719679 35.185495, -104.716870 35.185542, -104.714061 35.185590, -104.711251 35.185637, -104.708442 35.185685, -104.705633 35.185732, -104.702824 35.185780, -104.700015 35.185827, -104.697206 35.185874, -104.694396 35.185921, -104.691587 35.185968, -104.688778 35.186015, -104.685969 35.186062, -104.683159 35.186109, -104.680350 35.186156, -104.677541 35.186203, -104.674732 35.186249, -104.671923 35.186296, -104.669113 35.186342, -104.666304 35.186389, -104.663495 35.186435, -104.660686 35.186482, -104.657876 35.186528, -104.655067 35.186574, -104.652258 35.186620, -104.649449 35.186666, -104.646639 35.186712, -104.643830 35.186758, -104.641021 35.186804, -104.638211 35.186850, -104.635402 35.186896, -104.632593 35.186942, -104.629784 35.186987, -104.626974 35.187033, -104.624165 35.187078, -104.621356 35.187124, -104.618546 35.187169, -104.615737 35.187214, -104.612928 35.187260, -104.610119 35.187305, -104.607309 35.187350, -104.604500 35.187395, -104.601691 35.187440, -104.598881 35.187485, -104.596072 35.187530, -104.593263 35.187575, -104.590453 35.187619, -104.587644 35.187664, -104.584835 35.187709, -104.582025 35.187753, -104.579216 35.187798, -104.576407 35.187842, -104.573597 35.187886, -104.570788 35.187931, -104.567979 35.187975, -104.565169 35.188019, -104.562360 35.188063, -104.559551 35.188107, -104.556741 35.188151, -104.553932 35.188195, -104.551122 35.188239, -104.548313 35.188282, -104.545504 35.188326, -104.542694 35.188370, -104.539885 35.188413, -104.537076 35.188457, -104.534266 35.188500, -104.531457 35.188544, -104.528647 35.188587, -104.525838 35.188630, -104.523029 35.188673, -104.520219 35.188716, -104.517410 35.188759, -104.514600 35.188802, -104.511791 35.188845, -104.508982 35.188888, -104.506172 35.188931, -104.503363 35.188974, -104.500553 35.189016, -104.497744 35.189059, -104.494934 35.189101, -104.492125 35.189144, -104.489316 35.189186, -104.486506 35.189229, -104.483697 35.189271, -104.480887 35.189313, -104.478078 35.189355, -104.475268 35.189397, -104.472459 35.189439, -104.469649 35.189481, -104.466840 35.189523, -104.464031 35.189565, -104.461221 35.189607, -104.458412 35.189648, -104.455602 35.189690, -104.452793 35.189732, -104.449983 35.189773, -104.447174 35.189814, -104.444364 35.189856, -104.441555 35.189897, -104.438745 35.189938, -104.435936 35.189979, -104.433126 35.190021, -104.430317 35.190062, -104.427507 35.190103, -104.424698 35.190143, -104.421888 35.190184, -104.419079 35.190225, -104.416269 35.190266, -104.413460 35.190306, -104.410650 35.190347, -104.407841 35.190388, -104.405031 35.190428, -104.402222 35.190468, -104.399412 35.190509, -104.396603 35.190549, -104.393793 35.190589, -104.390984 35.190629, -104.388174 35.190669, -104.385365 35.190709, -104.382555 35.190749, -104.379745 35.190789, -104.376936 35.190829, -104.374126 35.190869, -104.371317 35.190908, -104.368507 35.190948, -104.365698 35.190987, -104.362888 35.191027, -104.360079 35.191066, -104.357269 35.191106, -104.354459 35.191145, -104.351650 35.191184, -104.348840 35.191223, -104.346031 35.191262, -104.343221 35.191301, -104.340412 35.191340, -104.337602 35.191379, -104.334792 35.191418, -104.331983 35.191457, -104.329173 35.191495, -104.326364 35.191534, -104.323554 35.191573, -104.320744 35.191611, -104.317935 35.191650, -104.315125 35.191688, -104.312316 35.191726, -104.309506 35.191765, -104.306696 35.191803, -104.303887 35.191841, -104.301077 35.191879, -104.298267 35.191917, -104.295458 35.191955, -104.292648 35.191993, -104.289839 35.192030, -104.287029 35.192068, -104.284219 35.192106, -104.281410 35.192143, -104.278600 35.192181, -104.275790 35.192218, -104.272981 35.192256, -104.270171 35.192293, -104.267361 35.192330, -104.264552 35.192368, -104.261742 35.192405, -104.258932 35.192442, -104.256123 35.192479, -104.253313 35.192516, -104.250503 35.192553, -104.247694 35.192589, -104.244884 35.192626, -104.242074 35.192663, -104.239265 35.192699, -104.236455 35.192736, -104.233645 35.192773, -104.230836 35.192809, -104.228026 35.192845, -104.225216 35.192882, -104.222407 35.192918, -104.219597 35.192954, -104.216787 35.192990, -104.213978 35.193026, -104.211168 35.193062, -104.208358 35.193098, -104.205548 35.193134, -104.202739 35.193170, -104.199929 35.193205, -104.197119 35.193241, -104.194310 35.193277, -104.191500 35.193312, -104.188690 35.193347, -104.185880 35.193383, -104.183071 35.193418, -104.180261 35.193453, -104.177451 35.193489, -104.174642 35.193524, -104.171832 35.193559, -104.169022 35.193594, -104.166212 35.193629, -104.163403 35.193664, -104.160593 35.193698, -104.157783 35.193733, -104.154973 35.193768, -104.152164 35.193802, -104.149354 35.193837, -104.146544 35.193871, -104.143734 35.193906, -104.140925 35.193940, -104.138115 35.193974, -104.135305 35.194009, -104.132495 35.194043, -104.129685 35.194077, -104.126876 35.194111, -104.124066 35.194145, -104.121256 35.194179, -104.118446 35.194213, -104.115637 35.194246, -104.112827 35.194280, -104.110017 35.194314, -104.107207 35.194347, -104.104397 35.194381, -104.101588 35.194414, -104.098778 35.194448, -104.095968 35.194481, -104.093158 35.194514, -104.090348 35.194547, -104.087539 35.194580, -104.084729 35.194614, -104.081919 35.194647, -104.079109 35.194679, -104.076299 35.194712, -104.073490 35.194745, -104.070680 35.194778, -104.067870 35.194810, -104.065060 35.194843, -104.062250 35.194876, -104.059440 35.194908, -104.056631 35.194940, -104.053821 35.194973, -104.051011 35.195005, -104.048201 35.195037, -104.045391 35.195069, -104.042581 35.195101, -104.039772 35.195133, -104.036962 35.195165, -104.034152 35.195197, -104.031342 35.195229, -104.028532 35.195261, -104.025722 35.195293, -104.022912 35.195324, -104.020103 35.195356, -104.017293 35.195387, -104.014483 35.195419, -104.011673 35.195450, -104.008863 35.195481, -104.006053 35.195513, -104.003243 35.195544, -104.000433 35.195575, -103.997624 35.195606, -103.994814 35.195637, -103.992004 35.195668, -103.989194 35.195699, -103.986384 35.195729, -103.983574 35.195760, -103.980764 35.195791, -103.977954 35.195821, -103.975144 35.195852, -103.972335 35.195882, -103.969525 35.195913, -103.966715 35.195943, -103.963905 35.195973, -103.961095 35.196003, -103.958285 35.196034, -103.955475 35.196064, -103.952665 35.196094, -103.949855 35.196124, -103.947045 35.196153, -103.944235 35.196183, -103.941426 35.196213, -103.938616 35.196243, -103.935806 35.196272, -103.932996 35.196302, -103.930186 35.196331, -103.927376 35.196361, -103.924566 35.196390, -103.921756 35.196419, -103.918946 35.196449, -103.916136 35.196478, -103.913326 35.196507, -103.910516 35.196536, -103.907706 35.196565, -103.904896 35.196594, -103.902086 35.196622, -103.899277 35.196651, -103.896467 35.196680, -103.893657 35.196709, -103.890847 35.196737, -103.888037 35.196766, -103.885227 35.196794, -103.882417 35.196822, -103.879607 35.196851, -103.876797 35.196879, -103.873987 35.196907, -103.871177 35.196935, -103.868367 35.196963, -103.865557 35.196991, -103.862747 35.197019, -103.859937 35.197047, -103.857127 35.197075, -103.854317 35.197103, -103.851507 35.197130, -103.848697 35.197158, -103.845887 35.197185, -103.843077 35.197213, -103.840267 35.197240, -103.837457 35.197268, -103.834647 35.197295, -103.831837 35.197322, -103.829027 35.197349, -103.826217 35.197376, -103.823407 35.197403, -103.820597 35.197430, -103.817787 35.197457, -103.814977 35.197484, -103.812167 35.197511, -103.809357 35.197537, -103.806547 35.197564, -103.803737 35.197591, -103.800927 35.197617, -103.798117 35.197644, -103.795307 35.197670, -103.792497 35.197696, -103.789687 35.197722, -103.786877 35.197749, -103.784067 35.197775, -103.781257 35.197801, -103.778447 35.197827, -103.775637 35.197853, -103.772827 35.197878, -103.770017 35.197904, -103.767207 35.197930, -103.764397 35.197956, -103.761587 35.197981, -103.758777 35.198007, -103.755966 35.198032, -103.753156 35.198058, -103.750346 35.198083, -103.747536 35.198108, -103.744726 35.198133, -103.741916 35.198158, -103.739106 35.198184, -103.736296 35.198209, -103.733486 35.198233, -103.730676 35.198258, -103.727866 35.198283, -103.725056 35.198308, -103.722246 35.198333, -103.719436 35.198357, -103.716626 35.198382, -103.713816 35.198406, -103.711006 35.198431, -103.708195 35.198455, -103.705385 35.198479, -103.702575 35.198503, -103.699765 35.198528, -103.696955 35.198552, -103.694145 35.198576, -103.691335 35.198600, -103.688525 35.198624, -103.685715 35.198647, -103.682905 35.198671, -103.680095 35.198695, -103.677284 35.198719, -103.674474 35.198742, -103.671664 35.198766, -103.668854 35.198789, -103.666044 35.198812, -103.663234 35.198836, -103.660424 35.198859, -103.657614 35.198882, -103.654804 35.198905, -103.651994 35.198928, -103.649183 35.198951, -103.646373 35.198974, -103.643563 35.198997, -103.640753 35.199020, -103.637943 35.199043, -103.635133 35.199065, -103.632323 35.199088, -103.629513 35.199110, -103.626703 35.199133, -103.623892 35.199155, -103.621082 35.199178, -103.618272 35.199200, -103.615462 35.199222, -103.612652 35.199244, -103.609842 35.199266, -103.607032 35.199288, -103.604221 35.199310, -103.601411 35.199332, -103.598601 35.199354, -103.595791 35.199376, -103.592981 35.199397, -103.590171 35.199419, -103.587361 35.199441, -103.584551 35.199462, -103.581740 35.199484, -103.578930 35.199505, -103.576120 35.199526, -103.573310 35.199547, -103.570500 35.199569, -103.567690 35.199590, -103.564879 35.199611, -103.562069 35.199632, -103.559259 35.199653, -103.556449 35.199674, -103.553639 35.199694, -103.550829 35.199715, -103.548018 35.199736, -103.545208 35.199756, -103.542398 35.199777, -103.539588 35.199797, -103.536778 35.199818, -103.533968 35.199838, -103.531157 35.199858, -103.528347 35.199878, -103.525537 35.199899, -103.522727 35.199919, -103.519917 35.199939, -103.517107 35.199959, -103.514296 35.199978, -103.511486 35.199998, -103.508676 35.200018, -103.505866 35.200038, -103.503056 35.200057, -103.500245 35.200077, -103.497435 35.200096, -103.494625 35.200116, -103.491815 35.200135, -103.489005 35.200154, -103.486195 35.200174, -103.483384 35.200193, -103.480574 35.200212, -103.477764 35.200231, -103.474954 35.200250, -103.472144 35.200269, -103.469333 35.200288, -103.466523 35.200306, -103.463713 35.200325, -103.460903 35.200344, -103.458092 35.200362, -103.455282 35.200381, -103.452472 35.200399, -103.449662 35.200418, -103.446852 35.200436, -103.444041 35.200454, -103.441231 35.200472, -103.438421 35.200490, -103.435611 35.200508, -103.432801 35.200526, -103.429990 35.200544, -103.427180 35.200562, -103.424370 35.200580, -103.421560 35.200598, -103.418749 35.200615, -103.415939 35.200633, -103.413129 35.200651, -103.410319 35.200668, -103.407509 35.200685, -103.404698 35.200703, -103.401888 35.200720, -103.399078 35.200737, -103.396268 35.200754, -103.393457 35.200771, -103.390647 35.200789, -103.387837 35.200805, -103.385027 35.200822, -103.382216 35.200839, -103.379406 35.200856, -103.376596 35.200873, -103.373786 35.200889, -103.370975 35.200906, -103.368165 35.200922, -103.365355 35.200939, -103.362545 35.200955, -103.359734 35.200971, -103.356924 35.200988, -103.354114 35.201004, -103.351304 35.201020, -103.348493 35.201036, -103.345683 35.201052, -103.342873 35.201068, -103.340063 35.201084, -103.337252 35.201099, -103.334442 35.201115, -103.331632 35.201131, -103.328822 35.201146, -103.326011 35.201162, -103.323201 35.201177, -103.320391 35.201193, -103.317581 35.201208, -103.314770 35.201223, -103.311960 35.201239, -103.309150 35.201254, -103.306339 35.201269, -103.303529 35.201284, -103.300719 35.201299, -103.297909 35.201314, -103.295098 35.201328, -103.292288 35.201343, -103.289478 35.201358, -103.286668 35.201372, -103.283857 35.201387, -103.281047 35.201401, -103.278237 35.201416, -103.275426 35.201430, -103.272616 35.201444, -103.269806 35.201459, -103.266996 35.201473, -103.264185 35.201487, -103.261375 35.201501, -103.258565 35.201515, -103.255754 35.201529, -103.252944 35.201543, -103.250134 35.201556, -103.247324 35.201570, -103.244513 35.201584, -103.241703 35.201597, -103.238893 35.201611, -103.236082 35.201624, -103.233272 35.201638, -103.230462 35.201651, -103.227652 35.201664, -103.224841 35.201677, -103.222031 35.201691, -103.219221 35.201704, -103.216410 35.201717, -103.213600 35.201730, -103.210790 35.201742, -103.207979 35.201755, -103.205169 35.201768, -103.202359 35.201781, -103.199548 35.201793, -103.196738 35.201806, -103.193928 35.201818, -103.191118 35.201831, -103.188307 35.201843, -103.185497 35.201855, -103.182687 35.201867, -103.179876 35.201880, -103.177066 35.201892, -103.174256 35.201904, -103.171445 35.201916, -103.168635 35.201928, -103.165825 35.201939, -103.163014 35.201951, -103.160204 35.201963, -103.157394 35.201974, -103.154583 35.201986, -103.151773 35.201997, -103.148963 35.202009, -103.146152 35.202020, -103.143342 35.202032, -103.140532 35.202043, -103.137722 35.202054, -103.134911 35.202065, -103.132101 35.202076, -103.129291 35.202087, -103.126480 35.202098, -103.123670 35.202109, -103.120860 35.202120, -103.118049 35.202130, -103.115239 35.202141, -103.112429 35.202152, -103.109618 35.202162, -103.106808 35.202173, -103.103998 35.202183, -103.101187 35.202193, -103.098377 35.202204, -103.095567 35.202214, -103.092756 35.202224, -103.089946 35.202234, -103.087136 35.202244, -103.084325 35.202254, -103.081515 35.202264, -103.078705 35.202274, -103.075894 35.202283, -103.073084 35.202293, -103.070273 35.202303, -103.067463 35.202312, -103.064653 35.202322, -103.061842 35.202331, -103.059032 35.202340, -103.056222 35.202350, -103.053411 35.202359, -103.050601 35.202368, -103.047791 35.202377, -103.044980 35.202386, -103.042170 35.202395, -103.039360 35.202404, -103.036549 35.202413, -103.033739 35.202422, -103.030929 35.202430, -103.028118 35.202439, -103.025308 35.202448, -103.022498 35.202456, -103.019687 35.202465, -103.016877 35.202473, -103.014066 35.202481, -103.011256 35.202489, -103.008446 35.202498, -103.005635 35.202506, -103.002825 35.202514, -103.000015 35.202522, -102.997204 35.202530, -102.994394 35.202538, -102.991584 35.202545, -102.988773 35.202553, -102.985963 35.202561, -102.983153 35.202568, -102.980342 35.202576, -102.977532 35.202583, -102.974721 35.202591, -102.971911 35.202598, -102.969101 35.202605, -102.966290 35.202613, -102.963480 35.202620, -102.960670 35.202627, -102.957859 35.202634, -102.955049 35.202641, -102.952239 35.202648, -102.949428 35.202655, -102.946618 35.202661, -102.943807 35.202668, -102.940997 35.202675, -102.938187 35.202681, -102.935376 35.202688, -102.932566 35.202694, -102.929756 35.202700, -102.926945 35.202707, -102.924135 35.202713, -102.921324 35.202719, -102.918514 35.202725, -102.915704 35.202731, -102.912893 35.202737, -102.910083 35.202743, -102.907273 35.202749, -102.904462 35.202755, -102.901652 35.202761, -102.898842 35.202766, -102.896031 35.202772, -102.893221 35.202777, -102.890410 35.202783, -102.887600 35.202788, -102.884790 35.202793, -102.881979 35.202799, -102.879169 35.202804, -102.876358 35.202809, -102.873548 35.202814, -102.870738 35.202819, -102.867927 35.202824, -102.865117 35.202829, -102.862307 35.202834, -102.859496 35.202839, -102.856686 35.202843, -102.853875 35.202848, -102.851065 35.202852, -102.848255 35.202857, -102.845444 35.202861, -102.842634 35.202866, -102.839824 35.202870, -102.837013 35.202874, -102.834203 35.202878, -102.831392 35.202882, -102.828582 35.202886, -102.825772 35.202890, -102.822961 35.202894, -102.820151 35.202898, -102.817340 35.202902, -102.814530 35.202906, -102.811720 35.202909, -102.808909 35.202913, -102.806099 35.202916, -102.803289 35.202920, -102.800478 35.202923, -102.797668 35.202926, -102.794857 35.202930, -102.792047 35.202933, -102.789237 35.202936, -102.786426 35.202939, -102.783616 35.202942, -102.780805 35.202945, -102.777995 35.202948, -102.775185 35.202951, -102.772374 35.202953, -102.769564 35.202956, -102.766754 35.202959, -102.763943 35.202961, -102.761133 35.202964, -102.758322 35.202966, -102.755512 35.202968, -102.752702 35.202971, -102.749891 35.202973, -102.747081 35.202975, -102.744270 35.202977, -102.741460 35.202979, -102.738650 35.202981, -102.735839 35.202983, -102.733029 35.202985, -102.730218 35.202987, -102.727408 35.202988, -102.724598 35.202990, -102.721787 35.202991, -102.718977 35.202993, -102.716167 35.202994, -102.713356 35.202996, -102.710546 35.202997, -102.707735 35.202998, -102.704925 35.202999, -102.702115 35.203001, -102.699304 35.203002, -102.696494 35.203003, -102.693683 35.203003, -102.690873 35.203004, -102.688063 35.203005, -102.685252 35.203006, -102.682442 35.203006, -102.679631 35.203007, -102.676821 35.203008, -102.674011 35.203008, -102.671200 35.203008, -102.668390 35.203009, -102.665579 35.203009, -102.662769 35.203009, -102.659959 35.203009, -102.657148 35.203009, -102.654338 35.203009, -102.651528 35.203009, -102.648717 35.203009, -102.645907 35.203009, -102.643096 35.203009, -102.640286 35.203008, -102.637476 35.203008, -102.634665 35.203008, -102.631855 35.203007, -102.629044 35.203006, -102.626234 35.203006, -102.623424 35.203005, -102.620613 35.203004, -102.617803 35.203004, -102.614992 35.203003, -102.612182 35.203002, -102.609372 35.203001, -102.606561 35.202999, -102.603751 35.202998, -102.600940 35.202997, -102.598130 35.202996, -102.595320 35.202994, -102.592509 35.202993, -102.589699 35.202992, -102.586889 35.202990, -102.584078 35.202988, -102.581268 35.202987, -102.578457 35.202985, -102.575647 35.202983, -102.572837 35.202981, -102.570026 35.202979, -102.567216 35.202977, -102.564405 35.202975, -102.561595 35.202973, -102.558785 35.202971, -102.555974 35.202969, -102.553164 35.202966, -102.550353 35.202964, -102.547543 35.202961, -102.544733 35.202959, -102.541922 35.202956, -102.539112 35.202954, -102.536302 35.202951, -102.533491 35.202948, -102.530681 35.202945, -102.527870 35.202942, -102.525060 35.202939, -102.522250 35.202936, -102.519439 35.202933, -102.516629 35.202930, -102.513818 35.202927, -102.511008 35.202923, -102.508198 35.202920, -102.505387 35.202917, -102.502577 35.202913, -102.499767 35.202910, -102.496956 35.202906, -102.494146 35.202902, -102.491335 35.202898, -102.488525 35.202895, -102.485715 35.202891, -102.482904 35.202887, -102.480094 35.202883, -102.477283 35.202879, -102.474473 35.202875, -102.471663 35.202870, -102.468852 35.202866, -102.466042 35.202862, -102.463232 35.202857, -102.460421 35.202853, -102.457611 35.202848, -102.454800 35.202844, -102.451990 35.202839, -102.449180 35.202834, -102.446369 35.202829, -102.443559 35.202825, -102.440748 35.202820, -102.437938 35.202815, -102.435128 35.202810, -102.432317 35.202804, -102.429507 35.202799, -102.426697 35.202794, -102.423886 35.202789, -102.421076 35.202783, -102.418265 35.202778, -102.415455 35.202772, -102.412645 35.202767, -102.409834 35.202761, -102.407024 35.202755, -102.404214 35.202750, -102.401403 35.202744, -102.398593 35.202738, -102.395782 35.202732, -102.392972 35.202726, -102.390162 35.202720, -102.387351 35.202714, -102.384541 35.202707, -102.381731 35.202701, -102.378920 35.202695, -102.376110 35.202688, -102.373300 35.202682, -102.370489 35.202675, -102.367679 35.202669, -102.364868 35.202662, -102.362058 35.202655, -102.359248 35.202648, -102.356437 35.202641, -102.353627 35.202635, -102.350817 35.202627, -102.348006 35.202620, -102.345196 35.202613, -102.342385 35.202606, -102.339575 35.202599, -102.336765 35.202591, -102.333954 35.202584, -102.331144 35.202577, -102.328334 35.202569, -102.325523 35.202561, -102.322713 35.202554, -102.319903 35.202546, -102.317092 35.202538, -102.314282 35.202530, -102.311472 35.202523, -102.308661 35.202515, -102.305851 35.202507, -102.303040 35.202498, -102.300230 35.202490, -102.297420 35.202482, -102.294609 35.202474, -102.291799 35.202465, -102.288989 35.202457, -102.286178 35.202448, -102.283368 35.202440, -102.280558 35.202431, -102.277747 35.202422, -102.274937 35.202414, -102.272127 35.202405, -102.269316 35.202396, -102.266506 35.202387, -102.263696 35.202378, -102.260885 35.202369, -102.258075 35.202360, -102.255264 35.202351, -102.252454 35.202341, -102.249644 35.202332, -102.246833 35.202322, -102.244023 35.202313, -102.241213 35.202303, -102.238402 35.202294, -102.235592 35.202284, -102.232782 35.202274, -102.229971 35.202265, -102.227161 35.202255, -102.224351 35.202245, -102.221540 35.202235, -102.218730 35.202225, -102.215920 35.202215, -102.213109 35.202204, -102.210299 35.202194, -102.207489 35.202184, -102.204678 35.202173, -102.201868 35.202163, -102.199058 35.202153, -102.196247 35.202142, -102.193437 35.202131, -102.190627 35.202121, -102.187816 35.202110, -102.185006 35.202099, -102.182196 35.202088, -102.179385 35.202077, -102.176575 35.202066, -102.173765 35.202055, -102.170954 35.202044, -102.168144 35.202033, -102.165334 35.202021, -102.162523 35.202010, -102.159713 35.201998, -102.156903 35.201987, -102.154092 35.201975, -102.151282 35.201964, -102.148472 35.201952, -102.145662 35.201940, -102.142851 35.201929, -102.140041 35.201917, -102.137231 35.201905, -102.134420 35.201893, -102.131610 35.201881, -102.128800 35.201869, -102.125989 35.201856, -102.123179 35.201844, -102.120369 35.201832, -102.117558 35.201819, -102.114748 35.201807, -102.111938 35.201794, -102.109127 35.201782, -102.106317 35.201769, -102.103507 35.201756, -102.100697 35.201744, -102.097886 35.201731, -102.095076 35.201718, -102.092266 35.201705, -102.089455 35.201692, -102.086645 35.201679, -102.083835 35.201665, -102.081024 35.201652, -102.078214 35.201639, -102.075404 35.201626, -102.072594 35.201612, -102.069783 35.201599, -102.066973 35.201585, -102.064163 35.201571, -102.061352 35.201558, -102.058542 35.201544, -102.055732 35.201530, -102.052921 35.201516, -102.050111 35.201502, -102.047301 35.201488, -102.044491 35.201474, -102.041680 35.201460, -102.038870 35.201446, -102.036060 35.201431, -102.033250 35.201417, -102.030439 35.201403, -102.027629 35.201388, -102.024819 35.201374, -102.022008 35.201359, -102.019198 35.201344, -102.016388 35.201330, -102.013578 35.201315, -102.010767 35.201300, -102.007957 35.201285, -102.005147 35.201270, -102.002336 35.201255, -101.999526 35.201240, -101.996716 35.201225, -101.993906 35.201209, -101.991095 35.201194, -101.988285 35.201179, -101.985475 35.201163, -101.982665 35.201148, -101.979854 35.201132, -101.977044 35.201117, -101.974234 35.201101, -101.971424 35.201085, -101.968613 35.201069, -101.965803 35.201053, -101.962993 35.201037, -101.960183 35.201021, -101.957372 35.201005, -101.954562 35.200989, -101.951752 35.200973, -101.948942 35.200957, -101.946131 35.200940, -101.943321 35.200924, -101.940511 35.200907, -101.937701 35.200891, -101.934890 35.200874, -101.932080 35.200857, -101.929270 35.200841, -101.926460 35.200824, -101.923649 35.200807, -101.920839 35.200790, -101.918029 35.200773, -101.915219 35.200756, -101.912408 35.200739, -101.909598 35.200722, -101.906788 35.200704, -101.903978 35.200687, -101.901167 35.200670, -101.898357 35.200652, -101.895547 35.200635, -101.892737 35.200617, -101.889927 35.200599, -101.887116 35.200582, -101.884306 35.200564, -101.881496 35.200546, -101.878686 35.200528, -101.875875 35.200510, -101.873065 35.200492, -101.870255 35.200474, -101.867445 35.200456, -101.864635 35.200438, -101.861824 35.200419, -101.859014 35.200401, -101.856204 35.200382, -101.853394 35.200364, -101.850584 35.200345, -101.847773 35.200327, -101.844963 35.200308, -101.842153 35.200289, -101.839343 35.200270, -101.836532 35.200252, -101.833722 35.200233, -101.830912 35.200214, -101.828102 35.200194, -101.825292 35.200175, -101.822482 35.200156, -101.819671 35.200137, -101.816861 35.200117, -101.814051 35.200098, -101.811241 35.200079, -101.808431 35.200059, -101.805620 35.200039, -101.802810 35.200020, -101.800000 35.200000, -101.797967 35.201585, -101.795934 35.203171, -101.793901 35.204756, -101.791868 35.206342, -101.789835 35.207927, -101.787802 35.209512, -101.785769 35.211097, -101.783736 35.212683, -101.781702 35.214268, -101.779669 35.215853, -101.777635 35.217438, -101.775601 35.219023, -101.773568 35.220608, -101.771534 35.222193, -101.769500 35.223778, -101.767466 35.225363, -101.765432 35.226948, -101.763398 35.228533, -101.761364 35.230118, -101.759329 35.231702, -101.757295 35.233287, -101.755261 35.234872, -101.753226 35.236457, -101.751192 35.238041, -101.749157 35.239626, -101.747122 35.241211, -101.745087 35.242795, -101.743052 35.244380, -101.741017 35.245964, -101.738982 35.247549, -101.736947 35.249133, -101.734912 35.250717, -101.732877 35.252302, -101.730841 35.253886, -101.728806 35.255470, -101.726770 35.257055, -101.724734 35.258639, -101.722699 35.260223, -101.720663 35.261807, -101.718627 35.263391, -101.716591 35.264975, -101.714555 35.266559, -101.712519 35.268143, -101.710483 35.269727, -101.708447 35.271311, -101.706410 35.272895, -101.704374 35.274479, -101.702337 35.276063, -101.700301 35.277647, -101.698264 35.279231, -101.696227 35.280814, -101.694190 35.282398, -101.692153 35.283982, -101.690117 35.285565, -101.688079 35.287149, -101.686042 35.288733, -101.684005 35.290316, -101.681968 35.291900, -101.679930 35.293483, -101.677893 35.295067, -101.675855 35.296650, -101.673818 35.298233, -101.671780 35.299817, -101.669742 35.301400, -101.667704 35.302983, -101.665666 35.304566, -101.663628 35.306150, -101.661590 35.307733, -101.659552 35.309316, -101.657514 35.310899, -101.655476 35.312482, -101.653437 35.314065, -101.651399 35.315648, -101.649360 35.317231, -101.647321 35.318814, -101.645283 35.320397, -101.643244 35.321980, -101.641205 35.323563, -101.639166 35.325145, -101.637127 35.326728, -101.635088 35.328311, -101.633048 35.329894, -101.631009 35.331476, -101.628970 35.333059, -101.626930 35.334641, -101.624891 35.336224, -101.622851 35.337806, -101.620811 35.339389, -101.618772 35.340971, -101.616732 35.342554, -101.614692 35.344136, -101.612652 35.345718, -101.610612 35.347301, -101.608572 35.348883, -101.606531 35.350465, -101.604491 35.352047, -101.602451 35.353630, -101.600410 35.355212, -101.598369 35.356794, -101.596329 35.358376, -101.594288 35.359958, -101.592247 35.361540, -101.590206 35.363122, -101.588165 35.364704, -101.586124 35.366286, -101.584083 35.367868, -101.582042 35.369449, -101.580001 35.371031, -101.577959 35.372613, -101.575918 35.374195, -101.573876 35.375776, -101.571835 35.377358, -101.569793 35.378940, -101.567751 35.380521, -101.565709 35.382103, -101.563667 35.383684, -101.561625 35.385266, -101.559583 35.386847, -101.557541 35.388429, -101.555499 35.390010, -101.553456 35.391591, -101.551414 35.393173, -101.549372 35.394754, -101.547329 35.396335, -101.545286 35.397916, -101.543244 35.399498, -101.541201 35.401079, -101.539158 35.402660, -101.537115 35.404241, -101.535072 35.405822, -101.533029 35.407403, -101.530985 35.408984, -101.528942 35.410565, -101.526899 35.412146, -101.524855 35.413727, -101.522812 35.415308, -101.520768 35.416888, -101.518724 35.418469, -101.516681 35.420050, -101.514637 35.421630, -101.512593 35.423211, -101.510549 35.424792, -101.508505 35.426372, -101.506461 35.427953, -101.504416 35.429533, -101.502372 35.431114, -101.500327 35.432694, -101.498283 35.434275, -101.496238 35.435855, -101.494194 35.437436, -101.492149 35.439016, -101.490104 35.440596, -101.488059 35.442176, -101.486014 35.443757, -101.483969 35.445337, -101.481924 35.446917, -101.479879 35.448497, -101.477834 35.450077, -101.475788 35.451657, -101.473743 35.453237, -101.471697 35.454817, -101.469651 35.456397, -101.467606 35.457977, -101.465560 35.459557, -101.463514 35.461137, -101.461468 35.462716, -101.459422 35.464296, -101.457376 35.465876, -101.455330 35.467456, -101.453284 35.469035, -101.451237 35.470615, -101.449191 35.472194, -101.447144 35.473774, -101.445098 35.475354, -101.443051 35.476933, -101.441004 35.478512, -101.438957 35.480092, -101.436910 35.481671, -101.434863 35.483251, -101.432816 35.484830, -101.430769 35.486409, -101.428722 35.487988, -101.426675 35.489568, -101.424627 35.491147, -101.422580 35.492726, -101.420532 35.494305, -101.418485 35.495884, -101.416437 35.497463, -101.414389 35.499042, -101.412341 35.500621, -101.410293 35.502200, -101.408245 35.503779, -101.406197 35.505358, -101.404149 35.506937, -101.402101 35.508515, -101.400052 35.510094, -101.398004 35.511673, -101.395955 35.513252, -101.393907 35.514830, -101.391858 35.516409, -101.389809 35.517987, -101.387760 35.519566, -101.385711 35.521145, -101.383662 35.522723, -101.381613 35.524301, -101.379564 35.525880, -101.377515 35.527458, -101.375466 35.529037, -101.373416 35.530615, -101.371367 35.532193, -101.369317 35.533771, -101.367267 35.535350, -101.365218 35.536928, -101.363168 35.538506, -101.361118 35.540084, -101.359068 35.541662, -101.357018 35.543240, -101.354968 35.544818, -101.352918 35.546396, -101.350867 35.547974, -101.348817 35.549552, -101.346766 35.551130, -101.344716 35.552708, -101.342665 35.554285, -101.340615 35.555863, -101.338564 35.557441, -101.336513 35.559019, -101.334462 35.560596, -101.332411 35.562174, -101.330360 35.563751, -101.328309 35.565329, -101.326257 35.566906, -101.324206 35.568484, -101.322155 35.570061, -101.320103 35.571639, -101.318052 35.573216, -101.316000 35.574793, -101.313948 35.576371, -101.311896 35.577948, -101.309844 35.579525, -101.307792 35.581102, -101.305740 35.582680, -101.303688 35.584257, -101.301636 35.585834, -101.299584 35.587411, -101.297531 35.588988, -101.295479 35.590565, -101.293426 35.592142, -101.291374 35.593719, -101.289321 35.595296, -101.287268 35.596873, -101.285215 35.598449, -101.283162 35.600026, -101.281109 35.601603, -101.279056 35.603180, -101.277003 35.604756, -101.274949 35.606333, -101.272896 35.607910, -101.270843 35.609486, -101.268789 35.611063, -101.266735 35.612639, -101.264682 35.614216, -101.262628 35.615792, -101.260574 35.617368, -101.258520 35.618945, -101.256466 35.620521, -101.254412 35.622097, -101.252358 35.623674, -101.250304 35.625250, -101.248249 35.626826, -101.246195 35.628402, -101.244140 35.629978, -101.242086 35.631554, -101.240031 35.633130, -101.237976 35.634706, -101.235922 35.636282, -101.233867 35.637858, -101.231812 35.639434, -101.229757 35.641010, -101.227701 35.642586, -101.225646 35.644162, -101.223591 35.645738, -101.221536 35.647313, -101.219480 35.648889, -101.217424 35.650465, -101.215369 35.652040, -101.213313 35.653616, -101.211257 35.655191, -101.209201 35.656767, -101.207145 35.658342, -101.205089 35.659918, -101.203033 35.661493, -101.200977 35.663069, -101.198921 35.664644, -101.196864 35.666219, -101.194808 35.667795, -101.192751 35.669370, -101.190695 35.670945, -101.188638 35.672520, -101.186581 35.674095, -101.184525 35.675671, -101.182468 35.677246, -101.180411 35.678821, -101.178353 35.680396, -101.176296 35.681971, -101.174239 35.683546, -101.172182 35.685120, -101.170124 35.686695, -101.168067 35.688270, -101.166009 35.689845, -101.163952 35.691420, -101.161894 35.692994, -101.159836 35.694569, -101.157778 35.696144, -101.155720 35.697718, -101.153662 35.699293, -101.151604 35.700867, -101.149546 35.702442, -101.147487 35.704016, -101.145429 35.705591, -101.143370 35.707165, -101.141312 35.708740, -101.139253 35.710314, -101.137194 35.711888, -101.135136 35.713463, -101.133077 35.715037, -101.131018 35.716611, -101.128959 35.718185, -101.126900 35.719759, -101.124840 35.721333, -101.122781 35.722907, -101.120722 35.724481, -101.118662 35.726055, -101.116603 35.727629, -101.114543 35.729203, -101.112483 35.730777, -101.110424 35.732351, -101.108364 35.733925, -101.106304 35.735499, -101.104244 35.737072, -101.102184 35.738646, -101.100123 35.740220, -101.098063 35.741793, -101.096003 35.743367, -101.093942 35.744940, -101.091882 35.746514, -101.089821 35.748087, -101.087761 35.749661, -101.085700 35.751234, -101.083639 35.752808, -101.081578 35.754381, -101.079517 35.755954, -101.077456 35.757528, -101.075395 35.759101, -101.073334 35.760674, -101.071272 35.762247, -101.069211 35.763820, -101.067149 35.765394, -101.065088 35.766967, -101.063026 35.768540, -101.060964 35.770113, -101.058903 35.771686, -101.056841 35.773259, -101.054779 35.774831, -101.052717 35.776404, -101.050655 35.777977, -101.048592 35.779550, -101.046530 35.781123, -101.044468 35.782695, -101.042405 35.784268, -101.040343 35.785841, -101.038280 35.787413, -101.036217 35.788986, -101.034154 35.790558, -101.032092 35.792131, -101.030029 35.793703, -101.027966 35.795276, -101.025902 35.796848, -101.023839 35.798421, -101.021776 35.799993, -101.019713 35.801565, -101.017649 35.803138, -101.015586 35.804710, -101.013522 35.806282, -101.011458 35.807854, -101.009394 35.809426, -101.007331 35.810998, -101.005267 35.812570, -101.003203 35.814142, -101.001139 35.815714, -100.999074 35.817286, -100.997010 35.818858, -100.994946 35.820430, -100.992881 35.822002, -100.990817 35.823574, -100.988752 35.825145, -100.986687 35.826717, -100.984623 35.828289, -100.982558 35.829861, -100.980493 35.831432, -100.978428 35.833004, -100.976363 35.834575, -100.974298 35.836147, -100.972232 35.837718, -100.970167 35.839290, -100.968102 35.840861, -100.966036 35.842433, -100.963971 35.844004, -100.961905 35.845575, -100.959839 35.847146, -100.957773 35.848718, -100.955708 35.850289, -100.953642 35.851860, -100.951575 35.853431, -100.949509 35.855002, -100.947443 35.856573, -100.945377 35.858144, -100.943310 35.859715, -100.941244 35.861286, -100.939177 35.862857, -100.937111 35.864428, -100.935044 35.865999, -100.932977 35.867570, -100.930910 35.869141, -100.928843 35.870711, -100.926776 35.872282, -100.924709 35.873853, -100.922642 35.875423, -100.920575 35.876994, -100.918507 35.878564, -100.916440 35.880135, -100.914372 35.881706, -100.912305 35.883276, -100.910237 35.884846, -100.908169 35.886417, -100.906101 35.887987, -100.904033 35.889557, -100.901965 35.891128, -100.899897 35.892698, -100.897829 35.894268, -100.895761 35.895838, -100.893692 35.897408, -100.891624 35.898979, -100.889555 35.900549, -100.887487 35.902119, -100.885418 35.903689, -100.883349 35.905259, -100.881280 35.906829, -100.879211 35.908398, -100.877142 35.909968, -100.875073 35.911538, -100.873004 35.913108, -100.870935 35.914678, -100.868866 35.916247, -100.866796 35.917817, -100.864727 35.919387, -100.862657 35.920956, -100.860587 35.922526, -100.858518 35.924095, -100.856448 35.925665, -100.854378 35.927234, -100.852308 35.928804, -100.850238 35.930373, -100.848167 35.931943, -100.846097 35.933512, -100.844027 35.935081, -100.841956 35.936650, -100.839886 35.938220, -100.837815 35.939789, -100.835745 35.941358, -100.833674 35.942927, -100.831603 35.944496, -100.829532 35.946065, -100.827461 35.947634, -100.825390 35.949203, -100.823319 35.950772, -100.821248 35.952341, -100.819176 35.953910, -100.817105 35.955479, -100.815034 35.957047, -100.812962 35.958616, -100.810890 35.960185, -100.808819 35.961754, -100.806747 35.963322, -100.804675 35.964891, -100.802603 35.966459, -100.800531 35.968028, -100.798459 35.969596, -100.796387 35.971165, -100.794314 35.972733, -100.792242 35.974302, -100.790169 35.975870, -100.788097 35.977438, -100.786024 35.979007, -100.783951 35.980575, -100.781879 35.982143, -100.779806 35.983711, -100.777733 35.985280, -100.775660 35.986848, -100.773587 35.988416, -100.771513 35.989984, -100.769440 35.991552, -100.767367 35.993120, -100.765293 35.994688, -100.763220 35.996256, -100.761146 35.997823, -100.759072 35.999391, -100.756999 36.000959, -100.754925 36.002527, -100.752851 36.004095, -100.750777 36.005662, -100.748703 36.007230, -100.746628 36.008797, -100.744554 36.010365, -100.742480 36.011933, -100.740405 36.013500, -100.738331 36.015068, -100.736256 36.016635, -100.734181 36.018202, -100.732107 36.019770, -100.730032 36.021337, -100.727957 36.022904, -100.725882 36.024472, -100.723807 36.026039, -100.721731 36.027606, -100.719656 36.029173, -100.717581 36.030740, -100.715505 36.032307, -100.713430 36.033874, -100.711354 36.035441, -100.709279 36.037008, -100.707203 36.038575, -100.705127 36.040142, -100.703051 36.041709, -100.700975 36.043276, -100.698899 36.044843, -100.696823 36.046409, -100.694746 36.047976, -100.692670 36.049543, -100.690594 36.051109, -100.688517 36.052676, -100.686440 36.054243, -100.684364 36.055809, -100.682287 36.057376, -100.680210 36.058942, -100.678133 36.060509, -100.676056 36.062075, -100.673979 36.063641, -100.671902 36.065208, -100.669825 36.066774, -100.667747 36.068340, -100.665670 36.069906, -100.663592 36.071473, -100.661515 36.073039, -100.659437 36.074605, -100.657359 36.076171, -100.655282 36.077737, -100.653204 36.079303, -100.651126 36.080869, -100.649048 36.082435, -100.646969 36.084001, -100.644891 36.085567, -100.642813 36.087132, -100.640734 36.088698, -100.638656 36.090264, -100.636577 36.091830, -100.634499 36.093395, -100.632420 36.094961, -100.630341 36.096527, -100.628262 36.098092, -100.626183 36.099658, -100.624104 36.101223, -100.622025 36.102789, -100.619946 36.104354, -100.617866 36.105919, -100.615787 36.107485, -100.613707 36.109050, -100.611628 36.110615, -100.609548 36.112181, -100.607468 36.113746, -100.605389 36.115311, -100.603309 36.116876, -100.601229 36.118441, -100.599149 36.120006, -100.597068 36.121571, -100.594988 36.123136, -100.592908 36.124701, -100.590827 36.126266, -100.588747 36.127831, -100.586666 36.129396, -100.584586 36.130961, -100.582505 36.132526, -100.580424 36.134090, -100.578343 36.135655, -100.576262 36.137220, -100.574181 36.138784, -100.572100 36.140349, -100.570019 36.141914, -100.567937 36.143478, -100.565856 36.145043, -100.563775 36.146607, -100.561693 36.148171, -100.559611 36.149736, -100.557530 36.151300, -100.555448 36.152864, -100.553366 36.154429, -100.551284 36.155993, -100.549202 36.157557, -100.547120 36.159121, -100.545037 36.160686, -100.542955 36.162250, -100.540873 36.163814, -100.538790 36.165378, -100.536708 36.166942, -100.534625 36.168506, -100.532542 36.170070, -100.530459 36.171633, -100.528377 36.173197, -100.526294 36.174761, -100.524211 36.176325, -100.522127 36.177889, -100.520044 36.179452, -100.517961 36.181016, -100.515877 36.182580, -100.513794 36.184143, -100.511710 36.185707, -100.509627 36.187270, -100.507543 36.188834, -100.505459 36.190397, -100.503375 36.191961, -100.501291 36.193524, -100.499207 36.195087, -100.497123 36.196651, -100.495039 36.198214, -100.492955 36.199777, -100.490870 36.201340, -100.488786 36.202903, -100.486701 36.204467, -100.484616 36.206030, -100.482532 36.207593, -100.480447 36.209156, -100.478362 36.210719, -100.476277 36.212282, -100.474192 36.213844, -100.472107 36.215407, -100.470022 36.216970, -100.467936 36.218533, -100.465851 36.220096, -100.463765 36.221658, -100.461680 36.223221, -100.459594 36.224784, -100.457508 36.226346, -100.455423 36.227909, -100.453337 36.229472, -100.451251 36.231034, -100.449165 36.232597, -100.447079 36.234159, -100.444992 36.235721, -100.442906 36.237284, -100.440820 36.238846, -100.438733 36.240408, -100.436647 36.241971, -100.434560 36.243533, -100.432473 36.245095, -100.430386 36.246657, -100.428300 36.248219, -100.426213 36.249781, -100.424125 36.251343, -100.422038 36.252905, -100.419951 36.254467, -100.417864 36.256029, -100.415776 36.257591, -100.413689 36.259153, -100.411601 36.260715, -100.409514 36.262277, -100.407426 36.263838, -100.405338 36.265400, -100.403250 36.266962, -100.401162 36.268523, -100.399074 36.270085, -100.396986 36.271646, -100.394898 36.273208, -100.392809 36.274769, -100.390721 36.276331, -100.388633 36.277892, -100.386544 36.279454, -100.384455 36.281015, -100.382367 36.282576, -100.380278 36.284138, -100.378189 36.285699, -100.376100 36.287260, -100.374011 36.288821, -100.371922 36.290382, -100.369832 36.291943, -100.367743 36.293505, -100.365654 36.295066, -100.363564 36.296627, -100.361475 36.298187, -100.359385 36.299748, -100.357295 36.301309, -100.355206 36.302870, -100.353116 36.304431, -100.351026 36.305992, -100.348936 36.307552, -100.346845 36.309113, -100.344755 36.310674, -100.342665 36.312234, -100.340574 36.313795, -100.338484 36.315355, -100.336393 36.316916, -100.334303 36.318476, -100.332212 36.320037, -100.330121 36.321597, -100.328030 36.323158, -100.325939 36.324718, -100.323848 36.326278, -100.321757 36.327839, -100.319666 36.329399, -100.317574 36.330959, -100.315483 36.332519, -100.313392 36.334079, -100.311300 36.335639, -100.309208 36.337199, -100.307117 36.338759, -100.305025 36.340319, -100.302933 36.341879, -100.300841 36.343439, -100.298749 36.344999, -100.296657 36.346559, -100.294564 36.348119, -100.292472 36.349678, -100.290380 36.351238, -100.288287 36.352798, -100.286194 36.354357, -100.284102 36.355917, -100.282009 36.357476, -100.279916 36.359036, -100.277823 36.360595, -100.275730 36.362155, -100.273637 36.363714, -100.271544 36.365274, -100.269451 36.366833, -100.267357 36.368392, -100.265264 36.369952, -100.263170 36.371511, -100.261077 36.373070, -100.258983 36.374629, -100.256889 36.376188, -100.254796 36.377747, -100.252702 36.379306, -100.250608 36.380865, -100.248514 36.382424, -100.246419 36.383983, -100.244325 36.385542, -100.242231 36.387101, -100.240136 36.388660, -100.238042 36.390219, -100.235947 36.391778, -100.233853 36.393336, -100.231758 36.394895, -100.229663 36.396454, -100.227568 36.398012, -100.225473 36.399571, -100.223378 36.401129, -100.221283 36.402688, -100.219187 36.404246, -100.217092 36.405805, -100.214997 36.407363, -100.212901 36.408921, -100.210805 36.410480, -100.208710 36.412038, -100.206614 36.413596, -100.204518 36.415155, -100.202422 36.416713, -100.200326 36.418271, -100.198230 36.419829, -100.196134 36.421387, -100.194038 36.422945, -100.191941 36.424503, -100.189845 36.426061, -100.187748 36.427619, -100.185652 36.429177, -100.183555 36.430735, -100.181458 36.432292, -100.179361 36.433850, -100.177264 36.435408, -100.175167 36.436966, -100.173070 36.438523, -100.170973 36.440081, -100.168876 36.441638, -100.166778 36.443196, -100.164681 36.444754, -100.162583 36.446311, -100.160486 36.447868, -100.158388 36.449426, -100.156290 36.450983, -100.154192 36.452541, -100.152094 36.454098, -100.149996 36.455655, -100.147898 36.457212, -100.145800 36.458769, -100.143702 36.460327, -100.141603 36.461884, -100.139505 36.463441, -100.137406 36.464998, -100.135308 36.466555, -100.133209 36.468112, -100.131110 36.469669, -100.129011 36.471226, -100.126912 36.472782, -100.124813 36.474339, -100.122714 36.475896, -100.120615 36.477453, -100.118515 36.479009, -100.116416 36.480566, -100.114317 36.482123, -100.112217 36.483679, -100.110117 36.485236, -100.108018 36.486792, -100.105918 36.488349, -100.103818 36.489905, -100.101718 36.491462, -100.099618 36.493018, -100.097518 36.494574, -100.095417 36.496131, -100.093317 36.497687, -100.091217 36.499243, -100.089116 36.500799, -100.087016 36.502356, -100.084915 36.503912, -100.082814 36.505468, -100.080713 36.507024, -100.078612 36.508580, -100.076511 36.510136, -100.074410 36.511692, -100.072309 36.513248, -100.070208 36.514804, -100.068107 36.516359, -100.066005 36.517915, -100.063904 36.519471, -100.061802 36.521027, -100.059700 36.522582, -100.057599 36.524138, -100.055497 36.525693, -100.053395 36.527249, -100.051293 36.528805, -100.049191 36.530360, -100.047089 36.531916, -100.044986 36.533471, -100.042884 36.535026, -100.040782 36.536582, -100.038679 36.538137, -100.036576 36.539692, -100.034474 36.541247, -100.032371 36.542803, -100.030268 36.544358, -100.028165 36.545913, -100.026062 36.547468, -100.023959 36.549023, -100.021856 36.550578, -100.019752 36.552133, -100.017649 36.553688, -100.015546 36.555243, -100.013442 36.556798, -100.011339 36.558353, -100.009235 36.559907, -100.007131 36.561462, -100.005027 36.563017, -100.002923 36.564571, -100.000819 36.566126, -99.998715 36.567681, -99.996611 36.569235, -99.994506 36.570790, -99.992402 36.572344, -99.990298 36.573899, -99.988193 36.575453, -99.986088 36.577008, -99.983984 36.578562, -99.981879 36.580116, -99.979774 36.581670, -99.977669 36.583225, -99.975564 36.584779, -99.973459 36.586333, -99.971354 36.587887, -99.969248 36.589441, -99.967143 36.590995, -99.965037 36.592549, -99.962932 36.594103, -99.960826 36.595657, -99.958720 36.597211, -99.956615 36.598765, -99.954509 36.600319, -99.952403 36.601873, -99.950297 36.603426, -99.948190 36.604980, -99.946084 36.606534, -99.943978 36.608087, -99.941871 36.609641, -99.939765 36.611195, -99.937658 36.612748, -99.935552 36.614302, -99.933445 36.615855, -99.931338 36.617408, -99.929231 36.618962, -99.927124 36.620515, -99.925017 36.622068, -99.922910 36.623622, -99.920803 36.625175, -99.918695 36.626728, -99.916588 36.628281, -99.914480 36.629834, -99.912373 36.631388, -99.910265 36.632941, -99.908157 36.634494, -99.906049 36.636047, -99.903941 36.637599, -99.901833 36.639152, -99.899725 36.640705, -99.897617 36.642258, -99.895509 36.643811, -99.893400 36.645364, -99.891292 36.646916, -99.889183 36.648469, -99.887075 36.650022, -99.884966 36.651574, -99.882857 36.653127, -99.880748 36.654679, -99.878639 36.656232, -99.876530 36.657784, -99.874421 36.659337, -99.872312 36.660889, -99.870203 36.662441, -99.868093 36.663994, -99.865984 36.665546, -99.863874 36.667098, -99.861765 36.668650, -99.859655 36.670203, -99.857545 36.671755, -99.855435 36.673307, -99.853325 36.674859, -99.851215 36.676411, -99.849105 36.677963, -99.846995 36.679515, -99.844884 36.681067, -99.842774 36.682618, -99.840663 36.684170, -99.838553 36.685722, -99.836442 36.687274, -99.834331 36.688825, -99.832221 36.690377, -99.830110 36.691929, -99.827999 36.693480, -99.825888 36.695032, -99.823776 36.696583, -99.821665 36.698135, -99.819554 36.699686, -99.817442 36.701238, -99.815331 36.702789, -99.813219 36.704341, -99.811107 36.705892, -99.808996 36.707443, -99.806884 36.708994, -99.804772 36.710545, -99.802660 36.712097, -99.800548 36.713648, -99.798436 36.715199, -99.796323 36.716750, -99.794211 36.718301, -99.792098 36.719852, -99.789986 36.721403, -99.787873 36.722954, -99.785760 36.724504, -99.783648 36.726055, -99.781535 36.727606, -99.779422 36.729157, -99.777309 36.730707, -99.775196 36.732258, -99.773082 36.733809, -99.770969 36.735359, -99.768856 36.736910, -99.766742 36.738460, -99.764629 36.740011, -99.762515 36.741561, -99.760401 36.743112, -99.758287 36.744662, -99.756174 36.746212, -99.754060 36.747763, -99.751945 36.749313, -99.749831 36.750863, -99.747717 36.752413, -99.745603 36.753963, -99.743488 36.755514, -99.741374 36.757064, -99.739259 36.758614, -99.737144 36.760164, -99.735030 36.761714, -99.732915 36.763264, -99.730800 36.764813, -99.728685 36.766363, -99.726570 36.767913, -99.724455 36.769463, -99.722339 36.771013, -99.720224 36.772562, -99.718108 36.774112, -99.715993 36.775662, -99.713877 36.777211, -99.711762 36.778761, -99.709646 36.780310, -99.707530 36.781860, -99.705414 36.783409, -99.703298 36.784958, -99.701182 36.786508, -99.699066 36.788057, -99.696949 36.789606, -99.694833 36.791156, -99.692716 36.792705, -99.690600 36.794254, -99.688483 36.795803, -99.686366 36.797352, -99.684250 36.798901, -99.682133 36.800450, -99.680016 36.801999, -99.677899 36.803548, -99.675782 36.805097, -99.673664 36.806646, -99.671547 36.808195, -99.669430 36.809744, -99.667312 36.811292, -99.665194 36.812841, -99.663077 36.814390, -99.660959 36.815938, -99.658841 36.817487, -99.656723 36.819036, -99.654605 36.820584, -99.652487 36.822133, -99.650369 36.823681, -99.648251 36.825229, -99.646132 36.826778, -99.644014 36.828326, -99.641895 36.829874, -99.639777 36.831423, -99.637658 36.832971, -99.635539 36.834519, -99.633420 36.836067, -99.631301 36.837615, -99.629182 36.839163, -99.627063 36.840711, -99.624944 36.842259, -99.622825 36.843807, -99.620705 36.845355, -99.618586 36.846903, -99.616466 36.848451, -99.614347 36.849999, -99.612227 36.851547, -99.610107 36.853094, -99.607987 36.854642, -99.605867 36.856190, -99.603747 36.857737, -99.601627 36.859285, -99.599507 36.860833, -99.597386 36.862380, -99.595266 36.863928, -99.593145 36.865475, -99.591025 36.867022, -99.588904 36.868570, -99.586783 36.870117, -99.584662 36.871664, -99.582542 36.873212, -99.580421 36.874759, -99.578299 36.876306, -99.576178 36.877853, -99.574057 36.879400, -99.571936 36.880947, -99.569814 36.882494, -99.567693 36.884041, -99.565571 36.885588, -99.563449 36.887135, -99.561327 36.888682, -99.559206 36.890229, -99.557084 36.891776, -99.554962 36.893322, -99.552839 36.894869, -99.550717 36.896416, -99.548595 36.897962, -99.546472 36.899509, -99.544350 36.901056, -99.542227 36.902602, -99.540105 36.904149, -99.537982 36.905695, -99.535859 36.907242, -99.533736 36.908788, -99.531613 36.910334, -99.529490 36.911881, -99.527367 36.913427, -99.525244 36.914973, -99.523120 36.916519, -99.520997 36.918065, -99.518873 36.919612, -99.516750 36.921158, -99.514626 36.922704, -99.512502 36.924250, -99.510379 36.925796, -99.508255 36.927342, -99.506131 36.928887, -99.504006 36.930433, -99.501882 36.931979, -99.499758 36.933525, -99.497634 36.935071, -99.495509 36.936616, -99.493385 36.938162, -99.491260 36.939708, -99.489135 36.941253, -99.487010 36.942799, -99.484885 36.944344, -99.482761 36.945890, -99.480635 36.947435, -99.478510 36.948981, -99.476385 36.950526, -99.474260 36.952071, -99.472134 36.953617, -99.470009 36.955162, -99.467883 36.956707, -99.465758 36.958252, -99.463632 36.959797, -99.461506 36.961342, -99.459380 36.962887, -99.457254 36.964432, -99.455128 36.965977, -99.453002 36.967522, -99.450875 36.969067, -99.448749 36.970612, -99.446623 36.972157, -99.444496 36.973702, -99.442369 36.975247, -99.440243 36.976791, -99.438116 36.978336, -99.435989 36.979881, -99.433862 36.981425, -99.431735 36.982970, -99.429608 36.984514, -99.427481 36.986059, -99.425353 36.987603, -99.423226 36.989148, -99.421099 36.990692, -99.418971 36.992236, -99.416843 36.993781, -99.414716 36.995325, -99.412588 36.996869, -99.410460 36.998413, -99.408332 36.999957, -99.406204 37.001502, -99.404076 37.003046, -99.401947 37.004590, -99.399819 37.006134, -99.397691 37.007678, -99.395562 37.009221, -99.393433 37.010765, -99.391305 37.012309, -99.389176 37.013853, -99.387047 37.015397, -99.384918 37.016940, -99.382789 37.018484, -99.380660 37.020028, -99.378531 37.021571, -99.376401 37.023115, -99.374272 37.024659, -99.372143 37.026202, -99.370013 37.027746, -99.367883 37.029289, -99.365754 37.030832, -99.363624 37.032376, -99.361494 37.033919, -99.359364 37.035462, -99.357234 37.037005, -99.355104 37.038549, -99.352973 37.040092, -99.350843 37.041635, -99.348713 37.043178, -99.346582 37.044721, -99.344452 37.046264, -99.342321 37.047807, -99.340190 37.049350, -99.338059 37.050893, -99.335928 37.052436, -99.333797 37.053979, -99.331666 37.055521, -99.329535 37.057064, -99.327404 37.058607, -99.325272 37.060149, -99.323141 37.061692, -99.321009 37.063235, -99.318878 37.064777, -99.316746 37.066320, -99.314614 37.067862, -99.312482 37.069405, -99.310350 37.070947, -99.308218 37.072489, -99.306086 37.074032, -99.303954 37.075574, -99.301821 37.077116, -99.299689 37.078658, -99.297556 37.080201, -99.295424 37.081743, -99.293291 37.083285, -99.291158 37.084827, -99.289026 37.086369, -99.286893 37.087911, -99.284760 37.089453, -99.282626 37.090995, -99.280493 37.092536, -99.278360 37.094078, -99.276227 37.095620, -99.274093 37.097162, -99.271960 37.098704, -99.269826 37.100245, -99.267692 37.101787, -99.265558 37.103328, -99.263425 37.104870, -99.261291 37.106412, -99.259156 37.107953, -99.257022 37.109494, -99.254888 37.111036, -99.252754 37.112577, -99.250619 37.114119, -99.248485 37.115660, -99.246350 37.117201, -99.244216 37.118742, -99.242081 37.120283, -99.239946 37.121825, -99.237811 37.123366, -99.235676 37.124907, -99.233541 37.126448, -99.231406 37.127989, -99.229270 37.129530, -99.227135 37.131071, -99.225000 37.132611, -99.222864 37.134152, -99.220728 37.135693, -99.218593 37.137234, -99.216457 37.138775, -99.214321 37.140315, -99.212185 37.141856, -99.210049 37.143396, -99.207913 37.144937, -99.205777 37.146477, -99.203640 37.148018, -99.201504 37.149558, -99.199367 37.151099, -99.197231 37.152639, -99.195094 37.154180, -99.192957 37.155720, -99.190820 37.157260, -99.188683 37.158800, -99.186546 37.160340, -99.184409 37.161881, -99.182272 37.163421, -99.180135 37.164961, -99.177997 37.166501, -99.175860 37.168041, -99.173722 37.169581, -99.171585 37.171121, -99.169447 37.172660, -99.167309 37.174200, -99.165171 37.175740, -99.163033 37.177280, -99.160895 37.178820, -99.158757 37.180359, -99.156619 37.181899, -99.154481 37.183438, -99.152342 37.184978, -99.150204 37.186518, -99.148065 37.188057, -99.145926 37.189596, -99.143788 37.191136, -99.141649 37.192675, -99.139510 37.194215, -99.137371 37.195754, -99.135232 37.197293, -99.133093 37.198832, -99.130953 37.200372, -99.128814 37.201911, -99.126674 37.203450, -99.124535 37.204989, -99.122395 37.206528, -99.120255 37.208067, -99.118116 37.209606, -99.115976 37.211145, -99.113836 37.212684, -99.111696 37.214222, -99.109556 37.215761, -99.107415 37.217300, -99.105275 37.218839, -99.103135 37.220377, -99.100994 37.221916, -99.098853 37.223455, -99.096713 37.224993, -99.094572 37.226532, -99.092431 37.228070, -99.090290 37.229609, -99.088149 37.231147, -99.086008 37.232685, -99.083867 37.234224, -99.081725 37.235762, -99.079584 37.237300, -99.077443 37.238838, -99.075301 37.240377, -99.073159 37.241915, -99.071018 37.243453, -99.068876 37.244991, -99.066734 37.246529, -99.064592 37.248067, -99.062450 37.249605, -99.060308 37.251143, -99.058165 37.252681, -99.056023 37.254218, -99.053881 37.255756, -99.051738 37.257294, -99.049595 37.258832, -99.047453 37.260369, -99.045310 37.261907, -99.043167 37.263445, -99.041024 37.264982, -99.038881 37.266520, -99.036738 37.268057, -99.034595 37.269595, -99.032451 37.271132, -99.030308 37.272669, -99.028165 37.274207, -99.026021 37.275744, -99.023877 37.277281, -99.021734 37.278818, -99.019590 37.280356, -99.017446 37.281893, -99.015302 37.283430, -99.013158 37.284967, -99.011014 37.286504, -99.008869 37.288041, -99.006725 37.289578, -99.004580 37.291115, -99.002436 37.292652, -99.000291 37.294188, -98.998147 37.295725, -98.996002 37.297262, -98.993857 37.298799, -98.991712 37.300335, -98.989567 37.301872, -98.987422 37.303409, -98.985276 37.304945, -98.983131 37.306482, -98.980986 37.308018, -98.978840 37.309555, -98.976695 37.311091, -98.974549 37.312627, -98.972403 37.314164, -98.970257 37.315700, -98.968111 37.317236, -98.965965 37.318772, -98.963819 37.320308, -98.961673 37.321845, -98.959527 37.323381, -98.957380 37.324917, -98.955234 37.326453, -98.953087 37.327989, -98.950941 37.329525, -98.948794 37.331061, -98.946647 37.332596, -98.944500 37.334132, -98.942353 37.335668, -98.940206 37.337204, -98.938059 37.338739, -98.935912 37.340275, -98.933764 37.341811, -98.931617 37.343346, -98.929469 37.344882, -98.927322 37.346417, -98.925174 37.347953, -98.923026 37.349488, -98.920878 37.351024, -98.918731 37.352559, -98.916582 37.354094, -98.914434 37.355630, -98.912286 37.357165, -98.910138 37.358700, -98.907989 37.360235, -98.905841 37.361770, -98.903692 37.363305, -98.901544 37.364840, -98.899395 37.366375, -98.897246 37.367910, -98.895097 37.369445, -98.892948 37.370980, -98.890799 37.372515, -98.888650 37.374050, -98.886501 37.375585, -98.884351 37.377119, -98.882202 37.378654, -98.880052 37.380189, -98.877903 37.381723, -98.875753 37.383258, -98.873603 37.384792, -98.871453 37.386327, -98.869303 37.387861, -98.867153 37.389396, -98.865003 37.390930, -98.862853 37.392464, -98.860702 37.393999, -98.858552 37.395533, -98.856401 37.397067, -98.854251 37.398601, -98.852100 37.400136, -98.849949 37.401670, -98.847799 37.403204, -98.845648 37.404738, -98.843497 37.406272, -98.841345 37.407806, -98.839194 37.409340, -98.837043 37.410873, -98.834892 37.412407, -98.832740 37.413941, -98.830589 37.415475, -98.828437 37.417009, -98.826285 37.418542, -98.824133 37.420076, -98.821981 37.421609, -98.819829 37.423143, -98.817677 37.424677, -98.815525 37.426210, -98.813373 37.427743, -98.811220 37.429277, -98.809068 37.430810, -98.806915 37.432344, -98.804763 37.433877, -98.802610 37.435410, -98.800457 37.436943, -98.798304 37.438476, -98.796151 37.440010, -98.793998 37.441543, -98.791845 37.443076, -98.789692 37.444609, -98.787539 37.446142, -98.785385 37.447675, -98.783232 37.449208, -98.781078 37.450740, -98.778924 37.452273, -98.776771 37.453806, -98.774617 37.455339, -98.772463 37.456871, -98.770309 37.458404, -98.768155 37.459937, -98.766001 37.461469, -98.763846 37.463002, -98.761692 37.464534, -98.759537 37.466067, -98.757383 37.467599, -98.755228 37.469132, -98.753073 37.470664, -98.750919 37.472196, -98.748764 37.473729, -98.746609 37.475261, -98.744454 37.476793, -98.742298 37.478325, -98.740143 37.479857, -98.737988 37.481389, -98.735832 37.482921, -98.733677 37.484453, -98.731521 37.485985, -98.729365 37.487517, -98.727210 37.489049, -98.725054 37.490581, -98.722898 37.492113, -98.720742 37.493645, -98.718585 37.495176, -98.716429 37.496708, -98.714273 37.498240, -98.712116 37.499771, -98.709960 37.501303, -98.707803 37.502834, -98.705647 37.504366, -98.703490 37.505897, -98.701333 37.507429, -98.699176 37.508960, -98.697019 37.510491, -98.694862 37.512023, -98.692705 37.513554, -98.690547 37.515085, -98.688390 37.516616, -98.686233 37.518147, -98.684075 37.519678, -98.681917 37.521210, -98.679760 37.522741, -98.677602 37.524272, -98.675444 37.525802, -98.673286 37.527333, -98.671128 37.528864, -98.668969 37.530395, -98.666811 37.531926, -98.664653 37.533457, -98.662494 37.534987, -98.660336 37.536518, -98.658177 37.538049, -98.656018 37.539579, -98.653860 37.541110, -98.651701 37.542640, -98.649542 37.544171, -98.647383 37.545701, -98.645223 37.547231, -98.643064 37.548762, -98.640905 37.550292, -98.638745 37.551822, -98.636586 37.553353, -98.634426 37.554883, -98.632267 37.556413, -98.630107 37.557943, -98.627947 37.559473, -98.625787 37.561003, -98.623627 37.562533, -98.621467 37.564063, -98.619307 37.565593, -98.617146 37.567123, -98.614986 37.568653, -98.612825 37.570183, -98.610665 37.571712, -98.608504 37.573242, -98.606343 37.574772, -98.604182 37.576301, -98.602022 37.577831, -98.599860 37.579360, -98.597699 37.580890, -98.595538 37.582419, -98.593377 37.583949, -98.591215 37.585478, -98.589054 37.587008, -98.586892 37.588537, -98.584731 37.590066, -98.582569 37.591596, -98.580407 37.593125, -98.578245 37.594654, -98.576083 37.596183, -98.573921 37.597712, -98.571759 37.599241, -98.569597 37.600770, -98.567434 37.602299, -98.565272 37.603828, -98.563109 37.605357, -98.560947 37.606886, -98.558784 37.608415, -98.556621 37.609943, -98.554458 37.611472, -98.552295 37.613001, -98.550132 37.614530, -98.547969 37.616058, -98.545806 37.617587, -98.543643 37.619115, -98.541479 37.620644, -98.539316 37.622172, -98.537152 37.623701, -98.534988 37.625229, -98.532824 37.626757, -98.530661 37.628286, -98.528497 37.629814, -98.526333 37.631342, -98.524168 37.632870, -98.522004 37.634398, -98.519840 37.635927, -98.517675 37.637455, -98.515511 37.638983, -98.513346 37.640511, -98.511182 37.642039, -98.509017 37.643566, -98.506852 37.645094, -98.504687 37.646622, -98.502522 37.648150, -98.500357 37.649678, -98.498192 37.651205, -98.496026 37.652733, -98.493861 37.654261, -98.491696 37.655788, -98.489530 37.657316, -98.487364 37.658843, -98.485199 37.660371, -98.483033 37.661898, -98.480867 37.663426, -98.478701 37.664953, -98.476535 37.666480, -98.474369 37.668008, -98.472202 37.669535, -98.470036 37.671062, -98.467869 37.672589, -98.465703 37.674116, -98.463536 37.675643, -98.461370 37.677170, -98.459203 37.678697, -98.457036 37.680224, -98.454869 37.681751, -98.452702 37.683278, -98.450535 37.684805, -98.448367 37.686332, -98.446200 37.687858, -98.444033 37.689385, -98.441865 37.690912, -98.439697 37.692438, -98.437530 37.693965, -98.435362 37.695492, -98.433194 37.697018, -98.431026 37.698545, -98.428858 37.700071, -98.426690 37.701597, -98.424522 37.703124, -98.422353 37.704650, -98.420185 37.706176, -98.418016 37.707703, -98.415848 37.709229, -98.413679 37.710755, -98.411510 37.712281, -98.409341 37.713807, -98.407172 37.715333, -98.405003 37.716859, -98.402834 37.718385, -98.400665 37.719911, -98.398496 37.721437, -98.396326 37.722963, -98.394157 37.724489, -98.391987 37.726014, -98.389818 37.727540, -98.387648 37.729066, -98.385478 37.730591, -98.383308 37.732117, -98.381138 37.733643, -98.378968 37.735168, -98.376798 37.736694, -98.374627 37.738219, -98.372457 37.739744, -98.370286 37.741270, -98.368116 37.742795, -98.365945 37.744320, -98.363775 37.745846, -98.361604 37.747371, -98.359433 37.748896, -98.357262 37.750421, -98.355091 37.751946, -98.352919 37.753471, -98.350748 37.754996, -98.348577 37.756521, -98.346405 37.758046, -98.344234 37.759571, -98.342062 37.761096, -98.339890 37.762621, -98.337719 37.764145, -98.335547 37.765670, -98.333375 37.767195, -98.331203 37.768720, -98.329030 37.770244, -98.326858 37.771769, -98.324686 37.773293, -98.322513 37.774818, -98.320341 37.776342, -98.318168 37.777867, -98.315995 37.779391, -98.313823 37.780915, -98.311650 37.782440, -98.309477 37.783964, -98.307304 37.785488, -98.305131 37.787012, -98.302957 37.788536, -98.300784 37.790060, -98.298611 37.791584, -98.296437 37.793108, -98.294263 37.794632, -98.292090 37.796156, -98.289916 37.797680, -98.287742 37.799204, -98.285568 37.800728, -98.283394 37.802252, -98.281220 37.803775, -98.279046 37.805299, -98.276871 37.806823, -98.274697 37.808346, -98.272522 37.809870, -98.270348 37.811393, -98.268173 37.812917, -98.265998 37.814440, -98.263823 37.815964, -98.261648 37.817487, -98.259473 37.819010, -98.257298 37.820534, -98.255123 37.822057, -98.252948 37.823580, -98.250772 37.825103, -98.248597 37.826627, -98.246421 37.828150, -98.244246 37.829673, -98.242070 37.831196, -98.239894 37.832719, -98.237718 37.834242, -98.235542 37.835764, -98.233366 37.837287, -98.231190 37.838810, -98.229013 37.840333, -98.226837 37.841856, -98.224660 37.843378, -98.222484 37.844901, -98.220307 37.846424, -98.218130 37.847946, -98.215954 37.849469, -98.213777 37.850991, -98.211600 37.852514, -98.209423 37.854036, -98.207245 37.855558, -98.205068 37.857081, -98.202891 37.858603, -98.200713 37.860125, -98.198536 37.861647, -98.196358 37.863170, -98.194180 37.864692, -98.192002 37.866214, -98.189824 37.867736, -98.187646 37.869258, -98.185468 37.870780, -98.183290 37.872302, -98.181112 37.873824, -98.178933 37.875346, -98.176755 37.876867, -98.174576 37.878389, -98.172398 37.879911, -98.170219 37.881432, -98.168040 37.882954, -98.165861 37.884476, -98.163682 37.885997, -98.161503 37.887519, -98.159324 37.889040, -98.157145 37.890562, -98.154965 37.892083, -98.152786 37.893605, -98.150606 37.895126, -98.148427 37.896647, -98.146247 37.898168, -98.144067 37.899690, -98.141887 37.901211, -98.139707 37.902732, -98.137527 37.904253, -98.135347 37.905774, -98.133167 37.907295, -98.130986 37.908816, -98.128806 37.910337, -98.126625 37.911858, -98.124445 37.913379, -98.122264 37.914899, -98.120083 37.916420, -98.117902 37.917941, -98.115721 37.919462, -98.113540 37.920982, -98.111359 37.922503, -98.109178 37.924023, -98.106997 37.925544, -98.104815 37.927064, -98.102634 37.928585, -98.100452 37.930105, -98.098270 37.931626, -98.096089 37.933146, -98.093907 37.934666, -98.091725 37.936186, -98.089543 37.937707, -98.087360 37.939227, -98.085178 37.940747, -98.082996 37.942267, -98.080813 37.943787, -98.078631 37.945307, -98.076448 37.946827, -98.074266 37.948347, -98.072083 37.949867, -98.069900 37.951387, -98.067717 37.952906, -98.065534 37.954426, -98.063351 37.955946, -98.061167 37.957466, -98.058984 37.958985, -98.056801 37.960505, -98.054617 37.962024, -98.052434 37.963544, -98.050250 37.965063, -98.048066 37.966583, -98.045882 37.968102, -98.043698 37.969621, -98.041514 37.971141, -98.039330 37.972660, -98.037146 37.974179, -98.034962 37.975698, -98.032777 37.977218, -98.030593 37.978737, -98.028408 37.980256, -98.026223 37.981775, -98.024039 37.983294, -98.021854 37.984813, -98.019669 37.986332, -98.017484 37.987851, -98.015299 37.989369, -98.013113 37.990888, -98.010928 37.992407, -98.008743 37.993926, -98.006557 37.995444, -98.004371 37.996963, -98.002186 37.998481, -98.000000 38.000000))
