MULTILINESTRING ((35.500000 33.890000, 35.505410 33.891360, 35.510820 33.892720, 35.516230 33.894079, 35.521640 33.895439, 35.527050 33.896798, 35.532461 33.898156, 35.537872 33.899515, 35.543283 33.900873, 35.548694 33.902231, 35.554105 33.903589, 35.559517 33.904947, 35.564928 33.906304, 35.570340 33.907661, 35.575752 33.909018, 35.581164 33.910375, 35.586577 33.911731, 35.591989 33.913087, 35.597402 33.914443, 35.602815 33.915799, 35.608228 33.917155, 35.613641 33.918510, 35.619054 33.919865, 35.624468 33.921220, 35.629881 33.922574, 35.635295 33.923929, 35.640709 33.925283, 35.646124 33.926636, 35.651538 33.927990, 35.656953 33.929343, 35.662367 33.930696, 35.667782 33.932049, 35.673197 33.933402, 35.678613 33.934754, 35.684028 33.936107, 35.689444 33.937458, 35.694859 33.938810, 35.700275 33.940162, 35.705691 33.941513, 35.711108 33.942864, 35.716524 33.944215, 35.721941 33.945565, 35.727358 33.946915, 35.732775 33.948265, 35.738192 33.949615, 35.743609 33.950965, 35.749026 33.952314, 35.754444 33.953663, 35.759862 33.955012, 35.765280 33.956361, 35.770698 33.957709, 35.776116 33.959057, 35.781535 33.960405, 35.786954 33.961753, 35.792373 33.963100, 35.797792 33.964447, 35.803211 33.965794, 35.808630 33.967141, 35.814050 33.968487, 35.819469 33.969834, 35.824889 33.971180, 35.830309 33.972525, 35.835730 33.973871, 35.841150 33.975216, 35.846571 33.976561, 35.851991 33.977906, 35.857412 33.979251, 35.862833 33.980595, 35.868255 33.981939, 35.873676 33.983283, 35.879098 33.984627, 35.884520 33.985970, 35.889941 33.987313, 35.895364 33.988656, 35.900786 33.989999, 35.906208 33.991341, 35.911631 33.992683, 35.917054 33.994025, 35.922477 33.995367, 35.927900 33.996708, 35.933323 33.998050, 35.938747 33.999391, 35.944170 34.000731, 35.949594 34.002072, 35.955018 34.003412, 35.960442 34.004752, 35.965867 34.006092, 35.971291 34.007432, 35.976716 34.008771, 35.982141 34.010110, 35.987566 34.011449, 35.992991 34.012788, 35.998416 34.014126, 36.003842 34.015464, 36.009268 34.016802, 36.014694 34.018140, 36.020120 34.019477, 36.025546 34.020814, 36.030972 34.022151, 36.036399 34.023488, 36.041826 34.024824, 36.047253 34.026161, 36.052680 34.027497, 36.058107 34.028832, 36.063534 34.030168, 36.068962 34.031503, 36.074390 34.032838, 36.079818 34.034173, 36.085246 34.035508, 36.090674 34.036842, 36.096102 34.038176, 36.101531 34.039510, 36.106960 34.040844, 36.112389 34.042177, 36.117818 34.043510, 36.123247 34.044843, 36.128677 34.046176, 36.134106 34.047508, 36.139536 34.048840, 36.144966 34.050172, 36.150396 34.051504, 36.155827 34.052835, 36.161257 34.054167, 36.166688 34.055498, 36.172119 34.056828, 36.177550 34.058159, 36.182981 34.059489, 36.188412 34.060819, 36.193844 34.062149, 36.199275 34.063479, 36.204707 34.064808, 36.210139 34.066137, 36.215572 34.067466, 36.221004 34.068794, 36.226436 34.070123, 36.231869 34.071451, 36.237302 34.072779, 36.242735 34.074106, 36.248168 34.075434, 36.253602 34.076761, 36.259035 34.078088, 36.264469 34.079415, 36.269903 34.080741, 36.275337 34.082067, 36.280771 34.083393, 36.286206 34.084719, 36.291640 34.086044, 36.297075 34.087370, 36.302510 34.088695, 36.307945 34.090020, 36.313380 34.091344, 36.318816 34.092668, 36.324251 34.093992, 36.329687 34.095316, 36.335123 34.096640, 36.340559 34.097963, 36.345996 34.099286, 36.351432 34.100609, 36.356869 34.101932, 36.362305 34.103254, 36.367742 34.104576, 36.373180 34.105898, 36.378617 34.107220, 36.384054 34.108541, 36.389492 34.109862, 36.394930 34.111183, 36.400368 34.112504, 36.405806 34.113825, 36.411244 34.115145, 36.416683 34.116465, 36.422121 34.117784, 36.427560 34.119104, 36.432999 34.120423, 36.438438 34.121742, 36.443878 34.123061, 36.449317 34.124380, 36.454757 34.125698, 36.460197 34.127016, 36.465637 34.128334, 36.471077 34.129651, 36.476517 34.130969, 36.481958 34.132286, 36.487399 34.133603, 36.492839 34.134919, 36.498281 34.136236, 36.503722 34.137552, 36.509163 34.138868, 36.514605 34.140183, 36.520046 34.141499, 36.525488 34.142814, 36.530930 34.144129, 36.536373 34.145444, 36.541815 34.146758, 36.547258 34.148072, 36.552700 34.149386, 36.558143 34.150700, 36.563586 34.152014, 36.569029 34.153327, 36.574473 34.154640, 36.579916 34.155953, 36.585360 34.157265, 36.590804 34.158578, 36.596248 34.159890, 36.601693 34.161201, 36.607137 34.162513, 36.612582 34.163824, 36.618026 34.165135, 36.623471 34.166446, 36.628916 34.167757, 36.634362 34.169067, 36.639807 34.170377, 36.645253 34.171687, 36.650698 34.172997, 36.656144 34.174306, 36.661591 34.175616, 36.667037 34.176925, 36.672483 34.178233, 36.677930 34.179542, 36.683377 34.180850, 36.688824 34.182158, 36.694271 34.183466, 36.699718 34.184773, 36.705166 34.186080, 36.710613 34.187387, 36.716061 34.188694, 36.721509 34.190001, 36.726957 34.191307, 36.732405 34.192613, 36.737854 34.193919, 36.743303 34.195224, 36.748751 34.196530, 36.754200 34.197835, 36.759650 34.199140, 36.765099 34.200444, 36.770548 34.201749, 36.775998 34.203053, 36.781448 34.204357, 36.786898 34.205660, 36.792348 34.206964, 36.797798 34.208267, 36.803249 34.209570, 36.808700 34.210872, 36.814150 34.212175, 36.819601 34.213477, 36.825053 34.214779, 36.830504 34.216081, 36.835955 34.217382, 36.841407 34.218683, 36.846859 34.219984, 36.852311 34.221285, 36.857763 34.222586, 36.863216 34.223886, 36.868668 34.225186, 36.874121 34.226486, 36.879574 34.227785, 36.885027 34.229085, 36.890480 34.230384, 36.895933 34.231682, 36.901387 34.232981, 36.906840 34.234279, 36.912294 34.235577, 36.917748 34.236875, 36.923203 34.238173, 36.928657 34.239470, 36.934112 34.240767, 36.939566 34.242064, 36.945021 34.243361, 36.950476 34.244657, 36.955931 34.245953, 36.961387 34.247249, 36.966842 34.248545, 36.972298 34.249841, 36.977754 34.251136, 36.983210 34.252431, 36.988666 34.253725, 36.994123 34.255020, 36.999579 34.256314, 37.005036 34.257608, 37.010493 34.258902, 37.015950 34.260195, 37.021407 34.261489, 37.026864 34.262782, 37.032322 34.264074, 37.037780 34.265367, 37.043238 34.266659, 37.048696 34.267951, 37.054154 34.269243, 37.059612 34.270535, 37.065071 34.271826, 37.070530 34.273117, 37.075989 34.274408, 37.081448 34.275698, 37.086907 34.276989, 37.092366 34.278279, 37.097826 34.279569, 37.103286 34.280858, 37.108746 34.282148, 37.114206 34.283437, 37.119666 34.284726, 37.125126 34.286014, 37.130587 34.287303, 37.136048 34.288591, 37.141509 34.289879, 37.146970 34.291167, 37.152431 34.292454, 37.157892 34.293741, 37.163354 34.295028, 37.168816 34.296315, 37.174278 34.297602, 37.179740 34.298888, 37.185202 34.300174, 37.190664 34.301460, 37.196127 34.302745, 37.201590 34.304030, 37.207053 34.305315, 37.212516 34.306600, 37.217979 34.307885, 37.223443 34.309169, 37.228906 34.310453, 37.234370 34.311737, 37.239834 34.313020, 37.245298 34.314304, 37.250762 34.315587, 37.256227 34.316870, 37.261691 34.318152, 37.267156 34.319435, 37.272621 34.320717, 37.278086 34.321999, 37.283551 34.323280, 37.289017 34.324562, 37.294482 34.325843, 37.299948 34.327124, 37.305414 34.328404, 37.310880 34.329685, 37.316346 34.330965, 37.321813 34.332245, 37.327279 34.333524, 37.332746 34.334804, 37.338213 34.336083, 37.343680 34.337362, 37.349147 34.338641, 37.354615 34.339919, 37.360083 34.341197, 37.365550 34.342475, 37.371018 34.343753, 37.376486 34.345031, 37.381955 34.346308, 37.387423 34.347585, 37.392892 34.348862, 37.398360 34.350138, 37.403829 34.351415, 37.409298 34.352691, 37.414768 34.353966, 37.420237 34.355242, 37.425707 34.356517, 37.431177 34.357792, 37.436646 34.359067, 37.442117 34.360342, 37.447587 34.361616, 37.453057 34.362890, 37.458528 34.364164, 37.463999 34.365438, 37.469470 34.366711, 37.474941 34.367984, 37.480412 34.369257, 37.485883 34.370530, 37.491355 34.371802, 37.496827 34.373074, 37.502299 34.374346, 37.507771 34.375618, 37.513243 34.376889, 37.518715 34.378160, 37.524188 34.379431, 37.529661 34.380702, 37.535134 34.381972, 37.540607 34.383243, 37.546080 34.384512, 37.551553 34.385782, 37.557027 34.387052, 37.562501 34.388321, 37.567975 34.389590, 37.573449 34.390859, 37.578923 34.392127, 37.584397 34.393395, 37.589872 34.394663, 37.595347 34.395931, 37.600822 34.397199, 37.606297 34.398466, 37.611772 34.399733, 37.617247 34.401000, 37.622723 34.402266, 37.628199 34.403533, 37.633675 34.404799, 37.639151 34.406064, 37.644627 34.407330, 37.650103 34.408595, 37.655580 34.409860, 37.661057 34.411125, 37.666534 34.412390, 37.672011 34.413654, 37.677488 34.414918, 37.682965 34.416182, 37.688443 34.417446, 37.693921 34.418709, 37.699399 34.419972, 37.704877 34.421235, 37.710355 34.422498, 37.715833 34.423760, 37.721312 34.425022, 37.726791 34.426284, 37.732269 34.427546, 37.737748 34.428807, 37.743228 34.430068, 37.748707 34.431329, 37.754187 34.432590, 37.759666 34.433850, 37.765146 34.435111, 37.770626 34.436371, 37.776107 34.437630, 37.781587 34.438890, 37.787067 34.440149, 37.792548 34.441408, 37.798029 34.442667, 37.803510 34.443925, 37.808991 34.445183, 37.814473 34.446441, 37.819954 34.447699, 37.825436 34.448957, 37.830918 34.450214, 37.836400 34.451471, 37.841882 34.452728, 37.847364 34.453984, 37.852847 34.455240, 37.858330 34.456496, 37.863812 34.457752, 37.869295 34.459008, 37.874779 34.460263, 37.880262 34.461518, 37.885745 34.462773, 37.891229 34.464027, 37.896713 34.465282, 37.902197 34.466536, 37.907681 34.467790, 37.913166 34.469043, 37.918650 34.470297, 37.924135 34.471550, 37.929620 34.472803, 37.935105 34.474055, 37.940590 34.475308, 37.946075 34.476560, 37.951561 34.477812, 37.957046 34.479063, 37.962532 34.480315, 37.968018 34.481566, 37.973504 34.482817, 37.978990 34.484067, 37.984477 34.485318, 37.989964 34.486568, 37.995450 34.487818, 38.000937 34.489067, 38.006424 34.490317, 38.011912 34.491566, 38.017399 34.492815, 38.022887 34.494064, 38.028375 34.495312, 38.033863 34.496560, 38.039351 34.497808, 38.044839 34.499056, 38.050327 34.500303, 38.055816 34.501550, 38.061305 34.502797, 38.066794 34.504044, 38.072283 34.505291, 38.077772 34.506537, 38.083262 34.507783, 38.088751 34.509029, 38.094241 34.510274, 38.099731 34.511519, 38.105221 34.512764, 38.110711 34.514009, 38.116202 34.515254, 38.121692 34.516498, 38.127183 34.517742, 38.132674 34.518986, 38.138165 34.520229, 38.143656 34.521472, 38.149148 34.522715, 38.154639 34.523958, 38.160131 34.525201, 38.165623 34.526443, 38.171115 34.527685, 38.176607 34.528927, 38.182100 34.530168, 38.187592 34.531410, 38.193085 34.532651, 38.198578 34.533892, 38.204071 34.535132, 38.209564 34.536373, 38.215057 34.537613, 38.220551 34.538853, 38.226045 34.540092, 38.231538 34.541331, 38.237032 34.542571, 38.242527 34.543809, 38.248021 34.545048, 38.253515 34.546286, 38.259010 34.547525, 38.264505 34.548762, 38.270000 34.550000, 38.275693 34.549847, 38.281386 34.549693, 38.287079 34.549539, 38.292771 34.549385, 38.298464 34.549231, 38.304157 34.549076, 38.309850 34.548922, 38.315542 34.548766, 38.321235 34.548611, 38.326928 34.548455, 38.332620 34.548299, 38.338313 34.548143, 38.344006 34.547987, 38.349698 34.547830, 38.355391 34.547673, 38.361083 34.547516, 38.366776 34.547358, 38.372468 34.547201, 38.378161 34.547043, 38.383853 34.546884, 38.389546 34.546726, 38.395238 34.546567, 38.400930 34.546408, 38.406623 34.546249, 38.412315 34.546089, 38.418007 34.545929, 38.423700 34.545769, 38.429392 34.545609, 38.435084 34.545448, 38.440777 34.545287, 38.446469 34.545126, 38.452161 34.544964, 38.457853 34.544803, 38.463545 34.544641, 38.469237 34.544478, 38.474930 34.544316, 38.480622 34.544153, 38.486314 34.543990, 38.492006 34.543827, 38.497698 34.543663, 38.503390 34.543499, 38.509082 34.543335, 38.514774 34.543171, 38.520466 34.543006, 38.526157 34.542841, 38.531849 34.542676, 38.537541 34.542511, 38.543233 34.542345, 38.548925 34.542179, 38.554617 34.542013, 38.560308 34.541846, 38.566000 34.541680, 38.571692 34.541513, 38.577384 34.541345, 38.583075 34.541178, 38.588767 34.541010, 38.594459 34.540842, 38.600150 34.540674, 38.605842 34.540505, 38.611533 34.540336, 38.617225 34.540167, 38.622916 34.539998, 38.628608 34.539828, 38.634299 34.539658, 38.639991 34.539488, 38.645682 34.539318, 38.651374 34.539147, 38.657065 34.538976, 38.662756 34.538805, 38.668448 34.538633, 38.674139 34.538461, 38.679830 34.538289, 38.685522 34.538117, 38.691213 34.537944, 38.696904 34.537772, 38.702595 34.537599, 38.708286 34.537425, 38.713977 34.537252, 38.719669 34.537078, 38.725360 34.536904, 38.731051 34.536729, 38.736742 34.536555, 38.742433 34.536380, 38.748124 34.536204, 38.753815 34.536029, 38.759506 34.535853, 38.765197 34.535677, 38.770888 34.535501, 38.776578 34.535325, 38.782269 34.535148, 38.787960 34.534971, 38.793651 34.534793, 38.799342 34.534616, 38.805032 34.534438, 38.810723 34.534260, 38.816414 34.534082, 38.822105 34.533903, 38.827795 34.533724, 38.833486 34.533545, 38.839176 34.533366, 38.844867 34.533186, 38.850558 34.533006, 38.856248 34.532826, 38.861939 34.532645, 38.867629 34.532464, 38.873320 34.532283, 38.879010 34.532102, 38.884700 34.531921, 38.890391 34.531739, 38.896081 34.531557, 38.901772 34.531375, 38.907462 34.531192, 38.913152 34.531009, 38.918842 34.530826, 38.924533 34.530643, 38.930223 34.530459, 38.935913 34.530275, 38.941603 34.530091, 38.947293 34.529906, 38.952983 34.529722, 38.958674 34.529537, 38.964364 34.529352, 38.970054 34.529166, 38.975744 34.528980, 38.981434 34.528794, 38.987124 34.528608, 38.992814 34.528422, 38.998503 34.528235, 39.004193 34.528048, 39.009883 34.527860, 39.015573 34.527673, 39.021263 34.527485, 39.026953 34.527297, 39.032642 34.527108, 39.038332 34.526920, 39.044022 34.526731, 39.049711 34.526542, 39.055401 34.526352, 39.061091 34.526162, 39.066780 34.525973, 39.072470 34.525782, 39.078159 34.525592, 39.083849 34.525401, 39.089538 34.525210, 39.095228 34.525019, 39.100917 34.524827, 39.106607 34.524635, 39.112296 34.524443, 39.117986 34.524251, 39.123675 34.524058, 39.129364 34.523865, 39.135054 34.523672, 39.140743 34.523479, 39.146432 34.523285, 39.152121 34.523091, 39.157810 34.522897, 39.163500 34.522703, 39.169189 34.522508, 39.174878 34.522313, 39.180567 34.522118, 39.186256 34.521922, 39.191945 34.521726, 39.197634 34.521530, 39.203323 34.521334, 39.209012 34.521138, 39.214701 34.520941, 39.220390 34.520744, 39.226078 34.520546, 39.231767 34.520349, 39.237456 34.520151, 39.243145 34.519953, 39.248834 34.519754, 39.254522 34.519556, 39.260211 34.519357, 39.265900 34.519157, 39.271588 34.518958, 39.277277 34.518758, 39.282966 34.518558, 39.288654 34.518358, 39.294343 34.518157, 39.300031 34.517957, 39.305720 34.517756, 39.311408 34.517554, 39.317097 34.517353, 39.322785 34.517151, 39.328473 34.516949, 39.334162 34.516746, 39.339850 34.516544, 39.345538 34.516341, 39.351226 34.516138, 39.356915 34.515934, 39.362603 34.515731, 39.368291 34.515527, 39.373979 34.515322, 39.379667 34.515118, 39.385355 34.514913, 39.391044 34.514708, 39.396732 34.514503, 39.402420 34.514297, 39.408108 34.514092, 39.413795 34.513886, 39.419483 34.513679, 39.425171 34.513473, 39.430859 34.513266, 39.436547 34.513059, 39.442235 34.512851, 39.447923 34.512644, 39.453610 34.512436, 39.459298 34.512228, 39.464986 34.512019, 39.470673 34.511810, 39.476361 34.511602, 39.482049 34.511392, 39.487736 34.511183, 39.493424 34.510973, 39.499111 34.510763, 39.504799 34.510553, 39.510486 34.510342, 39.516174 34.510131, 39.521861 34.509920, 39.527549 34.509709, 39.533236 34.509497, 39.538923 34.509286, 39.544610 34.509073, 39.550298 34.508861, 39.555985 34.508648, 39.561672 34.508436, 39.567359 34.508222, 39.573047 34.508009, 39.578734 34.507795, 39.584421 34.507581, 39.590108 34.507367, 39.595795 34.507153, 39.601482 34.506938, 39.607169 34.506723, 39.612856 34.506507, 39.618543 34.506292, 39.624230 34.506076, 39.629916 34.505860, 39.635603 34.505644, 39.641290 34.505427, 39.646977 34.505210, 39.652664 34.504993, 39.658350 34.504776, 39.664037 34.504558, 39.669724 34.504340, 39.675410 34.504122, 39.681097 34.503904, 39.686783 34.503685, 39.692470 34.503466, 39.698156 34.503247, 39.703843 34.503027, 39.709529 34.502807, 39.715216 34.502587, 39.720902 34.502367, 39.726588 34.502147, 39.732275 34.501926, 39.737961 34.501705, 39.743647 34.501483, 39.749334 34.501262, 39.755020 34.501040, 39.760706 34.500818, 39.766392 34.500595, 39.772078 34.500373, 39.777764 34.500150, 39.783450 34.499926, 39.789136 34.499703, 39.794822 34.499479, 39.800508 34.499255, 39.806194 34.499031, 39.811880 34.498807, 39.817566 34.498582, 39.823252 34.498357, 39.828938 34.498132, 39.834623 34.497906, 39.840309 34.497680, 39.845995 34.497454, 39.851680 34.497228, 39.857366 34.497001, 39.863052 34.496774, 39.868737 34.496547, 39.874423 34.496320, 39.880108 34.496092, 39.885794 34.495864, 39.891479 34.495636, 39.897165 34.495407, 39.902850 34.495179, 39.908535 34.494950, 39.914221 34.494721, 39.919906 34.494491, 39.925591 34.494261, 39.931277 34.494031, 39.936962 34.493801, 39.942647 34.493570, 39.948332 34.493340, 39.954017 34.493108, 39.959702 34.492877, 39.965387 34.492645, 39.971072 34.492414, 39.976757 34.492181, 39.982442 34.491949, 39.988127 34.491716, 39.993812 34.491483, 39.999497 34.491250, 40.005182 34.491017, 40.010867 34.490783, 40.016552 34.490549, 40.022236 34.490315, 40.027921 34.490080, 40.033606 34.489846, 40.039290 34.489611, 40.044975 34.489375, 40.050659 34.489140, 40.056344 34.488904, 40.062028 34.488668, 40.067713 34.488431, 40.073397 34.488195, 40.079082 34.487958, 40.084766 34.487721, 40.090451 34.487483, 40.096135 34.487246, 40.101819 34.487008, 40.107503 34.486770, 40.113188 34.486531, 40.118872 34.486292, 40.124556 34.486053, 40.130240 34.485814, 40.135924 34.485575, 40.141608 34.485335, 40.147292 34.485095, 40.152976 34.484855, 40.158660 34.484614, 40.164344 34.484373, 40.170028 34.484132, 40.175712 34.483891, 40.181396 34.483649, 40.187080 34.483407, 40.192763 34.483165, 40.198447 34.482923, 40.204131 34.482680, 40.209814 34.482437, 40.215498 34.482194, 40.221182 34.481950, 40.226865 34.481707, 40.232549 34.481463, 40.238232 34.481218, 40.243916 34.480974, 40.249599 34.480729, 40.255283 34.480484, 40.260966 34.480239, 40.266649 34.479993, 40.272333 34.479747, 40.278016 34.479501, 40.283699 34.479255, 40.289382 34.479008, 40.295065 34.478762, 40.300748 34.478514, 40.306432 34.478267, 40.312115 34.478019, 40.317798 34.477771, 40.323481 34.477523, 40.329164 34.477275, 40.334847 34.477026, 40.340529 34.476777, 40.346212 34.476528, 40.351895 34.476278, 40.357578 34.476029, 40.363261 34.475779, 40.368943 34.475528, 40.374626 34.475278, 40.380309 34.475027, 40.385991 34.474776, 40.391674 34.474524, 40.397356 34.474273, 40.403039 34.474021, 40.408721 34.473769, 40.414404 34.473516, 40.420086 34.473264, 40.425769 34.473011, 40.431451 34.472758, 40.437133 34.472504, 40.442816 34.472250, 40.448498 34.471996, 40.454180 34.471742, 40.459862 34.471488, 40.465544 34.471233, 40.471227 34.470978, 40.476909 34.470723, 40.482591 34.470467, 40.488273 34.470211, 40.493955 34.469955, 40.499637 34.469699, 40.505318 34.469442, 40.511000 34.469185, 40.516682 34.468928, 40.522364 34.468671, 40.528046 34.468413, 40.533727 34.468155, 40.539409 34.467897, 40.545091 34.467639, 40.550772 34.467380, 40.556454 34.467121, 40.562135 34.466862, 40.567817 34.466602, 40.573498 34.466342, 40.579180 34.466082, 40.584861 34.465822, 40.590543 34.465562, 40.596224 34.465301, 40.601905 34.465040, 40.607587 34.464778, 40.613268 34.464517, 40.618949 34.464255, 40.624630 34.463993, 40.630311 34.463730, 40.635992 34.463468, 40.641673 34.463205, 40.647354 34.462942, 40.653035 34.462678, 40.658716 34.462414, 40.664397 34.462150, 40.670078 34.461886, 40.675759 34.461622, 40.681440 34.461357, 40.687120 34.461092, 40.692801 34.460827, 40.698482 34.460561, 40.704162 34.460295, 40.709843 34.460029, 40.715524 34.459763, 40.721204 34.459496, 40.726885 34.459229, 40.732565 34.458962, 40.738246 34.458695, 40.743926 34.458427, 40.749606 34.458159, 40.755287 34.457891, 40.760967 34.457623, 40.766647 34.457354, 40.772327 34.457085, 40.778008 34.456816, 40.783688 34.456546, 40.789368 34.456277, 40.795048 34.456007, 40.800728 34.455736, 40.806408 34.455466, 40.812088 34.455195, 40.817768 34.454924, 40.823448 34.454653, 40.829128 34.454381, 40.834807 34.454109, 40.840487 34.453837, 40.846167 34.453565, 40.851847 34.453292, 40.857526 34.453019, 40.863206 34.452746, 40.868885 34.452473, 40.874565 34.452199, 40.880244 34.451925, 40.885924 34.451651, 40.891603 34.451376, 40.897283 34.451102, 40.902962 34.450827, 40.908641 34.450551, 40.914321 34.450276, 40.920000 34.450000, 40.925329 34.448336, 40.930658 34.446672, 40.935987 34.445008, 40.941315 34.443344, 40.946644 34.441679, 40.951972 34.440014, 40.957299 34.438349, 40.962627 34.436683, 40.967955 34.435018, 40.973282 34.433352, 40.978609 34.431686, 40.983936 34.430019, 40.989262 34.428353, 40.994588 34.426686, 40.999915 34.425019, 41.005241 34.423352, 41.010566 34.421684, 41.015892 34.420017, 41.021217 34.418349, 41.026542 34.416681, 41.031867 34.415012, 41.037192 34.413344, 41.042516 34.411675, 41.047840 34.410006, 41.053164 34.408336, 41.058488 34.406667, 41.063812 34.404997, 41.069135 34.403327, 41.074458 34.401657, 41.079781 34.399986, 41.085104 34.398316, 41.090427 34.396645, 41.095749 34.394973, 41.101071 34.393302, 41.106393 34.391630, 41.111715 34.389959, 41.117036 34.388286, 41.122358 34.386614, 41.127679 34.384942, 41.132999 34.383269, 41.138320 34.381596, 41.143640 34.379923, 41.148961 34.378249, 41.154281 34.376575, 41.159600 34.374901, 41.164920 34.373227, 41.170239 34.371553, 41.175558 34.369878, 41.180877 34.368203, 41.186196 34.366528, 41.191515 34.364853, 41.196833 34.363178, 41.202151 34.361502, 41.207469 34.359826, 41.212787 34.358150, 41.218104 34.356473, 41.223421 34.354796, 41.228738 34.353119, 41.234055 34.351442, 41.239372 34.349765, 41.244688 34.348087, 41.250004 34.346410, 41.255320 34.344731, 41.260636 34.343053, 41.265951 34.341375, 41.271267 34.339696, 41.276582 34.338017, 41.281897 34.336338, 41.287211 34.334658, 41.292526 34.332979, 41.297840 34.331299, 41.303154 34.329619, 41.308468 34.327938, 41.313781 34.326258, 41.319095 34.324577, 41.324408 34.322896, 41.329721 34.321214, 41.335034 34.319533, 41.340346 34.317851, 41.345659 34.316169, 41.350971 34.314487, 41.356283 34.312805, 41.361594 34.311122, 41.366906 34.309439, 41.372217 34.307756, 41.377528 34.306073, 41.382839 34.304389, 41.388150 34.302705, 41.393460 34.301021, 41.398770 34.299337, 41.404080 34.297652, 41.409390 34.295968, 41.414700 34.294283, 41.420009 34.292598, 41.425318 34.290912, 41.430627 34.289226, 41.435936 34.287541, 41.441244 34.285855, 41.446553 34.284168, 41.451861 34.282482, 41.457168 34.280795, 41.462476 34.279108, 41.467784 34.277421, 41.473091 34.275733, 41.478398 34.274045, 41.483705 34.272358, 41.489011 34.270669, 41.494317 34.268981, 41.499624 34.267292, 41.504930 34.265604, 41.510235 34.263914, 41.515541 34.262225, 41.520846 34.260536, 41.526151 34.258846, 41.531456 34.257156, 41.536761 34.255466, 41.542065 34.253775, 41.547369 34.252085, 41.552673 34.250394, 41.557977 34.248703, 41.563281 34.247011, 41.568584 34.245320, 41.573887 34.243628, 41.579190 34.241936, 41.584493 34.240244, 41.589796 34.238551, 41.595098 34.236858, 41.600400 34.235165, 41.605702 34.233472, 41.611004 34.231779, 41.616305 34.230085, 41.621606 34.228391, 41.626907 34.226697, 41.632208 34.225003, 41.637509 34.223308, 41.642809 34.221614, 41.648109 34.219919, 41.653409 34.218223, 41.658709 34.216528, 41.664009 34.214832, 41.669308 34.213136, 41.674607 34.211440, 41.679906 34.209744, 41.685205 34.208047, 41.690503 34.206350, 41.695801 34.204653, 41.701100 34.202956, 41.706397 34.201258, 41.711695 34.199561, 41.716992 34.197863, 41.722290 34.196165, 41.727587 34.194466, 41.732883 34.192768, 41.738180 34.191069, 41.743476 34.189370, 41.748772 34.187670, 41.754068 34.185971, 41.759364 34.184271, 41.764660 34.182571, 41.769955 34.180871, 41.775250 34.179170, 41.780545 34.177469, 41.785839 34.175769, 41.791134 34.174067, 41.796428 34.172366, 41.801722 34.170664, 41.807016 34.168963, 41.812309 34.167260, 41.817603 34.165558, 41.822896 34.163856, 41.828189 34.162153, 41.833481 34.160450, 41.838774 34.158747, 41.844066 34.157043, 41.849358 34.155340, 41.854650 34.153636, 41.859942 34.151932, 41.865233 34.150227, 41.870525 34.148523, 41.875816 34.146818, 41.881106 34.145113, 41.886397 34.143408, 41.891687 34.141702, 41.896977 34.139997, 41.902267 34.138291, 41.907557 34.136585, 41.912847 34.134878, 41.918136 34.133172, 41.923425 34.131465, 41.928714 34.129758, 41.934003 34.128050, 41.939291 34.126343, 41.944579 34.124635, 41.949867 34.122927, 41.955155 34.121219, 41.960443 34.119511, 41.965730 34.117802, 41.971017 34.116093, 41.976304 34.114384, 41.981591 34.112675, 41.986877 34.110965, 41.992164 34.109255, 41.997450 34.107545, 42.002736 34.105835, 42.008021 34.104125, 42.013307 34.102414, 42.018592 34.100703, 42.023877 34.098992, 42.029162 34.097281, 42.034446 34.095569, 42.039731 34.093857, 42.045015 34.092145, 42.050299 34.090433, 42.055583 34.088720, 42.060866 34.087008, 42.066150 34.085295, 42.071433 34.083582, 42.076716 34.081868, 42.081998 34.080155, 42.087281 34.078441, 42.092563 34.076727, 42.097845 34.075012, 42.103127 34.073298, 42.108408 34.071583, 42.113690 34.069868, 42.118971 34.068153, 42.124252 34.066438, 42.129533 34.064722, 42.134813 34.063006, 42.140094 34.061290, 42.145374 34.059574, 42.150654 34.057857, 42.155933 34.056140, 42.161213 34.054423, 42.166492 34.052706, 42.171771 34.050989, 42.177050 34.049271, 42.182328 34.047553, 42.187607 34.045835, 42.192885 34.044116, 42.198163 34.042398, 42.203441 34.040679, 42.208718 34.038960, 42.213996 34.037241, 42.219273 34.035521, 42.224550 34.033802, 42.229826 34.032082, 42.235103 34.030361, 42.240379 34.028641, 42.245655 34.026920, 42.250931 34.025200, 42.256206 34.023478, 42.261482 34.021757, 42.266757 34.020036, 42.272032 34.018314, 42.277307 34.016592, 42.282581 34.014870, 42.287856 34.013147, 42.293130 34.011425, 42.298404 34.009702, 42.303677 34.007979, 42.308951 34.006255, 42.314224 34.004532, 42.319497 34.002808, 42.324770 34.001084, 42.330043 33.999360, 42.335315 33.997635, 42.340587 33.995911, 42.345859 33.994186, 42.351131 33.992461, 42.356403 33.990735, 42.361674 33.989010, 42.366945 33.987284, 42.372216 33.985558, 42.377487 33.983832, 42.382757 33.982105, 42.388027 33.980379, 42.393297 33.978652, 42.398567 33.976925, 42.403837 33.975197, 42.409106 33.973470, 42.414375 33.971742, 42.419644 33.970014, 42.424913 33.968286, 42.430182 33.966557, 42.435450 33.964828, 42.440718 33.963099, 42.445986 33.961370, 42.451254 33.959641, 42.456521 33.957911, 42.461789 33.956181, 42.467056 33.954451, 42.472322 33.952721, 42.477589 33.950991, 42.482855 33.949260, 42.488122 33.947529, 42.493388 33.945798, 42.498653 33.944066, 42.503919 33.942335, 42.509184 33.940603, 42.514449 33.938871, 42.519714 33.937138, 42.524979 33.935406, 42.530244 33.933673, 42.535508 33.931940, 42.540772 33.930207, 42.546036 33.928474, 42.551299 33.926740, 42.556563 33.925006, 42.561826 33.923272, 42.567089 33.921538, 42.572352 33.919803, 42.577614 33.918068, 42.582877 33.916333, 42.588139 33.914598, 42.593401 33.912863, 42.598662 33.911127, 42.603924 33.909391, 42.609185 33.907655, 42.614446 33.905919, 42.619707 33.904182, 42.624968 33.902445, 42.630228 33.900708, 42.635488 33.898971, 42.640748 33.897234, 42.646008 33.895496, 42.651268 33.893758, 42.656527 33.892020, 42.661786 33.890282, 42.667045 33.888543, 42.672304 33.886804, 42.677562 33.885065, 42.682820 33.883326, 42.688078 33.881587, 42.693336 33.879847, 42.698594 33.878107, 42.703851 33.876367, 42.709108 33.874627, 42.714365 33.872886, 42.719622 33.871145, 42.724879 33.869404, 42.730135 33.867663, 42.735391 33.865921, 42.740647 33.864180, 42.745903 33.862438, 42.751158 33.860696, 42.756414 33.858953, 42.761669 33.857211, 42.766923 33.855468, 42.772178 33.853725, 42.777432 33.851982, 42.782687 33.850238, 42.787941 33.848494, 42.793194 33.846751, 42.798448 33.845006, 42.803701 33.843262, 42.808954 33.841517, 42.814207 33.839773, 42.819460 33.838028, 42.824712 33.836282, 42.829965 33.834537, 42.835217 33.832791, 42.840469 33.831045, 42.845720 33.829299, 42.850972 33.827553, 42.856223 33.825806, 42.861474 33.824059, 42.866725 33.822312, 42.871975 33.820565, 42.877225 33.818818, 42.882476 33.817070, 42.887725 33.815322, 42.892975 33.813574, 42.898225 33.811825, 42.903474 33.810077, 42.908723 33.808328, 42.913972 33.806579, 42.919220 33.804830, 42.924469 33.803080, 42.929717 33.801330, 42.934965 33.799581, 42.940213 33.797830, 42.945460 33.796080, 42.950708 33.794329, 42.955955 33.792579, 42.961202 33.790828, 42.966448 33.789076, 42.971695 33.787325, 42.976941 33.785573, 42.982187 33.783821, 42.987433 33.782069, 42.992678 33.780317, 42.997924 33.778564, 43.003169 33.776811, 43.008414 33.775058, 43.013659 33.773305, 43.018903 33.771551, 43.024148 33.769798, 43.029392 33.768044, 43.034636 33.766290, 43.039879 33.764535, 43.045123 33.762781, 43.050366 33.761026, 43.055609 33.759271, 43.060852 33.757516, 43.066094 33.755760, 43.071337 33.754004, 43.076579 33.752249, 43.081821 33.750492, 43.087063 33.748736, 43.092304 33.746979, 43.097546 33.745223, 43.102787 33.743466, 43.108028 33.741708, 43.113268 33.739951, 43.118509 33.738193, 43.123749 33.736435, 43.128989 33.734677, 43.134229 33.732919, 43.139468 33.731160, 43.144708 33.729401, 43.149947 33.727642, 43.155186 33.725883, 43.160425 33.724124, 43.165663 33.722364, 43.170901 33.720604, 43.176140 33.718844, 43.181377 33.717084, 43.186615 33.715323, 43.191853 33.713562, 43.197090 33.711801, 43.202327 33.710040, 43.207564 33.708279, 43.212800 33.706517, 43.218037 33.704755, 43.223273 33.702993, 43.228509 33.701231, 43.233744 33.699468, 43.238980 33.697705, 43.244215 33.695942, 43.249450 33.694179, 43.254685 33.692416, 43.259920 33.690652, 43.265154 33.688888, 43.270389 33.687124, 43.275623 33.685360, 43.280856 33.683595, 43.286090 33.681830, 43.291323 33.680065, 43.296556 33.678300, 43.301789 33.676535, 43.307022 33.674769, 43.312255 33.673003, 43.317487 33.671237, 43.322719 33.669471, 43.327951 33.667704, 43.333183 33.665937, 43.338414 33.664171, 43.343645 33.662403, 43.348876 33.660636, 43.354107 33.658868, 43.359338 33.657100, 43.364568 33.655332, 43.369798 33.653564, 43.375028 33.651796, 43.380258 33.650027, 43.385487 33.648258, 43.390717 33.646489, 43.395946 33.644719, 43.401174 33.642950, 43.406403 33.641180, 43.411631 33.639410, 43.416860 33.637640, 43.422088 33.635869, 43.427315 33.634098, 43.432543 33.632327, 43.437770 33.630556, 43.442998 33.628785, 43.448224 33.627013, 43.453451 33.625242, 43.458678 33.623469, 43.463904 33.621697, 43.469130 33.619925, 43.474356 33.618152, 43.479581 33.616379, 43.484807 33.614606, 43.490032 33.612833, 43.495257 33.611059, 43.500482 33.609285, 43.505706 33.607511, 43.510931 33.605737, 43.516155 33.603963, 43.521379 33.602188, 43.526602 33.600413, 43.531826 33.598638, 43.537049 33.596863, 43.542272 33.595087, 43.547495 33.593311, 43.552718 33.591535, 43.557940 33.589759, 43.563162 33.587983, 43.568384 33.586206, 43.573606 33.584429, 43.578828 33.582652, 43.584049 33.580875, 43.589270 33.579097, 43.594491 33.577320, 43.599712 33.575542, 43.604932 33.573763, 43.610152 33.571985, 43.615372 33.570206, 43.620592 33.568428, 43.625812 33.566649, 43.631031 33.564869, 43.636250 33.563090, 43.641469 33.561310, 43.646688 33.559530, 43.651907 33.557750, 43.657125 33.555970, 43.662343 33.554189, 43.667561 33.552408, 43.672779 33.550627, 43.677996 33.548846, 43.683213 33.547064, 43.688430 33.545283, 43.693647 33.543501, 43.698864 33.541719, 43.704080 33.539936, 43.709296 33.538154, 43.714512 33.536371, 43.719728 33.534588, 43.724944 33.532805, 43.730159 33.531021, 43.735374 33.529238, 43.740589 33.527454, 43.745803 33.525670, 43.751018 33.523886, 43.756232 33.522101, 43.761446 33.520316, 43.766660 33.518531, 43.771874 33.516746, 43.777087 33.514961, 43.782300 33.513175, 43.787513 33.511389, 43.792726 33.509603, 43.797938 33.507817, 43.803151 33.506031, 43.808363 33.504244, 43.813574 33.502457, 43.818786 33.500670, 43.823998 33.498882, 43.829209 33.497095, 43.834420 33.495307, 43.839631 33.493519, 43.844841 33.491731, 43.850052 33.489942, 43.855262 33.488154, 43.860472 33.486365, 43.865681 33.484576, 43.870891 33.482786, 43.876100 33.480997, 43.881309 33.479207, 43.886518 33.477417, 43.891727 33.475627, 43.896935 33.473836, 43.902143 33.472046, 43.907351 33.470255, 43.912559 33.468464, 43.917767 33.466673, 43.922974 33.464881, 43.928181 33.463089, 43.933388 33.461297, 43.938595 33.459505, 43.943801 33.457713, 43.949007 33.455920, 43.954213 33.454128, 43.959419 33.452334, 43.964625 33.450541, 43.969830 33.448748, 43.975036 33.446954, 43.980241 33.445160, 43.985445 33.443366, 43.990650 33.441572, 43.995854 33.439777, 44.001058 33.437982, 44.006262 33.436187, 44.011466 33.434392, 44.016669 33.432597, 44.021873 33.430801, 44.027076 33.429005, 44.032278 33.427209, 44.037481 33.425413, 44.042683 33.423617, 44.047886 33.421820, 44.053088 33.420023, 44.058289 33.418226, 44.063491 33.416428, 44.068692 33.414631, 44.073893 33.412833, 44.079094 33.411035, 44.084295 33.409237, 44.089495 33.407438, 44.094696 33.405640, 44.099896 33.403841, 44.105095 33.402042, 44.110295 33.400242, 44.115494 33.398443, 44.120693 33.396643, 44.125892 33.394843, 44.131091 33.393043, 44.136290 33.391242, 44.141488 33.389442, 44.146686 33.387641, 44.151884 33.385840, 44.157082 33.384039, 44.162279 33.382237, 44.167476 33.380435, 44.172673 33.378633, 44.177870 33.376831, 44.183067 33.375029, 44.188263 33.373226, 44.193459 33.371424, 44.198655 33.369621, 44.203851 33.367817, 44.209046 33.366014, 44.214242 33.364210, 44.219437 33.362406, 44.224632 33.360602, 44.229826 33.358798, 44.235021 33.356993, 44.240215 33.355189, 44.245409 33.353384, 44.250603 33.351579, 44.255796 33.349773, 44.260989 33.347968, 44.266183 33.346162, 44.271376 33.344356, 44.276568 33.342549, 44.281761 33.340743, 44.286953 33.338936, 44.292145 33.337129, 44.297337 33.335322, 44.302528 33.333515, 44.307720 33.331707, 44.312911 33.329900, 44.318102 33.328092, 44.323293 33.326283, 44.328483 33.324475, 44.333674 33.322666, 44.338864 33.320858, 44.344054 33.319049, 44.349243 33.317239, 44.354433 33.315430, 44.359622 33.313620, 44.364811 33.311810, 44.370000 33.310000, 44.368244 33.314458, 44.366488 33.318917, 44.364732 33.323375, 44.362975 33.327833, 44.361219 33.332291, 44.359462 33.336749, 44.357705 33.341207, 44.355948 33.345666, 44.354190 33.350124, 44.352433 33.354582, 44.350675 33.359040, 44.348917 33.363498, 44.347159 33.367956, 44.345401 33.372414, 44.343642 33.376872, 44.341884 33.381330, 44.340125 33.385787, 44.338366 33.390245, 44.336607 33.394703, 44.334847 33.399161, 44.333088 33.403619, 44.331328 33.408076, 44.329568 33.412534, 44.327808 33.416992, 44.326048 33.421450, 44.324288 33.425907, 44.322527 33.430365, 44.320766 33.434823, 44.319005 33.439280, 44.317244 33.443738, 44.315483 33.448195, 44.313721 33.452653, 44.311959 33.457110, 44.310198 33.461568, 44.308436 33.466025, 44.306673 33.470483, 44.304911 33.474940, 44.303148 33.479397, 44.301386 33.483855, 44.299623 33.488312, 44.297859 33.492769, 44.296096 33.497226, 44.294333 33.501684, 44.292569 33.506141, 44.290805 33.510598, 44.289041 33.515055, 44.287277 33.519512, 44.285512 33.523970, 44.283748 33.528427, 44.281983 33.532884, 44.280218 33.537341, 44.278453 33.541798, 44.276687 33.546255, 44.274922 33.550712, 44.273156 33.555169, 44.271390 33.559626, 44.269624 33.564082, 44.267858 33.568539, 44.266092 33.572996, 44.264325 33.577453, 44.262558 33.581910, 44.260791 33.586366, 44.259024 33.590823, 44.257257 33.595280, 44.255489 33.599737, 44.253722 33.604193, 44.251954 33.608650, 44.250186 33.613107, 44.248417 33.617563, 44.246649 33.622020, 44.244880 33.626476, 44.243112 33.630933, 44.241343 33.635389, 44.239574 33.639846, 44.237804 33.644302, 44.236035 33.648758, 44.234265 33.653215, 44.232495 33.657671, 44.230725 33.662128, 44.228955 33.666584, 44.227184 33.671040, 44.225414 33.675496, 44.223643 33.679953, 44.221872 33.684409, 44.220101 33.688865, 44.218329 33.693321, 44.216558 33.697777, 44.214786 33.702233, 44.213014 33.706690, 44.211242 33.711146, 44.209470 33.715602, 44.207697 33.720058, 44.205925 33.724514, 44.204152 33.728970, 44.202379 33.733425, 44.200606 33.737881, 44.198832 33.742337, 44.197059 33.746793, 44.195285 33.751249, 44.193511 33.755705, 44.191737 33.760161, 44.189963 33.764616, 44.188188 33.769072, 44.186413 33.773528, 44.184638 33.777983, 44.182863 33.782439, 44.181088 33.786895, 44.179313 33.791350, 44.177537 33.795806, 44.175761 33.800261, 44.173985 33.804717, 44.172209 33.809172, 44.170433 33.813628, 44.168656 33.818083, 44.166880 33.822539, 44.165103 33.826994, 44.163326 33.831450, 44.161548 33.835905, 44.159771 33.840360, 44.157993 33.844815, 44.156216 33.849271, 44.154438 33.853726, 44.152659 33.858181, 44.150881 33.862636, 44.149102 33.867092, 44.147324 33.871547, 44.145545 33.876002, 44.143766 33.880457, 44.141986 33.884912, 44.140207 33.889367, 44.138427 33.893822, 44.136647 33.898277, 44.134867 33.902732, 44.133087 33.907187, 44.131307 33.911642, 44.129526 33.916097, 44.127745 33.920552, 44.125964 33.925006, 44.124183 33.929461, 44.122402 33.933916, 44.120620 33.938371, 44.118838 33.942825, 44.117057 33.947280, 44.115274 33.951735, 44.113492 33.956190, 44.111710 33.960644, 44.109927 33.965099, 44.108144 33.969553, 44.106361 33.974008, 44.104578 33.978462, 44.102795 33.982917, 44.101011 33.987371, 44.099227 33.991826, 44.097443 33.996280, 44.095659 34.000735, 44.093875 34.005189, 44.092090 34.009643, 44.090305 34.014098, 44.088521 34.018552, 44.086735 34.023006, 44.084950 34.027460, 44.083165 34.031915, 44.081379 34.036369, 44.079593 34.040823, 44.077807 34.045277, 44.076021 34.049731, 44.074235 34.054185, 44.072448 34.058639, 44.070661 34.063093, 44.068874 34.067547, 44.067087 34.072001, 44.065300 34.076455, 44.063512 34.080909, 44.061724 34.085363, 44.059937 34.089817, 44.058148 34.094271, 44.056360 34.098725, 44.054572 34.103179, 44.052783 34.107632, 44.050994 34.112086, 44.049205 34.116540, 44.047416 34.120994, 44.045627 34.125447, 44.043837 34.129901, 44.042047 34.134355, 44.040257 34.138808, 44.038467 34.143262, 44.036677 34.147715, 44.034886 34.152169, 44.033095 34.156622, 44.031304 34.161076, 44.029513 34.165529, 44.027722 34.169983, 44.025931 34.174436, 44.024139 34.178889, 44.022347 34.183343, 44.020555 34.187796, 44.018763 34.192249, 44.016970 34.196702, 44.015178 34.201156, 44.013385 34.205609, 44.011592 34.210062, 44.009799 34.214515, 44.008005 34.218968, 44.006212 34.223421, 44.004418 34.227875, 44.002624 34.232328, 44.000830 34.236781, 43.999036 34.241234, 43.997241 34.245687, 43.995446 34.250140, 43.993651 34.254592, 43.991856 34.259045, 43.990061 34.263498, 43.988266 34.267951, 43.986470 34.272404, 43.984674 34.276857, 43.982878 34.281309, 43.981082 34.285762, 43.979285 34.290215, 43.977489 34.294668, 43.975692 34.299120, 43.973895 34.303573, 43.972098 34.308025, 43.970300 34.312478, 43.968503 34.316931, 43.966705 34.321383, 43.964907 34.325836, 43.963109 34.330288, 43.961311 34.334740, 43.959512 34.339193, 43.957713 34.343645, 43.955915 34.348098, 43.954115 34.352550, 43.952316 34.357002, 43.950517 34.361455, 43.948717 34.365907, 43.946917 34.370359, 43.945117 34.374811, 43.943317 34.379263, 43.941516 34.383716, 43.939716 34.388168, 43.937915 34.392620, 43.936114 34.397072, 43.934313 34.401524, 43.932511 34.405976, 43.930710 34.410428, 43.928908 34.414880, 43.927106 34.419332, 43.925304 34.423784, 43.923502 34.428236, 43.921699 34.432688, 43.919896 34.437139, 43.918093 34.441591, 43.916290 34.446043, 43.914487 34.450495, 43.912683 34.454947, 43.910880 34.459398, 43.909076 34.463850, 43.907272 34.468302, 43.905468 34.472753, 43.903663 34.477205, 43.901858 34.481656, 43.900054 34.486108, 43.898249 34.490559, 43.896443 34.495011, 43.894638 34.499462, 43.892832 34.503914, 43.891026 34.508365, 43.889220 34.512817, 43.887414 34.517268, 43.885608 34.521719, 43.883801 34.526171, 43.881994 34.530622, 43.880188 34.535073, 43.878380 34.539524, 43.876573 34.543976, 43.874765 34.548427, 43.872958 34.552878, 43.871150 34.557329, 43.869342 34.561780, 43.867533 34.566231, 43.865725 34.570682, 43.863916 34.575133, 43.862107 34.579584, 43.860298 34.584035, 43.858489 34.588486, 43.856679 34.592937, 43.854870 34.597388, 43.853060 34.601839, 43.851250 34.606290, 43.849439 34.610740, 43.847629 34.615191, 43.845818 34.619642, 43.844007 34.624093, 43.842196 34.628543, 43.840385 34.632994, 43.838574 34.637445, 43.836762 34.641895, 43.834950 34.646346, 43.833138 34.650796, 43.831326 34.655247, 43.829514 34.659698, 43.827701 34.664148, 43.825888 34.668598, 43.824075 34.673049, 43.822262 34.677499, 43.820449 34.681950, 43.818635 34.686400, 43.816821 34.690850, 43.815008 34.695301, 43.813193 34.699751, 43.811379 34.704201, 43.809564 34.708651, 43.807750 34.713101, 43.805935 34.717552, 43.804120 34.722002, 43.802304 34.726452, 43.800489 34.730902, 43.798673 34.735352, 43.796857 34.739802, 43.795041 34.744252, 43.793225 34.748702, 43.791408 34.753152, 43.789592 34.757602, 43.787775 34.762052, 43.785958 34.766502, 43.784140 34.770951, 43.782323 34.775401, 43.780505 34.779851, 43.778687 34.784301, 43.776869 34.788751, 43.775051 34.793200, 43.773233 34.797650, 43.771414 34.802100, 43.769595 34.806549, 43.767776 34.810999, 43.765957 34.815448, 43.764137 34.819898, 43.762318 34.824347, 43.760498 34.828797, 43.758678 34.833246, 43.756858 34.837696, 43.755037 34.842145, 43.753217 34.846594, 43.751396 34.851044, 43.749575 34.855493, 43.747753 34.859942, 43.745932 34.864392, 43.744110 34.868841, 43.742289 34.873290, 43.740467 34.877739, 43.738644 34.882189, 43.736822 34.886638, 43.734999 34.891087, 43.733177 34.895536, 43.731354 34.899985, 43.729531 34.904434, 43.727707 34.908883, 43.725884 34.913332, 43.724060 34.917781, 43.722236 34.922230, 43.720412 34.926679, 43.718587 34.931127, 43.716763 34.935576, 43.714938 34.940025, 43.713113 34.944474, 43.711288 34.948923, 43.709462 34.953371, 43.707637 34.957820, 43.705811 34.962269, 43.703985 34.966717, 43.702159 34.971166, 43.700333 34.975615, 43.698506 34.980063, 43.696679 34.984512, 43.694852 34.988960, 43.693025 34.993409, 43.691198 34.997857, 43.689370 35.002305, 43.687543 35.006754, 43.685715 35.011202, 43.683887 35.015651, 43.682058 35.020099, 43.680230 35.024547, 43.678401 35.028995, 43.676572 35.033444, 43.674743 35.037892, 43.672914 35.042340, 43.671084 35.046788, 43.669254 35.051236, 43.667424 35.055684, 43.665594 35.060132, 43.663764 35.064580, 43.661933 35.069028, 43.660103 35.073476, 43.658272 35.077924, 43.656441 35.082372, 43.654609 35.086820, 43.652778 35.091268, 43.650946 35.095716, 43.649114 35.100164, 43.647282 35.104612, 43.645450 35.109059, 43.643617 35.113507, 43.641784 35.117955, 43.639951 35.122402, 43.638118 35.126850, 43.636285 35.131298, 43.634451 35.135745, 43.632618 35.140193, 43.630784 35.144640, 43.628950 35.149088, 43.627115 35.153535, 43.625281 35.157983, 43.623446 35.162430, 43.621611 35.166878, 43.619776 35.171325, 43.617941 35.175772, 43.616105 35.180220, 43.614269 35.184667, 43.612433 35.189114, 43.610597 35.193561, 43.608761 35.198009, 43.606924 35.202456, 43.605088 35.206903, 43.603251 35.211350, 43.601414 35.215797, 43.599576 35.220244, 43.597739 35.224691, 43.595901 35.229138, 43.594063 35.233585, 43.592225 35.238032, 43.590387 35.242479, 43.588548 35.246926, 43.586709 35.251373, 43.584870 35.255820, 43.583031 35.260267, 43.581192 35.264713, 43.579352 35.269160, 43.577512 35.273607, 43.575672 35.278054, 43.573832 35.282500, 43.571992 35.286947, 43.570151 35.291394, 43.568311 35.295840, 43.566470 35.300287, 43.564628 35.304733, 43.562787 35.309180, 43.560945 35.313626, 43.559104 35.318073, 43.557262 35.322519, 43.555419 35.326966, 43.553577 35.331412, 43.551734 35.335858, 43.549892 35.340305, 43.548049 35.344751, 43.546205 35.349197, 43.544362 35.353643, 43.542518 35.358090, 43.540675 35.362536, 43.538831 35.366982, 43.536986 35.371428, 43.535142 35.375874, 43.533297 35.380320, 43.531453 35.384766, 43.529607 35.389212, 43.527762 35.393658, 43.525917 35.398104, 43.524071 35.402550, 43.522225 35.406996, 43.520379 35.411442, 43.518533 35.415888, 43.516687 35.420334, 43.514840 35.424779, 43.512993 35.429225, 43.511146 35.433671, 43.509299 35.438117, 43.507451 35.442562, 43.505603 35.447008, 43.503756 35.451453, 43.501908 35.455899, 43.500059 35.460345, 43.498211 35.464790, 43.496362 35.469236, 43.494513 35.473681, 43.492664 35.478127, 43.490815 35.482572, 43.488965 35.487017, 43.487115 35.491463, 43.485266 35.495908, 43.483415 35.500353, 43.481565 35.504799, 43.479714 35.509244, 43.477864 35.513689, 43.476013 35.518134, 43.474162 35.522579, 43.472310 35.527025, 43.470459 35.531470, 43.468607 35.535915, 43.466755 35.540360, 43.464903 35.544805, 43.463050 35.549250, 43.461198 35.553695, 43.459345 35.558140, 43.457492 35.562585, 43.455639 35.567030, 43.453785 35.571474, 43.451932 35.575919, 43.450078 35.580364, 43.448224 35.584809, 43.446370 35.589254, 43.444515 35.593698, 43.442660 35.598143, 43.440806 35.602588, 43.438951 35.607032, 43.437095 35.611477, 43.435240 35.615921, 43.433384 35.620366, 43.431528 35.624810, 43.429672 35.629255, 43.427816 35.633699, 43.425959 35.638144, 43.424103 35.642588, 43.422246 35.647033, 43.420389 35.651477, 43.418531 35.655921, 43.416674 35.660365, 43.414816 35.664810, 43.412958 35.669254, 43.411100 35.673698, 43.409241 35.678142, 43.407383 35.682586, 43.405524 35.687031, 43.403665 35.691475, 43.401806 35.695919, 43.399946 35.700363, 43.398087 35.704807, 43.396227 35.709251, 43.394367 35.713695, 43.392507 35.718139, 43.390646 35.722582, 43.388786 35.727026, 43.386925 35.731470, 43.385064 35.735914, 43.383202 35.740358, 43.381341 35.744801, 43.379479 35.749245, 43.377617 35.753689, 43.375755 35.758132, 43.373893 35.762576, 43.372030 35.767020, 43.370168 35.771463, 43.368305 35.775907, 43.366442 35.780350, 43.364578 35.784794, 43.362715 35.789237, 43.360851 35.793681, 43.358987 35.798124, 43.357123 35.802567, 43.355258 35.807011, 43.353394 35.811454, 43.351529 35.815897, 43.349664 35.820341, 43.347799 35.824784, 43.345933 35.829227, 43.344068 35.833670, 43.342202 35.838113, 43.340336 35.842556, 43.338469 35.847000, 43.336603 35.851443, 43.334736 35.855886, 43.332869 35.860329, 43.331002 35.864772, 43.329135 35.869214, 43.327267 35.873657, 43.325400 35.878100, 43.323532 35.882543, 43.321664 35.886986, 43.319795 35.891429, 43.317927 35.895871, 43.316058 35.900314, 43.314189 35.904757, 43.312320 35.909200, 43.310450 35.913642, 43.308581 35.918085, 43.306711 35.922527, 43.304841 35.926970, 43.302970 35.931413, 43.301100 35.935855, 43.299229 35.940297, 43.297358 35.944740, 43.295487 35.949182, 43.293616 35.953625, 43.291744 35.958067, 43.289873 35.962509, 43.288001 35.966952, 43.286129 35.971394, 43.284256 35.975836, 43.282384 35.980278, 43.280511 35.984721, 43.278638 35.989163, 43.276765 35.993605, 43.274891 35.998047, 43.273018 36.002489, 43.271144 36.006931, 43.269270 36.011373, 43.267396 36.015815, 43.265521 36.020257, 43.263646 36.024699, 43.261771 36.029141, 43.259896 36.033583, 43.258021 36.038024, 43.256145 36.042466, 43.254270 36.046908, 43.252394 36.051350, 43.250518 36.055792, 43.248641 36.060233, 43.246765 36.064675, 43.244888 36.069116, 43.243011 36.073558, 43.241134 36.078000, 43.239256 36.082441, 43.237379 36.086883, 43.235501 36.091324, 43.233623 36.095766, 43.231744 36.100207, 43.229866 36.104648, 43.227987 36.109090, 43.226108 36.113531, 43.224229 36.117972, 43.222350 36.122414, 43.220470 36.126855, 43.218590 36.131296, 43.216710 36.135737, 43.214830 36.140179, 43.212950 36.144620, 43.211069 36.149061, 43.209188 36.153502, 43.207307 36.157943, 43.205426 36.162384, 43.203545 36.166825, 43.201663 36.171266, 43.199781 36.175707, 43.197899 36.180148, 43.196016 36.184588, 43.194134 36.189029, 43.192251 36.193470, 43.190368 36.197911, 43.188485 36.202352, 43.186602 36.206792, 43.184718 36.211233, 43.182834 36.215674, 43.180950 36.220114, 43.179066 36.224555, 43.177181 36.228995, 43.175297 36.233436, 43.173412 36.237876, 43.171527 36.242317, 43.169641 36.246757, 43.167756 36.251198, 43.165870 36.255638, 43.163984 36.260079, 43.162098 36.264519, 43.160212 36.268959, 43.158325 36.273399, 43.156438 36.277840, 43.154551 36.282280, 43.152664 36.286720, 43.150776 36.291160, 43.148889 36.295600, 43.147001 36.300040, 43.145113 36.304481, 43.143224 36.308921, 43.141336 36.313361, 43.139447 36.317801, 43.137558 36.322241, 43.135669 36.326680, 43.133779 36.331120, 43.131890 36.335560, 43.130000 36.340000, 43.124185 36.340379, 43.118370 36.340757, 43.112554 36.341135, 43.106739 36.341513, 43.100924 36.341891, 43.095108 36.342268, 43.089293 36.342645, 43.083478 36.343022, 43.077662 36.343398, 43.071846 36.343775, 43.066031 36.344150, 43.060215 36.344526, 43.054399 36.344901, 43.048583 36.345276, 43.042767 36.345651, 43.036951 36.346026, 43.031135 36.346400, 43.025319 36.346774, 43.019503 36.347148, 43.013687 36.347521, 43.007871 36.347894, 43.002055 36.348267, 42.996238 36.348639, 42.990422 36.349012, 42.984605 36.349384, 42.978789 36.349755, 42.972972 36.350127, 42.967156 36.350498, 42.961339 36.350869, 42.955522 36.351239, 42.949705 36.351609, 42.943889 36.351979, 42.938072 36.352349, 42.932255 36.352718, 42.926438 36.353088, 42.920621 36.353456, 42.914803 36.353825, 42.908986 36.354193, 42.903169 36.354561, 42.897352 36.354929, 42.891534 36.355296, 42.885717 36.355664, 42.879900 36.356031, 42.874082 36.356397, 42.868265 36.356763, 42.862447 36.357130, 42.856629 36.357495, 42.850812 36.357861, 42.844994 36.358226, 42.839176 36.358591, 42.833358 36.358955, 42.827540 36.359320, 42.821722 36.359684, 42.815904 36.360048, 42.810086 36.360411, 42.804268 36.360774, 42.798450 36.361137, 42.792631 36.361500, 42.786813 36.361862, 42.780995 36.362224, 42.775176 36.362586, 42.769358 36.362948, 42.763539 36.363309, 42.757720 36.363670, 42.751902 36.364031, 42.746083 36.364391, 42.740264 36.364751, 42.734446 36.365111, 42.728627 36.365471, 42.722808 36.365830, 42.716989 36.366189, 42.711170 36.366547, 42.705351 36.366906, 42.699532 36.367264, 42.693712 36.367622, 42.687893 36.367979, 42.682074 36.368337, 42.676255 36.368694, 42.670435 36.369050, 42.664616 36.369407, 42.658796 36.369763, 42.652977 36.370119, 42.647157 36.370475, 42.641337 36.370830, 42.635518 36.371185, 42.629698 36.371540, 42.623878 36.371894, 42.618058 36.372248, 42.612238 36.372602, 42.606418 36.372956, 42.600598 36.373309, 42.594778 36.373662, 42.588958 36.374015, 42.583138 36.374368, 42.577317 36.374720, 42.571497 36.375072, 42.565677 36.375423, 42.559856 36.375775, 42.554036 36.376126, 42.548215 36.376477, 42.542395 36.376827, 42.536574 36.377177, 42.530754 36.377527, 42.524933 36.377877, 42.519112 36.378226, 42.513291 36.378575, 42.507470 36.378924, 42.501649 36.379273, 42.495828 36.379621, 42.490007 36.379969, 42.484186 36.380317, 42.478365 36.380664, 42.472544 36.381011, 42.466723 36.381358, 42.460901 36.381705, 42.455080 36.382051, 42.449259 36.382397, 42.443437 36.382743, 42.437616 36.383088, 42.431794 36.383433, 42.425973 36.383778, 42.420151 36.384123, 42.414329 36.384467, 42.408508 36.384811, 42.402686 36.385155, 42.396864 36.385498, 42.391042 36.385841, 42.385220 36.386184, 42.379398 36.386527, 42.373576 36.386869, 42.367754 36.387211, 42.361932 36.387553, 42.356109 36.387895, 42.350287 36.388236, 42.344465 36.388577, 42.338642 36.388917, 42.332820 36.389258, 42.326997 36.389598, 42.321175 36.389937, 42.315352 36.390277, 42.309530 36.390616, 42.303707 36.390955, 42.297884 36.391294, 42.292062 36.391632, 42.286239 36.391970, 42.280416 36.392308, 42.274593 36.392646, 42.268770 36.392983, 42.262947 36.393320, 42.257124 36.393656, 42.251301 36.393993, 42.245477 36.394329, 42.239654 36.394665, 42.233831 36.395000, 42.228008 36.395336, 42.222184 36.395671, 42.216361 36.396005, 42.210537 36.396340, 42.204714 36.396674, 42.198890 36.397008, 42.193067 36.397341, 42.187243 36.397674, 42.181419 36.398007, 42.175595 36.398340, 42.169771 36.398673, 42.163948 36.399005, 42.158124 36.399337, 42.152300 36.399668, 42.146476 36.400000, 42.140652 36.400331, 42.134827 36.400661, 42.129003 36.400992, 42.123179 36.401322, 42.117355 36.401652, 42.111530 36.401981, 42.105706 36.402311, 42.099882 36.402640, 42.094057 36.402969, 42.088233 36.403297, 42.082408 36.403625, 42.076583 36.403953, 42.070759 36.404281, 42.064934 36.404608, 42.059109 36.404935, 42.053284 36.405262, 42.047459 36.405588, 42.041635 36.405915, 42.035810 36.406241, 42.029985 36.406566, 42.024159 36.406892, 42.018334 36.407217, 42.012509 36.407541, 42.006684 36.407866, 42.000859 36.408190, 41.995033 36.408514, 41.989208 36.408838, 41.983383 36.409161, 41.977557 36.409484, 41.971732 36.409807, 41.965906 36.410130, 41.960081 36.410452, 41.954255 36.410774, 41.948429 36.411096, 41.942603 36.411417, 41.936778 36.411738, 41.930952 36.412059, 41.925126 36.412379, 41.919300 36.412700, 41.913474 36.413020, 41.907648 36.413339, 41.901822 36.413659, 41.895996 36.413978, 41.890170 36.414297, 41.884343 36.414615, 41.878517 36.414934, 41.872691 36.415252, 41.866864 36.415569, 41.861038 36.415887, 41.855211 36.416204, 41.849385 36.416521, 41.843558 36.416838, 41.837732 36.417154, 41.831905 36.417470, 41.826078 36.417786, 41.820252 36.418101, 41.814425 36.418416, 41.808598 36.418731, 41.802771 36.419046, 41.796944 36.419360, 41.791117 36.419674, 41.785290 36.419988, 41.779463 36.420301, 41.773636 36.420615, 41.767809 36.420927, 41.761981 36.421240, 41.756154 36.421552, 41.750327 36.421864, 41.744500 36.422176, 41.738672 36.422488, 41.732845 36.422799, 41.727017 36.423110, 41.721190 36.423421, 41.715362 36.423731, 41.709534 36.424041, 41.703707 36.424351, 41.697879 36.424660, 41.692051 36.424970, 41.686223 36.425278, 41.680395 36.425587, 41.674568 36.425896, 41.668740 36.426204, 41.662912 36.426511, 41.657083 36.426819, 41.651255 36.427126, 41.645427 36.427433, 41.639599 36.427740, 41.633771 36.428046, 41.627942 36.428352, 41.622114 36.428658, 41.616286 36.428964, 41.610457 36.429269, 41.604629 36.429574, 41.598800 36.429879, 41.592972 36.430183, 41.587143 36.430487, 41.581315 36.430791, 41.575486 36.431095, 41.569657 36.431398, 41.563828 36.431701, 41.557999 36.432004, 41.552171 36.432306, 41.546342 36.432608, 41.540513 36.432910, 41.534684 36.433212, 41.528855 36.433513, 41.523025 36.433814, 41.517196 36.434115, 41.511367 36.434415, 41.505538 36.434715, 41.499709 36.435015, 41.493879 36.435315, 41.488050 36.435614, 41.482220 36.435913, 41.476391 36.436212, 41.470561 36.436510, 41.464732 36.436809, 41.458902 36.437106, 41.453073 36.437404, 41.447243 36.437701, 41.441413 36.437998, 41.435583 36.438295, 41.429754 36.438592, 41.423924 36.438888, 41.418094 36.439184, 41.412264 36.439479, 41.406434 36.439775, 41.400604 36.440070, 41.394774 36.440365, 41.388943 36.440659, 41.383113 36.440953, 41.377283 36.441247, 41.371453 36.441541, 41.365622 36.441834, 41.359792 36.442127, 41.353962 36.442420, 41.348131 36.442713, 41.342301 36.443005, 41.336470 36.443297, 41.330640 36.443588, 41.324809 36.443880, 41.318978 36.444171, 41.313148 36.444462, 41.307317 36.444752, 41.301486 36.445043, 41.295655 36.445332, 41.289824 36.445622, 41.283993 36.445912, 41.278162 36.446201, 41.272331 36.446490, 41.266500 36.446778, 41.260669 36.447066, 41.254838 36.447354, 41.249007 36.447642, 41.243176 36.447929, 41.237344 36.448216, 41.231513 36.448503, 41.225682 36.448790, 41.219850 36.449076, 41.214019 36.449362, 41.208187 36.449648, 41.202356 36.449933, 41.196524 36.450218, 41.190693 36.450503, 41.184861 36.450788, 41.179029 36.451072, 41.173198 36.451356, 41.167366 36.451640, 41.161534 36.451923, 41.155702 36.452206, 41.149870 36.452489, 41.144038 36.452772, 41.138206 36.453054, 41.132374 36.453336, 41.126542 36.453618, 41.120710 36.453899, 41.114878 36.454181, 41.109045 36.454461, 41.103213 36.454742, 41.097381 36.455022, 41.091549 36.455302, 41.085716 36.455582, 41.079884 36.455862, 41.074051 36.456141, 41.068219 36.456420, 41.062386 36.456698, 41.056554 36.456977, 41.050721 36.457255, 41.044888 36.457532, 41.039056 36.457810, 41.033223 36.458087, 41.027390 36.458364, 41.021557 36.458641, 41.015724 36.458917, 41.009891 36.459193, 41.004058 36.459469, 40.998225 36.459744, 40.992392 36.460020, 40.986559 36.460294, 40.980726 36.460569, 40.974893 36.460843, 40.969060 36.461118, 40.963226 36.461391, 40.957393 36.461665, 40.951560 36.461938, 40.945726 36.462211, 40.939893 36.462484, 40.934060 36.462756, 40.928226 36.463028, 40.922392 36.463300, 40.916559 36.463571, 40.910725 36.463843, 40.904892 36.464114, 40.899058 36.464384, 40.893224 36.464655, 40.887390 36.464925, 40.881556 36.465195, 40.875723 36.465464, 40.869889 36.465733, 40.864055 36.466002, 40.858221 36.466271, 40.852387 36.466539, 40.846553 36.466807, 40.840719 36.467075, 40.834884 36.467343, 40.829050 36.467610, 40.823216 36.467877, 40.817382 36.468144, 40.811547 36.468410, 40.805713 36.468676, 40.799879 36.468942, 40.794044 36.469208, 40.788210 36.469473, 40.782375 36.469738, 40.776541 36.470003, 40.770706 36.470267, 40.764871 36.470531, 40.759037 36.470795, 40.753202 36.471059, 40.747367 36.471322, 40.741532 36.471585, 40.735698 36.471848, 40.729863 36.472110, 40.724028 36.472372, 40.718193 36.472634, 40.712358 36.472896, 40.706523 36.473157, 40.700688 36.473418, 40.694853 36.473679, 40.689018 36.473939, 40.683182 36.474199, 40.677347 36.474459, 40.671512 36.474719, 40.665677 36.474978, 40.659841 36.475237, 40.654006 36.475496, 40.648170 36.475754, 40.642335 36.476012, 40.636499 36.476270, 40.630664 36.476528, 40.624828 36.476785, 40.618993 36.477042, 40.613157 36.477299, 40.607321 36.477555, 40.601486 36.477812, 40.595650 36.478068, 40.589814 36.478323, 40.583978 36.478578, 40.578142 36.478834, 40.572306 36.479088, 40.566470 36.479343, 40.560634 36.479597, 40.554798 36.479851, 40.548962 36.480105, 40.543126 36.480358, 40.537290 36.480611, 40.531454 36.480864, 40.525618 36.481116, 40.519781 36.481368, 40.513945 36.481620, 40.508109 36.481872, 40.502272 36.482123, 40.496436 36.482374, 40.490599 36.482625, 40.484763 36.482876, 40.478926 36.483126, 40.473090 36.483376, 40.467253 36.483625, 40.461417 36.483875, 40.455580 36.484124, 40.449743 36.484373, 40.443906 36.484621, 40.438070 36.484869, 40.432233 36.485117, 40.426396 36.485365, 40.420559 36.485612, 40.414722 36.485859, 40.408885 36.486106, 40.403048 36.486353, 40.397211 36.486599, 40.391374 36.486845, 40.385537 36.487091, 40.379700 36.487336, 40.373862 36.487581, 40.368025 36.487826, 40.362188 36.488070, 40.356350 36.488315, 40.350513 36.488559, 40.344676 36.488802, 40.338838 36.489046, 40.333001 36.489289, 40.327163 36.489532, 40.321326 36.489774, 40.315488 36.490016, 40.309651 36.490258, 40.303813 36.490500, 40.297975 36.490741, 40.292138 36.490983, 40.286300 36.491223, 40.280462 36.491464, 40.274624 36.491704, 40.268786 36.491944, 40.262948 36.492184, 40.257111 36.492423, 40.251273 36.492662, 40.245435 36.492901, 40.239597 36.493140, 40.233758 36.493378, 40.227920 36.493616, 40.222082 36.493854, 40.216244 36.494091, 40.210406 36.494328, 40.204567 36.494565, 40.198729 36.494802, 40.192891 36.495038, 40.187052 36.495274, 40.181214 36.495510, 40.175376 36.495745, 40.169537 36.495980, 40.163699 36.496215, 40.157860 36.496450, 40.152022 36.496684, 40.146183 36.496918, 40.140344 36.497152, 40.134506 36.497385, 40.128667 36.497618, 40.122828 36.497851, 40.116989 36.498084, 40.111151 36.498316, 40.105312 36.498548, 40.099473 36.498780, 40.093634 36.499011, 40.087795 36.499242, 40.081956 36.499473, 40.076117 36.499704, 40.070278 36.499934, 40.064439 36.500164, 40.058600 36.500394, 40.052760 36.500623, 40.046921 36.500853, 40.041082 36.501081, 40.035243 36.501310, 40.029403 36.501538, 40.023564 36.501766, 40.017725 36.501994, 40.011885 36.502222, 40.006046 36.502449, 40.000206 36.502676, 39.994367 36.502902, 39.988527 36.503129, 39.982688 36.503355, 39.976848 36.503580, 39.971008 36.503806, 39.965169 36.504031, 39.959329 36.504256, 39.953489 36.504481, 39.947649 36.504705, 39.941810 36.504929, 39.935970 36.505153, 39.930130 36.505376, 39.924290 36.505599, 39.918450 36.505822, 39.912610 36.506045, 39.906770 36.506267, 39.900930 36.506489, 39.895090 36.506711, 39.889250 36.506932, 39.883409 36.507154, 39.877569 36.507375, 39.871729 36.507595, 39.865889 36.507816, 39.860048 36.508036, 39.854208 36.508255, 39.848368 36.508475, 39.842527 36.508694, 39.836687 36.508913, 39.830847 36.509132, 39.825006 36.509350, 39.819166 36.509568, 39.813325 36.509786, 39.807484 36.510003, 39.801644 36.510221, 39.795803 36.510438, 39.789962 36.510654, 39.784122 36.510871, 39.778281 36.511087, 39.772440 36.511302, 39.766599 36.511518, 39.760758 36.511733, 39.754918 36.511948, 39.749077 36.512163, 39.743236 36.512377, 39.737395 36.512591, 39.731554 36.512805, 39.725713 36.513018, 39.719872 36.513232, 39.714031 36.513445, 39.708189 36.513657, 39.702348 36.513870, 39.696507 36.514082, 39.690666 36.514294, 39.684824 36.514505, 39.678983 36.514716, 39.673142 36.514927, 39.667300 36.515138, 39.661459 36.515348, 39.655618 36.515558, 39.649776 36.515768, 39.643935 36.515978, 39.638093 36.516187, 39.632252 36.516396, 39.626410 36.516605, 39.620568 36.516813, 39.614727 36.517021, 39.608885 36.517229, 39.603043 36.517436, 39.597202 36.517644, 39.591360 36.517851, 39.585518 36.518057, 39.579676 36.518264, 39.573834 36.518470, 39.567992 36.518676, 39.562151 36.518881, 39.556309 36.519086, 39.550467 36.519291, 39.544625 36.519496, 39.538783 36.519700, 39.532940 36.519905, 39.527098 36.520108, 39.521256 36.520312, 39.515414 36.520515, 39.509572 36.520718, 39.503730 36.520921, 39.497887 36.521123, 39.492045 36.521325, 39.486203 36.521527, 39.480360 36.521729, 39.474518 36.521930, 39.468675 36.522131, 39.462833 36.522332, 39.456991 36.522532, 39.451148 36.522732, 39.445305 36.522932, 39.439463 36.523132, 39.433620 36.523331, 39.427778 36.523530, 39.421935 36.523729, 39.416092 36.523927, 39.410250 36.524125, 39.404407 36.524323, 39.398564 36.524521, 39.392721 36.524718, 39.386878 36.524915, 39.381036 36.525111, 39.375193 36.525308, 39.369350 36.525504, 39.363507 36.525700, 39.357664 36.525895, 39.351821 36.526091, 39.345978 36.526286, 39.340135 36.526480, 39.334291 36.526675, 39.328448 36.526869, 39.322605 36.527063, 39.316762 36.527256, 39.310919 36.527450, 39.305076 36.527643, 39.299232 36.527835, 39.293389 36.528028, 39.287546 36.528220, 39.281702 36.528412, 39.275859 36.528603, 39.270015 36.528795, 39.264172 36.528986, 39.258328 36.529176, 39.252485 36.529367, 39.246641 36.529557, 39.240798 36.529747, 39.234954 36.529936, 39.229111 36.530126, 39.223267 36.530315, 39.217423 36.530503, 39.211579 36.530692, 39.205736 36.530880, 39.199892 36.531068, 39.194048 36.531256, 39.188204 36.531443, 39.182360 36.531630, 39.176517 36.531817, 39.170673 36.532003, 39.164829 36.532189, 39.158985 36.532375, 39.153141 36.532561, 39.147297 36.532746, 39.141453 36.532931, 39.135609 36.533116, 39.129765 36.533300, 39.123920 36.533484, 39.118076 36.533668, 39.112232 36.533852, 39.106388 36.534035, 39.100544 36.534218, 39.094699 36.534401, 39.088855 36.534583, 39.083011 36.534765, 39.077166 36.534947, 39.071322 36.535129, 39.065477 36.535310, 39.059633 36.535491, 39.053789 36.535672, 39.047944 36.535852, 39.042100 36.536033, 39.036255 36.536212, 39.030410 36.536392, 39.024566 36.536571, 39.018721 36.536750, 39.012877 36.536929, 39.007032 36.537108, 39.001187 36.537286, 38.995342 36.537464, 38.989498 36.537641, 38.983653 36.537819, 38.977808 36.537996, 38.971963 36.538172, 38.966118 36.538349, 38.960273 36.538525, 38.954428 36.538701, 38.948583 36.538877, 38.942739 36.539052, 38.936894 36.539227, 38.931048 36.539402, 38.925203 36.539576, 38.919358 36.539750, 38.913513 36.539924, 38.907668 36.540098, 38.901823 36.540271, 38.895978 36.540444, 38.890133 36.540617, 38.884287 36.540789, 38.878442 36.540962, 38.872597 36.541133, 38.866751 36.541305, 38.860906 36.541476, 38.855061 36.541647, 38.849215 36.541818, 38.843370 36.541989, 38.837524 36.542159, 38.831679 36.542329, 38.825833 36.542498, 38.819988 36.542668, 38.814142 36.542837, 38.808297 36.543006, 38.802451 36.543174, 38.796606 36.543342, 38.790760 36.543510, 38.784914 36.543678, 38.779068 36.543845, 38.773223 36.544012, 38.767377 36.544179, 38.761531 36.544345, 38.755685 36.544512, 38.749840 36.544677, 38.743994 36.544843, 38.738148 36.545008, 38.732302 36.545173, 38.726456 36.545338, 38.720610 36.545503, 38.714764 36.545667, 38.708918 36.545831, 38.703072 36.545994, 38.697226 36.546158, 38.691380 36.546321, 38.685534 36.546484, 38.679688 36.546646, 38.673841 36.546808, 38.667995 36.546970, 38.662149 36.547132, 38.656303 36.547293, 38.650457 36.547454, 38.644610 36.547615, 38.638764 36.547775, 38.632918 36.547936, 38.627071 36.548096, 38.621225 36.548255, 38.615379 36.548415, 38.609532 36.548574, 38.603686 36.548732, 38.597839 36.548891, 38.591993 36.549049, 38.586146 36.549207, 38.580300 36.549365, 38.574453 36.549522, 38.568607 36.549679, 38.562760 36.549836, 38.556913 36.549992, 38.551067 36.550149, 38.545220 36.550304, 38.539373 36.550460, 38.533527 36.550615, 38.527680 36.550770, 38.521833 36.550925, 38.515986 36.551080, 38.510139 36.551234, 38.504293 36.551388, 38.498446 36.551541, 38.492599 36.551695, 38.486752 36.551848, 38.480905 36.552001, 38.475058 36.552153, 38.469211 36.552305, 38.463364 36.552457, 38.457517 36.552609, 38.451670 36.552760, 38.445823 36.552911, 38.439976 36.553062, 38.434129 36.553213, 38.428281 36.553363, 38.422434 36.553513, 38.416587 36.553662, 38.410740 36.553812, 38.404893 36.553961, 38.399045 36.554110, 38.393198 36.554258, 38.387351 36.554406, 38.381503 36.554554, 38.375656 36.554702, 38.369809 36.554849, 38.363961 36.554996, 38.358114 36.555143, 38.352266 36.555290, 38.346419 36.555436, 38.340572 36.555582, 38.334724 36.555727, 38.328876 36.555873, 38.323029 36.556018, 38.317181 36.556163, 38.311334 36.556307, 38.305486 36.556451, 38.299639 36.556595, 38.293791 36.556739, 38.287943 36.556882, 38.282095 36.557025, 38.276248 36.557168, 38.270400 36.557311, 38.264552 36.557453, 38.258704 36.557595, 38.252857 36.557736, 38.247009 36.557878, 38.241161 36.558019, 38.235313 36.558160, 38.229465 36.558300, 38.223617 36.558440, 38.217769 36.558580, 38.211921 36.558720, 38.206073 36.558859, 38.200225 36.558998, 38.194377 36.559137, 38.188529 36.559276, 38.182681 36.559414, 38.176833 36.559552, 38.170985 36.559689, 38.165137 36.559827, 38.159289 36.559964, 38.153441 36.560101, 38.147592 36.560237, 38.141744 36.560373, 38.135896 36.560509, 38.130048 36.560645, 38.124200 36.560780, 38.118351 36.560915, 38.112503 36.561050, 38.106655 36.561185, 38.100806 36.561319, 38.094958 36.561453, 38.089109 36.561586, 38.083261 36.561720, 38.077413 36.561853, 38.071564 36.561986, 38.065716 36.562118, 38.059867 36.562250, 38.054019 36.562382, 38.048170 36.562514, 38.042322 36.562645, 38.036473 36.562776, 38.030624 36.562907, 38.024776 36.563038, 38.018927 36.563168, 38.013079 36.563298, 38.007230 36.563428, 38.001381 36.563557, 37.995532 36.563686, 37.989684 36.563815, 37.983835 36.563943, 37.977986 36.564072, 37.972137 36.564199, 37.966289 36.564327, 37.960440 36.564454, 37.954591 36.564582, 37.948742 36.564708, 37.942893 36.564835, 37.937044 36.564961, 37.931195 36.565087, 37.925346 36.565213, 37.919497 36.565338, 37.913648 36.565463, 37.907799 36.565588, 37.901950 36.565712, 37.896101 36.565837, 37.890252 36.565961, 37.884403 36.566084, 37.878554 36.566208, 37.872705 36.566331, 37.866856 36.566453, 37.861007 36.566576, 37.855158 36.566698, 37.849308 36.566820, 37.843459 36.566942, 37.837610 36.567063, 37.831761 36.567184, 37.825912 36.567305, 37.820062 36.567425, 37.814213 36.567546, 37.808364 36.567666, 37.802514 36.567785, 37.796665 36.567905, 37.790816 36.568024, 37.784966 36.568143, 37.779117 36.568261, 37.773267 36.568379, 37.767418 36.568497, 37.761568 36.568615, 37.755719 36.568732, 37.749869 36.568849, 37.744020 36.568966, 37.738170 36.569083, 37.732321 36.569199, 37.726471 36.569315, 37.720622 36.569430, 37.714772 36.569546, 37.708923 36.569661, 37.703073 36.569776, 37.697223 36.569890, 37.691374 36.570004, 37.685524 36.570118, 37.679674 36.570232, 37.673824 36.570345, 37.667975 36.570458, 37.662125 36.570571, 37.656275 36.570684, 37.650425 36.570796, 37.644576 36.570908, 37.638726 36.571019, 37.632876 36.571131, 37.627026 36.571242, 37.621176 36.571353, 37.615326 36.571463, 37.609476 36.571573, 37.603627 36.571683, 37.597777 36.571793, 37.591927 36.571902, 37.586077 36.572011, 37.580227 36.572120, 37.574377 36.572229, 37.568527 36.572337, 37.562677 36.572445, 37.556827 36.572553, 37.550976 36.572660, 37.545126 36.572767, 37.539276 36.572874, 37.533426 36.572980, 37.527576 36.573086, 37.521726 36.573192, 37.515876 36.573298, 37.510026 36.573403, 37.504175 36.573508, 37.498325 36.573613, 37.492475 36.573718, 37.486625 36.573822, 37.480774 36.573926, 37.474924 36.574030, 37.469074 36.574133, 37.463223 36.574236, 37.457373 36.574339, 37.451523 36.574441, 37.445672 36.574543, 37.439822 36.574645, 37.433972 36.574747, 37.428121 36.574848, 37.422271 36.574949, 37.416420 36.575050, 37.410570 36.575151, 37.404719 36.575251, 37.398869 36.575351, 37.393019 36.575451, 37.387168 36.575550, 37.381317 36.575649, 37.375467 36.575748, 37.369616 36.575846, 37.363766 36.575944, 37.357915 36.576042, 37.352065 36.576140, 37.346214 36.576237, 37.340363 36.576334, 37.334513 36.576431, 37.328662 36.576528, 37.322811 36.576624, 37.316961 36.576720, 37.311110 36.576816, 37.305259 36.576911, 37.299409 36.577006, 37.293558 36.577101, 37.287707 36.577195, 37.281856 36.577289, 37.276006 36.577383, 37.270155 36.577477, 37.264304 36.577570, 37.258453 36.577663, 37.252602 36.577756, 37.246751 36.577849, 37.240900 36.577941, 37.235050 36.578033, 37.229199 36.578124, 37.223348 36.578216, 37.217497 36.578307, 37.211646 36.578398, 37.205795 36.578488, 37.199944 36.578578, 37.194093 36.578668, 37.188242 36.578758, 37.182391 36.578847, 37.176540 36.578936, 37.170689 36.579025, 37.164838 36.579114, 37.158987 36.579202, 37.153136 36.579290, 37.147285 36.579377, 37.141434 36.579465, 37.135582 36.579552, 37.129731 36.579639, 37.123880 36.579725, 37.118029 36.579811, 37.112178 36.579897, 37.106327 36.579983, 37.100475 36.580068, 37.094624 36.580153, 37.088773 36.580238, 37.082922 36.580322, 37.077071 36.580407, 37.071219 36.580491, 37.065368 36.580574, 37.059517 36.580658, 37.053665 36.580741, 37.047814 36.580823, 37.041963 36.580906, 37.036111 36.580988, 37.030260 36.581070, 37.024409 36.581152, 37.018557 36.581233, 37.012706 36.581314, 37.006855 36.581395, 37.001003 36.581475, 36.995152 36.581555, 36.989300 36.581635, 36.983449 36.581715, 36.977597 36.581794, 36.971746 36.581873, 36.965894 36.581952, 36.960043 36.582031, 36.954191 36.582109, 36.948340 36.582187, 36.942488 36.582264, 36.936637 36.582342, 36.930785 36.582419, 36.924934 36.582496, 36.919082 36.582572, 36.913231 36.582648, 36.907379 36.582724, 36.901527 36.582800, 36.895676 36.582875, 36.889824 36.582950, 36.883972 36.583025, 36.878121 36.583099, 36.872269 36.583174, 36.866417 36.583248, 36.860566 36.583321, 36.854714 36.583394, 36.848862 36.583468, 36.843011 36.583540, 36.837159 36.583613, 36.831307 36.583685, 36.825455 36.583757, 36.819604 36.583828, 36.813752 36.583900, 36.807900 36.583971, 36.802048 36.584042, 36.796196 36.584112, 36.790345 36.584182, 36.784493 36.584252, 36.778641 36.584322, 36.772789 36.584391, 36.766937 36.584460, 36.761085 36.584529, 36.755233 36.584597, 36.749382 36.584666, 36.743530 36.584733, 36.737678 36.584801, 36.731826 36.584868, 36.725974 36.584935, 36.720122 36.585002, 36.714270 36.585069, 36.708418 36.585135, 36.702566 36.585201, 36.696714 36.585266, 36.690862 36.585332, 36.685010 36.585397, 36.679158 36.585462, 36.673306 36.585526, 36.667454 36.585590, 36.661602 36.585654, 36.655750 36.585718, 36.649898 36.585781, 36.644046 36.585844, 36.638194 36.585907, 36.632342 36.585969, 36.626490 36.586031, 36.620637 36.586093, 36.614785 36.586155, 36.608933 36.586216, 36.603081 36.586277, 36.597229 36.586338, 36.591377 36.586399, 36.585525 36.586459, 36.579672 36.586519, 36.573820 36.586578, 36.567968 36.586638, 36.562116 36.586697, 36.556264 36.586755, 36.550411 36.586814, 36.544559 36.586872, 36.538707 36.586930, 36.532855 36.586987, 36.527002 36.587045, 36.521150 36.587102, 36.515298 36.587158, 36.509446 36.587215, 36.503593 36.587271, 36.497741 36.587327, 36.491889 36.587383, 36.486036 36.587438, 36.480184 36.587493, 36.474332 36.587548, 36.468479 36.587602, 36.462627 36.587656, 36.456775 36.587710, 36.450922 36.587764, 36.445070 36.587817, 36.439218 36.587870, 36.433365 36.587923, 36.427513 36.587975, 36.421660 36.588027, 36.415808 36.588079, 36.409955 36.588131, 36.404103 36.588182, 36.398251 36.588233, 36.392398 36.588284, 36.386546 36.588334, 36.380693 36.588385, 36.374841 36.588435, 36.368988 36.588484, 36.363136 36.588533, 36.357283 36.588582, 36.351431 36.588631, 36.345578 36.588680, 36.339726 36.588728, 36.333873 36.588776, 36.328021 36.588823, 36.322168 36.588871, 36.316316 36.588918, 36.310463 36.588964, 36.304611 36.589011, 36.298758 36.589057, 36.292905 36.589103, 36.287053 36.589148, 36.281200 36.589194, 36.275348 36.589239, 36.269495 36.589283, 36.263643 36.589328, 36.257790 36.589372, 36.251937 36.589416, 36.246085 36.589459, 36.240232 36.589503, 36.234379 36.589546, 36.228527 36.589588, 36.222674 36.589631, 36.216821 36.589673, 36.210969 36.589715, 36.205116 36.589757, 36.199263 36.589798, 36.193411 36.589839, 36.187558 36.589880, 36.181705 36.589920, 36.175853 36.589960, 36.170000 36.590000), (35.500000 33.890000, 35.505588 33.887342, 35.511175 33.884683, 35.516763 33.882024, 35.522349 33.879365, 35.527936 33.876705, 35.533522 33.874046, 35.539108 33.871386, 35.544693 33.868726, 35.550278 33.866065, 35.555863 33.863405, 35.561447 33.860744, 35.567031 33.858082, 35.572615 33.855421, 35.578198 33.852759, 35.583781 33.850097, 35.589364 33.847435, 35.594946 33.844773, 35.600528 33.842110, 35.606110 33.839447, 35.611691 33.836784, 35.617272 33.834120, 35.622852 33.831457, 35.628433 33.828793, 35.634012 33.826129, 35.639592 33.823464, 35.645171 33.820799, 35.650750 33.818135, 35.656328 33.815469, 35.661906 33.812804, 35.667484 33.810138, 35.673062 33.807472, 35.678639 33.804806, 35.684215 33.802140, 35.689792 33.799473, 35.695368 33.796806, 35.700944 33.794139, 35.706519 33.791471, 35.712094 33.788803, 35.717668 33.786136, 35.723243 33.783467, 35.728817 33.780799, 35.734390 33.778130, 35.739964 33.775461, 35.745536 33.772792, 35.751109 33.770122, 35.756681 33.767453, 35.762253 33.764783, 35.767825 33.762113, 35.773396 33.759442, 35.778967 33.756771, 35.784537 33.754100, 35.790107 33.751429, 35.795677 33.748758, 35.801246 33.746086, 35.806815 33.743414, 35.812384 33.740742, 35.817953 33.738069, 35.823521 33.735397, 35.829088 33.732724, 35.834656 33.730050, 35.840223 33.727377, 35.845789 33.724703, 35.851356 33.722029, 35.856922 33.719355, 35.862487 33.716681, 35.868052 33.714006, 35.873617 33.711331, 35.879182 33.708656, 35.884746 33.705980, 35.890310 33.703304, 35.895874 33.700629, 35.901437 33.697952, 35.907000 33.695276, 35.912562 33.692599, 35.918124 33.689922, 35.923686 33.687245, 35.929248 33.684567, 35.934809 33.681890, 35.940369 33.679212, 35.945930 33.676534, 35.951490 33.673855, 35.957050 33.671176, 35.962609 33.668497, 35.968168 33.665818, 35.973727 33.663139, 35.979285 33.660459, 35.984843 33.657779, 35.990401 33.655099, 35.995958 33.652419, 36.001515 33.649738, 36.007072 33.647057, 36.012628 33.644376, 36.018184 33.641694, 36.023739 33.639013, 36.029294 33.636331, 36.034849 33.633648, 36.040404 33.630966, 36.045958 33.628283, 36.051512 33.625600, 36.057065 33.622917, 36.062619 33.620234, 36.068171 33.617550, 36.073724 33.614866, 36.079276 33.612182, 36.084828 33.609498, 36.090379 33.606813, 36.095930 33.604128, 36.101481 33.601443, 36.107031 33.598757, 36.112581 33.596072, 36.118131 33.593386, 36.123680 33.590700, 36.129229 33.588013, 36.134778 33.585327, 36.140326 33.582640, 36.145874 33.579953, 36.151422 33.577265, 36.156969 33.574578, 36.162516 33.571890, 36.168063 33.569202, 36.173609 33.566513, 36.179155 33.563825, 36.184700 33.561136, 36.190245 33.558446, 36.195790 33.555757, 36.201335 33.553068, 36.206879 33.550378, 36.212423 33.547688, 36.217966 33.544997, 36.223509 33.542307, 36.229052 33.539616, 36.234595 33.536925, 36.240137 33.534233, 36.245678 33.531542, 36.251220 33.528850, 36.256761 33.526158, 36.262302 33.523465, 36.267842 33.520773, 36.273382 33.518080, 36.278922 33.515387, 36.284461 33.512694, 36.290000 33.510000, 36.293402 33.505435, 36.296805 33.500871, 36.300206 33.496306, 36.303608 33.491741, 36.307009 33.487176, 36.310410 33.482612, 36.313810 33.478046, 36.317210 33.473481, 36.320609 33.468916, 36.324009 33.464351, 36.327408 33.459785, 36.330806 33.455220, 36.334204 33.450654, 36.337602 33.446088, 36.341000 33.441523, 36.344397 33.436957, 36.347793 33.432391, 36.351190 33.427825, 36.354586 33.423258, 36.357982 33.418692, 36.361377 33.414126, 36.364772 33.409559, 36.368166 33.404993, 36.371561 33.400426, 36.374955 33.395859, 36.378348 33.391292, 36.381741 33.386726, 36.385134 33.382159, 36.388527 33.377591, 36.391919 33.373024, 36.395310 33.368457, 36.398702 33.363890, 36.402093 33.359322, 36.405484 33.354754, 36.408874 33.350187, 36.412264 33.345619, 36.415654 33.341051, 36.419043 33.336483, 36.422432 33.331915, 36.425820 33.327347, 36.429208 33.322779, 36.432596 33.318211, 36.435984 33.313642, 36.439371 33.309074, 36.442758 33.304505, 36.446144 33.299936, 36.449530 33.295368, 36.452916 33.290799, 36.456301 33.286230, 36.459686 33.281661, 36.463071 33.277092, 36.466455 33.272522, 36.469839 33.267953, 36.473223 33.263384, 36.476606 33.258814, 36.479989 33.254245, 36.483371 33.249675, 36.486754 33.245105, 36.490135 33.240535, 36.493517 33.235965, 36.496898 33.231395, 36.500279 33.226825, 36.503659 33.222255, 36.507039 33.217685, 36.510419 33.213114, 36.513798 33.208544, 36.517177 33.203973, 36.520556 33.199402, 36.523934 33.194832, 36.527312 33.190261, 36.530690 33.185690, 36.534067 33.181119, 36.537444 33.176548, 36.540820 33.171976, 36.544196 33.167405, 36.547572 33.162834, 36.550948 33.158262, 36.554323 33.153691, 36.557698 33.149119, 36.561072 33.144547, 36.564446 33.139975, 36.567820 33.135403, 36.571193 33.130831, 36.574566 33.126259, 36.577939 33.121687, 36.581311 33.117114, 36.584683 33.112542, 36.588055 33.107969, 36.591426 33.103397, 36.594797 33.098824, 36.598167 33.094251, 36.601538 33.089679, 36.604908 33.085106, 36.608277 33.080533, 36.611646 33.075959, 36.615015 33.071386, 36.618383 33.066813, 36.621751 33.062239, 36.625119 33.057666, 36.628487 33.053092, 36.631854 33.048519, 36.635220 33.043945, 36.638587 33.039371, 36.641953 33.034797, 36.645318 33.030223, 36.648684 33.025649, 36.652049 33.021075, 36.655413 33.016500, 36.658778 33.011926, 36.662141 33.007351, 36.665505 33.002777, 36.668868 32.998202, 36.672231 32.993627, 36.675594 32.989052, 36.678956 32.984478, 36.682318 32.979902, 36.685679 32.975327, 36.689040 32.970752, 36.692401 32.966177, 36.695761 32.961601, 36.699121 32.957026, 36.702481 32.952450, 36.705840 32.947875, 36.709199 32.943299, 36.712558 32.938723, 36.715916 32.934147, 36.719274 32.929571, 36.722632 32.924995, 36.725989 32.920419, 36.729346 32.915842, 36.732703 32.911266, 36.736059 32.906690, 36.739415 32.902113, 36.742771 32.897536, 36.746126 32.892960, 36.749481 32.888383, 36.752835 32.883806, 36.756189 32.879229, 36.759543 32.874652, 36.762897 32.870075, 36.766250 32.865497, 36.769603 32.860920, 36.772955 32.856342, 36.776307 32.851765, 36.779659 32.847187, 36.783010 32.842609, 36.786361 32.838032, 36.789712 32.833454, 36.793062 32.828876, 36.796412 32.824298, 36.799762 32.819719, 36.803111 32.815141, 36.806460 32.810563, 36.809809 32.805984, 36.813157 32.801406, 36.816505 32.796827, 36.819853 32.792249, 36.823200 32.787670, 36.826547 32.783091, 36.829894 32.778512, 36.833240 32.773933, 36.836586 32.769354, 36.839931 32.764774, 36.843276 32.760195, 36.846621 32.755616, 36.849966 32.751036, 36.853310 32.746456, 36.856654 32.741877, 36.859997 32.737297, 36.863340 32.732717, 36.866683 32.728137, 36.870026 32.723557, 36.873368 32.718977, 36.876710 32.714397, 36.880051 32.709816, 36.883392 32.705236, 36.886733 32.700656, 36.890073 32.696075, 36.893413 32.691494, 36.896753 32.686914, 36.900092 32.682333, 36.903431 32.677752, 36.906770 32.673171, 36.910108 32.668590, 36.913446 32.664008, 36.916784 32.659427, 36.920121 32.654846, 36.923458 32.650264, 36.926795 32.645683, 36.930131 32.641101, 36.933467 32.636519, 36.936803 32.631938, 36.940138 32.627356, 36.943473 32.622774, 36.946807 32.618192, 36.950141 32.613609, 36.953475 32.609027, 36.956809 32.604445, 36.960142 32.599862, 36.963475 32.595280, 36.966807 32.590697, 36.970140 32.586115, 36.973471 32.581532, 36.976803 32.576949, 36.980134 32.572366, 36.983465 32.567783, 36.986795 32.563200, 36.990126 32.558617, 36.993455 32.554033, 36.996785 32.549450, 37.000114 32.544866, 37.003443 32.540283, 37.006771 32.535699, 37.010099 32.531115, 37.013427 32.526532, 37.016754 32.521948, 37.020082 32.517364, 37.023408 32.512780, 37.026735 32.508195, 37.030061 32.503611, 37.033386 32.499027, 37.036712 32.494442, 37.040037 32.489858, 37.043362 32.485273, 37.046686 32.480688, 37.050010 32.476104, 37.053334 32.471519, 37.056657 32.466934, 37.059980 32.462349, 37.063303 32.457764, 37.066625 32.453178, 37.069947 32.448593, 37.073269 32.444008, 37.076590 32.439422, 37.079911 32.434836, 37.083232 32.430251, 37.086552 32.425665, 37.089872 32.421079, 37.093192 32.416493, 37.096511 32.411907, 37.099830 32.407321, 37.103148 32.402735, 37.106467 32.398149, 37.109785 32.393562, 37.113102 32.388976, 37.116420 32.384389, 37.119736 32.379803, 37.123053 32.375216, 37.126369 32.370629, 37.129685 32.366042, 37.133001 32.361455, 37.136316 32.356868, 37.139631 32.352281, 37.142946 32.347694, 37.146260 32.343106, 37.149574 32.338519, 37.152887 32.333932, 37.156201 32.329344, 37.159513 32.324756, 37.162826 32.320169, 37.166138 32.315581, 37.169450 32.310993, 37.172762 32.306405, 37.176073 32.301817, 37.179384 32.297229, 37.182694 32.292640, 37.186005 32.288052, 37.189314 32.283463, 37.192624 32.278875, 37.195933 32.274286, 37.199242 32.269698, 37.202551 32.265109, 37.205859 32.260520, 37.209167 32.255931, 37.212474 32.251342, 37.215781 32.246753, 37.219088 32.242164, 37.222395 32.237574, 37.225701 32.232985, 37.229007 32.228395, 37.232313 32.223806, 37.235618 32.219216, 37.238923 32.214626, 37.242227 32.210037, 37.245531 32.205447, 37.248835 32.200857, 37.252139 32.196267, 37.255442 32.191676, 37.258745 32.187086, 37.262047 32.182496, 37.265350 32.177905, 37.268651 32.173315, 37.271953 32.168724, 37.275254 32.164134, 37.278555 32.159543, 37.281856 32.154952, 37.285156 32.150361, 37.288456 32.145770, 37.291755 32.141179, 37.295054 32.136588, 37.298353 32.131996, 37.301652 32.127405, 37.304950 32.122814, 37.308248 32.118222, 37.311545 32.113630, 37.314843 32.109039, 37.318140 32.104447, 37.321436 32.099855, 37.324732 32.095263, 37.328028 32.090671, 37.331324 32.086079, 37.334619 32.081487, 37.337914 32.076894, 37.341208 32.072302, 37.344503 32.067709, 37.347797 32.063117, 37.351090 32.058524, 37.354383 32.053931, 37.357676 32.049339, 37.360969 32.044746, 37.364261 32.040153, 37.367553 32.035560, 37.370845 32.030967, 37.374136 32.026373, 37.377427 32.021780, 37.380717 32.017187, 37.384008 32.012593, 37.387298 32.007999, 37.390587 32.003406, 37.393877 31.998812, 37.397166 31.994218, 37.400454 31.989624, 37.403742 31.985030, 37.407030 31.980436, 37.410318 31.975842, 37.413605 31.971248, 37.416892 31.966653, 37.420179 31.962059, 37.423465 31.957464, 37.426751 31.952870, 37.430037 31.948275, 37.433322 31.943680, 37.436607 31.939086, 37.439892 31.934491, 37.443176 31.929896, 37.446460 31.925300, 37.449744 31.920705, 37.453027 31.916110, 37.456310 31.911515, 37.459593 31.906919, 37.462876 31.902324, 37.466158 31.897728, 37.469439 31.893132, 37.472721 31.888537, 37.476002 31.883941, 37.479282 31.879345, 37.482563 31.874749, 37.485843 31.870153, 37.489123 31.865556, 37.492402 31.860960, 37.495681 31.856364, 37.498960 31.851767, 37.502239 31.847171, 37.505517 31.842574, 37.508794 31.837977, 37.512072 31.833381, 37.515349 31.828784, 37.518626 31.824187, 37.521902 31.819590, 37.525179 31.814993, 37.528454 31.810395, 37.531730 31.805798, 37.535005 31.801201, 37.538280 31.796603, 37.541554 31.792006, 37.544829 31.787408, 37.548103 31.782810, 37.551376 31.778212, 37.554649 31.773615, 37.557922 31.769017, 37.561195 31.764419, 37.564467 31.759820, 37.567739 31.755222, 37.571011 31.750624, 37.574282 31.746026, 37.577553 31.741427, 37.580824 31.736828, 37.584094 31.732230, 37.587364 31.727631, 37.590633 31.723032, 37.593903 31.718433, 37.597172 31.713834, 37.600441 31.709235, 37.603709 31.704636, 37.606977 31.700037, 37.610245 31.695438, 37.613512 31.690838, 37.616779 31.686239, 37.620046 31.681639, 37.623312 31.677040, 37.626578 31.672440, 37.629844 31.667840, 37.633110 31.663240, 37.636375 31.658640, 37.639640 31.654040, 37.642904 31.649440, 37.646168 31.644840, 37.649432 31.640240, 37.652695 31.635639, 37.655959 31.631039, 37.659222 31.626438, 37.662484 31.621838, 37.665746 31.617237, 37.669008 31.612636, 37.672270 31.608035, 37.675531 31.603434, 37.678792 31.598833, 37.682053 31.594232, 37.685313 31.589631, 37.688573 31.585030, 37.691832 31.580428, 37.695092 31.575827, 37.698351 31.571225, 37.701609 31.566624, 37.704868 31.562022, 37.708126 31.557420, 37.711384 31.552818, 37.714641 31.548216, 37.717898 31.543614, 37.721155 31.539012, 37.724411 31.534410, 37.727667 31.529808, 37.730923 31.525205, 37.734179 31.520603, 37.737434 31.516000, 37.740688 31.511398, 37.743943 31.506795, 37.747197 31.502192, 37.750451 31.497589, 37.753705 31.492986, 37.756958 31.488383, 37.760211 31.483780, 37.763463 31.479177, 37.766716 31.474574, 37.769967 31.469970, 37.773219 31.465367, 37.776470 31.460763, 37.779721 31.456160, 37.782972 31.451556, 37.786222 31.446952, 37.789472 31.442348, 37.792722 31.437744, 37.795971 31.433140, 37.799221 31.428536, 37.802469 31.423932, 37.805718 31.419328, 37.808966 31.414724, 37.812214 31.410119, 37.815461 31.405515, 37.818708 31.400910, 37.821955 31.396305, 37.825202 31.391701, 37.828448 31.387096, 37.831694 31.382491, 37.834939 31.377886, 37.838184 31.373281, 37.841429 31.368676, 37.844674 31.364070, 37.847918 31.359465, 37.851162 31.354860, 37.854406 31.350254, 37.857649 31.345649, 37.860892 31.341043, 37.864135 31.336437, 37.867377 31.331831, 37.870619 31.327225, 37.873861 31.322620, 37.877103 31.318013, 37.880344 31.313407, 37.883584 31.308801, 37.886825 31.304195, 37.890065 31.299588, 37.893305 31.294982, 37.896544 31.290375, 37.899784 31.285769, 37.903023 31.281162, 37.906261 31.276555, 37.909499 31.271948, 37.912737 31.267341, 37.915975 31.262734, 37.919212 31.258127, 37.922449 31.253520, 37.925686 31.248913, 37.928922 31.244305, 37.932158 31.239698, 37.935394 31.235090, 37.938630 31.230483, 37.941865 31.225875, 37.945099 31.221267, 37.948334 31.216660, 37.951568 31.212052, 37.954802 31.207444, 37.958035 31.202836, 37.961269 31.198227, 37.964502 31.193619, 37.967734 31.189011, 37.970966 31.184402, 37.974198 31.179794, 37.977430 31.175185, 37.980661 31.170577, 37.983892 31.165968, 37.987123 31.161359, 37.990353 31.156750, 37.993584 31.152141, 37.996813 31.147532, 38.000043 31.142923, 38.003272 31.138314, 38.006501 31.133705, 38.009729 31.129095, 38.012957 31.124486, 38.016185 31.119876, 38.019413 31.115267, 38.022640 31.110657, 38.025867 31.106047, 38.029094 31.101437, 38.032320 31.096827, 38.035546 31.092217, 38.038772 31.087607, 38.041997 31.082997, 38.045222 31.078387, 38.048447 31.073776, 38.051671 31.069166, 38.054895 31.064555, 38.058119 31.059945, 38.061342 31.055334, 38.064566 31.050723, 38.067789 31.046113, 38.071011 31.041502, 38.074233 31.036891, 38.077455 31.032280, 38.080677 31.027669, 38.083898 31.023057, 38.087119 31.018446, 38.090340 31.013835, 38.093560 31.009223, 38.096780 31.004612, 38.100000 31.000000, 38.105470 30.997389, 38.110939 30.994778, 38.116408 30.992166, 38.121877 30.989555, 38.127346 30.986943, 38.132814 30.984331, 38.138282 30.981719, 38.143750 30.979106, 38.149217 30.976493, 38.154684 30.973880, 38.160151 30.971267, 38.165618 30.968654, 38.171084 30.966040, 38.176550 30.963426, 38.182015 30.960812, 38.187481 30.958197, 38.192946 30.955583, 38.198410 30.952968, 38.203875 30.950353, 38.209339 30.947738, 38.214803 30.945122, 38.220266 30.942506, 38.225729 30.939890, 38.231192 30.937274, 38.236655 30.934658, 38.242117 30.932041, 38.247579 30.929424, 38.253041 30.926807, 38.258502 30.924189, 38.263963 30.921572, 38.269424 30.918954, 38.274885 30.916336, 38.280345 30.913718, 38.285805 30.911099, 38.291264 30.908480, 38.296724 30.905861, 38.302183 30.903242, 38.307641 30.900623, 38.313100 30.898003, 38.318558 30.895383, 38.324016 30.892763, 38.329473 30.890143, 38.334931 30.887522, 38.340387 30.884901, 38.345844 30.882280, 38.351300 30.879659, 38.356756 30.877037, 38.362212 30.874416, 38.367668 30.871794, 38.373123 30.869172, 38.378578 30.866549, 38.384032 30.863926, 38.389486 30.861304, 38.394940 30.858680, 38.400394 30.856057, 38.405847 30.853434, 38.411300 30.850810, 38.416753 30.848186, 38.422206 30.845562, 38.427658 30.842937, 38.433110 30.840312, 38.438561 30.837687, 38.444012 30.835062, 38.449463 30.832437, 38.454914 30.829811, 38.460364 30.827185, 38.465814 30.824559, 38.471264 30.821933, 38.476714 30.819307, 38.482163 30.816680, 38.487612 30.814053, 38.493060 30.811426, 38.498509 30.808798, 38.503957 30.806170, 38.509404 30.803543, 38.514852 30.800914, 38.520299 30.798286, 38.525745 30.795657, 38.531192 30.793029, 38.536638 30.790400, 38.542084 30.787770, 38.547530 30.785141, 38.552975 30.782511, 38.558420 30.779881, 38.563865 30.777251, 38.569309 30.774621, 38.574753 30.771990, 38.580197 30.769359, 38.585640 30.766728, 38.591084 30.764097, 38.596527 30.761465, 38.601969 30.758833, 38.607411 30.756202, 38.612853 30.753569, 38.618295 30.750937, 38.623737 30.748304, 38.629178 30.745671, 38.634619 30.743038, 38.640059 30.740405, 38.645499 30.737771, 38.650939 30.735137, 38.656379 30.732503, 38.661818 30.729869, 38.667257 30.727235, 38.672696 30.724600, 38.678135 30.721965, 38.683573 30.719330, 38.689011 30.716694, 38.694448 30.714059, 38.699885 30.711423, 38.705322 30.708787, 38.710759 30.706151, 38.716195 30.703514, 38.721631 30.700877, 38.727067 30.698240, 38.732503 30.695603, 38.737938 30.692966, 38.743373 30.690328, 38.748807 30.687690, 38.754242 30.685052, 38.759676 30.682414, 38.765109 30.679775, 38.770543 30.677136, 38.775976 30.674497, 38.781409 30.671858, 38.786841 30.669219, 38.792273 30.666579, 38.797705 30.663939, 38.803137 30.661299, 38.808568 30.658658, 38.813999 30.656018, 38.819430 30.653377, 38.824860 30.650736, 38.830291 30.648095, 38.835720 30.645453, 38.841150 30.642811, 38.846579 30.640170, 38.852008 30.637527, 38.857437 30.634885, 38.862865 30.632242, 38.868293 30.629599, 38.873721 30.626956, 38.879149 30.624313, 38.884576 30.621670, 38.890003 30.619026, 38.895429 30.616382, 38.900855 30.613738, 38.906281 30.611093, 38.911707 30.608449, 38.917132 30.605804, 38.922558 30.603159, 38.927982 30.600513, 38.933407 30.597868, 38.938831 30.595222, 38.944255 30.592576, 38.949679 30.589930, 38.955102 30.587283, 38.960525 30.584636, 38.965948 30.581990, 38.971370 30.579342, 38.976792 30.576695, 38.982214 30.574047, 38.987636 30.571400, 38.993057 30.568752, 38.998478 30.566103, 39.003898 30.563455, 39.009319 30.560806, 39.014739 30.558157, 39.020159 30.555508, 39.025578 30.552859, 39.030997 30.550209, 39.036416 30.547559, 39.041835 30.544909, 39.047253 30.542259, 39.052671 30.539609, 39.058089 30.536958, 39.063506 30.534307, 39.068923 30.531656, 39.074340 30.529004, 39.079757 30.526353, 39.085173 30.523701, 39.090589 30.521049, 39.096004 30.518396, 39.101420 30.515744, 39.106835 30.513091, 39.112249 30.510438, 39.117664 30.507785, 39.123078 30.505132, 39.128492 30.502478, 39.133905 30.499824, 39.139319 30.497170, 39.144732 30.494516, 39.150144 30.491861, 39.155557 30.489206, 39.160969 30.486552, 39.166381 30.483896, 39.171792 30.481241, 39.177203 30.478585, 39.182614 30.475929, 39.188025 30.473273, 39.193435 30.470617, 39.198845 30.467960, 39.204255 30.465304, 39.209664 30.462647, 39.215073 30.459989, 39.220482 30.457332, 39.225891 30.454674, 39.231299 30.452016, 39.236707 30.449358, 39.242115 30.446700, 39.247522 30.444042, 39.252929 30.441383, 39.258336 30.438724, 39.263742 30.436065, 39.269149 30.433405, 39.274554 30.430745, 39.279960 30.428086, 39.285365 30.425425, 39.290770 30.422765, 39.296175 30.420105, 39.301579 30.417444, 39.306984 30.414783, 39.312387 30.412122, 39.317791 30.409460, 39.323194 30.406798, 39.328597 30.404137, 39.334000 30.401474, 39.339402 30.398812, 39.344804 30.396150, 39.350206 30.393487, 39.355607 30.390824, 39.361008 30.388161, 39.366409 30.385497, 39.371810 30.382833, 39.377210 30.380170, 39.382610 30.377505, 39.388010 30.374841, 39.393409 30.372177, 39.398808 30.369512, 39.404207 30.366847, 39.409606 30.364182, 39.415004 30.361516, 39.420402 30.358850, 39.425800 30.356185, 39.431197 30.353519, 39.436594 30.350852, 39.441991 30.348186, 39.447387 30.345519, 39.452783 30.342852, 39.458179 30.340185, 39.463575 30.337517, 39.468970 30.334850, 39.474365 30.332182, 39.479760 30.329514, 39.485154 30.326845, 39.490548 30.324177, 39.495942 30.321508, 39.501336 30.318839, 39.506729 30.316170, 39.512122 30.313500, 39.517514 30.310831, 39.522907 30.308161, 39.528299 30.305491, 39.533691 30.302820, 39.539082 30.300150, 39.544473 30.297479, 39.549864 30.294808, 39.555255 30.292137, 39.560645 30.289466, 39.566035 30.286794, 39.571425 30.284122, 39.576814 30.281450, 39.582203 30.278778, 39.587592 30.276105, 39.592981 30.273432, 39.598369 30.270759, 39.603757 30.268086, 39.609144 30.265413, 39.614532 30.262739, 39.619919 30.260065, 39.625306 30.257391, 39.630692 30.254717, 39.636078 30.252042, 39.641464 30.249368, 39.646850 30.246693, 39.652235 30.244018, 39.657620 30.241342, 39.663005 30.238667, 39.668389 30.235991, 39.673773 30.233315, 39.679157 30.230639, 39.684541 30.227962, 39.689924 30.225285, 39.695307 30.222608, 39.700690 30.219931, 39.706072 30.217254, 39.711454 30.214576, 39.716836 30.211898, 39.722217 30.209220, 39.727599 30.206542, 39.732979 30.203864, 39.738360 30.201185, 39.743740 30.198506, 39.749120 30.195827, 39.754500 30.193148, 39.759880 30.190468, 39.765259 30.187788, 39.770638 30.185108, 39.776016 30.182428, 39.781394 30.179748, 39.786772 30.177067, 39.792150 30.174386, 39.797528 30.171705, 39.802905 30.169024, 39.808281 30.166342, 39.813658 30.163660, 39.819034 30.160978, 39.824410 30.158296, 39.829786 30.155614, 39.835161 30.152931, 39.840536 30.150248, 39.845911 30.147565, 39.851285 30.144882, 39.856660 30.142198, 39.862033 30.139515, 39.867407 30.136831, 39.872780 30.134147, 39.878153 30.131462, 39.883526 30.128778, 39.888899 30.126093, 39.894271 30.123408, 39.899642 30.120722, 39.905014 30.118037, 39.910385 30.115351, 39.915756 30.112665, 39.921127 30.109979, 39.926497 30.107293, 39.931867 30.104606, 39.937237 30.101920, 39.942607 30.099233, 39.947976 30.096545, 39.953345 30.093858, 39.958713 30.091170, 39.964082 30.088482, 39.969450 30.085794, 39.974818 30.083106, 39.980185 30.080417, 39.985552 30.077729, 39.990919 30.075040, 39.996286 30.072350, 40.001652 30.069661, 40.007018 30.066971, 40.012384 30.064282, 40.017749 30.061591, 40.023114 30.058901, 40.028479 30.056211, 40.033844 30.053520, 40.039208 30.050829, 40.044572 30.048138, 40.049935 30.045447, 40.055299 30.042755, 40.060662 30.040063, 40.066025 30.037371, 40.071387 30.034679, 40.076749 30.031986, 40.082111 30.029294, 40.087473 30.026601, 40.092834 30.023908, 40.098195 30.021214, 40.103556 30.018521, 40.108917 30.015827, 40.114277 30.013133, 40.119637 30.010439, 40.124996 30.007745, 40.130356 30.005050, 40.135715 30.002355, 40.141073 29.999660, 40.146432 29.996965, 40.151790 29.994269, 40.157148 29.991574, 40.162505 29.988878, 40.167863 29.986181, 40.173220 29.983485, 40.178576 29.980788, 40.183933 29.978092, 40.189289 29.975395, 40.194644 29.972697, 40.200000 29.970000, 40.202965 29.965287, 40.205930 29.960573, 40.208895 29.955860, 40.211859 29.951146, 40.214823 29.946432, 40.217787 29.941719, 40.220750 29.937005, 40.223714 29.932291, 40.226676 29.927577, 40.229639 29.922863, 40.232601 29.918149, 40.235564 29.913435, 40.238525 29.908721, 40.241487 29.904007, 40.244448 29.899292, 40.247409 29.894578, 40.250370 29.889864, 40.253330 29.885149, 40.256290 29.880434, 40.259250 29.875720, 40.262210 29.871005, 40.265169 29.866290, 40.268128 29.861576, 40.271087 29.856861, 40.274045 29.852146, 40.277003 29.847431, 40.279961 29.842715, 40.282919 29.838000, 40.285876 29.833285, 40.288833 29.828570, 40.291790 29.823854, 40.294746 29.819139, 40.297703 29.814424, 40.300659 29.809708, 40.303614 29.804992, 40.306570 29.800277, 40.309525 29.795561, 40.312479 29.790845, 40.315434 29.786129, 40.318388 29.781413, 40.321342 29.776697, 40.324296 29.771981, 40.327249 29.767265, 40.330203 29.762549, 40.333155 29.757832, 40.336108 29.753116, 40.339060 29.748400, 40.342012 29.743683, 40.344964 29.738967, 40.347916 29.734250, 40.350867 29.729533, 40.353818 29.724817, 40.356768 29.720100, 40.359719 29.715383, 40.362669 29.710666, 40.365619 29.705949, 40.368568 29.701232, 40.371517 29.696515, 40.374466 29.691798, 40.377415 29.687080, 40.380364 29.682363, 40.383312 29.677646, 40.386260 29.672928, 40.389207 29.668211, 40.392154 29.663493, 40.395102 29.658775, 40.398048 29.654058, 40.400995 29.649340, 40.403941 29.644622, 40.406887 29.639904, 40.409833 29.635186, 40.412778 29.630468, 40.415723 29.625750, 40.418668 29.621032, 40.421613 29.616314, 40.424557 29.611595, 40.427501 29.606877, 40.430445 29.602158, 40.433388 29.597440, 40.436331 29.592721, 40.439274 29.588003, 40.442217 29.583284, 40.445159 29.578565, 40.448101 29.573846, 40.451043 29.569128, 40.453985 29.564409, 40.456926 29.559690, 40.459867 29.554970, 40.462808 29.550251, 40.465748 29.545532, 40.468688 29.540813, 40.471628 29.536094, 40.474568 29.531374, 40.477507 29.526655, 40.480446 29.521935, 40.483385 29.517215, 40.486323 29.512496, 40.489262 29.507776, 40.492200 29.503056, 40.495137 29.498336, 40.498075 29.493616, 40.501012 29.488897, 40.503949 29.484176, 40.506885 29.479456, 40.509822 29.474736, 40.512758 29.470016, 40.515693 29.465296, 40.518629 29.460575, 40.521564 29.455855, 40.524499 29.451134, 40.527434 29.446414, 40.530368 29.441693, 40.533302 29.436972, 40.536236 29.432252, 40.539170 29.427531, 40.542103 29.422810, 40.545036 29.418089, 40.547969 29.413368, 40.550901 29.408647, 40.553834 29.403926, 40.556766 29.399204, 40.559697 29.394483, 40.562629 29.389762, 40.565560 29.385040, 40.568491 29.380319, 40.571421 29.375597, 40.574352 29.370876, 40.577282 29.366154, 40.580212 29.361432, 40.583141 29.356711, 40.586070 29.351989, 40.588999 29.347267, 40.591928 29.342545, 40.594856 29.337823, 40.597785 29.333101, 40.600712 29.328379, 40.603640 29.323656, 40.606567 29.318934, 40.609494 29.314212, 40.612421 29.309489, 40.615348 29.304767, 40.618274 29.300044, 40.621200 29.295322, 40.624126 29.290599, 40.627051 29.285876, 40.629976 29.281153, 40.632901 29.276430, 40.635826 29.271707, 40.638750 29.266984, 40.641674 29.262261, 40.644598 29.257538, 40.647522 29.252815, 40.650445 29.248092, 40.653368 29.243369, 40.656291 29.238645, 40.659213 29.233922, 40.662136 29.229198, 40.665057 29.224475, 40.667979 29.219751, 40.670901 29.215027, 40.673822 29.210303, 40.676742 29.205580, 40.679663 29.200856, 40.682583 29.196132, 40.685503 29.191408, 40.688423 29.186684, 40.691343 29.181960, 40.694262 29.177235, 40.697181 29.172511, 40.700100 29.167787, 40.703018 29.163062, 40.705936 29.158338, 40.708854 29.153613, 40.711772 29.148889, 40.714689 29.144164, 40.717606 29.139439, 40.720523 29.134715, 40.723440 29.129990, 40.726356 29.125265, 40.729272 29.120540, 40.732188 29.115815, 40.735103 29.111090, 40.738018 29.106365, 40.740933 29.101639, 40.743848 29.096914, 40.746763 29.092189, 40.749677 29.087463, 40.752591 29.082738, 40.755504 29.078012, 40.758417 29.073287, 40.761331 29.068561, 40.764243 29.063835, 40.767156 29.059110, 40.770068 29.054384, 40.772980 29.049658, 40.775892 29.044932, 40.778803 29.040206, 40.781715 29.035480, 40.784626 29.030754, 40.787536 29.026027, 40.790447 29.021301, 40.793357 29.016575, 40.796267 29.011848, 40.799176 29.007122, 40.802086 29.002395, 40.804995 28.997669, 40.807904 28.992942, 40.810812 28.988215, 40.813720 28.983488, 40.816628 28.978762, 40.819536 28.974035, 40.822444 28.969308, 40.825351 28.964581, 40.828258 28.959854, 40.831165 28.955126, 40.834071 28.950399, 40.836977 28.945672, 40.839883 28.940945, 40.842789 28.936217, 40.845694 28.931490, 40.848599 28.926762, 40.851504 28.922035, 40.854409 28.917307, 40.857313 28.912579, 40.860217 28.907851, 40.863121 28.903123, 40.866024 28.898396, 40.868927 28.893668, 40.871830 28.888940, 40.874733 28.884211, 40.877636 28.879483, 40.880538 28.874755, 40.883440 28.870027, 40.886341 28.865298, 40.889243 28.860570, 40.892144 28.855842, 40.895045 28.851113, 40.897945 28.846384, 40.900846 28.841656, 40.903746 28.836927, 40.906646 28.832198, 40.909545 28.827469, 40.912444 28.822741, 40.915343 28.818012, 40.918242 28.813283, 40.921141 28.808553, 40.924039 28.803824, 40.926937 28.799095, 40.929835 28.794366, 40.932732 28.789636, 40.935629 28.784907, 40.938526 28.780178, 40.941423 28.775448, 40.944319 28.770718, 40.947215 28.765989, 40.950111 28.761259, 40.953007 28.756529, 40.955902 28.751799, 40.958797 28.747070, 40.961692 28.742340, 40.964587 28.737610, 40.967481 28.732880, 40.970375 28.728149, 40.973269 28.723419, 40.976162 28.718689, 40.979055 28.713959, 40.981948 28.709228, 40.984841 28.704498, 40.987734 28.699767, 40.990626 28.695037, 40.993518 28.690306, 40.996409 28.685575, 40.999301 28.680845, 41.002192 28.676114, 41.005083 28.671383, 41.007974 28.666652, 41.010864 28.661921, 41.013754 28.657190, 41.016644 28.652459, 41.019534 28.647728, 41.022423 28.642996, 41.025312 28.638265, 41.028201 28.633534, 41.031089 28.628802, 41.033978 28.624071, 41.036866 28.619339, 41.039753 28.614608, 41.042641 28.609876, 41.045528 28.605144, 41.048415 28.600412, 41.051302 28.595680, 41.054188 28.590949, 41.057075 28.586217, 41.059960 28.581484, 41.062846 28.576752, 41.065732 28.572020, 41.068617 28.567288, 41.071502 28.562556, 41.074386 28.557823, 41.077271 28.553091, 41.080155 28.548358, 41.083039 28.543626, 41.085922 28.538893, 41.088806 28.534161, 41.091689 28.529428, 41.094572 28.524695, 41.097454 28.519962, 41.100337 28.515229, 41.103219 28.510496, 41.106100 28.505763, 41.108982 28.501030, 41.111863 28.496297, 41.114744 28.491564, 41.117625 28.486831, 41.120505 28.482097, 41.123386 28.477364, 41.126266 28.472631, 41.129145 28.467897, 41.132025 28.463164, 41.134904 28.458430, 41.137783 28.453696, 41.140662 28.448963, 41.143540 28.444229, 41.146418 28.439495, 41.149296 28.434761, 41.152174 28.430027, 41.155051 28.425293, 41.157929 28.420559, 41.160806 28.415825, 41.163682 28.411090, 41.166559 28.406356, 41.169435 28.401622, 41.172311 28.396887, 41.175186 28.392153, 41.178062 28.387418, 41.180937 28.382684, 41.183812 28.377949, 41.186686 28.373214, 41.189560 28.368480, 41.192435 28.363745, 41.195308 28.359010, 41.198182 28.354275, 41.201055 28.349540, 41.203928 28.344805, 41.206801 28.340070, 41.209674 28.335334, 41.212546 28.330599, 41.215418 28.325864, 41.218290 28.321128, 41.221161 28.316393, 41.224032 28.311658, 41.226903 28.306922, 41.229774 28.302186, 41.232645 28.297451, 41.235515 28.292715, 41.238385 28.287979, 41.241255 28.283243, 41.244124 28.278507, 41.246993 28.273771, 41.249862 28.269035, 41.252731 28.264299, 41.255599 28.259563, 41.258468 28.254827, 41.261336 28.250091, 41.264203 28.245354, 41.267071 28.240618, 41.269938 28.235881, 41.272805 28.231145, 41.275671 28.226408, 41.278538 28.221672, 41.281404 28.216935, 41.284270 28.212198, 41.287136 28.207461, 41.290001 28.202725, 41.292866 28.197988, 41.295731 28.193251, 41.298596 28.188514, 41.301460 28.183776, 41.304324 28.179039, 41.307188 28.174302, 41.310052 28.169565, 41.312915 28.164827, 41.315778 28.160090, 41.318641 28.155353, 41.321504 28.150615, 41.324366 28.145877, 41.327228 28.141140, 41.330090 28.136402, 41.332951 28.131664, 41.335813 28.126926, 41.338674 28.122189, 41.341535 28.117451, 41.344395 28.112713, 41.347256 28.107975, 41.350116 28.103236, 41.352976 28.098498, 41.355835 28.093760, 41.358694 28.089022, 41.361553 28.084283, 41.364412 28.079545, 41.367271 28.074806, 41.370129 28.070068, 41.372987 28.065329, 41.375845 28.060591, 41.378703 28.055852, 41.381560 28.051113, 41.384417 28.046374, 41.387274 28.041635, 41.390130 28.036896, 41.392987 28.032157, 41.395843 28.027418, 41.398698 28.022679, 41.401554 28.017940, 41.404409 28.013201, 41.407264 28.008461, 41.410119 28.003722, 41.412974 27.998983, 41.415828 27.994243, 41.418682 27.989504, 41.421536 27.984764, 41.424389 27.980024, 41.427242 27.975285, 41.430095 27.970545, 41.432948 27.965805, 41.435801 27.961065, 41.438653 27.956325, 41.441505 27.951585, 41.444357 27.946845, 41.447208 27.942105, 41.450060 27.937365, 41.452911 27.932625, 41.455761 27.927884, 41.458612 27.923144, 41.461462 27.918403, 41.464312 27.913663, 41.467162 27.908922, 41.470012 27.904182, 41.472861 27.899441, 41.475710 27.894700, 41.478559 27.889960, 41.481407 27.885219, 41.484255 27.880478, 41.487104 27.875737, 41.489951 27.870996, 41.492799 27.866255, 41.495646 27.861514, 41.498493 27.856773, 41.501340 27.852031, 41.504186 27.847290, 41.507033 27.842549, 41.509879 27.837807, 41.512725 27.833066, 41.515570 27.828324, 41.518415 27.823583, 41.521260 27.818841, 41.524105 27.814099, 41.526950 27.809358, 41.529794 27.804616, 41.532638 27.799874, 41.535482 27.795132, 41.538325 27.790390, 41.541169 27.785648, 41.544012 27.780906, 41.546855 27.776164, 41.549697 27.771421, 41.552540 27.766679, 41.555382 27.761937, 41.558223 27.757194, 41.561065 27.752452, 41.563906 27.747709, 41.566747 27.742967, 41.569588 27.738224, 41.572429 27.733481, 41.575269 27.728739, 41.578109 27.723996, 41.580949 27.719253, 41.583789 27.714510, 41.586628 27.709767, 41.589467 27.705024, 41.592306 27.700281, 41.595145 27.695538, 41.597983 27.690794, 41.600821 27.686051, 41.603659 27.681308, 41.606496 27.676564, 41.609334 27.671821, 41.612171 27.667077, 41.615008 27.662334, 41.617844 27.657590, 41.620681 27.652847, 41.623517 27.648103, 41.626353 27.643359, 41.629189 27.638615, 41.632024 27.633871, 41.634859 27.629127, 41.637694 27.624383, 41.640529 27.619639, 41.643363 27.614895, 41.646197 27.610151, 41.649031 27.605407, 41.651865 27.600662, 41.654698 27.595918, 41.657532 27.591173, 41.660364 27.586429, 41.663197 27.581684, 41.666030 27.576940, 41.668862 27.572195, 41.671694 27.567450, 41.674526 27.562706, 41.677357 27.557961, 41.680188 27.553216, 41.683019 27.548471, 41.685850 27.543726, 41.688680 27.538981, 41.691511 27.534236, 41.694341 27.529491, 41.697170 27.524745, 41.700000 27.520000, 41.702172 27.525019, 41.704345 27.530038, 41.706517 27.535057, 41.708690 27.540076, 41.710863 27.545095, 41.713037 27.550114, 41.715210 27.555133, 41.717384 27.560152, 41.719558 27.565171, 41.721732 27.570190, 41.723906 27.575208, 41.726081 27.580227, 41.728255 27.585246, 41.730430 27.590265, 41.732605 27.595283, 41.734780 27.600302, 41.736956 27.605320, 41.739132 27.610339, 41.741307 27.615357, 41.743484 27.620376, 41.745660 27.625394, 41.747836 27.630413, 41.750013 27.635431, 41.752190 27.640449, 41.754367 27.645468, 41.756544 27.650486, 41.758722 27.655504, 41.760899 27.660522, 41.763077 27.665541, 41.765255 27.670559, 41.767433 27.675577, 41.769612 27.680595, 41.771791 27.685613, 41.773969 27.690631, 41.776148 27.695649, 41.778328 27.700667, 41.780507 27.705685, 41.782687 27.710703, 41.784867 27.715720, 41.787047 27.720738, 41.789227 27.725756, 41.791408 27.730774, 41.793588 27.735791, 41.795769 27.740809, 41.797950 27.745827, 41.800131 27.750844, 41.802313 27.755862, 41.804495 27.760879, 41.806676 27.765897, 41.808859 27.770914, 41.811041 27.775932, 41.813223 27.780949, 41.815406 27.785966, 41.817589 27.790984, 41.819772 27.796001, 41.821955 27.801018, 41.824139 27.806035, 41.826322 27.811053, 41.828506 27.816070, 41.830690 27.821087, 41.832875 27.826104, 41.835059 27.831121, 41.837244 27.836138, 41.839429 27.841155, 41.841614 27.846172, 41.843799 27.851189, 41.845985 27.856206, 41.848170 27.861222, 41.850356 27.866239, 41.852542 27.871256, 41.854729 27.876273, 41.856915 27.881289, 41.859102 27.886306, 41.861289 27.891323, 41.863476 27.896339, 41.865663 27.901356, 41.867851 27.906372, 41.870039 27.911389, 41.872227 27.916405, 41.874415 27.921422, 41.876603 27.926438, 41.878792 27.931454, 41.880980 27.936471, 41.883169 27.941487, 41.885358 27.946503, 41.887548 27.951520, 41.889737 27.956536, 41.891927 27.961552, 41.894117 27.966568, 41.896307 27.971584, 41.898498 27.976600, 41.900688 27.981616, 41.902879 27.986632, 41.905070 27.991648, 41.907261 27.996664, 41.909453 28.001680, 41.911644 28.006696, 41.913836 28.011711, 41.916028 28.016727, 41.918220 28.021743, 41.920413 28.026758, 41.922605 28.031774, 41.924798 28.036790, 41.926991 28.041805, 41.929184 28.046821, 41.931378 28.051836, 41.933571 28.056852, 41.935765 28.061867, 41.937959 28.066883, 41.940154 28.071898, 41.942348 28.076913, 41.944543 28.081929, 41.946738 28.086944, 41.948933 28.091959, 41.951128 28.096974, 41.953323 28.101990, 41.955519 28.107005, 41.957715 28.112020, 41.959911 28.117035, 41.962108 28.122050, 41.964304 28.127065, 41.966501 28.132080, 41.968698 28.137095, 41.970895 28.142110, 41.973092 28.147125, 41.975290 28.152139, 41.977487 28.157154, 41.979685 28.162169, 41.981884 28.167184, 41.984082 28.172198, 41.986281 28.177213, 41.988479 28.182228, 41.990678 28.187242, 41.992877 28.192257, 41.995077 28.197271, 41.997276 28.202286, 41.999476 28.207300, 42.001676 28.212314, 42.003877 28.217329, 42.006077 28.222343, 42.008278 28.227357, 42.010478 28.232372, 42.012679 28.237386, 42.014881 28.242400, 42.017082 28.247414, 42.019284 28.252428, 42.021486 28.257442, 42.023688 28.262456, 42.025890 28.267470, 42.028093 28.272484, 42.030295 28.277498, 42.032498 28.282512, 42.034701 28.287526, 42.036905 28.292540, 42.039108 28.297554, 42.041312 28.302567, 42.043516 28.307581, 42.045720 28.312595, 42.047925 28.317609, 42.050129 28.322622, 42.052334 28.327636, 42.054539 28.332649, 42.056744 28.337663, 42.058949 28.342676, 42.061155 28.347690, 42.063361 28.352703, 42.065567 28.357716, 42.067773 28.362730, 42.069980 28.367743, 42.072186 28.372756, 42.074393 28.377770, 42.076600 28.382783, 42.078808 28.387796, 42.081015 28.392809, 42.083223 28.397822, 42.085431 28.402835, 42.087639 28.407848, 42.089847 28.412861, 42.092056 28.417874, 42.094264 28.422887, 42.096473 28.427900, 42.098683 28.432913, 42.100892 28.437926, 42.103101 28.442938, 42.105311 28.447951, 42.107521 28.452964, 42.109732 28.457976, 42.111942 28.462989, 42.114153 28.468002, 42.116363 28.473014, 42.118574 28.478027, 42.120786 28.483039, 42.122997 28.488052, 42.125209 28.493064, 42.127421 28.498076, 42.129633 28.503089, 42.131845 28.508101, 42.134058 28.513113, 42.136270 28.518125, 42.138483 28.523138, 42.140697 28.528150, 42.142910 28.533162, 42.145123 28.538174, 42.147337 28.543186, 42.149551 28.548198, 42.151765 28.553210, 42.153980 28.558222, 42.156195 28.563234, 42.158409 28.568246, 42.160624 28.573258, 42.162840 28.578269, 42.165055 28.583281, 42.167271 28.588293, 42.169487 28.593305, 42.171703 28.598316, 42.173919 28.603328, 42.176136 28.608339, 42.178352 28.613351, 42.180569 28.618363, 42.182787 28.623374, 42.185004 28.628385, 42.187222 28.633397, 42.189439 28.638408, 42.191657 28.643420, 42.193876 28.648431, 42.196094 28.653442, 42.198313 28.658453, 42.200532 28.663464, 42.202751 28.668476, 42.204970 28.673487, 42.207189 28.678498, 42.209409 28.683509, 42.211629 28.688520, 42.213849 28.693531, 42.216069 28.698542, 42.218290 28.703553, 42.220511 28.708563, 42.222732 28.713574, 42.224953 28.718585, 42.227174 28.723596, 42.229396 28.728607, 42.231618 28.733617, 42.233840 28.738628, 42.236062 28.743638, 42.238285 28.748649, 42.240507 28.753660, 42.242730 28.758670, 42.244953 28.763681, 42.247177 28.768691, 42.249400 28.773701, 42.251624 28.778712, 42.253848 28.783722, 42.256072 28.788732, 42.258297 28.793742, 42.260521 28.798753, 42.262746 28.803763, 42.264971 28.808773, 42.267196 28.813783, 42.269422 28.818793, 42.271647 28.823803, 42.273873 28.828813, 42.276099 28.833823, 42.278326 28.838833, 42.280552 28.843843, 42.282779 28.848853, 42.285006 28.853863, 42.287233 28.858872, 42.289461 28.863882, 42.291688 28.868892, 42.293916 28.873901, 42.296144 28.878911, 42.298372 28.883921, 42.300601 28.888930, 42.302829 28.893940, 42.305058 28.898949, 42.307287 28.903959, 42.309517 28.908968, 42.311746 28.913977, 42.313976 28.918987, 42.316206 28.923996, 42.318436 28.929005, 42.320667 28.934014, 42.322897 28.939024, 42.325128 28.944033, 42.327359 28.949042, 42.329590 28.954051, 42.331822 28.959060, 42.334054 28.964069, 42.336286 28.969078, 42.338518 28.974087, 42.340750 28.979096, 42.342983 28.984104, 42.345215 28.989113, 42.347448 28.994122, 42.349682 28.999131, 42.351915 29.004139, 42.354149 29.009148, 42.356383 29.014157, 42.358617 29.019165, 42.360851 29.024174, 42.363085 29.029182, 42.365320 29.034191, 42.367555 29.039199, 42.369790 29.044208, 42.372026 29.049216, 42.374261 29.054224, 42.376497 29.059233, 42.378733 29.064241, 42.380969 29.069249, 42.383206 29.074257, 42.385443 29.079266, 42.387679 29.084274, 42.389917 29.089282, 42.392154 29.094290, 42.394392 29.099298, 42.396629 29.104306, 42.398867 29.109314, 42.401105 29.114322, 42.403344 29.119329, 42.405583 29.124337, 42.407821 29.129345, 42.410061 29.134353, 42.412300 29.139360, 42.414539 29.144368, 42.416779 29.149376, 42.419019 29.154383, 42.421259 29.159391, 42.423500 29.164398, 42.425740 29.169406, 42.427981 29.174413, 42.430222 29.179421, 42.432463 29.184428, 42.434705 29.189435, 42.436947 29.194443, 42.439188 29.199450, 42.441431 29.204457, 42.443673 29.209464, 42.445916 29.214471, 42.448158 29.219478, 42.450401 29.224486, 42.452645 29.229493, 42.454888 29.234500, 42.457132 29.239506, 42.459376 29.244513, 42.461620 29.249520, 42.463864 29.254527, 42.466109 29.259534, 42.468353 29.264541, 42.470598 29.269547, 42.472844 29.274554, 42.475089 29.279561, 42.477335 29.284567, 42.479581 29.289574, 42.481827 29.294580, 42.484073 29.299587, 42.486320 29.304593, 42.488566 29.309600, 42.490813 29.314606, 42.493060 29.319613, 42.495308 29.324619, 42.497556 29.329625, 42.499803 29.334631, 42.502051 29.339638, 42.504300 29.344644, 42.506548 29.349650, 42.508797 29.354656, 42.511046 29.359662, 42.513295 29.364668, 42.515545 29.369674, 42.517794 29.374680, 42.520044 29.379686, 42.522294 29.384692, 42.524544 29.389698, 42.526795 29.394703, 42.529046 29.399709, 42.531297 29.404715, 42.533548 29.409720, 42.535799 29.414726, 42.538051 29.419732, 42.540303 29.424737, 42.542555 29.429743, 42.544807 29.434748, 42.547060 29.439754, 42.549312 29.444759, 42.551565 29.449764, 42.553818 29.454770, 42.556072 29.459775, 42.558325 29.464780, 42.560579 29.469786, 42.562833 29.474791, 42.565088 29.479796, 42.567342 29.484801, 42.569597 29.489806, 42.571852 29.494811, 42.574107 29.499816, 42.576362 29.504821, 42.578618 29.509826, 42.580874 29.514831, 42.583130 29.519836, 42.585386 29.524840, 42.587643 29.529845, 42.589899 29.534850, 42.592156 29.539855, 42.594414 29.544859, 42.596671 29.549864, 42.598929 29.554868, 42.601187 29.559873, 42.603445 29.564877, 42.605703 29.569882, 42.607961 29.574886, 42.610220 29.579891, 42.612479 29.584895, 42.614738 29.589899, 42.616998 29.594904, 42.619257 29.599908, 42.621517 29.604912, 42.623777 29.609916, 42.626038 29.614920, 42.628298 29.619924, 42.630559 29.624928, 42.632820 29.629932, 42.635081 29.634936, 42.637343 29.639940, 42.639604 29.644944, 42.641866 29.649948, 42.644128 29.654952, 42.646391 29.659956, 42.648653 29.664959, 42.650916 29.669963, 42.653179 29.674967, 42.655442 29.679970, 42.657706 29.684974, 42.659970 29.689977, 42.662233 29.694981, 42.664498 29.699984, 42.666762 29.704988, 42.669027 29.709991, 42.671291 29.714994, 42.673556 29.719998, 42.675822 29.725001, 42.678087 29.730004, 42.680353 29.735007, 42.682619 29.740011, 42.684885 29.745014, 42.687152 29.750017, 42.689418 29.755020, 42.691685 29.760023, 42.693952 29.765026, 42.696219 29.770029, 42.698487 29.775032, 42.700755 29.780034, 42.703023 29.785037, 42.705291 29.790040, 42.707559 29.795043, 42.709828 29.800045, 42.712097 29.805048, 42.714366 29.810051, 42.716635 29.815053, 42.718905 29.820056, 42.721175 29.825058, 42.723445 29.830061, 42.725715 29.835063, 42.727986 29.840065, 42.730256 29.845068, 42.732527 29.850070, 42.734798 29.855072, 42.737070 29.860075, 42.739341 29.865077, 42.741613 29.870079, 42.743885 29.875081, 42.746158 29.880083, 42.748430 29.885085, 42.750703 29.890087, 42.752976 29.895089, 42.755249 29.900091, 42.757523 29.905093, 42.759796 29.910095, 42.762070 29.915096, 42.764344 29.920098, 42.766619 29.925100, 42.768893 29.930102, 42.771168 29.935103, 42.773443 29.940105, 42.775718 29.945106, 42.777994 29.950108, 42.780270 29.955109, 42.782546 29.960111, 42.784822 29.965112, 42.787098 29.970114, 42.789375 29.975115, 42.791652 29.980116, 42.793929 29.985117, 42.796206 29.990119, 42.798484 29.995120, 42.800762 30.000121, 42.803040 30.005122, 42.805318 30.010123, 42.807596 30.015124, 42.809875 30.020125, 42.812154 30.025126, 42.814433 30.030127, 42.816713 30.035128, 42.818992 30.040128, 42.821272 30.045129, 42.823552 30.050130, 42.825833 30.055131, 42.828113 30.060131, 42.830394 30.065132, 42.832675 30.070132, 42.834956 30.075133, 42.837238 30.080134, 42.839519 30.085134, 42.841801 30.090134, 42.844084 30.095135, 42.846366 30.100135, 42.848649 30.105135, 42.850931 30.110136, 42.853215 30.115136, 42.855498 30.120136, 42.857781 30.125136, 42.860065 30.130136, 42.862349 30.135136, 42.864634 30.140136, 42.866918 30.145136, 42.869203 30.150136, 42.871488 30.155136, 42.873773 30.160136, 42.876058 30.165136, 42.878344 30.170136, 42.880630 30.175135, 42.882916 30.180135, 42.885202 30.185135, 42.887489 30.190134, 42.889776 30.195134, 42.892063 30.200134, 42.894350 30.205133, 42.896637 30.210133, 42.898925 30.215132, 42.901213 30.220131, 42.903501 30.225131, 42.905790 30.230130, 42.908078 30.235129, 42.910367 30.240129, 42.912656 30.245128, 42.914946 30.250127, 42.917235 30.255126, 42.919525 30.260125, 42.921815 30.265124, 42.924106 30.270123, 42.926396 30.275122, 42.928687 30.280121, 42.930978 30.285120, 42.933269 30.290119, 42.935561 30.295117, 42.937852 30.300116, 42.940144 30.305115, 42.942436 30.310114, 42.944729 30.315112, 42.947021 30.320111, 42.949314 30.325109, 42.951607 30.330108, 42.953901 30.335106, 42.956194 30.340105, 42.958488 30.345103, 42.960782 30.350102, 42.963076 30.355100, 42.965371 30.360098, 42.967666 30.365096, 42.969961 30.370095, 42.972256 30.375093, 42.974551 30.380091, 42.976847 30.385089, 42.979143 30.390087, 42.981439 30.395085, 42.983735 30.400083, 42.986032 30.405081, 42.988329 30.410079, 42.990626 30.415076, 42.992923 30.420074, 42.995221 30.425072, 42.997519 30.430070, 42.999817 30.435067, 43.002115 30.440065, 43.004413 30.445063, 43.006712 30.450060, 43.009011 30.455058, 43.011310 30.460055, 43.013610 30.465053, 43.015909 30.470050, 43.018209 30.475047, 43.020509 30.480045, 43.022810 30.485042, 43.025110 30.490039, 43.027411 30.495036, 43.029712 30.500033, 43.032014 30.505031, 43.034315 30.510028, 43.036617 30.515025, 43.038919 30.520022, 43.041221 30.525019, 43.043524 30.530015, 43.045827 30.535012, 43.048130 30.540009, 43.050433 30.545006, 43.052736 30.550003, 43.055040 30.554999, 43.057344 30.559996, 43.059648 30.564993, 43.061953 30.569989, 43.064257 30.574986, 43.066562 30.579982, 43.068867 30.584979, 43.071173 30.589975, 43.073478 30.594972, 43.075784 30.599968, 43.078090 30.604964, 43.080396 30.609960, 43.082703 30.614957, 43.085010 30.619953, 43.087317 30.624949, 43.089624 30.629945, 43.091932 30.634941, 43.094239 30.639937, 43.096547 30.644933, 43.098856 30.649929, 43.101164 30.654925, 43.103473 30.659921, 43.105782 30.664917, 43.108091 30.669912, 43.110400 30.674908, 43.112710 30.679904, 43.115020 30.684899, 43.117330 30.689895, 43.119640 30.694890, 43.121951 30.699886, 43.124262 30.704881, 43.126573 30.709877, 43.128884 30.714872, 43.131196 30.719868, 43.133508 30.724863, 43.135820 30.729858, 43.138132 30.734853, 43.140444 30.739849, 43.142757 30.744844, 43.145070 30.749839, 43.147383 30.754834, 43.149697 30.759829, 43.152011 30.764824, 43.154325 30.769819, 43.156639 30.774814, 43.158953 30.779809, 43.161268 30.784804, 43.163583 30.789798, 43.165898 30.794793, 43.168213 30.799788, 43.170529 30.804782, 43.172845 30.809777, 43.175161 30.814772, 43.177477 30.819766, 43.179794 30.824761, 43.182111 30.829755, 43.184428 30.834750, 43.186745 30.839744, 43.189063 30.844738, 43.191381 30.849732, 43.193699 30.854727, 43.196017 30.859721, 43.198336 30.864715, 43.200654 30.869709, 43.202973 30.874703, 43.205293 30.879697, 43.207612 30.884691, 43.209932 30.889685, 43.212252 30.894679, 43.214572 30.899673, 43.216893 30.904667, 43.219213 30.909661, 43.221534 30.914654, 43.223856 30.919648, 43.226177 30.924642, 43.228499 30.929635, 43.230821 30.934629, 43.233143 30.939623, 43.235465 30.944616, 43.237788 30.949610, 43.240111 30.954603, 43.242434 30.959596, 43.244757 30.964590, 43.247081 30.969583, 43.249405 30.974576, 43.251729 30.979569, 43.254053 30.984563, 43.256378 30.989556, 43.258703 30.994549, 43.261028 30.999542, 43.263353 31.004535, 43.265679 31.009528, 43.268005 31.014521, 43.270331 31.019514, 43.272657 31.024506, 43.274983 31.029499, 43.277310 31.034492, 43.279637 31.039485, 43.281965 31.044477, 43.284292 31.049470, 43.286620 31.054463, 43.288948 31.059455, 43.291276 31.064448, 43.293605 31.069440, 43.295933 31.074432, 43.298262 31.079425, 43.300592 31.084417, 43.302921 31.089409, 43.305251 31.094402, 43.307581 31.099394, 43.309911 31.104386, 43.312241 31.109378, 43.314572 31.114370, 43.316903 31.119362, 43.319234 31.124354, 43.321566 31.129346, 43.323897 31.134338, 43.326229 31.139330, 43.328562 31.144322, 43.330894 31.149314, 43.333227 31.154305, 43.335560 31.159297, 43.337893 31.164289, 43.340226 31.169280, 43.342560 31.174272, 43.344894 31.179264, 43.347228 31.184255, 43.349562 31.189246, 43.351897 31.194238, 43.354232 31.199229, 43.356567 31.204221, 43.358902 31.209212, 43.361238 31.214203, 43.363574 31.219194, 43.365910 31.224185, 43.368246 31.229177, 43.370583 31.234168, 43.372920 31.239159, 43.375257 31.244150, 43.377594 31.249141, 43.379932 31.254131, 43.382270 31.259122, 43.384608 31.264113, 43.386946 31.269104, 43.389285 31.274095, 43.391623 31.279085, 43.393963 31.284076, 43.396302 31.289067, 43.398641 31.294057, 43.400981 31.299048, 43.403321 31.304038, 43.405662 31.309029, 43.408002 31.314019, 43.410343 31.319009, 43.412684 31.324000, 43.415025 31.328990, 43.417367 31.333980, 43.419709 31.338970, 43.422051 31.343960, 43.424393 31.348951, 43.426736 31.353941, 43.429079 31.358931, 43.431422 31.363921, 43.433765 31.368911, 43.436108 31.373900, 43.438452 31.378890, 43.440796 31.383880, 43.443141 31.388870, 43.445485 31.393860, 43.447830 31.398849, 43.450175 31.403839, 43.452520 31.408828, 43.454866 31.413818, 43.457212 31.418807, 43.459558 31.423797, 43.461904 31.428786, 43.464251 31.433776, 43.466597 31.438765, 43.468944 31.443754, 43.471292 31.448744, 43.473639 31.453733, 43.475987 31.458722, 43.478335 31.463711, 43.480683 31.468700, 43.483032 31.473689, 43.485381 31.478678, 43.487730 31.483667, 43.490079 31.488656, 43.492429 31.493645, 43.494778 31.498634, 43.497128 31.503622, 43.499479 31.508611, 43.501829 31.513600, 43.504180 31.518588, 43.506531 31.523577, 43.508882 31.528566, 43.511234 31.533554, 43.513586 31.538543, 43.515938 31.543531, 43.518290 31.548519, 43.520643 31.553508, 43.522995 31.558496, 43.525349 31.563484, 43.527702 31.568472, 43.530055 31.573461, 43.532409 31.578449, 43.534763 31.583437, 43.537118 31.588425, 43.539472 31.593413, 43.541827 31.598401, 43.544182 31.603389, 43.546537 31.608377, 43.548893 31.613364, 43.551249 31.618352, 43.553605 31.623340, 43.555961 31.628328, 43.558318 31.633315, 43.560675 31.638303, 43.563032 31.643290, 43.565389 31.648278, 43.567747 31.653265, 43.570105 31.658253, 43.572463 31.663240, 43.574821 31.668228, 43.577180 31.673215, 43.579539 31.678202, 43.581898 31.683189, 43.584257 31.688177, 43.586617 31.693164, 43.588977 31.698151, 43.591337 31.703138, 43.593697 31.708125, 43.596058 31.713112, 43.598419 31.718099, 43.600780 31.723086, 43.603141 31.728072, 43.605503 31.733059, 43.607865 31.738046, 43.610227 31.743033, 43.612589 31.748019, 43.614952 31.753006, 43.617315 31.757992, 43.619678 31.762979, 43.622042 31.767965, 43.624405 31.772952, 43.626769 31.777938, 43.629134 31.782925, 43.631498 31.787911, 43.633863 31.792897, 43.636228 31.797883, 43.638593 31.802870, 43.640958 31.807856, 43.643324 31.812842, 43.645690 31.817828, 43.648056 31.822814, 43.650423 31.827800, 43.652790 31.832786, 43.655157 31.837772, 43.657524 31.842757, 43.659891 31.847743, 43.662259 31.852729, 43.664627 31.857715, 43.666996 31.862700, 43.669364 31.867686, 43.671733 31.872671, 43.674102 31.877657, 43.676471 31.882642, 43.678841 31.887628, 43.681211 31.892613, 43.683581 31.897598, 43.685951 31.902584, 43.688322 31.907569, 43.690693 31.912554, 43.693064 31.917539, 43.695435 31.922525, 43.697807 31.927510, 43.700179 31.932495, 43.702551 31.937480, 43.704923 31.942465, 43.707296 31.947449, 43.709669 31.952434, 43.712042 31.957419, 43.714415 31.962404, 43.716789 31.967389, 43.719163 31.972373, 43.721537 31.977358, 43.723912 31.982342, 43.726286 31.987327, 43.728661 31.992312, 43.731037 31.997296, 43.733412 32.002280, 43.735788 32.007265, 43.738164 32.012249, 43.740540 32.017233, 43.742917 32.022218, 43.745293 32.027202, 43.747671 32.032186, 43.750048 32.037170, 43.752425 32.042154, 43.754803 32.047138, 43.757181 32.052122, 43.759560 32.057106, 43.761938 32.062090, 43.764317 32.067074, 43.766696 32.072057, 43.769076 32.077041, 43.771455 32.082025, 43.773835 32.087009, 43.776215 32.091992, 43.778596 32.096976, 43.780976 32.101959, 43.783357 32.106943, 43.785739 32.111926, 43.788120 32.116910, 43.790502 32.121893, 43.792884 32.126876, 43.795266 32.131860, 43.797648 32.136843, 43.800031 32.141826, 43.802414 32.146809, 43.804798 32.151792, 43.807181 32.156775, 43.809565 32.161758, 43.811949 32.166741, 43.814333 32.171724, 43.816718 32.176707, 43.819103 32.181690, 43.821488 32.186672, 43.823873 32.191655, 43.826259 32.196638, 43.828645 32.201620, 43.831031 32.206603, 43.833417 32.211586, 43.835804 32.216568, 43.838191 32.221550, 43.840578 32.226533, 43.842965 32.231515, 43.845353 32.236498, 43.847741 32.241480, 43.850129 32.246462, 43.852518 32.251444, 43.854907 32.256426, 43.857296 32.261408, 43.859685 32.266390, 43.862075 32.271373, 43.864464 32.276354, 43.866854 32.281336, 43.869245 32.286318, 43.871635 32.291300, 43.874026 32.296282, 43.876417 32.301264, 43.878809 32.306245, 43.881200 32.311227, 43.883592 32.316208, 43.885985 32.321190, 43.888377 32.326172, 43.890770 32.331153, 43.893163 32.336134, 43.895556 32.341116, 43.897949 32.346097, 43.900343 32.351078, 43.902737 32.356060, 43.905132 32.361041, 43.907526 32.366022, 43.909921 32.371003, 43.912316 32.375984, 43.914711 32.380965, 43.917107 32.385946, 43.919503 32.390927, 43.921899 32.395908, 43.924295 32.400889, 43.926692 32.405869, 43.929089 32.410850, 43.931486 32.415831, 43.933884 32.420812, 43.936281 32.425792, 43.938679 32.430773, 43.941078 32.435753, 43.943476 32.440734, 43.945875 32.445714, 43.948274 32.450694, 43.950673 32.455675, 43.953073 32.460655, 43.955473 32.465635, 43.957873 32.470616, 43.960273 32.475596, 43.962674 32.480576, 43.965075 32.485556, 43.967476 32.490536, 43.969877 32.495516, 43.972279 32.500496, 43.974681 32.505476, 43.977083 32.510455, 43.979486 32.515435, 43.981889 32.520415, 43.984292 32.525395, 43.986695 32.530374, 43.989098 32.535354, 43.991502 32.540333, 43.993906 32.545313, 43.996311 32.550292, 43.998715 32.555272, 44.001120 32.560251, 44.003525 32.565230, 44.005931 32.570210, 44.008337 32.575189, 44.010743 32.580168, 44.013149 32.585147, 44.015555 32.590126, 44.017962 32.595105, 44.020369 32.600084, 44.022776 32.605063, 44.025184 32.610042, 44.027592 32.615021, 44.030000 32.620000, 44.032427 32.624967, 44.034855 32.629935, 44.037282 32.634902, 44.039710 32.639869, 44.042139 32.644836, 44.044567 32.649803, 44.046996 32.654770, 44.049425 32.659737, 44.051855 32.664704, 44.054284 32.669671, 44.056714 32.674638, 44.059144 32.679604, 44.061575 32.684571, 44.064005 32.689538, 44.066436 32.694505, 44.068868 32.699471, 44.071299 32.704438, 44.073731 32.709404, 44.076163 32.714371, 44.078595 32.719337, 44.081028 32.724303, 44.083461 32.729270, 44.085894 32.734236, 44.088327 32.739202, 44.090761 32.744168, 44.093195 32.749134, 44.095629 32.754101, 44.098064 32.759067, 44.100499 32.764033, 44.102934 32.768998, 44.105369 32.773964, 44.107804 32.778930, 44.110240 32.783896, 44.112676 32.788862, 44.115113 32.793827, 44.117550 32.798793, 44.119987 32.803759, 44.122424 32.808724, 44.124861 32.813690, 44.127299 32.818655, 44.129737 32.823621, 44.132175 32.828586, 44.134614 32.833551, 44.137053 32.838517, 44.139492 32.843482, 44.141931 32.848447, 44.144371 32.853412, 44.146811 32.858377, 44.149251 32.863342, 44.151692 32.868307, 44.154132 32.873272, 44.156574 32.878237, 44.159015 32.883202, 44.161456 32.888167, 44.163898 32.893132, 44.166340 32.898096, 44.168783 32.903061, 44.171226 32.908026, 44.173668 32.912990, 44.176112 32.917955, 44.178555 32.922919, 44.180999 32.927883, 44.183443 32.932848, 44.185887 32.937812, 44.188332 32.942776, 44.190777 32.947741, 44.193222 32.952705, 44.195667 32.957669, 44.198113 32.962633, 44.200559 32.967597, 44.203005 32.972561, 44.205452 32.977525, 44.207899 32.982489, 44.210346 32.987453, 44.212793 32.992417, 44.215241 32.997380, 44.217689 33.002344, 44.220137 33.007308, 44.222585 33.012271, 44.225034 33.017235, 44.227483 33.022198, 44.229932 33.027162, 44.232382 33.032125, 44.234832 33.037089, 44.237282 33.042052, 44.239732 33.047015, 44.242183 33.051979, 44.244634 33.056942, 44.247085 33.061905, 44.249537 33.066868, 44.251988 33.071831, 44.254440 33.076794, 44.256893 33.081757, 44.259345 33.086720, 44.261798 33.091683, 44.264251 33.096645, 44.266705 33.101608, 44.269158 33.106571, 44.271612 33.111534, 44.274067 33.116496, 44.276521 33.121459, 44.278976 33.126421, 44.281431 33.131384, 44.283887 33.136346, 44.286342 33.141308, 44.288798 33.146271, 44.291254 33.151233, 44.293711 33.156195, 44.296168 33.161157, 44.298625 33.166120, 44.301082 33.171082, 44.303539 33.176044, 44.305997 33.181006, 44.308456 33.185968, 44.310914 33.190929, 44.313373 33.195891, 44.315832 33.200853, 44.318291 33.205815, 44.320750 33.210776, 44.323210 33.215738, 44.325670 33.220700, 44.328131 33.225661, 44.330591 33.230623, 44.333052 33.235584, 44.335514 33.240546, 44.337975 33.245507, 44.340437 33.250468, 44.342899 33.255429, 44.345361 33.260391, 44.347824 33.265352, 44.350287 33.270313, 44.352750 33.275274, 44.355213 33.280235, 44.357677 33.285196, 44.360141 33.290157, 44.362605 33.295118, 44.365070 33.300079, 44.367535 33.305039, 44.370000 33.310000, 44.374694 33.306324, 44.379388 33.302648, 44.384082 33.298972, 44.388775 33.295295, 44.393468 33.291619, 44.398160 33.287942, 44.402852 33.284265, 44.407544 33.280588, 44.412235 33.276911, 44.416926 33.273233, 44.421616 33.269556, 44.426306 33.265878, 44.430996 33.262200, 44.435685 33.258522, 44.440374 33.254844, 44.445062 33.251165, 44.449750 33.247486, 44.454438 33.243808, 44.459125 33.240128, 44.463812 33.236449, 44.468498 33.232770, 44.473184 33.229090, 44.477870 33.225411, 44.482555 33.221731, 44.487240 33.218051, 44.491924 33.214370, 44.496609 33.210690, 44.501292 33.207009, 44.505976 33.203328, 44.510658 33.199648, 44.515341 33.195966, 44.520023 33.192285, 44.524705 33.188604, 44.529386 33.184922, 44.534067 33.181240, 44.538747 33.177558, 44.543428 33.173876, 44.548107 33.170193, 44.552787 33.166511, 44.557466 33.162828, 44.562144 33.159145, 44.566822 33.155462, 44.571500 33.151779, 44.576178 33.148096, 44.580855 33.144412, 44.585531 33.140728, 44.590207 33.137044, 44.594883 33.133360, 44.599559 33.129676, 44.604234 33.125991, 44.608908 33.122307, 44.613583 33.118622, 44.618256 33.114937, 44.622930 33.111252, 44.627603 33.107566, 44.632276 33.103881, 44.636948 33.100195, 44.641620 33.096509, 44.646291 33.092823, 44.650962 33.089137, 44.655633 33.085451, 44.660303 33.081764, 44.664973 33.078078, 44.669643 33.074391, 44.674312 33.070704, 44.678981 33.067016, 44.683649 33.063329, 44.688317 33.059641, 44.692985 33.055953, 44.697652 33.052266, 44.702319 33.048577, 44.706985 33.044889, 44.711651 33.041201, 44.716317 33.037512, 44.720982 33.033823, 44.725647 33.030134, 44.730311 33.026445, 44.734976 33.022756, 44.739639 33.019066, 44.744303 33.015377, 44.748965 33.011687, 44.753628 33.007997, 44.758290 33.004306, 44.762952 33.000616, 44.767613 32.996925, 44.772274 32.993235, 44.776935 32.989544, 44.781595 32.985853, 44.786255 32.982162, 44.790914 32.978470, 44.795573 32.974779, 44.800232 32.971087, 44.804890 32.967395, 44.809548 32.963703, 44.814205 32.960010, 44.818862 32.956318, 44.823519 32.952625, 44.828175 32.948933, 44.832831 32.945240, 44.837487 32.941546, 44.842142 32.937853, 44.846796 32.934160, 44.851451 32.930466, 44.856105 32.926772, 44.860758 32.923078, 44.865411 32.919384, 44.870064 32.915690, 44.874717 32.911995, 44.879369 32.908300, 44.884020 32.904606, 44.888671 32.900910, 44.893322 32.897215, 44.897973 32.893520, 44.902623 32.889824, 44.907272 32.886129, 44.911922 32.882433, 44.916571 32.878737, 44.921219 32.875040, 44.925867 32.871344, 44.930515 32.867647, 44.935162 32.863951, 44.939809 32.860254, 44.944456 32.856557, 44.949102 32.852859, 44.953748 32.849162, 44.958393 32.845464, 44.963038 32.841766, 44.967683 32.838068, 44.972327 32.834370, 44.976971 32.830672, 44.981614 32.826974, 44.986258 32.823275, 44.990900 32.819576, 44.995543 32.815877, 45.000185 32.812178, 45.004826 32.808479, 45.009467 32.804779, 45.014108 32.801079, 45.018748 32.797380, 45.023388 32.793680, 45.028028 32.789979, 45.032667 32.786279, 45.037306 32.782578, 45.041945 32.778878, 45.046583 32.775177, 45.051220 32.771476, 45.055858 32.767775, 45.060494 32.764073, 45.065131 32.760372, 45.069767 32.756670, 45.074403 32.752968, 45.079038 32.749266, 45.083673 32.745564, 45.088308 32.741861, 45.092942 32.738159, 45.097576 32.734456, 45.102209 32.730753, 45.106842 32.727050, 45.111475 32.723347, 45.116107 32.719643, 45.120739 32.715940, 45.125371 32.712236, 45.130002 32.708532, 45.134633 32.704828, 45.139263 32.701124, 45.143893 32.697419, 45.148523 32.693714, 45.153152 32.690010, 45.157781 32.686305, 45.162409 32.682600, 45.167037 32.678894, 45.171665 32.675189, 45.176292 32.671483, 45.180919 32.667777, 45.185546 32.664071, 45.190172 32.660365, 45.194798 32.656659, 45.199423 32.652952, 45.204048 32.649246, 45.208672 32.645539, 45.213297 32.641832, 45.217921 32.638125, 45.222544 32.634417, 45.227167 32.630710, 45.231790 32.627002, 45.236412 32.623294, 45.241034 32.619586, 45.245656 32.615878, 45.250277 32.612170, 45.254897 32.608461, 45.259518 32.604753, 45.264138 32.601044, 45.268758 32.597335, 45.273377 32.593625, 45.277996 32.589916, 45.282614 32.586207, 45.287232 32.582497, 45.291850 32.578787, 45.296467 32.575077, 45.301084 32.571367, 45.305701 32.567656, 45.310317 32.563946, 45.314933 32.560235, 45.319548 32.556524, 45.324163 32.552813, 45.328778 32.549102, 45.333392 32.545390, 45.338006 32.541679, 45.342620 32.537967, 45.347233 32.534255, 45.351846 32.530543, 45.356458 32.526831, 45.361070 32.523119, 45.365682 32.519406, 45.370293 32.515693, 45.374904 32.511980, 45.379514 32.508267, 45.384124 32.504554, 45.388734 32.500841, 45.393343 32.497127, 45.397952 32.493413, 45.402561 32.489699, 45.407169 32.485985, 45.411777 32.482271, 45.416384 32.478557, 45.420991 32.474842, 45.425598 32.471127, 45.430204 32.467412, 45.434810 32.463697, 45.439416 32.459982, 45.444021 32.456266, 45.448625 32.452551, 45.453230 32.448835, 45.457834 32.445119, 45.462438 32.441403, 45.467041 32.437687, 45.471644 32.433970, 45.476246 32.430254, 45.480848 32.426537, 45.485450 32.422820, 45.490051 32.419103, 45.494652 32.415386, 45.499253 32.411668, 45.503853 32.407951, 45.508453 32.404233, 45.513052 32.400515, 45.517651 32.396797, 45.522250 32.393079, 45.526848 32.389360, 45.531446 32.385642, 45.536044 32.381923, 45.540641 32.378204, 45.545238 32.374485, 45.549834 32.370765, 45.554430 32.367046, 45.559026 32.363326, 45.563621 32.359607, 45.568216 32.355887, 45.572811 32.352167, 45.577405 32.348446, 45.581999 32.344726, 45.586592 32.341005, 45.591185 32.337284, 45.595778 32.333564, 45.600370 32.329842, 45.604962 32.326121, 45.609554 32.322400, 45.614145 32.318678, 45.618735 32.314956, 45.623326 32.311234, 45.627916 32.307512, 45.632505 32.303790, 45.637095 32.300068, 45.641684 32.296345, 45.646272 32.292622, 45.650860 32.288899, 45.655448 32.285176, 45.660035 32.281453, 45.664622 32.277729, 45.669209 32.274006, 45.673795 32.270282, 45.678381 32.266558, 45.682966 32.262834, 45.687552 32.259110, 45.692136 32.255385, 45.696721 32.251661, 45.701305 32.247936, 45.705888 32.244211, 45.710471 32.240486, 45.715054 32.236761, 45.719637 32.233035, 45.724219 32.229310, 45.728801 32.225584, 45.733382 32.221858, 45.737963 32.218132, 45.742544 32.214406, 45.747124 32.210679, 45.751704 32.206953, 45.756283 32.203226, 45.760862 32.199499, 45.765441 32.195772, 45.770019 32.192045, 45.774597 32.188317, 45.779175 32.184590, 45.783752 32.180862, 45.788329 32.177134, 45.792905 32.173406, 45.797481 32.169678, 45.802057 32.165950, 45.806633 32.162221, 45.811208 32.158492, 45.815782 32.154763, 45.820356 32.151034, 45.824930 32.147305, 45.829504 32.143576, 45.834077 32.139846, 45.838649 32.136117, 45.843222 32.132387, 45.847794 32.128657, 45.852365 32.124926, 45.856937 32.121196, 45.861508 32.117466, 45.866078 32.113735, 45.870648 32.110004, 45.875218 32.106273, 45.879787 32.102542, 45.884356 32.098810, 45.888925 32.095079, 45.893493 32.091347, 45.898061 32.087615, 45.902628 32.083883, 45.907196 32.080151, 45.911762 32.076419, 45.916329 32.072686, 45.920895 32.068954, 45.925460 32.065221, 45.930026 32.061488, 45.934591 32.057755, 45.939155 32.054021, 45.943719 32.050288, 45.948283 32.046554, 45.952846 32.042821, 45.957409 32.039087, 45.961972 32.035352, 45.966534 32.031618, 45.971096 32.027884, 45.975658 32.024149, 45.980219 32.020414, 45.984780 32.016679, 45.989340 32.012944, 45.993900 32.009209, 45.998460 32.005474, 46.003019 32.001738, 46.007578 31.998002, 46.012137 31.994266, 46.016695 31.990530, 46.021253 31.986794, 46.025810 31.983058, 46.030367 31.979321, 46.034924 31.975584, 46.039480 31.971847, 46.044036 31.968110, 46.048592 31.964373, 46.053147 31.960636, 46.057702 31.956898, 46.062256 31.953160, 46.066811 31.949422, 46.071364 31.945684, 46.075918 31.941946, 46.080471 31.938208, 46.085023 31.934469, 46.089576 31.930731, 46.094127 31.926992, 46.098679 31.923253, 46.103230 31.919514, 46.107781 31.915774, 46.112331 31.912035, 46.116881 31.908295, 46.121431 31.904555, 46.125980 31.900815, 46.130529 31.897075, 46.135078 31.893335, 46.139626 31.889594, 46.144174 31.885854, 46.148721 31.882113, 46.153268 31.878372, 46.157815 31.874631, 46.162361 31.870890, 46.166907 31.867148, 46.171453 31.863406, 46.175998 31.859665, 46.180543 31.855923, 46.185088 31.852181, 46.189632 31.848438, 46.194176 31.844696, 46.198719 31.840953, 46.203262 31.837211, 46.207805 31.833468, 46.212347 31.829725, 46.216889 31.825982, 46.221430 31.822238, 46.225972 31.818495, 46.230512 31.814751, 46.235053 31.811007, 46.239593 31.807263, 46.244133 31.803519, 46.248672 31.799774, 46.253211 31.796030, 46.257750 31.792285, 46.262288 31.788540, 46.266826 31.784795, 46.271363 31.781050, 46.275900 31.777305, 46.280437 31.773559, 46.284974 31.769814, 46.289510 31.766068, 46.294045 31.762322, 46.298581 31.758576, 46.303115 31.754830, 46.307650 31.751083, 46.312184 31.747337, 46.316718 31.743590, 46.321252 31.739843, 46.325785 31.736096, 46.330317 31.732349, 46.334850 31.728601, 46.339382 31.724854, 46.343913 31.721106, 46.348445 31.717358, 46.352976 31.713610, 46.357506 31.709862, 46.362036 31.706113, 46.366566 31.702365, 46.371095 31.698616, 46.375625 31.694867, 46.380153 31.691118, 46.384682 31.687369, 46.389210 31.683620, 46.393737 31.679870, 46.398264 31.676121, 46.402791 31.672371, 46.407318 31.668621, 46.411844 31.664871, 46.416370 31.661121, 46.420895 31.657370, 46.425420 31.653619, 46.429945 31.649869, 46.434469 31.646118, 46.438993 31.642367, 46.443517 31.638615, 46.448040 31.634864, 46.452563 31.631113, 46.457085 31.627361, 46.461607 31.623609, 46.466129 31.619857, 46.470651 31.616105, 46.475172 31.612352, 46.479692 31.608600, 46.484213 31.604847, 46.488733 31.601094, 46.493252 31.597341, 46.497771 31.593588, 46.502290 31.589835, 46.506809 31.586081, 46.511327 31.582328, 46.515845 31.578574, 46.520362 31.574820, 46.524879 31.571066, 46.529396 31.567312, 46.533912 31.563557, 46.538428 31.559803, 46.542943 31.556048, 46.547459 31.552293, 46.551973 31.548538, 46.556488 31.544783, 46.561002 31.541027, 46.565516 31.537272, 46.570029 31.533516, 46.574542 31.529760, 46.579055 31.526004, 46.583567 31.522248, 46.588079 31.518492, 46.592591 31.514735, 46.597102 31.510979, 46.601613 31.507222, 46.606123 31.503465, 46.610633 31.499708, 46.615143 31.495950, 46.619653 31.492193, 46.624162 31.488435, 46.628670 31.484678, 46.633179 31.480920, 46.637687 31.477162, 46.642194 31.473403, 46.646701 31.469645, 46.651208 31.465886, 46.655715 31.462128, 46.660221 31.458369, 46.664727 31.454610, 46.669232 31.450851, 46.673737 31.447091, 46.678242 31.443332, 46.682746 31.439572, 46.687250 31.435812, 46.691754 31.432053, 46.696257 31.428292, 46.700760 31.424532, 46.705263 31.420772, 46.709765 31.417011, 46.714267 31.413250, 46.718768 31.409489, 46.723269 31.405728, 46.727770 31.401967, 46.732270 31.398206, 46.736770 31.394444, 46.741270 31.390683, 46.745769 31.386921, 46.750268 31.383159, 46.754767 31.379397, 46.759265 31.375634, 46.763763 31.371872, 46.768260 31.368109, 46.772757 31.364346, 46.777254 31.360583, 46.781750 31.356820, 46.786246 31.353057, 46.790742 31.349294, 46.795237 31.345530, 46.799732 31.341766, 46.804227 31.338002, 46.808721 31.334238, 46.813215 31.330474, 46.817709 31.326710, 46.822202 31.322945, 46.826695 31.319181, 46.831187 31.315416, 46.835679 31.311651, 46.840171 31.307886, 46.844662 31.304120, 46.849153 31.300355, 46.853644 31.296589, 46.858134 31.292824, 46.862624 31.289058, 46.867114 31.285292, 46.871603 31.281525, 46.876092 31.277759, 46.880580 31.273992, 46.885068 31.270226, 46.889556 31.266459, 46.894044 31.262692, 46.898531 31.258925, 46.903017 31.255157, 46.907504 31.251390, 46.911990 31.247622, 46.916475 31.243854, 46.920961 31.240086, 46.925446 31.236318, 46.929930 31.232550, 46.934414 31.228782, 46.938898 31.225013, 46.943382 31.221244, 46.947865 31.217475, 46.952348 31.213706, 46.956830 31.209937, 46.961312 31.206168, 46.965794 31.202398, 46.970275 31.198629, 46.974756 31.194859, 46.979237 31.191089, 46.983717 31.187319, 46.988197 31.183549, 46.992677 31.179778, 46.997156 31.176008, 47.001635 31.172237, 47.006113 31.168466, 47.010591 31.164695, 47.015069 31.160924, 47.019546 31.157152, 47.024023 31.153381, 47.028500 31.149609, 47.032977 31.145837, 47.037453 31.142065, 47.041928 31.138293, 47.046403 31.134521, 47.050878 31.130748, 47.055353 31.126976, 47.059827 31.123203, 47.064301 31.119430, 47.068775 31.115657, 47.073248 31.111884, 47.077720 31.108110, 47.082193 31.104337, 47.086665 31.100563, 47.091137 31.096789, 47.095608 31.093015, 47.100079 31.089241, 47.104550 31.085467, 47.109020 31.081692, 47.113490 31.077918, 47.117960 31.074143, 47.122429 31.070368, 47.126898 31.066593, 47.131366 31.062818, 47.135834 31.059042, 47.140302 31.055267, 47.144770 31.051491, 47.149237 31.047715, 47.153704 31.043939, 47.158170 31.040163, 47.162636 31.036387, 47.167102 31.032610, 47.171567 31.028834, 47.176032 31.025057, 47.180497 31.021280, 47.184961 31.017503, 47.189425 31.013726, 47.193889 31.009949, 47.198352 31.006171, 47.202815 31.002393, 47.207277 30.998615, 47.211739 30.994837, 47.216201 30.991059, 47.220663 30.987281, 47.225124 30.983503, 47.229584 30.979724, 47.234045 30.975945, 47.238505 30.972166, 47.242964 30.968387, 47.247424 30.964608, 47.251883 30.960829, 47.256341 30.957049, 47.260800 30.953269, 47.265258 30.949490, 47.269715 30.945710, 47.274172 30.941929, 47.278629 30.938149, 47.283086 30.934369, 47.287542 30.930588, 47.291998 30.926807, 47.296453 30.923026, 47.300908 30.919245, 47.305363 30.915464, 47.309817 30.911683, 47.314271 30.907901, 47.318725 30.904120, 47.323178 30.900338, 47.327631 30.896556, 47.332084 30.892774, 47.336536 30.888991, 47.340988 30.885209, 47.345440 30.881426, 47.349891 30.877644, 47.354342 30.873861, 47.358793 30.870078, 47.363243 30.866295, 47.367693 30.862511, 47.372142 30.858728, 47.376591 30.854944, 47.381040 30.851160, 47.385488 30.847376, 47.389936 30.843592, 47.394384 30.839808, 47.398831 30.836024, 47.403278 30.832239, 47.407725 30.828454, 47.412171 30.824669, 47.416617 30.820884, 47.421063 30.817099, 47.425508 30.813314, 47.429953 30.809529, 47.434398 30.805743, 47.438842 30.801957, 47.443286 30.798171, 47.447729 30.794385, 47.452173 30.790599, 47.456615 30.786813, 47.461058 30.783026, 47.465500 30.779239, 47.469942 30.775452, 47.474383 30.771666, 47.478824 30.767878, 47.483265 30.764091, 47.487705 30.760304, 47.492145 30.756516, 47.496585 30.752728, 47.501024 30.748940, 47.505463 30.745152, 47.509902 30.741364, 47.514340 30.737576, 47.518778 30.733787, 47.523216 30.729999, 47.527653 30.726210, 47.532090 30.722421, 47.536526 30.718632, 47.540962 30.714843, 47.545398 30.711053, 47.549834 30.707264, 47.554269 30.703474, 47.558704 30.699684, 47.563138 30.695894, 47.567572 30.692104, 47.572006 30.688314, 47.576439 30.684523, 47.580872 30.680733, 47.585305 30.676942, 47.589737 30.673151, 47.594169 30.669360, 47.598601 30.665569, 47.603032 30.661777, 47.607463 30.657986, 47.611894 30.654194, 47.616324 30.650402, 47.620754 30.646610, 47.625184 30.642818, 47.629613 30.639026, 47.634042 30.635234, 47.638470 30.631441, 47.642898 30.627648, 47.647326 30.623855, 47.651754 30.620062, 47.656181 30.616269, 47.660608 30.612476, 47.665034 30.608682, 47.669460 30.604889, 47.673886 30.601095, 47.678311 30.597301, 47.682736 30.593507, 47.687161 30.589713, 47.691585 30.585919, 47.696009 30.582124, 47.700433 30.578329, 47.704856 30.574535, 47.709279 30.570740, 47.713702 30.566945, 47.718124 30.563149, 47.722546 30.559354, 47.726968 30.555558, 47.731389 30.551763, 47.735810 30.547967, 47.740231 30.544171, 47.744651 30.540375, 47.749071 30.536578, 47.753490 30.532782, 47.757909 30.528985, 47.762328 30.525188, 47.766747 30.521392, 47.771165 30.517595, 47.775583 30.513797, 47.780000 30.510000), (47.780000 30.510000, 47.780910 30.509560, 47.781820 30.509119, 47.782730 30.508679, 47.783640 30.508238, 47.784549 30.507798, 47.785459 30.507357, 47.786369 30.506916, 47.787279 30.506476, 47.788189 30.506035, 47.789099 30.505595, 47.790009 30.505154, 47.790918 30.504714, 47.791828 30.504273, 47.792738 30.503833, 47.793648 30.503392, 47.794558 30.502951, 47.795467 30.502511, 47.796377 30.502070, 47.797287 30.501630, 47.798197 30.501189, 47.799106 30.500748, 47.800016 30.500308, 47.800926 30.499867, 47.801836 30.499427, 47.802745 30.498986, 47.803655 30.498545, 47.804565 30.498105, 47.805474 30.497664, 47.806384 30.497223, 47.807294 30.496783, 47.808203 30.496342, 47.809113 30.495901, 47.810023 30.495461, 47.810932 30.495020, 47.811842 30.494579, 47.812752 30.494139, 47.813661 30.493698, 47.814571 30.493257, 47.815480 30.492816, 47.816390 30.492376, 47.817300 30.491935, 47.818209 30.491494, 47.819119 30.491053, 47.820028 30.490613, 47.820938 30.490172, 47.821847 30.489731, 47.822757 30.489290, 47.823667 30.488850, 47.824576 30.488409, 47.825486 30.487968, 47.826395 30.487527, 47.827305 30.487086, 47.828214 30.486646, 47.829123 30.486205, 47.830033 30.485764, 47.830942 30.485323, 47.831852 30.484882, 47.832761 30.484441, 47.833671 30.484001, 47.834580 30.483560, 47.835490 30.483119, 47.836399 30.482678, 47.837308 30.482237, 47.838218 30.481796, 47.839127 30.481355, 47.840037 30.480914, 47.840946 30.480473, 47.841855 30.480033, 47.842765 30.479592, 47.843674 30.479151, 47.844583 30.478710, 47.845493 30.478269, 47.846402 30.477828, 47.847311 30.477387, 47.848221 30.476946, 47.849130 30.476505, 47.850039 30.476064, 47.850948 30.475623, 47.851858 30.475182, 47.852767 30.474741, 47.853676 30.474300, 47.854585 30.473859, 47.855495 30.473418, 47.856404 30.472977, 47.857313 30.472536, 47.858222 30.472095, 47.859132 30.471654, 47.860041 30.471213, 47.860950 30.470772, 47.861859 30.470331, 47.862768 30.469890, 47.863677 30.469449, 47.864587 30.469008, 47.865496 30.468567, 47.866405 30.468126, 47.867314 30.467685, 47.868223 30.467243, 47.869132 30.466802, 47.870041 30.466361, 47.870950 30.465920, 47.871860 30.465479, 47.872769 30.465038, 47.873678 30.464597, 47.874587 30.464156, 47.875496 30.463714, 47.876405 30.463273, 47.877314 30.462832, 47.878223 30.462391, 47.879132 30.461950, 47.880041 30.461509, 47.880950 30.461067, 47.881859 30.460626, 47.882768 30.460185, 47.883677 30.459744, 47.884586 30.459303, 47.885495 30.458861, 47.886404 30.458420, 47.887313 30.457979, 47.888222 30.457538, 47.889131 30.457097, 47.890040 30.456655, 47.890949 30.456214, 47.891857 30.455773, 47.892766 30.455332, 47.893675 30.454890, 47.894584 30.454449, 47.895493 30.454008, 47.896402 30.453566, 47.897311 30.453125, 47.898220 30.452684, 47.899128 30.452243, 47.900037 30.451801, 47.900946 30.451360, 47.901855 30.450919, 47.902764 30.450477, 47.903672 30.450036, 47.904581 30.449595, 47.905490 30.449153, 47.906399 30.448712, 47.907308 30.448271, 47.908216 30.447829, 47.909125 30.447388, 47.910034 30.446946, 47.910943 30.446505, 47.911851 30.446064, 47.912760 30.445622, 47.913669 30.445181, 47.914577 30.444739, 47.915486 30.444298, 47.916395 30.443857, 47.917304 30.443415, 47.918212 30.442974, 47.919121 30.442532, 47.920029 30.442091, 47.920938 30.441649, 47.921847 30.441208, 47.922755 30.440766, 47.923664 30.440325, 47.924573 30.439883, 47.925481 30.439442, 47.926390 30.439000, 47.927298 30.438559, 47.928207 30.438117, 47.929116 30.437676, 47.930024 30.437234, 47.930933 30.436793, 47.931841 30.436351, 47.932750 30.435910, 47.933658 30.435468, 47.934567 30.435027, 47.935475 30.434585, 47.936384 30.434144, 47.937292 30.433702, 47.938201 30.433260, 47.939109 30.432819, 47.940018 30.432377, 47.940926 30.431936, 47.941835 30.431494, 47.942743 30.431052, 47.943652 30.430611, 47.944560 30.430169, 47.945468 30.429728, 47.946377 30.429286, 47.947285 30.428844, 47.948194 30.428403, 47.949102 30.427961, 47.950010 30.427519, 47.950919 30.427078, 47.951827 30.426636, 47.952735 30.426194, 47.953644 30.425753, 47.954552 30.425311, 47.955461 30.424869, 47.956369 30.424428, 47.957277 30.423986, 47.958185 30.423544, 47.959094 30.423102, 47.960002 30.422661, 47.960910 30.422219, 47.961819 30.421777, 47.962727 30.421335, 47.963635 30.420894, 47.964543 30.420452, 47.965452 30.420010, 47.966360 30.419568, 47.967268 30.419127, 47.968176 30.418685, 47.969084 30.418243, 47.969993 30.417801, 47.970901 30.417359, 47.971809 30.416918, 47.972717 30.416476, 47.973625 30.416034, 47.974534 30.415592, 47.975442 30.415150, 47.976350 30.414709, 47.977258 30.414267, 47.978166 30.413825, 47.979074 30.413383, 47.979982 30.412941, 47.980890 30.412499, 47.981799 30.412057, 47.982707 30.411615, 47.983615 30.411174, 47.984523 30.410732, 47.985431 30.410290, 47.986339 30.409848, 47.987247 30.409406, 47.988155 30.408964, 47.989063 30.408522, 47.989971 30.408080, 47.990879 30.407638, 47.991787 30.407196, 47.992695 30.406754, 47.993603 30.406312, 47.994511 30.405870, 47.995419 30.405428, 47.996327 30.404986, 47.997235 30.404544, 47.998143 30.404102, 47.999051 30.403660, 47.999959 30.403218, 48.000867 30.402776, 48.001775 30.402334, 48.002682 30.401892, 48.003590 30.401450, 48.004498 30.401008, 48.005406 30.400566, 48.006314 30.400124, 48.007222 30.399682, 48.008130 30.399240, 48.009038 30.398798, 48.009945 30.398356, 48.010853 30.397914, 48.011761 30.397472, 48.012669 30.397030, 48.013577 30.396588, 48.014484 30.396146, 48.015392 30.395703, 48.016300 30.395261, 48.017208 30.394819, 48.018116 30.394377, 48.019023 30.393935, 48.019931 30.393493, 48.020839 30.393051, 48.021747 30.392608, 48.022654 30.392166, 48.023562 30.391724, 48.024470 30.391282, 48.025377 30.390840, 48.026285 30.390398, 48.027193 30.389955, 48.028100 30.389513, 48.029008 30.389071, 48.029916 30.388629, 48.030823 30.388187, 48.031731 30.387744, 48.032639 30.387302, 48.033546 30.386860, 48.034454 30.386418, 48.035361 30.385975, 48.036269 30.385533, 48.037177 30.385091, 48.038084 30.384649, 48.038992 30.384206, 48.039899 30.383764, 48.040807 30.383322, 48.041715 30.382879, 48.042622 30.382437, 48.043530 30.381995, 48.044437 30.381553, 48.045345 30.381110, 48.046252 30.380668, 48.047160 30.380226, 48.048067 30.379783, 48.048975 30.379341, 48.049882 30.378899, 48.050790 30.378456, 48.051697 30.378014, 48.052604 30.377571, 48.053512 30.377129, 48.054419 30.376687, 48.055327 30.376244, 48.056234 30.375802, 48.057142 30.375359, 48.058049 30.374917, 48.058956 30.374475, 48.059864 30.374032, 48.060771 30.373590, 48.061679 30.373147, 48.062586 30.372705, 48.063493 30.372263, 48.064401 30.371820, 48.065308 30.371378, 48.066215 30.370935, 48.067123 30.370493, 48.068030 30.370050, 48.068937 30.369608, 48.069845 30.369165, 48.070752 30.368723, 48.071659 30.368280, 48.072566 30.367838, 48.073474 30.367395, 48.074381 30.366953, 48.075288 30.366510, 48.076195 30.366068, 48.077103 30.365625, 48.078010 30.365183, 48.078917 30.364740, 48.079824 30.364297, 48.080731 30.363855, 48.081639 30.363412, 48.082546 30.362970, 48.083453 30.362527, 48.084360 30.362085, 48.085267 30.361642, 48.086174 30.361199, 48.087082 30.360757, 48.087989 30.360314, 48.088896 30.359872, 48.089803 30.359429, 48.090710 30.358986, 48.091617 30.358544, 48.092524 30.358101, 48.093431 30.357658, 48.094338 30.357216, 48.095245 30.356773, 48.096153 30.356330, 48.097060 30.355888, 48.097967 30.355445, 48.098874 30.355002, 48.099781 30.354560, 48.100688 30.354117, 48.101595 30.353674, 48.102502 30.353232, 48.103409 30.352789, 48.104316 30.352346, 48.105223 30.351903, 48.106130 30.351461, 48.107037 30.351018, 48.107944 30.350575, 48.108850 30.350132, 48.109757 30.349690, 48.110664 30.349247, 48.111571 30.348804, 48.112478 30.348361, 48.113385 30.347918, 48.114292 30.347476, 48.115199 30.347033, 48.116106 30.346590, 48.117013 30.346147, 48.117919 30.345704, 48.118826 30.345262, 48.119733 30.344819, 48.120640 30.344376, 48.121547 30.343933, 48.122454 30.343490, 48.123360 30.343047, 48.124267 30.342605, 48.125174 30.342162, 48.126081 30.341719, 48.126988 30.341276, 48.127894 30.340833, 48.128801 30.340390, 48.129708 30.339947, 48.130615 30.339504, 48.131521 30.339061, 48.132428 30.338618, 48.133335 30.338176, 48.134242 30.337733, 48.135148 30.337290, 48.136055 30.336847, 48.136962 30.336404, 48.137868 30.335961, 48.138775 30.335518, 48.139682 30.335075, 48.140588 30.334632, 48.141495 30.334189, 48.142402 30.333746, 48.143308 30.333303, 48.144215 30.332860, 48.145121 30.332417, 48.146028 30.331974, 48.146935 30.331531, 48.147841 30.331088, 48.148748 30.330645, 48.149654 30.330202, 48.150561 30.329759, 48.151468 30.329316, 48.152374 30.328873, 48.153281 30.328430, 48.154187 30.327987, 48.155094 30.327543, 48.156000 30.327100, 48.156907 30.326657, 48.157813 30.326214, 48.158720 30.325771, 48.159626 30.325328, 48.160533 30.324885, 48.161439 30.324442, 48.162346 30.323999, 48.163252 30.323555, 48.164159 30.323112, 48.165065 30.322669, 48.165971 30.322226, 48.166878 30.321783, 48.167784 30.321340, 48.168691 30.320897, 48.169597 30.320453, 48.170503 30.320010, 48.171410 30.319567, 48.172316 30.319124, 48.173222 30.318681, 48.174129 30.318237, 48.175035 30.317794, 48.175942 30.317351, 48.176848 30.316908, 48.177754 30.316465, 48.178660 30.316021, 48.179567 30.315578, 48.180473 30.315135, 48.181379 30.314692, 48.182286 30.314248, 48.183192 30.313805, 48.184098 30.313362, 48.185004 30.312918, 48.185911 30.312475, 48.186817 30.312032, 48.187723 30.311589, 48.188629 30.311145, 48.189536 30.310702, 48.190442 30.310259, 48.191348 30.309815, 48.192254 30.309372, 48.193160 30.308929, 48.194067 30.308485, 48.194973 30.308042, 48.195879 30.307599, 48.196785 30.307155, 48.197691 30.306712, 48.198597 30.306268, 48.199503 30.305825, 48.200409 30.305382, 48.201316 30.304938, 48.202222 30.304495, 48.203128 30.304051, 48.204034 30.303608, 48.204940 30.303165, 48.205846 30.302721, 48.206752 30.302278, 48.207658 30.301834, 48.208564 30.301391, 48.209470 30.300947, 48.210376 30.300504, 48.211282 30.300061, 48.212188 30.299617, 48.213094 30.299174, 48.214000 30.298730, 48.214906 30.298287, 48.215812 30.297843, 48.216718 30.297400, 48.217624 30.296956, 48.218530 30.296513, 48.219436 30.296069, 48.220342 30.295626, 48.221248 30.295182, 48.222154 30.294739, 48.223060 30.294295, 48.223966 30.293851, 48.224871 30.293408, 48.225777 30.292964, 48.226683 30.292521, 48.227589 30.292077, 48.228495 30.291634, 48.229401 30.291190, 48.230307 30.290746, 48.231213 30.290303, 48.232118 30.289859, 48.233024 30.289416, 48.233930 30.288972, 48.234836 30.288528, 48.235742 30.288085, 48.236647 30.287641, 48.237553 30.287197, 48.238459 30.286754, 48.239365 30.286310, 48.240270 30.285866, 48.241176 30.285423, 48.242082 30.284979, 48.242988 30.284535, 48.243893 30.284092, 48.244799 30.283648, 48.245705 30.283204, 48.246610 30.282761, 48.247516 30.282317, 48.248422 30.281873, 48.249328 30.281429, 48.250233 30.280986, 48.251139 30.280542, 48.252044 30.280098, 48.252950 30.279654, 48.253856 30.279211, 48.254761 30.278767, 48.255667 30.278323, 48.256573 30.277879, 48.257478 30.277436, 48.258384 30.276992, 48.259289 30.276548, 48.260195 30.276104, 48.261101 30.275660, 48.262006 30.275217, 48.262912 30.274773, 48.263817 30.274329, 48.264723 30.273885, 48.265628 30.273441, 48.266534 30.272997, 48.267439 30.272554, 48.268345 30.272110, 48.269250 30.271666, 48.270156 30.271222, 48.271061 30.270778, 48.271967 30.270334, 48.272872 30.269890, 48.273778 30.269447, 48.274683 30.269003, 48.275588 30.268559, 48.276494 30.268115, 48.277399 30.267671, 48.278305 30.267227, 48.279210 30.266783, 48.280115 30.266339, 48.281021 30.265895, 48.281926 30.265451, 48.282832 30.265007, 48.283737 30.264563, 48.284642 30.264119, 48.285548 30.263675, 48.286453 30.263231, 48.287358 30.262787, 48.288264 30.262343, 48.289169 30.261899, 48.290074 30.261455, 48.290980 30.261011, 48.291885 30.260567, 48.292790 30.260123, 48.293695 30.259679, 48.294601 30.259235, 48.295506 30.258791, 48.296411 30.258347, 48.297316 30.257903, 48.298222 30.257459, 48.299127 30.257015, 48.300032 30.256571, 48.300937 30.256127, 48.301842 30.255683, 48.302748 30.255239, 48.303653 30.254795, 48.304558 30.254350, 48.305463 30.253906, 48.306368 30.253462, 48.307273 30.253018, 48.308179 30.252574, 48.309084 30.252130, 48.309989 30.251686, 48.310894 30.251242, 48.311799 30.250797, 48.312704 30.250353, 48.313609 30.249909, 48.314514 30.249465, 48.315419 30.249021, 48.316325 30.248577, 48.317230 30.248132, 48.318135 30.247688, 48.319040 30.247244, 48.319945 30.246800, 48.320850 30.246355, 48.321755 30.245911, 48.322660 30.245467, 48.323565 30.245023, 48.324470 30.244579, 48.325375 30.244134, 48.326280 30.243690, 48.327185 30.243246, 48.328090 30.242802, 48.328995 30.242357, 48.329900 30.241913, 48.330804 30.241469, 48.331709 30.241024, 48.332614 30.240580, 48.333519 30.240136, 48.334424 30.239691, 48.335329 30.239247, 48.336234 30.238803, 48.337139 30.238359, 48.338044 30.237914, 48.338949 30.237470, 48.339853 30.237025, 48.340758 30.236581, 48.341663 30.236137, 48.342568 30.235692, 48.343473 30.235248, 48.344378 30.234804, 48.345282 30.234359, 48.346187 30.233915, 48.347092 30.233470, 48.347997 30.233026, 48.348901 30.232582, 48.349806 30.232137, 48.350711 30.231693, 48.351616 30.231248, 48.352520 30.230804, 48.353425 30.230360, 48.354330 30.229915, 48.355235 30.229471, 48.356139 30.229026, 48.357044 30.228582, 48.357949 30.228137, 48.358853 30.227693, 48.359758 30.227248, 48.360663 30.226804, 48.361567 30.226359, 48.362472 30.225915, 48.363377 30.225470, 48.364281 30.225026, 48.365186 30.224581, 48.366091 30.224137, 48.366995 30.223692, 48.367900 30.223248, 48.368804 30.222803, 48.369709 30.222359, 48.370614 30.221914, 48.371518 30.221469, 48.372423 30.221025, 48.373327 30.220580, 48.374232 30.220136, 48.375136 30.219691, 48.376041 30.219246, 48.376945 30.218802, 48.377850 30.218357, 48.378754 30.217913, 48.379659 30.217468, 48.380563 30.217023, 48.381468 30.216579, 48.382372 30.216134, 48.383277 30.215689, 48.384181 30.215245, 48.385086 30.214800, 48.385990 30.214356, 48.386894 30.213911, 48.387799 30.213466, 48.388703 30.213021, 48.389608 30.212577, 48.390512 30.212132, 48.391417 30.211687, 48.392321 30.211243, 48.393225 30.210798, 48.394130 30.210353, 48.395034 30.209909, 48.395938 30.209464, 48.396843 30.209019, 48.397747 30.208574, 48.398651 30.208130, 48.399556 30.207685, 48.400460 30.207240, 48.401364 30.206795, 48.402269 30.206350, 48.403173 30.205906, 48.404077 30.205461, 48.404981 30.205016, 48.405886 30.204571, 48.406790 30.204127, 48.407694 30.203682, 48.408598 30.203237, 48.409503 30.202792, 48.410407 30.202347, 48.411311 30.201902, 48.412215 30.201458, 48.413119 30.201013, 48.414024 30.200568, 48.414928 30.200123, 48.415832 30.199678, 48.416736 30.199233, 48.417640 30.198788, 48.418544 30.198343, 48.419448 30.197899, 48.420353 30.197454, 48.421257 30.197009, 48.422161 30.196564, 48.423065 30.196119, 48.423969 30.195674, 48.424873 30.195229, 48.425777 30.194784, 48.426681 30.194339, 48.427585 30.193894, 48.428489 30.193449, 48.429393 30.193004, 48.430297 30.192559, 48.431201 30.192114, 48.432105 30.191669, 48.433010 30.191224, 48.433914 30.190779, 48.434818 30.190334, 48.435721 30.189889, 48.436625 30.189444, 48.437529 30.188999, 48.438433 30.188554, 48.439337 30.188109, 48.440241 30.187664, 48.441145 30.187219, 48.442049 30.186774, 48.442953 30.186329, 48.443857 30.185884, 48.444761 30.185439, 48.445665 30.184994, 48.446569 30.184549, 48.447473 30.184104, 48.448376 30.183659, 48.449280 30.183214, 48.450184 30.182768, 48.451088 30.182323, 48.451992 30.181878, 48.452896 30.181433, 48.453800 30.180988, 48.454703 30.180543, 48.455607 30.180098, 48.456511 30.179653, 48.457415 30.179207, 48.458319 30.178762, 48.459222 30.178317, 48.460126 30.177872, 48.461030 30.177427, 48.461934 30.176982, 48.462837 30.176536, 48.463741 30.176091, 48.464645 30.175646, 48.465548 30.175201, 48.466452 30.174756, 48.467356 30.174310, 48.468260 30.173865, 48.469163 30.173420, 48.470067 30.172975, 48.470971 30.172529, 48.471874 30.172084, 48.472778 30.171639, 48.473682 30.171194, 48.474585 30.170748, 48.475489 30.170303, 48.476392 30.169858, 48.477296 30.169412, 48.478200 30.168967, 48.479103 30.168522, 48.480007 30.168077, 48.480910 30.167631, 48.481814 30.167186, 48.482718 30.166741, 48.483621 30.166295, 48.484525 30.165850, 48.485428 30.165405, 48.486332 30.164959, 48.487235 30.164514, 48.488139 30.164068, 48.489042 30.163623, 48.489946 30.163178, 48.490849 30.162732, 48.491753 30.162287, 48.492656 30.161842, 48.493560 30.161396, 48.494463 30.160951, 48.495367 30.160505, 48.496270 30.160060, 48.497173 30.159614, 48.498077 30.159169, 48.498980 30.158724, 48.499884 30.158278, 48.500787 30.157833, 48.501690 30.157387, 48.502594 30.156942, 48.503497 30.156496, 48.504401 30.156051, 48.505304 30.155605, 48.506207 30.155160, 48.507111 30.154714, 48.508014 30.154269, 48.508917 30.153823, 48.509821 30.153378, 48.510724 30.152932, 48.511627 30.152487, 48.512531 30.152041, 48.513434 30.151596, 48.514337 30.151150, 48.515240 30.150705, 48.516144 30.150259, 48.517047 30.149814, 48.517950 30.149368, 48.518853 30.148922, 48.519757 30.148477, 48.520660 30.148031, 48.521563 30.147586, 48.522466 30.147140, 48.523369 30.146694, 48.524273 30.146249, 48.525176 30.145803, 48.526079 30.145358, 48.526982 30.144912, 48.527885 30.144466, 48.528788 30.144021, 48.529692 30.143575, 48.530595 30.143129, 48.531498 30.142684, 48.532401 30.142238, 48.533304 30.141792, 48.534207 30.141347, 48.535110 30.140901, 48.536013 30.140455, 48.536916 30.140010, 48.537819 30.139564, 48.538722 30.139118, 48.539626 30.138672, 48.540529 30.138227, 48.541432 30.137781, 48.542335 30.137335, 48.543238 30.136890, 48.544141 30.136444, 48.545044 30.135998, 48.545947 30.135552, 48.546850 30.135106, 48.547753 30.134661, 48.548656 30.134215, 48.549559 30.133769, 48.550461 30.133323, 48.551364 30.132878, 48.552267 30.132432, 48.553170 30.131986, 48.554073 30.131540, 48.554976 30.131094, 48.555879 30.130648, 48.556782 30.130203, 48.557685 30.129757, 48.558588 30.129311, 48.559491 30.128865, 48.560393 30.128419, 48.561296 30.127973, 48.562199 30.127527, 48.563102 30.127082, 48.564005 30.126636, 48.564908 30.126190, 48.565810 30.125744, 48.566713 30.125298, 48.567616 30.124852, 48.568519 30.124406, 48.569422 30.123960, 48.570324 30.123514, 48.571227 30.123068, 48.572130 30.122622, 48.573033 30.122177, 48.573935 30.121731, 48.574838 30.121285, 48.575741 30.120839, 48.576643 30.120393, 48.577546 30.119947, 48.578449 30.119501, 48.579352 30.119055, 48.580254 30.118609, 48.581157 30.118163, 48.582060 30.117717, 48.582962 30.117271, 48.583865 30.116825, 48.584768 30.116379, 48.585670 30.115933, 48.586573 30.115487, 48.587475 30.115041, 48.588378 30.114595, 48.589281 30.114148, 48.590183 30.113702, 48.591086 30.113256, 48.591988 30.112810, 48.592891 30.112364, 48.593794 30.111918, 48.594696 30.111472, 48.595599 30.111026, 48.596501 30.110580, 48.597404 30.110134, 48.598306 30.109688, 48.599209 30.109241, 48.600111 30.108795, 48.601014 30.108349, 48.601916 30.107903, 48.602819 30.107457, 48.603721 30.107011, 48.604624 30.106565, 48.605526 30.106118, 48.606428 30.105672, 48.607331 30.105226, 48.608233 30.104780, 48.609136 30.104334, 48.610038 30.103887, 48.610941 30.103441, 48.611843 30.102995, 48.612745 30.102549, 48.613648 30.102103, 48.614550 30.101656, 48.615452 30.101210, 48.616355 30.100764, 48.617257 30.100318, 48.618160 30.099871, 48.619062 30.099425, 48.619964 30.098979, 48.620866 30.098533, 48.621769 30.098086, 48.622671 30.097640, 48.623573 30.097194, 48.624476 30.096747, 48.625378 30.096301, 48.626280 30.095855, 48.627182 30.095408, 48.628085 30.094962, 48.628987 30.094516, 48.629889 30.094070, 48.630791 30.093623, 48.631694 30.093177, 48.632596 30.092730, 48.633498 30.092284, 48.634400 30.091838, 48.635302 30.091391, 48.636205 30.090945, 48.637107 30.090499, 48.638009 30.090052, 48.638911 30.089606, 48.639813 30.089159, 48.640715 30.088713, 48.641617 30.088267, 48.642520 30.087820, 48.643422 30.087374, 48.644324 30.086927, 48.645226 30.086481, 48.646128 30.086034, 48.647030 30.085588, 48.647932 30.085142, 48.648834 30.084695, 48.649736 30.084249, 48.650638 30.083802, 48.651540 30.083356, 48.652442 30.082909, 48.653344 30.082463, 48.654246 30.082016, 48.655148 30.081570, 48.656050 30.081123, 48.656952 30.080677, 48.657854 30.080230, 48.658756 30.079784, 48.659658 30.079337, 48.660560 30.078890, 48.661462 30.078444, 48.662364 30.077997, 48.663266 30.077551, 48.664168 30.077104, 48.665070 30.076658, 48.665972 30.076211, 48.666874 30.075764, 48.667776 30.075318, 48.668678 30.074871, 48.669579 30.074425, 48.670481 30.073978, 48.671383 30.073531, 48.672285 30.073085, 48.673187 30.072638, 48.674089 30.072192, 48.674990 30.071745, 48.675892 30.071298, 48.676794 30.070852, 48.677696 30.070405, 48.678598 30.069958, 48.679499 30.069512, 48.680401 30.069065, 48.681303 30.068618, 48.682205 30.068172, 48.683107 30.067725, 48.684008 30.067278, 48.684910 30.066831, 48.685812 30.066385, 48.686713 30.065938, 48.687615 30.065491, 48.688517 30.065045, 48.689419 30.064598, 48.690320 30.064151, 48.691222 30.063704, 48.692124 30.063258, 48.693025 30.062811, 48.693927 30.062364, 48.694829 30.061917, 48.695730 30.061470, 48.696632 30.061024, 48.697533 30.060577, 48.698435 30.060130, 48.699337 30.059683, 48.700238 30.059236, 48.701140 30.058790, 48.702041 30.058343, 48.702943 30.057896, 48.703845 30.057449, 48.704746 30.057002, 48.705648 30.056555, 48.706549 30.056109, 48.707451 30.055662, 48.708352 30.055215, 48.709254 30.054768, 48.710155 30.054321, 48.711057 30.053874, 48.711958 30.053427, 48.712860 30.052980, 48.713761 30.052533, 48.714663 30.052087, 48.715564 30.051640, 48.716466 30.051193, 48.717367 30.050746, 48.718269 30.050299, 48.719170 30.049852, 48.720071 30.049405, 48.720973 30.048958, 48.721874 30.048511, 48.722776 30.048064, 48.723677 30.047617, 48.724578 30.047170, 48.725480 30.046723, 48.726381 30.046276, 48.727282 30.045829, 48.728184 30.045382, 48.729085 30.044935, 48.729986 30.044488, 48.730888 30.044041, 48.731789 30.043594, 48.732690 30.043147, 48.733592 30.042700, 48.734493 30.042253, 48.735394 30.041806, 48.736296 30.041359, 48.737197 30.040912, 48.738098 30.040465, 48.738999 30.040018, 48.739901 30.039570, 48.740802 30.039123, 48.741703 30.038676, 48.742604 30.038229, 48.743505 30.037782, 48.744407 30.037335, 48.745308 30.036888, 48.746209 30.036441, 48.747110 30.035994, 48.748011 30.035546, 48.748912 30.035099, 48.749814 30.034652, 48.750715 30.034205, 48.751616 30.033758, 48.752517 30.033311, 48.753418 30.032863, 48.754319 30.032416, 48.755220 30.031969, 48.756121 30.031522, 48.757023 30.031075, 48.757924 30.030627, 48.758825 30.030180, 48.759726 30.029733, 48.760627 30.029286, 48.761528 30.028839, 48.762429 30.028391, 48.763330 30.027944, 48.764231 30.027497, 48.765132 30.027050, 48.766033 30.026602, 48.766934 30.026155, 48.767835 30.025708, 48.768736 30.025260, 48.769637 30.024813, 48.770538 30.024366, 48.771439 30.023919, 48.772340 30.023471, 48.773241 30.023024, 48.774142 30.022577, 48.775043 30.022129, 48.775943 30.021682, 48.776844 30.021235, 48.777745 30.020787, 48.778646 30.020340, 48.779547 30.019893, 48.780448 30.019445, 48.781349 30.018998, 48.782250 30.018551, 48.783150 30.018103, 48.784051 30.017656, 48.784952 30.017208, 48.785853 30.016761, 48.786754 30.016314, 48.787655 30.015866, 48.788555 30.015419, 48.789456 30.014971, 48.790357 30.014524, 48.791258 30.014076, 48.792159 30.013629, 48.793059 30.013182, 48.793960 30.012734, 48.794861 30.012287, 48.795762 30.011839, 48.796662 30.011392, 48.797563 30.010944, 48.798464 30.010497, 48.799364 30.010049, 48.800265 30.009602, 48.801166 30.009154, 48.802066 30.008707, 48.802967 30.008259, 48.803868 30.007812, 48.804768 30.007364, 48.805669 30.006917, 48.806570 30.006469, 48.807470 30.006022, 48.808371 30.005574, 48.809272 30.005126, 48.810172 30.004679, 48.811073 30.004231, 48.811973 30.003784, 48.812874 30.003336, 48.813775 30.002889, 48.814675 30.002441, 48.815576 30.001993, 48.816476 30.001546, 48.817377 30.001098, 48.818277 30.000651, 48.819178 30.000203, 48.820078 29.999755, 48.820979 29.999308, 48.821879 29.998860, 48.822780 29.998412, 48.823680 29.997965, 48.824581 29.997517, 48.825481 29.997069, 48.826382 29.996622, 48.827282 29.996174, 48.828183 29.995726, 48.829083 29.995279, 48.829983 29.994831, 48.830884 29.994383, 48.831784 29.993935, 48.832685 29.993488, 48.833585 29.993040, 48.834485 29.992592, 48.835386 29.992145, 48.836286 29.991697, 48.837187 29.991249, 48.838087 29.990801, 48.838987 29.990354, 48.839888 29.989906, 48.840788 29.989458, 48.841688 29.989010, 48.842589 29.988562, 48.843489 29.988115, 48.844389 29.987667, 48.845289 29.987219, 48.846190 29.986771, 48.847090 29.986323, 48.847990 29.985876, 48.848891 29.985428, 48.849791 29.984980, 48.850691 29.984532, 48.851591 29.984084, 48.852492 29.983636, 48.853392 29.983189, 48.854292 29.982741, 48.855192 29.982293, 48.856092 29.981845, 48.856993 29.981397, 48.857893 29.980949, 48.858793 29.980501, 48.859693 29.980053, 48.860593 29.979605, 48.861493 29.979158, 48.862393 29.978710, 48.863294 29.978262, 48.864194 29.977814, 48.865094 29.977366, 48.865994 29.976918, 48.866894 29.976470, 48.867794 29.976022, 48.868694 29.975574, 48.869594 29.975126, 48.870494 29.974678, 48.871394 29.974230, 48.872294 29.973782, 48.873194 29.973334, 48.874094 29.972886, 48.874994 29.972438, 48.875894 29.971990, 48.876794 29.971542, 48.877694 29.971094, 48.878594 29.970646, 48.879494 29.970198, 48.880394 29.969750, 48.881294 29.969302, 48.882194 29.968854, 48.883094 29.968406, 48.883994 29.967958, 48.884894 29.967510, 48.885794 29.967062, 48.886694 29.966614, 48.887594 29.966165, 48.888494 29.965717, 48.889394 29.965269, 48.890294 29.964821, 48.891193 29.964373, 48.892093 29.963925, 48.892993 29.963477, 48.893893 29.963029, 48.894793 29.962580, 48.895693 29.962132, 48.896593 29.961684, 48.897492 29.961236, 48.898392 29.960788, 48.899292 29.960340, 48.900192 29.959892, 48.901092 29.959443, 48.901991 29.958995, 48.902891 29.958547, 48.903791 29.958099, 48.904691 29.957651, 48.905590 29.957202, 48.906490 29.956754, 48.907390 29.956306, 48.908290 29.955858, 48.909189 29.955409, 48.910089 29.954961, 48.910989 29.954513, 48.911888 29.954065, 48.912788 29.953616, 48.913688 29.953168, 48.914587 29.952720, 48.915487 29.952272, 48.916387 29.951823, 48.917286 29.951375, 48.918186 29.950927, 48.919086 29.950478, 48.919985 29.950030, 48.920885 29.949582, 48.921784 29.949133, 48.922684 29.948685, 48.923584 29.948237, 48.924483 29.947788, 48.925383 29.947340, 48.926282 29.946892, 48.927182 29.946443, 48.928081 29.945995, 48.928981 29.945547, 48.929880 29.945098, 48.930780 29.944650, 48.931679 29.944201, 48.932579 29.943753, 48.933478 29.943305, 48.934378 29.942856, 48.935277 29.942408, 48.936177 29.941959, 48.937076 29.941511, 48.937976 29.941063, 48.938875 29.940614, 48.939775 29.940166, 48.940674 29.939717, 48.941574 29.939269, 48.942473 29.938820, 48.943372 29.938372, 48.944272 29.937923, 48.945171 29.937475, 48.946071 29.937026, 48.946970 29.936578, 48.947869 29.936129, 48.948769 29.935681, 48.949668 29.935232, 48.950567 29.934784, 48.951467 29.934335, 48.952366 29.933887, 48.953265 29.933438, 48.954165 29.932990, 48.955064 29.932541, 48.955963 29.932093, 48.956862 29.931644, 48.957762 29.931196, 48.958661 29.930747, 48.959560 29.930298, 48.960459 29.929850, 48.961359 29.929401, 48.962258 29.928953, 48.963157 29.928504, 48.964056 29.928055, 48.964956 29.927607, 48.965855 29.927158, 48.966754 29.926710, 48.967653 29.926261, 48.968552 29.925812, 48.969452 29.925364, 48.970351 29.924915, 48.971250 29.924466, 48.972149 29.924018, 48.973048 29.923569, 48.973947 29.923120, 48.974846 29.922672, 48.975746 29.922223, 48.976645 29.921774, 48.977544 29.921325, 48.978443 29.920877, 48.979342 29.920428, 48.980241 29.919979, 48.981140 29.919531, 48.982039 29.919082, 48.982938 29.918633, 48.983837 29.918184, 48.984736 29.917736, 48.985635 29.917287, 48.986534 29.916838, 48.987433 29.916389, 48.988332 29.915941, 48.989231 29.915492, 48.990130 29.915043, 48.991029 29.914594, 48.991928 29.914145, 48.992827 29.913697, 48.993726 29.913248, 48.994625 29.912799, 48.995524 29.912350, 48.996423 29.911901, 48.997322 29.911453, 48.998221 29.911004, 48.999120 29.910555, 49.000018 29.910106, 49.000917 29.909657, 49.001816 29.909208, 49.002715 29.908759, 49.003614 29.908310, 49.004513 29.907862, 49.005412 29.907413, 49.006311 29.906964, 49.007209 29.906515, 49.008108 29.906066, 49.009007 29.905617, 49.009906 29.905168, 49.010805 29.904719, 49.011703 29.904270, 49.012602 29.903821, 49.013501 29.903372, 49.014400 29.902923, 49.015298 29.902475, 49.016197 29.902026, 49.017096 29.901577, 49.017995 29.901128, 49.018893 29.900679, 49.019792 29.900230, 49.020691 29.899781, 49.021590 29.899332, 49.022488 29.898883, 49.023387 29.898434, 49.024286 29.897985, 49.025184 29.897536, 49.026083 29.897087, 49.026982 29.896638, 49.027880 29.896188, 49.028779 29.895739, 49.029677 29.895290, 49.030576 29.894841, 49.031475 29.894392, 49.032373 29.893943, 49.033272 29.893494, 49.034170 29.893045, 49.035069 29.892596, 49.035968 29.892147, 49.036866 29.891698, 49.037765 29.891249, 49.038663 29.890799, 49.039562 29.890350, 49.040460 29.889901, 49.041359 29.889452, 49.042257 29.889003, 49.043156 29.888554, 49.044054 29.888105, 49.044953 29.887656, 49.045851 29.887206, 49.046750 29.886757, 49.047648 29.886308, 49.048547 29.885859, 49.049445 29.885410, 49.050344 29.884960, 49.051242 29.884511, 49.052140 29.884062, 49.053039 29.883613, 49.053937 29.883164, 49.054836 29.882714, 49.055734 29.882265, 49.056632 29.881816, 49.057531 29.881367, 49.058429 29.880917, 49.059328 29.880468, 49.060226 29.880019, 49.061124 29.879570, 49.062023 29.879120, 49.062921 29.878671, 49.063819 29.878222, 49.064718 29.877772, 49.065616 29.877323, 49.066514 29.876874, 49.067412 29.876425, 49.068311 29.875975, 49.069209 29.875526, 49.070107 29.875077, 49.071006 29.874627, 49.071904 29.874178, 49.072802 29.873729, 49.073700 29.873279, 49.074598 29.872830, 49.075497 29.872380, 49.076395 29.871931, 49.077293 29.871482, 49.078191 29.871032, 49.079089 29.870583, 49.079988 29.870134, 49.080886 29.869684, 49.081784 29.869235, 49.082682 29.868785, 49.083580 29.868336, 49.084478 29.867887, 49.085376 29.867437, 49.086275 29.866988, 49.087173 29.866538, 49.088071 29.866089, 49.088969 29.865639, 49.089867 29.865190, 49.090765 29.864740, 49.091663 29.864291, 49.092561 29.863841, 49.093459 29.863392, 49.094357 29.862942, 49.095255 29.862493, 49.096153 29.862043, 49.097051 29.861594, 49.097949 29.861144, 49.098847 29.860695, 49.099745 29.860245, 49.100643 29.859796, 49.101541 29.859346, 49.102439 29.858897, 49.103337 29.858447, 49.104235 29.857998, 49.105133 29.857548, 49.106031 29.857098, 49.106929 29.856649, 49.107827 29.856199, 49.108725 29.855750, 49.109623 29.855300, 49.110521 29.854850, 49.111419 29.854401, 49.112316 29.853951, 49.113214 29.853502, 49.114112 29.853052, 49.115010 29.852602, 49.115908 29.852153, 49.116806 29.851703, 49.117704 29.851253, 49.118601 29.850804, 49.119499 29.850354, 49.120397 29.849904, 49.121295 29.849455, 49.122193 29.849005, 49.123090 29.848555, 49.123988 29.848106, 49.124886 29.847656, 49.125784 29.847206, 49.126681 29.846757, 49.127579 29.846307, 49.128477 29.845857, 49.129375 29.845407, 49.130272 29.844958, 49.131170 29.844508, 49.132068 29.844058, 49.132966 29.843608, 49.133863 29.843159, 49.134761 29.842709, 49.135659 29.842259, 49.136556 29.841809, 49.137454 29.841360, 49.138352 29.840910, 49.139249 29.840460, 49.140147 29.840010, 49.141044 29.839560, 49.141942 29.839111, 49.142840 29.838661, 49.143737 29.838211, 49.144635 29.837761, 49.145532 29.837311, 49.146430 29.836861, 49.147328 29.836412, 49.148225 29.835962, 49.149123 29.835512, 49.150020 29.835062, 49.150918 29.834612, 49.151815 29.834162, 49.152713 29.833712, 49.153610 29.833262, 49.154508 29.832813, 49.155405 29.832363, 49.156303 29.831913, 49.157200 29.831463, 49.158098 29.831013, 49.158995 29.830563, 49.159893 29.830113, 49.160790 29.829663, 49.161688 29.829213, 49.162585 29.828763, 49.163482 29.828313, 49.164380 29.827863, 49.165277 29.827413, 49.166175 29.826963, 49.167072 29.826513, 49.167969 29.826063, 49.168867 29.825613, 49.169764 29.825163, 49.170661 29.824713, 49.171559 29.824263, 49.172456 29.823813, 49.173353 29.823363, 49.174251 29.822913, 49.175148 29.822463, 49.176045 29.822013, 49.176943 29.821563, 49.177840 29.821113, 49.178737 29.820663, 49.179635 29.820213, 49.180532 29.819763, 49.181429 29.819313, 49.182326 29.818863, 49.183224 29.818413, 49.184121 29.817962, 49.185018 29.817512, 49.185915 29.817062, 49.186812 29.816612, 49.187710 29.816162, 49.188607 29.815712, 49.189504 29.815262, 49.190401 29.814812, 49.191298 29.814361, 49.192196 29.813911, 49.193093 29.813461, 49.193990 29.813011, 49.194887 29.812561, 49.195784 29.812111, 49.196681 29.811660, 49.197578 29.811210, 49.198476 29.810760, 49.199373 29.810310, 49.200270 29.809860, 49.201167 29.809409, 49.202064 29.808959, 49.202961 29.808509, 49.203858 29.808059, 49.204755 29.807608, 49.205652 29.807158, 49.206549 29.806708, 49.207446 29.806258, 49.208343 29.805807, 49.209240 29.805357, 49.210137 29.804907, 49.211034 29.804457, 49.211931 29.804006, 49.212828 29.803556, 49.213725 29.803106, 49.214622 29.802655, 49.215519 29.802205, 49.216416 29.801755, 49.217313 29.801304, 49.218210 29.800854, 49.219107 29.800404, 49.220004 29.799953, 49.220901 29.799503, 49.221797 29.799053, 49.222694 29.798602, 49.223591 29.798152, 49.224488 29.797702, 49.225385 29.797251, 49.226282 29.796801, 49.227179 29.796350, 49.228075 29.795900, 49.228972 29.795450, 49.229869 29.794999, 49.230766 29.794549, 49.231663 29.794098, 49.232560 29.793648, 49.233456 29.793198, 49.234353 29.792747, 49.235250 29.792297, 49.236147 29.791846, 49.237043 29.791396, 49.237940 29.790945, 49.238837 29.790495, 49.239734 29.790044, 49.240630 29.789594, 49.241527 29.789143, 49.242424 29.788693, 49.243321 29.788242, 49.244217 29.787792, 49.245114 29.787341, 49.246011 29.786891, 49.246907 29.786440, 49.247804 29.785990, 49.248701 29.785539, 49.249597 29.785089, 49.250494 29.784638, 49.251390 29.784188, 49.252287 29.783737, 49.253184 29.783287, 49.254080 29.782836, 49.254977 29.782385, 49.255874 29.781935, 49.256770 29.781484, 49.257667 29.781034, 49.258563 29.780583, 49.259460 29.780132, 49.260356 29.779682, 49.261253 29.779231, 49.262149 29.778781, 49.263046 29.778330, 49.263942 29.777879, 49.264839 29.777429, 49.265735 29.776978, 49.266632 29.776527, 49.267528 29.776077, 49.268425 29.775626, 49.269321 29.775175, 49.270218 29.774725, 49.271114 29.774274, 49.272011 29.773823, 49.272907 29.773373, 49.273804 29.772922, 49.274700 29.772471, 49.275596 29.772020, 49.276493 29.771570, 49.277389 29.771119, 49.278286 29.770668, 49.279182 29.770217, 49.280078 29.769767, 49.280975 29.769316, 49.281871 29.768865, 49.282767 29.768414, 49.283664 29.767964, 49.284560 29.767513, 49.285456 29.767062, 49.286353 29.766611, 49.287249 29.766161, 49.288145 29.765710, 49.289042 29.765259, 49.289938 29.764808, 49.290834 29.764357, 49.291730 29.763906, 49.292627 29.763456, 49.293523 29.763005, 49.294419 29.762554, 49.295315 29.762103, 49.296212 29.761652, 49.297108 29.761201, 49.298004 29.760751, 49.298900 29.760300, 49.299796 29.759849, 49.300693 29.759398, 49.301589 29.758947, 49.302485 29.758496, 49.303381 29.758045, 49.304277 29.757594, 49.305173 29.757143, 49.306070 29.756692, 49.306966 29.756241, 49.307862 29.755791, 49.308758 29.755340, 49.309654 29.754889, 49.310550 29.754438, 49.311446 29.753987, 49.312342 29.753536, 49.313238 29.753085, 49.314135 29.752634, 49.315031 29.752183, 49.315927 29.751732, 49.316823 29.751281, 49.317719 29.750830, 49.318615 29.750379, 49.319511 29.749928, 49.320407 29.749477, 49.321303 29.749026, 49.322199 29.748575, 49.323095 29.748124, 49.323991 29.747673, 49.324887 29.747222, 49.325783 29.746771, 49.326679 29.746320, 49.327575 29.745868, 49.328470 29.745417, 49.329366 29.744966, 49.330262 29.744515, 49.331158 29.744064, 49.332054 29.743613, 49.332950 29.743162, 49.333846 29.742711, 49.334742 29.742260, 49.335638 29.741809, 49.336534 29.741357, 49.337429 29.740906, 49.338325 29.740455, 49.339221 29.740004, 49.340117 29.739553, 49.341013 29.739102, 49.341909 29.738651, 49.342804 29.738199, 49.343700 29.737748, 49.344596 29.737297, 49.345492 29.736846, 49.346387 29.736395, 49.347283 29.735943, 49.348179 29.735492, 49.349075 29.735041, 49.349970 29.734590, 49.350866 29.734139, 49.351762 29.733687, 49.352658 29.733236, 49.353553 29.732785, 49.354449 29.732334, 49.355345 29.731882, 49.356240 29.731431, 49.357136 29.730980, 49.358032 29.730529, 49.358927 29.730077, 49.359823 29.729626, 49.360719 29.729175, 49.361614 29.728723, 49.362510 29.728272, 49.363406 29.727821, 49.364301 29.727369, 49.365197 29.726918, 49.366092 29.726467, 49.366988 29.726015, 49.367884 29.725564, 49.368779 29.725113, 49.369675 29.724661, 49.370570 29.724210, 49.371466 29.723759, 49.372361 29.723307, 49.373257 29.722856, 49.374153 29.722405, 49.375048 29.721953, 49.375944 29.721502, 49.376839 29.721050, 49.377735 29.720599, 49.378630 29.720148, 49.379525 29.719696, 49.380421 29.719245, 49.381316 29.718793, 49.382212 29.718342, 49.383107 29.717890, 49.384003 29.717439, 49.384898 29.716988, 49.385794 29.716536, 49.386689 29.716085, 49.387584 29.715633, 49.388480 29.715182, 49.389375 29.714730, 49.390271 29.714279, 49.391166 29.713827, 49.392061 29.713376, 49.392957 29.712924, 49.393852 29.712473, 49.394747 29.712021, 49.395643 29.711570, 49.396538 29.711118, 49.397433 29.710667, 49.398329 29.710215, 49.399224 29.709763, 49.400119 29.709312, 49.401015 29.708860, 49.401910 29.708409, 49.402805 29.707957, 49.403700 29.707506, 49.404596 29.707054, 49.405491 29.706602, 49.406386 29.706151, 49.407281 29.705699, 49.408176 29.705248, 49.409072 29.704796, 49.409967 29.704344, 49.410862 29.703893, 49.411757 29.703441, 49.412652 29.702990, 49.413548 29.702538, 49.414443 29.702086, 49.415338 29.701635, 49.416233 29.701183, 49.417128 29.700731, 49.418023 29.700280, 49.418918 29.699828, 49.419814 29.699376, 49.420709 29.698924, 49.421604 29.698473, 49.422499 29.698021, 49.423394 29.697569, 49.424289 29.697118, 49.425184 29.696666, 49.426079 29.696214, 49.426974 29.695762, 49.427869 29.695311, 49.428764 29.694859, 49.429659 29.694407, 49.430554 29.693955, 49.431449 29.693504, 49.432344 29.693052, 49.433239 29.692600, 49.434134 29.692148, 49.435029 29.691697, 49.435924 29.691245, 49.436819 29.690793, 49.437714 29.690341, 49.438609 29.689889, 49.439504 29.689437, 49.440399 29.688986, 49.441294 29.688534, 49.442189 29.688082, 49.443084 29.687630, 49.443979 29.687178, 49.444874 29.686726, 49.445768 29.686275, 49.446663 29.685823, 49.447558 29.685371, 49.448453 29.684919, 49.449348 29.684467, 49.450243 29.684015, 49.451138 29.683563, 49.452032 29.683111, 49.452927 29.682659, 49.453822 29.682208, 49.454717 29.681756, 49.455612 29.681304, 49.456506 29.680852, 49.457401 29.680400, 49.458296 29.679948, 49.459191 29.679496, 49.460085 29.679044, 49.460980 29.678592, 49.461875 29.678140, 49.462770 29.677688, 49.463664 29.677236, 49.464559 29.676784, 49.465454 29.676332, 49.466348 29.675880, 49.467243 29.675428, 49.468138 29.674976, 49.469032 29.674524, 49.469927 29.674072, 49.470822 29.673620, 49.471716 29.673168, 49.472611 29.672716, 49.473506 29.672264, 49.474400 29.671812, 49.475295 29.671360, 49.476190 29.670908, 49.477084 29.670456, 49.477979 29.670003, 49.478873 29.669551, 49.479768 29.669099, 49.480662 29.668647, 49.481557 29.668195, 49.482452 29.667743, 49.483346 29.667291, 49.484241 29.666839, 49.485135 29.666387, 49.486030 29.665935, 49.486924 29.665482, 49.487819 29.665030, 49.488713 29.664578, 49.489608 29.664126, 49.490502 29.663674, 49.491397 29.663222, 49.492291 29.662769, 49.493186 29.662317, 49.494080 29.661865, 49.494974 29.661413, 49.495869 29.660961, 49.496763 29.660508, 49.497658 29.660056, 49.498552 29.659604, 49.499447 29.659152, 49.500341 29.658700, 49.501235 29.658247, 49.502130 29.657795, 49.503024 29.657343, 49.503918 29.656891, 49.504813 29.656438, 49.505707 29.655986, 49.506601 29.655534, 49.507496 29.655082, 49.508390 29.654629, 49.509284 29.654177, 49.510179 29.653725, 49.511073 29.653272, 49.511967 29.652820, 49.512862 29.652368, 49.513756 29.651915, 49.514650 29.651463, 49.515544 29.651011, 49.516439 29.650558, 49.517333 29.650106, 49.518227 29.649654, 49.519121 29.649201, 49.520015 29.648749, 49.520910 29.648297, 49.521804 29.647844, 49.522698 29.647392, 49.523592 29.646939, 49.524486 29.646487, 49.525381 29.646035, 49.526275 29.645582, 49.527169 29.645130, 49.528063 29.644677, 49.528957 29.644225, 49.529851 29.643773, 49.530745 29.643320, 49.531640 29.642868, 49.532534 29.642415, 49.533428 29.641963, 49.534322 29.641510, 49.535216 29.641058, 49.536110 29.640605, 49.537004 29.640153, 49.537898 29.639700, 49.538792 29.639248, 49.539686 29.638796, 49.540580 29.638343, 49.541474 29.637891, 49.542368 29.637438, 49.543262 29.636985, 49.544156 29.636533, 49.545050 29.636080, 49.545944 29.635628, 49.546838 29.635175, 49.547732 29.634723, 49.548626 29.634270, 49.549520 29.633818, 49.550414 29.633365, 49.551308 29.632913, 49.552202 29.632460, 49.553096 29.632007, 49.553990 29.631555, 49.554884 29.631102, 49.555777 29.630650, 49.556671 29.630197, 49.557565 29.629744, 49.558459 29.629292, 49.559353 29.628839, 49.560247 29.628387, 49.561141 29.627934, 49.562034 29.627481, 49.562928 29.627029, 49.563822 29.626576, 49.564716 29.626123, 49.565610 29.625671, 49.566504 29.625218, 49.567397 29.624765, 49.568291 29.624313, 49.569185 29.623860, 49.570079 29.623407, 49.570972 29.622954, 49.571866 29.622502, 49.572760 29.622049, 49.573654 29.621596, 49.574547 29.621144, 49.575441 29.620691, 49.576335 29.620238, 49.577228 29.619785, 49.578122 29.619333, 49.579016 29.618880, 49.579909 29.618427, 49.580803 29.617974, 49.581697 29.617522, 49.582590 29.617069, 49.583484 29.616616, 49.584378 29.616163, 49.585271 29.615710, 49.586165 29.615258, 49.587059 29.614805, 49.587952 29.614352, 49.588846 29.613899, 49.589739 29.613446, 49.590633 29.612993, 49.591527 29.612541, 49.592420 29.612088, 49.593314 29.611635, 49.594207 29.611182, 49.595101 29.610729, 49.595994 29.610276, 49.596888 29.609823, 49.597781 29.609371, 49.598675 29.608918, 49.599568 29.608465, 49.600462 29.608012, 49.601355 29.607559, 49.602249 29.607106, 49.603142 29.606653, 49.604036 29.606200, 49.604929 29.605747, 49.605823 29.605294, 49.606716 29.604841, 49.607609 29.604388, 49.608503 29.603936, 49.609396 29.603483, 49.610290 29.603030, 49.611183 29.602577, 49.612076 29.602124, 49.612970 29.601671, 49.613863 29.601218, 49.614757 29.600765, 49.615650 29.600312, 49.616543 29.599859, 49.617437 29.599406, 49.618330 29.598953, 49.619223 29.598500, 49.620117 29.598047, 49.621010 29.597594, 49.621903 29.597140, 49.622796 29.596687, 49.623690 29.596234, 49.624583 29.595781, 49.625476 29.595328, 49.626370 29.594875, 49.627263 29.594422, 49.628156 29.593969, 49.629049 29.593516, 49.629943 29.593063, 49.630836 29.592610, 49.631729 29.592157, 49.632622 29.591703, 49.633515 29.591250, 49.634409 29.590797, 49.635302 29.590344, 49.636195 29.589891, 49.637088 29.589438, 49.637981 29.588985, 49.638874 29.588531, 49.639767 29.588078, 49.640661 29.587625, 49.641554 29.587172, 49.642447 29.586719, 49.643340 29.586266, 49.644233 29.585812, 49.645126 29.585359, 49.646019 29.584906, 49.646912 29.584453, 49.647805 29.584000, 49.648698 29.583546, 49.649591 29.583093, 49.650484 29.582640, 49.651378 29.582187, 49.652271 29.581733, 49.653164 29.581280, 49.654057 29.580827, 49.654950 29.580374, 49.655843 29.579920, 49.656736 29.579467, 49.657629 29.579014, 49.658521 29.578560, 49.659414 29.578107, 49.660307 29.577654, 49.661200 29.577201, 49.662093 29.576747, 49.662986 29.576294, 49.663879 29.575841, 49.664772 29.575387, 49.665665 29.574934, 49.666558 29.574481, 49.667451 29.574027, 49.668344 29.573574, 49.669236 29.573121, 49.670129 29.572667, 49.671022 29.572214, 49.671915 29.571760, 49.672808 29.571307, 49.673701 29.570854, 49.674594 29.570400, 49.675486 29.569947, 49.676379 29.569493, 49.677272 29.569040, 49.678165 29.568587, 49.679058 29.568133, 49.679950 29.567680, 49.680843 29.567226, 49.681736 29.566773, 49.682629 29.566319, 49.683521 29.565866, 49.684414 29.565412, 49.685307 29.564959, 49.686200 29.564506, 49.687092 29.564052, 49.687985 29.563599, 49.688878 29.563145, 49.689770 29.562692, 49.690663 29.562238, 49.691556 29.561785, 49.692448 29.561331, 49.693341 29.560878, 49.694234 29.560424, 49.695126 29.559970, 49.696019 29.559517, 49.696912 29.559063, 49.697804 29.558610, 49.698697 29.558156, 49.699589 29.557703, 49.700482 29.557249, 49.701375 29.556796, 49.702267 29.556342, 49.703160 29.555888, 49.704052 29.555435, 49.704945 29.554981, 49.705837 29.554528, 49.706730 29.554074, 49.707622 29.553620, 49.708515 29.553167, 49.709407 29.552713, 49.710300 29.552259, 49.711192 29.551806, 49.712085 29.551352, 49.712977 29.550899, 49.713870 29.550445, 49.714762 29.549991, 49.715655 29.549538, 49.716547 29.549084, 49.717440 29.548630, 49.718332 29.548176, 49.719225 29.547723, 49.720117 29.547269, 49.721009 29.546815, 49.721902 29.546362, 49.722794 29.545908, 49.723687 29.545454, 49.724579 29.545000, 49.725471 29.544547, 49.726364 29.544093, 49.727256 29.543639, 49.728148 29.543186, 49.729041 29.542732, 49.729933 29.542278, 49.730825 29.541824, 49.731718 29.541370, 49.732610 29.540917, 49.733502 29.540463, 49.734395 29.540009, 49.735287 29.539555, 49.736179 29.539101, 49.737071 29.538648, 49.737964 29.538194, 49.738856 29.537740, 49.739748 29.537286, 49.740640 29.536832, 49.741533 29.536378, 49.742425 29.535925, 49.743317 29.535471, 49.744209 29.535017, 49.745101 29.534563, 49.745994 29.534109, 49.746886 29.533655, 49.747778 29.533201, 49.748670 29.532747, 49.749562 29.532294, 49.750454 29.531840, 49.751347 29.531386, 49.752239 29.530932, 49.753131 29.530478, 49.754023 29.530024, 49.754915 29.529570, 49.755807 29.529116, 49.756699 29.528662, 49.757591 29.528208, 49.758483 29.527754, 49.759375 29.527300, 49.760267 29.526846, 49.761159 29.526392, 49.762052 29.525938, 49.762944 29.525484, 49.763836 29.525030, 49.764728 29.524576, 49.765620 29.524122, 49.766512 29.523668, 49.767404 29.523214, 49.768296 29.522760, 49.769188 29.522306, 49.770080 29.521852, 49.770971 29.521398, 49.771863 29.520944, 49.772755 29.520490, 49.773647 29.520036, 49.774539 29.519582, 49.775431 29.519128, 49.776323 29.518674, 49.777215 29.518220, 49.778107 29.517766, 49.778999 29.517312, 49.779891 29.516858, 49.780782 29.516403, 49.781674 29.515949, 49.782566 29.515495, 49.783458 29.515041, 49.784350 29.514587, 49.785242 29.514133, 49.786134 29.513679, 49.787025 29.513224, 49.787917 29.512770, 49.788809 29.512316, 49.789701 29.511862, 49.790593 29.511408, 49.791484 29.510954, 49.792376 29.510499, 49.793268 29.510045, 49.794160 29.509591, 49.795051 29.509137, 49.795943 29.508683, 49.796835 29.508228, 49.797727 29.507774, 49.798618 29.507320, 49.799510 29.506866, 49.800402 29.506412, 49.801293 29.505957, 49.802185 29.505503, 49.803077 29.505049, 49.803968 29.504595, 49.804860 29.504140, 49.805752 29.503686, 49.806643 29.503232, 49.807535 29.502777, 49.808427 29.502323, 49.809318 29.501869, 49.810210 29.501415, 49.811101 29.500960, 49.811993 29.500506, 49.812885 29.500052, 49.813776 29.499597, 49.814668 29.499143, 49.815559 29.498689, 49.816451 29.498234, 49.817342 29.497780, 49.818234 29.497326, 49.819125 29.496871, 49.820017 29.496417, 49.820908 29.495962, 49.821800 29.495508, 49.822691 29.495054, 49.823583 29.494599, 49.824474 29.494145, 49.825366 29.493690, 49.826257 29.493236, 49.827149 29.492782, 49.828040 29.492327, 49.828932 29.491873, 49.829823 29.491418, 49.830715 29.490964, 49.831606 29.490509, 49.832497 29.490055, 49.833389 29.489601, 49.834280 29.489146, 49.835172 29.488692, 49.836063 29.488237, 49.836954 29.487783, 49.837846 29.487328, 49.838737 29.486874, 49.839628 29.486419, 49.840520 29.485965, 49.841411 29.485510, 49.842302 29.485056, 49.843194 29.484601, 49.844085 29.484147, 49.844976 29.483692, 49.845868 29.483238, 49.846759 29.482783, 49.847650 29.482328, 49.848541 29.481874, 49.849433 29.481419, 49.850324 29.480965, 49.851215 29.480510, 49.852106 29.480056, 49.852998 29.479601, 49.853889 29.479146, 49.854780 29.478692, 49.855671 29.478237, 49.856562 29.477783, 49.857454 29.477328, 49.858345 29.476873, 49.859236 29.476419, 49.860127 29.475964, 49.861018 29.475509, 49.861909 29.475055, 49.862800 29.474600, 49.863692 29.474145, 49.864583 29.473691, 49.865474 29.473236, 49.866365 29.472781, 49.867256 29.472327, 49.868147 29.471872, 49.869038 29.471417, 49.869929 29.470963, 49.870820 29.470508, 49.871711 29.470053, 49.872602 29.469599, 49.873493 29.469144, 49.874384 29.468689, 49.875276 29.468234, 49.876167 29.467780, 49.877058 29.467325, 49.877949 29.466870, 49.878840 29.466415, 49.879731 29.465961, 49.880621 29.465506, 49.881512 29.465051, 49.882403 29.464596, 49.883294 29.464141, 49.884185 29.463687, 49.885076 29.463232, 49.885967 29.462777, 49.886858 29.462322, 49.887749 29.461867, 49.888640 29.461413, 49.889531 29.460958, 49.890422 29.460503, 49.891313 29.460048, 49.892203 29.459593, 49.893094 29.459138, 49.893985 29.458684, 49.894876 29.458229, 49.895767 29.457774, 49.896658 29.457319, 49.897548 29.456864, 49.898439 29.456409, 49.899330 29.455954, 49.900221 29.455499, 49.901112 29.455044, 49.902002 29.454590, 49.902893 29.454135, 49.903784 29.453680, 49.904675 29.453225, 49.905566 29.452770, 49.906456 29.452315, 49.907347 29.451860, 49.908238 29.451405, 49.909128 29.450950, 49.910019 29.450495, 49.910910 29.450040, 49.911801 29.449585, 49.912691 29.449130, 49.913582 29.448675, 49.914473 29.448220, 49.915363 29.447765, 49.916254 29.447310, 49.917145 29.446855, 49.918035 29.446400, 49.918926 29.445945, 49.919817 29.445490, 49.920707 29.445035, 49.921598 29.444580, 49.922488 29.444125, 49.923379 29.443670, 49.924270 29.443215, 49.925160 29.442760, 49.926051 29.442305, 49.926941 29.441850, 49.927832 29.441394, 49.928722 29.440939, 49.929613 29.440484, 49.930503 29.440029, 49.931394 29.439574, 49.932284 29.439119, 49.933175 29.438664, 49.934065 29.438209, 49.934956 29.437754, 49.935846 29.437298, 49.936737 29.436843, 49.937627 29.436388, 49.938518 29.435933, 49.939408 29.435478, 49.940299 29.435023, 49.941189 29.434567, 49.942080 29.434112, 49.942970 29.433657, 49.943860 29.433202, 49.944751 29.432747, 49.945641 29.432291, 49.946532 29.431836, 49.947422 29.431381, 49.948312 29.430926, 49.949203 29.430471, 49.950093 29.430015, 49.950983 29.429560, 49.951874 29.429105, 49.952764 29.428650, 49.953654 29.428194, 49.954545 29.427739, 49.955435 29.427284, 49.956325 29.426829, 49.957216 29.426373, 49.958106 29.425918, 49.958996 29.425463, 49.959886 29.425007, 49.960777 29.424552, 49.961667 29.424097, 49.962557 29.423641, 49.963447 29.423186, 49.964338 29.422731, 49.965228 29.422275, 49.966118 29.421820, 49.967008 29.421365, 49.967898 29.420909, 49.968789 29.420454, 49.969679 29.419999, 49.970569 29.419543, 49.971459 29.419088, 49.972349 29.418633, 49.973239 29.418177, 49.974129 29.417722, 49.975020 29.417266, 49.975910 29.416811, 49.976800 29.416356, 49.977690 29.415900, 49.978580 29.415445, 49.979470 29.414989, 49.980360 29.414534, 49.981250 29.414078, 49.982140 29.413623, 49.983030 29.413167, 49.983920 29.412712, 49.984811 29.412257, 49.985701 29.411801, 49.986591 29.411346, 49.987481 29.410890, 49.988371 29.410435, 49.989261 29.409979, 49.990151 29.409524, 49.991041 29.409068, 49.991931 29.408613, 49.992821 29.408157, 49.993710 29.407702, 49.994600 29.407246, 49.995490 29.406791, 49.996380 29.406335, 49.997270 29.405879, 49.998160 29.405424, 49.999050 29.404968, 49.999940 29.404513, 50.000830 29.404057, 50.001720 29.403602, 50.002610 29.403146, 50.003500 29.402690, 50.004389 29.402235, 50.005279 29.401779, 50.006169 29.401324, 50.007059 29.400868, 50.007949 29.400412, 50.008839 29.399957, 50.009728 29.399501, 50.010618 29.399045, 50.011508 29.398590, 50.012398 29.398134, 50.013288 29.397679, 50.014177 29.397223, 50.015067 29.396767, 50.015957 29.396312, 50.016847 29.395856, 50.017736 29.395400, 50.018626 29.394944, 50.019516 29.394489, 50.020406 29.394033, 50.021295 29.393577, 50.022185 29.393122, 50.023075 29.392666, 50.023964 29.392210, 50.024854 29.391755, 50.025744 29.391299, 50.026633 29.390843, 50.027523 29.390387, 50.028413 29.389932, 50.029302 29.389476, 50.030192 29.389020, 50.031082 29.388564, 50.031971 29.388108, 50.032861 29.387653, 50.033751 29.387197, 50.034640 29.386741, 50.035530 29.386285, 50.036419 29.385829, 50.037309 29.385374, 50.038198 29.384918, 50.039088 29.384462, 50.039978 29.384006, 50.040867 29.383550, 50.041757 29.383094, 50.042646 29.382639, 50.043536 29.382183, 50.044425 29.381727, 50.045315 29.381271, 50.046204 29.380815, 50.047094 29.380359, 50.047983 29.379903, 50.048873 29.379448, 50.049762 29.378992, 50.050651 29.378536, 50.051541 29.378080, 50.052430 29.377624, 50.053320 29.377168, 50.054209 29.376712, 50.055099 29.376256, 50.055988 29.375800, 50.056877 29.375344, 50.057767 29.374888, 50.058656 29.374432, 50.059546 29.373976, 50.060435 29.373520, 50.061324 29.373064, 50.062214 29.372608, 50.063103 29.372152, 50.063992 29.371696, 50.064882 29.371240, 50.065771 29.370784, 50.066660 29.370328, 50.067550 29.369872, 50.068439 29.369416, 50.069328 29.368960, 50.070217 29.368504, 50.071107 29.368048, 50.071996 29.367592, 50.072885 29.367136, 50.073774 29.366680, 50.074664 29.366224, 50.075553 29.365768, 50.076442 29.365312, 50.077331 29.364856, 50.078221 29.364400, 50.079110 29.363944, 50.079999 29.363488, 50.080888 29.363032, 50.081777 29.362575, 50.082666 29.362119, 50.083556 29.361663, 50.084445 29.361207, 50.085334 29.360751, 50.086223 29.360295, 50.087112 29.359839, 50.088001 29.359382, 50.088890 29.358926, 50.089779 29.358470, 50.090669 29.358014, 50.091558 29.357558, 50.092447 29.357102, 50.093336 29.356645, 50.094225 29.356189, 50.095114 29.355733, 50.096003 29.355277, 50.096892 29.354821, 50.097781 29.354364, 50.098670 29.353908, 50.099559 29.353452, 50.100448 29.352996, 50.101337 29.352540, 50.102226 29.352083, 50.103115 29.351627, 50.104004 29.351171, 50.104893 29.350715, 50.105782 29.350258, 50.106671 29.349802, 50.107560 29.349346, 50.108449 29.348889, 50.109338 29.348433, 50.110227 29.347977, 50.111115 29.347521, 50.112004 29.347064, 50.112893 29.346608, 50.113782 29.346152, 50.114671 29.345695, 50.115560 29.345239, 50.116449 29.344783, 50.117338 29.344326, 50.118226 29.343870, 50.119115 29.343414, 50.120004 29.342957, 50.120893 29.342501, 50.121782 29.342044, 50.122671 29.341588, 50.123559 29.341132, 50.124448 29.340675, 50.125337 29.340219, 50.126226 29.339762, 50.127114 29.339306, 50.128003 29.338850, 50.128892 29.338393, 50.129781 29.337937, 50.130669 29.337480, 50.131558 29.337024, 50.132447 29.336567, 50.133336 29.336111, 50.134224 29.335655, 50.135113 29.335198, 50.136002 29.334742, 50.136890 29.334285, 50.137779 29.333829, 50.138668 29.333372, 50.139556 29.332916, 50.140445 29.332459, 50.141334 29.332003, 50.142222 29.331546, 50.143111 29.331090, 50.144000 29.330633, 50.144888 29.330177, 50.145777 29.329720, 50.146665 29.329264, 50.147554 29.328807, 50.148443 29.328350, 50.149331 29.327894, 50.150220 29.327437, 50.151108 29.326981, 50.151997 29.326524, 50.152885 29.326068, 50.153774 29.325611, 50.154662 29.325154, 50.155551 29.324698, 50.156439 29.324241, 50.157328 29.323785, 50.158216 29.323328, 50.159105 29.322871, 50.159993 29.322415, 50.160882 29.321958, 50.161770 29.321501, 50.162659 29.321045, 50.163547 29.320588, 50.164436 29.320132, 50.165324 29.319675, 50.166212 29.319218, 50.167101 29.318762, 50.167989 29.318305, 50.168878 29.317848, 50.169766 29.317391, 50.170654 29.316935, 50.171543 29.316478, 50.172431 29.316021, 50.173319 29.315565, 50.174208 29.315108, 50.175096 29.314651, 50.175984 29.314194, 50.176873 29.313738, 50.177761 29.313281, 50.178649 29.312824, 50.179538 29.312367, 50.180426 29.311911, 50.181314 29.311454, 50.182202 29.310997, 50.183091 29.310540, 50.183979 29.310084, 50.184867 29.309627, 50.185756 29.309170, 50.186644 29.308713, 50.187532 29.308256, 50.188420 29.307800, 50.189308 29.307343, 50.190197 29.306886, 50.191085 29.306429, 50.191973 29.305972, 50.192861 29.305515, 50.193749 29.305059, 50.194637 29.304602, 50.195526 29.304145, 50.196414 29.303688, 50.197302 29.303231, 50.198190 29.302774, 50.199078 29.302317, 50.199966 29.301860, 50.200854 29.301404, 50.201742 29.300947, 50.202631 29.300490, 50.203519 29.300033, 50.204407 29.299576, 50.205295 29.299119, 50.206183 29.298662, 50.207071 29.298205, 50.207959 29.297748, 50.208847 29.297291, 50.209735 29.296834, 50.210623 29.296377, 50.211511 29.295920, 50.212399 29.295463, 50.213287 29.295006, 50.214175 29.294549, 50.215063 29.294092, 50.215951 29.293635, 50.216839 29.293178, 50.217727 29.292721, 50.218615 29.292264, 50.219503 29.291807, 50.220391 29.291350, 50.221279 29.290893, 50.222167 29.290436, 50.223054 29.289979, 50.223942 29.289522, 50.224830 29.289065, 50.225718 29.288608, 50.226606 29.288151, 50.227494 29.287694, 50.228382 29.287237, 50.229270 29.286780, 50.230157 29.286323, 50.231045 29.285865, 50.231933 29.285408, 50.232821 29.284951, 50.233709 29.284494, 50.234597 29.284037, 50.235484 29.283580, 50.236372 29.283123, 50.237260 29.282666, 50.238148 29.282209, 50.239035 29.281751, 50.239923 29.281294, 50.240811 29.280837, 50.241699 29.280380, 50.242586 29.279923, 50.243474 29.279466, 50.244362 29.279008, 50.245250 29.278551, 50.246137 29.278094, 50.247025 29.277637, 50.247913 29.277180, 50.248800 29.276722, 50.249688 29.276265, 50.250576 29.275808, 50.251463 29.275351, 50.252351 29.274893, 50.253239 29.274436, 50.254126 29.273979, 50.255014 29.273522, 50.255901 29.273064, 50.256789 29.272607, 50.257677 29.272150, 50.258564 29.271693, 50.259452 29.271235, 50.260339 29.270778, 50.261227 29.270321, 50.262115 29.269863, 50.263002 29.269406, 50.263890 29.268949, 50.264777 29.268491, 50.265665 29.268034, 50.266552 29.267577, 50.267440 29.267119, 50.268327 29.266662, 50.269215 29.266205, 50.270102 29.265747, 50.270990 29.265290, 50.271877 29.264833, 50.272765 29.264375, 50.273652 29.263918, 50.274540 29.263461, 50.275427 29.263003, 50.276314 29.262546, 50.277202 29.262088, 50.278089 29.261631, 50.278977 29.261174, 50.279864 29.260716, 50.280751 29.260259, 50.281639 29.259801, 50.282526 29.259344, 50.283414 29.258886, 50.284301 29.258429, 50.285188 29.257971, 50.286076 29.257514, 50.286963 29.257057, 50.287850 29.256599, 50.288738 29.256142, 50.289625 29.255684, 50.290512 29.255227, 50.291400 29.254769, 50.292287 29.254312, 50.293174 29.253854, 50.294061 29.253397, 50.294949 29.252939, 50.295836 29.252482, 50.296723 29.252024, 50.297610 29.251566, 50.298498 29.251109, 50.299385 29.250651, 50.300272 29.250194, 50.301159 29.249736, 50.302046 29.249279, 50.302934 29.248821, 50.303821 29.248364, 50.304708 29.247906, 50.305595 29.247448, 50.306482 29.246991, 50.307370 29.246533, 50.308257 29.246076, 50.309144 29.245618, 50.310031 29.245160, 50.310918 29.244703, 50.311805 29.244245, 50.312692 29.243787, 50.313579 29.243330, 50.314466 29.242872, 50.315354 29.242414, 50.316241 29.241957, 50.317128 29.241499, 50.318015 29.241041, 50.318902 29.240584, 50.319789 29.240126, 50.320676 29.239668, 50.321563 29.239211, 50.322450 29.238753, 50.323337 29.238295, 50.324224 29.237838, 50.325111 29.237380, 50.325998 29.236922, 50.326885 29.236464, 50.327772 29.236007, 50.328659 29.235549, 50.329546 29.235091, 50.330433 29.234633, 50.331320 29.234176, 50.332207 29.233718, 50.333094 29.233260, 50.333980 29.232802, 50.334867 29.232345, 50.335754 29.231887, 50.336641 29.231429, 50.337528 29.230971, 50.338415 29.230513, 50.339302 29.230056, 50.340189 29.229598, 50.341075 29.229140, 50.341962 29.228682, 50.342849 29.228224, 50.343736 29.227766, 50.344623 29.227309, 50.345510 29.226851, 50.346396 29.226393, 50.347283 29.225935, 50.348170 29.225477, 50.349057 29.225019, 50.349944 29.224561, 50.350830 29.224104, 50.351717 29.223646, 50.352604 29.223188, 50.353491 29.222730, 50.354377 29.222272, 50.355264 29.221814, 50.356151 29.221356, 50.357037 29.220898, 50.357924 29.220440, 50.358811 29.219982, 50.359698 29.219524, 50.360584 29.219066, 50.361471 29.218608, 50.362358 29.218150, 50.363244 29.217692, 50.364131 29.217234, 50.365017 29.216777, 50.365904 29.216319, 50.366791 29.215861, 50.367677 29.215403, 50.368564 29.214945, 50.369451 29.214487, 50.370337 29.214028, 50.371224 29.213570, 50.372110 29.213112, 50.372997 29.212654, 50.373883 29.212196, 50.374770 29.211738, 50.375656 29.211280, 50.376543 29.210822, 50.377430 29.210364, 50.378316 29.209906, 50.379203 29.209448, 50.380089 29.208990, 50.380976 29.208532, 50.381862 29.208074, 50.382749 29.207616, 50.383635 29.207158, 50.384521 29.206699, 50.385408 29.206241, 50.386294 29.205783, 50.387181 29.205325, 50.388067 29.204867, 50.388954 29.204409, 50.389840 29.203951, 50.390727 29.203492, 50.391613 29.203034, 50.392499 29.202576, 50.393386 29.202118, 50.394272 29.201660, 50.395158 29.201202, 50.396045 29.200743, 50.396931 29.200285, 50.397817 29.199827, 50.398704 29.199369, 50.399590 29.198911, 50.400476 29.198452, 50.401363 29.197994, 50.402249 29.197536, 50.403135 29.197078, 50.404022 29.196620, 50.404908 29.196161, 50.405794 29.195703, 50.406681 29.195245, 50.407567 29.194786, 50.408453 29.194328, 50.409339 29.193870, 50.410225 29.193412, 50.411112 29.192953, 50.411998 29.192495, 50.412884 29.192037, 50.413770 29.191578, 50.414657 29.191120, 50.415543 29.190662, 50.416429 29.190204, 50.417315 29.189745, 50.418201 29.189287, 50.419087 29.188829, 50.419974 29.188370, 50.420860 29.187912, 50.421746 29.187454, 50.422632 29.186995, 50.423518 29.186537, 50.424404 29.186078, 50.425290 29.185620, 50.426176 29.185162, 50.427062 29.184703, 50.427949 29.184245, 50.428835 29.183786, 50.429721 29.183328, 50.430607 29.182870, 50.431493 29.182411, 50.432379 29.181953, 50.433265 29.181494, 50.434151 29.181036, 50.435037 29.180577, 50.435923 29.180119, 50.436809 29.179661, 50.437695 29.179202, 50.438581 29.178744, 50.439467 29.178285, 50.440353 29.177827, 50.441239 29.177368, 50.442125 29.176910, 50.443011 29.176451, 50.443897 29.175993, 50.444782 29.175534, 50.445668 29.175076, 50.446554 29.174617, 50.447440 29.174159, 50.448326 29.173700, 50.449212 29.173242, 50.450098 29.172783, 50.450984 29.172324, 50.451870 29.171866, 50.452755 29.171407, 50.453641 29.170949, 50.454527 29.170490, 50.455413 29.170032, 50.456299 29.169573, 50.457185 29.169114, 50.458070 29.168656, 50.458956 29.168197, 50.459842 29.167739, 50.460728 29.167280, 50.461613 29.166821, 50.462499 29.166363, 50.463385 29.165904, 50.464271 29.165446, 50.465157 29.164987, 50.466042 29.164528, 50.466928 29.164070, 50.467814 29.163611, 50.468699 29.163152, 50.469585 29.162694, 50.470471 29.162235, 50.471356 29.161776, 50.472242 29.161318, 50.473128 29.160859, 50.474014 29.160400, 50.474899 29.159941, 50.475785 29.159483, 50.476670 29.159024, 50.477556 29.158565, 50.478442 29.158107, 50.479327 29.157648, 50.480213 29.157189, 50.481099 29.156730, 50.481984 29.156272, 50.482870 29.155813, 50.483755 29.155354, 50.484641 29.154895, 50.485526 29.154437, 50.486412 29.153978, 50.487298 29.153519, 50.488183 29.153060, 50.489069 29.152601, 50.489954 29.152143, 50.490840 29.151684, 50.491725 29.151225, 50.492611 29.150766, 50.493496 29.150307, 50.494382 29.149848, 50.495267 29.149390, 50.496153 29.148931, 50.497038 29.148472, 50.497923 29.148013, 50.498809 29.147554, 50.499694 29.147095, 50.500580 29.146636, 50.501465 29.146178, 50.502351 29.145719, 50.503236 29.145260, 50.504121 29.144801, 50.505007 29.144342, 50.505892 29.143883, 50.506778 29.143424, 50.507663 29.142965, 50.508548 29.142506, 50.509434 29.142047, 50.510319 29.141588, 50.511204 29.141130, 50.512090 29.140671, 50.512975 29.140212, 50.513860 29.139753, 50.514745 29.139294, 50.515631 29.138835, 50.516516 29.138376, 50.517401 29.137917, 50.518287 29.137458, 50.519172 29.136999, 50.520057 29.136540, 50.520942 29.136081, 50.521828 29.135622, 50.522713 29.135163, 50.523598 29.134704, 50.524483 29.134245, 50.525368 29.133786, 50.526254 29.133327, 50.527139 29.132868, 50.528024 29.132409, 50.528909 29.131949, 50.529794 29.131490, 50.530680 29.131031, 50.531565 29.130572, 50.532450 29.130113, 50.533335 29.129654, 50.534220 29.129195, 50.535105 29.128736, 50.535990 29.128277, 50.536875 29.127818, 50.537761 29.127359, 50.538646 29.126899, 50.539531 29.126440, 50.540416 29.125981, 50.541301 29.125522, 50.542186 29.125063, 50.543071 29.124604, 50.543956 29.124145, 50.544841 29.123685, 50.545726 29.123226, 50.546611 29.122767, 50.547496 29.122308, 50.548381 29.121849, 50.549266 29.121389, 50.550151 29.120930, 50.551036 29.120471, 50.551921 29.120012, 50.552806 29.119553, 50.553691 29.119093, 50.554576 29.118634, 50.555461 29.118175, 50.556346 29.117716, 50.557231 29.117256, 50.558116 29.116797, 50.559000 29.116338, 50.559885 29.115879, 50.560770 29.115419, 50.561655 29.114960, 50.562540 29.114501, 50.563425 29.114042, 50.564310 29.113582, 50.565195 29.113123, 50.566079 29.112664, 50.566964 29.112204, 50.567849 29.111745, 50.568734 29.111286, 50.569619 29.110826, 50.570503 29.110367, 50.571388 29.109908, 50.572273 29.109448, 50.573158 29.108989, 50.574043 29.108530, 50.574927 29.108070, 50.575812 29.107611, 50.576697 29.107152, 50.577582 29.106692, 50.578466 29.106233, 50.579351 29.105773, 50.580236 29.105314, 50.581120 29.104855, 50.582005 29.104395, 50.582890 29.103936, 50.583775 29.103476, 50.584659 29.103017, 50.585544 29.102557, 50.586429 29.102098, 50.587313 29.101639, 50.588198 29.101179, 50.589082 29.100720, 50.589967 29.100260, 50.590852 29.099801, 50.591736 29.099341, 50.592621 29.098882, 50.593506 29.098422, 50.594390 29.097963, 50.595275 29.097503, 50.596159 29.097044, 50.597044 29.096584, 50.597928 29.096125, 50.598813 29.095665, 50.599697 29.095206, 50.600582 29.094746, 50.601467 29.094287, 50.602351 29.093827, 50.603236 29.093368, 50.604120 29.092908, 50.605005 29.092448, 50.605889 29.091989, 50.606774 29.091529, 50.607658 29.091070, 50.608542 29.090610, 50.609427 29.090151, 50.610311 29.089691, 50.611196 29.089231, 50.612080 29.088772, 50.612965 29.088312, 50.613849 29.087853, 50.614733 29.087393, 50.615618 29.086933, 50.616502 29.086474, 50.617387 29.086014, 50.618271 29.085554, 50.619155 29.085095, 50.620040 29.084635, 50.620924 29.084175, 50.621808 29.083716, 50.622693 29.083256, 50.623577 29.082796, 50.624461 29.082337, 50.625346 29.081877, 50.626230 29.081417, 50.627114 29.080958, 50.627999 29.080498, 50.628883 29.080038, 50.629767 29.079578, 50.630651 29.079119, 50.631536 29.078659, 50.632420 29.078199, 50.633304 29.077740, 50.634188 29.077280, 50.635073 29.076820, 50.635957 29.076360, 50.636841 29.075900, 50.637725 29.075441, 50.638609 29.074981, 50.639494 29.074521, 50.640378 29.074061, 50.641262 29.073602, 50.642146 29.073142, 50.643030 29.072682, 50.643914 29.072222, 50.644799 29.071762, 50.645683 29.071302, 50.646567 29.070843, 50.647451 29.070383, 50.648335 29.069923, 50.649219 29.069463, 50.650103 29.069003, 50.650987 29.068543, 50.651871 29.068084, 50.652756 29.067624, 50.653640 29.067164, 50.654524 29.066704, 50.655408 29.066244, 50.656292 29.065784, 50.657176 29.065324, 50.658060 29.064864, 50.658944 29.064404, 50.659828 29.063944, 50.660712 29.063485, 50.661596 29.063025, 50.662480 29.062565, 50.663364 29.062105, 50.664248 29.061645, 50.665132 29.061185, 50.666016 29.060725, 50.666900 29.060265, 50.667783 29.059805, 50.668667 29.059345, 50.669551 29.058885, 50.670435 29.058425, 50.671319 29.057965, 50.672203 29.057505, 50.673087 29.057045, 50.673971 29.056585, 50.674855 29.056125, 50.675739 29.055665, 50.676622 29.055205, 50.677506 29.054745, 50.678390 29.054285, 50.679274 29.053825, 50.680158 29.053365, 50.681042 29.052905, 50.681925 29.052445, 50.682809 29.051985, 50.683693 29.051524, 50.684577 29.051064, 50.685460 29.050604, 50.686344 29.050144, 50.687228 29.049684, 50.688112 29.049224, 50.688996 29.048764, 50.689879 29.048304, 50.690763 29.047844, 50.691647 29.047383, 50.692530 29.046923, 50.693414 29.046463, 50.694298 29.046003, 50.695182 29.045543, 50.696065 29.045083, 50.696949 29.044623, 50.697833 29.044162, 50.698716 29.043702, 50.699600 29.043242, 50.700483 29.042782, 50.701367 29.042322, 50.702251 29.041862, 50.703134 29.041401, 50.704018 29.040941, 50.704902 29.040481, 50.705785 29.040021, 50.706669 29.039560, 50.707552 29.039100, 50.708436 29.038640, 50.709319 29.038180, 50.710203 29.037719, 50.711087 29.037259, 50.711970 29.036799, 50.712854 29.036339, 50.713737 29.035878, 50.714621 29.035418, 50.715504 29.034958, 50.716388 29.034498, 50.717271 29.034037, 50.718155 29.033577, 50.719038 29.033117, 50.719922 29.032656, 50.720805 29.032196, 50.721689 29.031736, 50.722572 29.031275, 50.723455 29.030815, 50.724339 29.030355, 50.725222 29.029894, 50.726106 29.029434, 50.726989 29.028974, 50.727872 29.028513, 50.728756 29.028053, 50.729639 29.027593, 50.730523 29.027132, 50.731406 29.026672, 50.732289 29.026211, 50.733173 29.025751, 50.734056 29.025291, 50.734939 29.024830, 50.735823 29.024370, 50.736706 29.023909, 50.737589 29.023449, 50.738473 29.022988, 50.739356 29.022528, 50.740239 29.022068, 50.741122 29.021607, 50.742006 29.021147, 50.742889 29.020686, 50.743772 29.020226, 50.744656 29.019765, 50.745539 29.019305, 50.746422 29.018844, 50.747305 29.018384, 50.748188 29.017923, 50.749072 29.017463, 50.749955 29.017002, 50.750838 29.016542, 50.751721 29.016081, 50.752604 29.015621, 50.753488 29.015160, 50.754371 29.014700, 50.755254 29.014239, 50.756137 29.013779, 50.757020 29.013318, 50.757903 29.012857, 50.758786 29.012397, 50.759670 29.011936, 50.760553 29.011476, 50.761436 29.011015, 50.762319 29.010555, 50.763202 29.010094, 50.764085 29.009633, 50.764968 29.009173, 50.765851 29.008712, 50.766734 29.008251, 50.767617 29.007791, 50.768500 29.007330, 50.769383 29.006870, 50.770266 29.006409, 50.771149 29.005948, 50.772032 29.005488, 50.772915 29.005027, 50.773798 29.004566, 50.774681 29.004106, 50.775564 29.003645, 50.776447 29.003184, 50.777330 29.002724, 50.778213 29.002263, 50.779096 29.001802, 50.779979 29.001342, 50.780862 29.000881, 50.781745 29.000420, 50.782628 28.999959, 50.783511 28.999499, 50.784394 28.999038, 50.785276 28.998577, 50.786159 28.998116, 50.787042 28.997656, 50.787925 28.997195, 50.788808 28.996734, 50.789691 28.996273, 50.790574 28.995813, 50.791456 28.995352, 50.792339 28.994891, 50.793222 28.994430, 50.794105 28.993969, 50.794988 28.993509, 50.795870 28.993048, 50.796753 28.992587, 50.797636 28.992126, 50.798519 28.991665, 50.799402 28.991205, 50.800284 28.990744, 50.801167 28.990283, 50.802050 28.989822, 50.802933 28.989361, 50.803815 28.988900, 50.804698 28.988439, 50.805581 28.987979, 50.806463 28.987518, 50.807346 28.987057, 50.808229 28.986596, 50.809111 28.986135, 50.809994 28.985674, 50.810877 28.985213, 50.811759 28.984752, 50.812642 28.984291, 50.813525 28.983830, 50.814407 28.983369, 50.815290 28.982909, 50.816172 28.982448, 50.817055 28.981987, 50.817938 28.981526, 50.818820 28.981065, 50.819703 28.980604, 50.820585 28.980143, 50.821468 28.979682, 50.822351 28.979221, 50.823233 28.978760, 50.824116 28.978299, 50.824998 28.977838, 50.825881 28.977377, 50.826763 28.976916, 50.827646 28.976455, 50.828528 28.975994, 50.829411 28.975533, 50.830293 28.975072, 50.831176 28.974611, 50.832058 28.974150, 50.832941 28.973689, 50.833823 28.973228, 50.834705 28.972766, 50.835588 28.972305, 50.836470 28.971844, 50.837353 28.971383, 50.838235 28.970922, 50.839118 28.970461, 50.840000 28.970000))
