MULTILINESTRING ((23.980000 -18.380000, 23.978127 -18.376283, 23.976253 -18.372566, 23.974380 -18.368849, 23.972507 -18.365132, 23.970634 -18.361415, 23.968761 -18.357698, 23.966888 -18.353981, 23.965015 -18.350264, 23.963143 -18.346547, 23.961270 -18.342829, 23.959397 -18.339112, 23.957525 -18.335395, 23.955652 -18.331678, 23.953780 -18.327961, 23.951908 -18.324243, 23.950036 -18.320526, 23.948164 -18.316809, 23.946292 -18.313092, 23.944420 -18.309374, 23.942548 -18.305657, 23.940676 -18.301940, 23.938804 -18.298222, 23.936933 -18.294505, 23.935061 -18.290788, 23.933190 -18.287070, 23.931318 -18.283353, 23.929447 -18.279635, 23.927576 -18.275918, 23.925705 -18.272200, 23.923834 -18.268483, 23.921963 -18.264765, 23.920092 -18.261048, 23.918221 -18.257330, 23.916350 -18.253613, 23.914480 -18.249895, 23.912609 -18.246177, 23.910739 -18.242460, 23.908868 -18.238742, 23.906998 -18.235024, 23.905128 -18.231307, 23.903258 -18.227589, 23.901388 -18.223871, 23.899518 -18.220154, 23.897648 -18.216436, 23.895778 -18.212718, 23.893908 -18.209000, 23.892038 -18.205283, 23.890169 -18.201565, 23.888299 -18.197847, 23.886430 -18.194129, 23.884560 -18.190411, 23.882691 -18.186693, 23.880822 -18.182975, 23.878953 -18.179257, 23.877084 -18.175539, 23.875215 -18.171821, 23.873346 -18.168103, 23.871477 -18.164385, 23.869608 -18.160667, 23.867740 -18.156949, 23.865871 -18.153231, 23.864003 -18.149513, 23.862134 -18.145795, 23.860266 -18.142077, 23.858398 -18.138359, 23.856530 -18.134641, 23.854661 -18.130922, 23.852793 -18.127204, 23.850925 -18.123486, 23.849058 -18.119768, 23.847190 -18.116050, 23.845322 -18.112331, 23.843455 -18.108613, 23.841587 -18.104895, 23.839720 -18.101176, 23.837852 -18.097458, 23.835985 -18.093740, 23.834118 -18.090021, 23.832251 -18.086303, 23.830383 -18.082585, 23.828517 -18.078866, 23.826650 -18.075148, 23.824783 -18.071429, 23.822916 -18.067711, 23.821049 -18.063992, 23.819183 -18.060274, 23.817316 -18.056555, 23.815450 -18.052837, 23.813584 -18.049118, 23.811717 -18.045400, 23.809851 -18.041681, 23.807985 -18.037962, 23.806119 -18.034244, 23.804253 -18.030525, 23.802387 -18.026806, 23.800521 -18.023088, 23.798656 -18.019369, 23.796790 -18.015650, 23.794924 -18.011931, 23.793059 -18.008213, 23.791193 -18.004494, 23.789328 -18.000775, 23.787463 -17.997056, 23.785598 -17.993337, 23.783733 -17.989619, 23.781868 -17.985900, 23.780003 -17.982181, 23.778138 -17.978462, 23.776273 -17.974743, 23.774408 -17.971024, 23.772544 -17.967305, 23.770679 -17.963586, 23.768815 -17.959867, 23.766950 -17.956148, 23.765086 -17.952429, 23.763222 -17.948710, 23.761358 -17.944991, 23.759494 -17.941272, 23.757630 -17.937553, 23.755766 -17.933834, 23.753902 -17.930115, 23.752038 -17.926395, 23.750175 -17.922676, 23.748311 -17.918957, 23.746447 -17.915238, 23.744584 -17.911519, 23.742721 -17.907799, 23.740857 -17.904080, 23.738994 -17.900361, 23.737131 -17.896641, 23.735268 -17.892922, 23.733405 -17.889203, 23.731542 -17.885483, 23.729679 -17.881764, 23.727817 -17.878045, 23.725954 -17.874325, 23.724091 -17.870606, 23.722229 -17.866886, 23.720366 -17.863167, 23.718504 -17.859447, 23.716642 -17.855728, 23.714780 -17.852008, 23.712917 -17.848289, 23.711055 -17.844569, 23.709193 -17.840850, 23.707332 -17.837130, 23.705470 -17.833411, 23.703608 -17.829691, 23.701746 -17.825971, 23.699885 -17.822252, 23.698023 -17.818532, 23.696162 -17.814812, 23.694301 -17.811093, 23.692439 -17.807373, 23.690578 -17.803653, 23.688717 -17.799933, 23.686856 -17.796214, 23.684995 -17.792494, 23.683134 -17.788774, 23.681273 -17.785054, 23.679413 -17.781334, 23.677552 -17.777615, 23.675691 -17.773895, 23.673831 -17.770175, 23.671971 -17.766455, 23.670110 -17.762735, 23.668250 -17.759015, 23.666390 -17.755295, 23.664530 -17.751575, 23.662670 -17.747855, 23.660810 -17.744135, 23.658950 -17.740415, 23.657090 -17.736695, 23.655230 -17.732975, 23.653371 -17.729255, 23.651511 -17.725535, 23.649652 -17.721815, 23.647792 -17.718094, 23.645933 -17.714374, 23.644074 -17.710654, 23.642215 -17.706934, 23.640356 -17.703214, 23.638497 -17.699493, 23.636638 -17.695773, 23.634779 -17.692053, 23.632920 -17.688333, 23.631061 -17.684612, 23.629203 -17.680892, 23.627344 -17.677172, 23.625486 -17.673451, 23.623627 -17.669731, 23.621769 -17.666011, 23.619911 -17.662290, 23.618052 -17.658570, 23.616194 -17.654849, 23.614336 -17.651129, 23.612478 -17.647408, 23.610620 -17.643688, 23.608763 -17.639967, 23.606905 -17.636247, 23.605047 -17.632526, 23.603190 -17.628806, 23.601332 -17.625085, 23.599475 -17.621365, 23.597618 -17.617644, 23.595760 -17.613923, 23.593903 -17.610203, 23.592046 -17.606482, 23.590189 -17.602761, 23.588332 -17.599041, 23.586475 -17.595320, 23.584618 -17.591599, 23.582762 -17.587878, 23.580905 -17.584158, 23.579049 -17.580437, 23.577192 -17.576716, 23.575336 -17.572995, 23.573479 -17.569274, 23.571623 -17.565553, 23.569767 -17.561833, 23.567911 -17.558112, 23.566055 -17.554391, 23.564199 -17.550670, 23.562343 -17.546949, 23.560487 -17.543228, 23.558631 -17.539507, 23.556776 -17.535786, 23.554920 -17.532065, 23.553065 -17.528344, 23.551209 -17.524623, 23.549354 -17.520902, 23.547499 -17.517181, 23.545644 -17.513460, 23.543788 -17.509739, 23.541933 -17.506017, 23.540078 -17.502296, 23.538224 -17.498575, 23.536369 -17.494854, 23.534514 -17.491133, 23.532659 -17.487411, 23.530805 -17.483690, 23.528950 -17.479969, 23.527096 -17.476248, 23.525241 -17.472526, 23.523387 -17.468805, 23.521533 -17.465084, 23.519679 -17.461362, 23.517825 -17.457641, 23.515971 -17.453920, 23.514117 -17.450198, 23.512263 -17.446477, 23.510409 -17.442756, 23.508556 -17.439034, 23.506702 -17.435313, 23.504849 -17.431591, 23.502995 -17.427870, 23.501142 -17.424148, 23.499288 -17.420427, 23.497435 -17.416705, 23.495582 -17.412983, 23.493729 -17.409262, 23.491876 -17.405540, 23.490023 -17.401819, 23.488170 -17.398097, 23.486318 -17.394375, 23.484465 -17.390654, 23.482612 -17.386932, 23.480760 -17.383210, 23.478907 -17.379489, 23.477055 -17.375767, 23.475203 -17.372045, 23.473350 -17.368323, 23.471498 -17.364602, 23.469646 -17.360880, 23.467794 -17.357158, 23.465942 -17.353436, 23.464090 -17.349714, 23.462238 -17.345992, 23.460387 -17.342271, 23.458535 -17.338549, 23.456684 -17.334827, 23.454832 -17.331105, 23.452981 -17.327383, 23.451129 -17.323661, 23.449278 -17.319939, 23.447427 -17.316217, 23.445576 -17.312495, 23.443725 -17.308773, 23.441874 -17.305051, 23.440023 -17.301329, 23.438172 -17.297607, 23.436321 -17.293884, 23.434471 -17.290162, 23.432620 -17.286440, 23.430770 -17.282718, 23.428919 -17.278996, 23.427069 -17.275274, 23.425218 -17.271551, 23.423368 -17.267829, 23.421518 -17.264107, 23.419668 -17.260385, 23.417818 -17.256662, 23.415968 -17.252940, 23.414118 -17.249218, 23.412269 -17.245496, 23.410419 -17.241773, 23.408569 -17.238051, 23.406720 -17.234328, 23.404870 -17.230606, 23.403021 -17.226884, 23.401172 -17.223161, 23.399322 -17.219439, 23.397473 -17.215716, 23.395624 -17.211994, 23.393775 -17.208271, 23.391926 -17.204549, 23.390077 -17.200826, 23.388228 -17.197104, 23.386380 -17.193381, 23.384531 -17.189659, 23.382682 -17.185936, 23.380834 -17.182213, 23.378986 -17.178491, 23.377137 -17.174768, 23.375289 -17.171045, 23.373441 -17.167323, 23.371593 -17.163600, 23.369745 -17.159877, 23.367897 -17.156155, 23.366049 -17.152432, 23.364201 -17.148709, 23.362353 -17.144986, 23.360505 -17.141263, 23.358658 -17.137541, 23.356810 -17.133818, 23.354963 -17.130095, 23.353115 -17.126372, 23.351268 -17.122649, 23.349421 -17.118926, 23.347574 -17.115203, 23.345727 -17.111480, 23.343880 -17.107758, 23.342033 -17.104035, 23.340186 -17.100312, 23.338339 -17.096589, 23.336492 -17.092866, 23.334646 -17.089143, 23.332799 -17.085419, 23.330953 -17.081696, 23.329106 -17.077973, 23.327260 -17.074250, 23.325413 -17.070527, 23.323567 -17.066804, 23.321721 -17.063081, 23.319875 -17.059358, 23.318029 -17.055634, 23.316183 -17.051911, 23.314337 -17.048188, 23.312492 -17.044465, 23.310646 -17.040742, 23.308800 -17.037018, 23.306955 -17.033295, 23.305109 -17.029572, 23.303264 -17.025848, 23.301419 -17.022125, 23.299573 -17.018402, 23.297728 -17.014678, 23.295883 -17.010955, 23.294038 -17.007232, 23.292193 -17.003508, 23.290348 -16.999785, 23.288503 -16.996061, 23.286659 -16.992338, 23.284814 -16.988614, 23.282969 -16.984891, 23.281125 -16.981167, 23.279280 -16.977444, 23.277436 -16.973720, 23.275592 -16.969997, 23.273747 -16.966273, 23.271903 -16.962549, 23.270059 -16.958826, 23.268215 -16.955102, 23.266371 -16.951379, 23.264527 -16.947655, 23.262684 -16.943931, 23.260840 -16.940207, 23.258996 -16.936484, 23.257153 -16.932760, 23.255309 -16.929036, 23.253466 -16.925313, 23.251622 -16.921589, 23.249779 -16.917865, 23.247936 -16.914141, 23.246093 -16.910417, 23.244250 -16.906693, 23.242407 -16.902970, 23.240564 -16.899246, 23.238721 -16.895522, 23.236878 -16.891798, 23.235036 -16.888074, 23.233193 -16.884350, 23.231350 -16.880626, 23.229508 -16.876902, 23.227666 -16.873178, 23.225823 -16.869454, 23.223981 -16.865730, 23.222139 -16.862006, 23.220297 -16.858282, 23.218455 -16.854558, 23.216613 -16.850834, 23.214771 -16.847110, 23.212929 -16.843386, 23.211087 -16.839661, 23.209246 -16.835937, 23.207404 -16.832213, 23.205562 -16.828489, 23.203721 -16.824765, 23.201880 -16.821040, 23.200038 -16.817316, 23.198197 -16.813592, 23.196356 -16.809868, 23.194515 -16.806143, 23.192674 -16.802419, 23.190833 -16.798695, 23.188992 -16.794970, 23.187151 -16.791246, 23.185310 -16.787522, 23.183470 -16.783797, 23.181629 -16.780073, 23.179789 -16.776348, 23.177948 -16.772624, 23.176108 -16.768900, 23.174267 -16.765175, 23.172427 -16.761451, 23.170587 -16.757726, 23.168747 -16.754002, 23.166907 -16.750277, 23.165067 -16.746552, 23.163227 -16.742828, 23.161387 -16.739103, 23.159548 -16.735379, 23.157708 -16.731654, 23.155868 -16.727929, 23.154029 -16.724205, 23.152189 -16.720480, 23.150350 -16.716755, 23.148511 -16.713031, 23.146672 -16.709306, 23.144832 -16.705581, 23.142993 -16.701857, 23.141154 -16.698132, 23.139315 -16.694407, 23.137477 -16.690682, 23.135638 -16.686957, 23.133799 -16.683233, 23.131960 -16.679508, 23.130122 -16.675783, 23.128283 -16.672058, 23.126445 -16.668333, 23.124607 -16.664608, 23.122768 -16.660883, 23.120930 -16.657158, 23.119092 -16.653433, 23.117254 -16.649708, 23.115416 -16.645983, 23.113578 -16.642258, 23.111740 -16.638533, 23.109902 -16.634808, 23.108064 -16.631083, 23.106227 -16.627358, 23.104389 -16.623633, 23.102552 -16.619908, 23.100714 -16.616183, 23.098877 -16.612458, 23.097040 -16.608733, 23.095202 -16.605007, 23.093365 -16.601282, 23.091528 -16.597557, 23.089691 -16.593832, 23.087854 -16.590107, 23.086017 -16.586381, 23.084181 -16.582656, 23.082344 -16.578931, 23.080507 -16.575205, 23.078671 -16.571480, 23.076834 -16.567755, 23.074998 -16.564029, 23.073161 -16.560304, 23.071325 -16.556579, 23.069489 -16.552853, 23.067653 -16.549128, 23.065817 -16.545402, 23.063981 -16.541677, 23.062145 -16.537952, 23.060309 -16.534226, 23.058473 -16.530501, 23.056637 -16.526775, 23.054802 -16.523050, 23.052966 -16.519324, 23.051130 -16.515598, 23.049295 -16.511873, 23.047460 -16.508147, 23.045624 -16.504422, 23.043789 -16.500696, 23.041954 -16.496970, 23.040119 -16.493245, 23.038284 -16.489519, 23.036449 -16.485793, 23.034614 -16.482068, 23.032779 -16.478342, 23.030944 -16.474616, 23.029110 -16.470891, 23.027275 -16.467165, 23.025441 -16.463439, 23.023606 -16.459713, 23.021772 -16.455987, 23.019937 -16.452262, 23.018103 -16.448536, 23.016269 -16.444810, 23.014435 -16.441084, 23.012601 -16.437358, 23.010767 -16.433632, 23.008933 -16.429906, 23.007099 -16.426180, 23.005265 -16.422454, 23.003432 -16.418728, 23.001598 -16.415002, 22.999765 -16.411276, 22.997931 -16.407550, 22.996098 -16.403824, 22.994264 -16.400098, 22.992431 -16.396372, 22.990598 -16.392646, 22.988765 -16.388920, 22.986932 -16.385194, 22.985099 -16.381468, 22.983266 -16.377742, 22.981433 -16.374015, 22.979600 -16.370289, 22.977768 -16.366563, 22.975935 -16.362837, 22.974102 -16.359111, 22.972270 -16.355384, 22.970438 -16.351658, 22.968605 -16.347932, 22.966773 -16.344206, 22.964941 -16.340479, 22.963109 -16.336753, 22.961276 -16.333027, 22.959444 -16.329300, 22.957613 -16.325574, 22.955781 -16.321848, 22.953949 -16.318121, 22.952117 -16.314395, 22.950286 -16.310668, 22.948454 -16.306942, 22.946622 -16.303215, 22.944791 -16.299489, 22.942960 -16.295762, 22.941128 -16.292036, 22.939297 -16.288309, 22.937466 -16.284583, 22.935635 -16.280856, 22.933804 -16.277130, 22.931973 -16.273403, 22.930142 -16.269677, 22.928311 -16.265950, 22.926480 -16.262223, 22.924650 -16.258497, 22.922819 -16.254770, 22.920989 -16.251043, 22.919158 -16.247317, 22.917328 -16.243590, 22.915497 -16.239863, 22.913667 -16.236136, 22.911837 -16.232410, 22.910007 -16.228683, 22.908177 -16.224956, 22.906347 -16.221229, 22.904517 -16.217502, 22.902687 -16.213776, 22.900857 -16.210049, 22.899027 -16.206322, 22.897198 -16.202595, 22.895368 -16.198868, 22.893539 -16.195141, 22.891709 -16.191414, 22.889880 -16.187687, 22.888051 -16.183960, 22.886221 -16.180233, 22.884392 -16.176506, 22.882563 -16.172779, 22.880734 -16.169052, 22.878905 -16.165325, 22.877076 -16.161598, 22.875248 -16.157871, 22.873419 -16.154144, 22.871590 -16.150417, 22.869762 -16.146690, 22.867933 -16.142963, 22.866105 -16.139236, 22.864276 -16.135508, 22.862448 -16.131781, 22.860620 -16.128054, 22.858791 -16.124327, 22.856963 -16.120600, 22.855135 -16.116872, 22.853307 -16.113145, 22.851479 -16.109418, 22.849651 -16.105690, 22.847824 -16.101963, 22.845996 -16.098236, 22.844168 -16.094508, 22.842341 -16.090781, 22.840513 -16.087054, 22.838686 -16.083326, 22.836858 -16.079599, 22.835031 -16.075872, 22.833204 -16.072144, 22.831377 -16.068417, 22.829550 -16.064689, 22.827723 -16.060962, 22.825896 -16.057234, 22.824069 -16.053507, 22.822242 -16.049779, 22.820415 -16.046052, 22.818589 -16.042324, 22.816762 -16.038597, 22.814935 -16.034869, 22.813109 -16.031141, 22.811283 -16.027414, 22.809456 -16.023686, 22.807630 -16.019958, 22.805804 -16.016231, 22.803978 -16.012503, 22.802152 -16.008775, 22.800326 -16.005048, 22.798500 -16.001320, 22.796674 -15.997592, 22.794848 -15.993864, 22.793022 -15.990137, 22.791197 -15.986409, 22.789371 -15.982681, 22.787545 -15.978953, 22.785720 -15.975225, 22.783895 -15.971498, 22.782069 -15.967770, 22.780244 -15.964042, 22.778419 -15.960314, 22.776594 -15.956586, 22.774769 -15.952858, 22.772944 -15.949130, 22.771119 -15.945402, 22.769294 -15.941674, 22.767469 -15.937946, 22.765644 -15.934218, 22.763820 -15.930490, 22.761995 -15.926762, 22.760171 -15.923034, 22.758346 -15.919306, 22.756522 -15.915578, 22.754698 -15.911850, 22.752873 -15.908122, 22.751049 -15.904394, 22.749225 -15.900666, 22.747401 -15.896937, 22.745577 -15.893209, 22.743753 -15.889481, 22.741929 -15.885753, 22.740106 -15.882025, 22.738282 -15.878296, 22.736458 -15.874568, 22.734635 -15.870840, 22.732811 -15.867112, 22.730988 -15.863383, 22.729165 -15.859655, 22.727341 -15.855927, 22.725518 -15.852198, 22.723695 -15.848470, 22.721872 -15.844742, 22.720049 -15.841013, 22.718226 -15.837285, 22.716403 -15.833556, 22.714580 -15.829828, 22.712757 -15.826100, 22.710935 -15.822371, 22.709112 -15.818643, 22.707290 -15.814914, 22.705467 -15.811186, 22.703645 -15.807457, 22.701822 -15.803729, 22.700000 -15.800000, 22.696529 -15.797586, 22.693058 -15.795172, 22.689587 -15.792757, 22.686116 -15.790343, 22.682646 -15.787929, 22.679175 -15.785514, 22.675704 -15.783100, 22.672234 -15.780685, 22.668763 -15.778271, 22.665293 -15.775856, 22.661823 -15.773442, 22.658353 -15.771027, 22.654883 -15.768612, 22.651413 -15.766197, 22.647943 -15.763782, 22.644473 -15.761367, 22.641003 -15.758952, 22.637534 -15.756537, 22.634064 -15.754122, 22.630595 -15.751707, 22.627125 -15.749292, 22.623656 -15.746876, 22.620187 -15.744461, 22.616717 -15.742046, 22.613248 -15.739630, 22.609779 -15.737215, 22.606310 -15.734799, 22.602842 -15.732383, 22.599373 -15.729968, 22.595904 -15.727552, 22.592436 -15.725136, 22.588967 -15.722720, 22.585499 -15.720305, 22.582030 -15.717889, 22.578562 -15.715473, 22.575094 -15.713057, 22.571626 -15.710640, 22.568158 -15.708224, 22.564690 -15.705808, 22.561222 -15.703392, 22.557754 -15.700975, 22.554287 -15.698559, 22.550819 -15.696143, 22.547352 -15.693726, 22.543884 -15.691310, 22.540417 -15.688893, 22.536949 -15.686476, 22.533482 -15.684060, 22.530015 -15.681643, 22.526548 -15.679226, 22.523081 -15.676809, 22.519614 -15.674392, 22.516148 -15.671975, 22.512681 -15.669558, 22.509214 -15.667141, 22.505748 -15.664724, 22.502281 -15.662307, 22.498815 -15.659890, 22.495349 -15.657472, 22.491883 -15.655055, 22.488416 -15.652637, 22.484950 -15.650220, 22.481484 -15.647802, 22.478019 -15.645385, 22.474553 -15.642967, 22.471087 -15.640550, 22.467621 -15.638132, 22.464156 -15.635714, 22.460690 -15.633296, 22.457225 -15.630878, 22.453760 -15.628460, 22.450295 -15.626042, 22.446829 -15.623624, 22.443364 -15.621206, 22.439899 -15.618788, 22.436434 -15.616370, 22.432970 -15.613951, 22.429505 -15.611533, 22.426040 -15.609115, 22.422576 -15.606696, 22.419111 -15.604278, 22.415647 -15.601859, 22.412183 -15.599440, 22.408718 -15.597022, 22.405254 -15.594603, 22.401790 -15.592184, 22.398326 -15.589765, 22.394862 -15.587347, 22.391398 -15.584928, 22.387935 -15.582509, 22.384471 -15.580090, 22.381007 -15.577670, 22.377544 -15.575251, 22.374080 -15.572832, 22.370617 -15.570413, 22.367154 -15.567994, 22.363691 -15.565574, 22.360228 -15.563155, 22.356765 -15.560735, 22.353302 -15.558316, 22.349839 -15.555896, 22.346376 -15.553476, 22.342913 -15.551057, 22.339451 -15.548637, 22.335988 -15.546217, 22.332526 -15.543797, 22.329063 -15.541377, 22.325601 -15.538957, 22.322139 -15.536537, 22.318677 -15.534117, 22.315215 -15.531697, 22.311753 -15.529277, 22.308291 -15.526857, 22.304829 -15.524437, 22.301367 -15.522016, 22.297906 -15.519596, 22.294444 -15.517175, 22.290983 -15.514755, 22.287521 -15.512334, 22.284060 -15.509914, 22.280599 -15.507493, 22.277138 -15.505072, 22.273677 -15.502651, 22.270216 -15.500231, 22.266755 -15.497810, 22.263294 -15.495389, 22.259833 -15.492968, 22.256373 -15.490547, 22.252912 -15.488126, 22.249452 -15.485704, 22.245991 -15.483283, 22.242531 -15.480862, 22.239071 -15.478441, 22.235610 -15.476019, 22.232150 -15.473598, 22.228690 -15.471176, 22.225230 -15.468755, 22.221770 -15.466333, 22.218311 -15.463912, 22.214851 -15.461490, 22.211391 -15.459068, 22.207932 -15.456646, 22.204472 -15.454225, 22.201013 -15.451803, 22.197554 -15.449381, 22.194095 -15.446959, 22.190636 -15.444537, 22.187176 -15.442115, 22.183718 -15.439692, 22.180259 -15.437270, 22.176800 -15.434848, 22.173341 -15.432425, 22.169883 -15.430003, 22.166424 -15.427581, 22.162965 -15.425158, 22.159507 -15.422736, 22.156049 -15.420313, 22.152591 -15.417890, 22.149132 -15.415468, 22.145674 -15.413045, 22.142216 -15.410622, 22.138758 -15.408199, 22.135301 -15.405776, 22.131843 -15.403353, 22.128385 -15.400930, 22.124928 -15.398507, 22.121470 -15.396084, 22.118013 -15.393661, 22.114555 -15.391238, 22.111098 -15.388814, 22.107641 -15.386391, 22.104184 -15.383968, 22.100727 -15.381544, 22.097270 -15.379121, 22.093813 -15.376697, 22.090356 -15.374273, 22.086899 -15.371850, 22.083443 -15.369426, 22.079986 -15.367002, 22.076530 -15.364578, 22.073073 -15.362155, 22.069617 -15.359731, 22.066161 -15.357307, 22.062705 -15.354883, 22.059249 -15.352458, 22.055793 -15.350034, 22.052337 -15.347610, 22.048881 -15.345186, 22.045425 -15.342762, 22.041970 -15.340337, 22.038514 -15.337913, 22.035059 -15.335488, 22.031603 -15.333064, 22.028148 -15.330639, 22.024693 -15.328215, 22.021237 -15.325790, 22.017782 -15.323365, 22.014327 -15.320940, 22.010872 -15.318515, 22.007418 -15.316091, 22.003963 -15.313666, 22.000508 -15.311241, 21.997053 -15.308816, 21.993599 -15.306390, 21.990144 -15.303965, 21.986690 -15.301540, 21.983236 -15.299115, 21.979782 -15.296690, 21.976327 -15.294264, 21.972873 -15.291839, 21.969419 -15.289413, 21.965966 -15.286988, 21.962512 -15.284562, 21.959058 -15.282136, 21.955604 -15.279711, 21.952151 -15.277285, 21.948697 -15.274859, 21.945244 -15.272433, 21.941791 -15.270008, 21.938337 -15.267582, 21.934884 -15.265156, 21.931431 -15.262729, 21.927978 -15.260303, 21.924525 -15.257877, 21.921072 -15.255451, 21.917619 -15.253025, 21.914167 -15.250598, 21.910714 -15.248172, 21.907262 -15.245746, 21.903809 -15.243319, 21.900357 -15.240893, 21.896904 -15.238466, 21.893452 -15.236039, 21.890000 -15.233613, 21.886548 -15.231186, 21.883096 -15.228759, 21.879644 -15.226332, 21.876192 -15.223905, 21.872741 -15.221478, 21.869289 -15.219051, 21.865837 -15.216624, 21.862386 -15.214197, 21.858934 -15.211770, 21.855483 -15.209343, 21.852032 -15.206916, 21.848581 -15.204488, 21.845130 -15.202061, 21.841679 -15.199633, 21.838228 -15.197206, 21.834777 -15.194778, 21.831326 -15.192351, 21.827875 -15.189923, 21.824425 -15.187495, 21.820974 -15.185068, 21.817524 -15.182640, 21.814073 -15.180212, 21.810623 -15.177784, 21.807173 -15.175356, 21.803722 -15.172928, 21.800272 -15.170500, 21.796822 -15.168072, 21.793372 -15.165644, 21.789923 -15.163216, 21.786473 -15.160787, 21.783023 -15.158359, 21.779574 -15.155931, 21.776124 -15.153502, 21.772675 -15.151074, 21.769225 -15.148645, 21.765776 -15.146217, 21.762327 -15.143788, 21.758878 -15.141359, 21.755429 -15.138931, 21.751980 -15.136502, 21.748531 -15.134073, 21.745082 -15.131644, 21.741633 -15.129215, 21.738185 -15.126786, 21.734736 -15.124357, 21.731288 -15.121928, 21.727839 -15.119499, 21.724391 -15.117070, 21.720943 -15.114640, 21.717494 -15.112211, 21.714046 -15.109782, 21.710598 -15.107352, 21.707150 -15.104923, 21.703703 -15.102493, 21.700255 -15.100064, 21.696807 -15.097634, 21.693359 -15.095204, 21.689912 -15.092775, 21.686464 -15.090345, 21.683017 -15.087915, 21.679570 -15.085485, 21.676123 -15.083055, 21.672675 -15.080625, 21.669228 -15.078195, 21.665781 -15.075765, 21.662334 -15.073335, 21.658888 -15.070905, 21.655441 -15.068474, 21.651994 -15.066044, 21.648548 -15.063614, 21.645101 -15.061183, 21.641655 -15.058753, 21.638208 -15.056322, 21.634762 -15.053892, 21.631316 -15.051461, 21.627870 -15.049030, 21.624424 -15.046600, 21.620978 -15.044169, 21.617532 -15.041738, 21.614086 -15.039307, 21.610640 -15.036876, 21.607195 -15.034445, 21.603749 -15.032014, 21.600303 -15.029583, 21.596858 -15.027152, 21.593413 -15.024721, 21.589967 -15.022290, 21.586522 -15.019858, 21.583077 -15.017427, 21.579632 -15.014996, 21.576187 -15.012564, 21.572742 -15.010133, 21.569298 -15.007701, 21.565853 -15.005269, 21.562408 -15.002838, 21.558964 -15.000406, 21.555519 -14.997974, 21.552075 -14.995542, 21.548630 -14.993111, 21.545186 -14.990679, 21.541742 -14.988247, 21.538298 -14.985815, 21.534854 -14.983383, 21.531410 -14.980950, 21.527966 -14.978518, 21.524522 -14.976086, 21.521079 -14.973654, 21.517635 -14.971221, 21.514192 -14.968789, 21.510748 -14.966357, 21.507305 -14.963924, 21.503861 -14.961492, 21.500418 -14.959059, 21.496975 -14.956626, 21.493532 -14.954194, 21.490089 -14.951761, 21.486646 -14.949328, 21.483203 -14.946895, 21.479760 -14.944462, 21.476318 -14.942029, 21.472875 -14.939596, 21.469433 -14.937163, 21.465990 -14.934730, 21.462548 -14.932297, 21.459106 -14.929864, 21.455663 -14.927431, 21.452221 -14.924997, 21.448779 -14.922564, 21.445337 -14.920131, 21.441895 -14.917697, 21.438453 -14.915264, 21.435012 -14.912830, 21.431570 -14.910396, 21.428128 -14.907963, 21.424687 -14.905529, 21.421246 -14.903095, 21.417804 -14.900661, 21.414363 -14.898228, 21.410922 -14.895794, 21.407481 -14.893360, 21.404040 -14.890926, 21.400599 -14.888492, 21.397158 -14.886057, 21.393717 -14.883623, 21.390276 -14.881189, 21.386835 -14.878755, 21.383395 -14.876320, 21.379954 -14.873886, 21.376514 -14.871452, 21.373074 -14.869017, 21.369633 -14.866583, 21.366193 -14.864148, 21.362753 -14.861713, 21.359313 -14.859279, 21.355873 -14.856844, 21.352433 -14.854409, 21.348993 -14.851974, 21.345554 -14.849539, 21.342114 -14.847104, 21.338674 -14.844669, 21.335235 -14.842234, 21.331796 -14.839799, 21.328356 -14.837364, 21.324917 -14.834929, 21.321478 -14.832494, 21.318039 -14.830058, 21.314600 -14.827623, 21.311161 -14.825187, 21.307722 -14.822752, 21.304283 -14.820316, 21.300844 -14.817881, 21.297406 -14.815445, 21.293967 -14.813010, 21.290529 -14.810574, 21.287090 -14.808138, 21.283652 -14.805702, 21.280214 -14.803266, 21.276775 -14.800831, 21.273337 -14.798395, 21.269899 -14.795959, 21.266461 -14.793522, 21.263024 -14.791086, 21.259586 -14.788650, 21.256148 -14.786214, 21.252710 -14.783778, 21.249273 -14.781341, 21.245835 -14.778905, 21.242398 -14.776469, 21.238961 -14.774032, 21.235523 -14.771595, 21.232086 -14.769159, 21.228649 -14.766722, 21.225212 -14.764286, 21.221775 -14.761849, 21.218338 -14.759412, 21.214902 -14.756975, 21.211465 -14.754538, 21.208028 -14.752101, 21.204592 -14.749664, 21.201155 -14.747227, 21.197719 -14.744790, 21.194282 -14.742353, 21.190846 -14.739916, 21.187410 -14.737479, 21.183974 -14.735041, 21.180538 -14.732604, 21.177102 -14.730167, 21.173666 -14.727729, 21.170230 -14.725292, 21.166795 -14.722854, 21.163359 -14.720417, 21.159923 -14.717979, 21.156488 -14.715541, 21.153053 -14.713103, 21.149617 -14.710666, 21.146182 -14.708228, 21.142747 -14.705790, 21.139312 -14.703352, 21.135877 -14.700914, 21.132442 -14.698476, 21.129007 -14.696038, 21.125572 -14.693600, 21.122137 -14.691161, 21.118703 -14.688723, 21.115268 -14.686285, 21.111834 -14.683847, 21.108399 -14.681408, 21.104965 -14.678970, 21.101531 -14.676531, 21.098097 -14.674093, 21.094662 -14.671654, 21.091228 -14.669215, 21.087794 -14.666777, 21.084361 -14.664338, 21.080927 -14.661899, 21.077493 -14.659460, 21.074059 -14.657021, 21.070626 -14.654582, 21.067192 -14.652143, 21.063759 -14.649704, 21.060326 -14.647265, 21.056892 -14.644826, 21.053459 -14.642387, 21.050026 -14.639947, 21.046593 -14.637508, 21.043160 -14.635069, 21.039727 -14.632629, 21.036294 -14.630190, 21.032862 -14.627750, 21.029429 -14.625311, 21.025996 -14.622871, 21.022564 -14.620432, 21.019132 -14.617992, 21.015699 -14.615552, 21.012267 -14.613112, 21.008835 -14.610672, 21.005403 -14.608232, 21.001971 -14.605792, 20.998539 -14.603352, 20.995107 -14.600912, 20.991675 -14.598472, 20.988243 -14.596032, 20.984812 -14.593592, 20.981380 -14.591152, 20.977948 -14.588711, 20.974517 -14.586271, 20.971086 -14.583831, 20.967654 -14.581390, 20.964223 -14.578950, 20.960792 -14.576509, 20.957361 -14.574068, 20.953930 -14.571628, 20.950499 -14.569187, 20.947068 -14.566746, 20.943638 -14.564305, 20.940207 -14.561865, 20.936776 -14.559424, 20.933346 -14.556983, 20.929915 -14.554542, 20.926485 -14.552101, 20.923055 -14.549659, 20.919625 -14.547218, 20.916194 -14.544777, 20.912764 -14.542336, 20.909334 -14.539894, 20.905904 -14.537453, 20.902475 -14.535012, 20.899045 -14.532570, 20.895615 -14.530129, 20.892186 -14.527687, 20.888756 -14.525245, 20.885327 -14.522804, 20.881897 -14.520362, 20.878468 -14.517920, 20.875039 -14.515479, 20.871610 -14.513037, 20.868180 -14.510595, 20.864751 -14.508153, 20.861323 -14.505711, 20.857894 -14.503269, 20.854465 -14.500827, 20.851036 -14.498384, 20.847608 -14.495942, 20.844179 -14.493500, 20.840751 -14.491058, 20.837322 -14.488615, 20.833894 -14.486173, 20.830466 -14.483730, 20.827037 -14.481288, 20.823609 -14.478845, 20.820181 -14.476403, 20.816753 -14.473960, 20.813325 -14.471517, 20.809898 -14.469075, 20.806470 -14.466632, 20.803042 -14.464189, 20.799615 -14.461746, 20.796187 -14.459303, 20.792760 -14.456860, 20.789333 -14.454417, 20.785905 -14.451974, 20.782478 -14.449531, 20.779051 -14.447087, 20.775624 -14.444644, 20.772197 -14.442201, 20.768770 -14.439758, 20.765343 -14.437314, 20.761917 -14.434871, 20.758490 -14.432427, 20.755063 -14.429984, 20.751637 -14.427540, 20.748210 -14.425096, 20.744784 -14.422653, 20.741358 -14.420209, 20.737931 -14.417765, 20.734505 -14.415321, 20.731079 -14.412877, 20.727653 -14.410433, 20.724227 -14.407989, 20.720802 -14.405545, 20.717376 -14.403101, 20.713950 -14.400657, 20.710524 -14.398213, 20.707099 -14.395769, 20.703673 -14.393324, 20.700248 -14.390880, 20.696823 -14.388436, 20.693398 -14.385991, 20.689972 -14.383547, 20.686547 -14.381102, 20.683122 -14.378658, 20.679697 -14.376213, 20.676272 -14.373768, 20.672848 -14.371324, 20.669423 -14.368879, 20.665998 -14.366434, 20.662574 -14.363989, 20.659149 -14.361544, 20.655725 -14.359099, 20.652301 -14.356654, 20.648876 -14.354209, 20.645452 -14.351764, 20.642028 -14.349319, 20.638604 -14.346873, 20.635180 -14.344428, 20.631756 -14.341983, 20.628332 -14.339537, 20.624909 -14.337092, 20.621485 -14.334647, 20.618061 -14.332201, 20.614638 -14.329755, 20.611214 -14.327310, 20.607791 -14.324864, 20.604368 -14.322418, 20.600944 -14.319973, 20.597521 -14.317527, 20.594098 -14.315081, 20.590675 -14.312635, 20.587252 -14.310189, 20.583829 -14.307743, 20.580407 -14.305297, 20.576984 -14.302851, 20.573561 -14.300405, 20.570139 -14.297959, 20.566716 -14.295512, 20.563294 -14.293066, 20.559872 -14.290620, 20.556449 -14.288173, 20.553027 -14.285727, 20.549605 -14.283280, 20.546183 -14.280834, 20.542761 -14.278387, 20.539339 -14.275940, 20.535918 -14.273494, 20.532496 -14.271047, 20.529074 -14.268600, 20.525653 -14.266153, 20.522231 -14.263706, 20.518810 -14.261259, 20.515388 -14.258812, 20.511967 -14.256365, 20.508546 -14.253918, 20.505125 -14.251471, 20.501704 -14.249024, 20.498283 -14.246577, 20.494862 -14.244130, 20.491441 -14.241682, 20.488020 -14.239235, 20.484599 -14.236787, 20.481179 -14.234340, 20.477758 -14.231892, 20.474338 -14.229445, 20.470917 -14.226997, 20.467497 -14.224549, 20.464077 -14.222102, 20.460657 -14.219654, 20.457237 -14.217206, 20.453817 -14.214758, 20.450397 -14.212310, 20.446977 -14.209862, 20.443557 -14.207414, 20.440137 -14.204966, 20.436718 -14.202518, 20.433298 -14.200070, 20.429878 -14.197622, 20.426459 -14.195174, 20.423040 -14.192725, 20.419620 -14.190277, 20.416201 -14.187829, 20.412782 -14.185380, 20.409363 -14.182932, 20.405944 -14.180483, 20.402525 -14.178034, 20.399106 -14.175586, 20.395688 -14.173137, 20.392269 -14.170688, 20.388850 -14.168240, 20.385432 -14.165791, 20.382013 -14.163342, 20.378595 -14.160893, 20.375176 -14.158444, 20.371758 -14.155995, 20.368340 -14.153546, 20.364922 -14.151097, 20.361504 -14.148648, 20.358086 -14.146198, 20.354668 -14.143749, 20.351250 -14.141300, 20.347833 -14.138850, 20.344415 -14.136401, 20.340997 -14.133951, 20.337580 -14.131502, 20.334162 -14.129052, 20.330745 -14.126603, 20.327328 -14.124153, 20.323910 -14.121703, 20.320493 -14.119254, 20.317076 -14.116804, 20.313659 -14.114354, 20.310242 -14.111904, 20.306826 -14.109454, 20.303409 -14.107004, 20.299992 -14.104554, 20.296575 -14.102104, 20.293159 -14.099654, 20.289742 -14.097204, 20.286326 -14.094753, 20.282910 -14.092303, 20.279493 -14.089853, 20.276077 -14.087402, 20.272661 -14.084952, 20.269245 -14.082501, 20.265829 -14.080051, 20.262413 -14.077600, 20.258997 -14.075150, 20.255582 -14.072699, 20.252166 -14.070248, 20.248750 -14.067798, 20.245335 -14.065347, 20.241919 -14.062896, 20.238504 -14.060445, 20.235089 -14.057994, 20.231673 -14.055543, 20.228258 -14.053092, 20.224843 -14.050641, 20.221428 -14.048190, 20.218013 -14.045739, 20.214598 -14.043287, 20.211183 -14.040836, 20.207769 -14.038385, 20.204354 -14.035933, 20.200940 -14.033482, 20.197525 -14.031030, 20.194111 -14.028579, 20.190696 -14.026127, 20.187282 -14.023676, 20.183868 -14.021224, 20.180454 -14.018772, 20.177040 -14.016320, 20.173626 -14.013869, 20.170212 -14.011417, 20.166798 -14.008965, 20.163384 -14.006513, 20.159970 -14.004061, 20.156557 -14.001609, 20.153143 -13.999157, 20.149730 -13.996705, 20.146316 -13.994252, 20.142903 -13.991800, 20.139490 -13.989348, 20.136076 -13.986895, 20.132663 -13.984443, 20.129250 -13.981991, 20.125837 -13.979538, 20.122424 -13.977086, 20.119012 -13.974633, 20.115599 -13.972180, 20.112186 -13.969728, 20.108773 -13.967275, 20.105361 -13.964822, 20.101948 -13.962369, 20.098536 -13.959916, 20.095124 -13.957464, 20.091711 -13.955011, 20.088299 -13.952558, 20.084887 -13.950105, 20.081475 -13.947651, 20.078063 -13.945198, 20.074651 -13.942745, 20.071240 -13.940292, 20.067828 -13.937839, 20.064416 -13.935385, 20.061005 -13.932932, 20.057593 -13.930478, 20.054182 -13.928025, 20.050770 -13.925571, 20.047359 -13.923118, 20.043948 -13.920664, 20.040536 -13.918210, 20.037125 -13.915757, 20.033714 -13.913303, 20.030303 -13.910849, 20.026893 -13.908395, 20.023482 -13.905941, 20.020071 -13.903487, 20.016660 -13.901033, 20.013250 -13.898579, 20.009839 -13.896125, 20.006429 -13.893671, 20.003018 -13.891217, 19.999608 -13.888763, 19.996198 -13.886308, 19.992788 -13.883854, 19.989378 -13.881400, 19.985968 -13.878945, 19.982558 -13.876491, 19.979148 -13.874036, 19.975738 -13.871582, 19.972328 -13.869127, 19.968919 -13.866672, 19.965509 -13.864218, 19.962100 -13.861763, 19.958690 -13.859308, 19.955281 -13.856853, 19.951872 -13.854398, 19.948462 -13.851943, 19.945053 -13.849488, 19.941644 -13.847033, 19.938235 -13.844578, 19.934826 -13.842123, 19.931417 -13.839668, 19.928009 -13.837213, 19.924600 -13.834757, 19.921191 -13.832302, 19.917783 -13.829847, 19.914374 -13.827391, 19.910966 -13.824936, 19.907558 -13.822480, 19.904149 -13.820025, 19.900741 -13.817569, 19.897333 -13.815113, 19.893925 -13.812658, 19.890517 -13.810202, 19.887109 -13.807746, 19.883701 -13.805290, 19.880293 -13.802834, 19.876886 -13.800378, 19.873478 -13.797922, 19.870070 -13.795466, 19.866663 -13.793010, 19.863256 -13.790554, 19.859848 -13.788098, 19.856441 -13.785642, 19.853034 -13.783185, 19.849627 -13.780729, 19.846220 -13.778273, 19.842813 -13.775816, 19.839406 -13.773360, 19.835999 -13.770903, 19.832592 -13.768447, 19.829185 -13.765990, 19.825779 -13.763534, 19.822372 -13.761077, 19.818966 -13.758620, 19.815559 -13.756163, 19.812153 -13.753706, 19.808747 -13.751250, 19.805340 -13.748793, 19.801934 -13.746336, 19.798528 -13.743879, 19.795122 -13.741422, 19.791716 -13.738965, 19.788311 -13.736507, 19.784905 -13.734050, 19.781499 -13.731593, 19.778093 -13.729136, 19.774688 -13.726678, 19.771282 -13.724221, 19.767877 -13.721763, 19.764472 -13.719306, 19.761066 -13.716848, 19.757661 -13.714391, 19.754256 -13.711933, 19.750851 -13.709476, 19.747446 -13.707018, 19.744041 -13.704560, 19.740636 -13.702102, 19.737232 -13.699644, 19.733827 -13.697186, 19.730422 -13.694729, 19.727018 -13.692271, 19.723613 -13.689812, 19.720209 -13.687354, 19.716804 -13.684896, 19.713400 -13.682438, 19.709996 -13.679980, 19.706592 -13.677522, 19.703188 -13.675063, 19.699784 -13.672605, 19.696380 -13.670146, 19.692976 -13.667688, 19.689572 -13.665229, 19.686169 -13.662771, 19.682765 -13.660312, 19.679361 -13.657854, 19.675958 -13.655395, 19.672554 -13.652936, 19.669151 -13.650477, 19.665748 -13.648019, 19.662345 -13.645560, 19.658941 -13.643101, 19.655538 -13.640642, 19.652135 -13.638183, 19.648732 -13.635724, 19.645330 -13.633265, 19.641927 -13.630805, 19.638524 -13.628346, 19.635121 -13.625887, 19.631719 -13.623428, 19.628316 -13.620968, 19.624914 -13.618509, 19.621512 -13.616050, 19.618109 -13.613590, 19.614707 -13.611130, 19.611305 -13.608671, 19.607903 -13.606211, 19.604501 -13.603752, 19.601099 -13.601292, 19.597697 -13.598832, 19.594295 -13.596372, 19.590894 -13.593912, 19.587492 -13.591453, 19.584090 -13.588993, 19.580689 -13.586533, 19.577287 -13.584073, 19.573886 -13.581613, 19.570485 -13.579152, 19.567084 -13.576692, 19.563682 -13.574232, 19.560281 -13.571772, 19.556880 -13.569311, 19.553479 -13.566851, 19.550078 -13.564391, 19.546678 -13.561930, 19.543277 -13.559470, 19.539876 -13.557009, 19.536476 -13.554549, 19.533075 -13.552088, 19.529675 -13.549627, 19.526274 -13.547167, 19.522874 -13.544706, 19.519474 -13.542245, 19.516074 -13.539784, 19.512674 -13.537323, 19.509273 -13.534862, 19.505874 -13.532401, 19.502474 -13.529940, 19.499074 -13.527479, 19.495674 -13.525018, 19.492274 -13.522557, 19.488875 -13.520095, 19.485475 -13.517634, 19.482076 -13.515173, 19.478676 -13.512712, 19.475277 -13.510250, 19.471878 -13.507789, 19.468479 -13.505327, 19.465079 -13.502866, 19.461680 -13.500404, 19.458281 -13.497942, 19.454883 -13.495481, 19.451484 -13.493019, 19.448085 -13.490557, 19.444686 -13.488095, 19.441288 -13.485633, 19.437889 -13.483172, 19.434491 -13.480710, 19.431092 -13.478248, 19.427694 -13.475785, 19.424296 -13.473323, 19.420897 -13.470861, 19.417499 -13.468399, 19.414101 -13.465937, 19.410703 -13.463475, 19.407305 -13.461012, 19.403907 -13.458550, 19.400510 -13.456087, 19.397112 -13.453625, 19.393714 -13.451162, 19.390317 -13.448700, 19.386919 -13.446237, 19.383522 -13.443775, 19.380124 -13.441312, 19.376727 -13.438849, 19.373330 -13.436386, 19.369933 -13.433924, 19.366536 -13.431461, 19.363139 -13.428998, 19.359742 -13.426535, 19.356345 -13.424072, 19.352948 -13.421609, 19.349551 -13.419146, 19.346155 -13.416682, 19.342758 -13.414219, 19.339361 -13.411756, 19.335965 -13.409293, 19.332569 -13.406829, 19.329172 -13.404366, 19.325776 -13.401903, 19.322380 -13.399439, 19.318984 -13.396976, 19.315588 -13.394512, 19.312192 -13.392048, 19.308796 -13.389585, 19.305400 -13.387121, 19.302004 -13.384657, 19.298608 -13.382194, 19.295213 -13.379730, 19.291817 -13.377266, 19.288422 -13.374802, 19.285026 -13.372338, 19.281631 -13.369874, 19.278236 -13.367410, 19.274841 -13.364946, 19.271445 -13.362482, 19.268050 -13.360017, 19.264655 -13.357553, 19.261260 -13.355089, 19.257866 -13.352625, 19.254471 -13.350160, 19.251076 -13.347696, 19.247681 -13.345231, 19.244287 -13.342767, 19.240892 -13.340302, 19.237498 -13.337838, 19.234103 -13.335373, 19.230709 -13.332908, 19.227315 -13.330444, 19.223921 -13.327979, 19.220527 -13.325514, 19.217133 -13.323049, 19.213739 -13.320584, 19.210345 -13.318119, 19.206951 -13.315654, 19.203557 -13.313189, 19.200164 -13.310724, 19.196770 -13.308259, 19.193376 -13.305794, 19.189983 -13.303329, 19.186589 -13.300863, 19.183196 -13.298398, 19.179803 -13.295933, 19.176410 -13.293467, 19.173017 -13.291002, 19.169623 -13.288536, 19.166230 -13.286071, 19.162838 -13.283605, 19.159445 -13.281139, 19.156052 -13.278674, 19.152659 -13.276208, 19.149267 -13.273742, 19.145874 -13.271276, 19.142481 -13.268811, 19.139089 -13.266345, 19.135697 -13.263879, 19.132304 -13.261413, 19.128912 -13.258947, 19.125520 -13.256481, 19.122128 -13.254015, 19.118736 -13.251548, 19.115344 -13.249082, 19.111952 -13.246616, 19.108560 -13.244150, 19.105168 -13.241683, 19.101777 -13.239217, 19.098385 -13.236750, 19.094993 -13.234284, 19.091602 -13.231817, 19.088211 -13.229351, 19.084819 -13.226884, 19.081428 -13.224417, 19.078037 -13.221951, 19.074646 -13.219484, 19.071255 -13.217017, 19.067864 -13.214550, 19.064473 -13.212083, 19.061082 -13.209617, 19.057691 -13.207150, 19.054300 -13.204683, 19.050910 -13.202215, 19.047519 -13.199748, 19.044128 -13.197281, 19.040738 -13.194814, 19.037348 -13.192347, 19.033957 -13.189879, 19.030567 -13.187412, 19.027177 -13.184945, 19.023787 -13.182477, 19.020397 -13.180010, 19.017007 -13.177542, 19.013617 -13.175075, 19.010227 -13.172607, 19.006837 -13.170140, 19.003448 -13.167672, 19.000058 -13.165204, 18.996668 -13.162736, 18.993279 -13.160268, 18.989889 -13.157801, 18.986500 -13.155333, 18.983111 -13.152865, 18.979722 -13.150397, 18.976332 -13.147929, 18.972943 -13.145461, 18.969554 -13.142992, 18.966165 -13.140524, 18.962776 -13.138056, 18.959388 -13.135588, 18.955999 -13.133119, 18.952610 -13.130651, 18.949222 -13.128183, 18.945833 -13.125714, 18.942445 -13.123246, 18.939056 -13.120777, 18.935668 -13.118309, 18.932280 -13.115840, 18.928891 -13.113371, 18.925503 -13.110903, 18.922115 -13.108434, 18.918727 -13.105965, 18.915339 -13.103496, 18.911951 -13.101027, 18.908564 -13.098558, 18.905176 -13.096089, 18.901788 -13.093620, 18.898401 -13.091151, 18.895013 -13.088682, 18.891626 -13.086213, 18.888238 -13.083744, 18.884851 -13.081275, 18.881464 -13.078805, 18.878077 -13.076336, 18.874689 -13.073867, 18.871302 -13.071397, 18.867915 -13.068928, 18.864528 -13.066458, 18.861142 -13.063989, 18.857755 -13.061519, 18.854368 -13.059049, 18.850982 -13.056580, 18.847595 -13.054110, 18.844208 -13.051640, 18.840822 -13.049170, 18.837436 -13.046701, 18.834049 -13.044231, 18.830663 -13.041761, 18.827277 -13.039291, 18.823891 -13.036821, 18.820505 -13.034351, 18.817119 -13.031881, 18.813733 -13.029410, 18.810347 -13.026940, 18.806961 -13.024470, 18.803576 -13.022000, 18.800190 -13.019529, 18.796804 -13.017059, 18.793419 -13.014588, 18.790034 -13.012118, 18.786648 -13.009647, 18.783263 -13.007177, 18.779878 -13.004706, 18.776493 -13.002236, 18.773107 -12.999765, 18.769722 -12.997294, 18.766337 -12.994823, 18.762953 -12.992353, 18.759568 -12.989882, 18.756183 -12.987411, 18.752798 -12.984940, 18.749414 -12.982469, 18.746029 -12.979998, 18.742645 -12.977527, 18.739260 -12.975056, 18.735876 -12.972584, 18.732492 -12.970113, 18.729107 -12.967642, 18.725723 -12.965171, 18.722339 -12.962699, 18.718955 -12.960228, 18.715571 -12.957756, 18.712187 -12.955285, 18.708804 -12.952813, 18.705420 -12.950342, 18.702036 -12.947870, 18.698653 -12.945399, 18.695269 -12.942927, 18.691886 -12.940455, 18.688502 -12.937983, 18.685119 -12.935512, 18.681736 -12.933040, 18.678352 -12.930568, 18.674969 -12.928096, 18.671586 -12.925624, 18.668203 -12.923152, 18.664820 -12.920680, 18.661437 -12.918207, 18.658055 -12.915735, 18.654672 -12.913263, 18.651289 -12.910791, 18.647907 -12.908318, 18.644524 -12.905846, 18.641142 -12.903374, 18.637759 -12.900901, 18.634377 -12.898429, 18.630995 -12.895956, 18.627612 -12.893484, 18.624230 -12.891011, 18.620848 -12.888538, 18.617466 -12.886066, 18.614084 -12.883593, 18.610702 -12.881120, 18.607321 -12.878647, 18.603939 -12.876175, 18.600557 -12.873702, 18.597176 -12.871229, 18.593794 -12.868756, 18.590413 -12.866283, 18.587031 -12.863809, 18.583650 -12.861336, 18.580269 -12.858863, 18.576887 -12.856390, 18.573506 -12.853917, 18.570125 -12.851443, 18.566744 -12.848970, 18.563363 -12.846497, 18.559982 -12.844023, 18.556602 -12.841550, 18.553221 -12.839076, 18.549840 -12.836603, 18.546460 -12.834129, 18.543079 -12.831655, 18.539699 -12.829182, 18.536318 -12.826708, 18.532938 -12.824234, 18.529558 -12.821760, 18.526177 -12.819286, 18.522797 -12.816813, 18.519417 -12.814339, 18.516037 -12.811865, 18.512657 -12.809391, 18.509277 -12.806916, 18.505898 -12.804442, 18.502518 -12.801968, 18.499138 -12.799494, 18.495759 -12.797020, 18.492379 -12.794545, 18.489000 -12.792071, 18.485620 -12.789597, 18.482241 -12.787122, 18.478862 -12.784648, 18.475482 -12.782173, 18.472103 -12.779699, 18.468724 -12.777224, 18.465345 -12.774749, 18.461966 -12.772275, 18.458587 -12.769800, 18.455208 -12.767325, 18.451830 -12.764850, 18.448451 -12.762376, 18.445072 -12.759901, 18.441694 -12.757426, 18.438315 -12.754951, 18.434937 -12.752476, 18.431559 -12.750001, 18.428180 -12.747525, 18.424802 -12.745050, 18.421424 -12.742575, 18.418046 -12.740100, 18.414668 -12.737625, 18.411290 -12.735149, 18.407912 -12.732674, 18.404534 -12.730198, 18.401156 -12.727723, 18.397779 -12.725248, 18.394401 -12.722772, 18.391024 -12.720296, 18.387646 -12.717821, 18.384269 -12.715345, 18.380891 -12.712869, 18.377514 -12.710394, 18.374137 -12.707918, 18.370760 -12.705442, 18.367383 -12.702966, 18.364006 -12.700490, 18.360629 -12.698014, 18.357252 -12.695538, 18.353875 -12.693062, 18.350498 -12.690586, 18.347121 -12.688110, 18.343745 -12.685634, 18.340368 -12.683157, 18.336992 -12.680681, 18.333615 -12.678205, 18.330239 -12.675728, 18.326863 -12.673252, 18.323486 -12.670776, 18.320110 -12.668299, 18.316734 -12.665823, 18.313358 -12.663346, 18.309982 -12.660869, 18.306606 -12.658393, 18.303230 -12.655916, 18.299855 -12.653439, 18.296479 -12.650963, 18.293103 -12.648486, 18.289728 -12.646009, 18.286352 -12.643532, 18.282977 -12.641055, 18.279601 -12.638578, 18.276226 -12.636101, 18.272851 -12.633624, 18.269475 -12.631147, 18.266100 -12.628670, 18.262725 -12.626192, 18.259350 -12.623715, 18.255975 -12.621238, 18.252600 -12.618761, 18.249226 -12.616283, 18.245851 -12.613806, 18.242476 -12.611328, 18.239102 -12.608851, 18.235727 -12.606373, 18.232353 -12.603896, 18.228978 -12.601418, 18.225604 -12.598940, 18.222230 -12.596463, 18.218855 -12.593985, 18.215481 -12.591507, 18.212107 -12.589029, 18.208733 -12.586551, 18.205359 -12.584073, 18.201985 -12.581595, 18.198612 -12.579117, 18.195238 -12.576639, 18.191864 -12.574161, 18.188490 -12.571683, 18.185117 -12.569205, 18.181743 -12.566727, 18.178370 -12.564248, 18.174997 -12.561770, 18.171623 -12.559292, 18.168250 -12.556813, 18.164877 -12.554335, 18.161504 -12.551857, 18.158131 -12.549378, 18.154758 -12.546899, 18.151385 -12.544421, 18.148012 -12.541942, 18.144639 -12.539464, 18.141267 -12.536985, 18.137894 -12.534506, 18.134521 -12.532027, 18.131149 -12.529548, 18.127776 -12.527069, 18.124404 -12.524591, 18.121032 -12.522112, 18.117659 -12.519633, 18.114287 -12.517153, 18.110915 -12.514674, 18.107543 -12.512195, 18.104171 -12.509716, 18.100799 -12.507237, 18.097427 -12.504758, 18.094055 -12.502278, 18.090684 -12.499799, 18.087312 -12.497319, 18.083940 -12.494840, 18.080569 -12.492361, 18.077197 -12.489881, 18.073826 -12.487401, 18.070454 -12.484922, 18.067083 -12.482442, 18.063712 -12.479962, 18.060341 -12.477483, 18.056970 -12.475003, 18.053599 -12.472523, 18.050228 -12.470043, 18.046857 -12.467563, 18.043486 -12.465083, 18.040115 -12.462603, 18.036744 -12.460123, 18.033374 -12.457643, 18.030003 -12.455163, 18.026633 -12.452683, 18.023262 -12.450203, 18.019892 -12.447723, 18.016522 -12.445242, 18.013151 -12.442762, 18.009781 -12.440282, 18.006411 -12.437801, 18.003041 -12.435321, 17.999671 -12.432840, 17.996301 -12.430360, 17.992931 -12.427879, 17.989561 -12.425399, 17.986192 -12.422918, 17.982822 -12.420437, 17.979452 -12.417957, 17.976083 -12.415476, 17.972713 -12.412995, 17.969344 -12.410514, 17.965974 -12.408033, 17.962605 -12.405552, 17.959236 -12.403071, 17.955867 -12.400590, 17.952498 -12.398109, 17.949129 -12.395628, 17.945760 -12.393147, 17.942391 -12.390666, 17.939022 -12.388185, 17.935653 -12.385703, 17.932284 -12.383222, 17.928916 -12.380741, 17.925547 -12.378259, 17.922179 -12.375778, 17.918810 -12.373296, 17.915442 -12.370815, 17.912073 -12.368333, 17.908705 -12.365852, 17.905337 -12.363370, 17.901969 -12.360888, 17.898601 -12.358406, 17.895233 -12.355925, 17.891865 -12.353443, 17.888497 -12.350961, 17.885129 -12.348479, 17.881761 -12.345997, 17.878394 -12.343515, 17.875026 -12.341033, 17.871658 -12.338551, 17.868291 -12.336069, 17.864923 -12.333587, 17.861556 -12.331105, 17.858189 -12.328622, 17.854822 -12.326140, 17.851454 -12.323658, 17.848087 -12.321176, 17.844720 -12.318693, 17.841353 -12.316211, 17.837986 -12.313728, 17.834619 -12.311246, 17.831253 -12.308763, 17.827886 -12.306281, 17.824519 -12.303798, 17.821153 -12.301315, 17.817786 -12.298833, 17.814420 -12.296350, 17.811053 -12.293867, 17.807687 -12.291384, 17.804320 -12.288901, 17.800954 -12.286418, 17.797588 -12.283935, 17.794222 -12.281452, 17.790856 -12.278969, 17.787490 -12.276486, 17.784124 -12.274003, 17.780758 -12.271520, 17.777392 -12.269037, 17.774027 -12.266553, 17.770661 -12.264070, 17.767295 -12.261587, 17.763930 -12.259103, 17.760564 -12.256620, 17.757199 -12.254136, 17.753834 -12.251653, 17.750468 -12.249169, 17.747103 -12.246686, 17.743738 -12.244202, 17.740373 -12.241719, 17.737008 -12.239235, 17.733643 -12.236751, 17.730278 -12.234267, 17.726913 -12.231783, 17.723548 -12.229300, 17.720184 -12.226816, 17.716819 -12.224332, 17.713455 -12.221848, 17.710090 -12.219364, 17.706726 -12.216880, 17.703361 -12.214395, 17.699997 -12.211911, 17.696633 -12.209427, 17.693268 -12.206943, 17.689904 -12.204459, 17.686540 -12.201974, 17.683176 -12.199490, 17.679812 -12.197006, 17.676448 -12.194521, 17.673084 -12.192037, 17.669721 -12.189552, 17.666357 -12.187068, 17.662993 -12.184583, 17.659630 -12.182098, 17.656266 -12.179614, 17.652903 -12.177129, 17.649539 -12.174644, 17.646176 -12.172159, 17.642813 -12.169674, 17.639450 -12.167190, 17.636087 -12.164705, 17.632724 -12.162220, 17.629360 -12.159735, 17.625998 -12.157250, 17.622635 -12.154764, 17.619272 -12.152279, 17.615909 -12.149794, 17.612546 -12.147309, 17.609184 -12.144824, 17.605821 -12.142338, 17.602459 -12.139853, 17.599096 -12.137368, 17.595734 -12.134882, 17.592372 -12.132397, 17.589009 -12.129911, 17.585647 -12.127426, 17.582285 -12.124940, 17.578923 -12.122455, 17.575561 -12.119969, 17.572199 -12.117483, 17.568837 -12.114997, 17.565475 -12.112512, 17.562114 -12.110026, 17.558752 -12.107540, 17.555390 -12.105054, 17.552029 -12.102568, 17.548667 -12.100082, 17.545306 -12.097596, 17.541944 -12.095110, 17.538583 -12.092624, 17.535222 -12.090138, 17.531861 -12.087652, 17.528500 -12.085165, 17.525138 -12.082679, 17.521777 -12.080193, 17.518416 -12.077706, 17.515056 -12.075220, 17.511695 -12.072734, 17.508334 -12.070247, 17.504973 -12.067761, 17.501613 -12.065274, 17.498252 -12.062787, 17.494892 -12.060301, 17.491531 -12.057814, 17.488171 -12.055327, 17.484811 -12.052841, 17.481450 -12.050354, 17.478090 -12.047867, 17.474730 -12.045380, 17.471370 -12.042893, 17.468010 -12.040406, 17.464650 -12.037919, 17.461290 -12.035432, 17.457930 -12.032945, 17.454571 -12.030458, 17.451211 -12.027971, 17.447851 -12.025484, 17.444492 -12.022996, 17.441132 -12.020509, 17.437773 -12.018022, 17.434413 -12.015535, 17.431054 -12.013047, 17.427695 -12.010560, 17.424336 -12.008072, 17.420976 -12.005585, 17.417617 -12.003097, 17.414258 -12.000610, 17.410899 -11.998122, 17.407540 -11.995634, 17.404182 -11.993147, 17.400823 -11.990659, 17.397464 -11.988171, 17.394106 -11.985683, 17.390747 -11.983195, 17.387388 -11.980707, 17.384030 -11.978219, 17.380672 -11.975731, 17.377313 -11.973243, 17.373955 -11.970755, 17.370597 -11.968267, 17.367239 -11.965779, 17.363881 -11.963291, 17.360523 -11.960803, 17.357165 -11.958314, 17.353807 -11.955826, 17.350449 -11.953338, 17.347091 -11.950849, 17.343733 -11.948361, 17.340376 -11.945872, 17.337018 -11.943384, 17.333661 -11.940895, 17.330303 -11.938407, 17.326946 -11.935918, 17.323588 -11.933429, 17.320231 -11.930941, 17.316874 -11.928452, 17.313517 -11.925963, 17.310160 -11.923474, 17.306803 -11.920985, 17.303446 -11.918496, 17.300089 -11.916008, 17.296732 -11.913519, 17.293375 -11.911029, 17.290018 -11.908540, 17.286662 -11.906051, 17.283305 -11.903562, 17.279949 -11.901073, 17.276592 -11.898584, 17.273236 -11.896094, 17.269879 -11.893605, 17.266523 -11.891116, 17.263167 -11.888626, 17.259811 -11.886137, 17.256455 -11.883648, 17.253099 -11.881158, 17.249743 -11.878668, 17.246387 -11.876179, 17.243031 -11.873689, 17.239675 -11.871200, 17.236319 -11.868710, 17.232964 -11.866220, 17.229608 -11.863730, 17.226252 -11.861241, 17.222897 -11.858751, 17.219541 -11.856261, 17.216186 -11.853771, 17.212831 -11.851281, 17.209475 -11.848791, 17.206120 -11.846301, 17.202765 -11.843811, 17.199410 -11.841320, 17.196055 -11.838830, 17.192700 -11.836340, 17.189345 -11.833850, 17.185990 -11.831360, 17.182636 -11.828869, 17.179281 -11.826379, 17.175926 -11.823888, 17.172572 -11.821398, 17.169217 -11.818907, 17.165863 -11.816417, 17.162508 -11.813926, 17.159154 -11.811436, 17.155800 -11.808945, 17.152446 -11.806454, 17.149091 -11.803964, 17.145737 -11.801473, 17.142383 -11.798982, 17.139029 -11.796491, 17.135675 -11.794000, 17.132322 -11.791509, 17.128968 -11.789018, 17.125614 -11.786527, 17.122260 -11.784036, 17.118907 -11.781545, 17.115553 -11.779054, 17.112200 -11.776563, 17.108846 -11.774072, 17.105493 -11.771581, 17.102140 -11.769089, 17.098786 -11.766598, 17.095433 -11.764107, 17.092080 -11.761615, 17.088727 -11.759124, 17.085374 -11.756632, 17.082021 -11.754141, 17.078668 -11.751649, 17.075315 -11.749158, 17.071963 -11.746666, 17.068610 -11.744174, 17.065257 -11.741683, 17.061905 -11.739191, 17.058552 -11.736699, 17.055200 -11.734207, 17.051847 -11.731715, 17.048495 -11.729223, 17.045143 -11.726732, 17.041791 -11.724240, 17.038438 -11.721747, 17.035086 -11.719255, 17.031734 -11.716763, 17.028382 -11.714271, 17.025030 -11.711779, 17.021679 -11.709287, 17.018327 -11.706795, 17.014975 -11.704302, 17.011623 -11.701810, 17.008272 -11.699318, 17.004920 -11.696825, 17.001569 -11.694333, 16.998217 -11.691840, 16.994866 -11.689348, 16.991515 -11.686855, 16.988163 -11.684362, 16.984812 -11.681870, 16.981461 -11.679377, 16.978110 -11.676884, 16.974759 -11.674392, 16.971408 -11.671899, 16.968057 -11.669406, 16.964706 -11.666913, 16.961356 -11.664420, 16.958005 -11.661927, 16.954654 -11.659434, 16.951304 -11.656941, 16.947953 -11.654448, 16.944603 -11.651955, 16.941252 -11.649462, 16.937902 -11.646969, 16.934552 -11.644475, 16.931202 -11.641982, 16.927851 -11.639489, 16.924501 -11.636996, 16.921151 -11.634502, 16.917801 -11.632009, 16.914451 -11.629515, 16.911101 -11.627022, 16.907752 -11.624528, 16.904402 -11.622035, 16.901052 -11.619541, 16.897703 -11.617047, 16.894353 -11.614554, 16.891004 -11.612060, 16.887654 -11.609566, 16.884305 -11.607072, 16.880955 -11.604579, 16.877606 -11.602085, 16.874257 -11.599591, 16.870908 -11.597097, 16.867559 -11.594603, 16.864210 -11.592109, 16.860861 -11.589615, 16.857512 -11.587120, 16.854163 -11.584626, 16.850814 -11.582132, 16.847466 -11.579638, 16.844117 -11.577144, 16.840768 -11.574649, 16.837420 -11.572155, 16.834071 -11.569661, 16.830723 -11.567166, 16.827374 -11.564672, 16.824026 -11.562177, 16.820678 -11.559683, 16.817330 -11.557188, 16.813982 -11.554693, 16.810634 -11.552199, 16.807286 -11.549704, 16.803938 -11.547209, 16.800590 -11.544715, 16.797242 -11.542220, 16.793894 -11.539725, 16.790546 -11.537230, 16.787199 -11.534735, 16.783851 -11.532240, 16.780504 -11.529745, 16.777156 -11.527250, 16.773809 -11.524755, 16.770461 -11.522260, 16.767114 -11.519765, 16.763767 -11.517270, 16.760420 -11.514774, 16.757073 -11.512279, 16.753726 -11.509784, 16.750379 -11.507288, 16.747032 -11.504793, 16.743685 -11.502298, 16.740338 -11.499802, 16.736991 -11.497307, 16.733644 -11.494811, 16.730298 -11.492316, 16.726951 -11.489820, 16.723605 -11.487324, 16.720258 -11.484829, 16.716912 -11.482333, 16.713566 -11.479837, 16.710219 -11.477341, 16.706873 -11.474845, 16.703527 -11.472350, 16.700181 -11.469854, 16.696835 -11.467358, 16.693489 -11.464862, 16.690143 -11.462366, 16.686797 -11.459870, 16.683451 -11.457374, 16.680105 -11.454877, 16.676760 -11.452381, 16.673414 -11.449885, 16.670068 -11.447389, 16.666723 -11.444892, 16.663378 -11.442396, 16.660032 -11.439900, 16.656687 -11.437403, 16.653341 -11.434907, 16.649996 -11.432410, 16.646651 -11.429914, 16.643306 -11.427417, 16.639961 -11.424921, 16.636616 -11.422424, 16.633271 -11.419927, 16.629926 -11.417431, 16.626581 -11.414934, 16.623237 -11.412437, 16.619892 -11.409940, 16.616547 -11.407443, 16.613203 -11.404946, 16.609858 -11.402450, 16.606514 -11.399953, 16.603169 -11.397456, 16.599825 -11.394958, 16.596481 -11.392461, 16.593137 -11.389964, 16.589792 -11.387467, 16.586448 -11.384970, 16.583104 -11.382473, 16.579760 -11.379975, 16.576416 -11.377478, 16.573072 -11.374981, 16.569729 -11.372483, 16.566385 -11.369986, 16.563041 -11.367488, 16.559698 -11.364991, 16.556354 -11.362493, 16.553011 -11.359996, 16.549667 -11.357498, 16.546324 -11.355000, 16.542980 -11.352503, 16.539637 -11.350005, 16.536294 -11.347507, 16.532951 -11.345009, 16.529608 -11.342512, 16.526264 -11.340014, 16.522921 -11.337516, 16.519579 -11.335018, 16.516236 -11.332520, 16.512893 -11.330022, 16.509550 -11.327524, 16.506207 -11.325026, 16.502865 -11.322527, 16.499522 -11.320029, 16.496180 -11.317531, 16.492837 -11.315033, 16.489495 -11.312534, 16.486152 -11.310036, 16.482810 -11.307538, 16.479468 -11.305039, 16.476126 -11.302541, 16.472784 -11.300042, 16.469442 -11.297544, 16.466100 -11.295045, 16.462758 -11.292547, 16.459416 -11.290048, 16.456074 -11.287549, 16.452732 -11.285051, 16.449391 -11.282552, 16.446049 -11.280053, 16.442707 -11.277554, 16.439366 -11.275055, 16.436024 -11.272557, 16.432683 -11.270058, 16.429341 -11.267559, 16.426000 -11.265060, 16.422659 -11.262561, 16.419318 -11.260062, 16.415977 -11.257562, 16.412636 -11.255063, 16.409295 -11.252564, 16.405954 -11.250065, 16.402613 -11.247566, 16.399272 -11.245066, 16.395931 -11.242567, 16.392590 -11.240067, 16.389250 -11.237568, 16.385909 -11.235069, 16.382569 -11.232569, 16.379228 -11.230070, 16.375888 -11.227570, 16.372547 -11.225070, 16.369207 -11.222571, 16.365867 -11.220071, 16.362527 -11.217571, 16.359186 -11.215072, 16.355846 -11.212572, 16.352506 -11.210072, 16.349166 -11.207572, 16.345826 -11.205072, 16.342487 -11.202572, 16.339147 -11.200072, 16.335807 -11.197572, 16.332467 -11.195072, 16.329128 -11.192572, 16.325788 -11.190072, 16.322449 -11.187572, 16.319109 -11.185072, 16.315770 -11.182571, 16.312430 -11.180071, 16.309091 -11.177571, 16.305752 -11.175070, 16.302413 -11.172570, 16.299074 -11.170070, 16.295735 -11.167569, 16.292396 -11.165069, 16.289057 -11.162568, 16.285718 -11.160068, 16.282379 -11.157567, 16.279040 -11.155066, 16.275702 -11.152566, 16.272363 -11.150065, 16.269024 -11.147564, 16.265686 -11.145063, 16.262347 -11.142563, 16.259009 -11.140062, 16.255671 -11.137561, 16.252332 -11.135060, 16.248994 -11.132559, 16.245656 -11.130058, 16.242318 -11.127557, 16.238980 -11.125056, 16.235642 -11.122555, 16.232304 -11.120053, 16.228966 -11.117552, 16.225628 -11.115051, 16.222290 -11.112550, 16.218952 -11.110048, 16.215615 -11.107547, 16.212277 -11.105046, 16.208940 -11.102544, 16.205602 -11.100043, 16.202265 -11.097541, 16.198927 -11.095040, 16.195590 -11.092538, 16.192253 -11.090037, 16.188916 -11.087535, 16.185578 -11.085033, 16.182241 -11.082532, 16.178904 -11.080030, 16.175567 -11.077528, 16.172230 -11.075026, 16.168893 -11.072524, 16.165557 -11.070023, 16.162220 -11.067521, 16.158883 -11.065019, 16.155547 -11.062517, 16.152210 -11.060015, 16.148873 -11.057513, 16.145537 -11.055010, 16.142201 -11.052508, 16.138864 -11.050006, 16.135528 -11.047504, 16.132192 -11.045002, 16.128855 -11.042499, 16.125519 -11.039997, 16.122183 -11.037495, 16.118847 -11.034992, 16.115511 -11.032490, 16.112175 -11.029987, 16.108840 -11.027485, 16.105504 -11.024982, 16.102168 -11.022480, 16.098832 -11.019977, 16.095497 -11.017474, 16.092161 -11.014972, 16.088826 -11.012469, 16.085490 -11.009966, 16.082155 -11.007463, 16.078820 -11.004960, 16.075484 -11.002458, 16.072149 -10.999955, 16.068814 -10.997452, 16.065479 -10.994949, 16.062144 -10.992446, 16.058809 -10.989943, 16.055474 -10.987440, 16.052139 -10.984936, 16.048804 -10.982433, 16.045469 -10.979930, 16.042135 -10.977427, 16.038800 -10.974923, 16.035465 -10.972420, 16.032131 -10.969917, 16.028796 -10.967413, 16.025462 -10.964910, 16.022128 -10.962407, 16.018793 -10.959903, 16.015459 -10.957400, 16.012125 -10.954896, 16.008791 -10.952392, 16.005457 -10.949889, 16.002122 -10.947385, 15.998789 -10.944881, 15.995455 -10.942378, 15.992121 -10.939874, 15.988787 -10.937370, 15.985453 -10.934866, 15.982119 -10.932362, 15.978786 -10.929858, 15.975452 -10.927354, 15.972119 -10.924850, 15.968785 -10.922346, 15.965452 -10.919842, 15.962118 -10.917338, 15.958785 -10.914834, 15.955452 -10.912330, 15.952119 -10.909826, 15.948786 -10.907321, 15.945453 -10.904817, 15.942120 -10.902313, 15.938787 -10.899808, 15.935454 -10.897304, 15.932121 -10.894799, 15.928788 -10.892295, 15.925455 -10.889790, 15.922123 -10.887286, 15.918790 -10.884781, 15.915457 -10.882277, 15.912125 -10.879772, 15.908792 -10.877267, 15.905460 -10.874763, 15.902128 -10.872258, 15.898795 -10.869753, 15.895463 -10.867248, 15.892131 -10.864743, 15.888799 -10.862239, 15.885467 -10.859734, 15.882135 -10.857229, 15.878803 -10.854724, 15.875471 -10.852219, 15.872139 -10.849713, 15.868807 -10.847208, 15.865475 -10.844703, 15.862144 -10.842198, 15.858812 -10.839693, 15.855481 -10.837188, 15.852149 -10.834682, 15.848818 -10.832177, 15.845486 -10.829672, 15.842155 -10.827166, 15.838824 -10.824661, 15.835492 -10.822155, 15.832161 -10.819650, 15.828830 -10.817144, 15.825499 -10.814639, 15.822168 -10.812133, 15.818837 -10.809627, 15.815506 -10.807122, 15.812175 -10.804616, 15.808845 -10.802110, 15.805514 -10.799604, 15.802183 -10.797098, 15.798853 -10.794593, 15.795522 -10.792087, 15.792191 -10.789581, 15.788861 -10.787075, 15.785531 -10.784569, 15.782200 -10.782063, 15.778870 -10.779557, 15.775540 -10.777051, 15.772210 -10.774544, 15.768879 -10.772038, 15.765549 -10.769532, 15.762219 -10.767026, 15.758889 -10.764519, 15.755560 -10.762013, 15.752230 -10.759507, 15.748900 -10.757000, 15.745570 -10.754494, 15.742240 -10.751987, 15.738911 -10.749481, 15.735581 -10.746974, 15.732252 -10.744468, 15.728922 -10.741961, 15.725593 -10.739455, 15.722264 -10.736948, 15.718934 -10.734441, 15.715605 -10.731934, 15.712276 -10.729428, 15.708947 -10.726921, 15.705618 -10.724414, 15.702289 -10.721907, 15.698960 -10.719400, 15.695631 -10.716893, 15.692302 -10.714386, 15.688973 -10.711879, 15.685644 -10.709372, 15.682316 -10.706865, 15.678987 -10.704358, 15.675659 -10.701851, 15.672330 -10.699343, 15.669002 -10.696836, 15.665673 -10.694329, 15.662345 -10.691821, 15.659017 -10.689314, 15.655688 -10.686807, 15.652360 -10.684299, 15.649032 -10.681792, 15.645704 -10.679284, 15.642376 -10.676777, 15.639048 -10.674269, 15.635720 -10.671762, 15.632392 -10.669254, 15.629064 -10.666746, 15.625737 -10.664239, 15.622409 -10.661731, 15.619081 -10.659223, 15.615754 -10.656715, 15.612426 -10.654207, 15.609099 -10.651700, 15.605771 -10.649192, 15.602444 -10.646684, 15.599117 -10.644176, 15.595789 -10.641668, 15.592462 -10.639160, 15.589135 -10.636651, 15.585808 -10.634143, 15.582481 -10.631635, 15.579154 -10.629127, 15.575827 -10.626619, 15.572500 -10.624110, 15.569173 -10.621602, 15.565846 -10.619094, 15.562520 -10.616585, 15.559193 -10.614077, 15.555866 -10.611569, 15.552540 -10.609060, 15.549213 -10.606552, 15.545887 -10.604043, 15.542561 -10.601534, 15.539234 -10.599026, 15.535908 -10.596517, 15.532582 -10.594009, 15.529256 -10.591500, 15.525930 -10.588991, 15.522603 -10.586482, 15.519277 -10.583973, 15.515952 -10.581465, 15.512626 -10.578956, 15.509300 -10.576447, 15.505974 -10.573938, 15.502648 -10.571429, 15.499323 -10.568920, 15.495997 -10.566411, 15.492671 -10.563902, 15.489346 -10.561392, 15.486020 -10.558883, 15.482695 -10.556374, 15.479370 -10.553865, 15.476044 -10.551355, 15.472719 -10.548846, 15.469394 -10.546337, 15.466069 -10.543827, 15.462744 -10.541318, 15.459419 -10.538809, 15.456094 -10.536299, 15.452769 -10.533790, 15.449444 -10.531280, 15.446119 -10.528770, 15.442794 -10.526261, 15.439470 -10.523751, 15.436145 -10.521241, 15.432821 -10.518732, 15.429496 -10.516222, 15.426172 -10.513712, 15.422847 -10.511202, 15.419523 -10.508692, 15.416198 -10.506182, 15.412874 -10.503673, 15.409550 -10.501163, 15.406226 -10.498653, 15.402902 -10.496143, 15.399578 -10.493632, 15.396254 -10.491122, 15.392930 -10.488612, 15.389606 -10.486102, 15.386282 -10.483592, 15.382958 -10.481082, 15.379634 -10.478571, 15.376311 -10.476061, 15.372987 -10.473551, 15.369664 -10.471040, 15.366340 -10.468530, 15.363017 -10.466019, 15.359693 -10.463509, 15.356370 -10.460998, 15.353047 -10.458488, 15.349723 -10.455977, 15.346400 -10.453467, 15.343077 -10.450956, 15.339754 -10.448445, 15.336431 -10.445934, 15.333108 -10.443424, 15.329785 -10.440913, 15.326462 -10.438402, 15.323139 -10.435891, 15.319817 -10.433380, 15.316494 -10.430869, 15.313171 -10.428358, 15.309849 -10.425847, 15.306526 -10.423336, 15.303204 -10.420825, 15.299881 -10.418314, 15.296559 -10.415803, 15.293236 -10.413292, 15.289914 -10.410781, 15.286592 -10.408269, 15.283270 -10.405758, 15.279948 -10.403247, 15.276626 -10.400735, 15.273304 -10.398224, 15.269982 -10.395713, 15.266660 -10.393201, 15.263338 -10.390690, 15.260016 -10.388178, 15.256694 -10.385667, 15.253373 -10.383155, 15.250051 -10.380643, 15.246729 -10.378132, 15.243408 -10.375620, 15.240086 -10.373108, 15.236765 -10.370596, 15.233444 -10.368085, 15.230122 -10.365573, 15.226801 -10.363061, 15.223480 -10.360549, 15.220159 -10.358037, 15.216838 -10.355525, 15.213517 -10.353013, 15.210196 -10.350501, 15.206875 -10.347989, 15.203554 -10.345477, 15.200233 -10.342965, 15.196912 -10.340453, 15.193591 -10.337941, 15.190271 -10.335428, 15.186950 -10.332916, 15.183630 -10.330404, 15.180309 -10.327891, 15.176989 -10.325379, 15.173668 -10.322867, 15.170348 -10.320354, 15.167027 -10.317842, 15.163707 -10.315329, 15.160387 -10.312817, 15.157067 -10.310304, 15.153747 -10.307791, 15.150427 -10.305279, 15.147107 -10.302766, 15.143787 -10.300253, 15.140467 -10.297741, 15.137147 -10.295228, 15.133827 -10.292715, 15.130508 -10.290202, 15.127188 -10.287689, 15.123868 -10.285176, 15.120549 -10.282664, 15.117229 -10.280151, 15.113910 -10.277638, 15.110590 -10.275124, 15.107271 -10.272611, 15.103952 -10.270098, 15.100632 -10.267585, 15.097313 -10.265072, 15.093994 -10.262559, 15.090675 -10.260045, 15.087356 -10.257532, 15.084037 -10.255019, 15.080718 -10.252506, 15.077399 -10.249992, 15.074080 -10.247479, 15.070762 -10.244965, 15.067443 -10.242452, 15.064124 -10.239938, 15.060806 -10.237425, 15.057487 -10.234911, 15.054169 -10.232397, 15.050850 -10.229884, 15.047532 -10.227370, 15.044213 -10.224856, 15.040895 -10.222343, 15.037577 -10.219829, 15.034259 -10.217315, 15.030940 -10.214801, 15.027622 -10.212287, 15.024304 -10.209773, 15.020986 -10.207259, 15.017668 -10.204745, 15.014351 -10.202231, 15.011033 -10.199717, 15.007715 -10.197203, 15.004397 -10.194689, 15.001080 -10.192175, 14.997762 -10.189661, 14.994444 -10.187147, 14.991127 -10.184632, 14.987809 -10.182118, 14.984492 -10.179604, 14.981175 -10.177089, 14.977857 -10.174575, 14.974540 -10.172061, 14.971223 -10.169546, 14.967906 -10.167032, 14.964589 -10.164517, 14.961272 -10.162002, 14.957955 -10.159488, 14.954638 -10.156973, 14.951321 -10.154459, 14.948004 -10.151944, 14.944687 -10.149429, 14.941370 -10.146914, 14.938054 -10.144400, 14.934737 -10.141885, 14.931420 -10.139370, 14.928104 -10.136855, 14.924787 -10.134340, 14.921471 -10.131825, 14.918155 -10.129310, 14.914838 -10.126795, 14.911522 -10.124280, 14.908206 -10.121765, 14.904890 -10.119250, 14.901574 -10.116735, 14.898258 -10.114220, 14.894942 -10.111704, 14.891626 -10.109189, 14.888310 -10.106674, 14.884994 -10.104158, 14.881678 -10.101643, 14.878362 -10.099128, 14.875047 -10.096612, 14.871731 -10.094097, 14.868415 -10.091581, 14.865100 -10.089066, 14.861784 -10.086550, 14.858469 -10.084035, 14.855154 -10.081519, 14.851838 -10.079003, 14.848523 -10.076488, 14.845208 -10.073972, 14.841893 -10.071456, 14.838577 -10.068940, 14.835262 -10.066425, 14.831947 -10.063909, 14.828632 -10.061393, 14.825318 -10.058877, 14.822003 -10.056361, 14.818688 -10.053845, 14.815373 -10.051329, 14.812058 -10.048813, 14.808744 -10.046297, 14.805429 -10.043781, 14.802115 -10.041265, 14.798800 -10.038748, 14.795486 -10.036232, 14.792171 -10.033716, 14.788857 -10.031200, 14.785543 -10.028683, 14.782228 -10.026167, 14.778914 -10.023651, 14.775600 -10.021134, 14.772286 -10.018618, 14.768972 -10.016101, 14.765658 -10.013585, 14.762344 -10.011068, 14.759030 -10.008552, 14.755716 -10.006035, 14.752402 -10.003518, 14.749089 -10.001002, 14.745775 -9.998485, 14.742461 -9.995968, 14.739148 -9.993452, 14.735834 -9.990935, 14.732521 -9.988418, 14.729207 -9.985901, 14.725894 -9.983384, 14.722581 -9.980867, 14.719267 -9.978350, 14.715954 -9.975833, 14.712641 -9.973316, 14.709328 -9.970799, 14.706015 -9.968282, 14.702702 -9.965765, 14.699389 -9.963248, 14.696076 -9.960731, 14.692763 -9.958213, 14.689450 -9.955696, 14.686138 -9.953179, 14.682825 -9.950661, 14.679512 -9.948144, 14.676200 -9.945627, 14.672887 -9.943109, 14.669575 -9.940592, 14.666262 -9.938074, 14.662950 -9.935557, 14.659637 -9.933039, 14.656325 -9.930522, 14.653013 -9.928004, 14.649701 -9.925486, 14.646388 -9.922969, 14.643076 -9.920451, 14.639764 -9.917933, 14.636452 -9.915415, 14.633140 -9.912898, 14.629828 -9.910380, 14.626517 -9.907862, 14.623205 -9.905344, 14.619893 -9.902826, 14.616581 -9.900308, 14.613270 -9.897790, 14.609958 -9.895272, 14.606647 -9.892754, 14.603335 -9.890236, 14.600024 -9.887718, 14.596712 -9.885199, 14.593401 -9.882681, 14.590090 -9.880163, 14.586779 -9.877645, 14.583467 -9.875126, 14.580156 -9.872608, 14.576845 -9.870090, 14.573534 -9.867571, 14.570223 -9.865053, 14.566912 -9.862534, 14.563601 -9.860016, 14.560291 -9.857497, 14.556980 -9.854979, 14.553669 -9.852460, 14.550358 -9.849942, 14.547048 -9.847423, 14.543737 -9.844904, 14.540427 -9.842386, 14.537116 -9.839867, 14.533806 -9.837348, 14.530495 -9.834829, 14.527185 -9.832310, 14.523875 -9.829791, 14.520565 -9.827273, 14.517254 -9.824754, 14.513944 -9.822235, 14.510634 -9.819716, 14.507324 -9.817197, 14.504014 -9.814677, 14.500704 -9.812158, 14.497394 -9.809639, 14.494085 -9.807120, 14.490775 -9.804601, 14.487465 -9.802082, 14.484155 -9.799562, 14.480846 -9.797043, 14.477536 -9.794524, 14.474227 -9.792004, 14.470917 -9.789485, 14.467608 -9.786965, 14.464299 -9.784446, 14.460989 -9.781927, 14.457680 -9.779407, 14.454371 -9.776887, 14.451062 -9.774368, 14.447752 -9.771848, 14.444443 -9.769329, 14.441134 -9.766809, 14.437825 -9.764289, 14.434517 -9.761769, 14.431208 -9.759250, 14.427899 -9.756730, 14.424590 -9.754210, 14.421281 -9.751690, 14.417973 -9.749170, 14.414664 -9.746650, 14.411356 -9.744130, 14.408047 -9.741610, 14.404739 -9.739090, 14.401430 -9.736570, 14.398122 -9.734050, 14.394813 -9.731530, 14.391505 -9.729010, 14.388197 -9.726490, 14.384889 -9.723969, 14.381581 -9.721449, 14.378273 -9.718929, 14.374965 -9.716409, 14.371657 -9.713888, 14.368349 -9.711368, 14.365041 -9.708847, 14.361733 -9.706327, 14.358425 -9.703806, 14.355118 -9.701286, 14.351810 -9.698765, 14.348502 -9.696245, 14.345195 -9.693724, 14.341887 -9.691204, 14.338580 -9.688683, 14.335272 -9.686162, 14.331965 -9.683641, 14.328658 -9.681121, 14.325350 -9.678600, 14.322043 -9.676079, 14.318736 -9.673558, 14.315429 -9.671037, 14.312122 -9.668516, 14.308815 -9.665995, 14.305508 -9.663474, 14.302201 -9.660953, 14.298894 -9.658432, 14.295587 -9.655911, 14.292280 -9.653390, 14.288974 -9.650869, 14.285667 -9.648348, 14.282360 -9.645827, 14.279054 -9.643305, 14.275747 -9.640784, 14.272441 -9.638263, 14.269134 -9.635741, 14.265828 -9.633220, 14.262522 -9.630699, 14.259215 -9.628177, 14.255909 -9.625656, 14.252603 -9.623134, 14.249297 -9.620613, 14.245991 -9.618091, 14.242685 -9.615570, 14.239379 -9.613048, 14.236073 -9.610526, 14.232767 -9.608005, 14.229461 -9.605483, 14.226155 -9.602961, 14.222850 -9.600439, 14.219544 -9.597918, 14.216238 -9.595396, 14.212933 -9.592874, 14.209627 -9.590352, 14.206322 -9.587830, 14.203016 -9.585308, 14.199711 -9.582786, 14.196406 -9.580264, 14.193100 -9.577742, 14.189795 -9.575220, 14.186490 -9.572698, 14.183185 -9.570176, 14.179880 -9.567654, 14.176574 -9.565131, 14.173269 -9.562609, 14.169965 -9.560087, 14.166660 -9.557565, 14.163355 -9.555042, 14.160050 -9.552520, 14.156745 -9.549997, 14.153441 -9.547475, 14.150136 -9.544953, 14.146831 -9.542430, 14.143527 -9.539908, 14.140222 -9.537385, 14.136918 -9.534862, 14.133613 -9.532340, 14.130309 -9.529817, 14.127005 -9.527294, 14.123700 -9.524772, 14.120396 -9.522249, 14.117092 -9.519726, 14.113788 -9.517203, 14.110484 -9.514681, 14.107180 -9.512158, 14.103876 -9.509635, 14.100572 -9.507112, 14.097268 -9.504589, 14.093964 -9.502066, 14.090660 -9.499543, 14.087357 -9.497020, 14.084053 -9.494497, 14.080749 -9.491974, 14.077446 -9.489450, 14.074142 -9.486927, 14.070839 -9.484404, 14.067535 -9.481881, 14.064232 -9.479358, 14.060929 -9.476834, 14.057625 -9.474311, 14.054322 -9.471788, 14.051019 -9.469264, 14.047716 -9.466741, 14.044413 -9.464217, 14.041110 -9.461694, 14.037807 -9.459170, 14.034504 -9.456647, 14.031201 -9.454123, 14.027898 -9.451600, 14.024595 -9.449076, 14.021292 -9.446552, 14.017990 -9.444029, 14.014687 -9.441505, 14.011384 -9.438981, 14.008082 -9.436457, 14.004779 -9.433933, 14.001477 -9.431410, 13.998174 -9.428886, 13.994872 -9.426362, 13.991570 -9.423838, 13.988267 -9.421314, 13.984965 -9.418790, 13.981663 -9.416266, 13.978361 -9.413742, 13.975059 -9.411218, 13.971757 -9.408693, 13.968455 -9.406169, 13.965153 -9.403645, 13.961851 -9.401121, 13.958549 -9.398597, 13.955247 -9.396072, 13.951946 -9.393548, 13.948644 -9.391024, 13.945342 -9.388499, 13.942041 -9.385975, 13.938739 -9.383450, 13.935438 -9.380926, 13.932136 -9.378402, 13.928835 -9.375877, 13.925533 -9.373352, 13.922232 -9.370828, 13.918931 -9.368303, 13.915630 -9.365779, 13.912328 -9.363254, 13.909027 -9.360729, 13.905726 -9.358204, 13.902425 -9.355680, 13.899124 -9.353155, 13.895823 -9.350630, 13.892522 -9.348105, 13.889222 -9.345580, 13.885921 -9.343055, 13.882620 -9.340530, 13.879319 -9.338005, 13.876019 -9.335480, 13.872718 -9.332955, 13.869418 -9.330430, 13.866117 -9.327905, 13.862817 -9.325380, 13.859516 -9.322855, 13.856216 -9.320330, 13.852916 -9.317804, 13.849615 -9.315279, 13.846315 -9.312754, 13.843015 -9.310228, 13.839715 -9.307703, 13.836415 -9.305178, 13.833115 -9.302652, 13.829815 -9.300127, 13.826515 -9.297601, 13.823215 -9.295076, 13.819915 -9.292550, 13.816615 -9.290025, 13.813316 -9.287499, 13.810016 -9.284974, 13.806716 -9.282448, 13.803417 -9.279922, 13.800117 -9.277396, 13.796818 -9.274871, 13.793518 -9.272345, 13.790219 -9.269819, 13.786920 -9.267293, 13.783620 -9.264767, 13.780321 -9.262242, 13.777022 -9.259716, 13.773723 -9.257190, 13.770423 -9.254664, 13.767124 -9.252138, 13.763825 -9.249612, 13.760526 -9.247086, 13.757227 -9.244559, 13.753929 -9.242033, 13.750630 -9.239507, 13.747331 -9.236981, 13.744032 -9.234455, 13.740734 -9.231928, 13.737435 -9.229402, 13.734136 -9.226876, 13.730838 -9.224349, 13.727539 -9.221823, 13.724241 -9.219297, 13.720942 -9.216770, 13.717644 -9.214244, 13.714346 -9.211717, 13.711047 -9.209191, 13.707749 -9.206664, 13.704451 -9.204138, 13.701153 -9.201611, 13.697855 -9.199084, 13.694557 -9.196558, 13.691259 -9.194031, 13.687961 -9.191504, 13.684663 -9.188977, 13.681365 -9.186451, 13.678067 -9.183924, 13.674770 -9.181397, 13.671472 -9.178870, 13.668174 -9.176343, 13.664877 -9.173816, 13.661579 -9.171289, 13.658282 -9.168762, 13.654984 -9.166235, 13.651687 -9.163708, 13.648389 -9.161181, 13.645092 -9.158654, 13.641795 -9.156127, 13.638498 -9.153599, 13.635200 -9.151072, 13.631903 -9.148545, 13.628606 -9.146018, 13.625309 -9.143490, 13.622012 -9.140963, 13.618715 -9.138436, 13.615418 -9.135908, 13.612121 -9.133381, 13.608825 -9.130853, 13.605528 -9.128326, 13.602231 -9.125798, 13.598934 -9.123271, 13.595638 -9.120743, 13.592341 -9.118216, 13.589045 -9.115688, 13.585748 -9.113160, 13.582452 -9.110633, 13.579155 -9.108105, 13.575859 -9.105577, 13.572563 -9.103049, 13.569267 -9.100522, 13.565970 -9.097994, 13.562674 -9.095466, 13.559378 -9.092938, 13.556082 -9.090410, 13.552786 -9.087882, 13.549490 -9.085354, 13.546194 -9.082826, 13.542898 -9.080298, 13.539602 -9.077770, 13.536307 -9.075242, 13.533011 -9.072714, 13.529715 -9.070186, 13.526420 -9.067657, 13.523124 -9.065129, 13.519828 -9.062601, 13.516533 -9.060073, 13.513237 -9.057544, 13.509942 -9.055016, 13.506647 -9.052488, 13.503351 -9.049959, 13.500056 -9.047431, 13.496761 -9.044902, 13.493466 -9.042374, 13.490170 -9.039845, 13.486875 -9.037317, 13.483580 -9.034788, 13.480285 -9.032260, 13.476990 -9.029731, 13.473696 -9.027202, 13.470401 -9.024674, 13.467106 -9.022145, 13.463811 -9.019616, 13.460516 -9.017087, 13.457222 -9.014558, 13.453927 -9.012030, 13.450632 -9.009501, 13.447338 -9.006972, 13.444043 -9.004443, 13.440749 -9.001914, 13.437455 -8.999385, 13.434160 -8.996856, 13.430866 -8.994327, 13.427572 -8.991798, 13.424278 -8.989269, 13.420983 -8.986740, 13.417689 -8.984210, 13.414395 -8.981681, 13.411101 -8.979152, 13.407807 -8.976623, 13.404513 -8.974093, 13.401219 -8.971564, 13.397925 -8.969035, 13.394632 -8.966505, 13.391338 -8.963976, 13.388044 -8.961447, 13.384751 -8.958917, 13.381457 -8.956388, 13.378163 -8.953858, 13.374870 -8.951329, 13.371576 -8.948799, 13.368283 -8.946269, 13.364990 -8.943740, 13.361696 -8.941210, 13.358403 -8.938680, 13.355110 -8.936151, 13.351816 -8.933621, 13.348523 -8.931091, 13.345230 -8.928561, 13.341937 -8.926032, 13.338644 -8.923502, 13.335351 -8.920972, 13.332058 -8.918442, 13.328765 -8.915912, 13.325472 -8.913382, 13.322180 -8.910852, 13.318887 -8.908322, 13.315594 -8.905792, 13.312302 -8.903262, 13.309009 -8.900732, 13.305716 -8.898201, 13.302424 -8.895671, 13.299131 -8.893141, 13.295839 -8.890611, 13.292547 -8.888081, 13.289254 -8.885550, 13.285962 -8.883020, 13.282670 -8.880490, 13.279378 -8.877959, 13.276085 -8.875429, 13.272793 -8.872898, 13.269501 -8.870368, 13.266209 -8.867837, 13.262917 -8.865307, 13.259625 -8.862776, 13.256333 -8.860246, 13.253042 -8.857715, 13.249750 -8.855184, 13.246458 -8.852654, 13.243166 -8.850123, 13.239875 -8.847592, 13.236583 -8.845062, 13.233292 -8.842531, 13.230000 -8.840000), (13.230000 -8.840000, 13.234940 -8.844641, 13.239880 -8.849282, 13.244820 -8.853922, 13.249760 -8.858563, 13.254701 -8.863203, 13.259641 -8.867844, 13.264582 -8.872484, 13.269522 -8.877125, 13.274463 -8.881765, 13.279404 -8.886405, 13.284345 -8.891046, 13.289287 -8.895686, 13.294228 -8.900326, 13.299170 -8.904966, 13.304111 -8.909606, 13.309053 -8.914245, 13.313995 -8.918885, 13.318937 -8.923525, 13.323879 -8.928165, 13.328821 -8.932804, 13.333764 -8.937444, 13.338706 -8.942083, 13.343649 -8.946723, 13.348591 -8.951362, 13.353534 -8.956001, 13.358477 -8.960640, 13.363420 -8.965279, 13.368364 -8.969919, 13.373307 -8.974558, 13.378251 -8.979196, 13.383194 -8.983835, 13.388138 -8.988474, 13.393082 -8.993113, 13.398026 -8.997752, 13.402970 -9.002390, 13.407914 -9.007029, 13.412859 -9.011667, 13.417803 -9.016306, 13.422748 -9.020944, 13.427693 -9.025582, 13.432638 -9.030220, 13.437583 -9.034859, 13.442528 -9.039497, 13.447473 -9.044135, 13.452419 -9.048773, 13.457364 -9.053410, 13.462310 -9.058048, 13.467256 -9.062686, 13.472201 -9.067324, 13.477147 -9.071961, 13.482094 -9.076599, 13.487040 -9.081236, 13.491986 -9.085874, 13.496933 -9.090511, 13.501880 -9.095148, 13.506827 -9.099786, 13.511773 -9.104423, 13.516721 -9.109060, 13.521668 -9.113697, 13.526615 -9.118334, 13.531563 -9.122971, 13.536510 -9.127608, 13.541458 -9.132244, 13.546406 -9.136881, 13.551354 -9.141518, 13.556302 -9.146154, 13.561250 -9.150791, 13.566198 -9.155427, 13.571147 -9.160063, 13.576096 -9.164700, 13.581044 -9.169336, 13.585993 -9.173972, 13.590942 -9.178608, 13.595891 -9.183244, 13.600841 -9.187880, 13.605790 -9.192516, 13.610740 -9.197152, 13.615689 -9.201787, 13.620639 -9.206423, 13.625589 -9.211059, 13.630539 -9.215694, 13.635489 -9.220330, 13.640439 -9.224965, 13.645390 -9.229600, 13.650340 -9.234236, 13.655291 -9.238871, 13.660242 -9.243506, 13.665193 -9.248141, 13.670144 -9.252776, 13.675095 -9.257411, 13.680047 -9.262046, 13.684998 -9.266681, 13.689950 -9.271315, 13.694901 -9.275950, 13.699853 -9.280585, 13.704805 -9.285219, 13.709757 -9.289854, 13.714710 -9.294488, 13.719662 -9.299122, 13.724615 -9.303756, 13.729567 -9.308391, 13.734520 -9.313025, 13.739473 -9.317659, 13.744426 -9.322293, 13.749379 -9.326927, 13.754333 -9.331561, 13.759286 -9.336194, 13.764240 -9.340828, 13.769193 -9.345462, 13.774147 -9.350095, 13.779101 -9.354729, 13.784055 -9.359362, 13.789009 -9.363995, 13.793964 -9.368629, 13.798918 -9.373262, 13.803873 -9.377895, 13.808828 -9.382528, 13.813783 -9.387161, 13.818738 -9.391794, 13.823693 -9.396427, 13.828648 -9.401060, 13.833604 -9.405693, 13.838559 -9.410325, 13.843515 -9.414958, 13.848471 -9.419590, 13.853427 -9.424223, 13.858383 -9.428855, 13.863339 -9.433487, 13.868295 -9.438120, 13.873252 -9.442752, 13.878208 -9.447384, 13.883165 -9.452016, 13.888122 -9.456648, 13.893079 -9.461280, 13.898036 -9.465912, 13.902994 -9.470544, 13.907951 -9.475175, 13.912909 -9.479807, 13.917866 -9.484438, 13.922824 -9.489070, 13.927782 -9.493701, 13.932740 -9.498333, 13.937698 -9.502964, 13.942657 -9.507595, 13.947615 -9.512226, 13.952574 -9.516857, 13.957533 -9.521488, 13.962492 -9.526119, 13.967451 -9.530750, 13.972410 -9.535381, 13.977369 -9.540012, 13.982329 -9.544642, 13.987288 -9.549273, 13.992248 -9.553903, 13.997208 -9.558534, 14.002168 -9.563164, 14.007128 -9.567794, 14.012088 -9.572425, 14.017049 -9.577055, 14.022009 -9.581685, 14.026970 -9.586315, 14.031930 -9.590945, 14.036891 -9.595575, 14.041852 -9.600204, 14.046814 -9.604834, 14.051775 -9.609464, 14.056737 -9.614093, 14.061698 -9.618723, 14.066660 -9.623352, 14.071622 -9.627982, 14.076584 -9.632611, 14.081546 -9.637240, 14.086508 -9.641870, 14.091471 -9.646499, 14.096433 -9.651128, 14.101396 -9.655757, 14.106359 -9.660385, 14.111322 -9.665014, 14.116285 -9.669643, 14.121248 -9.674272, 14.126211 -9.678900, 14.131175 -9.683529, 14.136139 -9.688157, 14.141102 -9.692786, 14.146066 -9.697414, 14.151030 -9.702042, 14.155995 -9.706670, 14.160959 -9.711298, 14.165923 -9.715926, 14.170888 -9.720554, 14.175853 -9.725182, 14.180818 -9.729810, 14.185783 -9.734438, 14.190748 -9.739065, 14.195713 -9.743693, 14.200679 -9.748321, 14.205644 -9.752948, 14.210610 -9.757575, 14.215576 -9.762203, 14.220542 -9.766830, 14.225508 -9.771457, 14.230474 -9.776084, 14.235441 -9.780711, 14.240407 -9.785338, 14.245374 -9.789965, 14.250341 -9.794592, 14.255308 -9.799219, 14.260275 -9.803845, 14.265242 -9.808472, 14.270209 -9.813098, 14.275177 -9.817725, 14.280144 -9.822351, 14.285112 -9.826977, 14.290080 -9.831604, 14.295048 -9.836230, 14.300016 -9.840856, 14.304985 -9.845482, 14.309953 -9.850108, 14.314922 -9.854734, 14.319891 -9.859359, 14.324860 -9.863985, 14.329829 -9.868611, 14.334798 -9.873236, 14.339767 -9.877862, 14.344737 -9.882487, 14.349706 -9.887113, 14.354676 -9.891738, 14.359646 -9.896363, 14.364616 -9.900988, 14.369586 -9.905613, 14.374556 -9.910238, 14.379527 -9.914863, 14.384497 -9.919488, 14.389468 -9.924113, 14.394439 -9.928738, 14.399410 -9.933362, 14.404381 -9.937987, 14.409352 -9.942611, 14.414324 -9.947236, 14.419295 -9.951860, 14.424267 -9.956484, 14.429239 -9.961108, 14.434211 -9.965732, 14.439183 -9.970356, 14.444155 -9.974980, 14.449128 -9.979604, 14.454100 -9.984228, 14.459073 -9.988852, 14.464046 -9.993476, 14.469019 -9.998099, 14.473992 -10.002723, 14.478965 -10.007346, 14.483939 -10.011969, 14.488912 -10.016593, 14.493886 -10.021216, 14.498860 -10.025839, 14.503834 -10.030462, 14.508808 -10.035085, 14.513782 -10.039708, 14.518756 -10.044331, 14.523731 -10.048954, 14.528706 -10.053576, 14.533680 -10.058199, 14.538655 -10.062822, 14.543631 -10.067444, 14.548606 -10.072067, 14.553581 -10.076689, 14.558557 -10.081311, 14.563532 -10.085933, 14.568508 -10.090555, 14.573484 -10.095177, 14.578460 -10.099799, 14.583437 -10.104421, 14.588413 -10.109043, 14.593389 -10.113665, 14.598366 -10.118286, 14.603343 -10.122908, 14.608320 -10.127530, 14.613297 -10.132151, 14.618274 -10.136772, 14.623252 -10.141394, 14.628229 -10.146015, 14.633207 -10.150636, 14.638185 -10.155257, 14.643163 -10.159878, 14.648141 -10.164499, 14.653119 -10.169120, 14.658097 -10.173741, 14.663076 -10.178361, 14.668055 -10.182982, 14.673034 -10.187602, 14.678013 -10.192223, 14.682992 -10.196843, 14.687971 -10.201464, 14.692950 -10.206084, 14.697930 -10.210704, 14.702910 -10.215324, 14.707889 -10.219944, 14.712869 -10.224564, 14.717850 -10.229184, 14.722830 -10.233804, 14.727810 -10.238423, 14.732791 -10.243043, 14.737772 -10.247662, 14.742752 -10.252282, 14.747733 -10.256901, 14.752715 -10.261521, 14.757696 -10.266140, 14.762677 -10.270759, 14.767659 -10.275378, 14.772641 -10.279997, 14.777623 -10.284616, 14.782605 -10.289235, 14.787587 -10.293854, 14.792569 -10.298473, 14.797552 -10.303091, 14.802534 -10.307710, 14.807517 -10.312328, 14.812500 -10.316947, 14.817483 -10.321565, 14.822466 -10.326183, 14.827449 -10.330801, 14.832433 -10.335420, 14.837417 -10.340038, 14.842400 -10.344656, 14.847384 -10.349273, 14.852368 -10.353891, 14.857353 -10.358509, 14.862337 -10.363127, 14.867321 -10.367744, 14.872306 -10.372362, 14.877291 -10.376979, 14.882276 -10.381596, 14.887261 -10.386214, 14.892246 -10.390831, 14.897232 -10.395448, 14.902217 -10.400065, 14.907203 -10.404682, 14.912189 -10.409299, 14.917175 -10.413916, 14.922161 -10.418532, 14.927147 -10.423149, 14.932134 -10.427766, 14.937120 -10.432382, 14.942107 -10.436998, 14.947094 -10.441615, 14.952081 -10.446231, 14.957068 -10.450847, 14.962055 -10.455463, 14.967043 -10.460079, 14.972030 -10.464695, 14.977018 -10.469311, 14.982006 -10.473927, 14.986994 -10.478543, 14.991982 -10.483158, 14.996971 -10.487774, 15.001959 -10.492389, 15.006948 -10.497005, 15.011937 -10.501620, 15.016926 -10.506235, 15.021915 -10.510851, 15.026904 -10.515466, 15.031893 -10.520081, 15.036883 -10.524696, 15.041873 -10.529310, 15.046862 -10.533925, 15.051852 -10.538540, 15.056843 -10.543155, 15.061833 -10.547769, 15.066823 -10.552384, 15.071814 -10.556998, 15.076805 -10.561612, 15.081796 -10.566227, 15.086787 -10.570841, 15.091778 -10.575455, 15.096769 -10.580069, 15.101761 -10.584683, 15.106752 -10.589297, 15.111744 -10.593910, 15.116736 -10.598524, 15.121728 -10.603138, 15.126720 -10.607751, 15.131713 -10.612365, 15.136705 -10.616978, 15.141698 -10.621591, 15.146691 -10.626204, 15.151684 -10.630818, 15.156677 -10.635431, 15.161670 -10.640044, 15.166664 -10.644656, 15.171657 -10.649269, 15.176651 -10.653882, 15.181645 -10.658495, 15.186639 -10.663107, 15.191633 -10.667720, 15.196628 -10.672332, 15.201622 -10.676945, 15.206617 -10.681557, 15.211612 -10.686169, 15.216607 -10.690781, 15.221602 -10.695393, 15.226597 -10.700005, 15.231593 -10.704617, 15.236588 -10.709229, 15.241584 -10.713840, 15.246580 -10.718452, 15.251576 -10.723064, 15.256572 -10.727675, 15.261568 -10.732286, 15.266565 -10.736898, 15.271561 -10.741509, 15.276558 -10.746120, 15.281555 -10.750731, 15.286552 -10.755342, 15.291550 -10.759953, 15.296547 -10.764564, 15.301545 -10.769175, 15.306542 -10.773785, 15.311540 -10.778396, 15.316538 -10.783007, 15.321536 -10.787617, 15.326535 -10.792227, 15.331533 -10.796838, 15.336532 -10.801448, 15.341531 -10.806058, 15.346530 -10.810668, 15.351529 -10.815278, 15.356528 -10.819888, 15.361527 -10.824497, 15.366527 -10.829107, 15.371527 -10.833717, 15.376526 -10.838326, 15.381526 -10.842936, 15.386527 -10.847545, 15.391527 -10.852155, 15.396527 -10.856764, 15.401528 -10.861373, 15.406529 -10.865982, 15.411530 -10.870591, 15.416531 -10.875200, 15.421532 -10.879809, 15.426534 -10.884417, 15.431535 -10.889026, 15.436537 -10.893635, 15.441539 -10.898243, 15.446541 -10.902852, 15.451543 -10.907460, 15.456545 -10.912068, 15.461548 -10.916676, 15.466550 -10.921284, 15.471553 -10.925892, 15.476556 -10.930500, 15.481559 -10.935108, 15.486562 -10.939716, 15.491566 -10.944324, 15.496569 -10.948931, 15.501573 -10.953539, 15.506577 -10.958146, 15.511581 -10.962754, 15.516585 -10.967361, 15.521590 -10.971968, 15.526594 -10.976575, 15.531599 -10.981182, 15.536604 -10.985789, 15.541609 -10.990396, 15.546614 -10.995003, 15.551619 -10.999609, 15.556625 -11.004216, 15.561630 -11.008823, 15.566636 -11.013429, 15.571642 -11.018035, 15.576648 -11.022642, 15.581654 -11.027248, 15.586661 -11.031854, 15.591667 -11.036460, 15.596674 -11.041066, 15.601681 -11.045672, 15.606688 -11.050278, 15.611695 -11.054884, 15.616702 -11.059489, 15.621710 -11.064095, 15.626717 -11.068700, 15.631725 -11.073306, 15.636733 -11.077911, 15.641741 -11.082516, 15.646750 -11.087121, 15.651758 -11.091726, 15.656767 -11.096331, 15.661775 -11.100936, 15.666784 -11.105541, 15.671793 -11.110146, 15.676803 -11.114750, 15.681812 -11.119355, 15.686821 -11.123959, 15.691831 -11.128564, 15.696841 -11.133168, 15.701851 -11.137772, 15.706861 -11.142377, 15.711872 -11.146981, 15.716882 -11.151585, 15.721893 -11.156188, 15.726904 -11.160792, 15.731915 -11.165396, 15.736926 -11.170000, 15.741937 -11.174603, 15.746948 -11.179207, 15.751960 -11.183810, 15.756972 -11.188413, 15.761984 -11.193017, 15.766996 -11.197620, 15.772008 -11.202223, 15.777020 -11.206826, 15.782033 -11.211429, 15.787046 -11.216032, 15.792059 -11.220634, 15.797072 -11.225237, 15.802085 -11.229839, 15.807098 -11.234442, 15.812112 -11.239044, 15.817125 -11.243647, 15.822139 -11.248249, 15.827153 -11.252851, 15.832167 -11.257453, 15.837182 -11.262055, 15.842196 -11.266657, 15.847211 -11.271259, 15.852226 -11.275861, 15.857241 -11.280462, 15.862256 -11.285064, 15.867271 -11.289665, 15.872287 -11.294267, 15.877302 -11.298868, 15.882318 -11.303469, 15.887334 -11.308070, 15.892350 -11.312671, 15.897366 -11.317272, 15.902383 -11.321873, 15.907399 -11.326474, 15.912416 -11.331075, 15.917433 -11.335675, 15.922450 -11.340276, 15.927467 -11.344876, 15.932484 -11.349477, 15.937502 -11.354077, 15.942520 -11.358677, 15.947538 -11.363277, 15.952556 -11.367877, 15.957574 -11.372477, 15.962592 -11.377077, 15.967611 -11.381677, 15.972629 -11.386277, 15.977648 -11.390876, 15.982667 -11.395476, 15.987686 -11.400075, 15.992706 -11.404674, 15.997725 -11.409274, 16.002745 -11.413873, 16.007765 -11.418472, 16.012785 -11.423071, 16.017805 -11.427670, 16.022825 -11.432269, 16.027846 -11.436868, 16.032866 -11.441466, 16.037887 -11.446065, 16.042908 -11.450663, 16.047929 -11.455262, 16.052950 -11.459860, 16.057972 -11.464458, 16.062993 -11.469056, 16.068015 -11.473654, 16.073037 -11.478252, 16.078059 -11.482850, 16.083081 -11.487448, 16.088104 -11.492046, 16.093126 -11.496644, 16.098149 -11.501241, 16.103172 -11.505839, 16.108195 -11.510436, 16.113219 -11.515033, 16.118242 -11.519630, 16.123265 -11.524228, 16.128289 -11.528825, 16.133313 -11.533422, 16.138337 -11.538018, 16.143361 -11.542615, 16.148386 -11.547212, 16.153410 -11.551809, 16.158435 -11.556405, 16.163460 -11.561001, 16.168485 -11.565598, 16.173510 -11.570194, 16.178536 -11.574790, 16.183561 -11.579386, 16.188587 -11.583982, 16.193613 -11.588578, 16.198639 -11.593174, 16.203665 -11.597770, 16.208692 -11.602365, 16.213718 -11.606961, 16.218745 -11.611557, 16.223772 -11.616152, 16.228799 -11.620747, 16.233826 -11.625342, 16.238853 -11.629938, 16.243881 -11.634533, 16.248909 -11.639128, 16.253936 -11.643722, 16.258964 -11.648317, 16.263993 -11.652912, 16.269021 -11.657507, 16.274050 -11.662101, 16.279078 -11.666695, 16.284107 -11.671290, 16.289136 -11.675884, 16.294165 -11.680478, 16.299195 -11.685072, 16.304224 -11.689666, 16.309254 -11.694260, 16.314284 -11.698854, 16.319314 -11.703448, 16.324344 -11.708041, 16.329374 -11.712635, 16.334405 -11.717228, 16.339436 -11.721822, 16.344467 -11.726415, 16.349498 -11.731008, 16.354529 -11.735601, 16.359560 -11.740194, 16.364592 -11.744787, 16.369624 -11.749380, 16.374655 -11.753973, 16.379687 -11.758566, 16.384720 -11.763158, 16.389752 -11.767751, 16.394785 -11.772343, 16.399817 -11.776936, 16.404850 -11.781528, 16.409883 -11.786120, 16.414916 -11.790712, 16.419950 -11.795304, 16.424983 -11.799896, 16.430017 -11.804488, 16.435051 -11.809079, 16.440085 -11.813671, 16.445119 -11.818263, 16.450154 -11.822854, 16.455188 -11.827445, 16.460223 -11.832037, 16.465258 -11.836628, 16.470293 -11.841219, 16.475328 -11.845810, 16.480364 -11.850401, 16.485399 -11.854992, 16.490435 -11.859582, 16.495471 -11.864173, 16.500507 -11.868763, 16.505543 -11.873354, 16.510580 -11.877944, 16.515616 -11.882535, 16.520653 -11.887125, 16.525690 -11.891715, 16.530727 -11.896305, 16.535765 -11.900895, 16.540802 -11.905485, 16.545840 -11.910074, 16.550877 -11.914664, 16.555915 -11.919254, 16.560954 -11.923843, 16.565992 -11.928433, 16.571030 -11.933022, 16.576069 -11.937611, 16.581108 -11.942200, 16.586147 -11.946789, 16.591186 -11.951378, 16.596225 -11.955967, 16.601265 -11.960556, 16.606305 -11.965144, 16.611344 -11.969733, 16.616384 -11.974321, 16.621425 -11.978910, 16.626465 -11.983498, 16.631505 -11.988086, 16.636546 -11.992675, 16.641587 -11.997263, 16.646628 -12.001851, 16.651669 -12.006438, 16.656711 -12.011026, 16.661752 -12.015614, 16.666794 -12.020201, 16.671836 -12.024789, 16.676878 -12.029376, 16.681920 -12.033964, 16.686963 -12.038551, 16.692005 -12.043138, 16.697048 -12.047725, 16.702091 -12.052312, 16.707134 -12.056899, 16.712177 -12.061486, 16.717221 -12.066072, 16.722264 -12.070659, 16.727308 -12.075245, 16.732352 -12.079832, 16.737396 -12.084418, 16.742441 -12.089004, 16.747485 -12.093591, 16.752530 -12.098177, 16.757575 -12.102763, 16.762620 -12.107348, 16.767665 -12.111934, 16.772710 -12.116520, 16.777756 -12.121105, 16.782801 -12.125691, 16.787847 -12.130276, 16.792893 -12.134862, 16.797940 -12.139447, 16.802986 -12.144032, 16.808033 -12.148617, 16.813079 -12.153202, 16.818126 -12.157787, 16.823173 -12.162372, 16.828221 -12.166956, 16.833268 -12.171541, 16.838316 -12.176125, 16.843363 -12.180710, 16.848411 -12.185294, 16.853460 -12.189878, 16.858508 -12.194463, 16.863556 -12.199047, 16.868605 -12.203631, 16.873654 -12.208214, 16.878703 -12.212798, 16.883752 -12.217382, 16.888801 -12.221965, 16.893851 -12.226549, 16.898901 -12.231132, 16.903951 -12.235716, 16.909001 -12.240299, 16.914051 -12.244882, 16.919101 -12.249465, 16.924152 -12.254048, 16.929203 -12.258631, 16.934254 -12.263213, 16.939305 -12.267796, 16.944356 -12.272379, 16.949407 -12.276961, 16.954459 -12.281544, 16.959511 -12.286126, 16.964563 -12.290708, 16.969615 -12.295290, 16.974667 -12.299872, 16.979720 -12.304454, 16.984773 -12.309036, 16.989825 -12.313618, 16.994879 -12.318199, 16.999932 -12.322781, 17.004985 -12.327362, 17.010039 -12.331944, 17.015093 -12.336525, 17.020146 -12.341106, 17.025201 -12.345687, 17.030255 -12.350268, 17.035309 -12.354849, 17.040364 -12.359430, 17.045419 -12.364010, 17.050474 -12.368591, 17.055529 -12.373172, 17.060584 -12.377752, 17.065640 -12.382332, 17.070696 -12.386913, 17.075751 -12.391493, 17.080807 -12.396073, 17.085864 -12.400653, 17.090920 -12.405233, 17.095977 -12.409812, 17.101034 -12.414392, 17.106090 -12.418972, 17.111148 -12.423551, 17.116205 -12.428130, 17.121262 -12.432710, 17.126320 -12.437289, 17.131378 -12.441868, 17.136436 -12.446447, 17.141494 -12.451026, 17.146552 -12.455605, 17.151611 -12.460184, 17.156670 -12.464762, 17.161729 -12.469341, 17.166788 -12.473919, 17.171847 -12.478498, 17.176907 -12.483076, 17.181966 -12.487654, 17.187026 -12.492232, 17.192086 -12.496810, 17.197146 -12.501388, 17.202206 -12.505966, 17.207267 -12.510544, 17.212328 -12.515121, 17.217389 -12.519699, 17.222450 -12.524276, 17.227511 -12.528853, 17.232572 -12.533431, 17.237634 -12.538008, 17.242696 -12.542585, 17.247758 -12.547162, 17.252820 -12.551739, 17.257882 -12.556315, 17.262945 -12.560892, 17.268007 -12.565469, 17.273070 -12.570045, 17.278133 -12.574621, 17.283196 -12.579198, 17.288260 -12.583774, 17.293323 -12.588350, 17.298387 -12.592926, 17.303451 -12.597502, 17.308515 -12.602078, 17.313580 -12.606653, 17.318644 -12.611229, 17.323709 -12.615804, 17.328774 -12.620380, 17.333839 -12.624955, 17.338904 -12.629530, 17.343969 -12.634106, 17.349035 -12.638681, 17.354101 -12.643256, 17.359166 -12.647830, 17.364233 -12.652405, 17.369299 -12.656980, 17.374365 -12.661554, 17.379432 -12.666129, 17.384499 -12.670703, 17.389566 -12.675278, 17.394633 -12.679852, 17.399701 -12.684426, 17.404768 -12.689000, 17.409836 -12.693574, 17.414904 -12.698147, 17.419972 -12.702721, 17.425040 -12.707295, 17.430109 -12.711868, 17.435177 -12.716442, 17.440246 -12.721015, 17.445315 -12.725588, 17.450384 -12.730161, 17.455454 -12.734734, 17.460523 -12.739307, 17.465593 -12.743880, 17.470663 -12.748453, 17.475733 -12.753025, 17.480804 -12.757598, 17.485874 -12.762170, 17.490945 -12.766743, 17.496016 -12.771315, 17.501087 -12.775887, 17.506158 -12.780459, 17.511229 -12.785031, 17.516301 -12.789603, 17.521373 -12.794175, 17.526445 -12.798747, 17.531517 -12.803318, 17.536589 -12.807890, 17.541662 -12.812461, 17.546734 -12.817032, 17.551807 -12.821603, 17.556880 -12.826174, 17.561954 -12.830745, 17.567027 -12.835316, 17.572101 -12.839887, 17.577174 -12.844458, 17.582248 -12.849028, 17.587323 -12.853599, 17.592397 -12.858169, 17.597472 -12.862740, 17.602546 -12.867310, 17.607621 -12.871880, 17.612696 -12.876450, 17.617772 -12.881020, 17.622847 -12.885590, 17.627923 -12.890159, 17.632999 -12.894729, 17.638075 -12.899299, 17.643151 -12.903868, 17.648227 -12.908437, 17.653304 -12.913007, 17.658381 -12.917576, 17.663458 -12.922145, 17.668535 -12.926714, 17.673612 -12.931283, 17.678690 -12.935851, 17.683767 -12.940420, 17.688845 -12.944989, 17.693923 -12.949557, 17.699001 -12.954125, 17.704080 -12.958694, 17.709158 -12.963262, 17.714237 -12.967830, 17.719316 -12.972398, 17.724396 -12.976966, 17.729475 -12.981533, 17.734554 -12.986101, 17.739634 -12.990669, 17.744714 -12.995236, 17.749794 -12.999803, 17.754875 -13.004371, 17.759955 -13.008938, 17.765036 -13.013505, 17.770117 -13.018072, 17.775198 -13.022639, 17.780279 -13.027205, 17.785360 -13.031772, 17.790442 -13.036339, 17.795524 -13.040905, 17.800606 -13.045472, 17.805688 -13.050038, 17.810770 -13.054604, 17.815853 -13.059170, 17.820936 -13.063736, 17.826019 -13.068302, 17.831102 -13.072868, 17.836185 -13.077433, 17.841269 -13.081999, 17.846352 -13.086565, 17.851436 -13.091130, 17.856520 -13.095695, 17.861604 -13.100260, 17.866689 -13.104825, 17.871773 -13.109390, 17.876858 -13.113955, 17.881943 -13.118520, 17.887029 -13.123085, 17.892114 -13.127649, 17.897199 -13.132214, 17.902285 -13.136778, 17.907371 -13.141343, 17.912457 -13.145907, 17.917544 -13.150471, 17.922630 -13.155035, 17.927717 -13.159599, 17.932804 -13.164162, 17.937891 -13.168726, 17.942978 -13.173290, 17.948066 -13.177853, 17.953153 -13.182417, 17.958241 -13.186980, 17.963329 -13.191543, 17.968417 -13.196106, 17.973506 -13.200669, 17.978594 -13.205232, 17.983683 -13.209795, 17.988772 -13.214357, 17.993861 -13.218920, 17.998951 -13.223483, 18.004040 -13.228045, 18.009130 -13.232607, 18.014220 -13.237169, 18.019310 -13.241731, 18.024400 -13.246293, 18.029491 -13.250855, 18.034582 -13.255417, 18.039673 -13.259979, 18.044764 -13.264540, 18.049855 -13.269102, 18.054946 -13.273663, 18.060038 -13.278224, 18.065130 -13.282786, 18.070222 -13.287347, 18.075314 -13.291908, 18.080407 -13.296468, 18.085499 -13.301029, 18.090592 -13.305590, 18.095685 -13.310150, 18.100778 -13.314711, 18.105872 -13.319271, 18.110965 -13.323832, 18.116059 -13.328392, 18.121153 -13.332952, 18.126247 -13.337512, 18.131341 -13.342072, 18.136436 -13.346631, 18.141531 -13.351191, 18.146626 -13.355750, 18.151721 -13.360310, 18.156816 -13.364869, 18.161912 -13.369429, 18.167007 -13.373988, 18.172103 -13.378547, 18.177199 -13.383106, 18.182295 -13.387664, 18.187392 -13.392223, 18.192489 -13.396782, 18.197585 -13.401340, 18.202682 -13.405899, 18.207780 -13.410457, 18.212877 -13.415015, 18.217975 -13.419573, 18.223073 -13.424131, 18.228171 -13.428689, 18.233269 -13.433247, 18.238367 -13.437805, 18.243466 -13.442362, 18.248565 -13.446920, 18.253664 -13.451477, 18.258763 -13.456035, 18.263862 -13.460592, 18.268962 -13.465149, 18.274061 -13.469706, 18.279161 -13.474263, 18.284262 -13.478820, 18.289362 -13.483376, 18.294462 -13.487933, 18.299563 -13.492489, 18.304664 -13.497046, 18.309765 -13.501602, 18.314866 -13.506158, 18.319968 -13.510714, 18.325070 -13.515270, 18.330172 -13.519826, 18.335274 -13.524382, 18.340376 -13.528937, 18.345478 -13.533493, 18.350581 -13.538048, 18.355684 -13.542604, 18.360787 -13.547159, 18.365890 -13.551714, 18.370994 -13.556269, 18.376097 -13.560824, 18.381201 -13.565379, 18.386305 -13.569934, 18.391410 -13.574488, 18.396514 -13.579043, 18.401619 -13.583597, 18.406723 -13.588151, 18.411828 -13.592706, 18.416934 -13.597260, 18.422039 -13.601814, 18.427145 -13.606368, 18.432251 -13.610921, 18.437357 -13.615475, 18.442463 -13.620029, 18.447569 -13.624582, 18.452676 -13.629135, 18.457783 -13.633689, 18.462890 -13.638242, 18.467997 -13.642795, 18.473104 -13.647348, 18.478212 -13.651901, 18.483320 -13.656453, 18.488427 -13.661006, 18.493536 -13.665559, 18.498644 -13.670111, 18.503753 -13.674663, 18.508861 -13.679215, 18.513970 -13.683768, 18.519080 -13.688320, 18.524189 -13.692872, 18.529298 -13.697423, 18.534408 -13.701975, 18.539518 -13.706527, 18.544628 -13.711078, 18.549739 -13.715629, 18.554849 -13.720181, 18.559960 -13.724732, 18.565071 -13.729283, 18.570182 -13.733834, 18.575293 -13.738385, 18.580405 -13.742936, 18.585517 -13.747486, 18.590629 -13.752037, 18.595741 -13.756587, 18.600853 -13.761137, 18.605966 -13.765688, 18.611078 -13.770238, 18.616191 -13.774788, 18.621304 -13.779338, 18.626418 -13.783887, 18.631531 -13.788437, 18.636645 -13.792987, 18.641759 -13.797536, 18.646873 -13.802086, 18.651987 -13.806635, 18.657102 -13.811184, 18.662217 -13.815733, 18.667332 -13.820282, 18.672447 -13.824831, 18.677562 -13.829380, 18.682678 -13.833928, 18.687793 -13.838477, 18.692909 -13.843025, 18.698025 -13.847574, 18.703142 -13.852122, 18.708258 -13.856670, 18.713375 -13.861218, 18.718492 -13.865766, 18.723609 -13.870314, 18.728726 -13.874861, 18.733844 -13.879409, 18.738962 -13.883956, 18.744079 -13.888504, 18.749198 -13.893051, 18.754316 -13.897598, 18.759434 -13.902145, 18.764553 -13.906692, 18.769672 -13.911239, 18.774791 -13.915786, 18.779911 -13.920332, 18.785030 -13.924879, 18.790150 -13.929425, 18.795270 -13.933971, 18.800390 -13.938517, 18.805510 -13.943064, 18.810631 -13.947610, 18.815752 -13.952155, 18.820873 -13.956701, 18.825994 -13.961247, 18.831115 -13.965792, 18.836237 -13.970338, 18.841358 -13.974883, 18.846480 -13.979428, 18.851602 -13.983973, 18.856725 -13.988518, 18.861847 -13.993063, 18.866970 -13.997608, 18.872093 -14.002153, 18.877216 -14.006697, 18.882340 -14.011242, 18.887463 -14.015786, 18.892587 -14.020330, 18.897711 -14.024875, 18.902835 -14.029419, 18.907960 -14.033963, 18.913084 -14.038506, 18.918209 -14.043050, 18.923334 -14.047594, 18.928459 -14.052137, 18.933585 -14.056681, 18.938710 -14.061224, 18.943836 -14.065767, 18.948962 -14.070310, 18.954088 -14.074853, 18.959215 -14.079396, 18.964341 -14.083939, 18.969468 -14.088481, 18.974595 -14.093024, 18.979723 -14.097566, 18.984850 -14.102109, 18.989978 -14.106651, 18.995106 -14.111193, 19.000234 -14.115735, 19.005362 -14.120277, 19.010490 -14.124818, 19.015619 -14.129360, 19.020748 -14.133902, 19.025877 -14.138443, 19.031006 -14.142984, 19.036136 -14.147526, 19.041265 -14.152067, 19.046395 -14.156608, 19.051525 -14.161149, 19.056656 -14.165689, 19.061786 -14.170230, 19.066917 -14.174771, 19.072048 -14.179311, 19.077179 -14.183852, 19.082310 -14.188392, 19.087442 -14.192932, 19.092574 -14.197472, 19.097706 -14.202012, 19.102838 -14.206552, 19.107970 -14.211091, 19.113103 -14.215631, 19.118236 -14.220170, 19.123369 -14.224710, 19.128502 -14.229249, 19.133635 -14.233788, 19.138769 -14.238327, 19.143903 -14.242866, 19.149037 -14.247405, 19.154171 -14.251944, 19.159305 -14.256482, 19.164440 -14.261021, 19.169575 -14.265559, 19.174710 -14.270097, 19.179845 -14.274636, 19.184981 -14.279174, 19.190116 -14.283712, 19.195252 -14.288249, 19.200388 -14.292787, 19.205524 -14.297325, 19.210661 -14.301862, 19.215798 -14.306400, 19.220935 -14.310937, 19.226072 -14.315474, 19.231209 -14.320011, 19.236347 -14.324548, 19.241484 -14.329085, 19.246622 -14.333622, 19.251760 -14.338158, 19.256899 -14.342695, 19.262037 -14.347231, 19.267176 -14.351767, 19.272315 -14.356304, 19.277454 -14.360840, 19.282594 -14.365376, 19.287733 -14.369911, 19.292873 -14.374447, 19.298013 -14.378983, 19.303154 -14.383518, 19.308294 -14.388054, 19.313435 -14.392589, 19.318576 -14.397124, 19.323717 -14.401659, 19.328858 -14.406194, 19.333999 -14.410729, 19.339141 -14.415264, 19.344283 -14.419798, 19.349425 -14.424333, 19.354568 -14.428867, 19.359710 -14.433402, 19.364853 -14.437936, 19.369996 -14.442470, 19.375139 -14.447004, 19.380282 -14.451538, 19.385426 -14.456071, 19.390570 -14.460605, 19.395714 -14.465138, 19.400858 -14.469672, 19.406002 -14.474205, 19.411147 -14.478738, 19.416292 -14.483271, 19.421437 -14.487804, 19.426582 -14.492337, 19.431728 -14.496870, 19.436874 -14.501402, 19.442019 -14.505935, 19.447166 -14.510467, 19.452312 -14.515000, 19.457458 -14.519532, 19.462605 -14.524064, 19.467752 -14.528596, 19.472899 -14.533128, 19.478047 -14.537659, 19.483194 -14.542191, 19.488342 -14.546722, 19.493490 -14.551254, 19.498638 -14.555785, 19.503787 -14.560316, 19.508935 -14.564847, 19.514084 -14.569378, 19.519233 -14.573909, 19.524383 -14.578440, 19.529532 -14.582970, 19.534682 -14.587501, 19.539832 -14.592031, 19.544982 -14.596561, 19.550132 -14.601091, 19.555283 -14.605621, 19.560434 -14.610151, 19.565585 -14.614681, 19.570736 -14.619211, 19.575887 -14.623740, 19.581039 -14.628270, 19.586191 -14.632799, 19.591343 -14.637328, 19.596495 -14.641858, 19.601647 -14.646387, 19.606800 -14.650915, 19.611953 -14.655444, 19.617106 -14.659973, 19.622259 -14.664501, 19.627413 -14.669030, 19.632567 -14.673558, 19.637721 -14.678086, 19.642875 -14.682614, 19.648029 -14.687142, 19.653184 -14.691670, 19.658339 -14.696198, 19.663494 -14.700726, 19.668649 -14.705253, 19.673804 -14.709781, 19.678960 -14.714308, 19.684116 -14.718835, 19.689272 -14.723362, 19.694428 -14.727889, 19.699585 -14.732416, 19.704742 -14.736943, 19.709899 -14.741469, 19.715056 -14.745996, 19.720213 -14.750522, 19.725371 -14.755048, 19.730529 -14.759575, 19.735687 -14.764101, 19.740845 -14.768627, 19.746003 -14.773152, 19.751162 -14.777678, 19.756321 -14.782204, 19.761480 -14.786729, 19.766639 -14.791255, 19.771799 -14.795780, 19.776959 -14.800305, 19.782119 -14.804830, 19.787279 -14.809355, 19.792439 -14.813880, 19.797600 -14.818404, 19.802761 -14.822929, 19.807922 -14.827453, 19.813083 -14.831978, 19.818244 -14.836502, 19.823406 -14.841026, 19.828568 -14.845550, 19.833730 -14.850074, 19.838892 -14.854597, 19.844055 -14.859121, 19.849218 -14.863645, 19.854381 -14.868168, 19.859544 -14.872691, 19.864707 -14.877214, 19.869871 -14.881738, 19.875035 -14.886260, 19.880199 -14.890783, 19.885363 -14.895306, 19.890528 -14.899829, 19.895692 -14.904351, 19.900857 -14.908873, 19.906023 -14.913396, 19.911188 -14.917918, 19.916353 -14.922440, 19.921519 -14.926962, 19.926685 -14.931483, 19.931852 -14.936005, 19.937018 -14.940527, 19.942185 -14.945048, 19.947352 -14.949569, 19.952519 -14.954091, 19.957686 -14.958612, 19.962854 -14.963133, 19.968021 -14.967654, 19.973189 -14.972174, 19.978358 -14.976695, 19.983526 -14.981215, 19.988695 -14.985736, 19.993863 -14.990256, 19.999033 -14.994776, 20.004202 -14.999296, 20.009371 -15.003816, 20.014541 -15.008336, 20.019711 -15.012856, 20.024881 -15.017375, 20.030052 -15.021895, 20.035222 -15.026414, 20.040393 -15.030933, 20.045564 -15.035452, 20.050735 -15.039971, 20.055907 -15.044490, 20.061078 -15.049009, 20.066250 -15.053528, 20.071423 -15.058046, 20.076595 -15.062565, 20.081767 -15.067083, 20.086940 -15.071601, 20.092113 -15.076119, 20.097287 -15.080637, 20.102460 -15.085155, 20.107634 -15.089672, 20.112808 -15.094190, 20.117982 -15.098708, 20.123156 -15.103225, 20.128331 -15.107742, 20.133505 -15.112259, 20.138680 -15.116776, 20.143856 -15.121293, 20.149031 -15.125810, 20.154207 -15.130326, 20.159383 -15.134843, 20.164559 -15.139359, 20.169735 -15.143876, 20.174912 -15.148392, 20.180088 -15.152908, 20.185265 -15.157424, 20.190443 -15.161940, 20.195620 -15.166455, 20.200798 -15.170971, 20.205975 -15.175486, 20.211154 -15.180002, 20.216332 -15.184517, 20.221510 -15.189032, 20.226689 -15.193547, 20.231868 -15.198062, 20.237047 -15.202577, 20.242227 -15.207091, 20.247406 -15.211606, 20.252586 -15.216120, 20.257766 -15.220634, 20.262947 -15.225149, 20.268127 -15.229663, 20.273308 -15.234177, 20.278489 -15.238690, 20.283670 -15.243204, 20.288852 -15.247718, 20.294033 -15.252231, 20.299215 -15.256744, 20.304397 -15.261258, 20.309579 -15.265771, 20.314762 -15.270284, 20.319945 -15.274796, 20.325128 -15.279309, 20.330311 -15.283822, 20.335494 -15.288334, 20.340678 -15.292847, 20.345862 -15.297359, 20.351046 -15.301871, 20.356230 -15.306383, 20.361415 -15.310895, 20.366600 -15.315407, 20.371785 -15.319918, 20.376970 -15.324430, 20.382155 -15.328941, 20.387341 -15.333453, 20.392527 -15.337964, 20.397713 -15.342475, 20.402899 -15.346986, 20.408086 -15.351497, 20.413273 -15.356007, 20.418460 -15.360518, 20.423647 -15.365028, 20.428834 -15.369539, 20.434022 -15.374049, 20.439210 -15.378559, 20.444398 -15.383069, 20.449586 -15.387579, 20.454775 -15.392089, 20.459964 -15.396598, 20.465153 -15.401108, 20.470342 -15.405617, 20.475531 -15.410126, 20.480721 -15.414635, 20.485911 -15.419144, 20.491101 -15.423653, 20.496292 -15.428162, 20.501482 -15.432671, 20.506673 -15.437179, 20.511864 -15.441688, 20.517055 -15.446196, 20.522247 -15.450704, 20.527439 -15.455212, 20.532631 -15.459720, 20.537823 -15.464228, 20.543015 -15.468736, 20.548208 -15.473243, 20.553401 -15.477751, 20.558594 -15.482258, 20.563787 -15.486765, 20.568981 -15.491272, 20.574174 -15.495779, 20.579368 -15.500286, 20.584563 -15.504793, 20.589757 -15.509299, 20.594952 -15.513806, 20.600147 -15.518312, 20.605342 -15.522818, 20.610537 -15.527325, 20.615733 -15.531831, 20.620929 -15.536336, 20.626125 -15.540842, 20.631321 -15.545348, 20.636517 -15.549853, 20.641714 -15.554359, 20.646911 -15.558864, 20.652108 -15.563369, 20.657306 -15.567874, 20.662503 -15.572379, 20.667701 -15.576884, 20.672899 -15.581388, 20.678097 -15.585893, 20.683296 -15.590397, 20.688495 -15.594902, 20.693694 -15.599406, 20.698893 -15.603910, 20.704092 -15.608414, 20.709292 -15.612918, 20.714492 -15.617421, 20.719692 -15.621925, 20.724893 -15.626428, 20.730093 -15.630932, 20.735294 -15.635435, 20.740495 -15.639938, 20.745696 -15.644441, 20.750898 -15.648944, 20.756100 -15.653446, 20.761302 -15.657949, 20.766504 -15.662451, 20.771706 -15.666954, 20.776909 -15.671456, 20.782112 -15.675958, 20.787315 -15.680460, 20.792518 -15.684962, 20.797722 -15.689463, 20.802926 -15.693965, 20.808130 -15.698466, 20.813334 -15.702968, 20.818538 -15.707469, 20.823743 -15.711970, 20.828948 -15.716471, 20.834153 -15.720972, 20.839359 -15.725473, 20.844564 -15.729973, 20.849770 -15.734474, 20.854976 -15.738974, 20.860183 -15.743474, 20.865389 -15.747974, 20.870596 -15.752474, 20.875803 -15.756974, 20.881010 -15.761474, 20.886218 -15.765974, 20.891425 -15.770473, 20.896633 -15.774972, 20.901842 -15.779472, 20.907050 -15.783971, 20.912259 -15.788470, 20.917468 -15.792969, 20.922677 -15.797467, 20.927886 -15.801966, 20.933096 -15.806464, 20.938305 -15.810963, 20.943515 -15.815461, 20.948726 -15.819959, 20.953936 -15.824457, 20.959147 -15.828955, 20.964358 -15.833453, 20.969569 -15.837950, 20.974780 -15.842448, 20.979992 -15.846945, 20.985204 -15.851443, 20.990416 -15.855940, 20.995628 -15.860437, 21.000841 -15.864934, 21.006054 -15.869430, 21.011267 -15.873927, 21.016480 -15.878423, 21.021694 -15.882920, 21.026907 -15.887416, 21.032121 -15.891912, 21.037336 -15.896408, 21.042550 -15.900904, 21.047765 -15.905400, 21.052980 -15.909896, 21.058195 -15.914391, 21.063410 -15.918886, 21.068626 -15.923382, 21.073842 -15.927877, 21.079058 -15.932372, 21.084274 -15.936867, 21.089491 -15.941361, 21.094707 -15.945856, 21.099924 -15.950351, 21.105142 -15.954845, 21.110359 -15.959339, 21.115577 -15.963833, 21.120795 -15.968327, 21.126013 -15.972821, 21.131232 -15.977315, 21.136450 -15.981809, 21.141669 -15.986302, 21.146888 -15.990795, 21.152108 -15.995289, 21.157327 -15.999782, 21.162547 -16.004275, 21.167767 -16.008768, 21.172987 -16.013260, 21.178208 -16.017753, 21.183429 -16.022246, 21.188650 -16.026738, 21.193871 -16.031230, 21.199092 -16.035722, 21.204314 -16.040214, 21.209536 -16.044706, 21.214758 -16.049198, 21.219981 -16.053689, 21.225203 -16.058181, 21.230426 -16.062672, 21.235649 -16.067163, 21.240873 -16.071655, 21.246096 -16.076146, 21.251320 -16.080636, 21.256544 -16.085127, 21.261768 -16.089618, 21.266993 -16.094108, 21.272218 -16.098598, 21.277443 -16.103089, 21.282668 -16.107579, 21.287894 -16.112069, 21.293119 -16.116559, 21.298345 -16.121048, 21.303571 -16.125538, 21.308798 -16.130027, 21.314024 -16.134517, 21.319251 -16.139006, 21.324479 -16.143495, 21.329706 -16.147984, 21.334934 -16.152473, 21.340161 -16.156961, 21.345389 -16.161450, 21.350618 -16.165938, 21.355846 -16.170427, 21.361075 -16.174915, 21.366304 -16.179403, 21.371534 -16.183891, 21.376763 -16.188379, 21.381993 -16.192866, 21.387223 -16.197354, 21.392453 -16.201841, 21.397683 -16.206328, 21.402914 -16.210816, 21.408145 -16.215303, 21.413376 -16.219789, 21.418608 -16.224276, 21.423839 -16.228763, 21.429071 -16.233249, 21.434303 -16.237736, 21.439536 -16.242222, 21.444768 -16.246708, 21.450001 -16.251194, 21.455234 -16.255680, 21.460468 -16.260166, 21.465701 -16.264651, 21.470935 -16.269137, 21.476169 -16.273622, 21.481403 -16.278107, 21.486638 -16.282593, 21.491873 -16.287078, 21.497108 -16.291562, 21.502343 -16.296047, 21.507578 -16.300532, 21.512814 -16.305016, 21.518050 -16.309500, 21.523286 -16.313985, 21.528523 -16.318469, 21.533759 -16.322953, 21.538996 -16.327436, 21.544234 -16.331920, 21.549471 -16.336404, 21.554709 -16.340887, 21.559947 -16.345370, 21.565185 -16.349854, 21.570423 -16.354337, 21.575662 -16.358819, 21.580900 -16.363302, 21.586140 -16.367785, 21.591379 -16.372267, 21.596618 -16.376750, 21.601858 -16.381232, 21.607098 -16.385714, 21.612339 -16.390196, 21.617579 -16.394678, 21.622820 -16.399160, 21.628061 -16.403641, 21.633302 -16.408123, 21.638544 -16.412604, 21.643785 -16.417085, 21.649027 -16.421567, 21.654270 -16.426048, 21.659512 -16.430528, 21.664755 -16.435009, 21.669998 -16.439490, 21.675241 -16.443970, 21.680484 -16.448450, 21.685728 -16.452931, 21.690972 -16.457411, 21.696216 -16.461890, 21.701461 -16.466370, 21.706705 -16.470850, 21.711950 -16.475329, 21.717195 -16.479809, 21.722441 -16.484288, 21.727686 -16.488767, 21.732932 -16.493246, 21.738178 -16.497725, 21.743424 -16.502204, 21.748671 -16.506682, 21.753918 -16.511161, 21.759165 -16.515639, 21.764412 -16.520117, 21.769660 -16.524596, 21.774908 -16.529074, 21.780156 -16.533551, 21.785404 -16.538029, 21.790653 -16.542507, 21.795901 -16.546984, 21.801150 -16.551461, 21.806400 -16.555939, 21.811649 -16.560416, 21.816899 -16.564892, 21.822149 -16.569369, 21.827399 -16.573846, 21.832650 -16.578322, 21.837900 -16.582799, 21.843151 -16.587275, 21.848402 -16.591751, 21.853654 -16.596227, 21.858906 -16.600703, 21.864158 -16.605179, 21.869410 -16.609654, 21.874662 -16.614130, 21.879915 -16.618605, 21.885168 -16.623080, 21.890421 -16.627555, 21.895674 -16.632030, 21.900928 -16.636505, 21.906182 -16.640980, 21.911436 -16.645454, 21.916691 -16.649929, 21.921945 -16.654403, 21.927200 -16.658877, 21.932455 -16.663351, 21.937711 -16.667825, 21.942966 -16.672299, 21.948222 -16.676772, 21.953478 -16.681246, 21.958735 -16.685719, 21.963991 -16.690192, 21.969248 -16.694665, 21.974505 -16.699138, 21.979763 -16.703611, 21.985020 -16.708084, 21.990278 -16.712556, 21.995536 -16.717029, 22.000794 -16.721501, 22.006053 -16.725973, 22.011312 -16.730445, 22.016571 -16.734917, 22.021830 -16.739389, 22.027090 -16.743860, 22.032350 -16.748332, 22.037610 -16.752803, 22.042870 -16.757274, 22.048131 -16.761745, 22.053391 -16.766216, 22.058652 -16.770687, 22.063914 -16.775158, 22.069175 -16.779628, 22.074437 -16.784099, 22.079699 -16.788569, 22.084961 -16.793039, 22.090224 -16.797509, 22.095487 -16.801979, 22.100750 -16.806449, 22.106013 -16.810919, 22.111277 -16.815388, 22.116540 -16.819857, 22.121804 -16.824327, 22.127069 -16.828796, 22.132333 -16.833265, 22.137598 -16.837733, 22.142863 -16.842202, 22.148128 -16.846671, 22.153394 -16.851139, 22.158660 -16.855607, 22.163926 -16.860075, 22.169192 -16.864543, 22.174458 -16.869011, 22.179725 -16.873479, 22.184992 -16.877947, 22.190259 -16.882414, 22.195527 -16.886881, 22.200795 -16.891349, 22.206063 -16.895816, 22.211331 -16.900283, 22.216599 -16.904749, 22.221868 -16.909216, 22.227137 -16.913683, 22.232406 -16.918149, 22.237676 -16.922615, 22.242946 -16.927081, 22.248216 -16.931547, 22.253486 -16.936013, 22.258757 -16.940479, 22.264027 -16.944944, 22.269298 -16.949410, 22.274570 -16.953875, 22.279841 -16.958340, 22.285113 -16.962805, 22.290385 -16.967270, 22.295657 -16.971735, 22.300930 -16.976200, 22.306202 -16.980664, 22.311475 -16.985128, 22.316749 -16.989593, 22.322022 -16.994057, 22.327296 -16.998521, 22.332570 -17.002985, 22.337844 -17.007448, 22.343119 -17.011912, 22.348394 -17.016375, 22.353669 -17.020838, 22.358944 -17.025302, 22.364219 -17.029765, 22.369495 -17.034227, 22.374771 -17.038690, 22.380047 -17.043153, 22.385324 -17.047615, 22.390601 -17.052078, 22.395878 -17.056540, 22.401155 -17.061002, 22.406433 -17.065464, 22.411710 -17.069925, 22.416988 -17.074387, 22.422267 -17.078849, 22.427545 -17.083310, 22.432824 -17.087771, 22.438103 -17.092232, 22.443383 -17.096693, 22.448662 -17.101154, 22.453942 -17.105615, 22.459222 -17.110075, 22.464502 -17.114536, 22.469783 -17.118996, 22.475064 -17.123456, 22.480345 -17.127916, 22.485626 -17.132376, 22.490908 -17.136836, 22.496190 -17.141295, 22.501472 -17.145755, 22.506754 -17.150214, 22.512037 -17.154673, 22.517319 -17.159132, 22.522603 -17.163591, 22.527886 -17.168050, 22.533170 -17.172508, 22.538453 -17.176967, 22.543738 -17.181425, 22.549022 -17.185884, 22.554307 -17.190342, 22.559591 -17.194800, 22.564877 -17.199257, 22.570162 -17.203715, 22.575448 -17.208172, 22.580734 -17.212630, 22.586020 -17.217087, 22.591306 -17.221544, 22.596593 -17.226001, 22.601880 -17.230458, 22.607167 -17.234915, 22.612454 -17.239371, 22.617742 -17.243828, 22.623030 -17.248284, 22.628318 -17.252740, 22.633607 -17.257196, 22.638895 -17.261652, 22.644184 -17.266108, 22.649474 -17.270563, 22.654763 -17.275019, 22.660053 -17.279474, 22.665343 -17.283929, 22.670633 -17.288384, 22.675924 -17.292839, 22.681214 -17.297294, 22.686505 -17.301749, 22.691797 -17.306203, 22.697088 -17.310657, 22.702380 -17.315112, 22.707672 -17.319566, 22.712964 -17.324020, 22.718257 -17.328473, 22.723550 -17.332927, 22.728843 -17.337381, 22.734136 -17.341834, 22.739430 -17.346287, 22.744724 -17.350740, 22.750018 -17.355193, 22.755312 -17.359646, 22.760607 -17.364099, 22.765902 -17.368551, 22.771197 -17.373004, 22.776492 -17.377456, 22.781788 -17.381908, 22.787084 -17.386360, 22.792380 -17.390812, 22.797676 -17.395263, 22.802973 -17.399715, 22.808270 -17.404166, 22.813567 -17.408618, 22.818864 -17.413069, 22.824162 -17.417520, 22.829460 -17.421971, 22.834758 -17.426421, 22.840057 -17.430872, 22.845356 -17.435322, 22.850655 -17.439773, 22.855954 -17.444223, 22.861253 -17.448673, 22.866553 -17.453123, 22.871853 -17.457573, 22.877153 -17.462022, 22.882454 -17.466472, 22.887755 -17.470921, 22.893056 -17.475370, 22.898357 -17.479819, 22.903659 -17.484268, 22.908961 -17.488717, 22.914263 -17.493165, 22.919565 -17.497614, 22.924868 -17.502062, 22.930171 -17.506510, 22.935474 -17.510958, 22.940777 -17.515406, 22.946081 -17.519854, 22.951385 -17.524302, 22.956689 -17.528749, 22.961993 -17.533197, 22.967298 -17.537644, 22.972603 -17.542091, 22.977908 -17.546538, 22.983214 -17.550984, 22.988519 -17.555431, 22.993826 -17.559878, 22.999132 -17.564324, 23.004438 -17.568770, 23.009745 -17.573216, 23.015052 -17.577662, 23.020359 -17.582108, 23.025667 -17.586554, 23.030975 -17.590999, 23.036283 -17.595445, 23.041591 -17.599890, 23.046900 -17.604335, 23.052209 -17.608780, 23.057518 -17.613225, 23.062827 -17.617669, 23.068137 -17.622114, 23.073447 -17.626558, 23.078757 -17.631002, 23.084068 -17.635446, 23.089378 -17.639890, 23.094689 -17.644334, 23.100000 -17.648778, 23.105312 -17.653221, 23.110624 -17.657665, 23.115936 -17.662108, 23.121248 -17.666551, 23.126561 -17.670994, 23.131873 -17.675437, 23.137186 -17.679880, 23.142500 -17.684322, 23.147813 -17.688764, 23.153127 -17.693207, 23.158441 -17.697649, 23.163756 -17.702091, 23.169070 -17.706533, 23.174385 -17.710974, 23.179701 -17.715416, 23.185016 -17.719857, 23.190332 -17.724298, 23.195648 -17.728739, 23.200964 -17.733180, 23.206280 -17.737621, 23.211597 -17.742062, 23.216914 -17.746502, 23.222231 -17.750943, 23.227549 -17.755383, 23.232867 -17.759823, 23.238185 -17.764263, 23.243503 -17.768703, 23.248822 -17.773142, 23.254141 -17.777582, 23.259460 -17.782021, 23.264779 -17.786461, 23.270099 -17.790900, 23.275419 -17.795339, 23.280739 -17.799777, 23.286059 -17.804216, 23.291380 -17.808655, 23.296701 -17.813093, 23.302022 -17.817531, 23.307344 -17.821969, 23.312666 -17.826407, 23.317988 -17.830845, 23.323310 -17.835283, 23.328633 -17.839720, 23.333955 -17.844158, 23.339278 -17.848595, 23.344602 -17.853032, 23.349925 -17.857469, 23.355249 -17.861906, 23.360574 -17.866342, 23.365898 -17.870779, 23.371223 -17.875215, 23.376548 -17.879651, 23.381873 -17.884087, 23.387198 -17.888523, 23.392524 -17.892959, 23.397850 -17.897395, 23.403176 -17.901830, 23.408503 -17.906265, 23.413830 -17.910701, 23.419157 -17.915136, 23.424484 -17.919571, 23.429812 -17.924005, 23.435140 -17.928440, 23.440468 -17.932874, 23.445796 -17.937309, 23.451125 -17.941743, 23.456454 -17.946177, 23.461783 -17.950611, 23.467113 -17.955045, 23.472443 -17.959478, 23.477773 -17.963912, 23.483103 -17.968345, 23.488433 -17.972778, 23.493764 -17.977211, 23.499095 -17.981644, 23.504427 -17.986077, 23.509758 -17.990509, 23.515090 -17.994942, 23.520422 -17.999374, 23.525755 -18.003806, 23.531088 -18.008238, 23.536421 -18.012670, 23.541754 -18.017102, 23.547087 -18.021533, 23.552421 -18.025965, 23.557755 -18.030396, 23.563089 -18.034827, 23.568424 -18.039258, 23.573759 -18.043689, 23.579094 -18.048119, 23.584429 -18.052550, 23.589765 -18.056980, 23.595101 -18.061411, 23.600437 -18.065841, 23.605774 -18.070271, 23.611110 -18.074700, 23.616447 -18.079130, 23.621785 -18.083560, 23.627122 -18.087989, 23.632460 -18.092418, 23.637798 -18.096847, 23.643137 -18.101276, 23.648475 -18.105705, 23.653814 -18.110134, 23.659153 -18.114562, 23.664493 -18.118990, 23.669832 -18.123419, 23.675172 -18.127847, 23.680513 -18.132274, 23.685853 -18.136702, 23.691194 -18.141130, 23.696535 -18.145557, 23.701876 -18.149985, 23.707218 -18.154412, 23.712560 -18.158839, 23.717902 -18.163266, 23.723244 -18.167692, 23.728587 -18.172119, 23.733930 -18.176545, 23.739273 -18.180972, 23.744617 -18.185398, 23.749960 -18.189824, 23.755304 -18.194249, 23.760649 -18.198675, 23.765993 -18.203101, 23.771338 -18.207526, 23.776683 -18.211951, 23.782029 -18.216376, 23.787374 -18.220801, 23.792720 -18.225226, 23.798067 -18.229651, 23.803413 -18.234075, 23.808760 -18.238500, 23.814107 -18.242924, 23.819454 -18.247348, 23.824802 -18.251772, 23.830150 -18.256195, 23.835498 -18.260619, 23.840846 -18.265043, 23.846195 -18.269466, 23.851544 -18.273889, 23.856893 -18.278312, 23.862242 -18.282735, 23.867592 -18.287158, 23.872942 -18.291580, 23.878292 -18.296003, 23.883643 -18.300425, 23.888994 -18.304847, 23.894345 -18.309269, 23.899696 -18.313691, 23.905048 -18.318112, 23.910400 -18.322534, 23.915752 -18.326955, 23.921105 -18.331376, 23.926457 -18.335798, 23.931810 -18.340218, 23.937164 -18.344639, 23.942517 -18.349060, 23.947871 -18.353480, 23.953225 -18.357901, 23.958580 -18.362321, 23.963934 -18.366741, 23.969289 -18.371161, 23.974645 -18.375580, 23.980000 -18.380000, 23.986879 -18.378391, 23.993758 -18.376782, 24.000636 -18.375172, 24.007515 -18.373563, 24.014393 -18.371953, 24.021271 -18.370343, 24.028150 -18.368732, 24.035028 -18.367121, 24.041905 -18.365511, 24.048783 -18.363899, 24.055661 -18.362288, 24.062538 -18.360676, 24.069416 -18.359064, 24.076293 -18.357452, 24.083170 -18.355840, 24.090047 -18.354227, 24.096924 -18.352614, 24.103800 -18.351001, 24.110677 -18.349388, 24.117553 -18.347774, 24.124430 -18.346160, 24.131306 -18.344546, 24.138182 -18.342932, 24.145058 -18.341317, 24.151934 -18.339702, 24.158810 -18.338087, 24.165685 -18.336472, 24.172560 -18.334856, 24.179436 -18.333240, 24.186311 -18.331624, 24.193186 -18.330008, 24.200061 -18.328391, 24.206936 -18.326774, 24.213810 -18.325157, 24.220685 -18.323540, 24.227559 -18.321922, 24.234434 -18.320304, 24.241308 -18.318686, 24.248182 -18.317068, 24.255056 -18.315449, 24.261929 -18.313831, 24.268803 -18.312212, 24.275676 -18.310592, 24.282550 -18.308973, 24.289423 -18.307353, 24.296296 -18.305733, 24.303169 -18.304113, 24.310042 -18.302492, 24.316915 -18.300871, 24.323787 -18.299250, 24.330660 -18.297629, 24.337532 -18.296007, 24.344404 -18.294386, 24.351276 -18.292764, 24.358148 -18.291141, 24.365020 -18.289519, 24.371892 -18.287896, 24.378764 -18.286273, 24.385635 -18.284650, 24.392506 -18.283026, 24.399377 -18.281403, 24.406249 -18.279779, 24.413119 -18.278155, 24.419990 -18.276530, 24.426861 -18.274905, 24.433731 -18.273280, 24.440602 -18.271655, 24.447472 -18.270030, 24.454342 -18.268404, 24.461212 -18.266778, 24.468082 -18.265152, 24.474952 -18.263526, 24.481822 -18.261899, 24.488691 -18.260272, 24.495561 -18.258645, 24.502430 -18.257017, 24.509299 -18.255390, 24.516168 -18.253762, 24.523037 -18.252134, 24.529905 -18.250505, 24.536774 -18.248877, 24.543643 -18.247248, 24.550511 -18.245619, 24.557379 -18.243989, 24.564247 -18.242360, 24.571115 -18.240730, 24.577983 -18.239100, 24.584851 -18.237469, 24.591718 -18.235839, 24.598586 -18.234208, 24.605453 -18.232577, 24.612320 -18.230946, 24.619187 -18.229314, 24.626054 -18.227682, 24.632921 -18.226050, 24.639788 -18.224418, 24.646654 -18.222785, 24.653521 -18.221152, 24.660387 -18.219519, 24.667253 -18.217886, 24.674119 -18.216253, 24.680985 -18.214619, 24.687851 -18.212985, 24.694717 -18.211351, 24.701582 -18.209716, 24.708447 -18.208081, 24.715313 -18.206446, 24.722178 -18.204811, 24.729043 -18.203176, 24.735908 -18.201540, 24.742772 -18.199904, 24.749637 -18.198268, 24.756502 -18.196631, 24.763366 -18.194995, 24.770230 -18.193358, 24.777094 -18.191720, 24.783958 -18.190083, 24.790822 -18.188445, 24.797686 -18.186807, 24.804549 -18.185169, 24.811413 -18.183531, 24.818276 -18.181892, 24.825139 -18.180253, 24.832002 -18.178614, 24.838865 -18.176975, 24.845728 -18.175335, 24.852591 -18.173695, 24.859453 -18.172055, 24.866316 -18.170415, 24.873178 -18.168774, 24.880040 -18.167133, 24.886902 -18.165492, 24.893764 -18.163851, 24.900626 -18.162209, 24.907488 -18.160568, 24.914349 -18.158926, 24.921211 -18.157283, 24.928072 -18.155641, 24.934933 -18.153998, 24.941794 -18.152355, 24.948655 -18.150712, 24.955516 -18.149068, 24.962376 -18.147424, 24.969237 -18.145780, 24.976097 -18.144136, 24.982957 -18.142492, 24.989817 -18.140847, 24.996677 -18.139202, 25.003537 -18.137557, 25.010397 -18.135911, 25.017256 -18.134265, 25.024116 -18.132620, 25.030975 -18.130973, 25.037834 -18.129327, 25.044694 -18.127680, 25.051552 -18.126033, 25.058411 -18.124386, 25.065270 -18.122739, 25.072129 -18.121091, 25.078987 -18.119443, 25.085845 -18.117795, 25.092703 -18.116147, 25.099561 -18.114498, 25.106419 -18.112849, 25.113277 -18.111200, 25.120135 -18.109551, 25.126992 -18.107901, 25.133850 -18.106251, 25.140707 -18.104601, 25.147564 -18.102951, 25.154421 -18.101300, 25.161278 -18.099650, 25.168135 -18.097999, 25.174991 -18.096347, 25.181848 -18.094696, 25.188704 -18.093044, 25.195560 -18.091392, 25.202416 -18.089740, 25.209272 -18.088087, 25.216128 -18.086434, 25.222984 -18.084781, 25.229840 -18.083128, 25.236695 -18.081475, 25.243550 -18.079821, 25.250406 -18.078167, 25.257261 -18.076513, 25.264116 -18.074859, 25.270970 -18.073204, 25.277825 -18.071549, 25.284680 -18.069894, 25.291534 -18.068238, 25.298388 -18.066583, 25.305242 -18.064927, 25.312097 -18.063271, 25.318950 -18.061614, 25.325804 -18.059958, 25.332658 -18.058301, 25.339511 -18.056644, 25.346365 -18.054986, 25.353218 -18.053329, 25.360071 -18.051671, 25.366924 -18.050013, 25.373777 -18.048355, 25.380630 -18.046696, 25.387482 -18.045037, 25.394335 -18.043378, 25.401187 -18.041719, 25.408039 -18.040060, 25.414891 -18.038400, 25.421743 -18.036740, 25.428595 -18.035080, 25.435447 -18.033419, 25.442299 -18.031758, 25.449150 -18.030097, 25.456001 -18.028436, 25.462852 -18.026775, 25.469704 -18.025113, 25.476554 -18.023451, 25.483405 -18.021789, 25.490256 -18.020127, 25.497106 -18.018464, 25.503957 -18.016801, 25.510807 -18.015138, 25.517657 -18.013475, 25.524507 -18.011811, 25.531357 -18.010147, 25.538207 -18.008483, 25.545057 -18.006819, 25.551906 -18.005154, 25.558756 -18.003489, 25.565605 -18.001824, 25.572454 -18.000159, 25.579303 -17.998494, 25.586152 -17.996828, 25.593000 -17.995162, 25.599849 -17.993496, 25.606698 -17.991829, 25.613546 -17.990162, 25.620394 -17.988495, 25.627242 -17.986828, 25.634090 -17.985161, 25.640938 -17.983493, 25.647786 -17.981825, 25.654633 -17.980157, 25.661481 -17.978488, 25.668328 -17.976820, 25.675175 -17.975151, 25.682022 -17.973482, 25.688869 -17.971812, 25.695716 -17.970143, 25.702563 -17.968473, 25.709409 -17.966803, 25.716255 -17.965132, 25.723102 -17.963462, 25.729948 -17.961791, 25.736794 -17.960120, 25.743640 -17.958449, 25.750486 -17.956777, 25.757331 -17.955105, 25.764177 -17.953433, 25.771022 -17.951761, 25.777867 -17.950089, 25.784712 -17.948416, 25.791557 -17.946743, 25.798402 -17.945070, 25.805247 -17.943396, 25.812092 -17.941723, 25.818936 -17.940049, 25.825780 -17.938374, 25.832624 -17.936700, 25.839469 -17.935025, 25.846313 -17.933351, 25.853156 -17.931675, 25.860000 -17.930000, 25.866917 -17.928563, 25.873834 -17.927126, 25.880752 -17.925689, 25.887668 -17.924252, 25.894585 -17.922814, 25.901502 -17.921376, 25.908419 -17.919938, 25.915335 -17.918499, 25.922252 -17.917060, 25.929168 -17.915622, 25.936084 -17.914182, 25.943000 -17.912743, 25.949916 -17.911303, 25.956832 -17.909863, 25.963748 -17.908423, 25.970663 -17.906983, 25.977579 -17.905542, 25.984494 -17.904101, 25.991409 -17.902660, 25.998324 -17.901219, 26.005240 -17.899777, 26.012154 -17.898335, 26.019069 -17.896893, 26.025984 -17.895451, 26.032899 -17.894008, 26.039813 -17.892565, 26.046727 -17.891122, 26.053642 -17.889679, 26.060556 -17.888235, 26.067470 -17.886791, 26.074384 -17.885347, 26.081298 -17.883903, 26.088211 -17.882458, 26.095125 -17.881014, 26.102038 -17.879568, 26.108952 -17.878123, 26.115865 -17.876678, 26.122778 -17.875232, 26.129691 -17.873786, 26.136604 -17.872340, 26.143517 -17.870893, 26.150430 -17.869446, 26.157342 -17.867999, 26.164255 -17.866552, 26.171167 -17.865105, 26.178079 -17.863657, 26.184991 -17.862209, 26.191903 -17.860761, 26.198815 -17.859312, 26.205727 -17.857864, 26.212639 -17.856415, 26.219550 -17.854965, 26.226462 -17.853516, 26.233373 -17.852066, 26.240284 -17.850616, 26.247195 -17.849166, 26.254106 -17.847716, 26.261017 -17.846265, 26.267928 -17.844814, 26.274839 -17.843363, 26.281749 -17.841912, 26.288660 -17.840460, 26.295570 -17.839008, 26.302480 -17.837556, 26.309390 -17.836104, 26.316300 -17.834651, 26.323210 -17.833198, 26.330120 -17.831745, 26.337029 -17.830292, 26.343939 -17.828838, 26.350848 -17.827385, 26.357758 -17.825931, 26.364667 -17.824476, 26.371576 -17.823022, 26.378485 -17.821567, 26.385394 -17.820112, 26.392302 -17.818657, 26.399211 -17.817201, 26.406120 -17.815745, 26.413028 -17.814289, 26.419936 -17.812833, 26.426844 -17.811377, 26.433753 -17.809920, 26.440660 -17.808463, 26.447568 -17.807006, 26.454476 -17.805548, 26.461384 -17.804091, 26.468291 -17.802633, 26.475199 -17.801175, 26.482106 -17.799716, 26.489013 -17.798257, 26.495920 -17.796799, 26.502827 -17.795339, 26.509734 -17.793880, 26.516640 -17.792420, 26.523547 -17.790961, 26.530454 -17.789500, 26.537360 -17.788040, 26.544266 -17.786579, 26.551172 -17.785119, 26.558078 -17.783658, 26.564984 -17.782196, 26.571890 -17.780735, 26.578796 -17.779273, 26.585701 -17.777811, 26.592607 -17.776349, 26.599512 -17.774886, 26.606417 -17.773423, 26.613323 -17.771960, 26.620228 -17.770497, 26.627132 -17.769033, 26.634037 -17.767570, 26.640942 -17.766106, 26.647846 -17.764641, 26.654751 -17.763177, 26.661655 -17.761712, 26.668559 -17.760247, 26.675464 -17.758782, 26.682368 -17.757317, 26.689271 -17.755851, 26.696175 -17.754385, 26.703079 -17.752919, 26.709982 -17.751453, 26.716886 -17.749986, 26.723789 -17.748519, 26.730692 -17.747052, 26.737595 -17.745585, 26.744498 -17.744117, 26.751401 -17.742649, 26.758304 -17.741181, 26.765207 -17.739713, 26.772109 -17.738244, 26.779012 -17.736775, 26.785914 -17.735306, 26.792816 -17.733837, 26.799718 -17.732367, 26.806620 -17.730898, 26.813522 -17.729428, 26.820424 -17.727957, 26.827325 -17.726487, 26.834227 -17.725016, 26.841128 -17.723545, 26.848030 -17.722074, 26.854931 -17.720602, 26.861832 -17.719131, 26.868733 -17.717659, 26.875633 -17.716186, 26.882534 -17.714714, 26.889435 -17.713241, 26.896335 -17.711768, 26.903236 -17.710295, 26.910136 -17.708822, 26.917036 -17.707348, 26.923936 -17.705874, 26.930836 -17.704400, 26.937736 -17.702926, 26.944636 -17.701451, 26.951535 -17.699976, 26.958435 -17.698501, 26.965334 -17.697026, 26.972233 -17.695551, 26.979132 -17.694075, 26.986031 -17.692599, 26.992930 -17.691122, 26.999829 -17.689646, 27.006728 -17.688169, 27.013626 -17.686692, 27.020525 -17.685215, 27.027423 -17.683737, 27.034321 -17.682260, 27.041219 -17.680782, 27.048117 -17.679303, 27.055015 -17.677825, 27.061913 -17.676346, 27.068811 -17.674867, 27.075708 -17.673388, 27.082606 -17.671909, 27.089503 -17.670429, 27.096400 -17.668949, 27.103297 -17.667469, 27.110194 -17.665989, 27.117091 -17.664508, 27.123988 -17.663027, 27.130884 -17.661546, 27.137781 -17.660065, 27.144677 -17.658583, 27.151574 -17.657102, 27.158470 -17.655619, 27.165366 -17.654137, 27.172262 -17.652655, 27.179158 -17.651172, 27.186053 -17.649689, 27.192949 -17.648206, 27.199844 -17.646722, 27.206740 -17.645238, 27.213635 -17.643754, 27.220530 -17.642270, 27.227425 -17.640786, 27.234320 -17.639301, 27.241215 -17.637816, 27.248110 -17.636331, 27.255004 -17.634846, 27.261899 -17.633360, 27.268793 -17.631874, 27.275687 -17.630388, 27.282581 -17.628902, 27.289475 -17.627415, 27.296369 -17.625928, 27.303263 -17.624441, 27.310157 -17.622954, 27.317050 -17.621466, 27.323944 -17.619978, 27.330837 -17.618490, 27.337730 -17.617002, 27.344623 -17.615514, 27.351516 -17.614025, 27.358409 -17.612536, 27.365302 -17.611047, 27.372195 -17.609557, 27.379087 -17.608067, 27.385980 -17.606577, 27.392872 -17.605087, 27.399764 -17.603597, 27.406656 -17.602106, 27.413548 -17.600615, 27.420440 -17.599124, 27.427332 -17.597633, 27.434224 -17.596141, 27.441115 -17.594649, 27.448006 -17.593157, 27.454898 -17.591665, 27.461789 -17.590172, 27.468680 -17.588679, 27.475571 -17.587186, 27.482462 -17.585693, 27.489352 -17.584200, 27.496243 -17.582706, 27.503134 -17.581212, 27.510024 -17.579717, 27.516914 -17.578223, 27.523804 -17.576728, 27.530694 -17.575233, 27.537584 -17.573738, 27.544474 -17.572243, 27.551364 -17.570747, 27.558253 -17.569251, 27.565143 -17.567755, 27.572032 -17.566258, 27.578921 -17.564762, 27.585811 -17.563265, 27.592700 -17.561768, 27.599588 -17.560271, 27.606477 -17.558773, 27.613366 -17.557275, 27.620254 -17.555777, 27.627143 -17.554279, 27.634031 -17.552780, 27.640919 -17.551281, 27.647808 -17.549782, 27.654695 -17.548283, 27.661583 -17.546784, 27.668471 -17.545284, 27.675359 -17.543784, 27.682246 -17.542284, 27.689134 -17.540783, 27.696021 -17.539283, 27.702908 -17.537782, 27.709795 -17.536281, 27.716682 -17.534779, 27.723569 -17.533278, 27.730456 -17.531776, 27.737342 -17.530274, 27.744229 -17.528771, 27.751115 -17.527269, 27.758002 -17.525766, 27.764888 -17.524263, 27.771774 -17.522759, 27.778660 -17.521256, 27.785546 -17.519752, 27.792431 -17.518248, 27.799317 -17.516744, 27.806202 -17.515239, 27.813088 -17.513735, 27.819973 -17.512230, 27.826858 -17.510724, 27.833743 -17.509219, 27.840628 -17.507713, 27.847513 -17.506207, 27.854397 -17.504701, 27.861282 -17.503195, 27.868166 -17.501688, 27.875051 -17.500181, 27.881935 -17.498674, 27.888819 -17.497167, 27.895703 -17.495659, 27.902587 -17.494152, 27.909471 -17.492644, 27.916354 -17.491135, 27.923238 -17.489627, 27.930121 -17.488118, 27.937005 -17.486609, 27.943888 -17.485100, 27.950771 -17.483590, 27.957654 -17.482081, 27.964537 -17.480571, 27.971419 -17.479060, 27.978302 -17.477550, 27.985185 -17.476039, 27.992067 -17.474529, 27.998949 -17.473017, 28.005831 -17.471506, 28.012713 -17.469994, 28.019595 -17.468483, 28.026477 -17.466971, 28.033359 -17.465458, 28.040240 -17.463946, 28.047122 -17.462433, 28.054003 -17.460920, 28.060885 -17.459407, 28.067766 -17.457893, 28.074647 -17.456379, 28.081528 -17.454865, 28.088408 -17.453351, 28.095289 -17.451837, 28.102170 -17.450322, 28.109050 -17.448807, 28.115930 -17.447292, 28.122811 -17.445777, 28.129691 -17.444261, 28.136571 -17.442745, 28.143451 -17.441229, 28.150330 -17.439713, 28.157210 -17.438196, 28.164090 -17.436679, 28.170969 -17.435162, 28.177848 -17.433645, 28.184727 -17.432128, 28.191606 -17.430610, 28.198485 -17.429092, 28.205364 -17.427574, 28.212243 -17.426055, 28.219122 -17.424537, 28.226000 -17.423018, 28.232879 -17.421498, 28.239757 -17.419979, 28.246635 -17.418459, 28.253513 -17.416940, 28.260391 -17.415419, 28.267269 -17.413899, 28.274146 -17.412378, 28.281024 -17.410858, 28.287902 -17.409337, 28.294779 -17.407815, 28.301656 -17.406294, 28.308533 -17.404772, 28.315410 -17.403250, 28.322287 -17.401728, 28.329164 -17.400205, 28.336041 -17.398683, 28.342917 -17.397160, 28.349794 -17.395637, 28.356670 -17.394113, 28.363546 -17.392590, 28.370422 -17.391066, 28.377298 -17.389542, 28.384174 -17.388017, 28.391050 -17.386493, 28.397925 -17.384968, 28.404801 -17.383443, 28.411676 -17.381918, 28.418552 -17.380392, 28.425427 -17.378866, 28.432302 -17.377340, 28.439177 -17.375814, 28.446052 -17.374288, 28.452926 -17.372761, 28.459801 -17.371234, 28.466676 -17.369707, 28.473550 -17.368179, 28.480424 -17.366652, 28.487298 -17.365124, 28.494172 -17.363596, 28.501046 -17.362067, 28.507920 -17.360539, 28.514794 -17.359010, 28.521667 -17.357481, 28.528541 -17.355952, 28.535414 -17.354422, 28.542287 -17.352892, 28.549161 -17.351362, 28.556034 -17.349832, 28.562906 -17.348302, 28.569779 -17.346771, 28.576652 -17.345240, 28.583524 -17.343709, 28.590397 -17.342178, 28.597269 -17.340646, 28.604141 -17.339114, 28.611013 -17.337582, 28.617885 -17.336050, 28.624757 -17.334517, 28.631629 -17.332984, 28.638501 -17.331451, 28.645372 -17.329918, 28.652244 -17.328384, 28.659115 -17.326851, 28.665986 -17.325317, 28.672857 -17.323783, 28.679728 -17.322248, 28.686599 -17.320713, 28.693469 -17.319179, 28.700340 -17.317643, 28.707211 -17.316108, 28.714081 -17.314572, 28.720951 -17.313037, 28.727821 -17.311500, 28.734691 -17.309964, 28.741561 -17.308428, 28.748431 -17.306891, 28.755301 -17.305354, 28.762170 -17.303817, 28.769040 -17.302279, 28.775909 -17.300741, 28.782778 -17.299203, 28.789647 -17.297665, 28.796516 -17.296127, 28.803385 -17.294588, 28.810254 -17.293049, 28.817123 -17.291510, 28.823991 -17.289971, 28.830860 -17.288431, 28.837728 -17.286891, 28.844596 -17.285351, 28.851464 -17.283811, 28.858332 -17.282271, 28.865200 -17.280730, 28.872068 -17.279189, 28.878935 -17.277648, 28.885803 -17.276106, 28.892670 -17.274564, 28.899537 -17.273023, 28.906404 -17.271480, 28.913271 -17.269938, 28.920138 -17.268395, 28.927005 -17.266853, 28.933872 -17.265309, 28.940738 -17.263766, 28.947605 -17.262223, 28.954471 -17.260679, 28.961337 -17.259135, 28.968204 -17.257590, 28.975070 -17.256046, 28.981935 -17.254501, 28.988801 -17.252956, 28.995667 -17.251411, 29.002532 -17.249866, 29.009398 -17.248320, 29.016263 -17.246774, 29.023128 -17.245228, 29.029993 -17.243682, 29.036858 -17.242135, 29.043723 -17.240588, 29.050588 -17.239041, 29.057453 -17.237494, 29.064317 -17.235946, 29.071181 -17.234399, 29.078046 -17.232851, 29.084910 -17.231303, 29.091774 -17.229754, 29.098638 -17.228205, 29.105502 -17.226656, 29.112365 -17.225107, 29.119229 -17.223558, 29.126092 -17.222008, 29.132956 -17.220459, 29.139819 -17.218908, 29.146682 -17.217358, 29.153545 -17.215808, 29.160408 -17.214257, 29.167271 -17.212706, 29.174133 -17.211155, 29.180996 -17.209603, 29.187858 -17.208051, 29.194721 -17.206499, 29.201583 -17.204947, 29.208445 -17.203395, 29.215307 -17.201842, 29.222169 -17.200289, 29.229031 -17.198736, 29.235892 -17.197183, 29.242754 -17.195629, 29.249615 -17.194076, 29.256476 -17.192522, 29.263338 -17.190967, 29.270199 -17.189413, 29.277060 -17.187858, 29.283920 -17.186303, 29.290781 -17.184748, 29.297642 -17.183193, 29.304502 -17.181637, 29.311362 -17.180081, 29.318223 -17.178525, 29.325083 -17.176969, 29.331943 -17.175412, 29.338803 -17.173855, 29.345662 -17.172298, 29.352522 -17.170741, 29.359382 -17.169183, 29.366241 -17.167626, 29.373100 -17.166068, 29.379960 -17.164510, 29.386819 -17.162951, 29.393678 -17.161393, 29.400537 -17.159834, 29.407395 -17.158274, 29.414254 -17.156715, 29.421112 -17.155156, 29.427971 -17.153596, 29.434829 -17.152036, 29.441687 -17.150475, 29.448545 -17.148915, 29.455403 -17.147354, 29.462261 -17.145793, 29.469119 -17.144232, 29.475976 -17.142671, 29.482834 -17.141109, 29.489691 -17.139547, 29.496549 -17.137985, 29.503406 -17.136423, 29.510263 -17.134860, 29.517120 -17.133297, 29.523976 -17.131734, 29.530833 -17.130171, 29.537690 -17.128607, 29.544546 -17.127044, 29.551402 -17.125480, 29.558259 -17.123915, 29.565115 -17.122351, 29.571971 -17.120786, 29.578826 -17.119221, 29.585682 -17.117656, 29.592538 -17.116091, 29.599393 -17.114525, 29.606249 -17.112959, 29.613104 -17.111393, 29.619959 -17.109827, 29.626814 -17.108261, 29.633669 -17.106694, 29.640524 -17.105127, 29.647379 -17.103560, 29.654233 -17.101992, 29.661088 -17.100425, 29.667942 -17.098857, 29.674796 -17.097289, 29.681651 -17.095720, 29.688505 -17.094152, 29.695358 -17.092583, 29.702212 -17.091014, 29.709066 -17.089444, 29.715919 -17.087875, 29.722773 -17.086305, 29.729626 -17.084735, 29.736479 -17.083165, 29.743332 -17.081595, 29.750185 -17.080024, 29.757038 -17.078453, 29.763891 -17.076882, 29.770744 -17.075311, 29.777596 -17.073739, 29.784449 -17.072167, 29.791301 -17.070595, 29.798153 -17.069023, 29.805005 -17.067450, 29.811857 -17.065878, 29.818709 -17.064305, 29.825561 -17.062731, 29.832412 -17.061158, 29.839264 -17.059584, 29.846115 -17.058011, 29.852966 -17.056436, 29.859817 -17.054862, 29.866668 -17.053288, 29.873519 -17.051713, 29.880370 -17.050138, 29.887221 -17.048562, 29.894071 -17.046987, 29.900922 -17.045411, 29.907772 -17.043835, 29.914622 -17.042259, 29.921472 -17.040683, 29.928322 -17.039106, 29.935172 -17.037529, 29.942022 -17.035952, 29.948872 -17.034375, 29.955721 -17.032797, 29.962570 -17.031219, 29.969420 -17.029641, 29.976269 -17.028063, 29.983118 -17.026485, 29.989967 -17.024906, 29.996816 -17.023327, 30.003664 -17.021748, 30.010513 -17.020169, 30.017361 -17.018589, 30.024210 -17.017009, 30.031058 -17.015429, 30.037906 -17.013849, 30.044754 -17.012268, 30.051602 -17.010687, 30.058450 -17.009106, 30.065297 -17.007525, 30.072145 -17.005944, 30.078992 -17.004362, 30.085840 -17.002780, 30.092687 -17.001198, 30.099534 -16.999616, 30.106381 -16.998033, 30.113228 -16.996450, 30.120075 -16.994867, 30.126921 -16.993284, 30.133768 -16.991700, 30.140614 -16.990117, 30.147460 -16.988533, 30.154307 -16.986949, 30.161153 -16.985364, 30.167999 -16.983780, 30.174844 -16.982195, 30.181690 -16.980610, 30.188536 -16.979024, 30.195381 -16.977439, 30.202226 -16.975853, 30.209072 -16.974267, 30.215917 -16.972681, 30.222762 -16.971094, 30.229607 -16.969507, 30.236451 -16.967920, 30.243296 -16.966333, 30.250141 -16.964746, 30.256985 -16.963158, 30.263829 -16.961570, 30.270674 -16.959982, 30.277518 -16.958394, 30.284362 -16.956806, 30.291205 -16.955217, 30.298049 -16.953628, 30.304893 -16.952039, 30.311736 -16.950449, 30.318580 -16.948859, 30.325423 -16.947270, 30.332266 -16.945679, 30.339109 -16.944089, 30.345952 -16.942499, 30.352795 -16.940908, 30.359638 -16.939317, 30.366480 -16.937725, 30.373323 -16.936134, 30.380165 -16.934542, 30.387007 -16.932950, 30.393849 -16.931358, 30.400691 -16.929766, 30.407533 -16.928173, 30.414375 -16.926580, 30.421216 -16.924987, 30.428058 -16.923394, 30.434899 -16.921800, 30.441741 -16.920206, 30.448582 -16.918612, 30.455423 -16.917018, 30.462264 -16.915424, 30.469105 -16.913829, 30.475945 -16.912234, 30.482786 -16.910639, 30.489627 -16.909044, 30.496467 -16.907448, 30.503307 -16.905852, 30.510147 -16.904256, 30.516987 -16.902660, 30.523827 -16.901064, 30.530667 -16.899467, 30.537507 -16.897870, 30.544346 -16.896273, 30.551186 -16.894675, 30.558025 -16.893078, 30.564864 -16.891480, 30.571703 -16.889882, 30.578542 -16.888283, 30.585381 -16.886685, 30.592220 -16.885086, 30.599059 -16.883487, 30.605897 -16.881888, 30.612736 -16.880288, 30.619574 -16.878689, 30.626412 -16.877089, 30.633250 -16.875489, 30.640088 -16.873888, 30.646926 -16.872288, 30.653764 -16.870687, 30.660601 -16.869086, 30.667439 -16.867485, 30.674276 -16.865883, 30.681113 -16.864281, 30.687950 -16.862680, 30.694787 -16.861077, 30.701624 -16.859475, 30.708461 -16.857872, 30.715298 -16.856270, 30.722134 -16.854666, 30.728971 -16.853063, 30.735807 -16.851460, 30.742643 -16.849856, 30.749479 -16.848252, 30.756315 -16.846648, 30.763151 -16.845043, 30.769987 -16.843439, 30.776822 -16.841834, 30.783658 -16.840229, 30.790493 -16.838623, 30.797329 -16.837018, 30.804164 -16.835412, 30.810999 -16.833806, 30.817834 -16.832200, 30.824669 -16.830593, 30.831503 -16.828987, 30.838338 -16.827380, 30.845172 -16.825772, 30.852007 -16.824165, 30.858841 -16.822557, 30.865675 -16.820950, 30.872509 -16.819342, 30.879343 -16.817733, 30.886177 -16.816125, 30.893010 -16.814516, 30.899844 -16.812907, 30.906677 -16.811298, 30.913510 -16.809689, 30.920344 -16.808079, 30.927177 -16.806469, 30.934010 -16.804859, 30.940843 -16.803249, 30.947675 -16.801638, 30.954508 -16.800027, 30.961340 -16.798416, 30.968173 -16.796805, 30.975005 -16.795194, 30.981837 -16.793582, 30.988669 -16.791970, 30.995501 -16.790358, 31.002333 -16.788746, 31.009165 -16.787133, 31.015996 -16.785521, 31.022828 -16.783908, 31.029659 -16.782294, 31.036490 -16.780681, 31.043321 -16.779067, 31.050152 -16.777453, 31.056983 -16.775839, 31.063814 -16.774225, 31.070644 -16.772610, 31.077475 -16.770995, 31.084305 -16.769380, 31.091136 -16.767765, 31.097966 -16.766150, 31.104796 -16.764534, 31.111626 -16.762918, 31.118456 -16.761302, 31.125285 -16.759685, 31.132115 -16.758069, 31.138944 -16.756452, 31.145774 -16.754835, 31.152603 -16.753218, 31.159432 -16.751600, 31.166261 -16.749982, 31.173090 -16.748364, 31.179919 -16.746746, 31.186747 -16.745128, 31.193576 -16.743509, 31.200404 -16.741890, 31.207233 -16.740271, 31.214061 -16.738652, 31.220889 -16.737033, 31.227717 -16.735413, 31.234545 -16.733793, 31.241373 -16.732173, 31.248200 -16.730552, 31.255028 -16.728932, 31.261855 -16.727311, 31.268682 -16.725690, 31.275509 -16.724068, 31.282336 -16.722447, 31.289163 -16.720825, 31.295990 -16.719203, 31.302817 -16.717581, 31.309643 -16.715958, 31.316470 -16.714336, 31.323296 -16.712713, 31.330122 -16.711090, 31.336949 -16.709466, 31.343775 -16.707843, 31.350600 -16.706219, 31.357426 -16.704595, 31.364252 -16.702971, 31.371077 -16.701346, 31.377903 -16.699722, 31.384728 -16.698097, 31.391553 -16.696472, 31.398378 -16.694846, 31.405203 -16.693221, 31.412028 -16.691595, 31.418853 -16.689969, 31.425677 -16.688343, 31.432502 -16.686716, 31.439326 -16.685089, 31.446150 -16.683462, 31.452975 -16.681835, 31.459799 -16.680208, 31.466623 -16.678580, 31.473446 -16.676953, 31.480270 -16.675324, 31.487094 -16.673696, 31.493917 -16.672068, 31.500740 -16.670439, 31.507563 -16.668810, 31.514387 -16.667181, 31.521210 -16.665552, 31.528032 -16.663922, 31.534855 -16.662292, 31.541678 -16.660662, 31.548500 -16.659032, 31.555323 -16.657401, 31.562145 -16.655771, 31.568967 -16.654140, 31.575789 -16.652509, 31.582611 -16.650877, 31.589433 -16.649246, 31.596255 -16.647614, 31.603076 -16.645982, 31.609898 -16.644349, 31.616719 -16.642717, 31.623540 -16.641084, 31.630361 -16.639451, 31.637182 -16.637818, 31.644003 -16.636185, 31.650824 -16.634551, 31.657645 -16.632917, 31.664465 -16.631283, 31.671285 -16.629649, 31.678106 -16.628014, 31.684926 -16.626380, 31.691746 -16.624745, 31.698566 -16.623110, 31.705386 -16.621474, 31.712206 -16.619839, 31.719025 -16.618203, 31.725845 -16.616567, 31.732664 -16.614930, 31.739483 -16.613294, 31.746302 -16.611657, 31.753121 -16.610020, 31.759940 -16.608383, 31.766759 -16.606746, 31.773578 -16.605108, 31.780396 -16.603470, 31.787215 -16.601832, 31.794033 -16.600194, 31.800851 -16.598555, 31.807669 -16.596917, 31.814487 -16.595278, 31.821305 -16.593639, 31.828123 -16.591999, 31.834941 -16.590360, 31.841758 -16.588720, 31.848575 -16.587080, 31.855393 -16.585439, 31.862210 -16.583799, 31.869027 -16.582158, 31.875844 -16.580517, 31.882661 -16.578876, 31.889477 -16.577235, 31.896294 -16.575593, 31.903110 -16.573951, 31.909927 -16.572309, 31.916743 -16.570667, 31.923559 -16.569024, 31.930375 -16.567382, 31.937191 -16.565739, 31.944007 -16.564096, 31.950822 -16.562452, 31.957638 -16.560809, 31.964453 -16.559165, 31.971269 -16.557521, 31.978084 -16.555876, 31.984899 -16.554232, 31.991714 -16.552587, 31.998529 -16.550942, 32.005343 -16.549297, 32.012158 -16.547652, 32.018972 -16.546006, 32.025787 -16.544360, 32.032601 -16.542714, 32.039415 -16.541068, 32.046229 -16.539422, 32.053043 -16.537775, 32.059857 -16.536128, 32.066671 -16.534481, 32.073484 -16.532833, 32.080298 -16.531186, 32.087111 -16.529538, 32.093924 -16.527890, 32.100737 -16.526242, 32.107550 -16.524593, 32.114363 -16.522945, 32.121176 -16.521296, 32.127988 -16.519646, 32.134801 -16.517997, 32.141613 -16.516348, 32.148426 -16.514698, 32.155238 -16.513048, 32.162050 -16.511397, 32.168862 -16.509747, 32.175674 -16.508096, 32.182485 -16.506445, 32.189297 -16.504794, 32.196108 -16.503143, 32.202920 -16.501491, 32.209731 -16.499840, 32.216542 -16.498188, 32.223353 -16.496535, 32.230164 -16.494883, 32.236975 -16.493230, 32.243785 -16.491577, 32.250596 -16.489924, 32.257406 -16.488271, 32.264216 -16.486617, 32.271027 -16.484964, 32.277837 -16.483310, 32.284647 -16.481655, 32.291456 -16.480001, 32.298266 -16.478346, 32.305076 -16.476692, 32.311885 -16.475036, 32.318695 -16.473381, 32.325504 -16.471726, 32.332313 -16.470070, 32.339122 -16.468414, 32.345931 -16.466758, 32.352740 -16.465101, 32.359548 -16.463445, 32.366357 -16.461788, 32.373165 -16.460131, 32.379974 -16.458473, 32.386782 -16.456816, 32.393590 -16.455158, 32.400398 -16.453500, 32.407206 -16.451842, 32.414014 -16.450184, 32.420821 -16.448525, 32.427629 -16.446866, 32.434436 -16.445207, 32.441243 -16.443548, 32.448050 -16.441888, 32.454858 -16.440229, 32.461664 -16.438569, 32.468471 -16.436909, 32.475278 -16.435248, 32.482085 -16.433588, 32.488891 -16.431927, 32.495697 -16.430266, 32.502504 -16.428605, 32.509310 -16.426943, 32.516116 -16.425282, 32.522922 -16.423620, 32.529727 -16.421958, 32.536533 -16.420295, 32.543338 -16.418633, 32.550144 -16.416970, 32.556949 -16.415307, 32.563754 -16.413644, 32.570559 -16.411980, 32.577364 -16.410317, 32.584169 -16.408653, 32.590974 -16.406989, 32.597778 -16.405324, 32.604583 -16.403660, 32.611387 -16.401995, 32.618192 -16.400330, 32.624996 -16.398665, 32.631800 -16.397000, 32.638604 -16.395334, 32.645407 -16.393668, 32.652211 -16.392002, 32.659015 -16.390336, 32.665818 -16.388669, 32.672621 -16.387002, 32.679425 -16.385336, 32.686228 -16.383668, 32.693031 -16.382001, 32.699833 -16.380333, 32.706636 -16.378666, 32.713439 -16.376998, 32.720241 -16.375329, 32.727044 -16.373661, 32.733846 -16.371992, 32.740648 -16.370323, 32.747450 -16.368654, 32.754252 -16.366985, 32.761054 -16.365315, 32.767856 -16.363646, 32.774657 -16.361976, 32.781459 -16.360305, 32.788260 -16.358635, 32.795061 -16.356964, 32.801862 -16.355293, 32.808663 -16.353622, 32.815464 -16.351951, 32.822265 -16.350279, 32.829065 -16.348608, 32.835866 -16.346936, 32.842666 -16.345264, 32.849467 -16.343591, 32.856267 -16.341919, 32.863067 -16.340246, 32.869867 -16.338573, 32.876667 -16.336900, 32.883466 -16.335226, 32.890266 -16.333552, 32.897065 -16.331878, 32.903865 -16.330204, 32.910664 -16.328530, 32.917463 -16.326855, 32.924262 -16.325181, 32.931061 -16.323506, 32.937860 -16.321830, 32.944658 -16.320155, 32.951457 -16.318479, 32.958255 -16.316803, 32.965054 -16.315127, 32.971852 -16.313451, 32.978650 -16.311774, 32.985448 -16.310098, 32.992246 -16.308421, 32.999044 -16.306744, 33.005841 -16.305066, 33.012639 -16.303389, 33.019436 -16.301711, 33.026233 -16.300033, 33.033030 -16.298354, 33.039827 -16.296676, 33.046624 -16.294997, 33.053421 -16.293318, 33.060218 -16.291639, 33.067014 -16.289960, 33.073811 -16.288280, 33.080607 -16.286600, 33.087403 -16.284920, 33.094199 -16.283240, 33.100995 -16.281560, 33.107791 -16.279879, 33.114587 -16.278198, 33.121383 -16.276517, 33.128178 -16.274836, 33.134974 -16.273154, 33.141769 -16.271473, 33.148564 -16.269791, 33.155359 -16.268109, 33.162154 -16.266426, 33.168949 -16.264744, 33.175744 -16.263061, 33.182538 -16.261378, 33.189333 -16.259694, 33.196127 -16.258011, 33.202921 -16.256327, 33.209715 -16.254643, 33.216509 -16.252959, 33.223303 -16.251275, 33.230097 -16.249590, 33.236891 -16.247906, 33.243684 -16.246221, 33.250478 -16.244535, 33.257271 -16.242850, 33.264064 -16.241164, 33.270857 -16.239478, 33.277650 -16.237792, 33.284443 -16.236106, 33.291236 -16.234420, 33.298028 -16.232733, 33.304821 -16.231046, 33.311613 -16.229359, 33.318405 -16.227671, 33.325197 -16.225984, 33.331989 -16.224296, 33.338781 -16.222608, 33.345573 -16.220920, 33.352365 -16.219231, 33.359156 -16.217543, 33.365948 -16.215854, 33.372739 -16.214165, 33.379530 -16.212475, 33.386321 -16.210786, 33.393112 -16.209096, 33.399903 -16.207406, 33.406694 -16.205716, 33.413485 -16.204026, 33.420275 -16.202335, 33.427066 -16.200644, 33.433856 -16.198953, 33.440646 -16.197262, 33.447436 -16.195571, 33.454226 -16.193879, 33.461016 -16.192187, 33.467805 -16.190495, 33.474595 -16.188802, 33.481384 -16.187110, 33.488174 -16.185417, 33.494963 -16.183724, 33.501752 -16.182031, 33.508541 -16.180338, 33.515330 -16.178644, 33.522119 -16.176950, 33.528907 -16.175256, 33.535696 -16.173562, 33.542484 -16.171867, 33.549273 -16.170173, 33.556061 -16.168478, 33.562849 -16.166783, 33.569637 -16.165087, 33.576425 -16.163392, 33.583212 -16.161696, 33.590000 -16.160000), (33.590000 -16.160000, 33.590803 -16.160726, 33.591606 -16.161453, 33.592409 -16.162179, 33.593212 -16.162905, 33.594015 -16.163632, 33.594818 -16.164358, 33.595621 -16.165084, 33.596424 -16.165810, 33.597227 -16.166537, 33.598030 -16.167263, 33.598833 -16.167989, 33.599636 -16.168716, 33.600439 -16.169442, 33.601242 -16.170168, 33.602046 -16.170894, 33.602849 -16.171621, 33.603652 -16.172347, 33.604455 -16.173073, 33.605258 -16.173800, 33.606061 -16.174526, 33.606864 -16.175252, 33.607667 -16.175978, 33.608470 -16.176705, 33.609274 -16.177431, 33.610077 -16.178157, 33.610880 -16.178883, 33.611683 -16.179610, 33.612486 -16.180336, 33.613289 -16.181062, 33.614092 -16.181788, 33.614896 -16.182514, 33.615699 -16.183241, 33.616502 -16.183967, 33.617305 -16.184693, 33.618108 -16.185419, 33.618912 -16.186146, 33.619715 -16.186872, 33.620518 -16.187598, 33.621321 -16.188324, 33.622124 -16.189050, 33.622928 -16.189777, 33.623731 -16.190503, 33.624534 -16.191229, 33.625337 -16.191955, 33.626141 -16.192681, 33.626944 -16.193408, 33.627747 -16.194134, 33.628550 -16.194860, 33.629354 -16.195586, 33.630157 -16.196312, 33.630960 -16.197038, 33.631764 -16.197765, 33.632567 -16.198491, 33.633370 -16.199217, 33.634173 -16.199943, 33.634977 -16.200669, 33.635780 -16.201395, 33.636583 -16.202122, 33.637387 -16.202848, 33.638190 -16.203574, 33.638993 -16.204300, 33.639797 -16.205026, 33.640600 -16.205752, 33.641404 -16.206478, 33.642207 -16.207204, 33.643010 -16.207931, 33.643814 -16.208657, 33.644617 -16.209383, 33.645420 -16.210109, 33.646224 -16.210835, 33.647027 -16.211561, 33.647831 -16.212287, 33.648634 -16.213013, 33.649438 -16.213739, 33.650241 -16.214466, 33.651044 -16.215192, 33.651848 -16.215918, 33.652651 -16.216644, 33.653455 -16.217370, 33.654258 -16.218096, 33.655062 -16.218822, 33.655865 -16.219548, 33.656669 -16.220274, 33.657472 -16.221000, 33.658276 -16.221726, 33.659079 -16.222452, 33.659883 -16.223178, 33.660686 -16.223905, 33.661490 -16.224631, 33.662293 -16.225357, 33.663097 -16.226083, 33.663900 -16.226809, 33.664704 -16.227535, 33.665507 -16.228261, 33.666311 -16.228987, 33.667114 -16.229713, 33.667918 -16.230439, 33.668722 -16.231165, 33.669525 -16.231891, 33.670329 -16.232617, 33.671132 -16.233343, 33.671936 -16.234069, 33.672740 -16.234795, 33.673543 -16.235521, 33.674347 -16.236247, 33.675150 -16.236973, 33.675954 -16.237699, 33.676758 -16.238425, 33.677561 -16.239151, 33.678365 -16.239877, 33.679169 -16.240603, 33.679972 -16.241329, 33.680776 -16.242055, 33.681579 -16.242781, 33.682383 -16.243507, 33.683187 -16.244233, 33.683991 -16.244959, 33.684794 -16.245685, 33.685598 -16.246411, 33.686402 -16.247137, 33.687205 -16.247863, 33.688009 -16.248589, 33.688813 -16.249315, 33.689616 -16.250041, 33.690420 -16.250766, 33.691224 -16.251492, 33.692028 -16.252218, 33.692831 -16.252944, 33.693635 -16.253670, 33.694439 -16.254396, 33.695243 -16.255122, 33.696046 -16.255848, 33.696850 -16.256574, 33.697654 -16.257300, 33.698458 -16.258026, 33.699262 -16.258752, 33.700065 -16.259478, 33.700869 -16.260203, 33.701673 -16.260929, 33.702477 -16.261655, 33.703281 -16.262381, 33.704084 -16.263107, 33.704888 -16.263833, 33.705692 -16.264559, 33.706496 -16.265285, 33.707300 -16.266011, 33.708104 -16.266737, 33.708908 -16.267462, 33.709711 -16.268188, 33.710515 -16.268914, 33.711319 -16.269640, 33.712123 -16.270366, 33.712927 -16.271092, 33.713731 -16.271818, 33.714535 -16.272543, 33.715339 -16.273269, 33.716143 -16.273995, 33.716947 -16.274721, 33.717750 -16.275447, 33.718554 -16.276173, 33.719358 -16.276898, 33.720162 -16.277624, 33.720966 -16.278350, 33.721770 -16.279076, 33.722574 -16.279802, 33.723378 -16.280528, 33.724182 -16.281253, 33.724986 -16.281979, 33.725790 -16.282705, 33.726594 -16.283431, 33.727398 -16.284157, 33.728202 -16.284882, 33.729006 -16.285608, 33.729810 -16.286334, 33.730614 -16.287060, 33.731418 -16.287786, 33.732222 -16.288511, 33.733026 -16.289237, 33.733830 -16.289963, 33.734634 -16.290689, 33.735438 -16.291415, 33.736243 -16.292140, 33.737047 -16.292866, 33.737851 -16.293592, 33.738655 -16.294318, 33.739459 -16.295043, 33.740263 -16.295769, 33.741067 -16.296495, 33.741871 -16.297221, 33.742675 -16.297946, 33.743479 -16.298672, 33.744284 -16.299398, 33.745088 -16.300124, 33.745892 -16.300849, 33.746696 -16.301575, 33.747500 -16.302301, 33.748304 -16.303027, 33.749108 -16.303752, 33.749913 -16.304478, 33.750717 -16.305204, 33.751521 -16.305929, 33.752325 -16.306655, 33.753129 -16.307381, 33.753934 -16.308107, 33.754738 -16.308832, 33.755542 -16.309558, 33.756346 -16.310284, 33.757150 -16.311009, 33.757955 -16.311735, 33.758759 -16.312461, 33.759563 -16.313186, 33.760367 -16.313912, 33.761172 -16.314638, 33.761976 -16.315363, 33.762780 -16.316089, 33.763584 -16.316815, 33.764389 -16.317540, 33.765193 -16.318266, 33.765997 -16.318992, 33.766802 -16.319717, 33.767606 -16.320443, 33.768410 -16.321169, 33.769214 -16.321894, 33.770019 -16.322620, 33.770823 -16.323346, 33.771627 -16.324071, 33.772432 -16.324797, 33.773236 -16.325523, 33.774040 -16.326248, 33.774845 -16.326974, 33.775649 -16.327699, 33.776453 -16.328425, 33.777258 -16.329151, 33.778062 -16.329876, 33.778867 -16.330602, 33.779671 -16.331327, 33.780475 -16.332053, 33.781280 -16.332779, 33.782084 -16.333504, 33.782889 -16.334230, 33.783693 -16.334955, 33.784497 -16.335681, 33.785302 -16.336407, 33.786106 -16.337132, 33.786911 -16.337858, 33.787715 -16.338583, 33.788520 -16.339309, 33.789324 -16.340035, 33.790129 -16.340760, 33.790933 -16.341486, 33.791738 -16.342211, 33.792542 -16.342937, 33.793347 -16.343662, 33.794151 -16.344388, 33.794956 -16.345113, 33.795760 -16.345839, 33.796565 -16.346565, 33.797369 -16.347290, 33.798174 -16.348016, 33.798978 -16.348741, 33.799783 -16.349467, 33.800587 -16.350192, 33.801392 -16.350918, 33.802196 -16.351643, 33.803001 -16.352369, 33.803805 -16.353094, 33.804610 -16.353820, 33.805415 -16.354545, 33.806219 -16.355271, 33.807024 -16.355996, 33.807828 -16.356722, 33.808633 -16.357447, 33.809438 -16.358173, 33.810242 -16.358898, 33.811047 -16.359624, 33.811851 -16.360349, 33.812656 -16.361075, 33.813461 -16.361800, 33.814265 -16.362526, 33.815070 -16.363251, 33.815875 -16.363977, 33.816679 -16.364702, 33.817484 -16.365428, 33.818289 -16.366153, 33.819093 -16.366878, 33.819898 -16.367604, 33.820703 -16.368329, 33.821508 -16.369055, 33.822312 -16.369780, 33.823117 -16.370506, 33.823922 -16.371231, 33.824726 -16.371957, 33.825531 -16.372682, 33.826336 -16.373407, 33.827141 -16.374133, 33.827945 -16.374858, 33.828750 -16.375584, 33.829555 -16.376309, 33.830360 -16.377035, 33.831164 -16.377760, 33.831969 -16.378485, 33.832774 -16.379211, 33.833579 -16.379936, 33.834384 -16.380662, 33.835188 -16.381387, 33.835993 -16.382112, 33.836798 -16.382838, 33.837603 -16.383563, 33.838408 -16.384289, 33.839212 -16.385014, 33.840017 -16.385739, 33.840822 -16.386465, 33.841627 -16.387190, 33.842432 -16.387915, 33.843237 -16.388641, 33.844042 -16.389366, 33.844846 -16.390092, 33.845651 -16.390817, 33.846456 -16.391542, 33.847261 -16.392268, 33.848066 -16.392993, 33.848871 -16.393718, 33.849676 -16.394444, 33.850481 -16.395169, 33.851286 -16.395894, 33.852091 -16.396620, 33.852895 -16.397345, 33.853700 -16.398070, 33.854505 -16.398796, 33.855310 -16.399521, 33.856115 -16.400246, 33.856920 -16.400972, 33.857725 -16.401697, 33.858530 -16.402422, 33.859335 -16.403147, 33.860140 -16.403873, 33.860945 -16.404598, 33.861750 -16.405323, 33.862555 -16.406049, 33.863360 -16.406774, 33.864165 -16.407499, 33.864970 -16.408225, 33.865775 -16.408950, 33.866580 -16.409675, 33.867385 -16.410400, 33.868190 -16.411126, 33.868995 -16.411851, 33.869800 -16.412576, 33.870606 -16.413301, 33.871411 -16.414027, 33.872216 -16.414752, 33.873021 -16.415477, 33.873826 -16.416202, 33.874631 -16.416928, 33.875436 -16.417653, 33.876241 -16.418378, 33.877046 -16.419103, 33.877851 -16.419829, 33.878657 -16.420554, 33.879462 -16.421279, 33.880267 -16.422004, 33.881072 -16.422730, 33.881877 -16.423455, 33.882682 -16.424180, 33.883487 -16.424905, 33.884293 -16.425630, 33.885098 -16.426356, 33.885903 -16.427081, 33.886708 -16.427806, 33.887513 -16.428531, 33.888319 -16.429256, 33.889124 -16.429982, 33.889929 -16.430707, 33.890734 -16.431432, 33.891539 -16.432157, 33.892345 -16.432882, 33.893150 -16.433608, 33.893955 -16.434333, 33.894760 -16.435058, 33.895566 -16.435783, 33.896371 -16.436508, 33.897176 -16.437233, 33.897981 -16.437959, 33.898787 -16.438684, 33.899592 -16.439409, 33.900397 -16.440134, 33.901203 -16.440859, 33.902008 -16.441584, 33.902813 -16.442309, 33.903618 -16.443035, 33.904424 -16.443760, 33.905229 -16.444485, 33.906034 -16.445210, 33.906840 -16.445935, 33.907645 -16.446660, 33.908450 -16.447385, 33.909256 -16.448110, 33.910061 -16.448836, 33.910867 -16.449561, 33.911672 -16.450286, 33.912477 -16.451011, 33.913283 -16.451736, 33.914088 -16.452461, 33.914893 -16.453186, 33.915699 -16.453911, 33.916504 -16.454636, 33.917310 -16.455361, 33.918115 -16.456086, 33.918921 -16.456812, 33.919726 -16.457537, 33.920531 -16.458262, 33.921337 -16.458987, 33.922142 -16.459712, 33.922948 -16.460437, 33.923753 -16.461162, 33.924559 -16.461887, 33.925364 -16.462612, 33.926170 -16.463337, 33.926975 -16.464062, 33.927781 -16.464787, 33.928586 -16.465512, 33.929392 -16.466237, 33.930197 -16.466962, 33.931003 -16.467687, 33.931808 -16.468412, 33.932614 -16.469137, 33.933419 -16.469862, 33.934225 -16.470587, 33.935030 -16.471312, 33.935836 -16.472037, 33.936641 -16.472762, 33.937447 -16.473487, 33.938253 -16.474212, 33.939058 -16.474937, 33.939864 -16.475662, 33.940669 -16.476387, 33.941475 -16.477112, 33.942281 -16.477837, 33.943086 -16.478562, 33.943892 -16.479287, 33.944697 -16.480012, 33.945503 -16.480737, 33.946309 -16.481462, 33.947114 -16.482187, 33.947920 -16.482912, 33.948726 -16.483637, 33.949531 -16.484362, 33.950337 -16.485087, 33.951143 -16.485812, 33.951948 -16.486537, 33.952754 -16.487262, 33.953560 -16.487987, 33.954365 -16.488712, 33.955171 -16.489437, 33.955977 -16.490162, 33.956782 -16.490887, 33.957588 -16.491612, 33.958394 -16.492337, 33.959200 -16.493061, 33.960005 -16.493786, 33.960811 -16.494511, 33.961617 -16.495236, 33.962422 -16.495961, 33.963228 -16.496686, 33.964034 -16.497411, 33.964840 -16.498136, 33.965646 -16.498861, 33.966451 -16.499586, 33.967257 -16.500311, 33.968063 -16.501035, 33.968869 -16.501760, 33.969675 -16.502485, 33.970480 -16.503210, 33.971286 -16.503935, 33.972092 -16.504660, 33.972898 -16.505385, 33.973704 -16.506110, 33.974510 -16.506834, 33.975315 -16.507559, 33.976121 -16.508284, 33.976927 -16.509009, 33.977733 -16.509734, 33.978539 -16.510459, 33.979345 -16.511184, 33.980151 -16.511908, 33.980956 -16.512633, 33.981762 -16.513358, 33.982568 -16.514083, 33.983374 -16.514808, 33.984180 -16.515533, 33.984986 -16.516257, 33.985792 -16.516982, 33.986598 -16.517707, 33.987404 -16.518432, 33.988210 -16.519157, 33.989016 -16.519881, 33.989822 -16.520606, 33.990628 -16.521331, 33.991434 -16.522056, 33.992240 -16.522781, 33.993046 -16.523505, 33.993852 -16.524230, 33.994658 -16.524955, 33.995464 -16.525680, 33.996270 -16.526405, 33.997076 -16.527129, 33.997882 -16.527854, 33.998688 -16.528579, 33.999494 -16.529304, 34.000300 -16.530028, 34.001106 -16.530753, 34.001912 -16.531478, 34.002718 -16.532203, 34.003524 -16.532928, 34.004330 -16.533652, 34.005136 -16.534377, 34.005942 -16.535102, 34.006748 -16.535827, 34.007554 -16.536551, 34.008360 -16.537276, 34.009166 -16.538001, 34.009973 -16.538725, 34.010779 -16.539450, 34.011585 -16.540175, 34.012391 -16.540900, 34.013197 -16.541624, 34.014003 -16.542349, 34.014809 -16.543074, 34.015616 -16.543798, 34.016422 -16.544523, 34.017228 -16.545248, 34.018034 -16.545973, 34.018840 -16.546697, 34.019646 -16.547422, 34.020453 -16.548147, 34.021259 -16.548871, 34.022065 -16.549596, 34.022871 -16.550321, 34.023677 -16.551045, 34.024484 -16.551770, 34.025290 -16.552495, 34.026096 -16.553219, 34.026902 -16.553944, 34.027709 -16.554669, 34.028515 -16.555393, 34.029321 -16.556118, 34.030127 -16.556843, 34.030934 -16.557567, 34.031740 -16.558292, 34.032546 -16.559017, 34.033352 -16.559741, 34.034159 -16.560466, 34.034965 -16.561191, 34.035771 -16.561915, 34.036578 -16.562640, 34.037384 -16.563364, 34.038190 -16.564089, 34.038997 -16.564814, 34.039803 -16.565538, 34.040609 -16.566263, 34.041416 -16.566987, 34.042222 -16.567712, 34.043028 -16.568437, 34.043835 -16.569161, 34.044641 -16.569886, 34.045447 -16.570610, 34.046254 -16.571335, 34.047060 -16.572060, 34.047867 -16.572784, 34.048673 -16.573509, 34.049479 -16.574233, 34.050286 -16.574958, 34.051092 -16.575683, 34.051899 -16.576407, 34.052705 -16.577132, 34.053511 -16.577856, 34.054318 -16.578581, 34.055124 -16.579305, 34.055931 -16.580030, 34.056737 -16.580754, 34.057544 -16.581479, 34.058350 -16.582204, 34.059157 -16.582928, 34.059963 -16.583653, 34.060770 -16.584377, 34.061576 -16.585102, 34.062383 -16.585826, 34.063189 -16.586551, 34.063996 -16.587275, 34.064802 -16.588000, 34.065609 -16.588724, 34.066415 -16.589449, 34.067222 -16.590173, 34.068028 -16.590898, 34.068835 -16.591622, 34.069641 -16.592347, 34.070448 -16.593071, 34.071255 -16.593796, 34.072061 -16.594520, 34.072868 -16.595245, 34.073674 -16.595969, 34.074481 -16.596694, 34.075288 -16.597418, 34.076094 -16.598143, 34.076901 -16.598867, 34.077707 -16.599592, 34.078514 -16.600316, 34.079321 -16.601041, 34.080127 -16.601765, 34.080934 -16.602489, 34.081741 -16.603214, 34.082547 -16.603938, 34.083354 -16.604663, 34.084161 -16.605387, 34.084967 -16.606112, 34.085774 -16.606836, 34.086581 -16.607561, 34.087387 -16.608285, 34.088194 -16.609009, 34.089001 -16.609734, 34.089807 -16.610458, 34.090614 -16.611183, 34.091421 -16.611907, 34.092228 -16.612632, 34.093034 -16.613356, 34.093841 -16.614080, 34.094648 -16.614805, 34.095455 -16.615529, 34.096261 -16.616254, 34.097068 -16.616978, 34.097875 -16.617702, 34.098682 -16.618427, 34.099488 -16.619151, 34.100295 -16.619875, 34.101102 -16.620600, 34.101909 -16.621324, 34.102716 -16.622049, 34.103522 -16.622773, 34.104329 -16.623497, 34.105136 -16.624222, 34.105943 -16.624946, 34.106750 -16.625670, 34.107557 -16.626395, 34.108363 -16.627119, 34.109170 -16.627843, 34.109977 -16.628568, 34.110784 -16.629292, 34.111591 -16.630016, 34.112398 -16.630741, 34.113205 -16.631465, 34.114012 -16.632189, 34.114818 -16.632914, 34.115625 -16.633638, 34.116432 -16.634362, 34.117239 -16.635087, 34.118046 -16.635811, 34.118853 -16.636535, 34.119660 -16.637260, 34.120467 -16.637984, 34.121274 -16.638708, 34.122081 -16.639433, 34.122888 -16.640157, 34.123695 -16.640881, 34.124502 -16.641605, 34.125309 -16.642330, 34.126116 -16.643054, 34.126923 -16.643778, 34.127730 -16.644503, 34.128537 -16.645227, 34.129344 -16.645951, 34.130151 -16.646675, 34.130958 -16.647400, 34.131765 -16.648124, 34.132572 -16.648848, 34.133379 -16.649572, 34.134186 -16.650297, 34.134993 -16.651021, 34.135800 -16.651745, 34.136607 -16.652469, 34.137414 -16.653194, 34.138221 -16.653918, 34.139028 -16.654642, 34.139835 -16.655366, 34.140642 -16.656091, 34.141450 -16.656815, 34.142257 -16.657539, 34.143064 -16.658263, 34.143871 -16.658987, 34.144678 -16.659712, 34.145485 -16.660436, 34.146292 -16.661160, 34.147099 -16.661884, 34.147907 -16.662608, 34.148714 -16.663333, 34.149521 -16.664057, 34.150328 -16.664781, 34.151135 -16.665505, 34.151942 -16.666229, 34.152750 -16.666954, 34.153557 -16.667678, 34.154364 -16.668402, 34.155171 -16.669126, 34.155978 -16.669850, 34.156786 -16.670574, 34.157593 -16.671299, 34.158400 -16.672023, 34.159207 -16.672747, 34.160015 -16.673471, 34.160822 -16.674195, 34.161629 -16.674919, 34.162436 -16.675643, 34.163244 -16.676368, 34.164051 -16.677092, 34.164858 -16.677816, 34.165665 -16.678540, 34.166473 -16.679264, 34.167280 -16.679988, 34.168087 -16.680712, 34.168895 -16.681436, 34.169702 -16.682161, 34.170509 -16.682885, 34.171317 -16.683609, 34.172124 -16.684333, 34.172931 -16.685057, 34.173739 -16.685781, 34.174546 -16.686505, 34.175353 -16.687229, 34.176161 -16.687953, 34.176968 -16.688677, 34.177775 -16.689402, 34.178583 -16.690126, 34.179390 -16.690850, 34.180198 -16.691574, 34.181005 -16.692298, 34.181812 -16.693022, 34.182620 -16.693746, 34.183427 -16.694470, 34.184235 -16.695194, 34.185042 -16.695918, 34.185849 -16.696642, 34.186657 -16.697366, 34.187464 -16.698090, 34.188272 -16.698814, 34.189079 -16.699538, 34.189887 -16.700262, 34.190694 -16.700986, 34.191502 -16.701710, 34.192309 -16.702434, 34.193117 -16.703159, 34.193924 -16.703883, 34.194732 -16.704607, 34.195539 -16.705331, 34.196347 -16.706055, 34.197154 -16.706779, 34.197962 -16.707503, 34.198769 -16.708227, 34.199577 -16.708951, 34.200384 -16.709675, 34.201192 -16.710399, 34.201999 -16.711123, 34.202807 -16.711847, 34.203615 -16.712571, 34.204422 -16.713294, 34.205230 -16.714018, 34.206037 -16.714742, 34.206845 -16.715466, 34.207653 -16.716190, 34.208460 -16.716914, 34.209268 -16.717638, 34.210075 -16.718362, 34.210883 -16.719086, 34.211691 -16.719810, 34.212498 -16.720534, 34.213306 -16.721258, 34.214114 -16.721982, 34.214921 -16.722706, 34.215729 -16.723430, 34.216537 -16.724154, 34.217344 -16.724878, 34.218152 -16.725602, 34.218960 -16.726326, 34.219767 -16.727049, 34.220575 -16.727773, 34.221383 -16.728497, 34.222190 -16.729221, 34.222998 -16.729945, 34.223806 -16.730669, 34.224614 -16.731393, 34.225421 -16.732117, 34.226229 -16.732841, 34.227037 -16.733565, 34.227845 -16.734289, 34.228652 -16.735012, 34.229460 -16.735736, 34.230268 -16.736460, 34.231076 -16.737184, 34.231883 -16.737908, 34.232691 -16.738632, 34.233499 -16.739356, 34.234307 -16.740079, 34.235115 -16.740803, 34.235922 -16.741527, 34.236730 -16.742251, 34.237538 -16.742975, 34.238346 -16.743699, 34.239154 -16.744423, 34.239962 -16.745146, 34.240769 -16.745870, 34.241577 -16.746594, 34.242385 -16.747318, 34.243193 -16.748042, 34.244001 -16.748766, 34.244809 -16.749489, 34.245617 -16.750213, 34.246425 -16.750937, 34.247233 -16.751661, 34.248040 -16.752385, 34.248848 -16.753108, 34.249656 -16.753832, 34.250464 -16.754556, 34.251272 -16.755280, 34.252080 -16.756004, 34.252888 -16.756727, 34.253696 -16.757451, 34.254504 -16.758175, 34.255312 -16.758899, 34.256120 -16.759623, 34.256928 -16.760346, 34.257736 -16.761070, 34.258544 -16.761794, 34.259352 -16.762518, 34.260160 -16.763241, 34.260968 -16.763965, 34.261776 -16.764689, 34.262584 -16.765413, 34.263392 -16.766136, 34.264200 -16.766860, 34.265008 -16.767584, 34.265816 -16.768308, 34.266624 -16.769031, 34.267432 -16.769755, 34.268240 -16.770479, 34.269048 -16.771203, 34.269856 -16.771926, 34.270664 -16.772650, 34.271472 -16.773374, 34.272281 -16.774097, 34.273089 -16.774821, 34.273897 -16.775545, 34.274705 -16.776269, 34.275513 -16.776992, 34.276321 -16.777716, 34.277129 -16.778440, 34.277937 -16.779163, 34.278746 -16.779887, 34.279554 -16.780611, 34.280362 -16.781334, 34.281170 -16.782058, 34.281978 -16.782782, 34.282786 -16.783505, 34.283594 -16.784229, 34.284403 -16.784953, 34.285211 -16.785676, 34.286019 -16.786400, 34.286827 -16.787124, 34.287635 -16.787847, 34.288444 -16.788571, 34.289252 -16.789295, 34.290060 -16.790018, 34.290868 -16.790742, 34.291677 -16.791466, 34.292485 -16.792189, 34.293293 -16.792913, 34.294101 -16.793637, 34.294910 -16.794360, 34.295718 -16.795084, 34.296526 -16.795807, 34.297334 -16.796531, 34.298143 -16.797255, 34.298951 -16.797978, 34.299759 -16.798702, 34.300568 -16.799425, 34.301376 -16.800149, 34.302184 -16.800873, 34.302993 -16.801596, 34.303801 -16.802320, 34.304609 -16.803043, 34.305418 -16.803767, 34.306226 -16.804491, 34.307034 -16.805214, 34.307843 -16.805938, 34.308651 -16.806661, 34.309459 -16.807385, 34.310268 -16.808108, 34.311076 -16.808832, 34.311885 -16.809556, 34.312693 -16.810279, 34.313501 -16.811003, 34.314310 -16.811726, 34.315118 -16.812450, 34.315927 -16.813173, 34.316735 -16.813897, 34.317544 -16.814620, 34.318352 -16.815344, 34.319160 -16.816068, 34.319969 -16.816791, 34.320777 -16.817515, 34.321586 -16.818238, 34.322394 -16.818962, 34.323203 -16.819685, 34.324011 -16.820409, 34.324820 -16.821132, 34.325628 -16.821856, 34.326437 -16.822579, 34.327245 -16.823303, 34.328054 -16.824026, 34.328862 -16.824750, 34.329671 -16.825473, 34.330479 -16.826197, 34.331288 -16.826920, 34.332097 -16.827644, 34.332905 -16.828367, 34.333714 -16.829091, 34.334522 -16.829814, 34.335331 -16.830537, 34.336139 -16.831261, 34.336948 -16.831984, 34.337757 -16.832708, 34.338565 -16.833431, 34.339374 -16.834155, 34.340182 -16.834878, 34.340991 -16.835602, 34.341800 -16.836325, 34.342608 -16.837049, 34.343417 -16.837772, 34.344225 -16.838495, 34.345034 -16.839219, 34.345843 -16.839942, 34.346651 -16.840666, 34.347460 -16.841389, 34.348269 -16.842113, 34.349077 -16.842836, 34.349886 -16.843559, 34.350695 -16.844283, 34.351504 -16.845006, 34.352312 -16.845730, 34.353121 -16.846453, 34.353930 -16.847176, 34.354738 -16.847900, 34.355547 -16.848623, 34.356356 -16.849347, 34.357165 -16.850070, 34.357973 -16.850793, 34.358782 -16.851517, 34.359591 -16.852240, 34.360400 -16.852963, 34.361208 -16.853687, 34.362017 -16.854410, 34.362826 -16.855134, 34.363635 -16.855857, 34.364444 -16.856580, 34.365252 -16.857304, 34.366061 -16.858027, 34.366870 -16.858750, 34.367679 -16.859474, 34.368488 -16.860197, 34.369296 -16.860920, 34.370105 -16.861644, 34.370914 -16.862367, 34.371723 -16.863090, 34.372532 -16.863814, 34.373341 -16.864537, 34.374150 -16.865260, 34.374958 -16.865984, 34.375767 -16.866707, 34.376576 -16.867430, 34.377385 -16.868153, 34.378194 -16.868877, 34.379003 -16.869600, 34.379812 -16.870323, 34.380621 -16.871047, 34.381430 -16.871770, 34.382239 -16.872493, 34.383048 -16.873216, 34.383857 -16.873940, 34.384665 -16.874663, 34.385474 -16.875386, 34.386283 -16.876110, 34.387092 -16.876833, 34.387901 -16.877556, 34.388710 -16.878279, 34.389519 -16.879003, 34.390328 -16.879726, 34.391137 -16.880449, 34.391946 -16.881172, 34.392755 -16.881896, 34.393564 -16.882619, 34.394373 -16.883342, 34.395182 -16.884065, 34.395991 -16.884789, 34.396800 -16.885512, 34.397610 -16.886235, 34.398419 -16.886958, 34.399228 -16.887681, 34.400037 -16.888405, 34.400846 -16.889128, 34.401655 -16.889851, 34.402464 -16.890574, 34.403273 -16.891297, 34.404082 -16.892021, 34.404891 -16.892744, 34.405700 -16.893467, 34.406509 -16.894190, 34.407319 -16.894913, 34.408128 -16.895637, 34.408937 -16.896360, 34.409746 -16.897083, 34.410555 -16.897806, 34.411364 -16.898529, 34.412173 -16.899252, 34.412983 -16.899976, 34.413792 -16.900699, 34.414601 -16.901422, 34.415410 -16.902145, 34.416219 -16.902868, 34.417029 -16.903591, 34.417838 -16.904315, 34.418647 -16.905038, 34.419456 -16.905761, 34.420265 -16.906484, 34.421075 -16.907207, 34.421884 -16.907930, 34.422693 -16.908653, 34.423502 -16.909377, 34.424312 -16.910100, 34.425121 -16.910823, 34.425930 -16.911546, 34.426739 -16.912269, 34.427549 -16.912992, 34.428358 -16.913715, 34.429167 -16.914438, 34.429977 -16.915161, 34.430786 -16.915884, 34.431595 -16.916608, 34.432405 -16.917331, 34.433214 -16.918054, 34.434023 -16.918777, 34.434833 -16.919500, 34.435642 -16.920223, 34.436451 -16.920946, 34.437261 -16.921669, 34.438070 -16.922392, 34.438879 -16.923115, 34.439689 -16.923838, 34.440498 -16.924561, 34.441307 -16.925284, 34.442117 -16.926007, 34.442926 -16.926730, 34.443736 -16.927454, 34.444545 -16.928177, 34.445354 -16.928900, 34.446164 -16.929623, 34.446973 -16.930346, 34.447783 -16.931069, 34.448592 -16.931792, 34.449402 -16.932515, 34.450211 -16.933238, 34.451021 -16.933961, 34.451830 -16.934684, 34.452640 -16.935407, 34.453449 -16.936130, 34.454258 -16.936853, 34.455068 -16.937576, 34.455877 -16.938299, 34.456687 -16.939022, 34.457496 -16.939745, 34.458306 -16.940468, 34.459116 -16.941191, 34.459925 -16.941914, 34.460735 -16.942637, 34.461544 -16.943360, 34.462354 -16.944083, 34.463163 -16.944806, 34.463973 -16.945529, 34.464782 -16.946252, 34.465592 -16.946974, 34.466402 -16.947697, 34.467211 -16.948420, 34.468021 -16.949143, 34.468830 -16.949866, 34.469640 -16.950589, 34.470449 -16.951312, 34.471259 -16.952035, 34.472069 -16.952758, 34.472878 -16.953481, 34.473688 -16.954204, 34.474498 -16.954927, 34.475307 -16.955650, 34.476117 -16.956373, 34.476927 -16.957096, 34.477736 -16.957818, 34.478546 -16.958541, 34.479356 -16.959264, 34.480165 -16.959987, 34.480975 -16.960710, 34.481785 -16.961433, 34.482594 -16.962156, 34.483404 -16.962879, 34.484214 -16.963602, 34.485024 -16.964324, 34.485833 -16.965047, 34.486643 -16.965770, 34.487453 -16.966493, 34.488262 -16.967216, 34.489072 -16.967939, 34.489882 -16.968662, 34.490692 -16.969385, 34.491502 -16.970107, 34.492311 -16.970830, 34.493121 -16.971553, 34.493931 -16.972276, 34.494741 -16.972999, 34.495550 -16.973722, 34.496360 -16.974444, 34.497170 -16.975167, 34.497980 -16.975890, 34.498790 -16.976613, 34.499600 -16.977336, 34.500409 -16.978059, 34.501219 -16.978781, 34.502029 -16.979504, 34.502839 -16.980227, 34.503649 -16.980950, 34.504459 -16.981673, 34.505269 -16.982395, 34.506078 -16.983118, 34.506888 -16.983841, 34.507698 -16.984564, 34.508508 -16.985287, 34.509318 -16.986009, 34.510128 -16.986732, 34.510938 -16.987455, 34.511748 -16.988178, 34.512558 -16.988901, 34.513368 -16.989623, 34.514178 -16.990346, 34.514988 -16.991069, 34.515798 -16.991792, 34.516608 -16.992514, 34.517418 -16.993237, 34.518227 -16.993960, 34.519037 -16.994683, 34.519847 -16.995405, 34.520657 -16.996128, 34.521467 -16.996851, 34.522277 -16.997574, 34.523087 -16.998296, 34.523897 -16.999019, 34.524708 -16.999742, 34.525518 -17.000464, 34.526328 -17.001187, 34.527138 -17.001910, 34.527948 -17.002633, 34.528758 -17.003355, 34.529568 -17.004078, 34.530378 -17.004801, 34.531188 -17.005523, 34.531998 -17.006246, 34.532808 -17.006969, 34.533618 -17.007691, 34.534428 -17.008414, 34.535238 -17.009137, 34.536049 -17.009860, 34.536859 -17.010582, 34.537669 -17.011305, 34.538479 -17.012028, 34.539289 -17.012750, 34.540099 -17.013473, 34.540909 -17.014196, 34.541720 -17.014918, 34.542530 -17.015641, 34.543340 -17.016363, 34.544150 -17.017086, 34.544960 -17.017809, 34.545770 -17.018531, 34.546581 -17.019254, 34.547391 -17.019977, 34.548201 -17.020699, 34.549011 -17.021422, 34.549821 -17.022145, 34.550632 -17.022867, 34.551442 -17.023590, 34.552252 -17.024312, 34.553062 -17.025035, 34.553873 -17.025758, 34.554683 -17.026480, 34.555493 -17.027203, 34.556303 -17.027925, 34.557114 -17.028648, 34.557924 -17.029371, 34.558734 -17.030093, 34.559545 -17.030816, 34.560355 -17.031538, 34.561165 -17.032261, 34.561976 -17.032984, 34.562786 -17.033706, 34.563596 -17.034429, 34.564407 -17.035151, 34.565217 -17.035874, 34.566027 -17.036596, 34.566838 -17.037319, 34.567648 -17.038041, 34.568458 -17.038764, 34.569269 -17.039487, 34.570079 -17.040209, 34.570889 -17.040932, 34.571700 -17.041654, 34.572510 -17.042377, 34.573321 -17.043099, 34.574131 -17.043822, 34.574941 -17.044544, 34.575752 -17.045267, 34.576562 -17.045989, 34.577373 -17.046712, 34.578183 -17.047434, 34.578994 -17.048157, 34.579804 -17.048879, 34.580615 -17.049602, 34.581425 -17.050324, 34.582235 -17.051047, 34.583046 -17.051769, 34.583856 -17.052492, 34.584667 -17.053214, 34.585477 -17.053937, 34.586288 -17.054659, 34.587098 -17.055382, 34.587909 -17.056104, 34.588719 -17.056827, 34.589530 -17.057549, 34.590341 -17.058272, 34.591151 -17.058994, 34.591962 -17.059717, 34.592772 -17.060439, 34.593583 -17.061161, 34.594393 -17.061884, 34.595204 -17.062606, 34.596014 -17.063329, 34.596825 -17.064051, 34.597636 -17.064774, 34.598446 -17.065496, 34.599257 -17.066219, 34.600067 -17.066941, 34.600878 -17.067663, 34.601689 -17.068386, 34.602499 -17.069108, 34.603310 -17.069831, 34.604121 -17.070553, 34.604931 -17.071275, 34.605742 -17.071998, 34.606553 -17.072720, 34.607363 -17.073443, 34.608174 -17.074165, 34.608985 -17.074887, 34.609795 -17.075610, 34.610606 -17.076332, 34.611417 -17.077055, 34.612227 -17.077777, 34.613038 -17.078499, 34.613849 -17.079222, 34.614659 -17.079944, 34.615470 -17.080666, 34.616281 -17.081389, 34.617092 -17.082111, 34.617902 -17.082834, 34.618713 -17.083556, 34.619524 -17.084278, 34.620335 -17.085001, 34.621145 -17.085723, 34.621956 -17.086445, 34.622767 -17.087168, 34.623578 -17.087890, 34.624389 -17.088612, 34.625199 -17.089335, 34.626010 -17.090057, 34.626821 -17.090779, 34.627632 -17.091502, 34.628443 -17.092224, 34.629254 -17.092946, 34.630064 -17.093668, 34.630875 -17.094391, 34.631686 -17.095113, 34.632497 -17.095835, 34.633308 -17.096558, 34.634119 -17.097280, 34.634930 -17.098002, 34.635740 -17.098725, 34.636551 -17.099447, 34.637362 -17.100169, 34.638173 -17.100891, 34.638984 -17.101614, 34.639795 -17.102336, 34.640606 -17.103058, 34.641417 -17.103780, 34.642228 -17.104503, 34.643039 -17.105225, 34.643850 -17.105947, 34.644661 -17.106669, 34.645472 -17.107392, 34.646283 -17.108114, 34.647094 -17.108836, 34.647905 -17.109558, 34.648716 -17.110281, 34.649527 -17.111003, 34.650338 -17.111725, 34.651149 -17.112447, 34.651960 -17.113169, 34.652771 -17.113892, 34.653582 -17.114614, 34.654393 -17.115336, 34.655204 -17.116058, 34.656015 -17.116781, 34.656826 -17.117503, 34.657637 -17.118225, 34.658448 -17.118947, 34.659259 -17.119669, 34.660070 -17.120392, 34.660881 -17.121114, 34.661692 -17.121836, 34.662503 -17.122558, 34.663314 -17.123280, 34.664125 -17.124002, 34.664937 -17.124725, 34.665748 -17.125447, 34.666559 -17.126169, 34.667370 -17.126891, 34.668181 -17.127613, 34.668992 -17.128335, 34.669803 -17.129057, 34.670615 -17.129780, 34.671426 -17.130502, 34.672237 -17.131224, 34.673048 -17.131946, 34.673859 -17.132668, 34.674670 -17.133390, 34.675482 -17.134112, 34.676293 -17.134835, 34.677104 -17.135557, 34.677915 -17.136279, 34.678726 -17.137001, 34.679538 -17.137723, 34.680349 -17.138445, 34.681160 -17.139167, 34.681971 -17.139889, 34.682783 -17.140611, 34.683594 -17.141334, 34.684405 -17.142056, 34.685216 -17.142778, 34.686028 -17.143500, 34.686839 -17.144222, 34.687650 -17.144944, 34.688462 -17.145666, 34.689273 -17.146388, 34.690084 -17.147110, 34.690896 -17.147832, 34.691707 -17.148554, 34.692518 -17.149276, 34.693329 -17.149998, 34.694141 -17.150720, 34.694952 -17.151442, 34.695764 -17.152165, 34.696575 -17.152887, 34.697386 -17.153609, 34.698198 -17.154331, 34.699009 -17.155053, 34.699820 -17.155775, 34.700632 -17.156497, 34.701443 -17.157219, 34.702255 -17.157941, 34.703066 -17.158663, 34.703877 -17.159385, 34.704689 -17.160107, 34.705500 -17.160829, 34.706312 -17.161551, 34.707123 -17.162273, 34.707935 -17.162995, 34.708746 -17.163717, 34.709557 -17.164439, 34.710369 -17.165161, 34.711180 -17.165883, 34.711992 -17.166605, 34.712803 -17.167327, 34.713615 -17.168049, 34.714426 -17.168771, 34.715238 -17.169493, 34.716049 -17.170215, 34.716861 -17.170937, 34.717672 -17.171658, 34.718484 -17.172380, 34.719295 -17.173102, 34.720107 -17.173824, 34.720919 -17.174546, 34.721730 -17.175268, 34.722542 -17.175990, 34.723353 -17.176712, 34.724165 -17.177434, 34.724976 -17.178156, 34.725788 -17.178878, 34.726600 -17.179600, 34.727411 -17.180322, 34.728223 -17.181044, 34.729034 -17.181766, 34.729846 -17.182487, 34.730658 -17.183209, 34.731469 -17.183931, 34.732281 -17.184653, 34.733093 -17.185375, 34.733904 -17.186097, 34.734716 -17.186819, 34.735528 -17.187541, 34.736339 -17.188263, 34.737151 -17.188984, 34.737963 -17.189706, 34.738774 -17.190428, 34.739586 -17.191150, 34.740398 -17.191872, 34.741209 -17.192594, 34.742021 -17.193316, 34.742833 -17.194038, 34.743645 -17.194759, 34.744456 -17.195481, 34.745268 -17.196203, 34.746080 -17.196925, 34.746891 -17.197647, 34.747703 -17.198369, 34.748515 -17.199090, 34.749327 -17.199812, 34.750139 -17.200534, 34.750950 -17.201256, 34.751762 -17.201978, 34.752574 -17.202700, 34.753386 -17.203421, 34.754198 -17.204143, 34.755009 -17.204865, 34.755821 -17.205587, 34.756633 -17.206309, 34.757445 -17.207030, 34.758257 -17.207752, 34.759068 -17.208474, 34.759880 -17.209196, 34.760692 -17.209918, 34.761504 -17.210639, 34.762316 -17.211361, 34.763128 -17.212083, 34.763940 -17.212805, 34.764752 -17.213526, 34.765563 -17.214248, 34.766375 -17.214970, 34.767187 -17.215692, 34.767999 -17.216413, 34.768811 -17.217135, 34.769623 -17.217857, 34.770435 -17.218579, 34.771247 -17.219300, 34.772059 -17.220022, 34.772871 -17.220744, 34.773683 -17.221466, 34.774495 -17.222187, 34.775307 -17.222909, 34.776119 -17.223631, 34.776931 -17.224353, 34.777743 -17.225074, 34.778555 -17.225796, 34.779367 -17.226518, 34.780179 -17.227239, 34.780991 -17.227961, 34.781803 -17.228683, 34.782615 -17.229405, 34.783427 -17.230126, 34.784239 -17.230848, 34.785051 -17.231570, 34.785863 -17.232291, 34.786675 -17.233013, 34.787487 -17.233735, 34.788299 -17.234456, 34.789111 -17.235178, 34.789923 -17.235900, 34.790735 -17.236621, 34.791548 -17.237343, 34.792360 -17.238065, 34.793172 -17.238786, 34.793984 -17.239508, 34.794796 -17.240230, 34.795608 -17.240951, 34.796420 -17.241673, 34.797232 -17.242394, 34.798045 -17.243116, 34.798857 -17.243838, 34.799669 -17.244559, 34.800481 -17.245281, 34.801293 -17.246003, 34.802105 -17.246724, 34.802918 -17.247446, 34.803730 -17.248167, 34.804542 -17.248889, 34.805354 -17.249611, 34.806166 -17.250332, 34.806979 -17.251054, 34.807791 -17.251775, 34.808603 -17.252497, 34.809415 -17.253219, 34.810228 -17.253940, 34.811040 -17.254662, 34.811852 -17.255383, 34.812664 -17.256105, 34.813477 -17.256827, 34.814289 -17.257548, 34.815101 -17.258270, 34.815913 -17.258991, 34.816726 -17.259713, 34.817538 -17.260434, 34.818350 -17.261156, 34.819163 -17.261877, 34.819975 -17.262599, 34.820787 -17.263321, 34.821600 -17.264042, 34.822412 -17.264764, 34.823224 -17.265485, 34.824037 -17.266207, 34.824849 -17.266928, 34.825661 -17.267650, 34.826474 -17.268371, 34.827286 -17.269093, 34.828099 -17.269814, 34.828911 -17.270536, 34.829723 -17.271257, 34.830536 -17.271979, 34.831348 -17.272700, 34.832161 -17.273422, 34.832973 -17.274143, 34.833785 -17.274865, 34.834598 -17.275586, 34.835410 -17.276308, 34.836223 -17.277029, 34.837035 -17.277751, 34.837848 -17.278472, 34.838660 -17.279194, 34.839473 -17.279915, 34.840285 -17.280637, 34.841098 -17.281358, 34.841910 -17.282080, 34.842723 -17.282801, 34.843535 -17.283522, 34.844348 -17.284244, 34.845160 -17.284965, 34.845973 -17.285687, 34.846785 -17.286408, 34.847598 -17.287130, 34.848410 -17.287851, 34.849223 -17.288573, 34.850035 -17.289294, 34.850848 -17.290015, 34.851660 -17.290737, 34.852473 -17.291458, 34.853286 -17.292180, 34.854098 -17.292901, 34.854911 -17.293622, 34.855723 -17.294344, 34.856536 -17.295065, 34.857349 -17.295787, 34.858161 -17.296508, 34.858974 -17.297229, 34.859787 -17.297951, 34.860599 -17.298672, 34.861412 -17.299394, 34.862224 -17.300115, 34.863037 -17.300836, 34.863850 -17.301558, 34.864662 -17.302279, 34.865475 -17.303000, 34.866288 -17.303722, 34.867101 -17.304443, 34.867913 -17.305165, 34.868726 -17.305886, 34.869539 -17.306607, 34.870351 -17.307329, 34.871164 -17.308050, 34.871977 -17.308771, 34.872790 -17.309493, 34.873602 -17.310214, 34.874415 -17.310935, 34.875228 -17.311657, 34.876041 -17.312378, 34.876853 -17.313099, 34.877666 -17.313821, 34.878479 -17.314542, 34.879292 -17.315263, 34.880104 -17.315984, 34.880917 -17.316706, 34.881730 -17.317427, 34.882543 -17.318148, 34.883356 -17.318870, 34.884169 -17.319591, 34.884981 -17.320312, 34.885794 -17.321033, 34.886607 -17.321755, 34.887420 -17.322476, 34.888233 -17.323197, 34.889046 -17.323919, 34.889858 -17.324640, 34.890671 -17.325361, 34.891484 -17.326082, 34.892297 -17.326804, 34.893110 -17.327525, 34.893923 -17.328246, 34.894736 -17.328967, 34.895549 -17.329689, 34.896362 -17.330410, 34.897175 -17.331131, 34.897987 -17.331852, 34.898800 -17.332574, 34.899613 -17.333295, 34.900426 -17.334016, 34.901239 -17.334737, 34.902052 -17.335458, 34.902865 -17.336180, 34.903678 -17.336901, 34.904491 -17.337622, 34.905304 -17.338343, 34.906117 -17.339064, 34.906930 -17.339786, 34.907743 -17.340507, 34.908556 -17.341228, 34.909369 -17.341949, 34.910182 -17.342670, 34.910995 -17.343392, 34.911808 -17.344113, 34.912621 -17.344834, 34.913434 -17.345555, 34.914248 -17.346276, 34.915061 -17.346997, 34.915874 -17.347719, 34.916687 -17.348440, 34.917500 -17.349161, 34.918313 -17.349882, 34.919126 -17.350603, 34.919939 -17.351324, 34.920752 -17.352046, 34.921565 -17.352767, 34.922378 -17.353488, 34.923192 -17.354209, 34.924005 -17.354930, 34.924818 -17.355651, 34.925631 -17.356372, 34.926444 -17.357093, 34.927257 -17.357815, 34.928071 -17.358536, 34.928884 -17.359257, 34.929697 -17.359978, 34.930510 -17.360699, 34.931323 -17.361420, 34.932136 -17.362141, 34.932950 -17.362862, 34.933763 -17.363583, 34.934576 -17.364304, 34.935389 -17.365025, 34.936203 -17.365747, 34.937016 -17.366468, 34.937829 -17.367189, 34.938642 -17.367910, 34.939456 -17.368631, 34.940269 -17.369352, 34.941082 -17.370073, 34.941895 -17.370794, 34.942709 -17.371515, 34.943522 -17.372236, 34.944335 -17.372957, 34.945149 -17.373678, 34.945962 -17.374399, 34.946775 -17.375120, 34.947589 -17.375841, 34.948402 -17.376562, 34.949215 -17.377283, 34.950029 -17.378004, 34.950842 -17.378725, 34.951655 -17.379446, 34.952469 -17.380167, 34.953282 -17.380888, 34.954095 -17.381609, 34.954909 -17.382330, 34.955722 -17.383051, 34.956536 -17.383772, 34.957349 -17.384493, 34.958162 -17.385214, 34.958976 -17.385935, 34.959789 -17.386656, 34.960603 -17.387377, 34.961416 -17.388098, 34.962229 -17.388819, 34.963043 -17.389540, 34.963856 -17.390261, 34.964670 -17.390982, 34.965483 -17.391703, 34.966297 -17.392424, 34.967110 -17.393145, 34.967924 -17.393866, 34.968737 -17.394587, 34.969551 -17.395308, 34.970364 -17.396029, 34.971178 -17.396750, 34.971991 -17.397471, 34.972805 -17.398192, 34.973618 -17.398913, 34.974432 -17.399634, 34.975245 -17.400354, 34.976059 -17.401075, 34.976872 -17.401796, 34.977686 -17.402517, 34.978500 -17.403238, 34.979313 -17.403959, 34.980127 -17.404680, 34.980940 -17.405401, 34.981754 -17.406122, 34.982567 -17.406843, 34.983381 -17.407563, 34.984195 -17.408284, 34.985008 -17.409005, 34.985822 -17.409726, 34.986636 -17.410447, 34.987449 -17.411168, 34.988263 -17.411889, 34.989077 -17.412610, 34.989890 -17.413330, 34.990704 -17.414051, 34.991518 -17.414772, 34.992331 -17.415493, 34.993145 -17.416214, 34.993959 -17.416935, 34.994772 -17.417656, 34.995586 -17.418376, 34.996400 -17.419097, 34.997213 -17.419818, 34.998027 -17.420539, 34.998841 -17.421260, 34.999655 -17.421981, 35.000468 -17.422701, 35.001282 -17.423422, 35.002096 -17.424143, 35.002910 -17.424864, 35.003723 -17.425585, 35.004537 -17.426305, 35.005351 -17.427026, 35.006165 -17.427747, 35.006978 -17.428468, 35.007792 -17.429189, 35.008606 -17.429909, 35.009420 -17.430630, 35.010234 -17.431351, 35.011048 -17.432072, 35.011861 -17.432792, 35.012675 -17.433513, 35.013489 -17.434234, 35.014303 -17.434955, 35.015117 -17.435676, 35.015931 -17.436396, 35.016744 -17.437117, 35.017558 -17.437838, 35.018372 -17.438559, 35.019186 -17.439279, 35.020000 -17.440000, 35.021077 -17.440259, 35.022154 -17.440518, 35.023231 -17.440777, 35.024308 -17.441036, 35.025385 -17.441295, 35.026462 -17.441555, 35.027539 -17.441814, 35.028616 -17.442073, 35.029693 -17.442332, 35.030770 -17.442591, 35.031848 -17.442850, 35.032925 -17.443109, 35.034002 -17.443368, 35.035079 -17.443627, 35.036156 -17.443886, 35.037233 -17.444145, 35.038310 -17.444404, 35.039387 -17.444663, 35.040464 -17.444922, 35.041541 -17.445181, 35.042618 -17.445440, 35.043695 -17.445699, 35.044773 -17.445958, 35.045850 -17.446217, 35.046927 -17.446476, 35.048004 -17.446735, 35.049081 -17.446994, 35.050158 -17.447253, 35.051235 -17.447512, 35.052312 -17.447771, 35.053389 -17.448030, 35.054467 -17.448289, 35.055544 -17.448547, 35.056621 -17.448806, 35.057698 -17.449065, 35.058775 -17.449324, 35.059852 -17.449583, 35.060929 -17.449842, 35.062007 -17.450101, 35.063084 -17.450360, 35.064161 -17.450619, 35.065238 -17.450877, 35.066315 -17.451136, 35.067392 -17.451395, 35.068470 -17.451654, 35.069547 -17.451913, 35.070624 -17.452172, 35.071701 -17.452431, 35.072778 -17.452689, 35.073855 -17.452948, 35.074933 -17.453207, 35.076010 -17.453466, 35.077087 -17.453725, 35.078164 -17.453983, 35.079241 -17.454242, 35.080319 -17.454501, 35.081396 -17.454760, 35.082473 -17.455019, 35.083550 -17.455277, 35.084627 -17.455536, 35.085705 -17.455795, 35.086782 -17.456054, 35.087859 -17.456312, 35.088936 -17.456571, 35.090014 -17.456830, 35.091091 -17.457089, 35.092168 -17.457347, 35.093245 -17.457606, 35.094323 -17.457865, 35.095400 -17.458123, 35.096477 -17.458382, 35.097554 -17.458641, 35.098632 -17.458899, 35.099709 -17.459158, 35.100786 -17.459417, 35.101863 -17.459676, 35.102941 -17.459934, 35.104018 -17.460193, 35.105095 -17.460451, 35.106172 -17.460710, 35.107250 -17.460969, 35.108327 -17.461227, 35.109404 -17.461486, 35.110482 -17.461745, 35.111559 -17.462003, 35.112636 -17.462262, 35.113713 -17.462521, 35.114791 -17.462779, 35.115868 -17.463038, 35.116945 -17.463296, 35.118023 -17.463555, 35.119100 -17.463813, 35.120177 -17.464072, 35.121255 -17.464331, 35.122332 -17.464589, 35.123409 -17.464848, 35.124487 -17.465106, 35.125564 -17.465365, 35.126641 -17.465623, 35.127719 -17.465882, 35.128796 -17.466140, 35.129873 -17.466399, 35.130951 -17.466657, 35.132028 -17.466916, 35.133105 -17.467174, 35.134183 -17.467433, 35.135260 -17.467691, 35.136337 -17.467950, 35.137415 -17.468208, 35.138492 -17.468467, 35.139570 -17.468725, 35.140647 -17.468984, 35.141724 -17.469242, 35.142802 -17.469501, 35.143879 -17.469759, 35.144956 -17.470018, 35.146034 -17.470276, 35.147111 -17.470534, 35.148189 -17.470793, 35.149266 -17.471051, 35.150343 -17.471310, 35.151421 -17.471568, 35.152498 -17.471827, 35.153576 -17.472085, 35.154653 -17.472343, 35.155730 -17.472602, 35.156808 -17.472860, 35.157885 -17.473118, 35.158963 -17.473377, 35.160040 -17.473635, 35.161118 -17.473893, 35.162195 -17.474152, 35.163272 -17.474410, 35.164350 -17.474669, 35.165427 -17.474927, 35.166505 -17.475185, 35.167582 -17.475443, 35.168660 -17.475702, 35.169737 -17.475960, 35.170815 -17.476218, 35.171892 -17.476477, 35.172970 -17.476735, 35.174047 -17.476993, 35.175124 -17.477252, 35.176202 -17.477510, 35.177279 -17.477768, 35.178357 -17.478026, 35.179434 -17.478285, 35.180512 -17.478543, 35.181589 -17.478801, 35.182667 -17.479059, 35.183744 -17.479318, 35.184822 -17.479576, 35.185899 -17.479834, 35.186977 -17.480092, 35.188054 -17.480350, 35.189132 -17.480609, 35.190209 -17.480867, 35.191287 -17.481125, 35.192364 -17.481383, 35.193442 -17.481641, 35.194520 -17.481900, 35.195597 -17.482158, 35.196675 -17.482416, 35.197752 -17.482674, 35.198830 -17.482932, 35.199907 -17.483190, 35.200985 -17.483448, 35.202062 -17.483707, 35.203140 -17.483965, 35.204217 -17.484223, 35.205295 -17.484481, 35.206373 -17.484739, 35.207450 -17.484997, 35.208528 -17.485255, 35.209605 -17.485513, 35.210683 -17.485771, 35.211760 -17.486029, 35.212838 -17.486288, 35.213916 -17.486546, 35.214993 -17.486804, 35.216071 -17.487062, 35.217148 -17.487320, 35.218226 -17.487578, 35.219303 -17.487836, 35.220381 -17.488094, 35.221459 -17.488352, 35.222536 -17.488610, 35.223614 -17.488868, 35.224692 -17.489126, 35.225769 -17.489384, 35.226847 -17.489642, 35.227924 -17.489900, 35.229002 -17.490158, 35.230080 -17.490416, 35.231157 -17.490674, 35.232235 -17.490932, 35.233313 -17.491190, 35.234390 -17.491448, 35.235468 -17.491706, 35.236545 -17.491964, 35.237623 -17.492222, 35.238701 -17.492480, 35.239778 -17.492738, 35.240856 -17.492995, 35.241934 -17.493253, 35.243011 -17.493511, 35.244089 -17.493769, 35.245167 -17.494027, 35.246244 -17.494285, 35.247322 -17.494543, 35.248400 -17.494801, 35.249477 -17.495059, 35.250555 -17.495316, 35.251633 -17.495574, 35.252711 -17.495832, 35.253788 -17.496090, 35.254866 -17.496348, 35.255944 -17.496606, 35.257021 -17.496864, 35.258099 -17.497121, 35.259177 -17.497379, 35.260254 -17.497637, 35.261332 -17.497895, 35.262410 -17.498153, 35.263488 -17.498410, 35.264565 -17.498668, 35.265643 -17.498926, 35.266721 -17.499184, 35.267799 -17.499442, 35.268876 -17.499699, 35.269954 -17.499957, 35.271032 -17.500215, 35.272110 -17.500473, 35.273187 -17.500730, 35.274265 -17.500988, 35.275343 -17.501246, 35.276421 -17.501504, 35.277498 -17.501761, 35.278576 -17.502019, 35.279654 -17.502277, 35.280732 -17.502534, 35.281809 -17.502792, 35.282887 -17.503050, 35.283965 -17.503308, 35.285043 -17.503565, 35.286121 -17.503823, 35.287198 -17.504081, 35.288276 -17.504338, 35.289354 -17.504596, 35.290432 -17.504854, 35.291509 -17.505111, 35.292587 -17.505369, 35.293665 -17.505627, 35.294743 -17.505884, 35.295821 -17.506142, 35.296899 -17.506399, 35.297976 -17.506657, 35.299054 -17.506915, 35.300132 -17.507172, 35.301210 -17.507430, 35.302288 -17.507687, 35.303366 -17.507945, 35.304443 -17.508203, 35.305521 -17.508460, 35.306599 -17.508718, 35.307677 -17.508975, 35.308755 -17.509233, 35.309833 -17.509490, 35.310910 -17.509748, 35.311988 -17.510005, 35.313066 -17.510263, 35.314144 -17.510521, 35.315222 -17.510778, 35.316300 -17.511036, 35.317378 -17.511293, 35.318456 -17.511551, 35.319533 -17.511808, 35.320611 -17.512066, 35.321689 -17.512323, 35.322767 -17.512581, 35.323845 -17.512838, 35.324923 -17.513095, 35.326001 -17.513353, 35.327079 -17.513610, 35.328157 -17.513868, 35.329235 -17.514125, 35.330312 -17.514383, 35.331390 -17.514640, 35.332468 -17.514898, 35.333546 -17.515155, 35.334624 -17.515412, 35.335702 -17.515670, 35.336780 -17.515927, 35.337858 -17.516185, 35.338936 -17.516442, 35.340014 -17.516699, 35.341092 -17.516957, 35.342170 -17.517214, 35.343248 -17.517472, 35.344326 -17.517729, 35.345404 -17.517986, 35.346481 -17.518244, 35.347559 -17.518501, 35.348637 -17.518758, 35.349715 -17.519016, 35.350793 -17.519273, 35.351871 -17.519530, 35.352949 -17.519788, 35.354027 -17.520045, 35.355105 -17.520302, 35.356183 -17.520560, 35.357261 -17.520817, 35.358339 -17.521074, 35.359417 -17.521331, 35.360495 -17.521589, 35.361573 -17.521846, 35.362651 -17.522103, 35.363729 -17.522360, 35.364807 -17.522618, 35.365885 -17.522875, 35.366963 -17.523132, 35.368041 -17.523389, 35.369119 -17.523647, 35.370197 -17.523904, 35.371275 -17.524161, 35.372353 -17.524418, 35.373431 -17.524676, 35.374509 -17.524933, 35.375587 -17.525190, 35.376666 -17.525447, 35.377744 -17.525704, 35.378822 -17.525961, 35.379900 -17.526219, 35.380978 -17.526476, 35.382056 -17.526733, 35.383134 -17.526990, 35.384212 -17.527247, 35.385290 -17.527504, 35.386368 -17.527762, 35.387446 -17.528019, 35.388524 -17.528276, 35.389602 -17.528533, 35.390680 -17.528790, 35.391758 -17.529047, 35.392837 -17.529304, 35.393915 -17.529561, 35.394993 -17.529818, 35.396071 -17.530076, 35.397149 -17.530333, 35.398227 -17.530590, 35.399305 -17.530847, 35.400383 -17.531104, 35.401461 -17.531361, 35.402540 -17.531618, 35.403618 -17.531875, 35.404696 -17.532132, 35.405774 -17.532389, 35.406852 -17.532646, 35.407930 -17.532903, 35.409008 -17.533160, 35.410086 -17.533417, 35.411165 -17.533674, 35.412243 -17.533931, 35.413321 -17.534188, 35.414399 -17.534445, 35.415477 -17.534702, 35.416555 -17.534959, 35.417633 -17.535216, 35.418712 -17.535473, 35.419790 -17.535730, 35.420868 -17.535987, 35.421946 -17.536244, 35.423024 -17.536501, 35.424102 -17.536758, 35.425181 -17.537015, 35.426259 -17.537272, 35.427337 -17.537528, 35.428415 -17.537785, 35.429493 -17.538042, 35.430572 -17.538299, 35.431650 -17.538556, 35.432728 -17.538813, 35.433806 -17.539070, 35.434884 -17.539327, 35.435963 -17.539584, 35.437041 -17.539840, 35.438119 -17.540097, 35.439197 -17.540354, 35.440276 -17.540611, 35.441354 -17.540868, 35.442432 -17.541125, 35.443510 -17.541381, 35.444588 -17.541638, 35.445667 -17.541895, 35.446745 -17.542152, 35.447823 -17.542409, 35.448901 -17.542666, 35.449980 -17.542922, 35.451058 -17.543179, 35.452136 -17.543436, 35.453214 -17.543693, 35.454293 -17.543949, 35.455371 -17.544206, 35.456449 -17.544463, 35.457528 -17.544720, 35.458606 -17.544976, 35.459684 -17.545233, 35.460762 -17.545490, 35.461841 -17.545747, 35.462919 -17.546003, 35.463997 -17.546260, 35.465076 -17.546517, 35.466154 -17.546774, 35.467232 -17.547030, 35.468310 -17.547287, 35.469389 -17.547544, 35.470467 -17.547800, 35.471545 -17.548057, 35.472624 -17.548314, 35.473702 -17.548570, 35.474780 -17.548827, 35.475859 -17.549084, 35.476937 -17.549340, 35.478015 -17.549597, 35.479094 -17.549854, 35.480172 -17.550110, 35.481250 -17.550367, 35.482329 -17.550623, 35.483407 -17.550880, 35.484485 -17.551137, 35.485564 -17.551393, 35.486642 -17.551650, 35.487720 -17.551906, 35.488799 -17.552163, 35.489877 -17.552420, 35.490956 -17.552676, 35.492034 -17.552933, 35.493112 -17.553189, 35.494191 -17.553446, 35.495269 -17.553702, 35.496347 -17.553959, 35.497426 -17.554215, 35.498504 -17.554472, 35.499583 -17.554729, 35.500661 -17.554985, 35.501739 -17.555242, 35.502818 -17.555498, 35.503896 -17.555755, 35.504975 -17.556011, 35.506053 -17.556268, 35.507131 -17.556524, 35.508210 -17.556780, 35.509288 -17.557037, 35.510367 -17.557293, 35.511445 -17.557550, 35.512524 -17.557806, 35.513602 -17.558063, 35.514680 -17.558319, 35.515759 -17.558576, 35.516837 -17.558832, 35.517916 -17.559089, 35.518994 -17.559345, 35.520073 -17.559601, 35.521151 -17.559858, 35.522230 -17.560114, 35.523308 -17.560371, 35.524386 -17.560627, 35.525465 -17.560883, 35.526543 -17.561140, 35.527622 -17.561396, 35.528700 -17.561652, 35.529779 -17.561909, 35.530857 -17.562165, 35.531936 -17.562422, 35.533014 -17.562678, 35.534093 -17.562934, 35.535171 -17.563191, 35.536250 -17.563447, 35.537328 -17.563703, 35.538407 -17.563960, 35.539485 -17.564216, 35.540564 -17.564472, 35.541642 -17.564728, 35.542721 -17.564985, 35.543799 -17.565241, 35.544878 -17.565497, 35.545956 -17.565754, 35.547035 -17.566010, 35.548113 -17.566266, 35.549192 -17.566522, 35.550270 -17.566779, 35.551349 -17.567035, 35.552428 -17.567291, 35.553506 -17.567547, 35.554585 -17.567804, 35.555663 -17.568060, 35.556742 -17.568316, 35.557820 -17.568572, 35.558899 -17.568828, 35.559977 -17.569085, 35.561056 -17.569341, 35.562135 -17.569597, 35.563213 -17.569853, 35.564292 -17.570109, 35.565370 -17.570365, 35.566449 -17.570622, 35.567527 -17.570878, 35.568606 -17.571134, 35.569685 -17.571390, 35.570763 -17.571646, 35.571842 -17.571902, 35.572920 -17.572158, 35.573999 -17.572415, 35.575078 -17.572671, 35.576156 -17.572927, 35.577235 -17.573183, 35.578313 -17.573439, 35.579392 -17.573695, 35.580471 -17.573951, 35.581549 -17.574207, 35.582628 -17.574463, 35.583707 -17.574719, 35.584785 -17.574975, 35.585864 -17.575232, 35.586942 -17.575488, 35.588021 -17.575744, 35.589100 -17.576000, 35.590178 -17.576256, 35.591257 -17.576512, 35.592336 -17.576768, 35.593414 -17.577024, 35.594493 -17.577280, 35.595572 -17.577536, 35.596650 -17.577792, 35.597729 -17.578048, 35.598808 -17.578304, 35.599886 -17.578560, 35.600965 -17.578816, 35.602044 -17.579072, 35.603122 -17.579328, 35.604201 -17.579584, 35.605280 -17.579840, 35.606359 -17.580096, 35.607437 -17.580351, 35.608516 -17.580607, 35.609595 -17.580863, 35.610673 -17.581119, 35.611752 -17.581375, 35.612831 -17.581631, 35.613909 -17.581887, 35.614988 -17.582143, 35.616067 -17.582399, 35.617146 -17.582655, 35.618224 -17.582911, 35.619303 -17.583166, 35.620382 -17.583422, 35.621461 -17.583678, 35.622539 -17.583934, 35.623618 -17.584190, 35.624697 -17.584446, 35.625776 -17.584702, 35.626854 -17.584957, 35.627933 -17.585213, 35.629012 -17.585469, 35.630091 -17.585725, 35.631169 -17.585981, 35.632248 -17.586236, 35.633327 -17.586492, 35.634406 -17.586748, 35.635484 -17.587004, 35.636563 -17.587260, 35.637642 -17.587515, 35.638721 -17.587771, 35.639800 -17.588027, 35.640878 -17.588283, 35.641957 -17.588538, 35.643036 -17.588794, 35.644115 -17.589050, 35.645194 -17.589306, 35.646272 -17.589561, 35.647351 -17.589817, 35.648430 -17.590073, 35.649509 -17.590329, 35.650588 -17.590584, 35.651666 -17.590840, 35.652745 -17.591096, 35.653824 -17.591351, 35.654903 -17.591607, 35.655982 -17.591863, 35.657061 -17.592118, 35.658139 -17.592374, 35.659218 -17.592630, 35.660297 -17.592885, 35.661376 -17.593141, 35.662455 -17.593397, 35.663534 -17.593652, 35.664613 -17.593908, 35.665691 -17.594164, 35.666770 -17.594419, 35.667849 -17.594675, 35.668928 -17.594930, 35.670007 -17.595186, 35.671086 -17.595442, 35.672165 -17.595697, 35.673244 -17.595953, 35.674322 -17.596208, 35.675401 -17.596464, 35.676480 -17.596719, 35.677559 -17.596975, 35.678638 -17.597231, 35.679717 -17.597486, 35.680796 -17.597742, 35.681875 -17.597997, 35.682954 -17.598253, 35.684033 -17.598508, 35.685111 -17.598764, 35.686190 -17.599019, 35.687269 -17.599275, 35.688348 -17.599530, 35.689427 -17.599786, 35.690506 -17.600041, 35.691585 -17.600297, 35.692664 -17.600552, 35.693743 -17.600808, 35.694822 -17.601063, 35.695901 -17.601319, 35.696980 -17.601574, 35.698059 -17.601830, 35.699138 -17.602085, 35.700217 -17.602340, 35.701296 -17.602596, 35.702375 -17.602851, 35.703454 -17.603107, 35.704533 -17.603362, 35.705611 -17.603618, 35.706690 -17.603873, 35.707769 -17.604128, 35.708848 -17.604384, 35.709927 -17.604639, 35.711006 -17.604895, 35.712085 -17.605150, 35.713164 -17.605405, 35.714243 -17.605661, 35.715322 -17.605916, 35.716401 -17.606171, 35.717480 -17.606427, 35.718559 -17.606682, 35.719638 -17.606937, 35.720717 -17.607193, 35.721796 -17.607448, 35.722876 -17.607703, 35.723955 -17.607959, 35.725034 -17.608214, 35.726113 -17.608469, 35.727192 -17.608724, 35.728271 -17.608980, 35.729350 -17.609235, 35.730429 -17.609490, 35.731508 -17.609746, 35.732587 -17.610001, 35.733666 -17.610256, 35.734745 -17.610511, 35.735824 -17.610767, 35.736903 -17.611022, 35.737982 -17.611277, 35.739061 -17.611532, 35.740140 -17.611788, 35.741219 -17.612043, 35.742298 -17.612298, 35.743378 -17.612553, 35.744457 -17.612808, 35.745536 -17.613064, 35.746615 -17.613319, 35.747694 -17.613574, 35.748773 -17.613829, 35.749852 -17.614084, 35.750931 -17.614339, 35.752010 -17.614595, 35.753089 -17.614850, 35.754169 -17.615105, 35.755248 -17.615360, 35.756327 -17.615615, 35.757406 -17.615870, 35.758485 -17.616125, 35.759564 -17.616380, 35.760643 -17.616636, 35.761722 -17.616891, 35.762802 -17.617146, 35.763881 -17.617401, 35.764960 -17.617656, 35.766039 -17.617911, 35.767118 -17.618166, 35.768197 -17.618421, 35.769276 -17.618676, 35.770356 -17.618931, 35.771435 -17.619186, 35.772514 -17.619441, 35.773593 -17.619696, 35.774672 -17.619951, 35.775751 -17.620207, 35.776831 -17.620462, 35.777910 -17.620717, 35.778989 -17.620972, 35.780068 -17.621227, 35.781147 -17.621482, 35.782227 -17.621737, 35.783306 -17.621992, 35.784385 -17.622247, 35.785464 -17.622501, 35.786543 -17.622756, 35.787623 -17.623011, 35.788702 -17.623266, 35.789781 -17.623521, 35.790860 -17.623776, 35.791939 -17.624031, 35.793019 -17.624286, 35.794098 -17.624541, 35.795177 -17.624796, 35.796256 -17.625051, 35.797336 -17.625306, 35.798415 -17.625561, 35.799494 -17.625816, 35.800573 -17.626071, 35.801653 -17.626325, 35.802732 -17.626580, 35.803811 -17.626835, 35.804890 -17.627090, 35.805970 -17.627345, 35.807049 -17.627600, 35.808128 -17.627855, 35.809207 -17.628109, 35.810287 -17.628364, 35.811366 -17.628619, 35.812445 -17.628874, 35.813524 -17.629129, 35.814604 -17.629384, 35.815683 -17.629638, 35.816762 -17.629893, 35.817842 -17.630148, 35.818921 -17.630403, 35.820000 -17.630658, 35.821079 -17.630912, 35.822159 -17.631167, 35.823238 -17.631422, 35.824317 -17.631677, 35.825397 -17.631931, 35.826476 -17.632186, 35.827555 -17.632441, 35.828635 -17.632696, 35.829714 -17.632950, 35.830793 -17.633205, 35.831873 -17.633460, 35.832952 -17.633715, 35.834031 -17.633969, 35.835111 -17.634224, 35.836190 -17.634479, 35.837269 -17.634733, 35.838349 -17.634988, 35.839428 -17.635243, 35.840507 -17.635497, 35.841587 -17.635752, 35.842666 -17.636007, 35.843746 -17.636261, 35.844825 -17.636516, 35.845904 -17.636771, 35.846984 -17.637025, 35.848063 -17.637280, 35.849142 -17.637535, 35.850222 -17.637789, 35.851301 -17.638044, 35.852381 -17.638298, 35.853460 -17.638553, 35.854539 -17.638808, 35.855619 -17.639062, 35.856698 -17.639317, 35.857778 -17.639571, 35.858857 -17.639826, 35.859936 -17.640081, 35.861016 -17.640335, 35.862095 -17.640590, 35.863175 -17.640844, 35.864254 -17.641099, 35.865334 -17.641353, 35.866413 -17.641608, 35.867492 -17.641862, 35.868572 -17.642117, 35.869651 -17.642371, 35.870731 -17.642626, 35.871810 -17.642880, 35.872890 -17.643135, 35.873969 -17.643389, 35.875048 -17.643644, 35.876128 -17.643898, 35.877207 -17.644153, 35.878287 -17.644407, 35.879366 -17.644662, 35.880446 -17.644916, 35.881525 -17.645171, 35.882605 -17.645425, 35.883684 -17.645680, 35.884764 -17.645934, 35.885843 -17.646188, 35.886923 -17.646443, 35.888002 -17.646697, 35.889082 -17.646952, 35.890161 -17.647206, 35.891241 -17.647460, 35.892320 -17.647715, 35.893400 -17.647969, 35.894479 -17.648224, 35.895559 -17.648478, 35.896638 -17.648732, 35.897718 -17.648987, 35.898797 -17.649241, 35.899877 -17.649495, 35.900956 -17.649750, 35.902036 -17.650004, 35.903115 -17.650258, 35.904195 -17.650513, 35.905274 -17.650767, 35.906354 -17.651021, 35.907434 -17.651276, 35.908513 -17.651530, 35.909593 -17.651784, 35.910672 -17.652039, 35.911752 -17.652293, 35.912831 -17.652547, 35.913911 -17.652801, 35.914990 -17.653056, 35.916070 -17.653310, 35.917150 -17.653564, 35.918229 -17.653819, 35.919309 -17.654073, 35.920388 -17.654327, 35.921468 -17.654581, 35.922547 -17.654835, 35.923627 -17.655090, 35.924707 -17.655344, 35.925786 -17.655598, 35.926866 -17.655852, 35.927945 -17.656107, 35.929025 -17.656361, 35.930105 -17.656615, 35.931184 -17.656869, 35.932264 -17.657123, 35.933344 -17.657377, 35.934423 -17.657632, 35.935503 -17.657886, 35.936582 -17.658140, 35.937662 -17.658394, 35.938742 -17.658648, 35.939821 -17.658902, 35.940901 -17.659156, 35.941981 -17.659411, 35.943060 -17.659665, 35.944140 -17.659919, 35.945220 -17.660173, 35.946299 -17.660427, 35.947379 -17.660681, 35.948459 -17.660935, 35.949538 -17.661189, 35.950618 -17.661443, 35.951698 -17.661697, 35.952777 -17.661951, 35.953857 -17.662206, 35.954937 -17.662460, 35.956016 -17.662714, 35.957096 -17.662968, 35.958176 -17.663222, 35.959255 -17.663476, 35.960335 -17.663730, 35.961415 -17.663984, 35.962494 -17.664238, 35.963574 -17.664492, 35.964654 -17.664746, 35.965734 -17.665000, 35.966813 -17.665254, 35.967893 -17.665508, 35.968973 -17.665762, 35.970052 -17.666016, 35.971132 -17.666270, 35.972212 -17.666524, 35.973292 -17.666778, 35.974371 -17.667032, 35.975451 -17.667285, 35.976531 -17.667539, 35.977611 -17.667793, 35.978690 -17.668047, 35.979770 -17.668301, 35.980850 -17.668555, 35.981930 -17.668809, 35.983009 -17.669063, 35.984089 -17.669317, 35.985169 -17.669571, 35.986249 -17.669825, 35.987328 -17.670078, 35.988408 -17.670332, 35.989488 -17.670586, 35.990568 -17.670840, 35.991648 -17.671094, 35.992727 -17.671348, 35.993807 -17.671602, 35.994887 -17.671855, 35.995967 -17.672109, 35.997046 -17.672363, 35.998126 -17.672617, 35.999206 -17.672871, 36.000286 -17.673124, 36.001366 -17.673378, 36.002446 -17.673632, 36.003525 -17.673886, 36.004605 -17.674140, 36.005685 -17.674393, 36.006765 -17.674647, 36.007845 -17.674901, 36.008924 -17.675155, 36.010004 -17.675408, 36.011084 -17.675662, 36.012164 -17.675916, 36.013244 -17.676170, 36.014324 -17.676423, 36.015404 -17.676677, 36.016483 -17.676931, 36.017563 -17.677185, 36.018643 -17.677438, 36.019723 -17.677692, 36.020803 -17.677946, 36.021883 -17.678199, 36.022963 -17.678453, 36.024042 -17.678707, 36.025122 -17.678960, 36.026202 -17.679214, 36.027282 -17.679468, 36.028362 -17.679721, 36.029442 -17.679975, 36.030522 -17.680229, 36.031602 -17.680482, 36.032682 -17.680736, 36.033761 -17.680990, 36.034841 -17.681243, 36.035921 -17.681497, 36.037001 -17.681750, 36.038081 -17.682004, 36.039161 -17.682258, 36.040241 -17.682511, 36.041321 -17.682765, 36.042401 -17.683018, 36.043481 -17.683272, 36.044561 -17.683525, 36.045641 -17.683779, 36.046721 -17.684033, 36.047800 -17.684286, 36.048880 -17.684540, 36.049960 -17.684793, 36.051040 -17.685047, 36.052120 -17.685300, 36.053200 -17.685554, 36.054280 -17.685807, 36.055360 -17.686061, 36.056440 -17.686314, 36.057520 -17.686568, 36.058600 -17.686821, 36.059680 -17.687075, 36.060760 -17.687328, 36.061840 -17.687582, 36.062920 -17.687835, 36.064000 -17.688089, 36.065080 -17.688342, 36.066160 -17.688595, 36.067240 -17.688849, 36.068320 -17.689102, 36.069400 -17.689356, 36.070480 -17.689609, 36.071560 -17.689863, 36.072640 -17.690116, 36.073720 -17.690369, 36.074800 -17.690623, 36.075880 -17.690876, 36.076960 -17.691130, 36.078040 -17.691383, 36.079120 -17.691636, 36.080200 -17.691890, 36.081280 -17.692143, 36.082360 -17.692396, 36.083440 -17.692650, 36.084520 -17.692903, 36.085600 -17.693156, 36.086680 -17.693410, 36.087760 -17.693663, 36.088841 -17.693916, 36.089921 -17.694170, 36.091001 -17.694423, 36.092081 -17.694676, 36.093161 -17.694930, 36.094241 -17.695183, 36.095321 -17.695436, 36.096401 -17.695690, 36.097481 -17.695943, 36.098561 -17.696196, 36.099641 -17.696449, 36.100721 -17.696703, 36.101801 -17.696956, 36.102882 -17.697209, 36.103962 -17.697462, 36.105042 -17.697716, 36.106122 -17.697969, 36.107202 -17.698222, 36.108282 -17.698475, 36.109362 -17.698728, 36.110442 -17.698982, 36.111522 -17.699235, 36.112603 -17.699488, 36.113683 -17.699741, 36.114763 -17.699994, 36.115843 -17.700248, 36.116923 -17.700501, 36.118003 -17.700754, 36.119083 -17.701007, 36.120164 -17.701260, 36.121244 -17.701513, 36.122324 -17.701766, 36.123404 -17.702020, 36.124484 -17.702273, 36.125564 -17.702526, 36.126644 -17.702779, 36.127725 -17.703032, 36.128805 -17.703285, 36.129885 -17.703538, 36.130965 -17.703791, 36.132045 -17.704044, 36.133126 -17.704298, 36.134206 -17.704551, 36.135286 -17.704804, 36.136366 -17.705057, 36.137446 -17.705310, 36.138526 -17.705563, 36.139607 -17.705816, 36.140687 -17.706069, 36.141767 -17.706322, 36.142847 -17.706575, 36.143928 -17.706828, 36.145008 -17.707081, 36.146088 -17.707334, 36.147168 -17.707587, 36.148248 -17.707840, 36.149329 -17.708093, 36.150409 -17.708346, 36.151489 -17.708599, 36.152569 -17.708852, 36.153650 -17.709105, 36.154730 -17.709358, 36.155810 -17.709611, 36.156890 -17.709864, 36.157971 -17.710117, 36.159051 -17.710370, 36.160131 -17.710623, 36.161211 -17.710876, 36.162292 -17.711128, 36.163372 -17.711381, 36.164452 -17.711634, 36.165532 -17.711887, 36.166613 -17.712140, 36.167693 -17.712393, 36.168773 -17.712646, 36.169854 -17.712899, 36.170934 -17.713152, 36.172014 -17.713404, 36.173094 -17.713657, 36.174175 -17.713910, 36.175255 -17.714163, 36.176335 -17.714416, 36.177416 -17.714669, 36.178496 -17.714922, 36.179576 -17.715174, 36.180657 -17.715427, 36.181737 -17.715680, 36.182817 -17.715933, 36.183898 -17.716186, 36.184978 -17.716438, 36.186058 -17.716691, 36.187139 -17.716944, 36.188219 -17.717197, 36.189299 -17.717450, 36.190380 -17.717702, 36.191460 -17.717955, 36.192540 -17.718208, 36.193621 -17.718461, 36.194701 -17.718713, 36.195781 -17.718966, 36.196862 -17.719219, 36.197942 -17.719472, 36.199022 -17.719724, 36.200103 -17.719977, 36.201183 -17.720230, 36.202264 -17.720482, 36.203344 -17.720735, 36.204424 -17.720988, 36.205505 -17.721240, 36.206585 -17.721493, 36.207666 -17.721746, 36.208746 -17.721998, 36.209826 -17.722251, 36.210907 -17.722504, 36.211987 -17.722756, 36.213068 -17.723009, 36.214148 -17.723262, 36.215228 -17.723514, 36.216309 -17.723767, 36.217389 -17.724020, 36.218470 -17.724272, 36.219550 -17.724525, 36.220630 -17.724777, 36.221711 -17.725030, 36.222791 -17.725283, 36.223872 -17.725535, 36.224952 -17.725788, 36.226033 -17.726040, 36.227113 -17.726293, 36.228194 -17.726545, 36.229274 -17.726798, 36.230354 -17.727051, 36.231435 -17.727303, 36.232515 -17.727556, 36.233596 -17.727808, 36.234676 -17.728061, 36.235757 -17.728313, 36.236837 -17.728566, 36.237918 -17.728818, 36.238998 -17.729071, 36.240079 -17.729323, 36.241159 -17.729576, 36.242240 -17.729828, 36.243320 -17.730081, 36.244401 -17.730333, 36.245481 -17.730586, 36.246562 -17.730838, 36.247642 -17.731091, 36.248723 -17.731343, 36.249803 -17.731595, 36.250884 -17.731848, 36.251964 -17.732100, 36.253045 -17.732353, 36.254125 -17.732605, 36.255206 -17.732858, 36.256286 -17.733110, 36.257367 -17.733362, 36.258447 -17.733615, 36.259528 -17.733867, 36.260608 -17.734120, 36.261689 -17.734372, 36.262770 -17.734624, 36.263850 -17.734877, 36.264931 -17.735129, 36.266011 -17.735381, 36.267092 -17.735634, 36.268172 -17.735886, 36.269253 -17.736138, 36.270334 -17.736391, 36.271414 -17.736643, 36.272495 -17.736895, 36.273575 -17.737148, 36.274656 -17.737400, 36.275736 -17.737652, 36.276817 -17.737905, 36.277898 -17.738157, 36.278978 -17.738409, 36.280059 -17.738661, 36.281139 -17.738914, 36.282220 -17.739166, 36.283301 -17.739418, 36.284381 -17.739670, 36.285462 -17.739923, 36.286542 -17.740175, 36.287623 -17.740427, 36.288704 -17.740679, 36.289784 -17.740932, 36.290865 -17.741184, 36.291946 -17.741436, 36.293026 -17.741688, 36.294107 -17.741940, 36.295187 -17.742193, 36.296268 -17.742445, 36.297349 -17.742697, 36.298429 -17.742949, 36.299510 -17.743201, 36.300591 -17.743454, 36.301671 -17.743706, 36.302752 -17.743958, 36.303833 -17.744210, 36.304913 -17.744462, 36.305994 -17.744714, 36.307075 -17.744966, 36.308155 -17.745219, 36.309236 -17.745471, 36.310317 -17.745723, 36.311397 -17.745975, 36.312478 -17.746227, 36.313559 -17.746479, 36.314639 -17.746731, 36.315720 -17.746983, 36.316801 -17.747235, 36.317882 -17.747487, 36.318962 -17.747739, 36.320043 -17.747992, 36.321124 -17.748244, 36.322204 -17.748496, 36.323285 -17.748748, 36.324366 -17.749000, 36.325447 -17.749252, 36.326527 -17.749504, 36.327608 -17.749756, 36.328689 -17.750008, 36.329770 -17.750260, 36.330850 -17.750512, 36.331931 -17.750764, 36.333012 -17.751016, 36.334093 -17.751268, 36.335173 -17.751520, 36.336254 -17.751772, 36.337335 -17.752024, 36.338416 -17.752276, 36.339496 -17.752528, 36.340577 -17.752779, 36.341658 -17.753031, 36.342739 -17.753283, 36.343819 -17.753535, 36.344900 -17.753787, 36.345981 -17.754039, 36.347062 -17.754291, 36.348143 -17.754543, 36.349223 -17.754795, 36.350304 -17.755047, 36.351385 -17.755299, 36.352466 -17.755550, 36.353547 -17.755802, 36.354627 -17.756054, 36.355708 -17.756306, 36.356789 -17.756558, 36.357870 -17.756810, 36.358951 -17.757062, 36.360031 -17.757313, 36.361112 -17.757565, 36.362193 -17.757817, 36.363274 -17.758069, 36.364355 -17.758321, 36.365436 -17.758573, 36.366516 -17.758824, 36.367597 -17.759076, 36.368678 -17.759328, 36.369759 -17.759580, 36.370840 -17.759832, 36.371921 -17.760083, 36.373002 -17.760335, 36.374082 -17.760587, 36.375163 -17.760839, 36.376244 -17.761090, 36.377325 -17.761342, 36.378406 -17.761594, 36.379487 -17.761846, 36.380568 -17.762097, 36.381648 -17.762349, 36.382729 -17.762601, 36.383810 -17.762852, 36.384891 -17.763104, 36.385972 -17.763356, 36.387053 -17.763608, 36.388134 -17.763859, 36.389215 -17.764111, 36.390296 -17.764363, 36.391377 -17.764614, 36.392457 -17.764866, 36.393538 -17.765118, 36.394619 -17.765369, 36.395700 -17.765621, 36.396781 -17.765872, 36.397862 -17.766124, 36.398943 -17.766376, 36.400024 -17.766627, 36.401105 -17.766879, 36.402186 -17.767131, 36.403267 -17.767382, 36.404348 -17.767634, 36.405429 -17.767885, 36.406510 -17.768137, 36.407591 -17.768389, 36.408672 -17.768640, 36.409753 -17.768892, 36.410833 -17.769143, 36.411914 -17.769395, 36.412995 -17.769646, 36.414076 -17.769898, 36.415157 -17.770149, 36.416238 -17.770401, 36.417319 -17.770652, 36.418400 -17.770904, 36.419481 -17.771155, 36.420562 -17.771407, 36.421643 -17.771658, 36.422724 -17.771910, 36.423805 -17.772161, 36.424886 -17.772413, 36.425967 -17.772664, 36.427048 -17.772916, 36.428129 -17.773167, 36.429210 -17.773419, 36.430291 -17.773670, 36.431372 -17.773922, 36.432453 -17.774173, 36.433534 -17.774425, 36.434615 -17.774676, 36.435697 -17.774927, 36.436778 -17.775179, 36.437859 -17.775430, 36.438940 -17.775682, 36.440021 -17.775933, 36.441102 -17.776184, 36.442183 -17.776436, 36.443264 -17.776687, 36.444345 -17.776939, 36.445426 -17.777190, 36.446507 -17.777441, 36.447588 -17.777693, 36.448669 -17.777944, 36.449750 -17.778195, 36.450831 -17.778447, 36.451912 -17.778698, 36.452994 -17.778949, 36.454075 -17.779201, 36.455156 -17.779452, 36.456237 -17.779703, 36.457318 -17.779955, 36.458399 -17.780206, 36.459480 -17.780457, 36.460561 -17.780709, 36.461642 -17.780960, 36.462723 -17.781211, 36.463805 -17.781462, 36.464886 -17.781714, 36.465967 -17.781965, 36.467048 -17.782216, 36.468129 -17.782467, 36.469210 -17.782719, 36.470291 -17.782970, 36.471372 -17.783221, 36.472454 -17.783472, 36.473535 -17.783724, 36.474616 -17.783975, 36.475697 -17.784226, 36.476778 -17.784477, 36.477859 -17.784728, 36.478940 -17.784980, 36.480022 -17.785231, 36.481103 -17.785482, 36.482184 -17.785733, 36.483265 -17.785984, 36.484346 -17.786235, 36.485427 -17.786487, 36.486509 -17.786738, 36.487590 -17.786989, 36.488671 -17.787240, 36.489752 -17.787491, 36.490833 -17.787742, 36.491915 -17.787993, 36.492996 -17.788244, 36.494077 -17.788496, 36.495158 -17.788747, 36.496239 -17.788998, 36.497321 -17.789249, 36.498402 -17.789500, 36.499483 -17.789751, 36.500564 -17.790002, 36.501645 -17.790253, 36.502727 -17.790504, 36.503808 -17.790755, 36.504889 -17.791006, 36.505970 -17.791257, 36.507052 -17.791508, 36.508133 -17.791759, 36.509214 -17.792010, 36.510295 -17.792261, 36.511377 -17.792512, 36.512458 -17.792763, 36.513539 -17.793014, 36.514620 -17.793265, 36.515702 -17.793516, 36.516783 -17.793767, 36.517864 -17.794018, 36.518945 -17.794269, 36.520027 -17.794520, 36.521108 -17.794771, 36.522189 -17.795022, 36.523270 -17.795273, 36.524352 -17.795524, 36.525433 -17.795775, 36.526514 -17.796026, 36.527596 -17.796277, 36.528677 -17.796528, 36.529758 -17.796779, 36.530840 -17.797030, 36.531921 -17.797280, 36.533002 -17.797531, 36.534083 -17.797782, 36.535165 -17.798033, 36.536246 -17.798284, 36.537327 -17.798535, 36.538409 -17.798786, 36.539490 -17.799037, 36.540571 -17.799287, 36.541653 -17.799538, 36.542734 -17.799789, 36.543815 -17.800040, 36.544897 -17.800291, 36.545978 -17.800542, 36.547059 -17.800792, 36.548141 -17.801043, 36.549222 -17.801294, 36.550304 -17.801545, 36.551385 -17.801796, 36.552466 -17.802046, 36.553548 -17.802297, 36.554629 -17.802548, 36.555710 -17.802799, 36.556792 -17.803049, 36.557873 -17.803300, 36.558954 -17.803551, 36.560036 -17.803802, 36.561117 -17.804052, 36.562199 -17.804303, 36.563280 -17.804554, 36.564361 -17.804805, 36.565443 -17.805055, 36.566524 -17.805306, 36.567606 -17.805557, 36.568687 -17.805807, 36.569768 -17.806058, 36.570850 -17.806309, 36.571931 -17.806559, 36.573013 -17.806810, 36.574094 -17.807061, 36.575176 -17.807311, 36.576257 -17.807562, 36.577338 -17.807813, 36.578420 -17.808063, 36.579501 -17.808314, 36.580583 -17.808565, 36.581664 -17.808815, 36.582746 -17.809066, 36.583827 -17.809316, 36.584909 -17.809567, 36.585990 -17.809818, 36.587071 -17.810068, 36.588153 -17.810319, 36.589234 -17.810569, 36.590316 -17.810820, 36.591397 -17.811071, 36.592479 -17.811321, 36.593560 -17.811572, 36.594642 -17.811822, 36.595723 -17.812073, 36.596805 -17.812323, 36.597886 -17.812574, 36.598968 -17.812824, 36.600049 -17.813075, 36.601131 -17.813325, 36.602212 -17.813576, 36.603294 -17.813826, 36.604375 -17.814077, 36.605457 -17.814327, 36.606538 -17.814578, 36.607620 -17.814828, 36.608701 -17.815079, 36.609783 -17.815329, 36.610864 -17.815580, 36.611946 -17.815830, 36.613027 -17.816081, 36.614109 -17.816331, 36.615191 -17.816582, 36.616272 -17.816832, 36.617354 -17.817082, 36.618435 -17.817333, 36.619517 -17.817583, 36.620598 -17.817834, 36.621680 -17.818084, 36.622761 -17.818334, 36.623843 -17.818585, 36.624925 -17.818835, 36.626006 -17.819086, 36.627088 -17.819336, 36.628169 -17.819586, 36.629251 -17.819837, 36.630332 -17.820087, 36.631414 -17.820337, 36.632496 -17.820588, 36.633577 -17.820838, 36.634659 -17.821088, 36.635740 -17.821339, 36.636822 -17.821589, 36.637904 -17.821839, 36.638985 -17.822090, 36.640067 -17.822340, 36.641148 -17.822590, 36.642230 -17.822841, 36.643312 -17.823091, 36.644393 -17.823341, 36.645475 -17.823591, 36.646556 -17.823842, 36.647638 -17.824092, 36.648720 -17.824342, 36.649801 -17.824592, 36.650883 -17.824843, 36.651965 -17.825093, 36.653046 -17.825343, 36.654128 -17.825593, 36.655210 -17.825844, 36.656291 -17.826094, 36.657373 -17.826344, 36.658455 -17.826594, 36.659536 -17.826844, 36.660618 -17.827095, 36.661700 -17.827345, 36.662781 -17.827595, 36.663863 -17.827845, 36.664945 -17.828095, 36.666026 -17.828345, 36.667108 -17.828596, 36.668190 -17.828846, 36.669271 -17.829096, 36.670353 -17.829346, 36.671435 -17.829596, 36.672516 -17.829846, 36.673598 -17.830096, 36.674680 -17.830347, 36.675762 -17.830597, 36.676843 -17.830847, 36.677925 -17.831097, 36.679007 -17.831347, 36.680088 -17.831597, 36.681170 -17.831847, 36.682252 -17.832097, 36.683334 -17.832347, 36.684415 -17.832597, 36.685497 -17.832847, 36.686579 -17.833097, 36.687661 -17.833347, 36.688742 -17.833597, 36.689824 -17.833847, 36.690906 -17.834097, 36.691988 -17.834347, 36.693069 -17.834597, 36.694151 -17.834847, 36.695233 -17.835097, 36.696315 -17.835347, 36.697396 -17.835597, 36.698478 -17.835847, 36.699560 -17.836097, 36.700642 -17.836347, 36.701724 -17.836597, 36.702805 -17.836847, 36.703887 -17.837097, 36.704969 -17.837347, 36.706051 -17.837597, 36.707133 -17.837847, 36.708214 -17.838097, 36.709296 -17.838347, 36.710378 -17.838597, 36.711460 -17.838847, 36.712542 -17.839097, 36.713623 -17.839347, 36.714705 -17.839596, 36.715787 -17.839846, 36.716869 -17.840096, 36.717951 -17.840346, 36.719032 -17.840596, 36.720114 -17.840846, 36.721196 -17.841096, 36.722278 -17.841346, 36.723360 -17.841595, 36.724442 -17.841845, 36.725524 -17.842095, 36.726605 -17.842345, 36.727687 -17.842595, 36.728769 -17.842844, 36.729851 -17.843094, 36.730933 -17.843344, 36.732015 -17.843594, 36.733097 -17.843844, 36.734178 -17.844093, 36.735260 -17.844343, 36.736342 -17.844593, 36.737424 -17.844843, 36.738506 -17.845093, 36.739588 -17.845342, 36.740670 -17.845592, 36.741752 -17.845842, 36.742834 -17.846092, 36.743915 -17.846341, 36.744997 -17.846591, 36.746079 -17.846841, 36.747161 -17.847090, 36.748243 -17.847340, 36.749325 -17.847590, 36.750407 -17.847839, 36.751489 -17.848089, 36.752571 -17.848339, 36.753653 -17.848589, 36.754735 -17.848838, 36.755817 -17.849088, 36.756899 -17.849338, 36.757980 -17.849587, 36.759062 -17.849837, 36.760144 -17.850086, 36.761226 -17.850336, 36.762308 -17.850586, 36.763390 -17.850835, 36.764472 -17.851085, 36.765554 -17.851335, 36.766636 -17.851584, 36.767718 -17.851834, 36.768800 -17.852083, 36.769882 -17.852333, 36.770964 -17.852583, 36.772046 -17.852832, 36.773128 -17.853082, 36.774210 -17.853331, 36.775292 -17.853581, 36.776374 -17.853830, 36.777456 -17.854080, 36.778538 -17.854329, 36.779620 -17.854579, 36.780702 -17.854828, 36.781784 -17.855078, 36.782866 -17.855328, 36.783948 -17.855577, 36.785030 -17.855827, 36.786112 -17.856076, 36.787194 -17.856326, 36.788276 -17.856575, 36.789358 -17.856825, 36.790440 -17.857074, 36.791522 -17.857323, 36.792604 -17.857573, 36.793686 -17.857822, 36.794768 -17.858072, 36.795850 -17.858321, 36.796932 -17.858571, 36.798014 -17.858820, 36.799096 -17.859070, 36.800179 -17.859319, 36.801261 -17.859568, 36.802343 -17.859818, 36.803425 -17.860067, 36.804507 -17.860317, 36.805589 -17.860566, 36.806671 -17.860815, 36.807753 -17.861065, 36.808835 -17.861314, 36.809917 -17.861563, 36.810999 -17.861813, 36.812081 -17.862062, 36.813163 -17.862312, 36.814246 -17.862561, 36.815328 -17.862810, 36.816410 -17.863060, 36.817492 -17.863309, 36.818574 -17.863558, 36.819656 -17.863808, 36.820738 -17.864057, 36.821820 -17.864306, 36.822902 -17.864555, 36.823985 -17.864805, 36.825067 -17.865054, 36.826149 -17.865303, 36.827231 -17.865553, 36.828313 -17.865802, 36.829395 -17.866051, 36.830477 -17.866300, 36.831560 -17.866550, 36.832642 -17.866799, 36.833724 -17.867048, 36.834806 -17.867297, 36.835888 -17.867546, 36.836970 -17.867796, 36.838052 -17.868045, 36.839135 -17.868294, 36.840217 -17.868543, 36.841299 -17.868792, 36.842381 -17.869042, 36.843463 -17.869291, 36.844546 -17.869540, 36.845628 -17.869789, 36.846710 -17.870038, 36.847792 -17.870288, 36.848874 -17.870537, 36.849957 -17.870786, 36.851039 -17.871035, 36.852121 -17.871284, 36.853203 -17.871533, 36.854285 -17.871782, 36.855368 -17.872031, 36.856450 -17.872281, 36.857532 -17.872530, 36.858614 -17.872779, 36.859696 -17.873028, 36.860779 -17.873277, 36.861861 -17.873526, 36.862943 -17.873775, 36.864025 -17.874024, 36.865108 -17.874273, 36.866190 -17.874522, 36.867272 -17.874771, 36.868354 -17.875020, 36.869437 -17.875269, 36.870519 -17.875518, 36.871601 -17.875767, 36.872683 -17.876016, 36.873766 -17.876266, 36.874848 -17.876515, 36.875930 -17.876764, 36.877012 -17.877013, 36.878095 -17.877262, 36.879177 -17.877510, 36.880259 -17.877759, 36.881342 -17.878008, 36.882424 -17.878257, 36.883506 -17.878506, 36.884588 -17.878755, 36.885671 -17.879004, 36.886753 -17.879253, 36.887835 -17.879502, 36.888918 -17.879751, 36.890000 -17.880000))
