MULTILINESTRING ((-0.071500 51.419100, -0.070130 51.418822, -0.068759 51.418543, -0.067389 51.418265, -0.066019 51.417987, -0.064649 51.417708, -0.063278 51.417430, -0.061908 51.417152, -0.060538 51.416873, -0.059168 51.416595, -0.057798 51.416317, -0.056427 51.416038, -0.055057 51.415760, -0.053687 51.415481, -0.052317 51.415203, -0.050947 51.414924, -0.049577 51.414646, -0.048207 51.414367, -0.046837 51.414089, -0.045467 51.413810, -0.044097 51.413531, -0.042727 51.413253, -0.041357 51.412974, -0.039987 51.412696, -0.038617 51.412417, -0.037247 51.412138, -0.035877 51.411860, -0.034507 51.411581, -0.033137 51.411302, -0.031767 51.411023, -0.030398 51.410745, -0.029028 51.410466, -0.027658 51.410187, -0.026288 51.409908, -0.024918 51.409630, -0.023549 51.409351, -0.022179 51.409072, -0.020809 51.408793, -0.019439 51.408514, -0.018070 51.408235, -0.016700 51.407956, -0.015330 51.407678, -0.013961 51.407399, -0.012591 51.407120, -0.011222 51.406841, -0.009852 51.406562, -0.008482 51.406283, -0.007113 51.406004, -0.005743 51.405725, -0.004374 51.405446, -0.003004 51.405167, -0.001635 51.404887, -0.000265 51.404608, 0.001104 51.404329, 0.002474 51.404050, 0.003843 51.403771, 0.005212 51.403492, 0.006582 51.403213, 0.007951 51.402934, 0.009321 51.402654, 0.010690 51.402375, 0.012059 51.402096, 0.013429 51.401817, 0.014798 51.401537, 0.016167 51.401258, 0.017536 51.400979, 0.018906 51.400699, 0.020275 51.400420, 0.021644 51.400141, 0.023013 51.399861, 0.024382 51.399582, 0.025752 51.399303, 0.027121 51.399023, 0.028490 51.398744, 0.029859 51.398464, 0.031228 51.398185, 0.032597 51.397905, 0.033966 51.397626, 0.035335 51.397346, 0.036704 51.397067, 0.038073 51.396787, 0.039442 51.396508, 0.040811 51.396228, 0.042180 51.395949, 0.043549 51.395669, 0.044918 51.395389, 0.046287 51.395110, 0.047656 51.394830, 0.049025 51.394550, 0.050393 51.394271, 0.051762 51.393991, 0.053131 51.393711, 0.054500 51.393432, 0.055869 51.393152, 0.057238 51.392872, 0.058606 51.392592, 0.059975 51.392313, 0.061344 51.392033, 0.062712 51.391753, 0.064081 51.391473, 0.065450 51.391193, 0.066818 51.390913, 0.068187 51.390633, 0.069556 51.390354, 0.070924 51.390074, 0.072293 51.389794, 0.073661 51.389514, 0.075030 51.389234, 0.076399 51.388954, 0.077767 51.388674, 0.079136 51.388394, 0.080504 51.388114, 0.081873 51.387834, 0.083241 51.387554, 0.084609 51.387274, 0.085978 51.386993, 0.087346 51.386713, 0.088715 51.386433, 0.090083 51.386153, 0.091451 51.385873, 0.092820 51.385593, 0.094188 51.385313, 0.095556 51.385032, 0.096925 51.384752, 0.098293 51.384472, 0.099661 51.384192, 0.101029 51.383911, 0.102398 51.383631, 0.103766 51.383351, 0.105134 51.383070, 0.106502 51.382790, 0.107870 51.382510, 0.109238 51.382229, 0.110606 51.381949, 0.111975 51.381669, 0.113343 51.381388, 0.114711 51.381108, 0.116079 51.380827, 0.117447 51.380547, 0.118815 51.380266, 0.120183 51.379986, 0.121551 51.379705, 0.122919 51.379425, 0.124287 51.379144, 0.125655 51.378864, 0.127023 51.378583, 0.128390 51.378303, 0.129758 51.378022, 0.131126 51.377741, 0.132494 51.377461, 0.133862 51.377180, 0.135230 51.376899, 0.136598 51.376619, 0.137965 51.376338, 0.139333 51.376057, 0.140701 51.375777, 0.142069 51.375496, 0.143436 51.375215, 0.144804 51.374934, 0.146172 51.374653, 0.147539 51.374373, 0.148907 51.374092, 0.150275 51.373811, 0.151642 51.373530, 0.153010 51.373249, 0.154377 51.372968, 0.155745 51.372687, 0.157112 51.372407, 0.158480 51.372126, 0.159848 51.371845, 0.161215 51.371564, 0.162583 51.371283, 0.163950 51.371002, 0.165317 51.370721, 0.166685 51.370440, 0.168052 51.370159, 0.169420 51.369877, 0.170787 51.369596, 0.172154 51.369315, 0.173522 51.369034, 0.174889 51.368753, 0.176256 51.368472, 0.177624 51.368191, 0.178991 51.367910, 0.180358 51.367628, 0.181725 51.367347, 0.183093 51.367066, 0.184460 51.366785, 0.185827 51.366503, 0.187194 51.366222, 0.188561 51.365941, 0.189929 51.365660, 0.191296 51.365378, 0.192663 51.365097, 0.194030 51.364816, 0.195397 51.364534, 0.196764 51.364253, 0.198131 51.363971, 0.199498 51.363690, 0.200865 51.363409, 0.202232 51.363127, 0.203599 51.362846, 0.204966 51.362564, 0.206333 51.362283, 0.207700 51.362001, 0.209067 51.361720, 0.210434 51.361438, 0.211801 51.361156, 0.213167 51.360875, 0.214534 51.360593, 0.215901 51.360312, 0.217268 51.360030, 0.218635 51.359748, 0.220001 51.359467, 0.221368 51.359185, 0.222735 51.358903, 0.224102 51.358622, 0.225468 51.358340, 0.226835 51.358058, 0.228202 51.357777, 0.229568 51.357495, 0.230935 51.357213, 0.232302 51.356931, 0.233668 51.356649, 0.235035 51.356368, 0.236401 51.356086, 0.237768 51.355804, 0.239135 51.355522, 0.240501 51.355240, 0.241868 51.354958, 0.243234 51.354676, 0.244601 51.354394, 0.245967 51.354112, 0.247333 51.353830, 0.248700 51.353548, 0.250066 51.353266, 0.251433 51.352984, 0.252799 51.352702, 0.254165 51.352420, 0.255532 51.352138, 0.256898 51.351856, 0.258264 51.351574, 0.259631 51.351292, 0.260997 51.351010, 0.262363 51.350728, 0.263729 51.350445, 0.265096 51.350163, 0.266462 51.349881, 0.267828 51.349599, 0.269194 51.349317, 0.270560 51.349034, 0.271926 51.348752, 0.273293 51.348470, 0.274659 51.348187, 0.276025 51.347905, 0.277391 51.347623, 0.278757 51.347341, 0.280123 51.347058, 0.281489 51.346776, 0.282855 51.346493, 0.284221 51.346211, 0.285587 51.345929, 0.286953 51.345646, 0.288319 51.345364, 0.289685 51.345081, 0.291051 51.344799, 0.292416 51.344516, 0.293782 51.344234, 0.295148 51.343951, 0.296514 51.343669, 0.297880 51.343386, 0.299246 51.343104, 0.300611 51.342821, 0.301977 51.342538, 0.303343 51.342256, 0.304709 51.341973, 0.306074 51.341690, 0.307440 51.341408, 0.308806 51.341125, 0.310171 51.340842, 0.311537 51.340560, 0.312903 51.340277, 0.314268 51.339994, 0.315634 51.339711, 0.316999 51.339429, 0.318365 51.339146, 0.319731 51.338863, 0.321096 51.338580, 0.322462 51.338297, 0.323827 51.338014, 0.325193 51.337732, 0.326558 51.337449, 0.327923 51.337166, 0.329289 51.336883, 0.330654 51.336600, 0.332020 51.336317, 0.333385 51.336034, 0.334750 51.335751, 0.336116 51.335468, 0.337481 51.335185, 0.338846 51.334902, 0.340212 51.334619, 0.341577 51.334336, 0.342942 51.334053, 0.344307 51.333770, 0.345673 51.333486, 0.347038 51.333203, 0.348403 51.332920, 0.349768 51.332637, 0.351133 51.332354, 0.352499 51.332071, 0.353864 51.331787, 0.355229 51.331504, 0.356594 51.331221, 0.357959 51.330938, 0.359324 51.330654, 0.360689 51.330371, 0.362054 51.330088, 0.363419 51.329804, 0.364784 51.329521, 0.366149 51.329238, 0.367514 51.328954, 0.368879 51.328671, 0.370244 51.328388, 0.371609 51.328104, 0.372974 51.327821, 0.374339 51.327537, 0.375703 51.327254, 0.377068 51.326970, 0.378433 51.326687, 0.379798 51.326403, 0.381163 51.326120, 0.382527 51.325836, 0.383892 51.325553, 0.385257 51.325269, 0.386622 51.324985, 0.387986 51.324702, 0.389351 51.324418, 0.390716 51.324135, 0.392080 51.323851, 0.393445 51.323567, 0.394810 51.323284, 0.396174 51.323000, 0.397539 51.322716, 0.398903 51.322432, 0.400268 51.322149, 0.401632 51.321865, 0.402997 51.321581, 0.404361 51.321297, 0.405726 51.321014, 0.407090 51.320730, 0.408455 51.320446, 0.409819 51.320162, 0.411184 51.319878, 0.412548 51.319594, 0.413912 51.319310, 0.415277 51.319026, 0.416641 51.318742, 0.418006 51.318458, 0.419370 51.318174, 0.420734 51.317890, 0.422098 51.317606, 0.423463 51.317322, 0.424827 51.317038, 0.426191 51.316754, 0.427555 51.316470, 0.428920 51.316186, 0.430284 51.315902, 0.431648 51.315618, 0.433012 51.315334, 0.434376 51.315050, 0.435740 51.314766, 0.437104 51.314481, 0.438468 51.314197, 0.439833 51.313913, 0.441197 51.313629, 0.442561 51.313344, 0.443925 51.313060, 0.445289 51.312776, 0.446653 51.312492, 0.448017 51.312207, 0.449380 51.311923, 0.450744 51.311639, 0.452108 51.311354, 0.453472 51.311070, 0.454836 51.310786, 0.456200 51.310501, 0.457564 51.310217, 0.458928 51.309932, 0.460291 51.309648, 0.461655 51.309363, 0.463019 51.309079, 0.464383 51.308794, 0.465746 51.308510, 0.467110 51.308225, 0.468474 51.307941, 0.469838 51.307656, 0.471201 51.307372, 0.472565 51.307087, 0.473929 51.306803, 0.475292 51.306518, 0.476656 51.306233, 0.478019 51.305949, 0.479383 51.305664, 0.480746 51.305379, 0.482110 51.305095, 0.483474 51.304810, 0.484837 51.304525, 0.486201 51.304240, 0.487564 51.303956, 0.488927 51.303671, 0.490291 51.303386, 0.491654 51.303101, 0.493018 51.302816, 0.494381 51.302531, 0.495744 51.302247, 0.497108 51.301962, 0.498471 51.301677, 0.499834 51.301392, 0.501198 51.301107, 0.502561 51.300822, 0.503924 51.300537, 0.505288 51.300252, 0.506651 51.299967, 0.508014 51.299682, 0.509377 51.299397, 0.510740 51.299112, 0.512104 51.298827, 0.513467 51.298542, 0.514830 51.298257, 0.516193 51.297972, 0.517556 51.297687, 0.518919 51.297402, 0.520282 51.297116, 0.521645 51.296831, 0.523008 51.296546, 0.524371 51.296261, 0.525734 51.295976, 0.527097 51.295690, 0.528460 51.295405, 0.529823 51.295120, 0.531186 51.294835, 0.532549 51.294549, 0.533912 51.294264, 0.535275 51.293979, 0.536638 51.293693, 0.538000 51.293408, 0.539363 51.293123, 0.540726 51.292837, 0.542089 51.292552, 0.543452 51.292267, 0.544814 51.291981, 0.546177 51.291696, 0.547540 51.291410, 0.548903 51.291125, 0.550265 51.290839, 0.551628 51.290554, 0.552991 51.290268, 0.554353 51.289983, 0.555716 51.289697, 0.557078 51.289411, 0.558441 51.289126, 0.559804 51.288840, 0.561166 51.288555, 0.562529 51.288269, 0.563891 51.287983, 0.565254 51.287698, 0.566616 51.287412, 0.567979 51.287126, 0.569341 51.286841, 0.570704 51.286555, 0.572066 51.286269, 0.573428 51.285983, 0.574791 51.285698, 0.576153 51.285412, 0.577515 51.285126, 0.578878 51.284840, 0.580240 51.284554, 0.581602 51.284268, 0.582965 51.283983, 0.584327 51.283697, 0.585689 51.283411, 0.587051 51.283125, 0.588414 51.282839, 0.589776 51.282553, 0.591138 51.282267, 0.592500 51.281981, 0.593862 51.281695, 0.595225 51.281409, 0.596587 51.281123, 0.597949 51.280837, 0.599311 51.280551, 0.600673 51.280265, 0.602035 51.279979, 0.603397 51.279693, 0.604759 51.279406, 0.606121 51.279120, 0.607483 51.278834, 0.608845 51.278548, 0.610207 51.278262, 0.611569 51.277976, 0.612931 51.277689, 0.614293 51.277403, 0.615654 51.277117, 0.617016 51.276831, 0.618378 51.276544, 0.619740 51.276258, 0.621102 51.275972, 0.622464 51.275685, 0.623825 51.275399, 0.625187 51.275113, 0.626549 51.274826, 0.627911 51.274540, 0.629272 51.274253, 0.630634 51.273967, 0.631996 51.273681, 0.633357 51.273394, 0.634719 51.273108, 0.636081 51.272821, 0.637442 51.272535, 0.638804 51.272248, 0.640165 51.271962, 0.641527 51.271675, 0.642888 51.271389, 0.644250 51.271102, 0.645611 51.270815, 0.646973 51.270529, 0.648334 51.270242, 0.649696 51.269955, 0.651057 51.269669, 0.652419 51.269382, 0.653780 51.269095, 0.655141 51.268809, 0.656503 51.268522, 0.657864 51.268235, 0.659225 51.267948, 0.660587 51.267662, 0.661948 51.267375, 0.663309 51.267088, 0.664671 51.266801, 0.666032 51.266514, 0.667393 51.266228, 0.668754 51.265941, 0.670116 51.265654, 0.671477 51.265367, 0.672838 51.265080, 0.674199 51.264793, 0.675560 51.264506, 0.676921 51.264219, 0.678282 51.263932, 0.679643 51.263645, 0.681004 51.263358, 0.682366 51.263071, 0.683727 51.262784, 0.685088 51.262497, 0.686449 51.262210, 0.687810 51.261923, 0.689171 51.261636, 0.690531 51.261349, 0.691892 51.261062, 0.693253 51.260774, 0.694614 51.260487, 0.695975 51.260200, 0.697336 51.259913, 0.698697 51.259626, 0.700058 51.259338, 0.701418 51.259051, 0.702779 51.258764, 0.704140 51.258477, 0.705501 51.258189, 0.706861 51.257902, 0.708222 51.257615, 0.709583 51.257327, 0.710944 51.257040, 0.712304 51.256753, 0.713665 51.256465, 0.715025 51.256178, 0.716386 51.255890, 0.717747 51.255603, 0.719107 51.255315, 0.720468 51.255028, 0.721828 51.254740, 0.723189 51.254453, 0.724549 51.254165, 0.725910 51.253878, 0.727270 51.253590, 0.728631 51.253303, 0.729991 51.253015, 0.731352 51.252728, 0.732712 51.252440, 0.734073 51.252152, 0.735433 51.251865, 0.736793 51.251577, 0.738154 51.251289, 0.739514 51.251002, 0.740874 51.250714, 0.742235 51.250426, 0.743595 51.250139, 0.744955 51.249851, 0.746315 51.249563, 0.747676 51.249275, 0.749036 51.248988, 0.750396 51.248700, 0.751756 51.248412, 0.753116 51.248124, 0.754477 51.247836, 0.755837 51.247548, 0.757197 51.247260, 0.758557 51.246972, 0.759917 51.246685, 0.761277 51.246397, 0.762637 51.246109, 0.763997 51.245821, 0.765357 51.245533, 0.766717 51.245245, 0.768077 51.244957, 0.769437 51.244669, 0.770797 51.244381, 0.772157 51.244092, 0.773517 51.243804, 0.774877 51.243516, 0.776236 51.243228, 0.777596 51.242940, 0.778956 51.242652, 0.780316 51.242364, 0.781676 51.242076, 0.783036 51.241787, 0.784395 51.241499, 0.785755 51.241211, 0.787115 51.240923, 0.788475 51.240634, 0.789834 51.240346, 0.791194 51.240058, 0.792554 51.239770, 0.793913 51.239481, 0.795273 51.239193, 0.796632 51.238905, 0.797992 51.238616, 0.799352 51.238328, 0.800711 51.238039, 0.802071 51.237751, 0.803430 51.237463, 0.804790 51.237174, 0.806149 51.236886, 0.807509 51.236597, 0.808868 51.236309, 0.810228 51.236020, 0.811587 51.235732, 0.812946 51.235443, 0.814306 51.235155, 0.815665 51.234866, 0.817025 51.234577, 0.818384 51.234289, 0.819743 51.234000, 0.821103 51.233712, 0.822462 51.233423, 0.823821 51.233134, 0.825180 51.232846, 0.826540 51.232557, 0.827899 51.232268, 0.829258 51.231979, 0.830617 51.231691, 0.831976 51.231402, 0.833336 51.231113, 0.834695 51.230824, 0.836054 51.230536, 0.837413 51.230247, 0.838772 51.229958, 0.840131 51.229669, 0.841490 51.229380, 0.842849 51.229091, 0.844208 51.228802, 0.845567 51.228513, 0.846926 51.228225, 0.848285 51.227936, 0.849644 51.227647, 0.851003 51.227358, 0.852362 51.227069, 0.853721 51.226780, 0.855080 51.226491, 0.856439 51.226202, 0.857797 51.225912, 0.859156 51.225623, 0.860515 51.225334, 0.861874 51.225045, 0.863233 51.224756, 0.864591 51.224467, 0.865950 51.224178, 0.867309 51.223889, 0.868668 51.223599, 0.870026 51.223310, 0.871385 51.223021, 0.872744 51.222732, 0.874102 51.222443, 0.875461 51.222153, 0.876819 51.221864, 0.878178 51.221575, 0.879537 51.221285, 0.880895 51.220996, 0.882254 51.220707, 0.883612 51.220417, 0.884971 51.220128, 0.886329 51.219839, 0.887688 51.219549, 0.889046 51.219260, 0.890405 51.218970, 0.891763 51.218681, 0.893121 51.218391, 0.894480 51.218102, 0.895838 51.217812, 0.897197 51.217523, 0.898555 51.217233, 0.899913 51.216944, 0.901271 51.216654, 0.902630 51.216365, 0.903988 51.216075, 0.905346 51.215786, 0.906705 51.215496, 0.908063 51.215206, 0.909421 51.214917, 0.910779 51.214627, 0.912137 51.214337, 0.913495 51.214048, 0.914854 51.213758, 0.916212 51.213468, 0.917570 51.213178, 0.918928 51.212889, 0.920286 51.212599, 0.921644 51.212309, 0.923002 51.212019, 0.924360 51.211729, 0.925718 51.211439, 0.927076 51.211150, 0.928434 51.210860, 0.929792 51.210570, 0.931150 51.210280, 0.932508 51.209990, 0.933866 51.209700, 0.935223 51.209410, 0.936581 51.209120, 0.937939 51.208830, 0.939297 51.208540, 0.940655 51.208250, 0.942013 51.207960, 0.943370 51.207670, 0.944728 51.207380, 0.946086 51.207090, 0.947444 51.206800, 0.948801 51.206510, 0.950159 51.206220, 0.951517 51.205929, 0.952874 51.205639, 0.954232 51.205349, 0.955589 51.205059, 0.956947 51.204769, 0.958305 51.204478, 0.959662 51.204188, 0.961020 51.203898, 0.962377 51.203608, 0.963735 51.203317, 0.965092 51.203027, 0.966450 51.202737, 0.967807 51.202446, 0.969165 51.202156, 0.970522 51.201866, 0.971880 51.201575, 0.973237 51.201285, 0.974594 51.200995, 0.975952 51.200704, 0.977309 51.200414, 0.978666 51.200123, 0.980024 51.199833, 0.981381 51.199542, 0.982738 51.199252, 0.984095 51.198961, 0.985453 51.198671, 0.986810 51.198380, 0.988167 51.198090, 0.989524 51.197799, 0.990881 51.197508, 0.992239 51.197218, 0.993596 51.196927, 0.994953 51.196637, 0.996310 51.196346, 0.997667 51.196055, 0.999024 51.195764, 1.000381 51.195474, 1.001738 51.195183, 1.003095 51.194892, 1.004452 51.194602, 1.005809 51.194311, 1.007166 51.194020, 1.008523 51.193729, 1.009880 51.193438, 1.011237 51.193148, 1.012594 51.192857, 1.013951 51.192566, 1.015308 51.192275, 1.016664 51.191984, 1.018021 51.191693, 1.019378 51.191402, 1.020735 51.191111, 1.022092 51.190820, 1.023448 51.190529, 1.024805 51.190238, 1.026162 51.189947, 1.027519 51.189656, 1.028875 51.189365, 1.030232 51.189074, 1.031589 51.188783, 1.032945 51.188492, 1.034302 51.188201, 1.035658 51.187910, 1.037015 51.187619, 1.038372 51.187328, 1.039728 51.187036, 1.041085 51.186745, 1.042441 51.186454, 1.043798 51.186163, 1.045154 51.185872, 1.046511 51.185580, 1.047867 51.185289, 1.049224 51.184998, 1.050580 51.184706, 1.051936 51.184415, 1.053293 51.184124, 1.054649 51.183833, 1.056006 51.183541, 1.057362 51.183250, 1.058718 51.182958, 1.060074 51.182667, 1.061431 51.182376, 1.062787 51.182084, 1.064143 51.181793, 1.065499 51.181501, 1.066856 51.181210, 1.068212 51.180918, 1.069568 51.180627, 1.070924 51.180335, 1.072280 51.180044, 1.073636 51.179752, 1.074993 51.179461, 1.076349 51.179169, 1.077705 51.178877, 1.079061 51.178586, 1.080417 51.178294, 1.081773 51.178002, 1.083129 51.177711, 1.084485 51.177419, 1.085841 51.177127, 1.087197 51.176836, 1.088553 51.176544, 1.089909 51.176252, 1.091265 51.175960, 1.092620 51.175669, 1.093976 51.175377, 1.095332 51.175085, 1.096688 51.174793, 1.098044 51.174501, 1.099400 51.174210, 1.100755 51.173918, 1.102111 51.173626, 1.103467 51.173334, 1.104823 51.173042, 1.106178 51.172750, 1.107534 51.172458, 1.108890 51.172166, 1.110245 51.171874, 1.111601 51.171582, 1.112957 51.171290, 1.114312 51.170998, 1.115668 51.170706, 1.117023 51.170414, 1.118379 51.170122, 1.119735 51.169830, 1.121090 51.169538, 1.122446 51.169246, 1.123801 51.168954, 1.125157 51.168661, 1.126512 51.168369, 1.127867 51.168077, 1.129223 51.167785, 1.130578 51.167493, 1.131934 51.167200, 1.133289 51.166908, 1.134644 51.166616, 1.136000 51.166324, 1.137355 51.166031, 1.138710 51.165739, 1.140066 51.165447, 1.141421 51.165154, 1.142776 51.164862, 1.144131 51.164570, 1.145487 51.164277, 1.146842 51.163985, 1.148197 51.163692, 1.149552 51.163400, 1.150907 51.163108, 1.152262 51.162815, 1.153618 51.162523, 1.154973 51.162230, 1.156328 51.161938, 1.157683 51.161645, 1.159038 51.161352, 1.160393 51.161060, 1.161748 51.160767, 1.163103 51.160475, 1.164458 51.160182, 1.165813 51.159890, 1.167168 51.159597, 1.168523 51.159304, 1.169878 51.159012, 1.171232 51.158719, 1.172587 51.158426, 1.173942 51.158133, 1.175297 51.157841, 1.176652 51.157548, 1.178007 51.157255, 1.179361 51.156962, 1.180716 51.156670, 1.182071 51.156377, 1.183426 51.156084, 1.184780 51.155791, 1.186135 51.155498, 1.187490 51.155205, 1.188844 51.154913, 1.190199 51.154620, 1.191554 51.154327, 1.192908 51.154034, 1.194263 51.153741, 1.195617 51.153448, 1.196972 51.153155, 1.198327 51.152862, 1.199681 51.152569, 1.201036 51.152276, 1.202390 51.151983, 1.203745 51.151690, 1.205099 51.151397, 1.206453 51.151104, 1.207808 51.150810, 1.209162 51.150517, 1.210517 51.150224, 1.211871 51.149931, 1.213225 51.149638, 1.214580 51.149345, 1.215934 51.149052, 1.217288 51.148758, 1.218643 51.148465, 1.219997 51.148172, 1.221351 51.147879, 1.222705 51.147585, 1.224060 51.147292, 1.225414 51.146999, 1.226768 51.146705, 1.228122 51.146412, 1.229476 51.146119, 1.230831 51.145825, 1.232185 51.145532, 1.233539 51.145238, 1.234893 51.144945, 1.236247 51.144652, 1.237601 51.144358, 1.238955 51.144065, 1.240309 51.143771, 1.241663 51.143478, 1.243017 51.143184, 1.244371 51.142891, 1.245725 51.142597, 1.247079 51.142304, 1.248433 51.142010, 1.249787 51.141716, 1.251140 51.141423, 1.252494 51.141129, 1.253848 51.140836, 1.255202 51.140542, 1.256556 51.140248, 1.257910 51.139955, 1.259263 51.139661, 1.260617 51.139367, 1.261971 51.139073, 1.263325 51.138780, 1.264678 51.138486, 1.266032 51.138192, 1.267386 51.137898, 1.268739 51.137605, 1.270093 51.137311, 1.271446 51.137017, 1.272800 51.136723, 1.274154 51.136429, 1.275507 51.136135, 1.276861 51.135841, 1.278214 51.135547, 1.279568 51.135253, 1.280921 51.134960, 1.282275 51.134666, 1.283628 51.134372, 1.284982 51.134078, 1.286335 51.133784, 1.287689 51.133490, 1.289042 51.133195, 1.290395 51.132901, 1.291749 51.132607, 1.293102 51.132313, 1.294455 51.132019, 1.295809 51.131725, 1.297162 51.131431, 1.298515 51.131137, 1.299868 51.130843, 1.301222 51.130548, 1.302575 51.130254, 1.303928 51.129960, 1.305281 51.129666, 1.306634 51.129371, 1.307988 51.129077, 1.309341 51.128783, 1.310694 51.128489, 1.312047 51.128194, 1.313400 51.127900), (1.313400 51.127900, 1.314676 51.127491, 1.315952 51.127083, 1.317228 51.126674, 1.318504 51.126265, 1.319779 51.125856, 1.321055 51.125448, 1.322331 51.125039, 1.323607 51.124630, 1.324883 51.124221, 1.326158 51.123812, 1.327434 51.123404, 1.328710 51.122995, 1.329985 51.122586, 1.331261 51.122177, 1.332537 51.121768, 1.333812 51.121359, 1.335088 51.120950, 1.336363 51.120541, 1.337639 51.120132, 1.338914 51.119723, 1.340190 51.119314, 1.341465 51.118905, 1.342741 51.118496, 1.344016 51.118087, 1.345291 51.117678, 1.346567 51.117269, 1.347842 51.116860, 1.349117 51.116451, 1.350393 51.116042, 1.351668 51.115633, 1.352943 51.115224, 1.354219 51.114815, 1.355494 51.114406, 1.356769 51.113996, 1.358044 51.113587, 1.359319 51.113178, 1.360594 51.112769, 1.361869 51.112360, 1.363144 51.111951, 1.364420 51.111541, 1.365695 51.111132, 1.366970 51.110723, 1.368245 51.110313, 1.369520 51.109904, 1.370794 51.109495, 1.372069 51.109086, 1.373344 51.108676, 1.374619 51.108267, 1.375894 51.107857, 1.377169 51.107448, 1.378444 51.107039, 1.379718 51.106629, 1.380993 51.106220, 1.382268 51.105810, 1.383543 51.105401, 1.384817 51.104992, 1.386092 51.104582, 1.387367 51.104173, 1.388641 51.103763, 1.389916 51.103354, 1.391190 51.102944, 1.392465 51.102535, 1.393739 51.102125, 1.395014 51.101715, 1.396288 51.101306, 1.397563 51.100896, 1.398837 51.100487, 1.400112 51.100077, 1.401386 51.099667, 1.402660 51.099258, 1.403935 51.098848, 1.405209 51.098438, 1.406483 51.098029, 1.407758 51.097619, 1.409032 51.097209, 1.410306 51.096799, 1.411580 51.096390, 1.412855 51.095980, 1.414129 51.095570, 1.415403 51.095160, 1.416677 51.094751, 1.417951 51.094341, 1.419225 51.093931, 1.420499 51.093521, 1.421773 51.093111, 1.423047 51.092701, 1.424321 51.092291, 1.425595 51.091882, 1.426869 51.091472, 1.428143 51.091062, 1.429417 51.090652, 1.430691 51.090242, 1.431965 51.089832, 1.433239 51.089422, 1.434512 51.089012, 1.435786 51.088602, 1.437060 51.088192, 1.438334 51.087782, 1.439607 51.087372, 1.440881 51.086962, 1.442155 51.086551, 1.443428 51.086141, 1.444702 51.085731, 1.445976 51.085321, 1.447249 51.084911, 1.448523 51.084501, 1.449796 51.084091, 1.451070 51.083681, 1.452343 51.083270, 1.453617 51.082860, 1.454890 51.082450, 1.456164 51.082040, 1.457437 51.081629, 1.458710 51.081219, 1.459984 51.080809, 1.461257 51.080399, 1.462530 51.079988, 1.463804 51.079578, 1.465077 51.079168, 1.466350 51.078757, 1.467623 51.078347, 1.468897 51.077937, 1.470170 51.077526, 1.471443 51.077116, 1.472716 51.076705, 1.473989 51.076295, 1.475262 51.075884, 1.476535 51.075474, 1.477808 51.075064, 1.479081 51.074653, 1.480354 51.074243, 1.481627 51.073832, 1.482900 51.073422, 1.484173 51.073011, 1.485446 51.072600, 1.486719 51.072190, 1.487992 51.071779, 1.489265 51.071369, 1.490538 51.070958, 1.491810 51.070547, 1.493083 51.070137, 1.494356 51.069726, 1.495629 51.069315, 1.496901 51.068905, 1.498174 51.068494, 1.499447 51.068083, 1.500719 51.067673, 1.501992 51.067262, 1.503264 51.066851, 1.504537 51.066440, 1.505810 51.066030, 1.507082 51.065619, 1.508355 51.065208, 1.509627 51.064797, 1.510899 51.064386, 1.512172 51.063976, 1.513444 51.063565, 1.514717 51.063154, 1.515989 51.062743, 1.517261 51.062332, 1.518534 51.061921, 1.519806 51.061510, 1.521078 51.061099, 1.522350 51.060688, 1.523623 51.060277, 1.524895 51.059866, 1.526167 51.059455, 1.527439 51.059044, 1.528711 51.058633, 1.529984 51.058222, 1.531256 51.057811, 1.532528 51.057400, 1.533800 51.056989, 1.535072 51.056578, 1.536344 51.056167, 1.537616 51.055756, 1.538888 51.055345, 1.540160 51.054934, 1.541431 51.054522, 1.542703 51.054111, 1.543975 51.053700, 1.545247 51.053289, 1.546519 51.052878, 1.547791 51.052466, 1.549062 51.052055, 1.550334 51.051644, 1.551606 51.051233, 1.552878 51.050821, 1.554149 51.050410, 1.555421 51.049999, 1.556693 51.049587, 1.557964 51.049176, 1.559236 51.048765, 1.560507 51.048353, 1.561779 51.047942, 1.563050 51.047531, 1.564322 51.047119, 1.565593 51.046708, 1.566865 51.046296, 1.568136 51.045885, 1.569408 51.045473, 1.570679 51.045062, 1.571951 51.044650, 1.573222 51.044239, 1.574493 51.043827, 1.575764 51.043416, 1.577036 51.043004, 1.578307 51.042593, 1.579578 51.042181, 1.580849 51.041770, 1.582121 51.041358, 1.583392 51.040946, 1.584663 51.040535, 1.585934 51.040123, 1.587205 51.039711, 1.588476 51.039300, 1.589747 51.038888, 1.591018 51.038476, 1.592289 51.038065, 1.593560 51.037653, 1.594831 51.037241, 1.596102 51.036829, 1.597373 51.036418, 1.598644 51.036006, 1.599915 51.035594, 1.601186 51.035182, 1.602457 51.034770, 1.603727 51.034359, 1.604998 51.033947, 1.606269 51.033535, 1.607540 51.033123, 1.608810 51.032711, 1.610081 51.032299, 1.611352 51.031887, 1.612622 51.031475, 1.613893 51.031063, 1.615164 51.030651, 1.616434 51.030239, 1.617705 51.029827, 1.618975 51.029415, 1.620246 51.029003, 1.621516 51.028591, 1.622787 51.028179, 1.624057 51.027767, 1.625328 51.027355, 1.626598 51.026943, 1.627868 51.026531, 1.629139 51.026119, 1.630409 51.025707, 1.631679 51.025295, 1.632950 51.024882, 1.634220 51.024470, 1.635490 51.024058, 1.636760 51.023646, 1.638030 51.023234, 1.639301 51.022821, 1.640571 51.022409, 1.641841 51.021997, 1.643111 51.021585, 1.644381 51.021172, 1.645651 51.020760, 1.646921 51.020348, 1.648191 51.019936, 1.649461 51.019523, 1.650731 51.019111, 1.652001 51.018698, 1.653271 51.018286, 1.654541 51.017874, 1.655811 51.017461, 1.657081 51.017049, 1.658350 51.016636, 1.659620 51.016224, 1.660890 51.015812, 1.662160 51.015399, 1.663430 51.014987, 1.664699 51.014574, 1.665969 51.014162, 1.667239 51.013749, 1.668508 51.013337, 1.669778 51.012924, 1.671048 51.012511, 1.672317 51.012099, 1.673587 51.011686, 1.674856 51.011274, 1.676126 51.010861, 1.677395 51.010448, 1.678665 51.010036, 1.679934 51.009623, 1.681204 51.009210, 1.682473 51.008798, 1.683742 51.008385, 1.685012 51.007972, 1.686281 51.007560, 1.687550 51.007147, 1.688820 51.006734, 1.690089 51.006321, 1.691358 51.005908, 1.692627 51.005496, 1.693897 51.005083, 1.695166 51.004670, 1.696435 51.004257, 1.697704 51.003844, 1.698973 51.003431, 1.700242 51.003019, 1.701511 51.002606, 1.702780 51.002193, 1.704049 51.001780, 1.705318 51.001367, 1.706587 51.000954, 1.707856 51.000541, 1.709125 51.000128, 1.710394 50.999715, 1.711663 50.999302, 1.712932 50.998889, 1.714201 50.998476, 1.715469 50.998063, 1.716738 50.997650, 1.718007 50.997237, 1.719276 50.996824, 1.720545 50.996411, 1.721813 50.995997, 1.723082 50.995584, 1.724351 50.995171, 1.725619 50.994758, 1.726888 50.994345, 1.728156 50.993932, 1.729425 50.993518, 1.730693 50.993105, 1.731962 50.992692, 1.733231 50.992279, 1.734499 50.991866, 1.735767 50.991452, 1.737036 50.991039, 1.738304 50.990626, 1.739573 50.990212, 1.740841 50.989799, 1.742109 50.989386, 1.743378 50.988972, 1.744646 50.988559, 1.745914 50.988146, 1.747183 50.987732, 1.748451 50.987319, 1.749719 50.986905, 1.750987 50.986492, 1.752255 50.986079, 1.753523 50.985665, 1.754792 50.985252, 1.756060 50.984838, 1.757328 50.984425, 1.758596 50.984011, 1.759864 50.983598, 1.761132 50.983184, 1.762400 50.982770, 1.763668 50.982357, 1.764936 50.981943, 1.766204 50.981530, 1.767471 50.981116, 1.768739 50.980702, 1.770007 50.980289, 1.771275 50.979875, 1.772543 50.979461, 1.773811 50.979048, 1.775078 50.978634, 1.776346 50.978220, 1.777614 50.977807, 1.778881 50.977393, 1.780149 50.976979, 1.781417 50.976565, 1.782684 50.976152, 1.783952 50.975738, 1.785219 50.975324, 1.786487 50.974910, 1.787755 50.974496, 1.789022 50.974083, 1.790290 50.973669, 1.791557 50.973255, 1.792824 50.972841, 1.794092 50.972427, 1.795359 50.972013, 1.796627 50.971599, 1.797894 50.971185, 1.799161 50.970771, 1.800429 50.970357, 1.801696 50.969943, 1.802963 50.969529, 1.804230 50.969115, 1.805498 50.968701, 1.806765 50.968287, 1.808032 50.967873, 1.809299 50.967459, 1.810566 50.967045, 1.811833 50.966631, 1.813100 50.966217, 1.814367 50.965803, 1.815634 50.965389, 1.816901 50.964975, 1.818168 50.964560, 1.819435 50.964146, 1.820702 50.963732, 1.821969 50.963318, 1.823236 50.962904, 1.824503 50.962489, 1.825770 50.962075, 1.827037 50.961661, 1.828303 50.961247, 1.829570 50.960832, 1.830837 50.960418, 1.832104 50.960004, 1.833370 50.959589, 1.834637 50.959175, 1.835904 50.958761, 1.837170 50.958346, 1.838437 50.957932, 1.839704 50.957518, 1.840970 50.957103, 1.842237 50.956689, 1.843503 50.956274, 1.844770 50.955860, 1.846036 50.955445, 1.847303 50.955031, 1.848569 50.954616, 1.849836 50.954202, 1.851102 50.953787, 1.852368 50.953373, 1.853635 50.952958, 1.854901 50.952544, 1.856167 50.952129, 1.857434 50.951715, 1.858700 50.951300), (1.858700 50.951300, 1.864012 50.929716, 1.869319 50.908132, 1.874622 50.886548, 1.879919 50.864963, 1.885212 50.843378, 1.890499 50.821793, 1.895782 50.800208, 1.901060 50.778622, 1.906333 50.757036, 1.911601 50.735450, 1.916864 50.713864, 1.922122 50.692278, 1.927376 50.670691, 1.932625 50.649104, 1.937869 50.627517, 1.943108 50.605929, 1.948342 50.584342, 1.953571 50.562754, 1.958796 50.541166, 1.964016 50.519577, 1.969231 50.497989, 1.974442 50.476400, 1.979647 50.454811, 1.984848 50.433221, 1.990044 50.411632, 1.995236 50.390042, 2.000422 50.368452, 2.005604 50.346862, 2.010782 50.325271, 2.015954 50.303681, 2.021122 50.282090, 2.026285 50.260498, 2.031444 50.238907, 2.036597 50.217315, 2.041747 50.195724, 2.046891 50.174132, 2.052031 50.152539, 2.057166 50.130947, 2.062297 50.109354, 2.067423 50.087761, 2.072544 50.066168, 2.077661 50.044574, 2.082773 50.022981, 2.087881 50.001387, 2.092983 49.979793, 2.098082 49.958198, 2.103176 49.936604, 2.108265 49.915009, 2.113350 49.893414, 2.118430 49.871819, 2.123505 49.850223, 2.128576 49.828628, 2.133643 49.807032, 2.138705 49.785436, 2.143762 49.763840, 2.148815 49.742243, 2.153864 49.720646, 2.158908 49.699049, 2.163947 49.677452, 2.168983 49.655855, 2.174013 49.634257, 2.179039 49.612659, 2.184061 49.591061, 2.189078 49.569463, 2.194091 49.547864, 2.199099 49.526266, 2.204103 49.504667, 2.209103 49.483068, 2.214098 49.461468, 2.219089 49.439869, 2.224075 49.418269, 2.229057 49.396669, 2.234034 49.375069, 2.239008 49.353468, 2.243976 49.331867, 2.248941 49.310267, 2.253901 49.288666, 2.258857 49.267064, 2.263808 49.245463, 2.268755 49.223861, 2.273698 49.202259, 2.278636 49.180657, 2.283571 49.159055, 2.288500 49.137452, 2.293426 49.115849, 2.298347 49.094246, 2.303264 49.072643, 2.308177 49.051040, 2.313085 49.029436, 2.317990 49.007832, 2.322889 48.986228, 2.327785 48.964624, 2.332677 48.943020, 2.337564 48.921415, 2.342447 48.899810, 2.347325 48.878205, 2.352200 48.856600, 2.376051 48.841361, 2.399888 48.826118, 2.423710 48.810869, 2.447517 48.795616, 2.471310 48.780358, 2.495089 48.765095, 2.518853 48.749827, 2.542603 48.734554, 2.566338 48.719276, 2.590059 48.703994, 2.613766 48.688706, 2.637458 48.673414, 2.661136 48.658116, 2.684799 48.642814, 2.708448 48.627507, 2.732083 48.612196, 2.755703 48.596879, 2.779309 48.581558, 2.802901 48.566231, 2.826478 48.550900, 2.850041 48.535565, 2.873590 48.520224, 2.897125 48.504878, 2.920645 48.489528, 2.944151 48.474173, 2.967643 48.458813, 2.991121 48.443449, 3.014584 48.428079, 3.038033 48.412705, 3.061469 48.397326, 3.084890 48.381943, 3.108296 48.366554, 3.131689 48.351161, 3.155067 48.335763, 3.178432 48.320360, 3.201782 48.304953, 3.225118 48.289541, 3.248440 48.274124, 3.271748 48.258703, 3.295042 48.243276, 3.318322 48.227845, 3.341588 48.212410, 3.364840 48.196969, 3.388078 48.181524, 3.411302 48.166075, 3.434511 48.150620, 3.457707 48.135161, 3.480889 48.119698, 3.504057 48.104229, 3.527211 48.088756, 3.550351 48.073279, 3.573477 48.057796, 3.596590 48.042309, 3.619688 48.026818, 3.642773 48.011322, 3.665843 47.995821, 3.688900 47.980315, 3.711943 47.964805, 3.734972 47.949291, 3.757987 47.933771, 3.780989 47.918248, 3.803976 47.902719, 3.826950 47.887186, 3.849910 47.871648, 3.872856 47.856106, 3.895789 47.840560, 3.918708 47.825008, 3.941613 47.809452, 3.964504 47.793892, 3.987382 47.778327, 4.010246 47.762757, 4.033096 47.747183, 4.055933 47.731605, 4.078755 47.716022, 4.101565 47.700434, 4.124360 47.684842, 4.147142 47.669245, 4.169911 47.653644, 4.192666 47.638038, 4.215407 47.622428, 4.238134 47.606813, 4.260848 47.591194, 4.283549 47.575571, 4.306236 47.559943, 4.328909 47.544310, 4.351569 47.528673, 4.374216 47.513031, 4.396849 47.497385, 4.419468 47.481735, 4.442074 47.466080, 4.464666 47.450421, 4.487245 47.434757, 4.509811 47.419089, 4.532363 47.403416, 4.554902 47.387739, 4.577427 47.372058, 4.599939 47.356372, 4.622438 47.340682, 4.644923 47.324987, 4.667395 47.309288, 4.689853 47.293585, 4.712298 47.277877, 4.734730 47.262165, 4.757149 47.246448, 4.779554 47.230727, 4.801946 47.215002, 4.824324 47.199272, 4.846690 47.183538, 4.869042 47.167800, 4.891381 47.152057, 4.913706 47.136310, 4.936019 47.120559, 4.958318 47.104803, 4.980604 47.089043, 5.002877 47.073279, 5.025137 47.057510, 5.047383 47.041737, 5.069616 47.025960, 5.091837 47.010178, 5.114044 46.994392, 5.136238 46.978602, 5.158418 46.962808, 5.180586 46.947009, 5.202741 46.931206, 5.224882 46.915399, 5.247011 46.899587, 5.269126 46.883771, 5.291229 46.867951, 5.313318 46.852127, 5.335395 46.836298, 5.357458 46.820465, 5.379509 46.804628, 5.401546 46.788787, 5.423570 46.772942, 5.445582 46.757092, 5.467580 46.741238, 5.489566 46.725380, 5.511539 46.709517, 5.533499 46.693651, 5.555445 46.677780, 5.577379 46.661905, 5.599301 46.646026, 5.621209 46.630143, 5.643104 46.614255, 5.664987 46.598363, 5.686856 46.582467, 5.708713 46.566567, 5.730557 46.550663, 5.752389 46.534755, 5.774207 46.518842, 5.796013 46.502926, 5.817806 46.487005, 5.839586 46.471080, 5.861353 46.455151, 5.883108 46.439218, 5.904850 46.423280, 5.926579 46.407339, 5.948296 46.391394, 5.970000 46.375444, 5.991691 46.359490, 6.013370 46.343532, 6.035036 46.327570, 6.056689 46.311604, 6.078329 46.295634, 6.099957 46.279660, 6.121573 46.263682, 6.143176 46.247699, 6.164766 46.231713, 6.186343 46.215723, 6.207909 46.199728, 6.229461 46.183729, 6.251001 46.167727, 6.272528 46.151720, 6.294043 46.135709, 6.315546 46.119695, 6.337036 46.103676, 6.358513 46.087653, 6.379978 46.071626, 6.401431 46.055596, 6.422871 46.039561, 6.444298 46.023522, 6.465713 46.007479, 6.487116 45.991432, 6.508507 45.975381, 6.529885 45.959326, 6.551250 45.943268, 6.572603 45.927205, 6.593944 45.911138, 6.615273 45.895067, 6.636589 45.878993, 6.657892 45.862914, 6.679184 45.846831, 6.700463 45.830745, 6.721730 45.814654, 6.742985 45.798560, 6.764227 45.782461, 6.785457 45.766359, 6.806675 45.750253, 6.827880 45.734143, 6.849073 45.718029, 6.870255 45.701911, 6.891423 45.685789, 6.912580 45.669663, 6.933725 45.653533, 6.954857 45.637399, 6.975977 45.621262, 6.997085 45.605120, 7.018181 45.588975, 7.039265 45.572826, 7.060336 45.556673, 7.081396 45.540516, 7.102443 45.524355, 7.123478 45.508190, 7.144501 45.492022, 7.165513 45.475849, 7.186512 45.459673, 7.207499 45.443493, 7.228474 45.427309, 7.249437 45.411121, 7.270388 45.394930, 7.291326 45.378734, 7.312253 45.362535, 7.333168 45.346332, 7.354071 45.330125, 7.374962 45.313915, 7.395841 45.297700, 7.416709 45.281482, 7.437564 45.265260, 7.458407 45.249034, 7.479239 45.232804, 7.500058 45.216571, 7.520866 45.200333, 7.541661 45.184092, 7.562445 45.167848, 7.583217 45.151599, 7.603977 45.135347, 7.624726 45.119091, 7.645462 45.102831, 7.666187 45.086567, 7.686900 45.070300, 7.717826 45.071335, 7.748753 45.072362, 7.779681 45.073381, 7.810611 45.074391, 7.841541 45.075393, 7.872473 45.076386, 7.903405 45.077372, 7.934339 45.078348, 7.965274 45.079317, 7.996209 45.080277, 8.027146 45.081229, 8.058084 45.082172, 8.089023 45.083107, 8.119963 45.084034, 8.150904 45.084953, 8.181845 45.085863, 8.212788 45.086764, 8.243732 45.087658, 8.274677 45.088542, 8.305622 45.089419, 8.336569 45.090287, 8.367517 45.091147, 8.398465 45.091999, 8.429414 45.092842, 8.460365 45.093677, 8.491316 45.094503, 8.522268 45.095321, 8.553221 45.096131, 8.584175 45.096932, 8.615130 45.097725, 8.646085 45.098510, 8.677042 45.099286, 8.707999 45.100054, 8.738957 45.100814, 8.769916 45.101565, 8.800876 45.102308, 8.831836 45.103042, 8.862798 45.103768, 8.893760 45.104486, 8.924723 45.105195, 8.955686 45.105896, 8.986651 45.106589, 9.017616 45.107273, 9.048582 45.107949, 9.079549 45.108617, 9.110516 45.109276, 9.141484 45.109927, 9.172453 45.110569, 9.203422 45.111203, 9.234392 45.111829, 9.265363 45.112446, 9.296335 45.113055, 9.327307 45.113656, 9.358279 45.114248, 9.389253 45.114832, 9.420227 45.115407, 9.451202 45.115974, 9.482177 45.116533, 9.513153 45.117083, 9.544129 45.117625, 9.575106 45.118159, 9.606084 45.118684, 9.637062 45.119201, 9.668041 45.119709, 9.699020 45.120209, 9.730000 45.120701, 9.760980 45.121184, 9.791961 45.121659, 9.822943 45.122126, 9.853925 45.122584, 9.884907 45.123034, 9.915890 45.123475, 9.946873 45.123908, 9.977857 45.124333, 10.008841 45.124749, 10.039826 45.125157, 10.070811 45.125557, 10.101797 45.125948, 10.132783 45.126331, 10.163769 45.126705, 10.194756 45.127072, 10.225743 45.127429, 10.256731 45.127778, 10.287719 45.128119, 10.318707 45.128452, 10.349696 45.128776, 10.380685 45.129092, 10.411674 45.129399, 10.442664 45.129698, 10.473654 45.129989, 10.504644 45.130271, 10.535635 45.130545, 10.566626 45.130811, 10.597617 45.131068, 10.628609 45.131316, 10.659601 45.131557, 10.690593 45.131789, 10.721585 45.132012, 10.752577 45.132227, 10.783570 45.132434, 10.814563 45.132633, 10.845556 45.132823, 10.876550 45.133004, 10.907543 45.133178, 10.938537 45.133343, 10.969531 45.133499, 11.000525 45.133647, 11.031519 45.133787, 11.062514 45.133918, 11.093508 45.134041, 11.124503 45.134156, 11.155498 45.134262, 11.186492 45.134360, 11.217487 45.134450, 11.248482 45.134531, 11.279478 45.134603, 11.310473 45.134668, 11.341468 45.134724, 11.372464 45.134771, 11.403459 45.134810, 11.434454 45.134841, 11.465450 45.134863, 11.496445 45.134877, 11.527441 45.134883, 11.558436 45.134880, 11.589432 45.134869, 11.620427 45.134850, 11.651423 45.134822, 11.682418 45.134785, 11.713414 45.134741, 11.744409 45.134688, 11.775404 45.134626, 11.806400 45.134556, 11.837395 45.134478, 11.868390 45.134392, 11.899385 45.134297, 11.930379 45.134193, 11.961374 45.134081, 11.992369 45.133961, 12.023363 45.133833, 12.054357 45.133696, 12.085352 45.133551, 12.116346 45.133397, 12.147339 45.133235, 12.178333 45.133064, 12.209326 45.132886, 12.240320 45.132698, 12.271313 45.132503, 12.302306 45.132299, 12.333298 45.132087, 12.364290 45.131866, 12.395283 45.131637, 12.426274 45.131399, 12.457266 45.131153, 12.488257 45.130899, 12.519248 45.130636, 12.550239 45.130365, 12.581230 45.130086, 12.612220 45.129798, 12.643210 45.129502, 12.674199 45.129198, 12.705188 45.128885, 12.736177 45.128563, 12.767166 45.128234, 12.798154 45.127896, 12.829141 45.127549, 12.860129 45.127194, 12.891116 45.126831, 12.922102 45.126460, 12.953088 45.126080, 12.984074 45.125691, 13.015059 45.125295, 13.046044 45.124889, 13.077029 45.124476, 13.108013 45.124054, 13.138996 45.123624, 13.169979 45.123185, 13.200962 45.122738, 13.231944 45.122283, 13.262925 45.121819, 13.293907 45.121347, 13.324887 45.120867, 13.355867 45.120378, 13.386847 45.119881, 13.417826 45.119375, 13.448804 45.118861, 13.479782 45.118339, 13.510759 45.117808, 13.541736 45.117269, 13.572712 45.116721, 13.603687 45.116165, 13.634662 45.115601, 13.665636 45.115029, 13.696610 45.114448, 13.727583 45.113858, 13.758555 45.113261, 13.789527 45.112654, 13.820498 45.112040, 13.851468 45.111417, 13.882438 45.110786, 13.913407 45.110146, 13.944375 45.109498, 13.975343 45.108842, 14.006310 45.108177, 14.037276 45.107504, 14.068241 45.106823, 14.099206 45.106133, 14.130170 45.105435, 14.161133 45.104729, 14.192096 45.104014, 14.223057 45.103290, 14.254018 45.102559, 14.284978 45.101819, 14.315937 45.101071, 14.346896 45.100314, 14.377853 45.099549, 14.408810 45.098775, 14.439766 45.097994, 14.470721 45.097203, 14.501675 45.096405, 14.532628 45.095598, 14.563581 45.094783, 14.594532 45.093959, 14.625483 45.093127, 14.656433 45.092287, 14.687381 45.091438, 14.718329 45.090581, 14.749276 45.089716, 14.780222 45.088842, 14.811167 45.087960, 14.842111 45.087070, 14.873055 45.086171, 14.903997 45.085264, 14.934938 45.084348, 14.965878 45.083424, 14.996817 45.082492, 15.027755 45.081551, 15.058693 45.080602, 15.089629 45.079645, 15.120564 45.078679, 15.151498 45.077705, 15.182431 45.076723, 15.213363 45.075732, 15.244293 45.074733, 15.275223 45.073726, 15.306152 45.072710, 15.337079 45.071686, 15.368006 45.070654, 15.398931 45.069613, 15.429855 45.068564, 15.460778 45.067506, 15.491700 45.066441, 15.522621 45.065366, 15.553540 45.064284, 15.584459 45.063193, 15.615376 45.062094, 15.646292 45.060986, 15.677207 45.059870, 15.708120 45.058746, 15.739033 45.057614, 15.769944 45.056473, 15.800854 45.055324, 15.831762 45.054166, 15.862670 45.053000, 15.893576 45.051826, 15.924481 45.050643, 15.955384 45.049452, 15.986286 45.048253, 16.017187 45.047046, 16.048087 45.045830, 16.078985 45.044605, 16.109882 45.043373, 16.140778 45.042132, 16.171672 45.040883, 16.202565 45.039625, 16.233457 45.038359, 16.264347 45.037085, 16.295236 45.035803, 16.326124 45.034512, 16.357010 45.033213, 16.387894 45.031905, 16.418778 45.030589, 16.449660 45.029265, 16.480540 45.027933, 16.511419 45.026592, 16.542296 45.025243, 16.573172 45.023885, 16.604047 45.022519, 16.634920 45.021145, 16.665792 45.019763, 16.696662 45.018372, 16.727531 45.016973, 16.758398 45.015566, 16.789263 45.014150, 16.820127 45.012726, 16.850990 45.011294, 16.881851 45.009853, 16.912710 45.008404, 16.943568 45.006947, 16.974424 45.005482, 17.005279 45.004008, 17.036132 45.002526, 17.066984 45.001035, 17.097833 44.999536, 17.128682 44.998029, 17.159528 44.996514, 17.190373 44.994990, 17.221217 44.993458, 17.252058 44.991918, 17.282898 44.990370, 17.313737 44.988813, 17.344574 44.987248, 17.375409 44.985674, 17.406242 44.984092, 17.437073 44.982502, 17.467903 44.980904, 17.498732 44.979297, 17.529558 44.977682, 17.560383 44.976059, 17.591206 44.974428, 17.622027 44.972788, 17.652846 44.971140, 17.683664 44.969483, 17.714480 44.967819, 17.745294 44.966146, 17.776106 44.964464, 17.806916 44.962775, 17.837725 44.961077, 17.868532 44.959371, 17.899337 44.957656, 17.930140 44.955934, 17.960941 44.954203, 17.991741 44.952464, 18.022538 44.950716, 18.053334 44.948960, 18.084128 44.947196, 18.114919 44.945424, 18.145709 44.943643, 18.176498 44.941855, 18.207284 44.940057, 18.238068 44.938252, 18.268850 44.936438, 18.299630 44.934616, 18.330409 44.932786, 18.361185 44.930948, 18.391960 44.929101, 18.422732 44.927246, 18.453502 44.925383, 18.484271 44.923511, 18.515037 44.921631, 18.545802 44.919743, 18.576564 44.917847, 18.607324 44.915942, 18.638083 44.914029, 18.668839 44.912108, 18.699593 44.910179, 18.730345 44.908241, 18.761095 44.906296, 18.791843 44.904341, 18.822589 44.902379, 18.853333 44.900408, 18.884075 44.898430, 18.914814 44.896443, 18.945551 44.894447, 18.976287 44.892444, 19.007020 44.890432, 19.037751 44.888412, 19.068480 44.886383, 19.099206 44.884347, 19.129931 44.882302, 19.160653 44.880249, 19.191373 44.878188, 19.222091 44.876118, 19.252806 44.874041, 19.283520 44.871955, 19.314231 44.869860, 19.344940 44.867758, 19.375647 44.865647, 19.406351 44.863528, 19.437053 44.861401, 19.467753 44.859266, 19.498451 44.857122, 19.529146 44.854971, 19.559839 44.852811, 19.590530 44.850642, 19.621218 44.848466, 19.651904 44.846281, 19.682588 44.844088, 19.713270 44.841887, 19.743949 44.839678, 19.774625 44.837461, 19.805300 44.835235, 19.835972 44.833001, 19.866641 44.830759, 19.897309 44.828508, 19.927973 44.826250, 19.958636 44.823983, 19.989296 44.821708, 20.019953 44.819425, 20.050608 44.817134, 20.081261 44.814834, 20.111911 44.812526, 20.142559 44.810210, 20.173204 44.807886, 20.203847 44.805554, 20.234488 44.803213, 20.265126 44.800864, 20.295761 44.798507, 20.326394 44.796142, 20.357024 44.793769, 20.387652 44.791388, 20.418277 44.788998, 20.448900 44.786600, 20.470932 44.771397, 20.492952 44.756191, 20.514961 44.740980, 20.536958 44.725765, 20.558944 44.710545, 20.580918 44.695321, 20.602880 44.680094, 20.624831 44.664862, 20.646771 44.649625, 20.668699 44.634385, 20.690615 44.619140, 20.712520 44.603891, 20.734413 44.588638, 20.756295 44.573381, 20.778166 44.558120, 20.800025 44.542854, 20.821872 44.527584, 20.843708 44.512310, 20.865533 44.497032, 20.887346 44.481750, 20.909148 44.466464, 20.930938 44.451173, 20.952717 44.435879, 20.974484 44.420580, 20.996240 44.405277, 21.017985 44.389970, 21.039719 44.374659, 21.061441 44.359344, 21.083151 44.344024, 21.104851 44.328701, 21.126538 44.313373, 21.148215 44.298041, 21.169880 44.282706, 21.191534 44.267366, 21.213177 44.252022, 21.234809 44.236674, 21.256429 44.221322, 21.278037 44.205965, 21.299635 44.190605, 21.321221 44.175241, 21.342796 44.159872, 21.364360 44.144500, 21.385913 44.129123, 21.407454 44.113743, 21.428985 44.098358, 21.450504 44.082969, 21.472011 44.067577, 21.493508 44.052180, 21.514993 44.036779, 21.536468 44.021374, 21.557931 44.005965, 21.579383 43.990553, 21.600823 43.975136, 21.622253 43.959715, 21.643672 43.944290, 21.665079 43.928861, 21.686476 43.913428, 21.707861 43.897992, 21.729235 43.882551, 21.750598 43.867106, 21.771950 43.851657, 21.793291 43.836204, 21.814621 43.820748, 21.835940 43.805287, 21.857248 43.789822, 21.878544 43.774354, 21.899830 43.758881, 21.921105 43.743405, 21.942369 43.727924, 21.963621 43.712440, 21.984863 43.696952, 22.006094 43.681459, 22.027314 43.665963, 22.048523 43.650463, 22.069721 43.634959, 22.090908 43.619451, 22.112084 43.603939, 22.133249 43.588423, 22.154403 43.572904, 22.175547 43.557380, 22.196679 43.541853, 22.217801 43.526321, 22.238912 43.510786, 22.260011 43.495247, 22.281100 43.479704, 22.302179 43.464157, 22.323246 43.448607, 22.344302 43.433052, 22.365348 43.417493, 22.386383 43.401931, 22.407407 43.386365, 22.428420 43.370795, 22.449423 43.355221, 22.470414 43.339643, 22.491395 43.324062, 22.512365 43.308476, 22.533325 43.292887, 22.554273 43.277294, 22.575211 43.261697, 22.596139 43.246097, 22.617055 43.230492, 22.637961 43.214884, 22.658856 43.199272, 22.679740 43.183656, 22.700614 43.168036, 22.721477 43.152413, 22.742329 43.136786, 22.763171 43.121154, 22.784002 43.105520, 22.804822 43.089881, 22.825632 43.074239, 22.846431 43.058593, 22.867220 43.042943, 22.887998 43.027289, 22.908765 43.011631, 22.929522 42.995970, 22.950268 42.980305, 22.971004 42.964637, 22.991729 42.948964, 23.012443 42.933288, 23.033147 42.917608, 23.053840 42.901925, 23.074523 42.886237, 23.095196 42.870546, 23.115858 42.854851, 23.136509 42.839153, 23.157150 42.823451, 23.177780 42.807745, 23.198400 42.792035, 23.219010 42.776322, 23.239608 42.760605, 23.260197 42.744884, 23.280775 42.729160, 23.301343 42.713432, 23.321900 42.697700, 23.349803 42.690254, 23.377700 42.682801, 23.405589 42.675341, 23.433473 42.667875, 23.461349 42.660401, 23.489219 42.652921, 23.517082 42.645435, 23.544938 42.637941, 23.572787 42.630441, 23.600630 42.622934, 23.628466 42.615420, 23.656296 42.607899, 23.684119 42.600372, 23.711935 42.592838, 23.739744 42.585298, 23.767546 42.577750, 23.795342 42.570196, 23.823131 42.562635, 23.850913 42.555068, 23.878689 42.547493, 23.906458 42.539912, 23.934220 42.532325, 23.961975 42.524730, 23.989724 42.517129, 24.017466 42.509521, 24.045201 42.501907, 24.072929 42.494286, 24.100651 42.486658, 24.128365 42.479024, 24.156073 42.471382, 24.183775 42.463735, 24.211469 42.456080, 24.239157 42.448419, 24.266838 42.440751, 24.294512 42.433077, 24.322179 42.425395, 24.349840 42.417708, 24.377494 42.410013, 24.405141 42.402312, 24.432781 42.394604, 24.460415 42.386890, 24.488041 42.379169, 24.515661 42.371441, 24.543274 42.363707, 24.570880 42.355966, 24.598480 42.348219, 24.626073 42.340464, 24.653658 42.332704, 24.681238 42.324936, 24.708810 42.317162, 24.736375 42.309382, 24.763934 42.301595, 24.791486 42.293801, 24.819030 42.286000, 24.846569 42.278193, 24.874100 42.270380, 24.901624 42.262560, 24.929142 42.254733, 24.956653 42.246900, 24.984157 42.239060, 25.011654 42.231214, 25.039144 42.223361, 25.066628 42.215501, 25.094104 42.207635, 25.121574 42.199762, 25.149037 42.191883, 25.176493 42.183997, 25.203943 42.176105, 25.231385 42.168206, 25.258820 42.160301, 25.286249 42.152389, 25.313671 42.144470, 25.341086 42.136545, 25.368494 42.128614, 25.395895 42.120676, 25.423290 42.112731, 25.450677 42.104780, 25.478058 42.096823, 25.505431 42.088859, 25.532798 42.080888, 25.560158 42.072911, 25.587511 42.064927, 25.614858 42.056937, 25.642197 42.048941, 25.669529 42.040938, 25.696855 42.032928, 25.724174 42.024912, 25.751485 42.016890, 25.778790 42.008861, 25.806088 42.000825, 25.833379 41.992784, 25.860664 41.984735, 25.887941 41.976680, 25.915211 41.968619, 25.942475 41.960551, 25.969731 41.952477, 25.996981 41.944397, 26.024224 41.936310, 26.051460 41.928216, 26.078689 41.920116, 26.105911 41.912010, 26.133126 41.903897, 26.160334 41.895778, 26.187535 41.887652, 26.214730 41.879520, 26.241917 41.871382, 26.269098 41.863237, 26.296271 41.855086, 26.323438 41.846928, 26.350598 41.838764, 26.377751 41.830593, 26.404897 41.822416, 26.432035 41.814233, 26.459167 41.806044, 26.486293 41.797847, 26.513411 41.789645, 26.540522 41.781436, 26.567626 41.773221, 26.594723 41.765000, 26.621814 41.756772, 26.648897 41.748537, 26.675974 41.740297, 26.703043 41.732050, 26.730106 41.723797, 26.757161 41.715537, 26.784210 41.707271, 26.811252 41.698999, 26.838286 41.690720, 26.865314 41.682435, 26.892335 41.674144, 26.919349 41.665846, 26.946356 41.657542, 26.973355 41.649232, 27.000348 41.640915, 27.027334 41.632592, 27.054313 41.624263, 27.081285 41.615927, 27.108250 41.607585, 27.135209 41.599237, 27.162160 41.590883, 27.189104 41.582522, 27.216041 41.574155, 27.242971 41.565782, 27.269894 41.557402, 27.296810 41.549016, 27.323720 41.540624, 27.350622 41.532225, 27.377517 41.523821, 27.404405 41.515410, 27.431287 41.506993, 27.458161 41.498569, 27.485028 41.490139, 27.511889 41.481703, 27.538742 41.473261, 27.565588 41.464813, 27.592427 41.456358, 27.619260 41.447897, 27.646085 41.439430, 27.672903 41.430956, 27.699715 41.422477, 27.726519 41.413991, 27.753316 41.405499, 27.780106 41.397000, 27.806890 41.388496, 27.833666 41.379985, 27.860435 41.371468, 27.887198 41.362945, 27.913953 41.354416, 27.940701 41.345880, 27.967442 41.337339, 27.994176 41.328791, 28.020904 41.320237, 28.047624 41.311676, 28.074337 41.303110, 28.101043 41.294537, 28.127742 41.285958, 28.154434 41.277373, 28.181119 41.268782, 28.207797 41.260185, 28.234468 41.251582, 28.261132 41.242972, 28.287789 41.234356, 28.314439 41.225734, 28.341082 41.217106, 28.367718 41.208472, 28.394347 41.199832, 28.420968 41.191185, 28.447583 41.182533, 28.474191 41.173874, 28.500792 41.165209, 28.527385 41.156538, 28.553972 41.147861, 28.580551 41.139178, 28.607124 41.130489, 28.633690 41.121794, 28.660248 41.113092, 28.686799 41.104385, 28.713344 41.095671, 28.739881 41.086951, 28.766411 41.078225, 28.792935 41.069493, 28.819451 41.060755, 28.845960 41.052011, 28.872462 41.043261, 28.898957 41.034505, 28.925445 41.025743, 28.951926 41.016974, 28.978400 41.008200, 29.007002 41.004776, 29.035602 41.001345, 29.064198 40.997907, 29.092792 40.994462, 29.121382 40.991009, 29.149969 40.987550, 29.178554 40.984084, 29.207135 40.980610, 29.235714 40.977130, 29.264289 40.973642, 29.292861 40.970148, 29.321431 40.966646, 29.349997 40.963137, 29.378560 40.959622, 29.407120 40.956099, 29.435678 40.952569, 29.464232 40.949032, 29.492783 40.945488, 29.521331 40.941937, 29.549876 40.938379, 29.578417 40.934814, 29.606956 40.931242, 29.635492 40.927663, 29.664024 40.924077, 29.692554 40.920484, 29.721080 40.916883, 29.749603 40.913276, 29.778124 40.909662, 29.806641 40.906041, 29.835154 40.902412, 29.863665 40.898777, 29.892173 40.895135, 29.920677 40.891485, 29.949179 40.887829, 29.977677 40.884165, 30.006172 40.880495, 30.034664 40.876817, 30.063152 40.873133, 30.091638 40.869442, 30.120120 40.865743, 30.148599 40.862038, 30.177075 40.858325, 30.205548 40.854606, 30.234018 40.850879, 30.262484 40.847146, 30.290947 40.843405, 30.319407 40.839658, 30.347864 40.835903, 30.376317 40.832142, 30.404767 40.828373, 30.433214 40.824598, 30.461658 40.820816, 30.490099 40.817026, 30.518536 40.813230, 30.546970 40.809426, 30.575401 40.805616, 30.603828 40.801799, 30.632252 40.797974, 30.660673 40.794143, 30.689091 40.790305, 30.717505 40.786460, 30.745917 40.782608, 30.774324 40.778748, 30.802729 40.774882, 30.831130 40.771009, 30.859528 40.767129, 30.887922 40.763242, 30.916313 40.759348, 30.944701 40.755447, 30.973086 40.751539, 31.001467 40.747625, 31.029845 40.743703, 31.058219 40.739774, 31.086591 40.735838, 31.114958 40.731896, 31.143323 40.727946, 31.171684 40.723990, 31.200042 40.720026, 31.228396 40.716056, 31.256747 40.712079, 31.285094 40.708094, 31.313438 40.704103, 31.341779 40.700105, 31.370117 40.696100, 31.398450 40.692088, 31.426781 40.688069, 31.455108 40.684043, 31.483432 40.680011, 31.511752 40.675971, 31.540069 40.671924, 31.568382 40.667871, 31.596692 40.663810, 31.624998 40.659743, 31.653301 40.655669, 31.681601 40.651588, 31.709897 40.647500, 31.738190 40.643405, 31.766479 40.639303, 31.794765 40.635194, 31.823047 40.631078, 31.851325 40.626956, 31.879601 40.622826, 31.907872 40.618690, 31.936140 40.614547, 31.964405 40.610396, 31.992666 40.606239, 32.020924 40.602076, 32.049178 40.597905, 32.077429 40.593727, 32.105676 40.589542, 32.133919 40.585351, 32.162159 40.581153, 32.190396 40.576947, 32.218629 40.572735, 32.246858 40.568516, 32.275084 40.564291, 32.303306 40.560058, 32.331525 40.555818, 32.359740 40.551572, 32.387951 40.547319, 32.416159 40.543059, 32.444363 40.538792, 32.472564 40.534518, 32.500761 40.530237, 32.528955 40.525949, 32.557144 40.521655, 32.585331 40.517354, 32.613513 40.513046, 32.641692 40.508731, 32.669868 40.504409, 32.698040 40.500080, 32.726208 40.495745, 32.754372 40.491402, 32.782533 40.487053, 32.810690 40.482697, 32.838844 40.478334, 32.866994 40.473965, 32.895140 40.469588, 32.923282 40.465205, 32.951421 40.460815, 32.979556 40.456418, 33.007688 40.452014, 33.035816 40.447603, 33.063940 40.443186, 33.092060 40.438762, 33.120177 40.434331, 33.148290 40.429893, 33.176399 40.425448, 33.204505 40.420997, 33.232606 40.416538, 33.260705 40.412073, 33.288799 40.407602, 33.316890 40.403123, 33.344977 40.398637, 33.373060 40.394145, 33.401139 40.389646, 33.429215 40.385140, 33.457287 40.380628, 33.485355 40.376108, 33.513419 40.371582, 33.541480 40.367049, 33.569537 40.362509, 33.597590 40.357963, 33.625639 40.353409, 33.653684 40.348849, 33.681726 40.344282, 33.709764 40.339709, 33.737798 40.335128, 33.765828 40.330541, 33.793855 40.325947, 33.821877 40.321346, 33.849896 40.316739, 33.877911 40.312125, 33.905922 40.307504, 33.933929 40.302876, 33.961933 40.298242, 33.989932 40.293600, 34.017928 40.288952, 34.045920 40.284298, 34.073908 40.279636, 34.101892 40.274968, 34.129873 40.270293, 34.157849 40.265611, 34.185822 40.260923, 34.213791 40.256228, 34.241755 40.251526, 34.269716 40.246817, 34.297673 40.242102, 34.325626 40.237380, 34.353576 40.232651, 34.381521 40.227915, 34.409462 40.223173, 34.437400 40.218424, 34.465334 40.213668, 34.493263 40.208906, 34.521189 40.204137, 34.549111 40.199361, 34.577029 40.194578, 34.604943 40.189789, 34.632853 40.184993, 34.660759 40.180191, 34.688661 40.175381, 34.716559 40.170565, 34.744453 40.165743, 34.772343 40.160913, 34.800230 40.156077, 34.828112 40.151234, 34.855990 40.146385, 34.883864 40.141529, 34.911735 40.136666, 34.939601 40.131796, 34.967463 40.126920, 34.995322 40.122037, 35.023176 40.117147, 35.051026 40.112251, 35.078873 40.107348, 35.106715 40.102439, 35.134553 40.097523, 35.162387 40.092600, 35.190218 40.087670, 35.218044 40.082734, 35.245866 40.077791, 35.273684 40.072841, 35.301498 40.067885, 35.329308 40.062922, 35.357114 40.057953, 35.384916 40.052977, 35.412714 40.047994, 35.440507 40.043005, 35.468297 40.038009, 35.496083 40.033006, 35.523864 40.027997, 35.551642 40.022981, 35.579415 40.017958, 35.607184 40.012929, 35.634950 40.007893, 35.662711 40.002851, 35.690468 39.997801, 35.718221 39.992746, 35.745969 39.987683, 35.773714 39.982614, 35.801455 39.977539, 35.829191 39.972457, 35.856923 39.967368, 35.884651 39.962273, 35.912375 39.957171, 35.940095 39.952062, 35.967811 39.946947, 35.995523 39.941825, 36.023230 39.936697, 36.050933 39.931562, 36.078632 39.926420, 36.106327 39.921272, 36.134018 39.916117, 36.161705 39.910956, 36.189387 39.905788, 36.217065 39.900613, 36.244740 39.895432, 36.272409 39.890245, 36.300075 39.885050, 36.327737 39.879850, 36.355394 39.874642, 36.383047 39.869428, 36.410696 39.864208, 36.438341 39.858981, 36.465981 39.853747, 36.493617 39.848507, 36.521249 39.843260, 36.548877 39.838007, 36.576501 39.832747, 36.604120 39.827481, 36.631735 39.822208, 36.659346 39.816928, 36.686953 39.811642, 36.714555 39.806349, 36.742153 39.801050, 36.769747 39.795745, 36.797337 39.790432, 36.824922 39.785114, 36.852503 39.779789, 36.880080 39.774457, 36.907653 39.769118, 36.935221 39.763774, 36.962785 39.758422, 36.990345 39.753064, 37.017900 39.747700, 37.046101 39.748023, 37.074303 39.748339, 37.102505 39.748649, 37.130707 39.748951, 37.158909 39.749247, 37.187111 39.749536, 37.215314 39.749818, 37.243517 39.750094, 37.271720 39.750362, 37.299924 39.750624, 37.328127 39.750879, 37.356331 39.751127, 37.384535 39.751368, 37.412739 39.751602, 37.440944 39.751830, 37.469149 39.752050, 37.497353 39.752264, 37.525558 39.752471, 37.553763 39.752671, 37.581969 39.752865, 37.610174 39.753051, 37.638380 39.753231, 37.666585 39.753404, 37.694791 39.753570, 37.722997 39.753730, 37.751203 39.753882, 37.779410 39.754028, 37.807616 39.754166, 37.835823 39.754298, 37.864029 39.754423, 37.892236 39.754542, 37.920443 39.754653, 37.948649 39.754758, 37.976856 39.754856, 38.005063 39.754947, 38.033271 39.755031, 38.061478 39.755108, 38.089685 39.755179, 38.117892 39.755242, 38.146100 39.755299, 38.174307 39.755349, 38.202514 39.755393, 38.230722 39.755429, 38.258929 39.755458, 38.287137 39.755481, 38.315344 39.755497, 38.343552 39.755506, 38.371759 39.755508, 38.399967 39.755504, 38.428174 39.755492, 38.456382 39.755474, 38.484589 39.755449, 38.512797 39.755417, 38.541004 39.755379, 38.569212 39.755333, 38.597419 39.755281, 38.625626 39.755221, 38.653834 39.755155, 38.682041 39.755083, 38.710248 39.755003, 38.738455 39.754916, 38.766662 39.754823, 38.794869 39.754723, 38.823076 39.754616, 38.851283 39.754502, 38.879489 39.754381, 38.907696 39.754254, 38.935902 39.754120, 38.964109 39.753978, 38.992315 39.753830, 39.020521 39.753676, 39.048727 39.753514, 39.076933 39.753346, 39.105138 39.753170, 39.133344 39.752988, 39.161549 39.752799, 39.189754 39.752604, 39.217960 39.752401, 39.246164 39.752192, 39.274369 39.751975, 39.302574 39.751752, 39.330778 39.751523, 39.358982 39.751286, 39.387186 39.751042, 39.415390 39.750792, 39.443594 39.750535, 39.471797 39.750271, 39.500000 39.750000, 39.526783 39.742652, 39.553561 39.735298, 39.580333 39.727938, 39.607099 39.720572, 39.633860 39.713200, 39.660615 39.705821, 39.687364 39.698436, 39.714107 39.691046, 39.740845 39.683649, 39.767577 39.676246, 39.794303 39.668836, 39.821023 39.661421, 39.847738 39.654000, 39.874447 39.646572, 39.901150 39.639138, 39.927848 39.631699, 39.954539 39.624253, 39.981225 39.616801, 40.007906 39.609343, 40.034580 39.601878, 40.061249 39.594408, 40.087912 39.586932, 40.114569 39.579449, 40.141221 39.571961, 40.167866 39.564466, 40.194506 39.556965, 40.221141 39.549458, 40.247769 39.541945, 40.274392 39.534426, 40.301009 39.526901, 40.327620 39.519370, 40.354225 39.511833, 40.380825 39.504290, 40.407418 39.496740, 40.434006 39.489185, 40.460589 39.481624, 40.487165 39.474056, 40.513736 39.466483, 40.540301 39.458903, 40.566860 39.451317, 40.593413 39.443726, 40.619961 39.436128, 40.646502 39.428524, 40.673038 39.420915, 40.699569 39.413299, 40.726093 39.405677, 40.752611 39.398049, 40.779124 39.390415, 40.805631 39.382775, 40.832132 39.375130, 40.858628 39.367478, 40.885117 39.359820, 40.911601 39.352156, 40.938079 39.344486, 40.964551 39.336810, 40.991017 39.329128, 41.017478 39.321440, 41.043932 39.313747, 41.070381 39.306047, 41.096824 39.298341, 41.123261 39.290629, 41.149693 39.282911, 41.176118 39.275187, 41.202538 39.267458, 41.228952 39.259722, 41.255360 39.251980, 41.281762 39.244233, 41.308158 39.236479, 41.334549 39.228720, 41.360934 39.220954, 41.387312 39.213183, 41.413685 39.205405, 41.440053 39.197622, 41.466414 39.189833, 41.492769 39.182037, 41.519119 39.174236, 41.545463 39.166429, 41.571801 39.158616, 41.598133 39.150797, 41.624459 39.142972, 41.650780 39.135141, 41.677094 39.127305, 41.703403 39.119462, 41.729706 39.111613, 41.756002 39.103759, 41.782294 39.095899, 41.808579 39.088032, 41.834858 39.080160, 41.861132 39.072282, 41.887399 39.064398, 41.913661 39.056508, 41.939917 39.048613, 41.966167 39.040711, 41.992411 39.032804, 42.018649 39.024890, 42.044882 39.016971, 42.071108 39.009046, 42.097329 39.001115, 42.123544 38.993178, 42.149753 38.985235, 42.175956 38.977287, 42.202153 38.969332, 42.228344 38.961372, 42.254529 38.953406, 42.280709 38.945434, 42.306882 38.937456, 42.333050 38.929472, 42.359212 38.921483, 42.385368 38.913487, 42.411518 38.905486, 42.437662 38.897479, 42.463800 38.889466, 42.489932 38.881447, 42.516059 38.873423, 42.542179 38.865392, 42.568294 38.857356, 42.594402 38.849314, 42.620505 38.841267, 42.646602 38.833213, 42.672693 38.825154, 42.698778 38.817088, 42.724857 38.809017, 42.750931 38.800941, 42.776998 38.792858, 42.803059 38.784770, 42.829115 38.776676, 42.855164 38.768576, 42.881208 38.760470, 42.907246 38.752358, 42.933278 38.744241, 42.959304 38.736118, 42.985324 38.727989, 43.011338 38.719855, 43.037346 38.711714, 43.063348 38.703568, 43.089344 38.695416, 43.115335 38.687259, 43.141319 38.679095, 43.167298 38.670926, 43.193270 38.662751, 43.219237 38.654571, 43.245198 38.646384, 43.271153 38.638192, 43.297101 38.629994, 43.323044 38.621791, 43.348981 38.613582, 43.374912 38.605367, 43.400837 38.597146, 43.426757 38.588920, 43.452670 38.580687, 43.478577 38.572450, 43.504478 38.564206, 43.530374 38.555957, 43.556263 38.547702, 43.582147 38.539441, 43.608024 38.531175, 43.633896 38.522903, 43.659762 38.514625, 43.685621 38.506341, 43.711475 38.498052, 43.737323 38.489757, 43.763165 38.481457, 43.789001 38.473151, 43.814831 38.464839, 43.840655 38.456521, 43.866473 38.448198, 43.892285 38.439869, 43.918091 38.431535, 43.943891 38.423195, 43.969685 38.414849, 43.995474 38.406497, 44.021256 38.398140, 44.047032 38.389778, 44.072803 38.381409, 44.098567 38.373035, 44.124326 38.364655, 44.150078 38.356270, 44.175824 38.347879, 44.201565 38.339482, 44.227300 38.331080, 44.253028 38.322672, 44.278751 38.314259, 44.304468 38.305840, 44.330178 38.297415, 44.355883 38.288985, 44.381582 38.280549, 44.407274 38.272108, 44.432961 38.263660, 44.458642 38.255208, 44.484317 38.246749, 44.509986 38.238286, 44.535649 38.229816, 44.561306 38.221341, 44.586957 38.212860, 44.612602 38.204374, 44.638240 38.195882, 44.663873 38.187385, 44.689500 38.178882, 44.715122 38.170374, 44.740737 38.161859, 44.766346 38.153340, 44.791949 38.144815, 44.817546 38.136284, 44.843137 38.127748, 44.868722 38.119206, 44.894301 38.110658, 44.919874 38.102105, 44.945442 38.093547, 44.971003 38.084983, 44.996558 38.076413, 45.022107 38.067838, 45.047650 38.059258, 45.073187 38.050671, 45.098719 38.042080, 45.124244 38.033482, 45.149763 38.024880, 45.175276 38.016272, 45.200784 38.007658, 45.226285 37.999039, 45.251780 37.990414, 45.277269 37.981784, 45.302753 37.973148, 45.328230 37.964507, 45.353701 37.955860, 45.379167 37.947208, 45.404626 37.938550, 45.430079 37.929887, 45.455526 37.921218, 45.480968 37.912544, 45.506403 37.903864, 45.531832 37.895179, 45.557255 37.886488, 45.582673 37.877792, 45.608084 37.869091, 45.633489 37.860384, 45.658888 37.851671, 45.684282 37.842954, 45.709669 37.834230, 45.735050 37.825501, 45.760425 37.816767, 45.785795 37.808028, 45.811158 37.799282, 45.836515 37.790532, 45.861866 37.781776, 45.887212 37.773015, 45.912551 37.764248, 45.937884 37.755475, 45.963211 37.746698, 45.988532 37.737915, 46.013847 37.729126, 46.039157 37.720332, 46.064460 37.711533, 46.089757 37.702728, 46.115048 37.693918, 46.140333 37.685102, 46.165612 37.676282, 46.190885 37.667455, 46.216152 37.658623, 46.241413 37.649786, 46.266668 37.640944, 46.291918 37.632096, 46.317161 37.623243, 46.342398 37.614384, 46.367629 37.605520, 46.392854 37.596651, 46.418073 37.587776, 46.443285 37.578896, 46.468492 37.570010, 46.493693 37.561120, 46.518888 37.552223, 46.544077 37.543322, 46.569260 37.534415, 46.594437 37.525503, 46.619608 37.516585, 46.644772 37.507662, 46.669931 37.498734, 46.695084 37.489800, 46.720231 37.480861, 46.745372 37.471917, 46.770506 37.462968, 46.795635 37.454013, 46.820758 37.445053, 46.845874 37.436087, 46.870985 37.427116, 46.896090 37.418140, 46.921188 37.409159, 46.946281 37.400172, 46.971368 37.391180, 46.996448 37.382182, 47.021523 37.373180, 47.046591 37.364172, 47.071654 37.355159, 47.096710 37.346140, 47.121761 37.337116, 47.146805 37.328087, 47.171844 37.319053, 47.196876 37.310013, 47.221902 37.300968, 47.246923 37.291918, 47.271937 37.282863, 47.296945 37.273802, 47.321948 37.264736, 47.346944 37.255665, 47.371934 37.246588, 47.396918 37.237506, 47.421897 37.228419, 47.446869 37.219327, 47.471835 37.210230, 47.496795 37.201127, 47.521749 37.192019, 47.546697 37.182906, 47.571640 37.173788, 47.596576 37.164664, 47.621506 37.155535, 47.646430 37.146401, 47.671348 37.137262, 47.696260 37.128117, 47.721166 37.118968, 47.746066 37.109813, 47.770960 37.100653, 47.795847 37.091487, 47.820729 37.082317, 47.845605 37.073141, 47.870475 37.063960, 47.895339 37.054774, 47.920197 37.045583, 47.945048 37.036386, 47.969894 37.027185, 47.994734 37.017978, 48.019568 37.008766, 48.044395 36.999549, 48.069217 36.990326, 48.094033 36.981099, 48.118842 36.971866, 48.143646 36.962628, 48.168443 36.953385, 48.193235 36.944137, 48.218021 36.934884, 48.242800 36.925625, 48.267574 36.916362, 48.292341 36.907093, 48.317103 36.897819, 48.341858 36.888540, 48.366608 36.879256, 48.391351 36.869967, 48.416088 36.860672, 48.440820 36.851373, 48.465545 36.842068, 48.490264 36.832758, 48.514978 36.823443, 48.539685 36.814123, 48.564386 36.804798, 48.589082 36.795468, 48.613771 36.786133, 48.638454 36.776792, 48.663131 36.767447, 48.687803 36.758096, 48.712468 36.748740, 48.737127 36.739379, 48.761780 36.730014, 48.786427 36.720643, 48.811068 36.711267, 48.835704 36.701885, 48.860333 36.692499, 48.884956 36.683108, 48.909573 36.673712, 48.934184 36.664310, 48.958789 36.654904, 48.983388 36.645492, 49.007981 36.636076, 49.032568 36.626654, 49.057149 36.617227, 49.081724 36.607796, 49.106293 36.598359, 49.130856 36.588917, 49.155413 36.579470, 49.179964 36.570018, 49.204509 36.560561, 49.229048 36.551099, 49.253581 36.541632, 49.278108 36.532160, 49.302629 36.522683, 49.327143 36.513201, 49.351652 36.503714, 49.376155 36.494222, 49.400652 36.484725, 49.425143 36.475223, 49.449628 36.465716, 49.474107 36.456204, 49.498579 36.446687, 49.523046 36.437165, 49.547507 36.427637, 49.571962 36.418105, 49.596411 36.408568, 49.620854 36.399026, 49.645290 36.389479, 49.669721 36.379927, 49.694146 36.370370, 49.718565 36.360808, 49.742978 36.351241, 49.767385 36.341670, 49.791785 36.332093, 49.816180 36.322511, 49.840569 36.312924, 49.864952 36.303333, 49.889329 36.293736, 49.913699 36.284134, 49.938064 36.274528, 49.962423 36.264916, 49.986776 36.255300, 50.011123 36.245679, 50.035464 36.236052, 50.059798 36.226421, 50.084127 36.216785, 50.108450 36.207144, 50.132767 36.197498, 50.157078 36.187847, 50.181383 36.178191, 50.205682 36.168530, 50.229975 36.158865, 50.254261 36.149194, 50.278542 36.139519, 50.302817 36.129839, 50.327086 36.120153, 50.351349 36.110463, 50.375606 36.100768, 50.399857 36.091068, 50.424102 36.081363, 50.448341 36.071654, 50.472574 36.061939, 50.496801 36.052220, 50.521022 36.042496, 50.545237 36.032766, 50.569446 36.023032, 50.593649 36.013293, 50.617847 36.003550, 50.642038 35.993801, 50.666223 35.984048, 50.690402 35.974289, 50.714575 35.964526, 50.738742 35.954758, 50.762904 35.944985, 50.787059 35.935207, 50.811208 35.925425, 50.835352 35.915637, 50.859489 35.905845, 50.883620 35.896048, 50.907746 35.886246, 50.931865 35.876440, 50.955978 35.866628, 50.980086 35.856812, 51.004187 35.846991, 51.028283 35.837165, 51.052373 35.827334, 51.076456 35.817498, 51.100534 35.807658, 51.124605 35.797813, 51.148671 35.787963, 51.172731 35.778108, 51.196785 35.768249, 51.220832 35.758384, 51.244874 35.748515, 51.268910 35.738641, 51.292940 35.728762, 51.316964 35.718879, 51.340982 35.708991, 51.364994 35.699098, 51.389000 35.689200, 51.415827 35.687120, 51.442653 35.685034, 51.469478 35.682942, 51.496301 35.680844, 51.523122 35.678741, 51.549943 35.676631, 51.576761 35.674515, 51.603579 35.672394, 51.630395 35.670266, 51.657209 35.668133, 51.684023 35.665993, 51.710834 35.663848, 51.737644 35.661697, 51.764453 35.659539, 51.791261 35.657376, 51.818066 35.655207, 51.844871 35.653032, 51.871674 35.650851, 51.898475 35.648664, 51.925275 35.646471, 51.952074 35.644272, 51.978871 35.642067, 52.005667 35.639857, 52.032461 35.637640, 52.059253 35.635418, 52.086044 35.633189, 52.112834 35.630955, 52.139622 35.628714, 52.166409 35.626468, 52.193194 35.624216, 52.219978 35.621958, 52.246760 35.619693, 52.273540 35.617423, 52.300319 35.615148, 52.327097 35.612866, 52.353873 35.610578, 52.380647 35.608284, 52.407420 35.605985, 52.434192 35.603679, 52.460961 35.601368, 52.487730 35.599050, 52.514496 35.596727, 52.541262 35.594398, 52.568025 35.592062, 52.594787 35.589721, 52.621548 35.587374, 52.648307 35.585022, 52.675064 35.582663, 52.701820 35.580298, 52.728574 35.577927, 52.755327 35.575551, 52.782078 35.573168, 52.808827 35.570780, 52.835575 35.568386, 52.862321 35.565986, 52.889066 35.563580, 52.915809 35.561168, 52.942550 35.558750, 52.969290 35.556326, 52.996028 35.553896, 53.022765 35.551461, 53.049500 35.549019, 53.076233 35.546572, 53.102965 35.544118, 53.129695 35.541659, 53.156423 35.539194, 53.183150 35.536723, 53.209875 35.534246, 53.236598 35.531763, 53.263320 35.529275, 53.290040 35.526780, 53.316759 35.524280, 53.343475 35.521773, 53.370190 35.519261, 53.396904 35.516743, 53.423616 35.514219, 53.450326 35.511689, 53.477034 35.509153, 53.503741 35.506611, 53.530446 35.504064, 53.557149 35.501510, 53.583851 35.498951, 53.610551 35.496386, 53.637249 35.493815, 53.663945 35.491238, 53.690640 35.488655, 53.717333 35.486066, 53.744025 35.483471, 53.770714 35.480871, 53.797402 35.478264, 53.824088 35.475652, 53.850773 35.473034, 53.877455 35.470410, 53.904136 35.467780, 53.930816 35.465144, 53.957493 35.462503, 53.984169 35.459855, 54.010843 35.457202, 54.037515 35.454543, 54.064185 35.451878, 54.090854 35.449207, 54.117521 35.446530, 54.144186 35.443847, 54.170849 35.441159, 54.197511 35.438464, 54.224170 35.435764, 54.250828 35.433058, 54.277484 35.430346, 54.304139 35.427628, 54.330791 35.424904, 54.357442 35.422175, 54.384091 35.419439, 54.410738 35.416698, 54.437383 35.413951, 54.464027 35.411198, 54.490669 35.408439, 54.517309 35.405675, 54.543947 35.402904, 54.570583 35.400128, 54.597217 35.397345, 54.623850 35.394557, 54.650480 35.391764, 54.677109 35.388964, 54.703736 35.386158, 54.730361 35.383347, 54.756984 35.380530, 54.783606 35.377706, 54.810225 35.374877, 54.836843 35.372043, 54.863459 35.369202, 54.890073 35.366356, 54.916685 35.363503, 54.943295 35.360645, 54.969903 35.357781, 54.996510 35.354911, 55.023114 35.352036, 55.049717 35.349154, 55.076317 35.346267, 55.102916 35.343374, 55.129513 35.340475, 55.156108 35.337570, 55.182701 35.334660, 55.209292 35.331743, 55.235881 35.328821, 55.262469 35.325893, 55.289054 35.322959, 55.315638 35.320020, 55.342219 35.317074, 55.368799 35.314123, 55.395376 35.311166, 55.421952 35.308203, 55.448526 35.305234, 55.475097 35.302259, 55.501667 35.299279, 55.528235 35.296293, 55.554801 35.293301, 55.581365 35.290303, 55.607927 35.287299, 55.634487 35.284290, 55.661045 35.281275, 55.687601 35.278254, 55.714155 35.275227, 55.740707 35.272194, 55.767257 35.269156, 55.793805 35.266111, 55.820351 35.263061, 55.846895 35.260006, 55.873438 35.256944, 55.899978 35.253876, 55.926516 35.250803, 55.953052 35.247724, 55.979586 35.244639, 56.006118 35.241549, 56.032648 35.238452, 56.059176 35.235350, 56.085702 35.232242, 56.112226 35.229129, 56.138747 35.226009, 56.165267 35.222884, 56.191785 35.219753, 56.218301 35.216616, 56.244814 35.213473, 56.271326 35.210325, 56.297836 35.207170, 56.324343 35.204010, 56.350849 35.200845, 56.377352 35.197673, 56.403853 35.194496, 56.430353 35.191313, 56.456850 35.188124, 56.483345 35.184929, 56.509838 35.181729, 56.536329 35.178523, 56.562817 35.175311, 56.589304 35.172093, 56.615789 35.168869, 56.642271 35.165640, 56.668752 35.162405, 56.695230 35.159164, 56.721706 35.155918, 56.748180 35.152666, 56.774652 35.149408, 56.801122 35.146144, 56.827590 35.142874, 56.854055 35.139599, 56.880519 35.136318, 56.906980 35.133031, 56.933439 35.129738, 56.959896 35.126440, 56.986351 35.123136, 57.012804 35.119826, 57.039254 35.116511, 57.065703 35.113189, 57.092149 35.109862, 57.118593 35.106529, 57.145035 35.103191, 57.171475 35.099847, 57.197912 35.096497, 57.224348 35.093141, 57.250781 35.089779, 57.277212 35.086412, 57.303641 35.083039, 57.330068 35.079661, 57.356492 35.076276, 57.382915 35.072886, 57.409335 35.069490, 57.435753 35.066088, 57.462168 35.062681, 57.488582 35.059268, 57.514993 35.055849, 57.541402 35.052425, 57.567809 35.048995, 57.594214 35.045559, 57.620616 35.042117, 57.647016 35.038669, 57.673414 35.035216, 57.699810 35.031758, 57.726204 35.028293, 57.752595 35.024823, 57.778984 35.021347, 57.805371 35.017865, 57.831755 35.014378, 57.858138 35.010885, 57.884518 35.007386, 57.910895 35.003881, 57.937271 35.000371, 57.963644 34.996855, 57.990015 34.993333, 58.016384 34.989806, 58.042750 34.986273, 58.069114 34.982734, 58.095476 34.979190, 58.121836 34.975640, 58.148193 34.972084, 58.174548 34.968522, 58.200901 34.964955, 58.227251 34.961382, 58.253599 34.957804, 58.279945 34.954219, 58.306289 34.950629, 58.332630 34.947034, 58.358969 34.943432, 58.385305 34.939825, 58.411639 34.936213, 58.437971 34.932594, 58.464301 34.928970, 58.490628 34.925340, 58.516953 34.921705, 58.543276 34.918064, 58.569596 34.914417, 58.595914 34.910765, 58.622230 34.907107, 58.648543 34.903443, 58.674854 34.899773, 58.701162 34.896098, 58.727469 34.892417, 58.753772 34.888731, 58.780074 34.885039, 58.806373 34.881341, 58.832670 34.877637, 58.858964 34.873928, 58.885256 34.870213, 58.911546 34.866493, 58.937833 34.862767, 58.964118 34.859035, 58.990400 34.855298, 59.016680 34.851555, 59.042958 34.847806, 59.069233 34.844052, 59.095506 34.840292, 59.121777 34.836526, 59.148045 34.832755, 59.174310 34.828978, 59.200574 34.825195, 59.226834 34.821407, 59.253093 34.817613, 59.279349 34.813813, 59.305602 34.810008, 59.331854 34.806197, 59.358102 34.802381, 59.384349 34.798559, 59.410592 34.794731, 59.436834 34.790898, 59.463073 34.787059, 59.489309 34.783214, 59.515543 34.779364, 59.541775 34.775508, 59.568004 34.771647, 59.594231 34.767779, 59.620455 34.763907, 59.646677 34.760028, 59.672896 34.756144, 59.699113 34.752255, 59.725328 34.748359, 59.751540 34.744459, 59.777749 34.740552, 59.803956 34.736640, 59.830160 34.732722, 59.856362 34.728799, 59.882562 34.724870, 59.908759 34.720936, 59.934954 34.716996, 59.961146 34.713050, 59.987335 34.709099, 60.013522 34.705142, 60.039707 34.701179, 60.065889 34.697211, 60.092068 34.693237, 60.118245 34.689258, 60.144420 34.685273, 60.170592 34.681283, 60.196761 34.677286, 60.222928 34.673285, 60.249092 34.669277, 60.275254 34.665265, 60.301413 34.661246, 60.327570 34.657222, 60.353724 34.653192, 60.379876 34.649157, 60.406025 34.645116, 60.432172 34.641070, 60.458316 34.637018, 60.484457 34.632960, 60.510596 34.628897, 60.536732 34.624829, 60.562866 34.620754, 60.588997 34.616675, 60.615126 34.612589, 60.641252 34.608498, 60.667375 34.604402, 60.693496 34.600299, 60.719615 34.596192, 60.745730 34.592079, 60.771844 34.587960, 60.797954 34.583835, 60.824062 34.579705, 60.850167 34.575570, 60.876270 34.571429, 60.902370 34.567282, 60.928468 34.563130, 60.954563 34.558972, 60.980655 34.554809, 61.006745 34.550640, 61.032832 34.546466, 61.058917 34.542286, 61.084998 34.538101, 61.111078 34.533910, 61.137154 34.529713, 61.163228 34.525511, 61.189300 34.521303, 61.215368 34.517090, 61.241434 34.512871, 61.267498 34.508647, 61.293559 34.504417, 61.319617 34.500182, 61.345672 34.495941, 61.371725 34.491695, 61.397775 34.487443, 61.423823 34.483186, 61.449868 34.478923, 61.475910 34.474654, 61.501950 34.470380, 61.527987 34.466101, 61.554021 34.461816, 61.580052 34.457525, 61.606081 34.453229, 61.632107 34.448927, 61.658131 34.444620, 61.684152 34.440308, 61.710170 34.435990, 61.736185 34.431666, 61.762198 34.427337, 61.788208 34.423002, 61.814215 34.418662, 61.840220 34.414316, 61.866222 34.409965, 61.892221 34.405608, 61.918218 34.401246, 61.944212 34.396879, 61.970203 34.392506, 61.996191 34.388127, 62.022177 34.383743, 62.048160 34.379353, 62.074140 34.374958, 62.100117 34.370557, 62.126092 34.366151, 62.152064 34.361740, 62.178033 34.357323, 62.204000 34.352900, 62.230444 34.354419, 62.256888 34.355932, 62.283334 34.357440, 62.309780 34.358942, 62.336228 34.360438, 62.362676 34.361928, 62.389125 34.363413, 62.415575 34.364892, 62.442027 34.366366, 62.468479 34.367834, 62.494932 34.369296, 62.521386 34.370752, 62.547840 34.372203, 62.574296 34.373648, 62.600753 34.375087, 62.627211 34.376521, 62.653669 34.377949, 62.680128 34.379371, 62.706589 34.380787, 62.733050 34.382198, 62.759512 34.383603, 62.785975 34.385003, 62.812439 34.386397, 62.838903 34.387785, 62.865369 34.389167, 62.891836 34.390544, 62.918303 34.391915, 62.944771 34.393280, 62.971240 34.394639, 62.997710 34.395993, 63.024181 34.397341, 63.050652 34.398684, 63.077125 34.400021, 63.103598 34.401352, 63.130072 34.402677, 63.156547 34.403997, 63.183023 34.405311, 63.209500 34.406619, 63.235977 34.407921, 63.262456 34.409218, 63.288935 34.410509, 63.315415 34.411795, 63.341895 34.413074, 63.368377 34.414348, 63.394859 34.415617, 63.421343 34.416879, 63.447827 34.418136, 63.474311 34.419387, 63.500797 34.420633, 63.527283 34.421873, 63.553770 34.423107, 63.580258 34.424335, 63.606747 34.425558, 63.633236 34.426775, 63.659727 34.427986, 63.686218 34.429191, 63.712709 34.430391, 63.739202 34.431585, 63.765695 34.432774, 63.792189 34.433956, 63.818684 34.435133, 63.845179 34.436304, 63.871676 34.437470, 63.898173 34.438630, 63.924670 34.439784, 63.951169 34.440932, 63.977668 34.442075, 64.004168 34.443212, 64.030669 34.444343, 64.057170 34.445468, 64.083672 34.446588, 64.110175 34.447702, 64.136678 34.448810, 64.163182 34.449913, 64.189687 34.451010, 64.216193 34.452101, 64.242699 34.453187, 64.269206 34.454266, 64.295713 34.455340, 64.322222 34.456409, 64.348731 34.457471, 64.375240 34.458528, 64.401751 34.459579, 64.428262 34.460625, 64.454773 34.461664, 64.481286 34.462698, 64.507799 34.463727, 64.534312 34.464749, 64.560826 34.465766, 64.587341 34.466777, 64.613857 34.467782, 64.640373 34.468782, 64.666890 34.469776, 64.693407 34.470764, 64.719925 34.471746, 64.746444 34.472723, 64.772963 34.473694, 64.799483 34.474659, 64.826004 34.475619, 64.852525 34.476573, 64.879047 34.477521, 64.905569 34.478463, 64.932092 34.479400, 64.958616 34.480330, 64.985140 34.481256, 65.011664 34.482175, 65.038190 34.483089, 65.064716 34.483997, 65.091242 34.484899, 65.117769 34.485795, 65.144297 34.486686, 65.170825 34.487571, 65.197354 34.488450, 65.223883 34.489324, 65.250413 34.490192, 65.276943 34.491054, 65.303474 34.491910, 65.330006 34.492761, 65.356538 34.493606, 65.383070 34.494445, 65.409603 34.495278, 65.436137 34.496106, 65.462671 34.496928, 65.489206 34.497744, 65.515741 34.498555, 65.542276 34.499359, 65.568813 34.500158, 65.595349 34.500952, 65.621887 34.501739, 65.648424 34.502521, 65.674962 34.503297, 65.701501 34.504067, 65.728040 34.504832, 65.754580 34.505591, 65.781120 34.506344, 65.807661 34.507091, 65.834202 34.507833, 65.860743 34.508569, 65.887285 34.509299, 65.913828 34.510023, 65.940371 34.510742, 65.966914 34.511455, 65.993458 34.512162, 66.020003 34.512864, 66.046547 34.513559, 66.073093 34.514249, 66.099638 34.514934, 66.126184 34.515612, 66.152731 34.516285, 66.179278 34.516952, 66.205825 34.517613, 66.232373 34.518268, 66.258921 34.518918, 66.285470 34.519562, 66.312019 34.520201, 66.338568 34.520833, 66.365118 34.521460, 66.391668 34.522081, 66.418219 34.522696, 66.444770 34.523306, 66.471321 34.523910, 66.497873 34.524508, 66.524425 34.525100, 66.550978 34.525686, 66.577530 34.526267, 66.604084 34.526842, 66.630637 34.527412, 66.657191 34.527975, 66.683746 34.528533, 66.710300 34.529085, 66.736856 34.529632, 66.763411 34.530172, 66.789967 34.530707, 66.816523 34.531236, 66.843079 34.531759, 66.869636 34.532277, 66.896193 34.532789, 66.922750 34.533295, 66.949308 34.533795, 66.975866 34.534290, 67.002425 34.534779, 67.028983 34.535262, 67.055542 34.535739, 67.082101 34.536211, 67.108661 34.536677, 67.135221 34.537137, 67.161781 34.537591, 67.188342 34.538040, 67.214902 34.538483, 67.241463 34.538920, 67.268025 34.539351, 67.294586 34.539777, 67.321148 34.540197, 67.347710 34.540611, 67.374273 34.541019, 67.400835 34.541422, 67.427398 34.541819, 67.453961 34.542210, 67.480525 34.542595, 67.507088 34.542975, 67.533652 34.543348, 67.560216 34.543717, 67.586780 34.544079, 67.613345 34.544435, 67.639910 34.544786, 67.666475 34.545131, 67.693040 34.545471, 67.719606 34.545804, 67.746171 34.546132, 67.772737 34.546454, 67.799303 34.546770, 67.825869 34.547081, 67.852436 34.547386, 67.879002 34.547685, 67.905569 34.547978, 67.932136 34.548266, 67.958704 34.548548, 67.985271 34.548824, 68.011839 34.549094, 68.038406 34.549358, 68.064974 34.549617, 68.091542 34.549870, 68.118110 34.550117, 68.144679 34.550359, 68.171247 34.550595, 68.197816 34.550825, 68.224385 34.551049, 68.250954 34.551268, 68.277523 34.551480, 68.304092 34.551687, 68.330662 34.551888, 68.357231 34.552084, 68.383801 34.552274, 68.410370 34.552458, 68.436940 34.552636, 68.463510 34.552808, 68.490080 34.552975, 68.516651 34.553136, 68.543221 34.553291, 68.569791 34.553441, 68.596362 34.553584, 68.622932 34.553722, 68.649503 34.553854, 68.676074 34.553981, 68.702644 34.554101, 68.729215 34.554216, 68.755786 34.554325, 68.782357 34.554429, 68.808928 34.554526, 68.835500 34.554618, 68.862071 34.554704, 68.888642 34.554785, 68.915213 34.554859, 68.941785 34.554928, 68.968356 34.554991, 68.994928 34.555049, 69.021499 34.555100, 69.048071 34.555146, 69.074642 34.555186, 69.101214 34.555220, 69.127785 34.555249, 69.154357 34.555272, 69.180928 34.555289, 69.207500 34.555300, 69.232774 34.549221, 69.258045 34.543136, 69.283312 34.537046, 69.308576 34.530951, 69.333835 34.524851, 69.359091 34.518746, 69.384344 34.512635, 69.409592 34.506520, 69.434837 34.500399, 69.460078 34.494273, 69.485316 34.488141, 69.510549 34.482005, 69.535779 34.475863, 69.561006 34.469716, 69.586228 34.463564, 69.611447 34.457407, 69.636662 34.451245, 69.661874 34.445077, 69.687081 34.438904, 69.712285 34.432726, 69.737486 34.426543, 69.762682 34.420355, 69.787875 34.414162, 69.813064 34.407963, 69.838249 34.401759, 69.863431 34.395550, 69.888609 34.389336, 69.913783 34.383117, 69.938953 34.376893, 69.964120 34.370663, 69.989283 34.364429, 70.014442 34.358189, 70.039597 34.351944, 70.064749 34.345694, 70.089897 34.339438, 70.115041 34.333178, 70.140181 34.326912, 70.165318 34.320642, 70.190451 34.314366, 70.215580 34.308085, 70.240705 34.301799, 70.265827 34.295508, 70.290945 34.289211, 70.316059 34.282910, 70.341169 34.276603, 70.366276 34.270292, 70.391378 34.263975, 70.416477 34.257653, 70.441573 34.251326, 70.466664 34.244994, 70.491752 34.238656, 70.516836 34.232314, 70.541916 34.225967, 70.566992 34.219614, 70.592065 34.213256, 70.617133 34.206893, 70.642198 34.200526, 70.667259 34.194153, 70.692317 34.187774, 70.717370 34.181391, 70.742420 34.175003, 70.767466 34.168610, 70.792508 34.162211, 70.817547 34.155808, 70.842581 34.149399, 70.867612 34.142985, 70.892639 34.136567, 70.917662 34.130143, 70.942682 34.123714, 70.967697 34.117280, 70.992709 34.110841, 71.017717 34.104397, 71.042721 34.097947, 71.067722 34.091493, 71.092718 34.085034, 71.117711 34.078569, 71.142700 34.072100, 71.161405 34.056670, 71.180102 34.041237, 71.198793 34.025802, 71.217477 34.010364, 71.236155 33.994922, 71.254825 33.979478, 71.273489 33.964032, 71.292146 33.948582, 71.310796 33.933129, 71.329439 33.917674, 71.348076 33.902216, 71.366706 33.886755, 71.385329 33.871292, 71.403946 33.855825, 71.422555 33.840356, 71.441158 33.824884, 71.459754 33.809409, 71.478344 33.793931, 71.496927 33.778451, 71.515503 33.762968, 71.534072 33.747482, 71.552634 33.731993, 71.571190 33.716501, 71.589740 33.701007, 71.608282 33.685510, 71.626818 33.670010, 71.645347 33.654507, 71.663870 33.639002, 71.682385 33.623494, 71.700895 33.607983, 71.719397 33.592469, 71.737893 33.576953, 71.756382 33.561433, 71.774865 33.545911, 71.793341 33.530387, 71.811810 33.514859, 71.830272 33.499329, 71.848729 33.483796, 71.867178 33.468261, 71.885621 33.452722, 71.904057 33.437181, 71.922486 33.421637, 71.940909 33.406091, 71.959326 33.390542, 71.977736 33.374990, 71.996139 33.359435, 72.014535 33.343878, 72.032926 33.328317, 72.051309 33.312755, 72.069686 33.297189, 72.088056 33.281621, 72.106420 33.266050, 72.124777 33.250476, 72.143128 33.234900, 72.161472 33.219321, 72.179810 33.203739, 72.198141 33.188155, 72.216466 33.172568, 72.234784 33.156978, 72.253095 33.141385, 72.271400 33.125790, 72.289699 33.110192, 72.307991 33.094592, 72.326277 33.078989, 72.344556 33.063383, 72.362828 33.047775, 72.381095 33.032163, 72.399354 33.016550, 72.417607 33.000933, 72.435854 32.985314, 72.454094 32.969692, 72.472328 32.954068, 72.490556 32.938441, 72.508777 32.922811, 72.526991 32.907179, 72.545199 32.891544, 72.563401 32.875906, 72.581596 32.860266, 72.599785 32.844623, 72.617967 32.828977, 72.636143 32.813329, 72.654313 32.797678, 72.672476 32.782025, 72.690633 32.766369, 72.708783 32.750710, 72.726927 32.735049, 72.745065 32.719385, 72.763196 32.703718, 72.781321 32.688049, 72.799440 32.672378, 72.817552 32.656703, 72.835658 32.641026, 72.853758 32.625347, 72.871851 32.609665, 72.889938 32.593980, 72.908018 32.578293, 72.926092 32.562603, 72.944160 32.546911, 72.962222 32.531216, 72.980277 32.515518, 72.998326 32.499818, 73.016368 32.484115, 73.034405 32.468410, 73.052435 32.452702, 73.070459 32.436991, 73.088476 32.421278, 73.106487 32.405563, 73.124492 32.389844, 73.142491 32.374124, 73.160483 32.358400, 73.178469 32.342674, 73.196449 32.326946, 73.214423 32.311215, 73.232390 32.295482, 73.250352 32.279746, 73.268306 32.264007, 73.286255 32.248266, 73.304198 32.232522, 73.322134 32.216776, 73.340064 32.201027, 73.357988 32.185276, 73.375906 32.169522, 73.393817 32.153766, 73.411722 32.138007, 73.429621 32.122246, 73.447514 32.106482, 73.465401 32.090716, 73.483281 32.074947, 73.501156 32.059175, 73.519024 32.043402, 73.536886 32.027625, 73.554742 32.011846, 73.572592 31.996065, 73.590435 31.980281, 73.608273 31.964495, 73.626104 31.948706, 73.643929 31.932914, 73.661749 31.917120, 73.679562 31.901324, 73.697368 31.885525, 73.715169 31.869724, 73.732964 31.853920, 73.750752 31.838114, 73.768535 31.822305, 73.786311 31.806494, 73.804081 31.790680, 73.821846 31.774864, 73.839604 31.759045, 73.857356 31.743224, 73.875102 31.727401, 73.892842 31.711575, 73.910576 31.695746, 73.928303 31.679915, 73.946025 31.664082, 73.963741 31.648246, 73.981451 31.632408, 73.999154 31.616567, 74.016852 31.600724, 74.034544 31.584878, 74.052229 31.569030, 74.069909 31.553180, 74.087583 31.537327, 74.105250 31.521472, 74.122912 31.505614, 74.140567 31.489754, 74.158217 31.473891, 74.175861 31.458026, 74.193498 31.442159, 74.211130 31.426289, 74.228756 31.410417, 74.246375 31.394542, 74.263989 31.378665, 74.281597 31.362785, 74.299199 31.346904, 74.316795 31.331019, 74.334385 31.315133, 74.351969 31.299243, 74.369547 31.283352, 74.387119 31.267458, 74.404686 31.251562, 74.422246 31.235663, 74.439801 31.219762, 74.457349 31.203859, 74.474892 31.187953, 74.492429 31.172045, 74.509960 31.156134, 74.527485 31.140221, 74.545004 31.124306, 74.562517 31.108388, 74.580024 31.092468, 74.597526 31.076546, 74.615022 31.060621, 74.632511 31.044694, 74.649995 31.028764, 74.667473 31.012833, 74.684946 30.996898, 74.702412 30.980962, 74.719873 30.965023, 74.737327 30.949082, 74.754776 30.933138, 74.772219 30.917192, 74.789657 30.901244, 74.807088 30.885293, 74.824514 30.869340, 74.841934 30.853385, 74.859348 30.837428, 74.876756 30.821468, 74.894159 30.805505, 74.911555 30.789541, 74.928946 30.773574, 74.946332 30.757605, 74.963711 30.741633, 74.981085 30.725659, 74.998453 30.709683, 75.015815 30.693705, 75.033171 30.677724, 75.050522 30.661741, 75.067867 30.645755, 75.085206 30.629768, 75.102539 30.613778, 75.119867 30.597785, 75.137189 30.581791, 75.154505 30.565794, 75.171816 30.549795, 75.189121 30.533793, 75.206420 30.517789, 75.223713 30.501783, 75.241001 30.485775, 75.258283 30.469764, 75.275560 30.453752, 75.292831 30.437736, 75.310096 30.421719, 75.327355 30.405699, 75.344609 30.389677, 75.361857 30.373653, 75.379099 30.357627, 75.396336 30.341598, 75.413567 30.325567, 75.430793 30.309534, 75.448013 30.293498, 75.465227 30.277460, 75.482435 30.261420, 75.499638 30.245378, 75.516836 30.229333, 75.534027 30.213287, 75.551214 30.197238, 75.568394 30.181186, 75.585569 30.165133, 75.602738 30.149077, 75.619902 30.133019, 75.637060 30.116959, 75.654213 30.100896, 75.671360 30.084832, 75.688502 30.068765, 75.705637 30.052696, 75.722768 30.036624, 75.739893 30.020551, 75.757012 30.004475, 75.774125 29.988397, 75.791234 29.972317, 75.808336 29.956235, 75.825433 29.940150, 75.842525 29.924063, 75.859611 29.907974, 75.876691 29.891883, 75.893766 29.875790, 75.910836 29.859694, 75.927900 29.843596, 75.944958 29.827496, 75.962011 29.811394, 75.979059 29.795290, 75.996101 29.779183, 76.013137 29.763074, 76.030168 29.746963, 76.047194 29.730850, 76.064214 29.714735, 76.081228 29.698617, 76.098238 29.682498, 76.115241 29.666376, 76.132240 29.650252, 76.149232 29.634126, 76.166220 29.617998, 76.183202 29.601867, 76.200178 29.585734, 76.217149 29.569600, 76.234115 29.553463, 76.251075 29.537324, 76.268030 29.521182, 76.284979 29.505039, 76.301923 29.488893, 76.318862 29.472746, 76.335795 29.456596, 76.352723 29.440444, 76.369646 29.424290, 76.386563 29.408133, 76.403474 29.391975, 76.420381 29.375814, 76.437282 29.359652, 76.454177 29.343487, 76.471067 29.327320, 76.487952 29.311151, 76.504832 29.294980, 76.521706 29.278806, 76.538575 29.262631, 76.555438 29.246453, 76.572296 29.230274, 76.589149 29.214092, 76.605997 29.197908, 76.622839 29.181722, 76.639676 29.165534, 76.656507 29.149344, 76.673334 29.133152, 76.690155 29.116957, 76.706970 29.100761, 76.723781 29.084562, 76.740586 29.068361, 76.757385 29.052159, 76.774180 29.035954, 76.790969 29.019747, 76.807753 29.003538, 76.824532 28.987327, 76.841305 28.971113, 76.858074 28.954898, 76.874837 28.938681, 76.891594 28.922461, 76.908347 28.906240, 76.925094 28.890016, 76.941836 28.873791, 76.958573 28.857563, 76.975304 28.841333, 76.992031 28.825101, 77.008752 28.808867, 77.025468 28.792631, 77.042178 28.776393, 77.058884 28.760153, 77.075584 28.743911, 77.092279 28.727667, 77.108969 28.711420, 77.125654 28.695172, 77.142333 28.678922, 77.159008 28.662669, 77.175677 28.646415, 77.192341 28.630159, 77.209000 28.613900, 77.199098 28.593801, 77.189200 28.573702, 77.179305 28.553602, 77.169414 28.533501, 77.159528 28.513400, 77.149644 28.493298, 77.139765 28.473195, 77.129889 28.453091, 77.120017 28.432987, 77.110149 28.412882, 77.100285 28.392776, 77.090424 28.372670, 77.080567 28.352562, 77.070714 28.332455, 77.060865 28.312346, 77.051019 28.292237, 77.041177 28.272127, 77.031339 28.252016, 77.021504 28.231905, 77.011673 28.211792, 77.001846 28.191680, 76.992022 28.171566, 76.982203 28.151452, 76.972386 28.131337, 76.962574 28.111221, 76.952765 28.091105, 76.942960 28.070988, 76.933159 28.050870, 76.923361 28.030752, 76.913567 28.010633, 76.903777 27.990513, 76.893990 27.970393, 76.884207 27.950271, 76.874427 27.930150, 76.864652 27.910027, 76.854879 27.889904, 76.845111 27.869780, 76.835346 27.849655, 76.825585 27.829530, 76.815827 27.809404, 76.806073 27.789277, 76.796322 27.769150, 76.786576 27.749022, 76.776832 27.728893, 76.767093 27.708764, 76.757357 27.688634, 76.747624 27.668503, 76.737895 27.648371, 76.728170 27.628239, 76.718448 27.608106, 76.708730 27.587973, 76.699016 27.567839, 76.689305 27.547704, 76.679597 27.527568, 76.669893 27.507432, 76.660193 27.487295, 76.650496 27.467158, 76.640803 27.447020, 76.631113 27.426881, 76.621427 27.406741, 76.611744 27.386601, 76.602065 27.366460, 76.592389 27.346319, 76.582717 27.326176, 76.573049 27.306033, 76.563384 27.285890, 76.553722 27.265746, 76.544064 27.245601, 76.534410 27.225455, 76.524758 27.205309, 76.515111 27.185162, 76.505467 27.165015, 76.495826 27.144866, 76.486189 27.124718, 76.476555 27.104568, 76.466925 27.084418, 76.457298 27.064267, 76.447675 27.044116, 76.438055 27.023964, 76.428439 27.003811, 76.418826 26.983657, 76.409216 26.963503, 76.399610 26.943349, 76.390008 26.923193, 76.380409 26.903037, 76.370813 26.882881, 76.361221 26.862723, 76.351632 26.842565, 76.342046 26.822407, 76.332464 26.802247, 76.322885 26.782087, 76.313310 26.761927, 76.303738 26.741766, 76.294170 26.721604, 76.284605 26.701441, 76.275043 26.681278, 76.265484 26.661115, 76.255930 26.640950, 76.246378 26.620785, 76.236830 26.600619, 76.227285 26.580453, 76.217743 26.560286, 76.208205 26.540119, 76.198670 26.519950, 76.189139 26.499782, 76.179611 26.479612, 76.170086 26.459442, 76.160565 26.439271, 76.151047 26.419100, 76.141532 26.398928, 76.132021 26.378755, 76.122512 26.358582, 76.113008 26.338408, 76.103506 26.318234, 76.094008 26.298058, 76.084513 26.277883, 76.075022 26.257706, 76.065533 26.237529, 76.056048 26.217352, 76.046567 26.197173, 76.037088 26.176994, 76.027613 26.156815, 76.018141 26.136635, 76.008673 26.116454, 75.999208 26.096273, 75.989745 26.076091, 75.980287 26.055908, 75.970831 26.035725, 75.961379 26.015541, 75.951930 25.995357, 75.942484 25.975172, 75.933042 25.954986, 75.923602 25.934800, 75.914166 25.914613, 75.904734 25.894425, 75.895304 25.874237, 75.885878 25.854048, 75.876454 25.833859, 75.867035 25.813669, 75.857618 25.793479, 75.848204 25.773287, 75.838794 25.753096, 75.829387 25.732903, 75.819983 25.712710, 75.810582 25.692517, 75.801185 25.672323, 75.791790 25.652128, 75.782399 25.631932, 75.773011 25.611737, 75.763626 25.591540, 75.754245 25.571343, 75.744866 25.551145, 75.735491 25.530947, 75.726119 25.510748, 75.716750 25.490548, 75.707384 25.470348, 75.698021 25.450147, 75.688662 25.429946, 75.679305 25.409744, 75.669952 25.389541, 75.660602 25.369338, 75.651255 25.349135, 75.641911 25.328930, 75.632570 25.308725, 75.623232 25.288520, 75.613898 25.268314, 75.604566 25.248107, 75.595238 25.227900, 75.585912 25.207692, 75.576590 25.187484, 75.567271 25.167275, 75.557955 25.147065, 75.548642 25.126855, 75.539332 25.106644, 75.530026 25.086433, 75.520722 25.066221, 75.511421 25.046009, 75.502124 25.025796, 75.492829 25.005582, 75.483538 24.985368, 75.474249 24.965153, 75.464964 24.944938, 75.455682 24.924722, 75.446403 24.904505, 75.437126 24.884288, 75.427853 24.864070, 75.418583 24.843852, 75.409316 24.823633, 75.400052 24.803414, 75.390791 24.783194, 75.381533 24.762974, 75.372278 24.742752, 75.363026 24.722531, 75.353777 24.702309, 75.344531 24.682086, 75.335288 24.661862, 75.326048 24.641639, 75.316811 24.621414, 75.307577 24.601189, 75.298346 24.580963, 75.289118 24.560737, 75.279893 24.540511, 75.270671 24.520283, 75.261451 24.500055, 75.252235 24.479827, 75.243022 24.459598, 75.233812 24.439368, 75.224604 24.419138, 75.215400 24.398908, 75.206199 24.378677, 75.197000 24.358445, 75.187805 24.338212, 75.178612 24.317980, 75.169423 24.297746, 75.160236 24.277512, 75.151052 24.257278, 75.141871 24.237043, 75.132693 24.216807, 75.123518 24.196571, 75.114346 24.176334, 75.105177 24.156097, 75.096011 24.135859, 75.086847 24.115621, 75.077687 24.095382, 75.068529 24.075142, 75.059374 24.054902, 75.050222 24.034662, 75.041073 24.014421, 75.031927 23.994179, 75.022784 23.973937, 75.013644 23.953694, 75.004506 23.933451, 74.995372 23.913207, 74.986240 23.892963, 74.977111 23.872718, 74.967985 23.852472, 74.958862 23.832226, 74.949742 23.811980, 74.940624 23.791733, 74.931510 23.771485, 74.922398 23.751237, 74.913289 23.730989, 74.904183 23.710740, 74.895079 23.690490, 74.885979 23.670240, 74.876881 23.649989, 74.867786 23.629738, 74.858694 23.609486, 74.849605 23.589233, 74.840519 23.568980, 74.831435 23.548727, 74.822354 23.528473, 74.813276 23.508219, 74.804201 23.487964, 74.795129 23.467708, 74.786059 23.447452, 74.776992 23.427196, 74.767928 23.406939, 74.758867 23.386681, 74.749808 23.366423, 74.740752 23.346164, 74.731699 23.325905, 74.722649 23.305645, 74.713602 23.285385, 74.704557 23.265124, 74.695515 23.244863, 74.686475 23.224601, 74.677439 23.204339, 74.668405 23.184076, 74.659374 23.163813, 74.650346 23.143549, 74.641320 23.123285, 74.632297 23.103020, 74.623277 23.082755, 74.614260 23.062489, 74.605245 23.042222, 74.596233 23.021955, 74.587224 23.001688, 74.578217 22.981420, 74.569213 22.961152, 74.560212 22.940883, 74.551214 22.920613, 74.542218 22.900343, 74.533225 22.880073, 74.524235 22.859802, 74.515247 22.839530, 74.506262 22.819259, 74.497279 22.798986, 74.488300 22.778713, 74.479323 22.758440, 74.470348 22.738166, 74.461377 22.717891, 74.452408 22.697616, 74.443441 22.677341, 74.434477 22.657065, 74.425516 22.636788, 74.416558 22.616511, 74.407602 22.596234, 74.398649 22.575956, 74.389698 22.555677, 74.380750 22.535398, 74.371805 22.515119, 74.362862 22.494839, 74.353922 22.474559, 74.344985 22.454278, 74.336050 22.433996, 74.327118 22.413714, 74.318188 22.393432, 74.309261 22.373149, 74.300337 22.352866, 74.291415 22.332582, 74.282496 22.312297, 74.273579 22.292012, 74.264665 22.271727, 74.255754 22.251441, 74.246845 22.231155, 74.237939 22.210868, 74.229035 22.190581, 74.220134 22.170293, 74.211236 22.150005, 74.202340 22.129716, 74.193446 22.109427, 74.184555 22.089137, 74.175667 22.068847, 74.166781 22.048556, 74.157898 22.028265, 74.149017 22.007974, 74.140139 21.987682, 74.131264 21.967389, 74.122391 21.947096, 74.113520 21.926802, 74.104652 21.906508, 74.095787 21.886214, 74.086924 21.865919, 74.078063 21.845624, 74.069205 21.825328, 74.060350 21.805031, 74.051497 21.784735, 74.042647 21.764437, 74.033799 21.744139, 74.024954 21.723841, 74.016111 21.703542, 74.007270 21.683243, 73.998432 21.662944, 73.989597 21.642644, 73.980764 21.622343, 73.971934 21.602042, 73.963106 21.581740, 73.954280 21.561438, 73.945457 21.541136, 73.936637 21.520833, 73.927819 21.500530, 73.919003 21.480226, 73.910190 21.459921, 73.901379 21.439617, 73.892571 21.419312, 73.883765 21.399006, 73.874962 21.378700, 73.866161 21.358393, 73.857362 21.338086, 73.848566 21.317778, 73.839773 21.297471, 73.830982 21.277162, 73.822193 21.256853, 73.813406 21.236544, 73.804623 21.216234, 73.795841 21.195924, 73.787062 21.175613, 73.778285 21.155302, 73.769511 21.134990, 73.760739 21.114678, 73.751970 21.094366, 73.743203 21.074053, 73.734438 21.053739, 73.725676 21.033425, 73.716916 21.013111, 73.708158 20.992796, 73.699403 20.972481, 73.690651 20.952166, 73.681900 20.931849, 73.673152 20.911533, 73.664407 20.891216, 73.655663 20.870898, 73.646923 20.850581, 73.638184 20.830262, 73.629448 20.809943, 73.620714 20.789624, 73.611983 20.769305, 73.603254 20.748985, 73.594527 20.728664, 73.585802 20.708343, 73.577080 20.688022, 73.568361 20.667700, 73.559643 20.647377, 73.550928 20.627055, 73.542215 20.606732, 73.533505 20.586408, 73.524797 20.566084, 73.516091 20.545759, 73.507387 20.525435, 73.498686 20.505109, 73.489987 20.484783, 73.481291 20.464457, 73.472597 20.444131, 73.463905 20.423804, 73.455215 20.403476, 73.446528 20.383148, 73.437843 20.362820, 73.429160 20.342491, 73.420479 20.322162, 73.411801 20.301832, 73.403125 20.281502, 73.394452 20.261171, 73.385780 20.240841, 73.377111 20.220509, 73.368444 20.200177, 73.359780 20.179845, 73.351117 20.159513, 73.342457 20.139180, 73.333799 20.118846, 73.325144 20.098512, 73.316490 20.078178, 73.307839 20.057843, 73.299191 20.037508, 73.290544 20.017172, 73.281900 19.996836, 73.273257 19.976500, 73.264618 19.956163, 73.255980 19.935826, 73.247344 19.915488, 73.238711 19.895150, 73.230080 19.874812, 73.221451 19.854473, 73.212825 19.834133, 73.204200 19.813793, 73.195578 19.793453, 73.186958 19.773113, 73.178341 19.752772, 73.169725 19.732430, 73.161112 19.712089, 73.152500 19.691746, 73.143891 19.671404, 73.135285 19.651061, 73.126680 19.630717, 73.118078 19.610373, 73.109477 19.590029, 73.100879 19.569684, 73.092283 19.549339, 73.083689 19.528994, 73.075098 19.508648, 73.066508 19.488302, 73.057921 19.467955, 73.049336 19.447608, 73.040753 19.427260, 73.032172 19.406912, 73.023594 19.386564, 73.015017 19.366215, 73.006443 19.345866, 72.997870 19.325517, 72.989300 19.305167, 72.980732 19.284816, 72.972166 19.264466, 72.963603 19.244114, 72.955041 19.223763, 72.946482 19.203411, 72.937924 19.183059, 72.929369 19.162706, 72.920816 19.142353, 72.912265 19.121999, 72.903716 19.101645, 72.895169 19.081291, 72.886624 19.060936, 72.878082 19.040581, 72.869541 19.020226, 72.861003 18.999870, 72.852466 18.979514, 72.843932 18.959157, 72.835400 18.938800), (72.835400 18.938800, 72.817811 18.927034, 72.800225 18.915266, 72.782642 18.903497, 72.765061 18.891726, 72.747482 18.879953, 72.729906 18.868179, 72.712332 18.856403, 72.694761 18.844625, 72.677192 18.832846, 72.659626 18.821065, 72.642062 18.809282, 72.624501 18.797498, 72.606942 18.785712, 72.589386 18.773925, 72.571832 18.762136, 72.554280 18.750345, 72.536731 18.738553, 72.519185 18.726759, 72.501640 18.714963, 72.484099 18.703166, 72.466559 18.691367, 72.449023 18.679566, 72.431488 18.667764, 72.413956 18.655960, 72.396427 18.644155, 72.378900 18.632348, 72.361375 18.620539, 72.343853 18.608729, 72.326333 18.596917, 72.308816 18.585103, 72.291301 18.573288, 72.273788 18.561471, 72.256278 18.549653, 72.238771 18.537833, 72.221265 18.526011, 72.203763 18.514188, 72.186262 18.502363, 72.168764 18.490536, 72.151269 18.478708, 72.133776 18.466879, 72.116285 18.455047, 72.098796 18.443215, 72.081311 18.431380, 72.063827 18.419544, 72.046346 18.407706, 72.028867 18.395867, 72.011391 18.384026, 71.993917 18.372184, 71.976446 18.360340, 71.958977 18.348494, 71.941510 18.336647, 71.924046 18.324798, 71.906584 18.312947, 71.889124 18.301095, 71.871667 18.289242, 71.854212 18.277387, 71.836760 18.265530, 71.819310 18.253672, 71.801862 18.241812, 71.784417 18.229950, 71.766974 18.218087, 71.749534 18.206222, 71.732096 18.194356, 71.714660 18.182488, 71.697227 18.170619, 71.679796 18.158748, 71.662367 18.146875, 71.644941 18.135001, 71.627517 18.123126, 71.610096 18.111248, 71.592677 18.099370, 71.575260 18.087489, 71.557846 18.075607, 71.540434 18.063724, 71.523024 18.051839, 71.505617 18.039952, 71.488212 18.028064, 71.470809 18.016174, 71.453409 18.004283, 71.436011 17.992390, 71.418615 17.980496, 71.401222 17.968600, 71.383831 17.956703, 71.366442 17.944803, 71.349056 17.932903, 71.331672 17.921001, 71.314291 17.909097, 71.296912 17.897192, 71.279535 17.885285, 71.262160 17.873377, 71.244788 17.861467, 71.227418 17.849556, 71.210050 17.837643, 71.192685 17.825728, 71.175322 17.813812, 71.157962 17.801895, 71.140603 17.789976, 71.123247 17.778055, 71.105894 17.766133, 71.088542 17.754210, 71.071193 17.742285, 71.053847 17.730358, 71.036502 17.718430, 71.019160 17.706500, 71.001820 17.694569, 70.984483 17.682636, 70.967148 17.670702, 70.949815 17.658766, 70.932484 17.646829, 70.915156 17.634890, 70.897830 17.622950, 70.880506 17.611008, 70.863185 17.599064, 70.845866 17.587120, 70.828549 17.575173, 70.811234 17.563225, 70.793922 17.551276, 70.776612 17.539325, 70.759304 17.527373, 70.741999 17.515419, 70.724696 17.503463, 70.707395 17.491507, 70.690096 17.479548, 70.672800 17.467588, 70.655506 17.455627, 70.638214 17.443664, 70.620925 17.431700, 70.603638 17.419734, 70.586353 17.407767, 70.569070 17.395798, 70.551789 17.383827, 70.534511 17.371856, 70.517235 17.359882, 70.499962 17.347908, 70.482690 17.335931, 70.465421 17.323954, 70.448154 17.311974, 70.430890 17.299994, 70.413627 17.288012, 70.396367 17.276028, 70.379109 17.264043, 70.361854 17.252056, 70.344600 17.240068, 70.327349 17.228079, 70.310100 17.216088, 70.292853 17.204095, 70.275609 17.192101, 70.258367 17.180106, 70.241127 17.168109, 70.223889 17.156111, 70.206653 17.144111, 70.189420 17.132110, 70.172189 17.120107, 70.154960 17.108103, 70.137733 17.096097, 70.120509 17.084090, 70.103287 17.072082, 70.086067 17.060072, 70.068849 17.048060, 70.051633 17.036047, 70.034420 17.024033, 70.017209 17.012017, 70.000000 17.000000, 70.009266 16.981563, 70.018531 16.963126, 70.027794 16.944688, 70.037055 16.926250, 70.046314 16.907811, 70.055571 16.889372, 70.064827 16.870932, 70.074081 16.852493, 70.083333 16.834052, 70.092583 16.815612, 70.101831 16.797170, 70.111078 16.778729, 70.120322 16.760287, 70.129565 16.741845, 70.138806 16.723402, 70.148046 16.704959, 70.157283 16.686515, 70.166519 16.668071, 70.175753 16.649627, 70.184986 16.631182, 70.194216 16.612736, 70.203445 16.594291, 70.212672 16.575845, 70.221897 16.557398, 70.231120 16.538951, 70.240342 16.520504, 70.249562 16.502057, 70.258780 16.483608, 70.267996 16.465160, 70.277211 16.446711, 70.286424 16.428262, 70.295635 16.409812, 70.304844 16.391362, 70.314052 16.372912, 70.323258 16.354461, 70.332462 16.336009, 70.341664 16.317558, 70.350865 16.299106, 70.360064 16.280653, 70.369261 16.262200, 70.378456 16.243747, 70.387650 16.225293, 70.396842 16.206839, 70.406032 16.188385, 70.415221 16.169930, 70.424408 16.151475, 70.433593 16.133019, 70.442776 16.114563, 70.451958 16.096107, 70.461138 16.077650, 70.470316 16.059193, 70.479493 16.040735, 70.488668 16.022277, 70.497841 16.003819, 70.507013 15.985360, 70.516183 15.966901, 70.525351 15.948441, 70.534517 15.929981, 70.543682 15.911521, 70.552845 15.893060, 70.562006 15.874599, 70.571166 15.856137, 70.580324 15.837676, 70.589480 15.819213, 70.598635 15.800751, 70.607788 15.782288, 70.616940 15.763824, 70.626089 15.745361, 70.635237 15.726896, 70.644384 15.708432, 70.653528 15.689967, 70.662671 15.671502, 70.671813 15.653036, 70.680953 15.634570, 70.690091 15.616103, 70.699227 15.597637, 70.708362 15.579169, 70.717495 15.560702, 70.726627 15.542234, 70.735757 15.523766, 70.744885 15.505297, 70.754012 15.486828, 70.763137 15.468358, 70.772260 15.449888, 70.781382 15.431418, 70.790502 15.412948, 70.799620 15.394477, 70.808737 15.376005, 70.817852 15.357534, 70.826966 15.339062, 70.836078 15.320589, 70.845189 15.302117, 70.854297 15.283643, 70.863405 15.265170, 70.872510 15.246696, 70.881614 15.228222, 70.890717 15.209747, 70.899817 15.191272, 70.908917 15.172797, 70.918014 15.154321, 70.927110 15.135845, 70.936205 15.117368, 70.945298 15.098892, 70.954389 15.080414, 70.963479 15.061937, 70.972567 15.043459, 70.981653 15.024981, 70.990738 15.006502, 70.999822 14.988023, 71.008904 14.969544, 71.017984 14.951064, 71.027063 14.932584, 71.036140 14.914104, 71.045216 14.895623, 71.054290 14.877142, 71.063362 14.858660, 71.072433 14.840178, 71.081502 14.821696, 71.090570 14.803213, 71.099637 14.784731, 71.108701 14.766247, 71.117764 14.747764, 71.126826 14.729280, 71.135886 14.710795, 71.144945 14.692311, 71.154002 14.673826, 71.163057 14.655340, 71.172111 14.636855, 71.181164 14.618368, 71.190215 14.599882, 71.199264 14.581395, 71.208312 14.562908, 71.217359 14.544421, 71.226404 14.525933, 71.235447 14.507445, 71.244489 14.488956, 71.253529 14.470467, 71.262568 14.451978, 71.271605 14.433489, 71.280641 14.414999, 71.289676 14.396508, 71.298708 14.378018, 71.307740 14.359527, 71.316770 14.341036, 71.325798 14.322544, 71.334825 14.304052, 71.343850 14.285560, 71.352874 14.267067, 71.361897 14.248574, 71.370918 14.230081, 71.379937 14.211587, 71.388955 14.193093, 71.397972 14.174599, 71.406987 14.156104, 71.416000 14.137609, 71.425012 14.119114, 71.434023 14.100618, 71.443032 14.082122, 71.452040 14.063626, 71.461046 14.045129, 71.470051 14.026632, 71.479054 14.008135, 71.488056 13.989637, 71.497057 13.971139, 71.506056 13.952641, 71.515053 13.934142, 71.524050 13.915643, 71.533044 13.897144, 71.542038 13.878644, 71.551029 13.860144, 71.560020 13.841644, 71.569009 13.823143, 71.577996 13.804642, 71.586983 13.786141, 71.595967 13.767640, 71.604951 13.749138, 71.613932 13.730635, 71.622913 13.712133, 71.631892 13.693630, 71.640869 13.675127, 71.649846 13.656623, 71.658820 13.638119, 71.667794 13.619615, 71.676766 13.601110, 71.685736 13.582606, 71.694706 13.564100, 71.703673 13.545595, 71.712640 13.527089, 71.721605 13.508583, 71.730568 13.490077, 71.739531 13.471570, 71.748491 13.453063, 71.757451 13.434555, 71.766409 13.416048, 71.775366 13.397540, 71.784321 13.379031, 71.793275 13.360523, 71.802227 13.342014, 71.811179 13.323504, 71.820128 13.304995, 71.829077 13.286485, 71.838024 13.267975, 71.846970 13.249464, 71.855914 13.230953, 71.864857 13.212442, 71.873799 13.193931, 71.882739 13.175419, 71.891678 13.156907, 71.900615 13.138394, 71.909552 13.119882, 71.918487 13.101369, 71.927420 13.082855, 71.936352 13.064342, 71.945283 13.045828, 71.954213 13.027313, 71.963141 13.008799, 71.972068 12.990284, 71.980993 12.971769, 71.989917 12.953253, 71.998840 12.934738, 72.007762 12.916222, 72.016682 12.897705, 72.025601 12.879189, 72.034519 12.860672, 72.043435 12.842154, 72.052350 12.823637, 72.061263 12.805119, 72.070176 12.786601, 72.079087 12.768082, 72.087997 12.749563, 72.096905 12.731044, 72.105812 12.712525, 72.114718 12.694005, 72.123622 12.675485, 72.132526 12.656965, 72.141428 12.638444, 72.150328 12.619924, 72.159228 12.601402, 72.168126 12.582881, 72.177022 12.564359, 72.185918 12.545837, 72.194812 12.527315, 72.203705 12.508792, 72.212597 12.490269, 72.221487 12.471746, 72.230376 12.453223, 72.239264 12.434699, 72.248151 12.416175, 72.257036 12.397651, 72.265920 12.379126, 72.274803 12.360601, 72.283685 12.342076, 72.292565 12.323550, 72.301444 12.305024, 72.310322 12.286498, 72.319198 12.267972, 72.328073 12.249445, 72.336948 12.230918, 72.345820 12.212391, 72.354692 12.193864, 72.363562 12.175336, 72.372431 12.156808, 72.381299 12.138279, 72.390166 12.119751, 72.399031 12.101222, 72.407895 12.082693, 72.416758 12.064163, 72.425620 12.045633, 72.434480 12.027103, 72.443340 12.008573, 72.452198 11.990042, 72.461054 11.971512, 72.469910 11.952980, 72.478764 11.934449, 72.487618 11.915917, 72.496470 11.897385, 72.505320 11.878853, 72.514170 11.860320, 72.523018 11.841788, 72.531865 11.823255, 72.540711 11.804721, 72.549556 11.786188, 72.558400 11.767654, 72.567242 11.749119, 72.576083 11.730585, 72.584923 11.712050, 72.593762 11.693515, 72.602600 11.674980, 72.611436 11.656444, 72.620271 11.637909, 72.629105 11.619373, 72.637938 11.600836, 72.646770 11.582300, 72.655601 11.563763, 72.664430 11.545226, 72.673258 11.526688, 72.682085 11.508151, 72.690911 11.489613, 72.699736 11.471074, 72.708560 11.452536, 72.717382 11.433997, 72.726203 11.415458, 72.735023 11.396919, 72.743842 11.378379, 72.752660 11.359840, 72.761477 11.341299, 72.770292 11.322759, 72.779107 11.304219, 72.787920 11.285678, 72.796732 11.267137, 72.805543 11.248595, 72.814353 11.230054, 72.823162 11.211512, 72.831969 11.192970, 72.840776 11.174427, 72.849581 11.155885, 72.858385 11.137342, 72.867188 11.118799, 72.875990 11.100255, 72.884791 11.081711, 72.893591 11.063168, 72.902389 11.044623, 72.911187 11.026079, 72.919983 11.007534, 72.928779 10.988989, 72.937573 10.970444, 72.946366 10.951899, 72.955158 10.933353, 72.963949 10.914807, 72.972739 10.896261, 72.981527 10.877714, 72.990315 10.859168, 72.999101 10.840621, 73.007887 10.822073, 73.016671 10.803526, 73.025454 10.784978, 73.034236 10.766430, 73.043017 10.747882, 73.051797 10.729334, 73.060576 10.710785, 73.069354 10.692236, 73.078131 10.673687, 73.086907 10.655137, 73.095681 10.636588, 73.104455 10.618038, 73.113227 10.599488, 73.121999 10.580937, 73.130769 10.562387, 73.139538 10.543836, 73.148307 10.525285, 73.157074 10.506733, 73.165840 10.488182, 73.174605 10.469630, 73.183369 10.451078, 73.192132 10.432526, 73.200894 10.413973, 73.209655 10.395420, 73.218415 10.376867, 73.227174 10.358314, 73.235932 10.339760, 73.244688 10.321207, 73.253444 10.302653, 73.262199 10.284098, 73.270952 10.265544, 73.279705 10.246989, 73.288457 10.228434, 73.297207 10.209879, 73.305957 10.191324, 73.314705 10.172768, 73.323453 10.154212, 73.332199 10.135656, 73.340945 10.117100, 73.349690 10.098543, 73.358433 10.079987, 73.367175 10.061430, 73.375917 10.042872, 73.384657 10.024315, 73.393397 10.005757, 73.402135 9.987199, 73.410873 9.968641, 73.419609 9.950083, 73.428345 9.931524, 73.437079 9.912965, 73.445813 9.894406, 73.454545 9.875847, 73.463277 9.857288, 73.472008 9.838728, 73.480737 9.820168, 73.489466 9.801608, 73.498193 9.783047, 73.506920 9.764487, 73.515646 9.745926, 73.524370 9.727365, 73.533094 9.708803, 73.541817 9.690242, 73.550539 9.671680, 73.559259 9.653118, 73.567979 9.634556, 73.576698 9.615994, 73.585416 9.597431, 73.594133 9.578868, 73.602849 9.560305, 73.611564 9.541742, 73.620279 9.523178, 73.628992 9.504615, 73.637704 9.486051, 73.646415 9.467487, 73.655126 9.448922, 73.663835 9.430358, 73.672544 9.411793, 73.681251 9.393228, 73.689958 9.374663, 73.698664 9.356098, 73.707368 9.337532, 73.716072 9.318966, 73.724775 9.300400, 73.733477 9.281834, 73.742178 9.263267, 73.750878 9.244701, 73.759578 9.226134, 73.768276 9.207567, 73.776973 9.188999, 73.785670 9.170432, 73.794365 9.151864, 73.803060 9.133296, 73.811754 9.114728, 73.820447 9.096160, 73.829139 9.077591, 73.837830 9.059023, 73.846520 9.040454, 73.855209 9.021884, 73.863898 9.003315, 73.872585 8.984746, 73.881272 8.966176, 73.889957 8.947606, 73.898642 8.929036, 73.907326 8.910465, 73.916009 8.891895, 73.924691 8.873324, 73.933373 8.854753, 73.942053 8.836182, 73.950733 8.817610, 73.959411 8.799039, 73.968089 8.780467, 73.976766 8.761895, 73.985442 8.743323, 73.994117 8.724751, 74.002791 8.706178, 74.011465 8.687605, 74.020138 8.669032, 74.028809 8.650459, 74.037480 8.631886, 74.046150 8.613312, 74.054819 8.594738, 74.063488 8.576165, 74.072155 8.557590, 74.080822 8.539016, 74.089488 8.520442, 74.098153 8.501867, 74.106817 8.483292, 74.115480 8.464717, 74.124143 8.446142, 74.132804 8.427566, 74.141465 8.408991, 74.150125 8.390415, 74.158784 8.371839, 74.167442 8.353262, 74.176100 8.334686, 74.184757 8.316109, 74.193412 8.297533, 74.202067 8.278956, 74.210722 8.260379, 74.219375 8.241801, 74.228028 8.223224, 74.236679 8.204646, 74.245330 8.186068, 74.253980 8.167490, 74.262630 8.148912, 74.271278 8.130333, 74.279926 8.111755, 74.288573 8.093176, 74.297219 8.074597, 74.305864 8.056018, 74.314509 8.037438, 74.323153 8.018859, 74.331796 8.000279, 74.340438 7.981699, 74.349079 7.963119, 74.357720 7.944539, 74.366360 7.925958, 74.374999 7.907378, 74.383637 7.888797, 74.392275 7.870216, 74.400911 7.851635, 74.409547 7.833054, 74.418182 7.814472, 74.426817 7.795890, 74.435450 7.777309, 74.444083 7.758727, 74.452715 7.740144, 74.461347 7.721562, 74.469977 7.702979, 74.478607 7.684397, 74.487236 7.665814, 74.495865 7.647231, 74.504492 7.628648, 74.513119 7.610064, 74.521745 7.591481, 74.530370 7.572897, 74.538995 7.554313, 74.547619 7.535729, 74.556242 7.517145, 74.564864 7.498560, 74.573486 7.479976, 74.582107 7.461391, 74.590727 7.442806, 74.599347 7.424221, 74.607965 7.405636, 74.616583 7.387050, 74.625200 7.368465, 74.633817 7.349879, 74.642433 7.331293, 74.651048 7.312707, 74.659662 7.294121, 74.668276 7.275534, 74.676889 7.256948, 74.685501 7.238361, 74.694113 7.219774, 74.702723 7.201187, 74.711334 7.182600, 74.719943 7.164012, 74.728552 7.145425, 74.737160 7.126837, 74.745767 7.108249, 74.754374 7.089661, 74.762980 7.071073, 74.771585 7.052485, 74.780189 7.033896, 74.788793 7.015308, 74.797396 6.996719, 74.805999 6.978130, 74.814601 6.959541, 74.823202 6.940952, 74.831802 6.922362, 74.840402 6.903773, 74.849001 6.885183, 74.857599 6.866593, 74.866197 6.848003, 74.874794 6.829413, 74.883391 6.810823, 74.891986 6.792232, 74.900581 6.773641, 74.909176 6.755051, 74.917769 6.736460, 74.926363 6.717869, 74.934955 6.699277, 74.943547 6.680686, 74.952138 6.662094, 74.960728 6.643503, 74.969318 6.624911, 74.977907 6.606319, 74.986496 6.587727, 74.995084 6.569134, 75.003671 6.550542, 75.012258 6.531949, 75.020843 6.513357, 75.029429 6.494764, 75.038014 6.476171, 75.046598 6.457578, 75.055181 6.438984, 75.063764 6.420391, 75.072346 6.401797, 75.080927 6.383204, 75.089508 6.364610, 75.098089 6.346016, 75.106668 6.327422, 75.115247 6.308827, 75.123826 6.290233, 75.132404 6.271638, 75.140981 6.253044, 75.149558 6.234449, 75.158134 6.215854, 75.166709 6.197259, 75.175284 6.178664, 75.183858 6.160068, 75.192432 6.141473, 75.201005 6.122877, 75.209577 6.104281, 75.218149 6.085685, 75.226720 6.067089, 75.235291 6.048493, 75.243861 6.029897, 75.252430 6.011300, 75.260999 5.992703, 75.269567 5.974107, 75.278135 5.955510, 75.286702 5.936913, 75.295268 5.918316, 75.303834 5.899718, 75.312400 5.881121, 75.320965 5.862523, 75.329529 5.843926, 75.338092 5.825328, 75.346656 5.806730, 75.355218 5.788132, 75.363780 5.769534, 75.372341 5.750935, 75.380902 5.732337, 75.389463 5.713738, 75.398022 5.695140, 75.406582 5.676541, 75.415140 5.657942, 75.423698 5.639343, 75.432256 5.620744, 75.440813 5.602144, 75.449369 5.583545, 75.457925 5.564945, 75.466480 5.546346, 75.475035 5.527746, 75.483589 5.509146, 75.492143 5.490546, 75.500696 5.471946, 75.509249 5.453345, 75.517801 5.434745, 75.526353 5.416145, 75.534904 5.397544, 75.543455 5.378943, 75.552005 5.360342, 75.560554 5.341741, 75.569103 5.323140, 75.577652 5.304539, 75.586200 5.285937, 75.594747 5.267336, 75.603294 5.248734, 75.611840 5.230133, 75.620386 5.211531, 75.628932 5.192929, 75.637477 5.174327, 75.646021 5.155725, 75.654565 5.137122, 75.663108 5.118520, 75.671651 5.099917, 75.680194 5.081315, 75.688736 5.062712, 75.697277 5.044109, 75.705818 5.025506, 75.714358 5.006903, 75.722898 4.988300, 75.731438 4.969697, 75.739977 4.951093, 75.748515 4.932490, 75.757054 4.913886, 75.765591 4.895282, 75.774128 4.876678, 75.782665 4.858074, 75.791201 4.839470, 75.799737 4.820866, 75.808272 4.802262, 75.816807 4.783658, 75.825341 4.765053, 75.833875 4.746448, 75.842408 4.727844, 75.850941 4.709239, 75.859473 4.690634, 75.868005 4.672029, 75.876537 4.653424, 75.885068 4.634819, 75.893599 4.616213, 75.902129 4.597608, 75.910659 4.579002, 75.919188 4.560397, 75.927717 4.541791, 75.936245 4.523185, 75.944773 4.504579, 75.953301 4.485973, 75.961828 4.467367, 75.970355 4.448761, 75.978881 4.430155, 75.987407 4.411548, 75.995932 4.392942, 76.004457 4.374335, 76.012982 4.355728, 76.021506 4.337122, 76.030029 4.318515, 76.038553 4.299908, 76.047076 4.281301, 76.055598 4.262693, 76.064120 4.244086, 76.072642 4.225479, 76.081163 4.206871, 76.089684 4.188264, 76.098204 4.169656, 76.106724 4.151048, 76.115244 4.132441, 76.123763 4.113833, 76.132282 4.095225, 76.140800 4.076616, 76.149318 4.058008, 76.157836 4.039400, 76.166353 4.020792, 76.174870 4.002183, 76.183386 3.983575, 76.191902 3.964966, 76.200418 3.946357, 76.208933 3.927748, 76.217448 3.909140, 76.225963 3.890531, 76.234477 3.871922, 76.242991 3.853312, 76.251504 3.834703, 76.260017 3.816094, 76.268530 3.797484, 76.277042 3.778875, 76.285554 3.760265, 76.294066 3.741656, 76.302577 3.723046, 76.311088 3.704436, 76.319599 3.685826, 76.328109 3.667216, 76.336618 3.648606, 76.345128 3.629996, 76.353637 3.611386, 76.362146 3.592775, 76.370654 3.574165, 76.379162 3.555555, 76.387670 3.536944, 76.396177 3.518333, 76.404684 3.499723, 76.413191 3.481112, 76.421697 3.462501, 76.430203 3.443890, 76.438709 3.425279, 76.447214 3.406668, 76.455720 3.388057, 76.464224 3.369446, 76.472729 3.350834, 76.481233 3.332223, 76.489736 3.313612, 76.498240 3.295000, 76.506743 3.276389, 76.515246 3.257777, 76.523748 3.239165, 76.532250 3.220553, 76.540752 3.201941, 76.549254 3.183330, 76.557755 3.164718, 76.566256 3.146105, 76.574756 3.127493, 76.583257 3.108881, 76.591757 3.090269, 76.600256 3.071656, 76.608756 3.053044, 76.617255 3.034431, 76.625754 3.015819, 76.634252 2.997206, 76.642751 2.978594, 76.651249 2.959981, 76.659746 2.941368, 76.668244 2.922755, 76.676741 2.904142, 76.685238 2.885529, 76.693734 2.866916, 76.702231 2.848303, 76.710727 2.829690, 76.719222 2.811076, 76.727718 2.792463, 76.736213 2.773850, 76.744708 2.755236, 76.753203 2.736623, 76.761697 2.718009, 76.770191 2.699396, 76.778685 2.680782, 76.787179 2.662168, 76.795672 2.643554, 76.804165 2.624940, 76.812658 2.606327, 76.821150 2.587713, 76.829643 2.569099, 76.838135 2.550484, 76.846627 2.531870, 76.855118 2.513256, 76.863610 2.494642, 76.872101 2.476027, 76.880592 2.457413, 76.889082 2.438799, 76.897573 2.420184, 76.906063 2.401570, 76.914553 2.382955, 76.923043 2.364340, 76.931532 2.345726, 76.940021 2.327111, 76.948511 2.308496, 76.956999 2.289881, 76.965488 2.271267, 76.973976 2.252652, 76.982465 2.234037, 76.990952 2.215422, 76.999440 2.196806, 77.007928 2.178191, 77.016415 2.159576, 77.024902 2.140961, 77.033389 2.122346, 77.041876 2.103730, 77.050362 2.085115, 77.058849 2.066500, 77.067335 2.047884, 77.075821 2.029269, 77.084306 2.010653, 77.092792 1.992037, 77.101277 1.973422, 77.109762 1.954806, 77.118247 1.936190, 77.126732 1.917575, 77.135217 1.898959, 77.143701 1.880343, 77.152185 1.861727, 77.160669 1.843111, 77.169153 1.824495, 77.177637 1.805879, 77.186120 1.787263, 77.194604 1.768647, 77.203087 1.750031, 77.211570 1.731415, 77.220053 1.712799, 77.228535 1.694182, 77.237018 1.675566, 77.245500 1.656950, 77.253982 1.638333, 77.262464 1.619717, 77.270946 1.601100, 77.279428 1.582484, 77.287909 1.563868, 77.296391 1.545251, 77.304872 1.526634, 77.313353 1.508018, 77.321834 1.489401, 77.330315 1.470785, 77.338796 1.452168, 77.347276 1.433551, 77.355757 1.414934, 77.364237 1.396318, 77.372717 1.377701, 77.381197 1.359084, 77.389677 1.340467, 77.398157 1.321850, 77.406636 1.303233, 77.415116 1.284616, 77.423595 1.265999, 77.432074 1.247382, 77.440553 1.228765, 77.449032 1.210148, 77.457511 1.191531, 77.465990 1.172914, 77.474469 1.154297, 77.482947 1.135680, 77.491426 1.117062, 77.499904 1.098445, 77.508382 1.079828, 77.516860 1.061211, 77.525338 1.042593, 77.533816 1.023976, 77.542294 1.005359, 77.550772 0.986741, 77.559249 0.968124, 77.567727 0.949506, 77.576204 0.930889, 77.584682 0.912272, 77.593159 0.893654, 77.601636 0.875037, 77.610113 0.856419, 77.618590 0.837802, 77.627067 0.819184, 77.635544 0.800566, 77.644021 0.781949, 77.652498 0.763331, 77.660974 0.744714, 77.669451 0.726096, 77.677927 0.707478, 77.686404 0.688861, 77.694880 0.670243, 77.703356 0.651625, 77.711833 0.633008, 77.720309 0.614390, 77.728785 0.595772, 77.737261 0.577154, 77.745737 0.558537, 77.754213 0.539919, 77.762689 0.521301, 77.771165 0.502683, 77.779640 0.484066, 77.788116 0.465448, 77.796592 0.446830, 77.805068 0.428212, 77.813543 0.409594, 77.822019 0.390976, 77.830494 0.372358, 77.838970 0.353741, 77.847445 0.335123, 77.855921 0.316505, 77.864396 0.297887, 77.872872 0.279269, 77.881347 0.260651, 77.889822 0.242033, 77.898298 0.223415, 77.906773 0.204797, 77.915248 0.186179, 77.923723 0.167561, 77.932199 0.148944, 77.940674 0.130326, 77.949149 0.111708, 77.957624 0.093090, 77.966099 0.074472, 77.974574 0.055854, 77.983050 0.037236, 77.991525 0.018618, 78.000000 0.000000, 78.010865 -0.017328, 78.021729 -0.034656, 78.032594 -0.051984, 78.043458 -0.069312, 78.054323 -0.086640, 78.065188 -0.103968, 78.076052 -0.121296, 78.086917 -0.138624, 78.097781 -0.155952, 78.108646 -0.173281, 78.119511 -0.190609, 78.130375 -0.207937, 78.141240 -0.225265, 78.152105 -0.242593, 78.162970 -0.259921, 78.173835 -0.277249, 78.184699 -0.294577, 78.195564 -0.311905, 78.206429 -0.329232, 78.217294 -0.346560, 78.228159 -0.363888, 78.239024 -0.381216, 78.249889 -0.398544, 78.260754 -0.415872, 78.271620 -0.433200, 78.282485 -0.450528, 78.293350 -0.467856, 78.304215 -0.485183, 78.315081 -0.502511, 78.325946 -0.519839, 78.336812 -0.537167, 78.347677 -0.554495, 78.358543 -0.571822, 78.369409 -0.589150, 78.380274 -0.606478, 78.391140 -0.623805, 78.402006 -0.641133, 78.412872 -0.658461, 78.423738 -0.675788, 78.434604 -0.693116, 78.445470 -0.710443, 78.456337 -0.727771, 78.467203 -0.745098, 78.478070 -0.762426, 78.488936 -0.779753, 78.499803 -0.797081, 78.510669 -0.814408, 78.521536 -0.831736, 78.532403 -0.849063, 78.543270 -0.866390, 78.554137 -0.883717, 78.565005 -0.901045, 78.575872 -0.918372, 78.586739 -0.935699, 78.597607 -0.953026, 78.608474 -0.970353, 78.619342 -0.987680, 78.630210 -1.005007, 78.641078 -1.022334, 78.651946 -1.039661, 78.662814 -1.056988, 78.673683 -1.074315, 78.684551 -1.091642, 78.695420 -1.108969, 78.706288 -1.126296, 78.717157 -1.143622, 78.728026 -1.160949, 78.738895 -1.178276, 78.749765 -1.195602, 78.760634 -1.212929, 78.771504 -1.230255, 78.782373 -1.247582, 78.793243 -1.264908, 78.804113 -1.282235, 78.814983 -1.299561, 78.825853 -1.316887, 78.836724 -1.334213, 78.847594 -1.351540, 78.858465 -1.368866, 78.869336 -1.386192, 78.880207 -1.403518, 78.891078 -1.420844, 78.901949 -1.438170, 78.912821 -1.455496, 78.923692 -1.472822, 78.934564 -1.490147, 78.945436 -1.507473, 78.956309 -1.524799, 78.967181 -1.542124, 78.978053 -1.559450, 78.988926 -1.576775, 78.999799 -1.594101, 79.010672 -1.611426, 79.021545 -1.628752, 79.032419 -1.646077, 79.043293 -1.663402, 79.054166 -1.680727, 79.065040 -1.698052, 79.075915 -1.715377, 79.086789 -1.732702, 79.097664 -1.750027, 79.108538 -1.767352, 79.119413 -1.784677, 79.130289 -1.802002, 79.141164 -1.819326, 79.152040 -1.836651, 79.162916 -1.853975, 79.173792 -1.871300, 79.184668 -1.888624, 79.195544 -1.905949, 79.206421 -1.923273, 79.217298 -1.940597, 79.228175 -1.957921, 79.239053 -1.975245, 79.249930 -1.992569, 79.260808 -2.009893, 79.271686 -2.027217, 79.282565 -2.044541, 79.293443 -2.061864, 79.304322 -2.079188, 79.315201 -2.096512, 79.326080 -2.113835, 79.336960 -2.131158, 79.347839 -2.148482, 79.358719 -2.165805, 79.369600 -2.183128, 79.380480 -2.200451, 79.391361 -2.217774, 79.402242 -2.235097, 79.413123 -2.252420, 79.424005 -2.269743, 79.434886 -2.287065, 79.445768 -2.304388, 79.456651 -2.321710, 79.467533 -2.339033, 79.478416 -2.356355, 79.489299 -2.373677, 79.500183 -2.391000, 79.511066 -2.408322, 79.521950 -2.425644, 79.532834 -2.442966, 79.543719 -2.460287, 79.554604 -2.477609, 79.565489 -2.494931, 79.576374 -2.512252, 79.587260 -2.529574, 79.598146 -2.546895, 79.609032 -2.564216, 79.619918 -2.581538, 79.630805 -2.598859, 79.641692 -2.616180, 79.652580 -2.633501, 79.663467 -2.650821, 79.674355 -2.668142, 79.685244 -2.685463, 79.696132 -2.702783, 79.707021 -2.720104, 79.717911 -2.737424, 79.728800 -2.754744, 79.739690 -2.772064, 79.750580 -2.789384, 79.761471 -2.806704, 79.772362 -2.824024, 79.783253 -2.841344, 79.794144 -2.858663, 79.805036 -2.875983, 79.815928 -2.893302, 79.826821 -2.910622, 79.837714 -2.927941, 79.848607 -2.945260, 79.859500 -2.962579, 79.870394 -2.979898, 79.881288 -2.997217, 79.892183 -3.014535, 79.903078 -3.031854, 79.913973 -3.049172, 79.924869 -3.066491, 79.935765 -3.083809, 79.946661 -3.101127, 79.957557 -3.118445, 79.968454 -3.135763, 79.979352 -3.153081, 79.990250 -3.170398, 80.001148 -3.187716, 80.012046 -3.205033, 80.022945 -3.222351, 80.033844 -3.239668, 80.044744 -3.256985, 80.055644 -3.274302, 80.066544 -3.291619, 80.077445 -3.308936, 80.088346 -3.326252, 80.099247 -3.343569, 80.110149 -3.360885, 80.121051 -3.378201, 80.131954 -3.395517, 80.142857 -3.412833, 80.153760 -3.430149, 80.164664 -3.447465, 80.175568 -3.464781, 80.186473 -3.482096, 80.197378 -3.499412, 80.208283 -3.516727, 80.219189 -3.534042, 80.230095 -3.551357, 80.241002 -3.568672, 80.251909 -3.585987, 80.262817 -3.603301, 80.273724 -3.620616, 80.284633 -3.637930, 80.295541 -3.655244, 80.306451 -3.672558, 80.317360 -3.689872, 80.328270 -3.707186, 80.339180 -3.724500, 80.350091 -3.741813, 80.361003 -3.759127, 80.371914 -3.776440, 80.382826 -3.793753, 80.393739 -3.811066, 80.404652 -3.828379, 80.415565 -3.845692, 80.426479 -3.863004, 80.437394 -3.880317, 80.448308 -3.897629, 80.459224 -3.914941, 80.470139 -3.932253, 80.481056 -3.949565, 80.491972 -3.966877, 80.502889 -3.984189, 80.513807 -4.001500, 80.524725 -4.018811, 80.535643 -4.036123, 80.546562 -4.053434, 80.557481 -4.070745, 80.568401 -4.088055, 80.579321 -4.105366, 80.590242 -4.122676, 80.601164 -4.139987, 80.612085 -4.157297, 80.623007 -4.174607, 80.633930 -4.191917, 80.644853 -4.209226, 80.655777 -4.226536, 80.666701 -4.243845, 80.677626 -4.261154, 80.688551 -4.278463, 80.699477 -4.295772, 80.710403 -4.313081, 80.721329 -4.330390, 80.732256 -4.347698, 80.743184 -4.365006, 80.754112 -4.382315, 80.765041 -4.399622, 80.775970 -4.416930, 80.786900 -4.434238, 80.797830 -4.451545, 80.808761 -4.468853, 80.819692 -4.486160, 80.830623 -4.503467, 80.841556 -4.520774, 80.852488 -4.538080, 80.863422 -4.555387, 80.874356 -4.572693, 80.885290 -4.589999, 80.896225 -4.607306, 80.907160 -4.624611, 80.918096 -4.641917, 80.929033 -4.659223, 80.939970 -4.676528, 80.950907 -4.693833, 80.961845 -4.711138, 80.972784 -4.728443, 80.983723 -4.745748, 80.994663 -4.763052, 81.005603 -4.780356, 81.016544 -4.797660, 81.027485 -4.814964, 81.038427 -4.832268, 81.049370 -4.849572, 81.060313 -4.866875, 81.071256 -4.884179, 81.082201 -4.901482, 81.093145 -4.918785, 81.104091 -4.936087, 81.115037 -4.953390, 81.125983 -4.970692, 81.136930 -4.987994, 81.147878 -5.005296, 81.158826 -5.022598, 81.169775 -5.039900, 81.180724 -5.057201, 81.191674 -5.074503, 81.202625 -5.091804, 81.213576 -5.109105, 81.224527 -5.126405, 81.235480 -5.143706, 81.246433 -5.161006, 81.257386 -5.178306, 81.268340 -5.195606, 81.279295 -5.212906, 81.290250 -5.230206, 81.301206 -5.247505, 81.312163 -5.264804, 81.323120 -5.282103, 81.334078 -5.299402, 81.345036 -5.316701, 81.355995 -5.333999, 81.366955 -5.351298, 81.377915 -5.368596, 81.388876 -5.385893, 81.399837 -5.403191, 81.410799 -5.420489, 81.421762 -5.437786, 81.432725 -5.455083, 81.443689 -5.472380, 81.454654 -5.489676, 81.465619 -5.506973, 81.476585 -5.524269, 81.487551 -5.541565, 81.498519 -5.558861, 81.509486 -5.576157, 81.520455 -5.593452, 81.531424 -5.610748, 81.542394 -5.628043, 81.553364 -5.645337, 81.564335 -5.662632, 81.575307 -5.679927, 81.586279 -5.697221, 81.597252 -5.714515, 81.608226 -5.731809, 81.619200 -5.749102, 81.630175 -5.766396, 81.641151 -5.783689, 81.652128 -5.800982, 81.663105 -5.818275, 81.674082 -5.835567, 81.685061 -5.852859, 81.696040 -5.870152, 81.707020 -5.887444, 81.718000 -5.904735, 81.728981 -5.922027, 81.739963 -5.939318, 81.750945 -5.956609, 81.761929 -5.973900, 81.772913 -5.991190, 81.783897 -6.008481, 81.794882 -6.025771, 81.805868 -6.043061, 81.816855 -6.060351, 81.827843 -6.077640, 81.838831 -6.094930, 81.849819 -6.112219, 81.860809 -6.129507, 81.871799 -6.146796, 81.882790 -6.164085, 81.893782 -6.181373, 81.904774 -6.198661, 81.915767 -6.215948, 81.926761 -6.233236, 81.937756 -6.250523, 81.948751 -6.267810, 81.959747 -6.285097, 81.970744 -6.302384, 81.981741 -6.319670, 81.992739 -6.336956, 82.003738 -6.354242, 82.014738 -6.371528, 82.025738 -6.388813, 82.036740 -6.406098, 82.047741 -6.423383, 82.058744 -6.440668, 82.069747 -6.457952, 82.080752 -6.475237, 82.091757 -6.492521, 82.102762 -6.509804, 82.113769 -6.527088, 82.124776 -6.544371, 82.135784 -6.561654, 82.146792 -6.578937, 82.157802 -6.596220, 82.168812 -6.613502, 82.179823 -6.630784, 82.190835 -6.648066, 82.201848 -6.665348, 82.212861 -6.682629, 82.223875 -6.699910, 82.234890 -6.717191, 82.245906 -6.734472, 82.256922 -6.751752, 82.267939 -6.769032, 82.278957 -6.786312, 82.289976 -6.803592, 82.300996 -6.820871, 82.312016 -6.838150, 82.323037 -6.855429, 82.334059 -6.872708, 82.345082 -6.889986, 82.356106 -6.907264, 82.367130 -6.924542, 82.378155 -6.941820, 82.389182 -6.959097, 82.400208 -6.976374, 82.411236 -6.993651, 82.422264 -7.010928, 82.433294 -7.028204, 82.444324 -7.045480, 82.455355 -7.062756, 82.466387 -7.080031, 82.477419 -7.097307, 82.488453 -7.114582, 82.499487 -7.131857, 82.510522 -7.149131, 82.521558 -7.166405, 82.532595 -7.183679, 82.543632 -7.200953, 82.554671 -7.218227, 82.565710 -7.235500, 82.576750 -7.252773, 82.587791 -7.270045, 82.598833 -7.287318, 82.609876 -7.304590, 82.620919 -7.321862, 82.631963 -7.339134, 82.643009 -7.356405, 82.654055 -7.373676, 82.665102 -7.390947, 82.676150 -7.408217, 82.687198 -7.425487, 82.698248 -7.442757, 82.709298 -7.460027, 82.720349 -7.477297, 82.731402 -7.494566, 82.742455 -7.511835, 82.753509 -7.529103, 82.764563 -7.546372, 82.775619 -7.563640, 82.786676 -7.580907, 82.797733 -7.598175, 82.808792 -7.615442, 82.819851 -7.632709, 82.830911 -7.649976, 82.841972 -7.667242, 82.853034 -7.684508, 82.864097 -7.701774, 82.875160 -7.719039, 82.886225 -7.736305, 82.897291 -7.753570, 82.908357 -7.770834, 82.919424 -7.788099, 82.930493 -7.805363, 82.941562 -7.822626, 82.952632 -7.839890, 82.963703 -7.857153, 82.974775 -7.874416, 82.985848 -7.891679, 82.996922 -7.908941, 83.007996 -7.926203, 83.019072 -7.943465, 83.030148 -7.960726, 83.041226 -7.977988, 83.052304 -7.995248, 83.063384 -8.012509, 83.074464 -8.029769, 83.085545 -8.047029, 83.096628 -8.064289, 83.107711 -8.081548, 83.118795 -8.098808, 83.129880 -8.116066, 83.140966 -8.133325, 83.152053 -8.150583, 83.163141 -8.167841, 83.174230 -8.185099, 83.185320 -8.202356, 83.196410 -8.219613, 83.207502 -8.236870, 83.218595 -8.254126, 83.229689 -8.271382, 83.240783 -8.288638, 83.251879 -8.305893, 83.262975 -8.323149, 83.274073 -8.340403, 83.285172 -8.357658, 83.296271 -8.374912, 83.307372 -8.392166, 83.318473 -8.409420, 83.329576 -8.426673, 83.340679 -8.443926, 83.351784 -8.461179, 83.362889 -8.478431, 83.373996 -8.495683, 83.385103 -8.512935, 83.396212 -8.530186, 83.407321 -8.547437, 83.418432 -8.564688, 83.429543 -8.581939, 83.440656 -8.599189, 83.451769 -8.616439, 83.462884 -8.633688, 83.473999 -8.650937, 83.485116 -8.668186, 83.496234 -8.685435, 83.507352 -8.702683, 83.518472 -8.719931, 83.529593 -8.737179, 83.540714 -8.754426, 83.551837 -8.771673, 83.562961 -8.788919, 83.574086 -8.806166, 83.585211 -8.823412, 83.596338 -8.840657, 83.607466 -8.857903, 83.618595 -8.875148, 83.629725 -8.892392, 83.640856 -8.909637, 83.651988 -8.926881, 83.663122 -8.944124, 83.674256 -8.961367, 83.685391 -8.978610, 83.696527 -8.995853, 83.707665 -9.013095, 83.718803 -9.030337, 83.729943 -9.047579, 83.741083 -9.064820, 83.752225 -9.082061, 83.763368 -9.099302, 83.774512 -9.116542, 83.785656 -9.133782, 83.796802 -9.151022, 83.807949 -9.168261, 83.819098 -9.185500, 83.830247 -9.202739, 83.841397 -9.219977, 83.852548 -9.237215, 83.863701 -9.254452, 83.874855 -9.271690, 83.886009 -9.288927, 83.897165 -9.306163, 83.908322 -9.323399, 83.919480 -9.340635, 83.930639 -9.357871, 83.941799 -9.375106, 83.952960 -9.392341, 83.964123 -9.409575, 83.975286 -9.426809, 83.986451 -9.444043, 83.997617 -9.461276, 84.008783 -9.478509, 84.019951 -9.495742, 84.031121 -9.512974, 84.042291 -9.530206, 84.053462 -9.547438, 84.064635 -9.564669, 84.075808 -9.581900, 84.086983 -9.599131, 84.098159 -9.616361, 84.109336 -9.633591, 84.120514 -9.650820, 84.131693 -9.668049, 84.142874 -9.685278, 84.154056 -9.702506, 84.165238 -9.719734, 84.176422 -9.736962, 84.187607 -9.754189, 84.198794 -9.771416, 84.209981 -9.788643, 84.221169 -9.805869, 84.232359 -9.823095, 84.243550 -9.840320, 84.254742 -9.857545, 84.265935 -9.874770, 84.277130 -9.891995, 84.288325 -9.909219, 84.299522 -9.926442, 84.310720 -9.943665, 84.321919 -9.960888, 84.333119 -9.978111, 84.344321 -9.995333, 84.355523 -10.012555, 84.366727 -10.029776, 84.377932 -10.046997, 84.389138 -10.064218, 84.400346 -10.081438, 84.411554 -10.098658, 84.422764 -10.115877, 84.433975 -10.133096, 84.445187 -10.150315, 84.456401 -10.167533, 84.467615 -10.184751, 84.478831 -10.201969, 84.490048 -10.219186, 84.501267 -10.236403, 84.512486 -10.253620, 84.523707 -10.270836, 84.534929 -10.288051, 84.546152 -10.305267, 84.557376 -10.322481, 84.568602 -10.339696, 84.579829 -10.356910, 84.591057 -10.374124, 84.602286 -10.391337, 84.613517 -10.408550, 84.624748 -10.425763, 84.635981 -10.442975, 84.647216 -10.460187, 84.658451 -10.477398, 84.669688 -10.494609, 84.680926 -10.511820, 84.692165 -10.529030, 84.703406 -10.546240, 84.714648 -10.563449, 84.725891 -10.580658, 84.737135 -10.597867, 84.748381 -10.615075, 84.759627 -10.632283, 84.770875 -10.649490, 84.782125 -10.666697, 84.793375 -10.683904, 84.804627 -10.701110, 84.815881 -10.718316, 84.827135 -10.735521, 84.838391 -10.752726, 84.849648 -10.769931, 84.860906 -10.787135, 84.872166 -10.804339, 84.883427 -10.821542, 84.894689 -10.838745, 84.905952 -10.855947, 84.917217 -10.873150, 84.928483 -10.890351, 84.939751 -10.907553, 84.951019 -10.924754, 84.962289 -10.941954, 84.973561 -10.959154, 84.984833 -10.976354, 84.996107 -10.993553, 85.007382 -11.010752, 85.018659 -11.027950, 85.029937 -11.045148, 85.041216 -11.062346, 85.052497 -11.079543, 85.063778 -11.096740, 85.075062 -11.113936, 85.086346 -11.131132, 85.097632 -11.148328, 85.108919 -11.165523, 85.120208 -11.182717, 85.131498 -11.199911, 85.142789 -11.217105, 85.154081 -11.234299, 85.165375 -11.251492, 85.176670 -11.268684, 85.187967 -11.285876, 85.199265 -11.303068, 85.210564 -11.320259, 85.221865 -11.337450, 85.233167 -11.354640, 85.244470 -11.371830, 85.255775 -11.389020, 85.267081 -11.406209, 85.278389 -11.423398, 85.289697 -11.440586, 85.301008 -11.457774, 85.312319 -11.474961, 85.323632 -11.492148, 85.334947 -11.509334, 85.346262 -11.526520, 85.357579 -11.543706, 85.368898 -11.560891, 85.380218 -11.578076, 85.391539 -11.595260, 85.402862 -11.612444, 85.414186 -11.629627, 85.425511 -11.646810, 85.436838 -11.663993, 85.448167 -11.681175, 85.459496 -11.698357, 85.470827 -11.715538, 85.482160 -11.732719, 85.493494 -11.749899, 85.504829 -11.767079, 85.516166 -11.784258, 85.527504 -11.801437, 85.538843 -11.818616, 85.550184 -11.835794, 85.561527 -11.852971, 85.572871 -11.870148, 85.584216 -11.887325, 85.595563 -11.904501, 85.606911 -11.921677, 85.618260 -11.938852, 85.629612 -11.956027, 85.640964 -11.973202, 85.652318 -11.990376, 85.663673 -12.007549, 85.675030 -12.024722, 85.686388 -12.041895, 85.697748 -12.059067, 85.709109 -12.076239, 85.720472 -12.093410, 85.731836 -12.110581, 85.743201 -12.127751, 85.754568 -12.144921, 85.765937 -12.162090, 85.777307 -12.179259, 85.788678 -12.196428, 85.800051 -12.213596, 85.811425 -12.230763, 85.822801 -12.247930, 85.834179 -12.265097, 85.845557 -12.282263, 85.856938 -12.299428, 85.868319 -12.316594, 85.879703 -12.333758, 85.891087 -12.350922, 85.902474 -12.368086, 85.913861 -12.385249, 85.925251 -12.402412, 85.936641 -12.419575, 85.948034 -12.436736, 85.959427 -12.453898, 85.970823 -12.471059, 85.982219 -12.488219, 85.993618 -12.505379, 86.005017 -12.522538, 86.016419 -12.539697, 86.027822 -12.556856, 86.039226 -12.574014, 86.050632 -12.591171, 86.062039 -12.608329, 86.073448 -12.625485, 86.084859 -12.642641, 86.096271 -12.659797, 86.107684 -12.676952, 86.119099 -12.694106, 86.130516 -12.711261, 86.141934 -12.728414, 86.153354 -12.745567, 86.164775 -12.762720, 86.176198 -12.779872, 86.187622 -12.797024, 86.199048 -12.814175, 86.210475 -12.831326, 86.221904 -12.848476, 86.233335 -12.865626, 86.244767 -12.882775, 86.256201 -12.899924, 86.267636 -12.917072, 86.279073 -12.934220, 86.290511 -12.951367, 86.301951 -12.968514, 86.313393 -12.985660, 86.324836 -13.002806, 86.336280 -13.019951, 86.347727 -13.037096, 86.359175 -13.054240, 86.370624 -13.071383, 86.382075 -13.088527, 86.393528 -13.105669, 86.404982 -13.122812, 86.416438 -13.139953, 86.427895 -13.157094, 86.439354 -13.174235, 86.450815 -13.191375, 86.462277 -13.208515, 86.473741 -13.225654, 86.485207 -13.242793, 86.496674 -13.259931, 86.508142 -13.277069, 86.519613 -13.294206, 86.531085 -13.311342, 86.542558 -13.328478, 86.554033 -13.345614, 86.565510 -13.362749, 86.576989 -13.379884, 86.588469 -13.397018, 86.599951 -13.414151, 86.611434 -13.431284, 86.622919 -13.448416, 86.634406 -13.465548, 86.645894 -13.482680, 86.657384 -13.499811, 86.668875 -13.516941, 86.680369 -13.534071, 86.691864 -13.551200, 86.703360 -13.568329, 86.714858 -13.585457, 86.726358 -13.602585, 86.737860 -13.619712, 86.749363 -13.636839, 86.760868 -13.653965, 86.772374 -13.671091, 86.783883 -13.688216, 86.795393 -13.705340, 86.806904 -13.722464, 86.818417 -13.739588, 86.829932 -13.756711, 86.841449 -13.773833, 86.852967 -13.790955, 86.864487 -13.808077, 86.876009 -13.825197, 86.887532 -13.842318, 86.899057 -13.859437, 86.910584 -13.876557, 86.922113 -13.893675, 86.933643 -13.910793, 86.945175 -13.927911, 86.956708 -13.945028, 86.968244 -13.962144, 86.979781 -13.979260, 86.991319 -13.996376, 87.002860 -14.013491, 87.014402 -14.030605, 87.025946 -14.047719, 87.037492 -14.064832, 87.049039 -14.081945, 87.060588 -14.099057, 87.072139 -14.116168, 87.083691 -14.133279, 87.095246 -14.150390, 87.106802 -14.167500, 87.118360 -14.184609, 87.129919 -14.201718, 87.141480 -14.218826, 87.153043 -14.235934, 87.164608 -14.253041, 87.176175 -14.270148, 87.187743 -14.287254, 87.199313 -14.304359, 87.210885 -14.321464, 87.222458 -14.338568, 87.234034 -14.355672, 87.245611 -14.372775, 87.257190 -14.389878, 87.268770 -14.406980, 87.280353 -14.424082, 87.291937 -14.441183, 87.303523 -14.458283, 87.315111 -14.475383, 87.326700 -14.492482, 87.338292 -14.509581, 87.349885 -14.526679, 87.361480 -14.543777, 87.373076 -14.560874, 87.384675 -14.577970, 87.396275 -14.595066, 87.407877 -14.612161, 87.419481 -14.629256, 87.431087 -14.646350, 87.442695 -14.663444, 87.454304 -14.680537, 87.465915 -14.697629, 87.477528 -14.714721, 87.489143 -14.731812, 87.500760 -14.748903, 87.512378 -14.765993, 87.523998 -14.783082, 87.535620 -14.800171, 87.547244 -14.817260, 87.558870 -14.834347, 87.570498 -14.851435, 87.582127 -14.868521, 87.593758 -14.885607, 87.605392 -14.902693, 87.617027 -14.919777, 87.628663 -14.936862, 87.640302 -14.953945, 87.651943 -14.971028, 87.663585 -14.988111, 87.675229 -15.005193, 87.686875 -15.022274, 87.698523 -15.039355, 87.710173 -15.056435, 87.721825 -15.073514, 87.733478 -15.090593, 87.745134 -15.107672, 87.756791 -15.124749, 87.768450 -15.141827, 87.780112 -15.158903, 87.791775 -15.175979, 87.803439 -15.193054, 87.815106 -15.210129, 87.826775 -15.227203, 87.838445 -15.244277, 87.850118 -15.261350, 87.861792 -15.278422, 87.873468 -15.295494, 87.885146 -15.312565, 87.896827 -15.329635, 87.908508 -15.346705, 87.920192 -15.363775, 87.931878 -15.380843, 87.943566 -15.397911, 87.955255 -15.414979, 87.966947 -15.432046, 87.978640 -15.449112, 87.990336 -15.466177, 88.002033 -15.483242, 88.013732 -15.500307, 88.025433 -15.517371, 88.037136 -15.534434, 88.048842 -15.551496, 88.060548 -15.568558, 88.072257 -15.585620, 88.083968 -15.602680, 88.095681 -15.619740, 88.107396 -15.636800, 88.119113 -15.653859, 88.130831 -15.670917, 88.142552 -15.687974, 88.154274 -15.705031, 88.165999 -15.722088, 88.177725 -15.739143, 88.189454 -15.756199, 88.201184 -15.773253, 88.212917 -15.790307, 88.224651 -15.807360, 88.236388 -15.824413, 88.248126 -15.841464, 88.259866 -15.858516, 88.271609 -15.875566, 88.283353 -15.892617, 88.295099 -15.909666, 88.306848 -15.926715, 88.318598 -15.943763, 88.330350 -15.960810, 88.342104 -15.977857, 88.353861 -15.994903, 88.365619 -16.011949, 88.377379 -16.028994, 88.389142 -16.046038, 88.400906 -16.063082, 88.412672 -16.080125, 88.424441 -16.097167, 88.436211 -16.114209, 88.447983 -16.131250, 88.459758 -16.148291, 88.471534 -16.165330, 88.483313 -16.182369, 88.495093 -16.199408, 88.506876 -16.216446, 88.518661 -16.233483, 88.530447 -16.250520, 88.542236 -16.267555, 88.554027 -16.284591, 88.565819 -16.301625, 88.577614 -16.318659, 88.589411 -16.335693, 88.601210 -16.352725, 88.613011 -16.369757, 88.624814 -16.386788, 88.636619 -16.403819, 88.648426 -16.420849, 88.660236 -16.437878, 88.672047 -16.454907, 88.683860 -16.471935, 88.695676 -16.488962, 88.707493 -16.505989, 88.719313 -16.523015, 88.731135 -16.540041, 88.742958 -16.557065, 88.754784 -16.574089, 88.766612 -16.591113, 88.778442 -16.608135, 88.790275 -16.625157, 88.802109 -16.642179, 88.813945 -16.659199, 88.825784 -16.676219, 88.837624 -16.693239, 88.849467 -16.710257, 88.861312 -16.727275, 88.873159 -16.744293, 88.885008 -16.761309, 88.896859 -16.778325, 88.908712 -16.795341, 88.920568 -16.812355, 88.932425 -16.829369, 88.944285 -16.846382, 88.956147 -16.863395, 88.968011 -16.880407, 88.979877 -16.897418, 88.991745 -16.914428, 89.003615 -16.931438, 89.015488 -16.948447, 89.027362 -16.965456, 89.039239 -16.982464, 89.051118 -16.999471, 89.062999 -17.016477, 89.074883 -17.033483, 89.086768 -17.050488, 89.098656 -17.067492, 89.110545 -17.084496, 89.122437 -17.101499, 89.134331 -17.118501, 89.146228 -17.135503, 89.158126 -17.152503, 89.170027 -17.169504, 89.181930 -17.186503, 89.193835 -17.203502, 89.205742 -17.220500, 89.217651 -17.237497, 89.229563 -17.254494, 89.241477 -17.271490, 89.253392 -17.288485, 89.265311 -17.305480, 89.277231 -17.322474, 89.289154 -17.339467, 89.301078 -17.356459, 89.313005 -17.373451, 89.324935 -17.390442, 89.336866 -17.407432, 89.348800 -17.424422, 89.360736 -17.441411, 89.372674 -17.458399, 89.384614 -17.475386, 89.396556 -17.492373, 89.408501 -17.509359, 89.420448 -17.526345, 89.432397 -17.543329, 89.444349 -17.560313, 89.456303 -17.577296, 89.468259 -17.594279, 89.480217 -17.611260, 89.492177 -17.628241, 89.504140 -17.645222, 89.516105 -17.662201, 89.528072 -17.679180, 89.540042 -17.696158, 89.552014 -17.713136, 89.563988 -17.730112, 89.575964 -17.747088, 89.587942 -17.764064, 89.599923 -17.781038, 89.611906 -17.798012, 89.623892 -17.814985, 89.635879 -17.831957, 89.647869 -17.848929, 89.659862 -17.865900, 89.671856 -17.882870, 89.683853 -17.899839, 89.695852 -17.916808, 89.707854 -17.933776, 89.719857 -17.950743, 89.731863 -17.967710, 89.743872 -17.984675, 89.755882 -18.001640, 89.767895 -18.018604, 89.779911 -18.035568, 89.791928 -18.052531, 89.803948 -18.069493, 89.815970 -18.086454, 89.827995 -18.103414, 89.840022 -18.120374, 89.852051 -18.137333, 89.864083 -18.154292, 89.876116 -18.171249, 89.888153 -18.188206, 89.900191 -18.205162, 89.912232 -18.222117, 89.924275 -18.239072, 89.936321 -18.256025, 89.948369 -18.272978, 89.960419 -18.289931, 89.972472 -18.306882, 89.984527 -18.323833, 89.996584 -18.340783, 90.008644 -18.357732, 90.020706 -18.374681, 90.032771 -18.391628, 90.044838 -18.408575, 90.056907 -18.425522, 90.068978 -18.442467, 90.081052 -18.459412, 90.093129 -18.476356, 90.105208 -18.493299, 90.117289 -18.510241, 90.129372 -18.527183, 90.141458 -18.544124, 90.153547 -18.561064, 90.165637 -18.578003, 90.177730 -18.594941, 90.189826 -18.611879, 90.201924 -18.628816, 90.214024 -18.645752, 90.226127 -18.662688, 90.238232 -18.679623, 90.250340 -18.696556, 90.262450 -18.713490, 90.274562 -18.730422, 90.286677 -18.747353, 90.298795 -18.764284, 90.310914 -18.781214, 90.323037 -18.798143, 90.335161 -18.815072, 90.347288 -18.831999, 90.359418 -18.848926, 90.371550 -18.865852, 90.383684 -18.882778, 90.395821 -18.899702, 90.407961 -18.916626, 90.420102 -18.933549, 90.432247 -18.950471, 90.444393 -18.967392, 90.456542 -18.984313, 90.468694 -19.001233, 90.480848 -19.018152, 90.493005 -19.035070, 90.505164 -19.051987, 90.517325 -19.068904, 90.529489 -19.085820, 90.541656 -19.102735, 90.553825 -19.119649, 90.565996 -19.136562, 90.578170 -19.153475, 90.590347 -19.170386, 90.602526 -19.187297, 90.614707 -19.204208, 90.626891 -19.221117, 90.639078 -19.238026, 90.651267 -19.254933, 90.663458 -19.271840, 90.675652 -19.288746, 90.687849 -19.305652, 90.700048 -19.322556, 90.712250 -19.339460, 90.724454 -19.356363, 90.736660 -19.373265, 90.748870 -19.390166, 90.761081 -19.407067, 90.773296 -19.423966, 90.785512 -19.440865, 90.797732 -19.457763, 90.809954 -19.474660, 90.822178 -19.491557, 90.834405 -19.508452, 90.846635 -19.525347, 90.858867 -19.542241, 90.871101 -19.559134, 90.883339 -19.576026, 90.895578 -19.592918, 90.907821 -19.609808, 90.920066 -19.626698, 90.932313 -19.643587, 90.944563 -19.660475, 90.956816 -19.677363, 90.969071 -19.694249, 90.981329 -19.711135, 90.993590 -19.728019, 91.005853 -19.744903, 91.018118 -19.761787, 91.030386 -19.778669, 91.042657 -19.795550, 91.054931 -19.812431, 91.067207 -19.829311, 91.079485 -19.846190, 91.091766 -19.863068, 91.104050 -19.879945, 91.116337 -19.896821, 91.128626 -19.913697, 91.140918 -19.930572, 91.153212 -19.947446, 91.165509 -19.964319, 91.177809 -19.981191, 91.190111 -19.998062, 91.202416 -20.014933, 91.214723 -20.031802, 91.227033 -20.048671, 91.239346 -20.065539, 91.251662 -20.082406, 91.263980 -20.099272, 91.276300 -20.116138, 91.288624 -20.133002, 91.300950 -20.149866, 91.313279 -20.166729, 91.325610 -20.183591, 91.337944 -20.200452, 91.350281 -20.217312, 91.362620 -20.234171, 91.374962 -20.251030, 91.387307 -20.267888, 91.399654 -20.284744, 91.412005 -20.301600, 91.424357 -20.318455, 91.436713 -20.335309, 91.449071 -20.352163, 91.461432 -20.369015, 91.473796 -20.385867, 91.486162 -20.402717, 91.498531 -20.419567, 91.510903 -20.436416, 91.523277 -20.453264, 91.535654 -20.470112, 91.548034 -20.486958, 91.560417 -20.503803, 91.572802 -20.520648, 91.585190 -20.537492, 91.597581 -20.554334, 91.609974 -20.571176, 91.622371 -20.588017, 91.634770 -20.604858, 91.647171 -20.621697, 91.659576 -20.638535, 91.671983 -20.655373, 91.684393 -20.672209, 91.696806 -20.689045, 91.709221 -20.705880, 91.721639 -20.722714, 91.734060 -20.739547, 91.746484 -20.756379, 91.758910 -20.773210, 91.771340 -20.790041, 91.783772 -20.806870, 91.796207 -20.823699, 91.808644 -20.840527, 91.821085 -20.857353, 91.833528 -20.874179, 91.845974 -20.891004, 91.858422 -20.907828, 91.870874 -20.924652, 91.883328 -20.941474, 91.895785 -20.958295, 91.908245 -20.975116, 91.920708 -20.991935, 91.933174 -21.008754, 91.945642 -21.025572, 91.958113 -21.042389, 91.970587 -21.059205, 91.983064 -21.076020, 91.995544 -21.092834, 92.008026 -21.109647, 92.020511 -21.126459, 92.033000 -21.143271, 92.045490 -21.160081, 92.057984 -21.176891, 92.070481 -21.193699, 92.082980 -21.210507, 92.095483 -21.227314, 92.107988 -21.244120, 92.120496 -21.260925, 92.133007 -21.277729, 92.145520 -21.294532, 92.158037 -21.311334, 92.170557 -21.328135, 92.183079 -21.344936, 92.195604 -21.361735, 92.208132 -21.378534, 92.220663 -21.395331, 92.233197 -21.412128, 92.245734 -21.428923, 92.258273 -21.445718, 92.270816 -21.462512, 92.283361 -21.479305, 92.295909 -21.496097, 92.308460 -21.512888, 92.321014 -21.529678, 92.333571 -21.546467, 92.346131 -21.563255, 92.358694 -21.580042, 92.371260 -21.596829, 92.383828 -21.613614, 92.396400 -21.630398, 92.408974 -21.647182, 92.421552 -21.663964, 92.434132 -21.680746, 92.446715 -21.697527, 92.459301 -21.714306, 92.471890 -21.731085, 92.484483 -21.747863, 92.497077 -21.764640, 92.509675 -21.781415, 92.522276 -21.798190, 92.534880 -21.814964, 92.547487 -21.831737, 92.560097 -21.848509, 92.572709 -21.865280, 92.585325 -21.882051, 92.597944 -21.898820, 92.610565 -21.915588, 92.623190 -21.932355, 92.635817 -21.949121, 92.648448 -21.965887, 92.661081 -21.982651, 92.673718 -21.999414, 92.686357 -22.016177, 92.699000 -22.032938, 92.711645 -22.049699, 92.724294 -22.066458, 92.736945 -22.083217, 92.749599 -22.099974, 92.762257 -22.116731, 92.774917 -22.133487, 92.787581 -22.150241, 92.800247 -22.166995, 92.812917 -22.183748, 92.825589 -22.200499, 92.838265 -22.217250, 92.850944 -22.234000, 92.863625 -22.250748, 92.876310 -22.267496, 92.888998 -22.284243, 92.901688 -22.300989, 92.914382 -22.317733, 92.927079 -22.334477, 92.939779 -22.351220, 92.952482 -22.367962, 92.965188 -22.384703, 92.977897 -22.401443, 92.990609 -22.418182, 93.003324 -22.434919, 93.016042 -22.451656, 93.028763 -22.468392, 93.041488 -22.485127, 93.054215 -22.501861, 93.066946 -22.518594, 93.079679 -22.535326, 93.092416 -22.552056, 93.105156 -22.568786, 93.117899 -22.585515, 93.130645 -22.602243, 93.143394 -22.618970, 93.156146 -22.635696, 93.168901 -22.652421, 93.181660 -22.669144, 93.194421 -22.685867, 93.207186 -22.702589, 93.219953 -22.719310, 93.232724 -22.736030, 93.245498 -22.752748, 93.258275 -22.769466, 93.271056 -22.786183, 93.283839 -22.802899, 93.296625 -22.819613, 93.309415 -22.836327, 93.322208 -22.853040, 93.335004 -22.869751, 93.347803 -22.886462, 93.360605 -22.903171, 93.373410 -22.919880, 93.386219 -22.936587, 93.399031 -22.953294, 93.411846 -22.969999, 93.424664 -22.986704, 93.437485 -23.003407, 93.450309 -23.020110, 93.463137 -23.036811, 93.475968 -23.053511, 93.488801 -23.070211, 93.501639 -23.086909, 93.514479 -23.103606, 93.527322 -23.120302, 93.540169 -23.136997, 93.553019 -23.153691, 93.565872 -23.170384, 93.578728 -23.187076, 93.591588 -23.203767, 93.604450 -23.220457, 93.617316 -23.237146, 93.630186 -23.253834, 93.643058 -23.270521, 93.655934 -23.287206, 93.668812 -23.303891, 93.681694 -23.320575, 93.694580 -23.337257, 93.707468 -23.353939, 93.720360 -23.370619, 93.733255 -23.387298, 93.746153 -23.403977, 93.759055 -23.420654, 93.771960 -23.437330, 93.784868 -23.454005, 93.797779 -23.470680, 93.810693 -23.487353, 93.823611 -23.504025, 93.836532 -23.520695, 93.849457 -23.537365, 93.862384 -23.554034, 93.875315 -23.570702, 93.888249 -23.587368, 93.901187 -23.604034, 93.914128 -23.620698, 93.927072 -23.637362, 93.940019 -23.654024, 93.952970 -23.670685, 93.965924 -23.687346, 93.978881 -23.704005, 93.991841 -23.720663, 94.004805 -23.737320, 94.017772 -23.753975, 94.030743 -23.770630, 94.043717 -23.787284, 94.056694 -23.803937, 94.069674 -23.820588, 94.082658 -23.837239, 94.095645 -23.853888, 94.108636 -23.870536, 94.121630 -23.887183, 94.134627 -23.903829, 94.147627 -23.920474, 94.160631 -23.937118, 94.173639 -23.953761, 94.186649 -23.970403, 94.199663 -23.987043, 94.212680 -24.003683, 94.225701 -24.020321, 94.238725 -24.036959, 94.251753 -24.053595, 94.264783 -24.070230, 94.277817 -24.086864, 94.290855 -24.103497, 94.303896 -24.120129, 94.316940 -24.136759, 94.329988 -24.153389, 94.343039 -24.170017, 94.356094 -24.186645, 94.369152 -24.203271, 94.382213 -24.219896, 94.395278 -24.236520, 94.408346 -24.253143, 94.421417 -24.269765, 94.434492 -24.286385, 94.447571 -24.303005, 94.460653 -24.319623, 94.473738 -24.336241, 94.486827 -24.352857, 94.499919 -24.369472, 94.513014 -24.386086, 94.526114 -24.402699, 94.539216 -24.419310, 94.552322 -24.435921, 94.565431 -24.452530, 94.578544 -24.469139, 94.591660 -24.485746, 94.604780 -24.502352, 94.617903 -24.518957, 94.631030 -24.535560, 94.644160 -24.552163, 94.657294 -24.568765, 94.670431 -24.585365, 94.683572 -24.601964, 94.696716 -24.618562, 94.709863 -24.635159, 94.723014 -24.651755, 94.736169 -24.668349, 94.749327 -24.684943, 94.762489 -24.701535, 94.775654 -24.718127, 94.788822 -24.734717, 94.801994 -24.751305, 94.815170 -24.767893, 94.828349 -24.784480, 94.841532 -24.801065, 94.854718 -24.817650, 94.867908 -24.834233, 94.881101 -24.850815, 94.894298 -24.867395, 94.907498 -24.883975, 94.920702 -24.900554, 94.933910 -24.917131, 94.947121 -24.933707, 94.960335 -24.950282, 94.973553 -24.966856, 94.986775 -24.983429, 95.000000 -25.000000, 95.019744 -25.009923, 95.039492 -25.019844, 95.059242 -25.029763, 95.078996 -25.039678, 95.098753 -25.049591, 95.118513 -25.059502, 95.138277 -25.069410, 95.158043 -25.079315, 95.177813 -25.089217, 95.197586 -25.099117, 95.217362 -25.109015, 95.237142 -25.118910, 95.256924 -25.128802, 95.276710 -25.138691, 95.296499 -25.148578, 95.316291 -25.158462, 95.336087 -25.168344, 95.355885 -25.178223, 95.375687 -25.188099, 95.395492 -25.197973, 95.415301 -25.207844, 95.435112 -25.217712, 95.454927 -25.227578, 95.474745 -25.237441, 95.494566 -25.247302, 95.514390 -25.257159, 95.534218 -25.267015, 95.554048 -25.276867, 95.573882 -25.286717, 95.593720 -25.296564, 95.613560 -25.306409, 95.633404 -25.316251, 95.653251 -25.326090, 95.673101 -25.335927, 95.692954 -25.345761, 95.712811 -25.355592, 95.732670 -25.365421, 95.752533 -25.375247, 95.772400 -25.385070, 95.792269 -25.394890, 95.812142 -25.404708, 95.832018 -25.414524, 95.851897 -25.424336, 95.871779 -25.434146, 95.891665 -25.443954, 95.911554 -25.453758, 95.931446 -25.463560, 95.951342 -25.473359, 95.971240 -25.483156, 95.991142 -25.492950, 96.011047 -25.502741, 96.030955 -25.512529, 96.050867 -25.522315, 96.070782 -25.532098, 96.090700 -25.541879, 96.110621 -25.551656, 96.130546 -25.561431, 96.150474 -25.571204, 96.170405 -25.580973, 96.190339 -25.590740, 96.210277 -25.600504, 96.230218 -25.610266, 96.250162 -25.620025, 96.270109 -25.629781, 96.290060 -25.639534, 96.310014 -25.649285, 96.329971 -25.659033, 96.349931 -25.668778, 96.369895 -25.678521, 96.389862 -25.688261, 96.409832 -25.697998, 96.429806 -25.707732, 96.449783 -25.717464, 96.469763 -25.727193, 96.489746 -25.736919, 96.509732 -25.746642, 96.529722 -25.756363, 96.549715 -25.766081, 96.569712 -25.775796, 96.589711 -25.785509, 96.609714 -25.795219, 96.629721 -25.804926, 96.649730 -25.814630, 96.669743 -25.824332, 96.689759 -25.834031, 96.709778 -25.843727, 96.729801 -25.853420, 96.749827 -25.863111, 96.769856 -25.872799, 96.789888 -25.882484, 96.809924 -25.892166, 96.829963 -25.901846, 96.850005 -25.911523, 96.870051 -25.921197, 96.890100 -25.930868, 96.910152 -25.940537, 96.930207 -25.950203, 96.950266 -25.959866, 96.970328 -25.969526, 96.990394 -25.979184, 97.010462 -25.988839, 97.030534 -25.998491, 97.050609 -26.008140, 97.070688 -26.017786, 97.090770 -26.027430, 97.110855 -26.037071, 97.130943 -26.046709, 97.151035 -26.056345, 97.171130 -26.065977, 97.191229 -26.075607, 97.211330 -26.085234, 97.231435 -26.094858, 97.251544 -26.104480, 97.271655 -26.114098, 97.291770 -26.123714, 97.311888 -26.133327, 97.332010 -26.142938, 97.352135 -26.152545, 97.372263 -26.162150, 97.392394 -26.171752, 97.412529 -26.181351, 97.432667 -26.190947, 97.452809 -26.200541, 97.472953 -26.210131, 97.493101 -26.219719, 97.513253 -26.229304, 97.533407 -26.238886, 97.553565 -26.248466, 97.573727 -26.258042, 97.593891 -26.267616, 97.614059 -26.277187, 97.634231 -26.286756, 97.654405 -26.296321, 97.674583 -26.305883, 97.694765 -26.315443, 97.714949 -26.325000, 97.735137 -26.334554, 97.755329 -26.344105, 97.775523 -26.353654, 97.795721 -26.363199, 97.815922 -26.372742, 97.836127 -26.382282, 97.856335 -26.391819, 97.876546 -26.401353, 97.896761 -26.410885, 97.916979 -26.420413, 97.937200 -26.429939, 97.957425 -26.439462, 97.977653 -26.448982, 97.997884 -26.458499, 98.018119 -26.468013, 98.038357 -26.477525, 98.058599 -26.487033, 98.078843 -26.496539, 98.099091 -26.506042, 98.119343 -26.515542, 98.139598 -26.525039, 98.159856 -26.534534, 98.180117 -26.544025, 98.200382 -26.553514, 98.220650 -26.562999, 98.240922 -26.572482, 98.261197 -26.581962, 98.281475 -26.591439, 98.301757 -26.600913, 98.322042 -26.610385, 98.342330 -26.619853, 98.362622 -26.629319, 98.382917 -26.638782, 98.403215 -26.648242, 98.423517 -26.657698, 98.443822 -26.667153, 98.464131 -26.676604, 98.484443 -26.686052, 98.504758 -26.695497, 98.525076 -26.704940, 98.545398 -26.714380, 98.565724 -26.723816, 98.586053 -26.733250, 98.606385 -26.742681, 98.626720 -26.752109, 98.647059 -26.761534, 98.667401 -26.770957, 98.687747 -26.780376, 98.708096 -26.789792, 98.728448 -26.799206, 98.748804 -26.808616, 98.769163 -26.818024, 98.789526 -26.827429, 98.809891 -26.836831, 98.830261 -26.846230, 98.850633 -26.855626, 98.871009 -26.865019, 98.891389 -26.874409, 98.911771 -26.883796, 98.932158 -26.893181, 98.952547 -26.902562, 98.972940 -26.911941, 98.993337 -26.921316, 99.013736 -26.930689, 99.034139 -26.940059, 99.054546 -26.949425, 99.074956 -26.958789, 99.095369 -26.968150, 99.115786 -26.977508, 99.136206 -26.986863, 99.156629 -26.996215, 99.177056 -27.005564, 99.197486 -27.014910, 99.217920 -27.024254, 99.238357 -27.033594, 99.258798 -27.042931, 99.279241 -27.052265, 99.299689 -27.061597, 99.320139 -27.070925, 99.340593 -27.080251, 99.361051 -27.089573, 99.381512 -27.098893, 99.401976 -27.108210, 99.422444 -27.117523, 99.442915 -27.126834, 99.463389 -27.136142, 99.483867 -27.145446, 99.504349 -27.154748, 99.524833 -27.164047, 99.545322 -27.173343, 99.565813 -27.182635, 99.586308 -27.191925, 99.606807 -27.201212, 99.627308 -27.210496, 99.647814 -27.219777, 99.668322 -27.229055, 99.688834 -27.238330, 99.709350 -27.247602, 99.729869 -27.256871, 99.750391 -27.266137, 99.770917 -27.275400, 99.791446 -27.284660, 99.811978 -27.293917, 99.832514 -27.303171, 99.853054 -27.312422, 99.873597 -27.321670, 99.894143 -27.330915, 99.914693 -27.340157, 99.935246 -27.349396, 99.955802 -27.358632, 99.976362 -27.367865, 99.996926 -27.377094, 100.017493 -27.386321, 100.038063 -27.395545, 100.058637 -27.404766, 100.079214 -27.413984, 100.099794 -27.423199, 100.120378 -27.432411, 100.140966 -27.441619, 100.161557 -27.450825, 100.182151 -27.460028, 100.202749 -27.469228, 100.223350 -27.478424, 100.243955 -27.487618, 100.264563 -27.496809, 100.285174 -27.505996, 100.305789 -27.515181, 100.326408 -27.524362, 100.347029 -27.533541, 100.367655 -27.542716, 100.388283 -27.551889, 100.408916 -27.561058, 100.429551 -27.570224, 100.450190 -27.579387, 100.470833 -27.588548, 100.491479 -27.597705, 100.512128 -27.606859, 100.532781 -27.616010, 100.553437 -27.625158, 100.574097 -27.634303, 100.594760 -27.643444, 100.615427 -27.652583, 100.636097 -27.661719, 100.656771 -27.670852, 100.677448 -27.679981, 100.698128 -27.689108, 100.718812 -27.698231, 100.739500 -27.707351, 100.760191 -27.716469, 100.780885 -27.725583, 100.801583 -27.734694, 100.822284 -27.743802, 100.842989 -27.752907, 100.863697 -27.762009, 100.884408 -27.771108, 100.905124 -27.780203, 100.925842 -27.789296, 100.946564 -27.798386, 100.967290 -27.807472, 100.988019 -27.816555, 101.008751 -27.825636, 101.029487 -27.834713, 101.050226 -27.843787, 101.070969 -27.852858, 101.091715 -27.861926, 101.112465 -27.870990, 101.133218 -27.880052, 101.153975 -27.889110, 101.174735 -27.898166, 101.195499 -27.907218, 101.216266 -27.916267, 101.237037 -27.925313, 101.257811 -27.934356, 101.278589 -27.943396, 101.299370 -27.952433, 101.320154 -27.961467, 101.340942 -27.970497, 101.361734 -27.979524, 101.382529 -27.988549, 101.403327 -27.997570, 101.424129 -28.006588, 101.444934 -28.015603, 101.465743 -28.024614, 101.486556 -28.033623, 101.507372 -28.042628, 101.528191 -28.051631, 101.549014 -28.060630, 101.569840 -28.069626, 101.590670 -28.078619, 101.611503 -28.087608, 101.632340 -28.096595, 101.653180 -28.105578, 101.674024 -28.114559, 101.694871 -28.123536, 101.715722 -28.132510, 101.736576 -28.141480, 101.757434 -28.150448, 101.778295 -28.159413, 101.799160 -28.168374, 101.820028 -28.177332, 101.840900 -28.186287, 101.861775 -28.195239, 101.882654 -28.204188, 101.903536 -28.213133, 101.924422 -28.222076, 101.945311 -28.231015, 101.966203 -28.239951, 101.987100 -28.248884, 102.007999 -28.257813, 102.028903 -28.266740, 102.049809 -28.275663, 102.070719 -28.284583, 102.091633 -28.293500, 102.112550 -28.302414, 102.133471 -28.311324, 102.154395 -28.320231, 102.175323 -28.329136, 102.196254 -28.338037, 102.217189 -28.346934, 102.238127 -28.355829, 102.259069 -28.364720, 102.280014 -28.373608, 102.300963 -28.382493, 102.321915 -28.391375, 102.342871 -28.400254, 102.363830 -28.409129, 102.384793 -28.418001, 102.405760 -28.426870, 102.426729 -28.435736, 102.447703 -28.444598, 102.468680 -28.453458, 102.489660 -28.462314, 102.510644 -28.471167, 102.531631 -28.480016, 102.552622 -28.488863, 102.573617 -28.497706, 102.594615 -28.506546, 102.615616 -28.515382, 102.636621 -28.524216, 102.657630 -28.533046, 102.678642 -28.541873, 102.699657 -28.550697, 102.720676 -28.559518, 102.741699 -28.568335, 102.762725 -28.577149, 102.783755 -28.585960, 102.804788 -28.594767, 102.825825 -28.603572, 102.846865 -28.612373, 102.867909 -28.621171, 102.888956 -28.629965, 102.910007 -28.638757, 102.931061 -28.647545, 102.952119 -28.656330, 102.973180 -28.665111, 102.994245 -28.673890, 103.015314 -28.682665, 103.036386 -28.691436, 103.057461 -28.700205, 103.078540 -28.708970, 103.099623 -28.717732, 103.120709 -28.726491, 103.141799 -28.735246, 103.162892 -28.743999, 103.183988 -28.752748, 103.205089 -28.761493, 103.226192 -28.770236, 103.247300 -28.778975, 103.268411 -28.787710, 103.289525 -28.796443, 103.310643 -28.805172, 103.331764 -28.813898, 103.352889 -28.822621, 103.374018 -28.831340, 103.395150 -28.840056, 103.416286 -28.848769, 103.437425 -28.857478, 103.458567 -28.866185, 103.479714 -28.874888, 103.500863 -28.883587, 103.522017 -28.892283, 103.543174 -28.900976, 103.564334 -28.909666, 103.585498 -28.918352, 103.606666 -28.927036, 103.627837 -28.935715, 103.649011 -28.944392, 103.670189 -28.953065, 103.691371 -28.961735, 103.712556 -28.970401, 103.733745 -28.979064, 103.754937 -28.987724, 103.776133 -28.996381, 103.797333 -29.005034, 103.818536 -29.013684, 103.839742 -29.022330, 103.860952 -29.030973, 103.882166 -29.039613, 103.903383 -29.048250, 103.924604 -29.056883, 103.945828 -29.065513, 103.967056 -29.074139, 103.988287 -29.082763, 104.009522 -29.091382, 104.030761 -29.099999, 104.052003 -29.108612, 104.073248 -29.117222, 104.094498 -29.125828, 104.115750 -29.134432, 104.137007 -29.143031, 104.158267 -29.151628, 104.179530 -29.160221, 104.200797 -29.168810, 104.222067 -29.177397, 104.243341 -29.185980, 104.264619 -29.194559, 104.285900 -29.203136, 104.307185 -29.211708, 104.328473 -29.220278, 104.349765 -29.228844, 104.371061 -29.237407, 104.392360 -29.245966, 104.413662 -29.254522, 104.434968 -29.263075, 104.456278 -29.271624, 104.477591 -29.280170, 104.498908 -29.288712, 104.520229 -29.297251, 104.541553 -29.305787, 104.562880 -29.314320, 104.584211 -29.322848, 104.605546 -29.331374, 104.626884 -29.339896, 104.648226 -29.348415, 104.669571 -29.356930, 104.690920 -29.365442, 104.712273 -29.373951, 104.733629 -29.382456, 104.754988 -29.390958, 104.776351 -29.399456, 104.797718 -29.407951, 104.819089 -29.416443, 104.840462 -29.424931, 104.861840 -29.433415, 104.883221 -29.441897, 104.904606 -29.450375, 104.925994 -29.458849, 104.947386 -29.467320, 104.968781 -29.475788, 104.990180 -29.484252, 105.011582 -29.492713, 105.032988 -29.501170, 105.054398 -29.509624, 105.075811 -29.518074, 105.097228 -29.526522, 105.118648 -29.534965, 105.140072 -29.543405, 105.161500 -29.551842, 105.182931 -29.560275, 105.204366 -29.568705, 105.225804 -29.577132, 105.247246 -29.585555, 105.268691 -29.593974, 105.290140 -29.602390, 105.311593 -29.610803, 105.333049 -29.619212, 105.354509 -29.627618, 105.375972 -29.636020, 105.397439 -29.644419, 105.418909 -29.652814, 105.440383 -29.661206, 105.461861 -29.669595, 105.483342 -29.677980, 105.504827 -29.686361, 105.526316 -29.694739, 105.547808 -29.703114, 105.569303 -29.711485, 105.590802 -29.719853, 105.612305 -29.728217, 105.633811 -29.736578, 105.655321 -29.744935, 105.676835 -29.753289, 105.698352 -29.761639, 105.719872 -29.769986, 105.741397 -29.778329, 105.762924 -29.786669, 105.784456 -29.795005, 105.805991 -29.803338, 105.827529 -29.811667, 105.849072 -29.819993, 105.870617 -29.828315, 105.892167 -29.836634, 105.913720 -29.844950, 105.935276 -29.853261, 105.956836 -29.861570, 105.978400 -29.869875, 105.999967 -29.878176, 106.021538 -29.886474, 106.043113 -29.894768, 106.064691 -29.903059, 106.086272 -29.911346, 106.107858 -29.919630, 106.129446 -29.927910, 106.151039 -29.936187, 106.172635 -29.944460, 106.194235 -29.952730, 106.215838 -29.960996, 106.237445 -29.969259, 106.259055 -29.977518, 106.280669 -29.985774, 106.302287 -29.994026, 106.323908 -30.002274, 106.345532 -30.010519, 106.367161 -30.018761, 106.388793 -30.026999, 106.410428 -30.035233, 106.432067 -30.043464, 106.453710 -30.051691, 106.475357 -30.059915, 106.497007 -30.068135, 106.518660 -30.076352, 106.540317 -30.084565, 106.561978 -30.092775, 106.583642 -30.100981, 106.605310 -30.109183, 106.626982 -30.117382, 106.648657 -30.125577, 106.670335 -30.133769, 106.692018 -30.141957, 106.713704 -30.150142, 106.735393 -30.158323, 106.757086 -30.166501, 106.778783 -30.174675, 106.800483 -30.182845, 106.822187 -30.191012, 106.843895 -30.199175, 106.865606 -30.207335, 106.887320 -30.215491, 106.909039 -30.223643, 106.930761 -30.231792, 106.952486 -30.239938, 106.974215 -30.248079, 106.995948 -30.256218, 107.017684 -30.264352, 107.039424 -30.272483, 107.061168 -30.280611, 107.082915 -30.288734, 107.104665 -30.296855, 107.126420 -30.304971, 107.148178 -30.313084, 107.169939 -30.321194, 107.191704 -30.329300, 107.213473 -30.337402, 107.235245 -30.345500, 107.257021 -30.353595, 107.278801 -30.361687, 107.300584 -30.369775, 107.322371 -30.377859, 107.344161 -30.385939, 107.365955 -30.394016, 107.387752 -30.402090, 107.409554 -30.410159, 107.431358 -30.418225, 107.453167 -30.426288, 107.474979 -30.434347, 107.496794 -30.442402, 107.518613 -30.450453, 107.540436 -30.458501, 107.562262 -30.466546, 107.584092 -30.474586, 107.605926 -30.482623, 107.627763 -30.490657, 107.649604 -30.498687, 107.671448 -30.506713, 107.693296 -30.514735, 107.715148 -30.522754, 107.737003 -30.530769, 107.758862 -30.538781, 107.780725 -30.546789, 107.802591 -30.554793, 107.824460 -30.562793, 107.846333 -30.570790, 107.868210 -30.578784, 107.890091 -30.586773, 107.911975 -30.594759, 107.933862 -30.602742, 107.955754 -30.610720, 107.977649 -30.618695, 107.999547 -30.626666, 108.021449 -30.634634, 108.043355 -30.642598, 108.065264 -30.650558, 108.087177 -30.658515, 108.109094 -30.666468, 108.131014 -30.674417, 108.152938 -30.682363, 108.174865 -30.690304, 108.196796 -30.698243, 108.218730 -30.706177, 108.240669 -30.714108, 108.262610 -30.722035, 108.284556 -30.729959, 108.306505 -30.737878, 108.328457 -30.745794, 108.350414 -30.753707, 108.372373 -30.761615, 108.394337 -30.769520, 108.416304 -30.777422, 108.438274 -30.785319, 108.460249 -30.793213, 108.482227 -30.801103, 108.504208 -30.808990, 108.526193 -30.816872, 108.548182 -30.824751, 108.570174 -30.832627, 108.592170 -30.840498, 108.614169 -30.848366, 108.636173 -30.856230, 108.658179 -30.864091, 108.680190 -30.871947, 108.702204 -30.879800, 108.724221 -30.887650, 108.746242 -30.895495, 108.768267 -30.903337, 108.790295 -30.911175, 108.812327 -30.919009, 108.834363 -30.926840, 108.856402 -30.934667, 108.878445 -30.942490, 108.900491 -30.950309, 108.922541 -30.958125, 108.944595 -30.965937, 108.966652 -30.973745, 108.988713 -30.981549, 109.010777 -30.989350, 109.032846 -30.997147, 109.054917 -31.004940, 109.076992 -31.012730, 109.099071 -31.020515, 109.121154 -31.028297, 109.143240 -31.036075, 109.165330 -31.043850, 109.187423 -31.051620, 109.209520 -31.059387, 109.231620 -31.067150, 109.253725 -31.074909, 109.275832 -31.082665, 109.297944 -31.090417, 109.320059 -31.098165, 109.342177 -31.105909, 109.364299 -31.113649, 109.386425 -31.121386, 109.408554 -31.129119, 109.430687 -31.136848, 109.452824 -31.144573, 109.474964 -31.152295, 109.497108 -31.160012, 109.519255 -31.167726, 109.541406 -31.175436, 109.563561 -31.183143, 109.585719 -31.190845, 109.607881 -31.198544, 109.630047 -31.206239, 109.652216 -31.213930, 109.674388 -31.221618, 109.696565 -31.229301, 109.718744 -31.236981, 109.740928 -31.244657, 109.763115 -31.252329, 109.785306 -31.259997, 109.807500 -31.267662, 109.829698 -31.275322, 109.851899 -31.282979, 109.874105 -31.290632, 109.896313 -31.298282, 109.918526 -31.305927, 109.940741 -31.313569, 109.962961 -31.321206, 109.985184 -31.328840, 110.007411 -31.336470, 110.029641 -31.344097, 110.051875 -31.351719, 110.074113 -31.359338, 110.096354 -31.366952, 110.118599 -31.374563, 110.140847 -31.382170, 110.163099 -31.389774, 110.185354 -31.397373, 110.207614 -31.404969, 110.229876 -31.412560, 110.252143 -31.420148, 110.274413 -31.427732, 110.296686 -31.435312, 110.318963 -31.442889, 110.341244 -31.450461, 110.363529 -31.458030, 110.385817 -31.465595, 110.408108 -31.473155, 110.430403 -31.480712, 110.452702 -31.488266, 110.475005 -31.495815, 110.497311 -31.503360, 110.519620 -31.510902, 110.541933 -31.518440, 110.564250 -31.525973, 110.586570 -31.533503, 110.608894 -31.541029, 110.631222 -31.548552, 110.653553 -31.556070, 110.675888 -31.563584, 110.698226 -31.571095, 110.720568 -31.578601, 110.742914 -31.586104, 110.765263 -31.593603, 110.787616 -31.601098, 110.809972 -31.608589, 110.832332 -31.616076, 110.854696 -31.623560, 110.877063 -31.631039, 110.899434 -31.638514, 110.921808 -31.645986, 110.944186 -31.653454, 110.966567 -31.660918, 110.988953 -31.668377, 111.011341 -31.675833, 111.033734 -31.683285, 111.056130 -31.690734, 111.078529 -31.698178, 111.100932 -31.705618, 111.123339 -31.713055, 111.145749 -31.720487, 111.168163 -31.727916, 111.190581 -31.735340, 111.213002 -31.742761, 111.235426 -31.750178, 111.257855 -31.757591, 111.280286 -31.765000, 111.302722 -31.772405, 111.325161 -31.779806, 111.347603 -31.787203, 111.370050 -31.794596, 111.392499 -31.801985, 111.414953 -31.809371, 111.437410 -31.816752, 111.459870 -31.824129, 111.482335 -31.831503, 111.504802 -31.838872, 111.527274 -31.846238, 111.549749 -31.853600, 111.572227 -31.860957, 111.594709 -31.868311, 111.617195 -31.875661, 111.639684 -31.883007, 111.662177 -31.890348, 111.684673 -31.897686, 111.707173 -31.905020, 111.729677 -31.912350, 111.752184 -31.919676, 111.774695 -31.926998, 111.797209 -31.934316, 111.819727 -31.941630, 111.842249 -31.948941, 111.864774 -31.956247, 111.887303 -31.963549, 111.909835 -31.970847, 111.932371 -31.978141, 111.954910 -31.985432, 111.977453 -31.992718, 112.000000 -32.000000, 112.023980 -32.000715, 112.047960 -32.001425, 112.071941 -32.002131, 112.095922 -32.002832, 112.119903 -32.003529, 112.143885 -32.004222, 112.167867 -32.004909, 112.191849 -32.005593, 112.215832 -32.006272, 112.239815 -32.006946, 112.263798 -32.007616, 112.287782 -32.008281, 112.311766 -32.008942, 112.335751 -32.009598, 112.359736 -32.010250, 112.383721 -32.010897, 112.407706 -32.011539, 112.431692 -32.012178, 112.455678 -32.012811, 112.479665 -32.013440, 112.503652 -32.014065, 112.527639 -32.014685, 112.551627 -32.015301, 112.575614 -32.015912, 112.599603 -32.016519, 112.623591 -32.017121, 112.647580 -32.017718, 112.671569 -32.018311, 112.695558 -32.018900, 112.719548 -32.019484, 112.743538 -32.020063, 112.767528 -32.020638, 112.791519 -32.021209, 112.815510 -32.021775, 112.839501 -32.022336, 112.863492 -32.022893, 112.887484 -32.023445, 112.911476 -32.023993, 112.935469 -32.024537, 112.959461 -32.025075, 112.983454 -32.025610, 113.007447 -32.026140, 113.031441 -32.026665, 113.055435 -32.027186, 113.079429 -32.027702, 113.103423 -32.028214, 113.127417 -32.028721, 113.151412 -32.029224, 113.175407 -32.029722, 113.199403 -32.030215, 113.223398 -32.030705, 113.247394 -32.031189, 113.271390 -32.031669, 113.295387 -32.032145, 113.319383 -32.032616, 113.343380 -32.033083, 113.367377 -32.033545, 113.391375 -32.034002, 113.415372 -32.034455, 113.439370 -32.034904, 113.463368 -32.035348, 113.487366 -32.035787, 113.511365 -32.036222, 113.535364 -32.036652, 113.559363 -32.037078, 113.583362 -32.037500, 113.607361 -32.037916, 113.631361 -32.038329, 113.655361 -32.038736, 113.679361 -32.039140, 113.703361 -32.039539, 113.727361 -32.039933, 113.751362 -32.040322, 113.775363 -32.040708, 113.799364 -32.041088, 113.823365 -32.041464, 113.847367 -32.041836, 113.871368 -32.042203, 113.895370 -32.042566, 113.919372 -32.042924, 113.943374 -32.043277, 113.967377 -32.043626, 113.991379 -32.043971, 114.015382 -32.044311, 114.039385 -32.044646, 114.063388 -32.044977, 114.087392 -32.045304, 114.111395 -32.045626, 114.135399 -32.045943, 114.159403 -32.046256, 114.183406 -32.046564, 114.207411 -32.046868, 114.231415 -32.047167, 114.255419 -32.047462, 114.279424 -32.047752, 114.303429 -32.048038, 114.327434 -32.048319, 114.351439 -32.048596, 114.375444 -32.048868, 114.399449 -32.049135, 114.423455 -32.049398, 114.447460 -32.049657, 114.471466 -32.049911, 114.495472 -32.050161, 114.519478 -32.050406, 114.543484 -32.050646, 114.567490 -32.050882, 114.591497 -32.051113, 114.615503 -32.051340, 114.639510 -32.051563, 114.663516 -32.051780, 114.687523 -32.051994, 114.711530 -32.052203, 114.735537 -32.052407, 114.759544 -32.052607, 114.783552 -32.052802, 114.807559 -32.052993, 114.831566 -32.053179, 114.855574 -32.053360, 114.879582 -32.053537, 114.903589 -32.053710, 114.927597 -32.053878, 114.951605 -32.054042, 114.975613 -32.054201, 114.999621 -32.054355, 115.023629 -32.054505, 115.047638 -32.054651, 115.071646 -32.054792, 115.095654 -32.054928, 115.119663 -32.055060, 115.143671 -32.055187, 115.167680 -32.055310, 115.191689 -32.055428, 115.215697 -32.055542, 115.239706 -32.055651, 115.263715 -32.055756, 115.287724 -32.055856, 115.311733 -32.055952, 115.335742 -32.056043, 115.359751 -32.056130, 115.383760 -32.056212, 115.407769 -32.056289, 115.431778 -32.056362, 115.455788 -32.056431, 115.479797 -32.056495, 115.503806 -32.056554, 115.527815 -32.056609, 115.551825 -32.056660, 115.575834 -32.056706, 115.599843 -32.056747, 115.623853 -32.056784, 115.647862 -32.056816, 115.671872 -32.056844, 115.695881 -32.056867, 115.719891 -32.056886, 115.743900 -32.056900), (115.743900 -32.056900, 115.751195 -32.050253, 115.758490 -32.043606, 115.765783 -32.036958, 115.773075 -32.030310, 115.780367 -32.023661, 115.787657 -32.017013, 115.794946 -32.010363, 115.802234 -32.003713, 115.809521 -31.997063, 115.816807 -31.990412, 115.824092 -31.983761, 115.831375 -31.977110, 115.838658 -31.970458, 115.845940 -31.963806, 115.853220 -31.957153, 115.860500 -31.950500, 115.871628 -31.948385, 115.882755 -31.946270, 115.893882 -31.944153, 115.905008 -31.942035, 115.916134 -31.939917, 115.927259 -31.937797, 115.938384 -31.935677, 115.949509 -31.933555, 115.960632 -31.931433, 115.971756 -31.929309, 115.982878 -31.927185, 115.994000 -31.925060, 116.005122 -31.922933, 116.016243 -31.920806, 116.027364 -31.918678, 116.038484 -31.916549, 116.049604 -31.914418, 116.060723 -31.912287, 116.071842 -31.910155, 116.082960 -31.908022, 116.094077 -31.905888, 116.105194 -31.903753, 116.116311 -31.901617, 116.127427 -31.899480, 116.138542 -31.897342, 116.149657 -31.895203, 116.160772 -31.893063, 116.171886 -31.890922, 116.182999 -31.888780, 116.194112 -31.886638, 116.205225 -31.884494, 116.216337 -31.882349, 116.227448 -31.880203, 116.238559 -31.878057, 116.249669 -31.875909, 116.260779 -31.873761, 116.271888 -31.871611, 116.282997 -31.869461, 116.294105 -31.867309, 116.305213 -31.865157, 116.316320 -31.863003, 116.327427 -31.860849, 116.338533 -31.858693, 116.349639 -31.856537, 116.360744 -31.854380, 116.371849 -31.852222, 116.382953 -31.850062, 116.394056 -31.847902, 116.405159 -31.845741, 116.416262 -31.843579, 116.427364 -31.841416, 116.438466 -31.839252, 116.449567 -31.837087, 116.460667 -31.834921, 116.471767 -31.832754, 116.482866 -31.830586, 116.493965 -31.828417, 116.505064 -31.826248, 116.516162 -31.824077, 116.527259 -31.821905, 116.538356 -31.819732, 116.549452 -31.817559, 116.560548 -31.815384, 116.571643 -31.813209, 116.582738 -31.811032, 116.593832 -31.808855, 116.604926 -31.806676, 116.616019 -31.804497, 116.627112 -31.802316, 116.638204 -31.800135, 116.649295 -31.797953, 116.660386 -31.795769, 116.671477 -31.793585, 116.682567 -31.791400, 116.693656 -31.789214, 116.704745 -31.787027, 116.715834 -31.784838, 116.726922 -31.782649, 116.738009 -31.780459, 116.749096 -31.778268, 116.760182 -31.776077, 116.771268 -31.773884, 116.782353 -31.771690, 116.793438 -31.769495, 116.804522 -31.767299, 116.815606 -31.765102, 116.826689 -31.762905, 116.837772 -31.760706, 116.848854 -31.758507, 116.859936 -31.756306, 116.871017 -31.754104, 116.882097 -31.751902, 116.893177 -31.749699, 116.904257 -31.747494, 116.915336 -31.745289, 116.926414 -31.743082, 116.937492 -31.740875, 116.948570 -31.738667, 116.959646 -31.736458, 116.970723 -31.734248, 116.981799 -31.732037, 116.992874 -31.729824, 117.003949 -31.727611, 117.015023 -31.725397, 117.026097 -31.723183, 117.037170 -31.720967, 117.048242 -31.718750, 117.059314 -31.716532, 117.070386 -31.714313, 117.081457 -31.712093, 117.092528 -31.709873, 117.103598 -31.707651, 117.114667 -31.705429, 117.125736 -31.703205, 117.136804 -31.700981, 117.147872 -31.698755, 117.158939 -31.696529, 117.170006 -31.694301, 117.181072 -31.692073, 117.192138 -31.689844, 117.203203 -31.687613, 117.214268 -31.685382, 117.225332 -31.683150, 117.236396 -31.680917, 117.247459 -31.678683, 117.258521 -31.676448, 117.269583 -31.674212, 117.280645 -31.671975, 117.291706 -31.669737, 117.302766 -31.667498, 117.313826 -31.665259, 117.324885 -31.663018, 117.335944 -31.660776, 117.347003 -31.658534, 117.358060 -31.656290, 117.369117 -31.654045, 117.380174 -31.651800, 117.391230 -31.649553, 117.402286 -31.647306, 117.413341 -31.645058, 117.424395 -31.642808, 117.435449 -31.640558, 117.446503 -31.638307, 117.457556 -31.636055, 117.468608 -31.633802, 117.479660 -31.631547, 117.490711 -31.629292, 117.501762 -31.627036, 117.512812 -31.624780, 117.523862 -31.622522, 117.534911 -31.620263, 117.545960 -31.618003, 117.557008 -31.615742, 117.568056 -31.613481, 117.579103 -31.611218, 117.590149 -31.608954, 117.601195 -31.606690, 117.612241 -31.604424, 117.623285 -31.602158, 117.634330 -31.599891, 117.645374 -31.597622, 117.656417 -31.595353, 117.667460 -31.593083, 117.678502 -31.590811, 117.689543 -31.588539, 117.700585 -31.586266, 117.711625 -31.583992, 117.722665 -31.581717, 117.733705 -31.579441, 117.744744 -31.577164, 117.755782 -31.574887, 117.766820 -31.572608, 117.777857 -31.570328, 117.788894 -31.568047, 117.799930 -31.565766, 117.810966 -31.563483, 117.822001 -31.561200, 117.833036 -31.558915, 117.844070 -31.556630, 117.855103 -31.554343, 117.866136 -31.552056, 117.877169 -31.549768, 117.888201 -31.547479, 117.899232 -31.545188, 117.910263 -31.542897, 117.921293 -31.540605, 117.932323 -31.538312, 117.943352 -31.536018, 117.954381 -31.533723, 117.965409 -31.531428, 117.976437 -31.529131, 117.987464 -31.526833, 117.998490 -31.524534, 118.009516 -31.522235, 118.020542 -31.519934, 118.031567 -31.517633, 118.042591 -31.515330, 118.053615 -31.513027, 118.064638 -31.510723, 118.075661 -31.508417, 118.086683 -31.506111, 118.097705 -31.503804, 118.108726 -31.501496, 118.119746 -31.499187, 118.130766 -31.496877, 118.141786 -31.494566, 118.152805 -31.492254, 118.163823 -31.489941, 118.174841 -31.487627, 118.185858 -31.485312, 118.196875 -31.482997, 118.207891 -31.480680, 118.218906 -31.478363, 118.229922 -31.476044, 118.240936 -31.473725, 118.251950 -31.471404, 118.262964 -31.469083, 118.273976 -31.466761, 118.284989 -31.464437, 118.296001 -31.462113, 118.307012 -31.459788, 118.318023 -31.457462, 118.329033 -31.455135, 118.340042 -31.452807, 118.351051 -31.450478, 118.362060 -31.448148, 118.373068 -31.445818, 118.384075 -31.443486, 118.395082 -31.441153, 118.406089 -31.438820, 118.417094 -31.436485, 118.428100 -31.434150, 118.439104 -31.431813, 118.450108 -31.429476, 118.461112 -31.427138, 118.472115 -31.424799, 118.483118 -31.422458, 118.494119 -31.420117, 118.505121 -31.417775, 118.516122 -31.415432, 118.527122 -31.413088, 118.538122 -31.410743, 118.549121 -31.408398, 118.560120 -31.406051, 118.571118 -31.403703, 118.582115 -31.401355, 118.593112 -31.399005, 118.604109 -31.396655, 118.615105 -31.394303, 118.626100 -31.391951, 118.637095 -31.389597, 118.648089 -31.387243, 118.659083 -31.384888, 118.670076 -31.382532, 118.681068 -31.380175, 118.692060 -31.377817, 118.703052 -31.375458, 118.714043 -31.373098, 118.725033 -31.370737, 118.736023 -31.368376, 118.747012 -31.366013, 118.758001 -31.363649, 118.768989 -31.361285, 118.779977 -31.358919, 118.790964 -31.356553, 118.801950 -31.354185, 118.812936 -31.351817, 118.823922 -31.349448, 118.834907 -31.347078, 118.845891 -31.344707, 118.856875 -31.342335, 118.867858 -31.339962, 118.878840 -31.337588, 118.889822 -31.335213, 118.900804 -31.332837, 118.911785 -31.330460, 118.922765 -31.328083, 118.933745 -31.325704, 118.944725 -31.323325, 118.955703 -31.320944, 118.966681 -31.318563, 118.977659 -31.316180, 118.988636 -31.313797, 118.999613 -31.311413, 119.010589 -31.309028, 119.021564 -31.306642, 119.032539 -31.304255, 119.043513 -31.301867, 119.054487 -31.299478, 119.065460 -31.297088, 119.076433 -31.294697, 119.087405 -31.292306, 119.098376 -31.289913, 119.109347 -31.287520, 119.120318 -31.285125, 119.131288 -31.282730, 119.142257 -31.280333, 119.153226 -31.277936, 119.164194 -31.275538, 119.175161 -31.273139, 119.186129 -31.270739, 119.197095 -31.268338, 119.208061 -31.265936, 119.219026 -31.263533, 119.229991 -31.261129, 119.240955 -31.258725, 119.251919 -31.256319, 119.262882 -31.253913, 119.273845 -31.251505, 119.284807 -31.249097, 119.295768 -31.246687, 119.306729 -31.244277, 119.317690 -31.241866, 119.328649 -31.239454, 119.339609 -31.237041, 119.350567 -31.234627, 119.361525 -31.232212, 119.372483 -31.229796, 119.383440 -31.227379, 119.394396 -31.224961, 119.405352 -31.222543, 119.416308 -31.220123, 119.427262 -31.217703, 119.438217 -31.215281, 119.449170 -31.212859, 119.460123 -31.210435, 119.471076 -31.208011, 119.482028 -31.205586, 119.492979 -31.203160, 119.503930 -31.200733, 119.514880 -31.198305, 119.525830 -31.195876, 119.536779 -31.193446, 119.547728 -31.191016, 119.558676 -31.188584, 119.569623 -31.186152, 119.580570 -31.183718, 119.591516 -31.181284, 119.602462 -31.178848, 119.613407 -31.176412, 119.624352 -31.173975, 119.635296 -31.171537, 119.646239 -31.169098, 119.657182 -31.166658, 119.668125 -31.164217, 119.679067 -31.161775, 119.690008 -31.159332, 119.700949 -31.156889, 119.711889 -31.154444, 119.722828 -31.151998, 119.733767 -31.149552, 119.744706 -31.147105, 119.755643 -31.144656, 119.766581 -31.142207, 119.777518 -31.139757, 119.788454 -31.137306, 119.799389 -31.134854, 119.810324 -31.132401, 119.821259 -31.129947, 119.832193 -31.127492, 119.843126 -31.125037, 119.854059 -31.122580, 119.864991 -31.120123, 119.875923 -31.117664, 119.886854 -31.115205, 119.897784 -31.112744, 119.908714 -31.110283, 119.919644 -31.107821, 119.930572 -31.105358, 119.941501 -31.102894, 119.952428 -31.100429, 119.963355 -31.097963, 119.974282 -31.095497, 119.985208 -31.093029, 119.996133 -31.090560, 120.007058 -31.088091, 120.017982 -31.085620, 120.028906 -31.083149, 120.039829 -31.080677, 120.050752 -31.078204, 120.061674 -31.075729, 120.072595 -31.073254, 120.083516 -31.070778, 120.094436 -31.068302, 120.105356 -31.065824, 120.116275 -31.063345, 120.127194 -31.060865, 120.138112 -31.058385, 120.149029 -31.055903, 120.159946 -31.053421, 120.170862 -31.050938, 120.181778 -31.048453, 120.192693 -31.045968, 120.203608 -31.043482, 120.214522 -31.040995, 120.225435 -31.038507, 120.236348 -31.036018, 120.247261 -31.033529, 120.258172 -31.031038, 120.269084 -31.028546, 120.279994 -31.026054, 120.290904 -31.023560, 120.301814 -31.021066, 120.312723 -31.018571, 120.323631 -31.016075, 120.334539 -31.013578, 120.345446 -31.011080, 120.356352 -31.008581, 120.367258 -31.006081, 120.378164 -31.003580, 120.389069 -31.001078, 120.399973 -30.998576, 120.410877 -30.996072, 120.421780 -30.993568, 120.432683 -30.991063, 120.443585 -30.988556, 120.454486 -30.986049, 120.465387 -30.983541, 120.476287 -30.981032, 120.487187 -30.978522, 120.498086 -30.976011, 120.508985 -30.973500, 120.519883 -30.970987, 120.530780 -30.968473, 120.541677 -30.965959, 120.552573 -30.963443, 120.563469 -30.960927, 120.574364 -30.958410, 120.585259 -30.955892, 120.596153 -30.953373, 120.607046 -30.950853, 120.617939 -30.948332, 120.628831 -30.945810, 120.639723 -30.943287, 120.650614 -30.940764, 120.661505 -30.938239, 120.672394 -30.935714, 120.683284 -30.933187, 120.694173 -30.930660, 120.705061 -30.928132, 120.715949 -30.925603, 120.726836 -30.923073, 120.737722 -30.920542, 120.748608 -30.918010, 120.759493 -30.915477, 120.770378 -30.912944, 120.781262 -30.910409, 120.792146 -30.907874, 120.803029 -30.905337, 120.813912 -30.902800, 120.824794 -30.900262, 120.835675 -30.897723, 120.846556 -30.895183, 120.857436 -30.892642, 120.868315 -30.890100, 120.879194 -30.887557, 120.890073 -30.885013, 120.900951 -30.882469, 120.911828 -30.879923, 120.922705 -30.877377, 120.933581 -30.874829, 120.944456 -30.872281, 120.955331 -30.869732, 120.966206 -30.867182, 120.977079 -30.864631, 120.987953 -30.862079, 120.998825 -30.859527, 121.009697 -30.856973, 121.020569 -30.854418, 121.031440 -30.851863, 121.042310 -30.849306, 121.053180 -30.846749, 121.064049 -30.844191, 121.074918 -30.841632, 121.085786 -30.839072, 121.096653 -30.836511, 121.107520 -30.833949, 121.118386 -30.831386, 121.129252 -30.828822, 121.140117 -30.826258, 121.150982 -30.823692, 121.161846 -30.821126, 121.172709 -30.818559, 121.183572 -30.815991, 121.194434 -30.813421, 121.205296 -30.810851, 121.216157 -30.808281, 121.227017 -30.805709, 121.237877 -30.803136, 121.248736 -30.800562, 121.259595 -30.797988, 121.270453 -30.795412, 121.281311 -30.792836, 121.292168 -30.790259, 121.303024 -30.787681, 121.313880 -30.785102, 121.324735 -30.782522, 121.335590 -30.779941, 121.346444 -30.777359, 121.357297 -30.774776, 121.368150 -30.772193, 121.379002 -30.769608, 121.389854 -30.767023, 121.400705 -30.764437, 121.411556 -30.761849, 121.422406 -30.759261, 121.433255 -30.756672, 121.444104 -30.754083, 121.454952 -30.751492, 121.465800 -30.748900, 121.476877 -30.750619, 121.487955 -30.752336, 121.499033 -30.754053, 121.510112 -30.755769, 121.521191 -30.757483, 121.532270 -30.759197, 121.543350 -30.760910, 121.554430 -30.762622, 121.565511 -30.764333, 121.576592 -30.766043, 121.587673 -30.767752, 121.598755 -30.769460, 121.609837 -30.771168, 121.620919 -30.772874, 121.632002 -30.774579, 121.643085 -30.776284, 121.654169 -30.777987, 121.665253 -30.779690, 121.676338 -30.781391, 121.687422 -30.783092, 121.698508 -30.784792, 121.709593 -30.786490, 121.720679 -30.788188, 121.731766 -30.789885, 121.742853 -30.791581, 121.753940 -30.793276, 121.765027 -30.794970, 121.776115 -30.796663, 121.787204 -30.798355, 121.798292 -30.800046, 121.809382 -30.801737, 121.820471 -30.803426, 121.831561 -30.805114, 121.842651 -30.806802, 121.853742 -30.808488, 121.864833 -30.810174, 121.875925 -30.811858, 121.887017 -30.813542, 121.898109 -30.815225, 121.909202 -30.816907, 121.920295 -30.818587, 121.931388 -30.820267, 121.942482 -30.821946, 121.953576 -30.823624, 121.964671 -30.825301, 121.975766 -30.826977, 121.986861 -30.828652, 121.997957 -30.830327, 122.009053 -30.832000, 122.020149 -30.833672, 122.031246 -30.835344, 122.042344 -30.837014, 122.053441 -30.838683, 122.064539 -30.840352, 122.075638 -30.842020, 122.086737 -30.843686, 122.097836 -30.845352, 122.108936 -30.847017, 122.120036 -30.848680, 122.131136 -30.850343, 122.142237 -30.852005, 122.153338 -30.853666, 122.164439 -30.855326, 122.175541 -30.856985, 122.186644 -30.858643, 122.197746 -30.860300, 122.208850 -30.861957, 122.219953 -30.863612, 122.231057 -30.865266, 122.242161 -30.866920, 122.253266 -30.868572, 122.264371 -30.870223, 122.275476 -30.871874, 122.286582 -30.873524, 122.297688 -30.875172, 122.308794 -30.876820, 122.319901 -30.878467, 122.331009 -30.880112, 122.342116 -30.881757, 122.353224 -30.883401, 122.364333 -30.885044, 122.375442 -30.886686, 122.386551 -30.888327, 122.397660 -30.889967, 122.408770 -30.891606, 122.419881 -30.893245, 122.430991 -30.894882, 122.442103 -30.896518, 122.453214 -30.898154, 122.464326 -30.899788, 122.475438 -30.901421, 122.486551 -30.903054, 122.497664 -30.904685, 122.508777 -30.906316, 122.519891 -30.907946, 122.531005 -30.909574, 122.542119 -30.911202, 122.553234 -30.912829, 122.564350 -30.914455, 122.575465 -30.916080, 122.586581 -30.917704, 122.597698 -30.919327, 122.608814 -30.920949, 122.619932 -30.922570, 122.631049 -30.924190, 122.642167 -30.925809, 122.653285 -30.927427, 122.664404 -30.929045, 122.675523 -30.930661, 122.686642 -30.932276, 122.697762 -30.933891, 122.708882 -30.935504, 122.720003 -30.937117, 122.731124 -30.938728, 122.742245 -30.940339, 122.753367 -30.941949, 122.764489 -30.943557, 122.775611 -30.945165, 122.786734 -30.946772, 122.797857 -30.948378, 122.808981 -30.949983, 122.820104 -30.951587, 122.831229 -30.953190, 122.842353 -30.954792, 122.853478 -30.956393, 122.864604 -30.957993, 122.875730 -30.959592, 122.886856 -30.961191, 122.897982 -30.962788, 122.909109 -30.964384, 122.920236 -30.965980, 122.931364 -30.967574, 122.942492 -30.969168, 122.953620 -30.970760, 122.964749 -30.972352, 122.975878 -30.973942, 122.987008 -30.975532, 122.998138 -30.977121, 123.009268 -30.978708, 123.020398 -30.980295, 123.031529 -30.981881, 123.042661 -30.983466, 123.053792 -30.985050, 123.064924 -30.986633, 123.076057 -30.988215, 123.087190 -30.989796, 123.098323 -30.991376, 123.109456 -30.992955, 123.120590 -30.994534, 123.131725 -30.996111, 123.142859 -30.997687, 123.153994 -30.999262, 123.165130 -31.000837, 123.176265 -31.002410, 123.187402 -31.003983, 123.198538 -31.005554, 123.209675 -31.007125, 123.220812 -31.008694, 123.231950 -31.010263, 123.243088 -31.011831, 123.254226 -31.013398, 123.265365 -31.014963, 123.276504 -31.016528, 123.287643 -31.018092, 123.298783 -31.019655, 123.309923 -31.021217, 123.321064 -31.022778, 123.332205 -31.024338, 123.343346 -31.025897, 123.354487 -31.027455, 123.365629 -31.029012, 123.376772 -31.030569, 123.387914 -31.032124, 123.399058 -31.033678, 123.410201 -31.035232, 123.421345 -31.036784, 123.432489 -31.038335, 123.443633 -31.039886, 123.454778 -31.041435, 123.465924 -31.042984, 123.477069 -31.044532, 123.488215 -31.046078, 123.499362 -31.047624, 123.510508 -31.049169, 123.521655 -31.050712, 123.532803 -31.052255, 123.543950 -31.053797, 123.555099 -31.055338, 123.566247 -31.056878, 123.577396 -31.058417, 123.588545 -31.059955, 123.599695 -31.061492, 123.610845 -31.063028, 123.621995 -31.064563, 123.633146 -31.066097, 123.644297 -31.067631, 123.655448 -31.069163, 123.666600 -31.070694, 123.677752 -31.072225, 123.688904 -31.073754, 123.700057 -31.075282, 123.711210 -31.076810, 123.722364 -31.078336, 123.733518 -31.079862, 123.744672 -31.081387, 123.755827 -31.082910, 123.766982 -31.084433, 123.778137 -31.085955, 123.789293 -31.087475, 123.800449 -31.088995, 123.811605 -31.090514, 123.822762 -31.092032, 123.833919 -31.093549, 123.845077 -31.095065, 123.856234 -31.096580, 123.867393 -31.098094, 123.878551 -31.099607, 123.889710 -31.101119, 123.900869 -31.102630, 123.912029 -31.104140, 123.923189 -31.105649, 123.934349 -31.107158, 123.945510 -31.108665, 123.956671 -31.110171, 123.967832 -31.111677, 123.978994 -31.113181, 123.990156 -31.114684, 124.001318 -31.116187, 124.012481 -31.117688, 124.023644 -31.119189, 124.034808 -31.120689, 124.045972 -31.122187, 124.057136 -31.123685, 124.068300 -31.125182, 124.079465 -31.126677, 124.090631 -31.128172, 124.101796 -31.129666, 124.112962 -31.131159, 124.124128 -31.132651, 124.135295 -31.134142, 124.146462 -31.135632, 124.157629 -31.137121, 124.168797 -31.138609, 124.179965 -31.140096, 124.191134 -31.141582, 124.202302 -31.143067, 124.213471 -31.144551, 124.224641 -31.146034, 124.235811 -31.147517, 124.246981 -31.148998, 124.258151 -31.150478, 124.269322 -31.151958, 124.280493 -31.153436, 124.291665 -31.154914, 124.302837 -31.156390, 124.314009 -31.157865, 124.325182 -31.159340, 124.336355 -31.160814, 124.347528 -31.162286, 124.358702 -31.163758, 124.369876 -31.165229, 124.381050 -31.166698, 124.392225 -31.168167, 124.403400 -31.169635, 124.414575 -31.171102, 124.425751 -31.172568, 124.436927 -31.174032, 124.448103 -31.175496, 124.459280 -31.176959, 124.470457 -31.178421, 124.481635 -31.179882, 124.492812 -31.181342, 124.503991 -31.182802, 124.515169 -31.184260, 124.526348 -31.185717, 124.537527 -31.187173, 124.548707 -31.188628, 124.559886 -31.190083, 124.571067 -31.191536, 124.582247 -31.192988, 124.593428 -31.194440, 124.604609 -31.195890, 124.615791 -31.197339, 124.626973 -31.198788, 124.638155 -31.200235, 124.649338 -31.201682, 124.660521 -31.203127, 124.671704 -31.204572, 124.682887 -31.206016, 124.694071 -31.207458, 124.705256 -31.208900, 124.716440 -31.210341, 124.727625 -31.211781, 124.738811 -31.213219, 124.749996 -31.214657, 124.761182 -31.216094, 124.772369 -31.217530, 124.783555 -31.218965, 124.794742 -31.220399, 124.805930 -31.221832, 124.817117 -31.223264, 124.828306 -31.224695, 124.839494 -31.226125, 124.850683 -31.227554, 124.861872 -31.228982, 124.873061 -31.230409, 124.884251 -31.231836, 124.895441 -31.233261, 124.906631 -31.234685, 124.917822 -31.236108, 124.929013 -31.237531, 124.940205 -31.238952, 124.951396 -31.240372, 124.962588 -31.241792, 124.973781 -31.243210, 124.984974 -31.244628, 124.996167 -31.246044, 125.007360 -31.247460, 125.018554 -31.248874, 125.029748 -31.250288, 125.040943 -31.251701, 125.052137 -31.253112, 125.063332 -31.254523, 125.074528 -31.255933, 125.085724 -31.257342, 125.096920 -31.258749, 125.108116 -31.260156, 125.119313 -31.261562, 125.130510 -31.262967, 125.141708 -31.264371, 125.152905 -31.265774, 125.164104 -31.267176, 125.175302 -31.268577, 125.186501 -31.269977, 125.197700 -31.271376, 125.208899 -31.272774, 125.220099 -31.274171, 125.231299 -31.275567, 125.242500 -31.276962, 125.253700 -31.278356, 125.264902 -31.279750, 125.276103 -31.281142, 125.287305 -31.282533, 125.298507 -31.283923, 125.309709 -31.285313, 125.320912 -31.286701, 125.332115 -31.288089, 125.343319 -31.289475, 125.354522 -31.290860, 125.365726 -31.292245, 125.376931 -31.293628, 125.388135 -31.295011, 125.399341 -31.296392, 125.410546 -31.297773, 125.421752 -31.299153, 125.432958 -31.300531, 125.444164 -31.301909, 125.455371 -31.303286, 125.466578 -31.304661, 125.477785 -31.306036, 125.488993 -31.307410, 125.500201 -31.308783, 125.511409 -31.310154, 125.522618 -31.311525, 125.533827 -31.312895, 125.545036 -31.314264, 125.556246 -31.315632, 125.567456 -31.316999, 125.578666 -31.318365, 125.589877 -31.319730, 125.601088 -31.321094, 125.612299 -31.322457, 125.623510 -31.323819, 125.634722 -31.325180, 125.645935 -31.326540, 125.657147 -31.327899, 125.668360 -31.329258, 125.679573 -31.330615, 125.690787 -31.331971, 125.702001 -31.333326, 125.713215 -31.334681, 125.724429 -31.336034, 125.735644 -31.337386, 125.746859 -31.338738, 125.758075 -31.340088, 125.769291 -31.341437, 125.780507 -31.342786, 125.791723 -31.344133, 125.802940 -31.345480, 125.814157 -31.346825, 125.825374 -31.348170, 125.836592 -31.349513, 125.847810 -31.350856, 125.859029 -31.352198, 125.870247 -31.353538, 125.881466 -31.354878, 125.892685 -31.356217, 125.903905 -31.357554, 125.915125 -31.358891, 125.926345 -31.360227, 125.937566 -31.361562, 125.948787 -31.362895, 125.960008 -31.364228, 125.971230 -31.365560, 125.982452 -31.366891, 125.993674 -31.368221, 126.004896 -31.369550, 126.016119 -31.370878, 126.027342 -31.372205, 126.038566 -31.373530, 126.049789 -31.374855, 126.061013 -31.376180, 126.072238 -31.377503, 126.083463 -31.378825, 126.094688 -31.380146, 126.105913 -31.381466, 126.117139 -31.382785, 126.128365 -31.384103, 126.139591 -31.385420, 126.150818 -31.386737, 126.162044 -31.388052, 126.173272 -31.389366, 126.184499 -31.390679, 126.195727 -31.391992, 126.206955 -31.393303, 126.218184 -31.394613, 126.229413 -31.395923, 126.240642 -31.397231, 126.251871 -31.398538, 126.263101 -31.399845, 126.274331 -31.401150, 126.285561 -31.402455, 126.296792 -31.403758, 126.308023 -31.405061, 126.319254 -31.406362, 126.330486 -31.407663, 126.341718 -31.408962, 126.352950 -31.410261, 126.364183 -31.411558, 126.375416 -31.412855, 126.386649 -31.414151, 126.397882 -31.415445, 126.409116 -31.416739, 126.420350 -31.418032, 126.431584 -31.419324, 126.442819 -31.420614, 126.454054 -31.421904, 126.465290 -31.423193, 126.476525 -31.424481, 126.487761 -31.425767, 126.498997 -31.427053, 126.510234 -31.428338, 126.521471 -31.429622, 126.532708 -31.430905, 126.543946 -31.432187, 126.555183 -31.433468, 126.566421 -31.434748, 126.577660 -31.436027, 126.588899 -31.437305, 126.600138 -31.438582, 126.611377 -31.439858, 126.622617 -31.441133, 126.633857 -31.442407, 126.645097 -31.443680, 126.656337 -31.444952, 126.667578 -31.446223, 126.678819 -31.447493, 126.690061 -31.448763, 126.701303 -31.450031, 126.712545 -31.451298, 126.723787 -31.452564, 126.735030 -31.453830, 126.746273 -31.455094, 126.757516 -31.456357, 126.768760 -31.457619, 126.780004 -31.458881, 126.791248 -31.460141, 126.802492 -31.461400, 126.813737 -31.462659, 126.824982 -31.463916, 126.836228 -31.465172, 126.847473 -31.466428, 126.858719 -31.467682, 126.869966 -31.468936, 126.881212 -31.470188, 126.892459 -31.471440, 126.903706 -31.472690, 126.914954 -31.473940, 126.926202 -31.475188, 126.937450 -31.476436, 126.948698 -31.477682, 126.959947 -31.478928, 126.971196 -31.480173, 126.982445 -31.481416, 126.993695 -31.482659, 127.004945 -31.483901, 127.016195 -31.485141, 127.027446 -31.486381, 127.038697 -31.487620, 127.049948 -31.488857, 127.061199 -31.490094, 127.072451 -31.491330, 127.083703 -31.492565, 127.094955 -31.493798, 127.106208 -31.495031, 127.117461 -31.496263, 127.128714 -31.497494, 127.139967 -31.498724, 127.151221 -31.499952, 127.162475 -31.501180, 127.173729 -31.502407, 127.184984 -31.503633, 127.196239 -31.504858, 127.207494 -31.506082, 127.218750 -31.507305, 127.230006 -31.508527, 127.241262 -31.509748, 127.252518 -31.510968, 127.263775 -31.512187, 127.275032 -31.513405, 127.286289 -31.514622, 127.297547 -31.515838, 127.308805 -31.517053, 127.320063 -31.518267, 127.331322 -31.519480, 127.342580 -31.520692, 127.353839 -31.521903, 127.365099 -31.523114, 127.376358 -31.524323, 127.387618 -31.525531, 127.398879 -31.526738, 127.410139 -31.527944, 127.421400 -31.529149, 127.432661 -31.530354, 127.443922 -31.531557, 127.455184 -31.532759, 127.466446 -31.533960, 127.477708 -31.535161, 127.488971 -31.536360, 127.500234 -31.537558, 127.511497 -31.538756, 127.522760 -31.539952, 127.534024 -31.541147, 127.545288 -31.542342, 127.556552 -31.543535, 127.567817 -31.544727, 127.579082 -31.545919, 127.590347 -31.547109, 127.601612 -31.548299, 127.612878 -31.549487, 127.624144 -31.550674, 127.635410 -31.551861, 127.646677 -31.553046, 127.657944 -31.554231, 127.669211 -31.555414, 127.680479 -31.556597, 127.691746 -31.557778, 127.703014 -31.558959, 127.714283 -31.560138, 127.725551 -31.561317, 127.736820 -31.562494, 127.748089 -31.563671, 127.759359 -31.564847, 127.770628 -31.566021, 127.781898 -31.567195, 127.793169 -31.568367, 127.804439 -31.569539, 127.815710 -31.570710, 127.826981 -31.571879, 127.838253 -31.573048, 127.849524 -31.574216, 127.860796 -31.575382, 127.872069 -31.576548, 127.883341 -31.577713, 127.894614 -31.578876, 127.905887 -31.580039, 127.917160 -31.581201, 127.928434 -31.582361, 127.939708 -31.583521, 127.950982 -31.584680, 127.962257 -31.585838, 127.973532 -31.586995, 127.984807 -31.588150, 127.996082 -31.589305, 128.007358 -31.590459, 128.018634 -31.591612, 128.029910 -31.592764, 128.041186 -31.593914, 128.052463 -31.595064, 128.063740 -31.596213, 128.075017 -31.597361, 128.086295 -31.598508, 128.097573 -31.599654, 128.108851 -31.600799, 128.120129 -31.601943, 128.131408 -31.603086, 128.142687 -31.604227, 128.153966 -31.605368, 128.165246 -31.606508, 128.176526 -31.607647, 128.187806 -31.608785, 128.199086 -31.609922, 128.210367 -31.611058, 128.221648 -31.612193, 128.232929 -31.613327, 128.244210 -31.614460, 128.255492 -31.615592, 128.266774 -31.616723, 128.278056 -31.617853, 128.289339 -31.618982, 128.300622 -31.620110, 128.311905 -31.621237, 128.323188 -31.622363, 128.334472 -31.623488, 128.345756 -31.624613, 128.357040 -31.625736, 128.368324 -31.626858, 128.379609 -31.627979, 128.390894 -31.629099, 128.402179 -31.630218, 128.413465 -31.631336, 128.424751 -31.632453, 128.436037 -31.633569, 128.447323 -31.634685, 128.458610 -31.635799, 128.469897 -31.636912, 128.481184 -31.638024, 128.492471 -31.639135, 128.503759 -31.640245, 128.515047 -31.641355, 128.526335 -31.642463, 128.537624 -31.643570, 128.548913 -31.644676, 128.560202 -31.645781, 128.571491 -31.646886, 128.582781 -31.647989, 128.594070 -31.649091, 128.605360 -31.650192, 128.616651 -31.651292, 128.627942 -31.652392, 128.639232 -31.653490, 128.650524 -31.654587, 128.661815 -31.655684, 128.673107 -31.656779, 128.684399 -31.657873, 128.695691 -31.658966, 128.706984 -31.660059, 128.718276 -31.661150, 128.729569 -31.662240, 128.740863 -31.663330, 128.752156 -31.664418, 128.763450 -31.665505, 128.774744 -31.666591, 128.786039 -31.667677, 128.797333 -31.668761, 128.808628 -31.669844, 128.819923 -31.670927, 128.831219 -31.672008, 128.842515 -31.673089, 128.853811 -31.674168, 128.865107 -31.675246, 128.876403 -31.676324, 128.887700 -31.677400, 128.898940 -31.678832, 128.910181 -31.680264, 128.921422 -31.681694, 128.932663 -31.683124, 128.943905 -31.684552, 128.955147 -31.685979, 128.966389 -31.687406, 128.977632 -31.688831, 128.988875 -31.690256, 129.000119 -31.691679, 129.011363 -31.693102, 129.022607 -31.694523, 129.033851 -31.695944, 129.045096 -31.697363, 129.056341 -31.698782, 129.067587 -31.700199, 129.078832 -31.701616, 129.090079 -31.703032, 129.101325 -31.704446, 129.112572 -31.705860, 129.123819 -31.707272, 129.135067 -31.708684, 129.146315 -31.710095, 129.157563 -31.711504, 129.168811 -31.712913, 129.180060 -31.714321, 129.191310 -31.715727, 129.202559 -31.717133, 129.213809 -31.718538, 129.225059 -31.719942, 129.236310 -31.721344, 129.247561 -31.722746, 129.258812 -31.724147, 129.270064 -31.725547, 129.281316 -31.726946, 129.292568 -31.728343, 129.303821 -31.729740, 129.315074 -31.731136, 129.326327 -31.732531, 129.337581 -31.733925, 129.348835 -31.735318, 129.360089 -31.736709, 129.371344 -31.738100, 129.382599 -31.739490, 129.393854 -31.740879, 129.405110 -31.742267, 129.416366 -31.743654, 129.427623 -31.745040, 129.438879 -31.746425, 129.450136 -31.747809, 129.461394 -31.749192, 129.472651 -31.750574, 129.483910 -31.751955, 129.495168 -31.753335, 129.506427 -31.754714, 129.517686 -31.756092, 129.528945 -31.757469, 129.540205 -31.758845, 129.551465 -31.760220, 129.562725 -31.761594, 129.573986 -31.762967, 129.585247 -31.764339, 129.596509 -31.765710, 129.607770 -31.767080, 129.619032 -31.768450, 129.630295 -31.769818, 129.641558 -31.771185, 129.652821 -31.772551, 129.664084 -31.773916, 129.675348 -31.775280, 129.686612 -31.776643, 129.697876 -31.778006, 129.709141 -31.779367, 129.720406 -31.780727, 129.731672 -31.782086, 129.742937 -31.783444, 129.754203 -31.784802, 129.765470 -31.786158, 129.776736 -31.787513, 129.788004 -31.788867, 129.799271 -31.790221, 129.810539 -31.791573, 129.821807 -31.792924, 129.833075 -31.794274, 129.844344 -31.795624, 129.855613 -31.796972, 129.866882 -31.798319, 129.878152 -31.799666, 129.889422 -31.801011, 129.900692 -31.802355, 129.911963 -31.803698, 129.923234 -31.805041, 129.934505 -31.806382, 129.945777 -31.807722, 129.957049 -31.809062, 129.968321 -31.810400, 129.979594 -31.811738, 129.990867 -31.813074, 130.002140 -31.814409, 130.013414 -31.815744, 130.024688 -31.817077, 130.035962 -31.818409, 130.047236 -31.819741, 130.058511 -31.821071, 130.069787 -31.822401, 130.081062 -31.823729, 130.092338 -31.825057, 130.103614 -31.826383, 130.114891 -31.827708, 130.126168 -31.829033, 130.137445 -31.830356, 130.148722 -31.831679, 130.160000 -31.833000, 130.171278 -31.834321, 130.182557 -31.835640, 130.193836 -31.836959, 130.205115 -31.838276, 130.216394 -31.839593, 130.227674 -31.840908, 130.238954 -31.842223, 130.250234 -31.843536, 130.261515 -31.844849, 130.272796 -31.846160, 130.284078 -31.847471, 130.295359 -31.848780, 130.306641 -31.850089, 130.317924 -31.851396, 130.329206 -31.852703, 130.340489 -31.854008, 130.351773 -31.855313, 130.363056 -31.856616, 130.374340 -31.857919, 130.385624 -31.859220, 130.396909 -31.860521, 130.408194 -31.861820, 130.419479 -31.863119, 130.430764 -31.864417, 130.442050 -31.865713, 130.453336 -31.867009, 130.464623 -31.868303, 130.475910 -31.869597, 130.487197 -31.870889, 130.498484 -31.872181, 130.509772 -31.873472, 130.521060 -31.874761, 130.532348 -31.876050, 130.543637 -31.877337, 130.554926 -31.878624, 130.566215 -31.879910, 130.577505 -31.881194, 130.588795 -31.882478, 130.600085 -31.883760, 130.611376 -31.885042, 130.622667 -31.886323, 130.633958 -31.887602, 130.645249 -31.888881, 130.656541 -31.890158, 130.667833 -31.891435, 130.679126 -31.892711, 130.690419 -31.893985, 130.701712 -31.895259, 130.713005 -31.896531, 130.724299 -31.897803, 130.735593 -31.899074, 130.746887 -31.900343, 130.758182 -31.901612, 130.769477 -31.902880, 130.780772 -31.904146, 130.792068 -31.905412, 130.803363 -31.906676, 130.814660 -31.907940, 130.825956 -31.909203, 130.837253 -31.910464, 130.848550 -31.911725, 130.859848 -31.912985, 130.871145 -31.914243, 130.882443 -31.915501, 130.893742 -31.916758, 130.905040 -31.918013, 130.916339 -31.919268, 130.927639 -31.920521, 130.938938 -31.921774, 130.950238 -31.923026, 130.961538 -31.924276, 130.972839 -31.925526, 130.984140 -31.926775, 130.995441 -31.928022, 131.006742 -31.929269, 131.018044 -31.930514, 131.029346 -31.931759, 131.040648 -31.933003, 131.051951 -31.934245, 131.063254 -31.935487, 131.074557 -31.936728, 131.085861 -31.937967, 131.097165 -31.939206, 131.108469 -31.940444, 131.119773 -31.941680, 131.131078 -31.942916, 131.142383 -31.944150, 131.153689 -31.945384, 131.164994 -31.946617, 131.176300 -31.947848, 131.187607 -31.949079, 131.198913 -31.950308, 131.210220 -31.951537, 131.221528 -31.952765, 131.232835 -31.953991, 131.244143 -31.955217, 131.255451 -31.956441, 131.266759 -31.957665, 131.278068 -31.958888, 131.289377 -31.960109, 131.300686 -31.961330, 131.311996 -31.962549, 131.323306 -31.963768, 131.334616 -31.964986, 131.345927 -31.966202, 131.357238 -31.967418, 131.368549 -31.968632, 131.379860 -31.969846, 131.391172 -31.971058, 131.402484 -31.972270, 131.413796 -31.973481, 131.425109 -31.974690, 131.436422 -31.975899, 131.447735 -31.977106, 131.459049 -31.978313, 131.470362 -31.979518, 131.481676 -31.980723, 131.492991 -31.981926, 131.504306 -31.983129, 131.515621 -31.984331, 131.526936 -31.985531, 131.538251 -31.986731, 131.549567 -31.987929, 131.560884 -31.989127, 131.572200 -31.990323, 131.583517 -31.991519, 131.594834 -31.992713, 131.606151 -31.993907, 131.617469 -31.995099, 131.628787 -31.996291, 131.640105 -31.997481, 131.651424 -31.998671, 131.662742 -31.999859, 131.674062 -32.001047, 131.685381 -32.002233, 131.696701 -32.003418, 131.708021 -32.004603, 131.719341 -32.005786, 131.730662 -32.006969, 131.741982 -32.008150, 131.753304 -32.009331, 131.764625 -32.010510, 131.775947 -32.011688, 131.787269 -32.012866, 131.798591 -32.014042, 131.809914 -32.015218, 131.821237 -32.016392, 131.832560 -32.017566, 131.843884 -32.018738, 131.855207 -32.019909, 131.866531 -32.021080, 131.877856 -32.022249, 131.889180 -32.023417, 131.900505 -32.024585, 131.911831 -32.025751, 131.923156 -32.026916, 131.934482 -32.028081, 131.945808 -32.029244, 131.957134 -32.030406, 131.968461 -32.031568, 131.979788 -32.032728, 131.991115 -32.033887, 132.002443 -32.035046, 132.013771 -32.036203, 132.025099 -32.037359, 132.036427 -32.038514, 132.047756 -32.039669, 132.059085 -32.040822, 132.070414 -32.041974, 132.081744 -32.043126, 132.093073 -32.044276, 132.104403 -32.045425, 132.115734 -32.046573, 132.127065 -32.047720, 132.138396 -32.048867, 132.149727 -32.050012, 132.161058 -32.051156, 132.172390 -32.052299, 132.183722 -32.053441, 132.195055 -32.054583, 132.206387 -32.055723, 132.217720 -32.056862, 132.229053 -32.058000, 132.240387 -32.059137, 132.251721 -32.060273, 132.263055 -32.061408, 132.274389 -32.062542, 132.285724 -32.063676, 132.297059 -32.064808, 132.308394 -32.065939, 132.319729 -32.067069, 132.331065 -32.068198, 132.342401 -32.069326, 132.353737 -32.070453, 132.365074 -32.071579, 132.376411 -32.072704, 132.387748 -32.073828, 132.399085 -32.074951, 132.410423 -32.076073, 132.421761 -32.077194, 132.433099 -32.078314, 132.444438 -32.079433, 132.455777 -32.080551, 132.467116 -32.081668, 132.478455 -32.082784, 132.489795 -32.083899, 132.501135 -32.085013, 132.512475 -32.086126, 132.523815 -32.087237, 132.535156 -32.088348, 132.546497 -32.089458, 132.557838 -32.090567, 132.569180 -32.091675, 132.580522 -32.092782, 132.591864 -32.093888, 132.603206 -32.094992, 132.614549 -32.096096, 132.625892 -32.097199, 132.637235 -32.098301, 132.648579 -32.099402, 132.659922 -32.100501, 132.671266 -32.101600, 132.682611 -32.102698, 132.693955 -32.103795, 132.705300 -32.104890, 132.716645 -32.105985, 132.727991 -32.107079, 132.739336 -32.108172, 132.750682 -32.109263, 132.762029 -32.110354, 132.773375 -32.111444, 132.784722 -32.112532, 132.796069 -32.113620, 132.807416 -32.114706, 132.818764 -32.115792, 132.830112 -32.116877, 132.841460 -32.117960, 132.852808 -32.119043, 132.864157 -32.120124, 132.875506 -32.121205, 132.886855 -32.122284, 132.898204 -32.123363, 132.909554 -32.124441, 132.920904 -32.125517, 132.932254 -32.126593, 132.943605 -32.127667, 132.954956 -32.128740, 132.966307 -32.129813, 132.977658 -32.130884, 132.989010 -32.131955, 133.000361 -32.133024, 133.011713 -32.134093, 133.023066 -32.135160, 133.034419 -32.136226, 133.045771 -32.137292, 133.057125 -32.138356, 133.068478 -32.139419, 133.079832 -32.140482, 133.091186 -32.141543, 133.102540 -32.142603, 133.113895 -32.143663, 133.125249 -32.144721, 133.136604 -32.145778, 133.147960 -32.146834, 133.159315 -32.147890, 133.170671 -32.148944, 133.182027 -32.149997, 133.193383 -32.151049, 133.204740 -32.152100, 133.216097 -32.153150, 133.227454 -32.154200, 133.238811 -32.155248, 133.250169 -32.156295, 133.261527 -32.157341, 133.272885 -32.158386, 133.284244 -32.159430, 133.295602 -32.160473, 133.306961 -32.161515, 133.318321 -32.162556, 133.329680 -32.163596, 133.341040 -32.164635, 133.352400 -32.165673, 133.363760 -32.166710, 133.375120 -32.167746, 133.386481 -32.168781, 133.397842 -32.169815, 133.409204 -32.170848, 133.420565 -32.171880, 133.431927 -32.172911, 133.443289 -32.173940, 133.454651 -32.174969, 133.466014 -32.175997, 133.477377 -32.177024, 133.488740 -32.178050, 133.500103 -32.179074, 133.511467 -32.180098, 133.522831 -32.181121, 133.534195 -32.182143, 133.545559 -32.183163, 133.556924 -32.184183, 133.568289 -32.185202, 133.579654 -32.186219, 133.591019 -32.187236, 133.602385 -32.188252, 133.613751 -32.189266, 133.625117 -32.190280, 133.636483 -32.191292, 133.647850 -32.192304, 133.659217 -32.193315, 133.670584 -32.194324, 133.681951 -32.195333, 133.693319 -32.196340, 133.704687 -32.197347, 133.716055 -32.198352, 133.727423 -32.199357, 133.738792 -32.200360, 133.750161 -32.201362, 133.761530 -32.202364, 133.772899 -32.203364, 133.784269 -32.204364, 133.795639 -32.205362, 133.807009 -32.206359, 133.818380 -32.207355, 133.829750 -32.208351, 133.841121 -32.209345, 133.852492 -32.210338, 133.863864 -32.211331, 133.875235 -32.212322, 133.886607 -32.213312, 133.897979 -32.214301, 133.909352 -32.215289, 133.920724 -32.216276, 133.932097 -32.217263, 133.943470 -32.218248, 133.954844 -32.219232, 133.966217 -32.220215, 133.977591 -32.221197, 133.988965 -32.222178, 134.000340 -32.223158, 134.011714 -32.224137, 134.023089 -32.225115, 134.034464 -32.226092, 134.045840 -32.227068, 134.057215 -32.228043, 134.068591 -32.229017, 134.079967 -32.229990, 134.091344 -32.230961, 134.102720 -32.231932, 134.114097 -32.232902, 134.125474 -32.233871, 134.136851 -32.234839, 134.148229 -32.235805, 134.159607 -32.236771, 134.170985 -32.237736, 134.182363 -32.238700, 134.193741 -32.239662, 134.205120 -32.240624, 134.216499 -32.241585, 134.227878 -32.242544, 134.239258 -32.243503, 134.250637 -32.244461, 134.262017 -32.245417, 134.273397 -32.246373, 134.284778 -32.247327, 134.296159 -32.248281, 134.307539 -32.249233, 134.318921 -32.250185, 134.330302 -32.251135, 134.341684 -32.252085, 134.353065 -32.253033, 134.364448 -32.253980, 134.375830 -32.254927, 134.387212 -32.255872, 134.398595 -32.256816, 134.409978 -32.257760, 134.421362 -32.258702, 134.432745 -32.259643, 134.444129 -32.260584, 134.455513 -32.261523, 134.466897 -32.262461, 134.478281 -32.263398, 134.489666 -32.264334, 134.501051 -32.265269, 134.512436 -32.266204, 134.523822 -32.267137, 134.535207 -32.268069, 134.546593 -32.269000, 134.557979 -32.269930, 134.569365 -32.270859, 134.580752 -32.271787, 134.592139 -32.272714, 134.603526 -32.273640, 134.614913 -32.274565, 134.626301 -32.275489, 134.637688 -32.276412, 134.649076 -32.277333, 134.660464 -32.278254, 134.671853 -32.279174, 134.683241 -32.280093, 134.694630 -32.281011, 134.706019 -32.281927, 134.717409 -32.282843, 134.728798 -32.283758, 134.740188 -32.284672, 134.751578 -32.285584, 134.762968 -32.286496, 134.774359 -32.287406, 134.785750 -32.288316, 134.797141 -32.289225, 134.808532 -32.290132, 134.819923 -32.291039, 134.831315 -32.291944, 134.842707 -32.292849, 134.854099 -32.293752, 134.865491 -32.294655, 134.876883 -32.295556, 134.888276 -32.296456, 134.899669 -32.297356, 134.911062 -32.298254, 134.922456 -32.299151, 134.933850 -32.300048, 134.945243 -32.300943, 134.956638 -32.301837, 134.968032 -32.302730, 134.979426 -32.303623, 134.990821 -32.304514, 135.002216 -32.305404, 135.013611 -32.306293, 135.025007 -32.307181, 135.036403 -32.308068, 135.047798 -32.308954, 135.059195 -32.309839, 135.070591 -32.310723, 135.081988 -32.311606, 135.093384 -32.312488, 135.104781 -32.313369, 135.116179 -32.314249, 135.127576 -32.315128, 135.138974 -32.316006, 135.150372 -32.316883, 135.161770 -32.317759, 135.173168 -32.318633, 135.184567 -32.319507, 135.195965 -32.320380, 135.207364 -32.321252, 135.218764 -32.322122, 135.230163 -32.322992, 135.241563 -32.323861, 135.252963 -32.324728, 135.264363 -32.325595, 135.275763 -32.326460, 135.287163 -32.327325, 135.298564 -32.328189, 135.309965 -32.329051, 135.321366 -32.329913, 135.332768 -32.330773, 135.344169 -32.331632, 135.355571 -32.332491, 135.366973 -32.333348, 135.378376 -32.334205, 135.389778 -32.335060, 135.401181 -32.335914, 135.412584 -32.336767, 135.423987 -32.337620, 135.435390 -32.338471, 135.446794 -32.339321, 135.458197 -32.340170, 135.469601 -32.341018, 135.481006 -32.341865, 135.492410 -32.342712, 135.503815 -32.343557, 135.515219 -32.344401, 135.526624 -32.345244, 135.538030 -32.346086, 135.549435 -32.346927, 135.560841 -32.347767, 135.572247 -32.348605, 135.583653 -32.349443, 135.595059 -32.350280, 135.606466 -32.351116, 135.617872 -32.351951, 135.629279 -32.352785, 135.640687 -32.353617, 135.652094 -32.354449, 135.663501 -32.355280, 135.674909 -32.356109, 135.686317 -32.356938, 135.697725 -32.357766, 135.709134 -32.358592, 135.720543 -32.359418, 135.731951 -32.360242, 135.743360 -32.361066, 135.754770 -32.361888, 135.766179 -32.362710, 135.777589 -32.363530, 135.788999 -32.364350, 135.800409 -32.365168, 135.811819 -32.365985, 135.823229 -32.366802, 135.834640 -32.367617, 135.846051 -32.368431, 135.857462 -32.369244, 135.868873 -32.370057, 135.880285 -32.370868, 135.891697 -32.371678, 135.903109 -32.372487, 135.914521 -32.373295, 135.925933 -32.374102, 135.937346 -32.374908, 135.948758 -32.375713, 135.960171 -32.376517, 135.971584 -32.377320, 135.982998 -32.378122, 135.994411 -32.378923, 136.005825 -32.379723, 136.017239 -32.380522, 136.028653 -32.381319, 136.040068 -32.382116, 136.051482 -32.382912, 136.062897 -32.383707, 136.074312 -32.384500, 136.085727 -32.385293, 136.097142 -32.386085, 136.108558 -32.386875, 136.119974 -32.387665, 136.131390 -32.388453, 136.142806 -32.389241, 136.154222 -32.390027, 136.165639 -32.390813, 136.177055 -32.391597, 136.188472 -32.392381, 136.199890 -32.393163, 136.211307 -32.393944, 136.222724 -32.394725, 136.234142 -32.395504, 136.245560 -32.396282, 136.256978 -32.397060, 136.268397 -32.397836, 136.279815 -32.398611, 136.291234 -32.399385, 136.302653 -32.400158, 136.314072 -32.400930, 136.325491 -32.401701, 136.336911 -32.402471, 136.348330 -32.403240, 136.359750 -32.404008, 136.371170 -32.404775, 136.382591 -32.405541, 136.394011 -32.406306, 136.405432 -32.407070, 136.416853 -32.407833, 136.428274 -32.408594, 136.439695 -32.409355, 136.451116 -32.410115, 136.462538 -32.410874, 136.473960 -32.411631, 136.485382 -32.412388, 136.496804 -32.413144, 136.508227 -32.413898, 136.519649 -32.414652, 136.531072 -32.415404, 136.542495 -32.416156, 136.553918 -32.416906, 136.565341 -32.417656, 136.576765 -32.418404, 136.588189 -32.419151, 136.599613 -32.419898, 136.611037 -32.420643, 136.622461 -32.421387, 136.633886 -32.422130, 136.645310 -32.422873, 136.656735 -32.423614, 136.668160 -32.424354, 136.679585 -32.425093, 136.691011 -32.425831, 136.702436 -32.426568, 136.713862 -32.427304, 136.725288 -32.428039, 136.736714 -32.428773, 136.748141 -32.429506, 136.759567 -32.430238, 136.770994 -32.430969, 136.782421 -32.431699, 136.793848 -32.432427, 136.805275 -32.433155, 136.816703 -32.433882, 136.828130 -32.434608, 136.839558 -32.435332, 136.850986 -32.436056, 136.862414 -32.436779, 136.873843 -32.437500, 136.885271 -32.438221, 136.896700 -32.438940, 136.908129 -32.439659, 136.919558 -32.440376, 136.930988 -32.441092, 136.942417 -32.441808, 136.953847 -32.442522, 136.965276 -32.443236, 136.976707 -32.443948, 136.988137 -32.444659, 136.999567 -32.445369, 137.010998 -32.446078, 137.022428 -32.446787, 137.033859 -32.447494, 137.045290 -32.448200, 137.056722 -32.448905, 137.068153 -32.449609, 137.079585 -32.450312, 137.091017 -32.451014, 137.102449 -32.451715, 137.113881 -32.452415, 137.125313 -32.453114, 137.136746 -32.453811, 137.148178 -32.454508, 137.159611 -32.455204, 137.171044 -32.455899, 137.182478 -32.456592, 137.193911 -32.457285, 137.205345 -32.457977, 137.216778 -32.458667, 137.228212 -32.459357, 137.239646 -32.460045, 137.251081 -32.460733, 137.262515 -32.461419, 137.273950 -32.462105, 137.285384 -32.462789, 137.296819 -32.463473, 137.308255 -32.464155, 137.319690 -32.464836, 137.331125 -32.465516, 137.342561 -32.466196, 137.353997 -32.466874, 137.365433 -32.467551, 137.376869 -32.468227, 137.388306 -32.468902, 137.399742 -32.469576, 137.411179 -32.470249, 137.422616 -32.470921, 137.434053 -32.471592, 137.445490 -32.472262, 137.456927 -32.472931, 137.468365 -32.473599, 137.479803 -32.474266, 137.491240 -32.474932, 137.502679 -32.475596, 137.514117 -32.476260, 137.525555 -32.476923, 137.536994 -32.477584, 137.548432 -32.478245, 137.559871 -32.478905, 137.571310 -32.479563, 137.582750 -32.480221, 137.594189 -32.480877, 137.605629 -32.481532, 137.617068 -32.482187, 137.628508 -32.482840, 137.639948 -32.483493, 137.651389 -32.484144, 137.662829 -32.484794, 137.674270 -32.485443, 137.685710 -32.486092, 137.697151 -32.486739, 137.708592 -32.487385, 137.720033 -32.488030, 137.731475 -32.488674, 137.742916 -32.489317, 137.754358 -32.489959, 137.765800 -32.490600, 137.768899 -32.499915, 137.771998 -32.509231, 137.775098 -32.518546, 137.778198 -32.527861, 137.781300 -32.537176, 137.784402 -32.546491, 137.787504 -32.555806, 137.790607 -32.565121, 137.793711 -32.574436, 137.796815 -32.583750, 137.799921 -32.593065, 137.803026 -32.602380, 137.806133 -32.611694, 137.809240 -32.621008, 137.812347 -32.630323, 137.815456 -32.639637, 137.818565 -32.648951, 137.821674 -32.658265, 137.824785 -32.667579, 137.827896 -32.676893, 137.831007 -32.686207, 137.834119 -32.695521, 137.837232 -32.704834, 137.840346 -32.714148, 137.843460 -32.723462, 137.846575 -32.732775, 137.849690 -32.742088, 137.852806 -32.751402, 137.855923 -32.760715, 137.859040 -32.770028, 137.862158 -32.779341, 137.865277 -32.788654, 137.868397 -32.797967, 137.871517 -32.807280, 137.874637 -32.816593, 137.877759 -32.825906, 137.880881 -32.835218, 137.884003 -32.844531, 137.887127 -32.853843, 137.890251 -32.863156, 137.893375 -32.872468, 137.896500 -32.881780, 137.899626 -32.891092, 137.902753 -32.900404, 137.905880 -32.909716, 137.909008 -32.919028, 137.912137 -32.928340, 137.915266 -32.937652, 137.918396 -32.946963, 137.921526 -32.956275, 137.924657 -32.965587, 137.927789 -32.974898, 137.930922 -32.984209, 137.934055 -32.993521, 137.937189 -33.002832, 137.940323 -33.012143, 137.943459 -33.021454, 137.946594 -33.030765, 137.949731 -33.040076, 137.952868 -33.049387, 137.956006 -33.058698, 137.959144 -33.068008, 137.962283 -33.077319, 137.965423 -33.086629, 137.968564 -33.095940, 137.971705 -33.105250, 137.974847 -33.114560, 137.977989 -33.123871, 137.981132 -33.133181, 137.984276 -33.142491, 137.987421 -33.151801, 137.990566 -33.161111, 137.993711 -33.170420, 137.996858 -33.179730, 138.000005 -33.189040, 138.003153 -33.198349, 138.006301 -33.207659, 138.009451 -33.216968, 138.012600 -33.226278, 138.015751 -33.235587, 138.018902 -33.244896, 138.022054 -33.254205, 138.025206 -33.263514, 138.028360 -33.272823, 138.031513 -33.282132, 138.034668 -33.291441, 138.037823 -33.300749, 138.040979 -33.310058, 138.044136 -33.319366, 138.047293 -33.328675, 138.050451 -33.337983, 138.053609 -33.347292, 138.056768 -33.356600, 138.059928 -33.365908, 138.063089 -33.375216, 138.066250 -33.384524, 138.069412 -33.393832, 138.072575 -33.403140, 138.075738 -33.412447, 138.078902 -33.421755, 138.082067 -33.431063, 138.085232 -33.440370, 138.088398 -33.449677, 138.091565 -33.458985, 138.094732 -33.468292, 138.097900 -33.477599, 138.101069 -33.486906, 138.104238 -33.496213, 138.107408 -33.505520, 138.110579 -33.514827, 138.113751 -33.524134, 138.116923 -33.533440, 138.120096 -33.542747, 138.123269 -33.552054, 138.126443 -33.561360, 138.129618 -33.570666, 138.132794 -33.579973, 138.135970 -33.589279, 138.139147 -33.598585, 138.142325 -33.607891, 138.145503 -33.617197, 138.148682 -33.626503, 138.151862 -33.635809, 138.155042 -33.645114, 138.158223 -33.654420, 138.161405 -33.663725, 138.164587 -33.673031, 138.167770 -33.682336, 138.170954 -33.691642, 138.174139 -33.700947, 138.177324 -33.710252, 138.180510 -33.719557, 138.183696 -33.728862, 138.186884 -33.738167, 138.190072 -33.747472, 138.193260 -33.756776, 138.196450 -33.766081, 138.199640 -33.775386, 138.202830 -33.784690, 138.206022 -33.793994, 138.209214 -33.803299, 138.212407 -33.812603, 138.215600 -33.821907, 138.218794 -33.831211, 138.221989 -33.840515, 138.225185 -33.849819, 138.228381 -33.859123, 138.231578 -33.868427, 138.234776 -33.877730, 138.237974 -33.887034, 138.241173 -33.896337, 138.244373 -33.905641, 138.247573 -33.914944, 138.250775 -33.924247, 138.253976 -33.933551, 138.257179 -33.942854, 138.260382 -33.952157, 138.263586 -33.961460, 138.266791 -33.970762, 138.269996 -33.980065, 138.273202 -33.989368, 138.276409 -33.998670, 138.279617 -34.007973, 138.282825 -34.017275, 138.286034 -34.026578, 138.289243 -34.035880, 138.292454 -34.045182, 138.295665 -34.054484, 138.298876 -34.063786, 138.302089 -34.073088, 138.305302 -34.082390, 138.308516 -34.091692, 138.311730 -34.100993, 138.314945 -34.110295, 138.318161 -34.119596, 138.321378 -34.128898, 138.324595 -34.138199, 138.327813 -34.147500, 138.331032 -34.156801, 138.334252 -34.166103, 138.337472 -34.175404, 138.340693 -34.184704, 138.343914 -34.194005, 138.347137 -34.203306, 138.350360 -34.212607, 138.353583 -34.221907, 138.356808 -34.231208, 138.360033 -34.240508, 138.363259 -34.249808, 138.366485 -34.259109, 138.369713 -34.268409, 138.372941 -34.277709, 138.376169 -34.287009, 138.379399 -34.296309, 138.382629 -34.305609, 138.385860 -34.314908, 138.389091 -34.324208, 138.392324 -34.333507, 138.395557 -34.342807, 138.398791 -34.352106, 138.402025 -34.361406, 138.405260 -34.370705, 138.408496 -34.380004, 138.411733 -34.389303, 138.414970 -34.398602, 138.418208 -34.407901, 138.421447 -34.417200, 138.424686 -34.426498, 138.427927 -34.435797, 138.431167 -34.445095, 138.434409 -34.454394, 138.437652 -34.463692, 138.440895 -34.472990, 138.444138 -34.482289, 138.447383 -34.491587, 138.450628 -34.500885, 138.453874 -34.510183, 138.457121 -34.519481, 138.460368 -34.528778, 138.463617 -34.538076, 138.466865 -34.547374, 138.470115 -34.556671, 138.473365 -34.565969, 138.476617 -34.575266, 138.479868 -34.584563, 138.483121 -34.593860, 138.486374 -34.603157, 138.489628 -34.612454, 138.492883 -34.621751, 138.496138 -34.631048, 138.499394 -34.640345, 138.502651 -34.649641, 138.505909 -34.658938, 138.509167 -34.668234, 138.512426 -34.677531, 138.515686 -34.686827, 138.518947 -34.696123, 138.522208 -34.705419, 138.525470 -34.714715, 138.528733 -34.724011, 138.531996 -34.733307, 138.535261 -34.742603, 138.538526 -34.751899, 138.541791 -34.761194, 138.545058 -34.770490, 138.548325 -34.779785, 138.551593 -34.789081, 138.554861 -34.798376, 138.558131 -34.807671, 138.561401 -34.816966, 138.564672 -34.826261, 138.567943 -34.835556, 138.571216 -34.844851, 138.574489 -34.854145, 138.577763 -34.863440, 138.581037 -34.872735, 138.584312 -34.882029, 138.587588 -34.891323, 138.590865 -34.900618, 138.594143 -34.909912, 138.597421 -34.919206, 138.600700 -34.928500, 138.610781 -34.933514, 138.620863 -34.938527, 138.630947 -34.943540, 138.641031 -34.948552, 138.651117 -34.953562, 138.661204 -34.958572, 138.671293 -34.963581, 138.681382 -34.968590, 138.691473 -34.973597, 138.701565 -34.978604, 138.711658 -34.983610, 138.721753 -34.988615, 138.731849 -34.993619, 138.741946 -34.998622, 138.752044 -35.003624, 138.762143 -35.008626, 138.772244 -35.013627, 138.782346 -35.018627, 138.792449 -35.023626, 138.802554 -35.028624, 138.812659 -35.033622, 138.822766 -35.038618, 138.832874 -35.043614, 138.842983 -35.048609, 138.853094 -35.053603, 138.863206 -35.058596, 138.873319 -35.063589, 138.883433 -35.068580, 138.893549 -35.073571, 138.903666 -35.078561, 138.913784 -35.083550, 138.923903 -35.088538, 138.934023 -35.093525, 138.944145 -35.098512, 138.954268 -35.103498, 138.964392 -35.108482, 138.974518 -35.113466, 138.984644 -35.118449, 138.994772 -35.123432, 139.004901 -35.128413, 139.015032 -35.133394, 139.025163 -35.138374, 139.035296 -35.143353, 139.045430 -35.148331, 139.055566 -35.153308, 139.065702 -35.158284, 139.075840 -35.163260, 139.085979 -35.168235, 139.096119 -35.173209, 139.106261 -35.178182, 139.116404 -35.183154, 139.126548 -35.188125, 139.136693 -35.193096, 139.146840 -35.198065, 139.156987 -35.203034, 139.167136 -35.208002, 139.177287 -35.212969, 139.187438 -35.217935, 139.197591 -35.222901, 139.207745 -35.227865, 139.217900 -35.232829, 139.228056 -35.237792, 139.238214 -35.242754, 139.248373 -35.247715, 139.258533 -35.252675, 139.268695 -35.257635, 139.278857 -35.262593, 139.289021 -35.267551, 139.299186 -35.272508, 139.309353 -35.277464, 139.319520 -35.282419, 139.329689 -35.287374, 139.339859 -35.292327, 139.350031 -35.297280, 139.360203 -35.302232, 139.370377 -35.307183, 139.380552 -35.312133, 139.390729 -35.317082, 139.400906 -35.322030, 139.411085 -35.326978, 139.421265 -35.331925, 139.431447 -35.336871, 139.441629 -35.341816, 139.451813 -35.346760, 139.461998 -35.351703, 139.472184 -35.356645, 139.482372 -35.361587, 139.492561 -35.366528, 139.502751 -35.371468, 139.512942 -35.376407, 139.523135 -35.381345, 139.533329 -35.386282, 139.543524 -35.391218, 139.553720 -35.396154, 139.563917 -35.401089, 139.574116 -35.406023, 139.584316 -35.410956, 139.594518 -35.415888, 139.604720 -35.420819, 139.614924 -35.425750, 139.625129 -35.430679, 139.635335 -35.435608, 139.645543 -35.440536, 139.655752 -35.445463, 139.665962 -35.450389, 139.676173 -35.455314, 139.686386 -35.460239, 139.696599 -35.465162, 139.706814 -35.470085, 139.717031 -35.475007, 139.727248 -35.479928, 139.737467 -35.484848, 139.747687 -35.489767, 139.757908 -35.494685, 139.768131 -35.499603, 139.778355 -35.504520, 139.788580 -35.509435, 139.798806 -35.514350, 139.809034 -35.519264, 139.819262 -35.524178, 139.829493 -35.529090, 139.839724 -35.534001, 139.849956 -35.538912, 139.860190 -35.543822, 139.870425 -35.548731, 139.880662 -35.553639, 139.890899 -35.558546, 139.901138 -35.563452, 139.911378 -35.568358, 139.921619 -35.573262, 139.931862 -35.578166, 139.942106 -35.583069, 139.952351 -35.587971, 139.962597 -35.592872, 139.972845 -35.597772, 139.983094 -35.602671, 139.993344 -35.607570, 140.003595 -35.612468, 140.013848 -35.617364, 140.024102 -35.622260, 140.034357 -35.627155, 140.044613 -35.632049, 140.054871 -35.636943, 140.065130 -35.641835, 140.075390 -35.646727, 140.085652 -35.651617, 140.095914 -35.656507, 140.106178 -35.661396, 140.116443 -35.666284, 140.126710 -35.671171, 140.136978 -35.676058, 140.147247 -35.680943, 140.157517 -35.685828, 140.167788 -35.690711, 140.178061 -35.695594, 140.188335 -35.700476, 140.198610 -35.705357, 140.208887 -35.710238, 140.219165 -35.715117, 140.229444 -35.719995, 140.239724 -35.724873, 140.250005 -35.729750, 140.260288 -35.734626, 140.270572 -35.739500, 140.280858 -35.744375, 140.291144 -35.749248, 140.301432 -35.754120, 140.311721 -35.758992, 140.322011 -35.763862, 140.332303 -35.768732, 140.342596 -35.773601, 140.352890 -35.778469, 140.363186 -35.783336, 140.373482 -35.788202, 140.383780 -35.793067, 140.394079 -35.797932, 140.404380 -35.802795, 140.414681 -35.807658, 140.424984 -35.812520, 140.435289 -35.817381, 140.445594 -35.822241, 140.455901 -35.827100, 140.466209 -35.831958, 140.476518 -35.836816, 140.486829 -35.841672, 140.497141 -35.846528, 140.507454 -35.851383, 140.517768 -35.856237, 140.528084 -35.861090, 140.538400 -35.865942, 140.548719 -35.870793, 140.559038 -35.875643, 140.569359 -35.880493, 140.579681 -35.885341, 140.590004 -35.890189, 140.600328 -35.895036, 140.610654 -35.899882, 140.620981 -35.904727, 140.631309 -35.909571, 140.641639 -35.914414, 140.651969 -35.919257, 140.662301 -35.924098, 140.672635 -35.928939, 140.682969 -35.933779, 140.693305 -35.938618, 140.703642 -35.943456, 140.713980 -35.948293, 140.724320 -35.953129, 140.734661 -35.957964, 140.745003 -35.962799, 140.755346 -35.967632, 140.765691 -35.972465, 140.776037 -35.977297, 140.786384 -35.982127, 140.796733 -35.986957, 140.807083 -35.991787, 140.817434 -35.996615, 140.827786 -36.001442, 140.838139 -36.006268, 140.848494 -36.011094, 140.858850 -36.015919, 140.869208 -36.020742, 140.879566 -36.025565, 140.889926 -36.030387, 140.900287 -36.035208, 140.910650 -36.040029, 140.921014 -36.044848, 140.931378 -36.049666, 140.941745 -36.054484, 140.952112 -36.059300, 140.962481 -36.064116, 140.972851 -36.068931, 140.983222 -36.073745, 140.993595 -36.078558, 141.003969 -36.083370, 141.014344 -36.088182, 141.024720 -36.092992, 141.035098 -36.097801, 141.045477 -36.102610, 141.055857 -36.107418, 141.066239 -36.112224, 141.076621 -36.117030, 141.087005 -36.121835, 141.097391 -36.126639, 141.107777 -36.131443, 141.118165 -36.136245, 141.128554 -36.141046, 141.138944 -36.145847, 141.149336 -36.150647, 141.159729 -36.155445, 141.170123 -36.160243, 141.180519 -36.165040, 141.190915 -36.169836, 141.201313 -36.174631, 141.211713 -36.179425, 141.222113 -36.184219, 141.232515 -36.189011, 141.242918 -36.193803, 141.253323 -36.198593, 141.263728 -36.203383, 141.274135 -36.208172, 141.284543 -36.212960, 141.294953 -36.217747, 141.305363 -36.222533, 141.315775 -36.227318, 141.326189 -36.232103, 141.336603 -36.236886, 141.347019 -36.241669, 141.357436 -36.246450, 141.367855 -36.251231, 141.378274 -36.256011, 141.388695 -36.260790, 141.399117 -36.265568, 141.409541 -36.270345, 141.419966 -36.275121, 141.430392 -36.279896, 141.440819 -36.284671, 141.451248 -36.289444, 141.461677 -36.294217, 141.472109 -36.298988, 141.482541 -36.303759, 141.492975 -36.308529, 141.503410 -36.313298, 141.513846 -36.318066, 141.524283 -36.322833, 141.534722 -36.327599, 141.545162 -36.332365, 141.555604 -36.337129, 141.566046 -36.341892, 141.576490 -36.346655, 141.586935 -36.351417, 141.597382 -36.356177, 141.607830 -36.360937, 141.618279 -36.365696, 141.628729 -36.370454, 141.639180 -36.375211, 141.649633 -36.379968, 141.660087 -36.384723, 141.670543 -36.389477, 141.680999 -36.394231, 141.691457 -36.398984, 141.701917 -36.403735, 141.712377 -36.408486, 141.722839 -36.413236, 141.733302 -36.417985, 141.743766 -36.422733, 141.754232 -36.427480, 141.764699 -36.432226, 141.775167 -36.436971, 141.785637 -36.441716, 141.796107 -36.446459, 141.806579 -36.451202, 141.817053 -36.455943, 141.827527 -36.460684, 141.838003 -36.465424, 141.848480 -36.470163, 141.858959 -36.474901, 141.869439 -36.479638, 141.879920 -36.484374, 141.890402 -36.489109, 141.900885 -36.493843, 141.911370 -36.498577, 141.921856 -36.503309, 141.932344 -36.508041, 141.942833 -36.512771, 141.953323 -36.517501, 141.963814 -36.522230, 141.974306 -36.526958, 141.984800 -36.531685, 141.995295 -36.536411, 142.005792 -36.541136, 142.016289 -36.545860, 142.026788 -36.550583, 142.037289 -36.555305, 142.047790 -36.560027, 142.058293 -36.564747, 142.068797 -36.569467, 142.079302 -36.574186, 142.089809 -36.578903, 142.100317 -36.583620, 142.110826 -36.588336, 142.121337 -36.593051, 142.131849 -36.597765, 142.142362 -36.602478, 142.152876 -36.607190, 142.163392 -36.611902, 142.173909 -36.616612, 142.184427 -36.621321, 142.194946 -36.626030, 142.205467 -36.630738, 142.215989 -36.635444, 142.226512 -36.640150, 142.237037 -36.644855, 142.247563 -36.649559, 142.258090 -36.654262, 142.268619 -36.658964, 142.279149 -36.663665, 142.289680 -36.668365, 142.300212 -36.673064, 142.310746 -36.677762, 142.321281 -36.682460, 142.331817 -36.687156, 142.342354 -36.691852, 142.352893 -36.696546, 142.363433 -36.701240, 142.373975 -36.705933, 142.384517 -36.710625, 142.395061 -36.715316, 142.405606 -36.720006, 142.416153 -36.724695, 142.426701 -36.729383, 142.437250 -36.734070, 142.447800 -36.738756, 142.458352 -36.743441, 142.468905 -36.748126, 142.479459 -36.752809, 142.490015 -36.757492, 142.500571 -36.762173, 142.511130 -36.766854, 142.521689 -36.771534, 142.532250 -36.776212, 142.542812 -36.780890, 142.553375 -36.785567, 142.563939 -36.790243, 142.574505 -36.794918, 142.585072 -36.799592, 142.595641 -36.804265, 142.606211 -36.808938, 142.616782 -36.813609, 142.627354 -36.818279, 142.637928 -36.822949, 142.648502 -36.827617, 142.659079 -36.832285, 142.669656 -36.836951, 142.680235 -36.841617, 142.690815 -36.846282, 142.701396 -36.850946, 142.711979 -36.855609, 142.722563 -36.860270, 142.733148 -36.864931, 142.743734 -36.869591, 142.754322 -36.874251, 142.764911 -36.878909, 142.775502 -36.883566, 142.786093 -36.888222, 142.796686 -36.892878, 142.807280 -36.897532, 142.817876 -36.902186, 142.828473 -36.906838, 142.839071 -36.911490, 142.849670 -36.916140, 142.860271 -36.920790, 142.870873 -36.925439, 142.881476 -36.930087, 142.892081 -36.934734, 142.902687 -36.939379, 142.913294 -36.944024, 142.923903 -36.948668, 142.934512 -36.953312, 142.945123 -36.957954, 142.955736 -36.962595, 142.966349 -36.967235, 142.976964 -36.971875, 142.987581 -36.976513, 142.998198 -36.981150, 143.008817 -36.985787, 143.019437 -36.990422, 143.030058 -36.995057, 143.040681 -36.999691, 143.051305 -37.004323, 143.061930 -37.008955, 143.072557 -37.013586, 143.083185 -37.018216, 143.093814 -37.022845, 143.104444 -37.027473, 143.115076 -37.032100, 143.125709 -37.036726, 143.136344 -37.041351, 143.146979 -37.045975, 143.157616 -37.050598, 143.168255 -37.055221, 143.178894 -37.059842, 143.189535 -37.064462, 143.200177 -37.069082, 143.210820 -37.073700, 143.221465 -37.078318, 143.232111 -37.082934, 143.242759 -37.087550, 143.253407 -37.092165, 143.264057 -37.096778, 143.274708 -37.101391, 143.285361 -37.106003, 143.296015 -37.110614, 143.306670 -37.115224, 143.317326 -37.119833, 143.327984 -37.124441, 143.338643 -37.129048, 143.349303 -37.133654, 143.359965 -37.138259, 143.370628 -37.142863, 143.381292 -37.147466, 143.391957 -37.152069, 143.402624 -37.156670, 143.413292 -37.161270, 143.423961 -37.165870, 143.434632 -37.170468, 143.445304 -37.175066, 143.455977 -37.179662, 143.466652 -37.184258, 143.477328 -37.188852, 143.488005 -37.193446, 143.498683 -37.198039, 143.509363 -37.202630, 143.520044 -37.207221, 143.530727 -37.211811, 143.541410 -37.216400, 143.552095 -37.220988, 143.562782 -37.225575, 143.573469 -37.230161, 143.584158 -37.234746, 143.594848 -37.239330, 143.605540 -37.243913, 143.616232 -37.248495, 143.626926 -37.253076, 143.637622 -37.257657, 143.648319 -37.262236, 143.659016 -37.266814, 143.669716 -37.271391, 143.680416 -37.275968, 143.691118 -37.280543, 143.701821 -37.285118, 143.712526 -37.289691, 143.723232 -37.294264, 143.733939 -37.298835, 143.744647 -37.303406, 143.755357 -37.307975, 143.766068 -37.312544, 143.776780 -37.317112, 143.787494 -37.321678, 143.798209 -37.326244, 143.808925 -37.330809, 143.819642 -37.335373, 143.830361 -37.339936, 143.841081 -37.344498, 143.851803 -37.349058, 143.862525 -37.353618, 143.873249 -37.358177, 143.883975 -37.362735, 143.894701 -37.367292, 143.905429 -37.371849, 143.916158 -37.376404, 143.926889 -37.380958, 143.937621 -37.385511, 143.948354 -37.390063, 143.959088 -37.394614, 143.969824 -37.399165, 143.980561 -37.403714, 143.991299 -37.408262, 144.002039 -37.412810, 144.012780 -37.417356, 144.023522 -37.421901, 144.034266 -37.426446, 144.045011 -37.430989, 144.055757 -37.435532, 144.066504 -37.440073, 144.077253 -37.444614, 144.088003 -37.449153, 144.098754 -37.453692, 144.109507 -37.458230, 144.120261 -37.462766, 144.131016 -37.467302, 144.141773 -37.471837, 144.152531 -37.476370, 144.163290 -37.480903, 144.174051 -37.485435, 144.184812 -37.489966, 144.195576 -37.494496, 144.206340 -37.499024, 144.217106 -37.503552, 144.227873 -37.508079, 144.238641 -37.512605, 144.249411 -37.517130, 144.260182 -37.521654, 144.270954 -37.526177, 144.281728 -37.530699, 144.292503 -37.535220, 144.303279 -37.539740, 144.314056 -37.544259, 144.324835 -37.548777, 144.335615 -37.553294, 144.346397 -37.557810, 144.357179 -37.562325, 144.367963 -37.566840, 144.378749 -37.571353, 144.389535 -37.575865, 144.400323 -37.580376, 144.411112 -37.584886, 144.421903 -37.589396, 144.432695 -37.593904, 144.443488 -37.598411, 144.454283 -37.602918, 144.465078 -37.607423, 144.475875 -37.611927, 144.486674 -37.616431, 144.497474 -37.620933, 144.508275 -37.625434, 144.519077 -37.629935, 144.529881 -37.634434, 144.540686 -37.638933, 144.551492 -37.643430, 144.562299 -37.647927, 144.573108 -37.652422, 144.583918 -37.656916, 144.594730 -37.661410, 144.605543 -37.665902, 144.616357 -37.670394, 144.627172 -37.674885, 144.637989 -37.679374, 144.648807 -37.683863, 144.659626 -37.688350, 144.670447 -37.692837, 144.681269 -37.697322, 144.692092 -37.701807, 144.702917 -37.706291, 144.713743 -37.710773, 144.724570 -37.715255, 144.735398 -37.719736, 144.746228 -37.724215, 144.757059 -37.728694, 144.767892 -37.733172, 144.778726 -37.737648, 144.789561 -37.742124, 144.800397 -37.746599, 144.811235 -37.751072, 144.822074 -37.755545, 144.832914 -37.760017, 144.843756 -37.764488, 144.854599 -37.768957, 144.865443 -37.773426, 144.876288 -37.777894, 144.887135 -37.782361, 144.897983 -37.786826, 144.908833 -37.791291, 144.919684 -37.795755, 144.930536 -37.800218, 144.941389 -37.804679, 144.952244 -37.809140, 144.963100 -37.813600, 144.973020 -37.807935, 144.982939 -37.802270, 144.992857 -37.796604, 145.002772 -37.790936, 145.012687 -37.785269, 145.022600 -37.779600, 145.032511 -37.773930, 145.042421 -37.768260, 145.052329 -37.762588, 145.062236 -37.756916, 145.072141 -37.751243, 145.082044 -37.745570, 145.091947 -37.739895, 145.101847 -37.734219, 145.111746 -37.728543, 145.121644 -37.722866, 145.131540 -37.717188, 145.141435 -37.711510, 145.151328 -37.705830, 145.161219 -37.700150, 145.171109 -37.694468, 145.180998 -37.688786, 145.190885 -37.683103, 145.200770 -37.677420, 145.210654 -37.671735, 145.220537 -37.666050, 145.230417 -37.660364, 145.240297 -37.654677, 145.250175 -37.648989, 145.260051 -37.643300, 145.269926 -37.637611, 145.279799 -37.631921, 145.289671 -37.626229, 145.299542 -37.620537, 145.309410 -37.614845, 145.319278 -37.609151, 145.329144 -37.603457, 145.339008 -37.597762, 145.348871 -37.592066, 145.358732 -37.586369, 145.368592 -37.580671, 145.378450 -37.574972, 145.388307 -37.569273, 145.398162 -37.563573, 145.408016 -37.557872, 145.417868 -37.552170, 145.427719 -37.546468, 145.437568 -37.540764, 145.447416 -37.535060, 145.457262 -37.529355, 145.467106 -37.523649, 145.476950 -37.517942, 145.486791 -37.512235, 145.496632 -37.506527, 145.506470 -37.500818, 145.516307 -37.495108, 145.526143 -37.489397, 145.535977 -37.483685, 145.545810 -37.477973, 145.555641 -37.472260, 145.565471 -37.466546, 145.575299 -37.460831, 145.585125 -37.455115, 145.594951 -37.449399, 145.604774 -37.443681, 145.614596 -37.437963, 145.624417 -37.432244, 145.634236 -37.426525, 145.644054 -37.420804, 145.653870 -37.415083, 145.663685 -37.409361, 145.673498 -37.403638, 145.683309 -37.397914, 145.693119 -37.392189, 145.702928 -37.386464, 145.712735 -37.380738, 145.722541 -37.375011, 145.732345 -37.369283, 145.742148 -37.363554, 145.751949 -37.357825, 145.761748 -37.352095, 145.771547 -37.346364, 145.781343 -37.340632, 145.791139 -37.334899, 145.800932 -37.329166, 145.810724 -37.323431, 145.820515 -37.317696, 145.830304 -37.311960, 145.840092 -37.306224, 145.849878 -37.300486, 145.859663 -37.294748, 145.869446 -37.289009, 145.879228 -37.283269, 145.889008 -37.277528, 145.898787 -37.271787, 145.908564 -37.266044, 145.918340 -37.260301, 145.928114 -37.254557, 145.937887 -37.248812, 145.947658 -37.243067, 145.957428 -37.237320, 145.967196 -37.231573, 145.976963 -37.225825, 145.986728 -37.220077, 145.996492 -37.214327, 146.006255 -37.208577, 146.016015 -37.202825, 146.025775 -37.197073, 146.035533 -37.191321, 146.045289 -37.185567, 146.055044 -37.179813, 146.064798 -37.174058, 146.074549 -37.168302, 146.084300 -37.162545, 146.094049 -37.156787, 146.103796 -37.151029, 146.113542 -37.145270, 146.123287 -37.139510, 146.133030 -37.133749, 146.142772 -37.127988, 146.152512 -37.122225, 146.162250 -37.116462, 146.171987 -37.110698, 146.181723 -37.104933, 146.191457 -37.099168, 146.201190 -37.093401, 146.210921 -37.087634, 146.220651 -37.081866, 146.230379 -37.076098, 146.240106 -37.070328, 146.249831 -37.064558, 146.259555 -37.058787, 146.269277 -37.053015, 146.278998 -37.047242, 146.288717 -37.041469, 146.298435 -37.035695, 146.308151 -37.029919, 146.317866 -37.024144, 146.327580 -37.018367, 146.337292 -37.012590, 146.347002 -37.006811, 146.356711 -37.001032, 146.366419 -36.995252, 146.376125 -36.989472, 146.385829 -36.983690, 146.395532 -36.977908, 146.405234 -36.972125, 146.414934 -36.966342, 146.424633 -36.960557, 146.434330 -36.954772, 146.444026 -36.948986, 146.453720 -36.943199, 146.463413 -36.937411, 146.473104 -36.931622, 146.482794 -36.925833, 146.492482 -36.920043, 146.502169 -36.914252, 146.511855 -36.908461, 146.521539 -36.902668, 146.531221 -36.896875, 146.540902 -36.891081, 146.550582 -36.885286, 146.560260 -36.879491, 146.569936 -36.873694, 146.579612 -36.867897, 146.589285 -36.862099, 146.598957 -36.856301, 146.608628 -36.850501, 146.618297 -36.844701, 146.627965 -36.838900, 146.637632 -36.833098, 146.647296 -36.827295, 146.656960 -36.821492, 146.666622 -36.815688, 146.676282 -36.809883, 146.685941 -36.804077, 146.695599 -36.798271, 146.705255 -36.792463, 146.714909 -36.786655, 146.724563 -36.780846, 146.734214 -36.775037, 146.743865 -36.769226, 146.753513 -36.763415, 146.763161 -36.757603, 146.772806 -36.751790, 146.782451 -36.745977, 146.792094 -36.740162, 146.801735 -36.734347, 146.811375 -36.728531, 146.821014 -36.722715, 146.830651 -36.716897, 146.840286 -36.711079, 146.849921 -36.705260, 146.859553 -36.699440, 146.869185 -36.693620, 146.878814 -36.687799, 146.888443 -36.681977, 146.898069 -36.676154, 146.907695 -36.670330, 146.917319 -36.664506, 146.926941 -36.658680, 146.936562 -36.652855, 146.946182 -36.647028, 146.955800 -36.641200, 146.965417 -36.635372, 146.975032 -36.629543, 146.984646 -36.623713, 146.994258 -36.617883, 147.003869 -36.612051, 147.013478 -36.606219, 147.023086 -36.600386, 147.032693 -36.594552, 147.042298 -36.588718, 147.051901 -36.582883, 147.061503 -36.577047, 147.071104 -36.571210, 147.080703 -36.565373, 147.090301 -36.559534, 147.099898 -36.553695, 147.109492 -36.547855, 147.119086 -36.542015, 147.128678 -36.536173, 147.138268 -36.530331, 147.147857 -36.524488, 147.157445 -36.518645, 147.167031 -36.512800, 147.176616 -36.506955, 147.186199 -36.501109, 147.195781 -36.495262, 147.205362 -36.489415, 147.214941 -36.483566, 147.224518 -36.477717, 147.234094 -36.471868, 147.243669 -36.466017, 147.253242 -36.460166, 147.262814 -36.454314, 147.272384 -36.448461, 147.281953 -36.442607, 147.291520 -36.436753, 147.301086 -36.430898, 147.310651 -36.425042, 147.320214 -36.419185, 147.329775 -36.413328, 147.339335 -36.407469, 147.348894 -36.401610, 147.358451 -36.395751, 147.368007 -36.389890, 147.377562 -36.384029, 147.387115 -36.378167, 147.396666 -36.372304, 147.406216 -36.366441, 147.415765 -36.360576, 147.425312 -36.354711, 147.434858 -36.348845, 147.444402 -36.342979, 147.453945 -36.337112, 147.463487 -36.331243, 147.473027 -36.325375, 147.482565 -36.319505, 147.492103 -36.313635, 147.501638 -36.307764, 147.511173 -36.301892, 147.520705 -36.296019, 147.530237 -36.290146, 147.539767 -36.284272, 147.549295 -36.278397, 147.558822 -36.272521, 147.568348 -36.266645, 147.577872 -36.260767, 147.587395 -36.254889, 147.596917 -36.249011, 147.606436 -36.243131, 147.615955 -36.237251, 147.625472 -36.231370, 147.634988 -36.225489, 147.644502 -36.219606, 147.654015 -36.213723, 147.663526 -36.207839, 147.673036 -36.201954, 147.682544 -36.196069, 147.692052 -36.190183, 147.701557 -36.184296, 147.711061 -36.178408, 147.720564 -36.172519, 147.730065 -36.166630, 147.739565 -36.160740, 147.749064 -36.154850, 147.758561 -36.148958, 147.768057 -36.143066, 147.777551 -36.137173, 147.787044 -36.131279, 147.796535 -36.125385, 147.806025 -36.119490, 147.815513 -36.113594, 147.825001 -36.107697, 147.834486 -36.101799, 147.843970 -36.095901, 147.853453 -36.090002, 147.862935 -36.084103, 147.872415 -36.078202, 147.881893 -36.072301, 147.891370 -36.066399, 147.900846 -36.060496, 147.910320 -36.054593, 147.919793 -36.048689, 147.929265 -36.042784, 147.938735 -36.036878, 147.948203 -36.030972, 147.957670 -36.025065, 147.967136 -36.019157, 147.976600 -36.013248, 147.986063 -36.007339, 147.995525 -36.001429, 148.004985 -35.995518, 148.014444 -35.989606, 148.023901 -35.983694, 148.033357 -35.977781, 148.042811 -35.971867, 148.052264 -35.965952, 148.061716 -35.960037, 148.071166 -35.954121, 148.080615 -35.948204, 148.090062 -35.942286, 148.099508 -35.936368, 148.108952 -35.930449, 148.118395 -35.924529, 148.127837 -35.918609, 148.137277 -35.912688, 148.146716 -35.906766, 148.156154 -35.900843, 148.165590 -35.894920, 148.175024 -35.888995, 148.184458 -35.883070, 148.193889 -35.877145, 148.203320 -35.871218, 148.212749 -35.865291, 148.222176 -35.859363, 148.231602 -35.853435, 148.241027 -35.847505, 148.250450 -35.841575, 148.259872 -35.835644, 148.269293 -35.829713, 148.278712 -35.823781, 148.288130 -35.817848, 148.297546 -35.811914, 148.306961 -35.805979, 148.316374 -35.800044, 148.325786 -35.794108, 148.335197 -35.788171, 148.344606 -35.782234, 148.354014 -35.776296, 148.363421 -35.770357, 148.372826 -35.764417, 148.382229 -35.758477, 148.391631 -35.752536, 148.401032 -35.746594, 148.410432 -35.740651, 148.419830 -35.734708, 148.429226 -35.728764, 148.438622 -35.722819, 148.448015 -35.716874, 148.457408 -35.710928, 148.466799 -35.704981, 148.476188 -35.699033, 148.485577 -35.693085, 148.494963 -35.687136, 148.504349 -35.681186, 148.513733 -35.675235, 148.523115 -35.669284, 148.532497 -35.663332, 148.541877 -35.657379, 148.551255 -35.651426, 148.560632 -35.645471, 148.570008 -35.639516, 148.579382 -35.633561, 148.588755 -35.627604, 148.598126 -35.621647, 148.607496 -35.615689, 148.616865 -35.609731, 148.626232 -35.603771, 148.635598 -35.597811, 148.644962 -35.591851, 148.654325 -35.585889, 148.663687 -35.579927, 148.673047 -35.573964, 148.682406 -35.568000, 148.691764 -35.562036, 148.701120 -35.556071, 148.710474 -35.550105, 148.719828 -35.544139, 148.729180 -35.538171, 148.738530 -35.532203, 148.747879 -35.526235, 148.757227 -35.520265, 148.766573 -35.514295, 148.775918 -35.508324, 148.785262 -35.502353, 148.794604 -35.496380, 148.803945 -35.490407, 148.813284 -35.484434, 148.822622 -35.478459, 148.831959 -35.472484, 148.841294 -35.466508, 148.850628 -35.460531, 148.859960 -35.454554, 148.869291 -35.448576, 148.878621 -35.442597, 148.887949 -35.436618, 148.897276 -35.430638, 148.906602 -35.424657, 148.915926 -35.418675, 148.925249 -35.412693, 148.934570 -35.406710, 148.943890 -35.400726, 148.953209 -35.394741, 148.962526 -35.388756, 148.971842 -35.382770, 148.981156 -35.376783, 148.990469 -35.370796, 148.999781 -35.364808, 149.009091 -35.358819, 149.018400 -35.352830, 149.027708 -35.346839, 149.037014 -35.340849, 149.046319 -35.334857, 149.055622 -35.328865, 149.064924 -35.322871, 149.074225 -35.316878, 149.083524 -35.310883, 149.092822 -35.304888, 149.102119 -35.298892, 149.111414 -35.292895, 149.120708 -35.286898, 149.130000 -35.280900, 149.139195 -35.274838, 149.148388 -35.268775, 149.157581 -35.262711, 149.166771 -35.256647, 149.175961 -35.250582, 149.185149 -35.244517, 149.194335 -35.238450, 149.203521 -35.232383, 149.212705 -35.226316, 149.221887 -35.220247, 149.231068 -35.214178, 149.240248 -35.208108, 149.249427 -35.202038, 149.258604 -35.195967, 149.267779 -35.189895, 149.276954 -35.183822, 149.286127 -35.177749, 149.295298 -35.171675, 149.304468 -35.165601, 149.313637 -35.159525, 149.322805 -35.153449, 149.331971 -35.147373, 149.341135 -35.141295, 149.350299 -35.135217, 149.359461 -35.129138, 149.368621 -35.123059, 149.377781 -35.116979, 149.386938 -35.110898, 149.396095 -35.104816, 149.405250 -35.098734, 149.414404 -35.092651, 149.423556 -35.086568, 149.432707 -35.080483, 149.441857 -35.074398, 149.451005 -35.068313, 149.460152 -35.062226, 149.469298 -35.056139, 149.478442 -35.050052, 149.487585 -35.043963, 149.496726 -35.037874, 149.505867 -35.031784, 149.515005 -35.025694, 149.524143 -35.019603, 149.533279 -35.013511, 149.542414 -35.007419, 149.551547 -35.001325, 149.560679 -34.995231, 149.569809 -34.989137, 149.578939 -34.983042, 149.588067 -34.976946, 149.597193 -34.970849, 149.606318 -34.964752, 149.615442 -34.958654, 149.624565 -34.952555, 149.633686 -34.946456, 149.642805 -34.940356, 149.651924 -34.934255, 149.661041 -34.928154, 149.670156 -34.922052, 149.679271 -34.915949, 149.688384 -34.909846, 149.697495 -34.903741, 149.706606 -34.897637, 149.715715 -34.891531, 149.724822 -34.885425, 149.733928 -34.879318, 149.743033 -34.873211, 149.752137 -34.867103, 149.761239 -34.860994, 149.770340 -34.854884, 149.779439 -34.848774, 149.788537 -34.842663, 149.797634 -34.836551, 149.806729 -34.830439, 149.815823 -34.824326, 149.824916 -34.818213, 149.834007 -34.812098, 149.843097 -34.805984, 149.852186 -34.799868, 149.861273 -34.793752, 149.870359 -34.787635, 149.879444 -34.781517, 149.888527 -34.775399, 149.897609 -34.769280, 149.906689 -34.763160, 149.915768 -34.757040, 149.924846 -34.750919, 149.933923 -34.744797, 149.942998 -34.738675, 149.952072 -34.732551, 149.961144 -34.726428, 149.970215 -34.720303, 149.979285 -34.714178, 149.988354 -34.708053, 149.997421 -34.701926, 150.006486 -34.695799, 150.015551 -34.689671, 150.024614 -34.683543, 150.033676 -34.677414, 150.042736 -34.671284, 150.051795 -34.665154, 150.060853 -34.659023, 150.069909 -34.652891, 150.078964 -34.646758, 150.088018 -34.640625, 150.097070 -34.634491, 150.106121 -34.628357, 150.115171 -34.622222, 150.124219 -34.616086, 150.133266 -34.609950, 150.142312 -34.603813, 150.151356 -34.597675, 150.160399 -34.591536, 150.169441 -34.585397, 150.178481 -34.579257, 150.187520 -34.573117, 150.196558 -34.566976, 150.205594 -34.560834, 150.214629 -34.554692, 150.223663 -34.548548, 150.232695 -34.542405, 150.241726 -34.536260, 150.250756 -34.530115, 150.259784 -34.523969, 150.268811 -34.517823, 150.277837 -34.511676, 150.286861 -34.505528, 150.295884 -34.499380, 150.304905 -34.493231, 150.313926 -34.487081, 150.322945 -34.480930, 150.331962 -34.474779, 150.340979 -34.468628, 150.349994 -34.462475, 150.359007 -34.456322, 150.368020 -34.450168, 150.377031 -34.444014, 150.386040 -34.437859, 150.395049 -34.431703, 150.404056 -34.425547, 150.413062 -34.419390, 150.422066 -34.413232, 150.431069 -34.407074, 150.440071 -34.400915, 150.449071 -34.394755, 150.458070 -34.388595, 150.467068 -34.382434, 150.476064 -34.376272, 150.485059 -34.370110, 150.494053 -34.363947, 150.503046 -34.357783, 150.512037 -34.351619, 150.521027 -34.345454, 150.530015 -34.339288, 150.539002 -34.333122, 150.547988 -34.326955, 150.556973 -34.320788, 150.565956 -34.314619, 150.574938 -34.308451, 150.583918 -34.302281, 150.592898 -34.296111, 150.601876 -34.289940, 150.610852 -34.283769, 150.619827 -34.277596, 150.628801 -34.271424, 150.637774 -34.265250, 150.646745 -34.259076, 150.655715 -34.252901, 150.664684 -34.246726, 150.673652 -34.240550, 150.682618 -34.234373, 150.691582 -34.228196, 150.700546 -34.222018, 150.709508 -34.215839, 150.718469 -34.209660, 150.727428 -34.203480, 150.736386 -34.197299, 150.745343 -34.191118, 150.754299 -34.184936, 150.763253 -34.178753, 150.772206 -34.172570, 150.781158 -34.166386, 150.790108 -34.160202, 150.799057 -34.154016, 150.808005 -34.147831, 150.816951 -34.141644, 150.825896 -34.135457, 150.834840 -34.129269, 150.843782 -34.123081, 150.852724 -34.116892, 150.861663 -34.110702, 150.870602 -34.104512, 150.879539 -34.098321, 150.888475 -34.092129, 150.897410 -34.085937, 150.906343 -34.079744, 150.915275 -34.073550, 150.924206 -34.067356, 150.933135 -34.061161, 150.942063 -34.054965, 150.950990 -34.048769, 150.959915 -34.042572, 150.968839 -34.036375, 150.977762 -34.030177, 150.986684 -34.023978, 150.995604 -34.017779, 151.004523 -34.011578, 151.013441 -34.005378, 151.022357 -33.999176, 151.031272 -33.992974, 151.040186 -33.986772, 151.049098 -33.980569, 151.058009 -33.974365, 151.066919 -33.968160, 151.075828 -33.961955, 151.084735 -33.955749, 151.093641 -33.949543, 151.102546 -33.943335, 151.111449 -33.937128, 151.120351 -33.930919, 151.129252 -33.924710, 151.138151 -33.918501, 151.147049 -33.912290, 151.155946 -33.906079, 151.164842 -33.899868, 151.173736 -33.893655, 151.182629 -33.887442, 151.191521 -33.881229, 151.200411 -33.875015, 151.209300 -33.868800))
