MULTILINESTRING ((2.295000 48.873000, 2.325009 48.881326, 2.355027 48.889644, 2.385056 48.897954, 2.415095 48.906256, 2.445143 48.914551, 2.475202 48.922838, 2.505271 48.931117, 2.535349 48.939388, 2.565438 48.947651, 2.595536 48.955907, 2.625645 48.964154, 2.655763 48.972394, 2.685891 48.980626, 2.716030 48.988850, 2.746178 48.997066, 2.776336 49.005275, 2.806504 49.013475, 2.836682 49.021668, 2.866870 49.029853, 2.897068 49.038030, 2.927276 49.046199, 2.957494 49.054360, 2.987722 49.062513, 3.017959 49.070659, 3.048207 49.078796, 3.078464 49.086926, 3.108732 49.095047, 3.139009 49.103161, 3.169296 49.111267, 3.199593 49.119365, 3.229900 49.127455, 3.260217 49.135537, 3.290543 49.143611, 3.320880 49.151677, 3.351226 49.159735, 3.381583 49.167786, 3.411949 49.175828, 3.442325 49.183862, 3.472711 49.191889, 3.503107 49.199907, 3.533512 49.207917, 3.563928 49.215920, 3.594353 49.223914, 3.624788 49.231901, 3.655233 49.239879, 3.685688 49.247850, 3.716153 49.255812, 3.746627 49.263766, 3.777112 49.271713, 3.807606 49.279651, 3.838110 49.287581, 3.868623 49.295504, 3.899147 49.303418, 3.929680 49.311324, 3.960223 49.319223, 3.990776 49.327113, 4.021339 49.334995, 4.051912 49.342869, 4.082494 49.350735, 4.113086 49.358593, 4.143688 49.366442, 4.174299 49.374284, 4.204921 49.382118, 4.235552 49.389943, 4.266193 49.397761, 4.296843 49.405570, 4.327504 49.413371, 4.358174 49.421165, 4.388854 49.428950, 4.419543 49.436727, 4.450243 49.444495, 4.480952 49.452256, 4.511671 49.460009, 4.542399 49.467753, 4.573137 49.475489, 4.603885 49.483217, 4.634643 49.490937, 4.665410 49.498649, 4.696187 49.506353, 4.726974 49.514048, 4.757770 49.521736, 4.788576 49.529415, 4.819392 49.537086, 4.850217 49.544748, 4.881053 49.552403, 4.911897 49.560049, 4.942752 49.567687, 4.973616 49.575317, 5.004489 49.582939, 5.035373 49.590553, 5.066266 49.598158, 5.097168 49.605755, 5.128080 49.613344, 5.159002 49.620925, 5.189934 49.628497, 5.220875 49.636061, 5.251826 49.643617, 5.282786 49.651165, 5.313756 49.658704, 5.344735 49.666235, 5.375724 49.673758, 5.406723 49.681273, 5.437731 49.688779, 5.468749 49.696277, 5.499776 49.703767, 5.530813 49.711248, 5.561860 49.718722, 5.592916 49.726186, 5.623981 49.733643, 5.655056 49.741091, 5.686141 49.748531, 5.717235 49.755963, 5.748339 49.763386, 5.779452 49.770801, 5.810575 49.778208, 5.841707 49.785606, 5.872849 49.792996, 5.904000 49.800377, 5.935161 49.807751, 5.966331 49.815116, 5.997511 49.822472, 6.028700 49.829820, 6.059899 49.837160, 6.091107 49.844492, 6.122325 49.851815, 6.153552 49.859129, 6.184788 49.866435, 6.216034 49.873733, 6.247290 49.881023, 6.278555 49.888304, 6.309829 49.895577, 6.341113 49.902841, 6.372406 49.910097, 6.403708 49.917344, 6.435020 49.924583, 6.466342 49.931814, 6.497672 49.939036, 6.529012 49.946249, 6.560362 49.953455, 6.591721 49.960651, 6.623089 49.967840, 6.654467 49.975019, 6.685854 49.982191, 6.717250 49.989354, 6.748656 49.996508, 6.780071 50.003654, 6.811495 50.010792, 6.842929 50.017921, 6.874372 50.025041, 6.905824 50.032153, 6.937286 50.039257, 6.968757 50.046352, 7.000237 50.053438, 7.031726 50.060516, 7.063225 50.067585, 7.094733 50.074646, 7.126251 50.081699, 7.157777 50.088743, 7.189313 50.095778, 7.220858 50.102805, 7.252413 50.109823, 7.283976 50.116833, 7.315549 50.123834, 7.347131 50.130826, 7.378723 50.137810, 7.410323 50.144786, 7.441933 50.151752, 7.473552 50.158711, 7.505180 50.165660, 7.536818 50.172601, 7.568464 50.179534, 7.600120 50.186458, 7.631785 50.193373, 7.663459 50.200280, 7.695142 50.207178, 7.726835 50.214067, 7.758536 50.220948, 7.790247 50.227820, 7.821967 50.234684, 7.853696 50.241538, 7.885434 50.248385, 7.917181 50.255222, 7.948937 50.262051, 7.980703 50.268872, 8.012477 50.275683, 8.044261 50.282486, 8.076054 50.289281, 8.107855 50.296066, 8.139666 50.302843, 8.171486 50.309611, 8.203315 50.316371, 8.235153 50.323122, 8.267000 50.329864, 8.298856 50.336598, 8.330721 50.343322, 8.362595 50.350039, 8.394478 50.356746, 8.426370 50.363445, 8.458272 50.370135, 8.490182 50.376816, 8.522101 50.383488, 8.554029 50.390152, 8.585966 50.396807, 8.617912 50.403453, 8.649867 50.410091, 8.681831 50.416720, 8.713804 50.423340, 8.745785 50.429951, 8.777776 50.436553, 8.809776 50.443147, 8.841784 50.449732, 8.873802 50.456308, 8.905828 50.462875, 8.937863 50.469434, 8.969907 50.475984, 9.001960 50.482525, 9.034022 50.489057, 9.066093 50.495580, 9.098172 50.502095, 9.130261 50.508600, 9.162358 50.515097, 9.194464 50.521585, 9.226579 50.528064, 9.258703 50.534535, 9.290835 50.540996, 9.322976 50.547449, 9.355127 50.553893, 9.387285 50.560328, 9.419453 50.566754, 9.451630 50.573171, 9.483815 50.579580, 9.516009 50.585979, 9.548211 50.592370, 9.580423 50.598752, 9.612643 50.605125, 9.644872 50.611489, 9.677110 50.617844, 9.709356 50.624190, 9.741611 50.630527, 9.773875 50.636856, 9.806147 50.643175, 9.838428 50.649486, 9.870718 50.655788, 9.903016 50.662080, 9.935323 50.668364, 9.967639 50.674639, 9.999963 50.680905, 10.032296 50.687162, 10.064638 50.693410, 10.096988 50.699649, 10.129347 50.705879, 10.161714 50.712100, 10.194090 50.718313, 10.226475 50.724516, 10.258868 50.730710, 10.291269 50.736896, 10.323680 50.743072, 10.356098 50.749239, 10.388526 50.755398, 10.420961 50.761547, 10.453406 50.767687, 10.485859 50.773819, 10.518320 50.779941, 10.550790 50.786054, 10.583268 50.792159, 10.615755 50.798254, 10.648250 50.804340, 10.680754 50.810418, 10.713266 50.816486, 10.745787 50.822545, 10.778316 50.828595, 10.810854 50.834636, 10.843400 50.840668, 10.875954 50.846691, 10.908517 50.852705, 10.941088 50.858710, 10.973667 50.864706, 11.006255 50.870693, 11.038851 50.876670, 11.071456 50.882639, 11.104069 50.888598, 11.136690 50.894549, 11.169320 50.900490, 11.201958 50.906422, 11.234604 50.912345, 11.267259 50.918259, 11.299922 50.924164, 11.332593 50.930060, 11.365272 50.935947, 11.397960 50.941824, 11.430656 50.947693, 11.463360 50.953552, 11.496072 50.959402, 11.528793 50.965243, 11.561522 50.971075, 11.594259 50.976898, 11.627005 50.982711, 11.659758 50.988516, 11.692520 50.994311, 11.725290 51.000097, 11.758068 51.005874, 11.790854 51.011642, 11.823648 51.017400, 11.856451 51.023150, 11.889261 51.028890, 11.922080 51.034621, 11.954907 51.040343, 11.987742 51.046055, 12.020585 51.051759, 12.053436 51.057453, 12.086295 51.063138, 12.119163 51.068814, 12.152038 51.074480, 12.184921 51.080137, 12.217813 51.085786, 12.250712 51.091424, 12.283620 51.097054, 12.316535 51.102675, 12.349459 51.108286, 12.382390 51.113888, 12.415329 51.119480, 12.448277 51.125064, 12.481232 51.130638, 12.514196 51.136203, 12.547167 51.141758, 12.580146 51.147305, 12.613133 51.152842, 12.646128 51.158370, 12.679131 51.163888, 12.712142 51.169397, 12.745161 51.174897, 12.778187 51.180388, 12.811222 51.185869, 12.844264 51.191341, 12.877314 51.196804, 12.910372 51.202257, 12.943438 51.207701, 12.976511 51.213136, 13.009593 51.218562, 13.042682 51.223978, 13.075779 51.229385, 13.108883 51.234782, 13.141996 51.240170, 13.175116 51.245549, 13.208244 51.250918, 13.241380 51.256278, 13.274523 51.261629, 13.307674 51.266970, 13.340833 51.272302, 13.374000 51.277625, 13.407174 51.282938, 13.440356 51.288242, 13.473545 51.293537, 13.506743 51.298822, 13.539948 51.304097, 13.573160 51.309364, 13.606380 51.314621, 13.639608 51.319868, 13.672843 51.325106, 13.706086 51.330335, 13.739336 51.335554, 13.772594 51.340764, 13.805860 51.345965, 13.839133 51.351156, 13.872414 51.356337, 13.905702 51.361510, 13.938997 51.366672, 13.972301 51.371826, 14.005611 51.376970, 14.038929 51.382104, 14.072255 51.387229, 14.105588 51.392345, 14.138929 51.397451, 14.172277 51.402547, 14.205632 51.407634, 14.238995 51.412712, 14.272365 51.417780, 14.305743 51.422839, 14.339128 51.427888, 14.372520 51.432928, 14.405920 51.437958, 14.439327 51.442979, 14.472741 51.447990, 14.506163 51.452992, 14.539592 51.457984, 14.573028 51.462967, 14.606472 51.467940, 14.639923 51.472904, 14.673381 51.477858, 14.706846 51.482803, 14.740319 51.487738, 14.773799 51.492664, 14.807286 51.497580, 14.840781 51.502486, 14.874282 51.507384, 14.907791 51.512271, 14.941307 51.517149, 14.974830 51.522017, 15.008361 51.526876, 15.041898 51.531725, 15.075443 51.536565, 15.108995 51.541395, 15.142553 51.546216, 15.176119 51.551027, 15.209692 51.555828, 15.243273 51.560620, 15.276860 51.565402, 15.310454 51.570175, 15.344055 51.574938, 15.377664 51.579692, 15.411279 51.584435, 15.444901 51.589170, 15.478531 51.593894, 15.512167 51.598609, 15.545811 51.603315, 15.579461 51.608011, 15.613118 51.612697, 15.646782 51.617373, 15.680454 51.622040, 15.714132 51.626698, 15.747817 51.631345, 15.781508 51.635983, 15.815207 51.640612, 15.848913 51.645230, 15.882625 51.649840, 15.916345 51.654439, 15.950071 51.659029, 15.983804 51.663609, 16.017544 51.668179, 16.051290 51.672740, 16.085044 51.677291, 16.118804 51.681833, 16.152571 51.686364, 16.186345 51.690887, 16.220125 51.695399, 16.253912 51.699902, 16.287706 51.704395, 16.321507 51.708878, 16.355314 51.713352, 16.389128 51.717815, 16.422949 51.722270, 16.456776 51.726714, 16.490610 51.731149, 16.524451 51.735574, 16.558298 51.739989, 16.592152 51.744395, 16.626012 51.748791, 16.659879 51.753177, 16.693752 51.757553, 16.727633 51.761920, 16.761519 51.766277, 16.795412 51.770624, 16.829312 51.774962, 16.863218 51.779289, 16.897131 51.783607, 16.931050 51.787916, 16.964976 51.792214, 16.998908 51.796503, 17.032847 51.800782, 17.066792 51.805051, 17.100743 51.809310, 17.134701 51.813560, 17.168665 51.817799, 17.202636 51.822029, 17.236613 51.826250, 17.270597 51.830460, 17.304586 51.834661, 17.338582 51.838851, 17.372585 51.843032, 17.406593 51.847204, 17.440608 51.851365, 17.474630 51.855517, 17.508657 51.859658, 17.542691 51.863790, 17.576731 51.867913, 17.610777 51.872025, 17.644830 51.876127, 17.678889 51.880220, 17.712953 51.884303, 17.747025 51.888376, 17.781102 51.892439, 17.815185 51.896492, 17.849275 51.900536, 17.883370 51.904569, 17.917472 51.908593, 17.951580 51.912607, 17.985694 51.916611, 18.019814 51.920605, 18.053940 51.924590, 18.088072 51.928564, 18.122211 51.932529, 18.156355 51.936483, 18.190505 51.940428, 18.224661 51.944363, 18.258824 51.948288, 18.292992 51.952203, 18.327166 51.956109, 18.361346 51.960004, 18.395532 51.963890, 18.429724 51.967765, 18.463922 51.971631, 18.498126 51.975487, 18.532336 51.979332, 18.566551 51.983168, 18.600772 51.986994, 18.635000 51.990811, 18.669233 51.994617, 18.703472 51.998413, 18.737716 52.002199, 18.771967 52.005976, 18.806223 52.009742, 18.840485 52.013499, 18.874753 52.017245, 18.909026 52.020982, 18.943305 52.024709, 18.977590 52.028425, 19.011881 52.032132, 19.046177 52.035829, 19.080479 52.039516, 19.114786 52.043193, 19.149100 52.046860, 19.183418 52.050517, 19.217743 52.054164, 19.252073 52.057801, 19.286408 52.061428, 19.320750 52.065045, 19.355096 52.068652, 19.389449 52.072249, 19.423806 52.075837, 19.458170 52.079414, 19.492539 52.082981, 19.526913 52.086538, 19.561293 52.090085, 19.595678 52.093622, 19.630069 52.097149, 19.664465 52.100667, 19.698866 52.104174, 19.733273 52.107671, 19.767686 52.111158, 19.802103 52.114635, 19.836526 52.118102, 19.870955 52.121559, 19.905389 52.125006, 19.939828 52.128443, 19.974272 52.131870, 20.008722 52.135287, 20.043177 52.138694, 20.077637 52.142091, 20.112102 52.145478, 20.146573 52.148854, 20.181049 52.152221, 20.215530 52.155578, 20.250016 52.158924, 20.284508 52.162261, 20.319004 52.165587, 20.353506 52.168904, 20.388013 52.172210, 20.422525 52.175506, 20.457042 52.178793, 20.491565 52.182069, 20.526092 52.185335, 20.560624 52.188591, 20.595162 52.191837, 20.629704 52.195072, 20.664252 52.198298, 20.698804 52.201514, 20.733362 52.204719, 20.767924 52.207915, 20.802492 52.211100, 20.837064 52.214275, 20.871642 52.217441, 20.906224 52.220596, 20.940811 52.223740, 20.975403 52.226875, 21.010000 52.230000, 21.041335 52.239533, 21.072684 52.249058, 21.104047 52.258574, 21.135423 52.268082, 21.166812 52.277582, 21.198215 52.287073, 21.229631 52.296556, 21.261061 52.306031, 21.292504 52.315497, 21.323960 52.324955, 21.355430 52.334405, 21.386914 52.343846, 21.418411 52.353279, 21.449921 52.362704, 21.481445 52.372120, 21.512982 52.381528, 21.544533 52.390927, 21.576097 52.400318, 21.607674 52.409701, 21.639265 52.419075, 21.670870 52.428441, 21.702488 52.437798, 21.734119 52.447147, 21.765763 52.456487, 21.797422 52.465819, 21.829093 52.475143, 21.860778 52.484458, 21.892476 52.493764, 21.924188 52.503063, 21.955913 52.512352, 21.987652 52.521633, 22.019404 52.530906, 22.051169 52.540170, 22.082948 52.549426, 22.114740 52.558673, 22.146546 52.567912, 22.178365 52.577142, 22.210197 52.586363, 22.242043 52.595576, 22.273902 52.604781, 22.305775 52.613977, 22.337661 52.623164, 22.369560 52.632343, 22.401473 52.641513, 22.433399 52.650675, 22.465338 52.659828, 22.497291 52.668972, 22.529257 52.678108, 22.561237 52.687236, 22.593230 52.696354, 22.625236 52.705464, 22.657256 52.714566, 22.689289 52.723659, 22.721335 52.732743, 22.753395 52.741818, 22.785468 52.750885, 22.817554 52.759944, 22.849654 52.768993, 22.881767 52.778034, 22.913893 52.787066, 22.946033 52.796090, 22.978186 52.805105, 23.010353 52.814111, 23.042532 52.823109, 23.074725 52.832097, 23.106932 52.841077, 23.139152 52.850049, 23.171385 52.859011, 23.203631 52.867965, 23.235891 52.876910, 23.268163 52.885847, 23.300450 52.894775, 23.332749 52.903693, 23.365062 52.912604, 23.397388 52.921505, 23.429728 52.930398, 23.462080 52.939281, 23.494446 52.948156, 23.526826 52.957023, 23.559218 52.965880, 23.591624 52.974729, 23.624043 52.983568, 23.656475 52.992399, 23.688921 53.001222, 23.721380 53.010035, 23.753852 53.018839, 23.786337 53.027635, 23.818836 53.036422, 23.851348 53.045200, 23.883873 53.053969, 23.916411 53.062729, 23.948962 53.071480, 23.981527 53.080223, 24.014105 53.088956, 24.046696 53.097681, 24.079301 53.106397, 24.111918 53.115103, 24.144549 53.123801, 24.177193 53.132490, 24.209851 53.141170, 24.242521 53.149841, 24.275205 53.158504, 24.307901 53.167157, 24.340611 53.175801, 24.373335 53.184436, 24.406071 53.193063, 24.438820 53.201680, 24.471583 53.210288, 24.504359 53.218888, 24.537148 53.227478, 24.569950 53.236059, 24.602765 53.244632, 24.635594 53.253195, 24.668435 53.261749, 24.701290 53.270295, 24.734158 53.278831, 24.767039 53.287358, 24.799933 53.295876, 24.832840 53.304386, 24.865760 53.312886, 24.898694 53.321377, 24.931640 53.329859, 24.964600 53.338331, 24.997573 53.346795, 25.030558 53.355250, 25.063557 53.363695, 25.096569 53.372132, 25.129594 53.380559, 25.162632 53.388978, 25.195683 53.397387, 25.228748 53.405787, 25.261825 53.414178, 25.294915 53.422559, 25.328018 53.430932, 25.361135 53.439295, 25.394264 53.447650, 25.427407 53.455995, 25.460562 53.464331, 25.493731 53.472657, 25.526912 53.480975, 25.560107 53.489283, 25.593314 53.497582, 25.626535 53.505872, 25.659768 53.514153, 25.693015 53.522424, 25.726274 53.530687, 25.759546 53.538940, 25.792832 53.547184, 25.826130 53.555418, 25.859441 53.563643, 25.892766 53.571860, 25.926103 53.580066, 25.959453 53.588264, 25.992816 53.596452, 26.026192 53.604631, 26.059581 53.612801, 26.092983 53.620961, 26.126398 53.629112, 26.159825 53.637254, 26.193266 53.645386, 26.226719 53.653510, 26.260186 53.661623, 26.293665 53.669728, 26.327157 53.677823, 26.360662 53.685909, 26.394180 53.693985, 26.427710 53.702052, 26.461254 53.710110, 26.494810 53.718158, 26.528379 53.726197, 26.561961 53.734227, 26.595556 53.742247, 26.629164 53.750258, 26.662784 53.758259, 26.696418 53.766251, 26.730064 53.774234, 26.763723 53.782207, 26.797394 53.790170, 26.831079 53.798125, 26.864776 53.806069, 26.898486 53.814005, 26.932209 53.821931, 26.965944 53.829847, 26.999692 53.837754, 27.033453 53.845652, 27.067227 53.853540, 27.101014 53.861418, 27.134813 53.869287, 27.168625 53.877147, 27.202449 53.884997, 27.236287 53.892837, 27.270136 53.900669, 27.303999 53.908490, 27.337874 53.916302, 27.371762 53.924104, 27.405663 53.931897, 27.439576 53.939681, 27.473502 53.947454, 27.507441 53.955219, 27.541392 53.962973, 27.575356 53.970718, 27.609333 53.978454, 27.643322 53.986180, 27.677323 53.993896, 27.711338 54.001603, 27.745365 54.009300, 27.779404 54.016987, 27.813456 54.024665, 27.847521 54.032334, 27.881598 54.039992, 27.915688 54.047641, 27.949790 54.055281, 27.983905 54.062910, 28.018032 54.070530, 28.052172 54.078141, 28.086324 54.085741, 28.120489 54.093332, 28.154666 54.100914, 28.188856 54.108485, 28.223059 54.116047, 28.257273 54.123600, 28.291501 54.131142, 28.325740 54.138675, 28.359993 54.146198, 28.394257 54.153712, 28.428534 54.161215, 28.462824 54.168709, 28.497126 54.176194, 28.531440 54.183668, 28.565767 54.191133, 28.600106 54.198588, 28.634457 54.206033, 28.668821 54.213468, 28.703197 54.220894, 28.737586 54.228310, 28.771987 54.235716, 28.806400 54.243112, 28.840826 54.250498, 28.875264 54.257875, 28.909714 54.265242, 28.944177 54.272599, 28.978651 54.279946, 29.013139 54.287283, 29.047638 54.294611, 29.082150 54.301928, 29.116674 54.309236, 29.151210 54.316534, 29.185758 54.323822, 29.220319 54.331100, 29.254892 54.338369, 29.289477 54.345627, 29.324074 54.352875, 29.358684 54.360114, 29.393306 54.367343, 29.427940 54.374562, 29.462586 54.381771, 29.497244 54.388969, 29.531914 54.396159, 29.566597 54.403338, 29.601292 54.410507, 29.635998 54.417666, 29.670717 54.424815, 29.705448 54.431955, 29.740192 54.439084, 29.774947 54.446203, 29.809714 54.453313, 29.844493 54.460412, 29.879285 54.467502, 29.914088 54.474581, 29.948904 54.481650, 29.983731 54.488710, 30.018571 54.495759, 30.053423 54.502799, 30.088286 54.509828, 30.123162 54.516847, 30.158049 54.523857, 30.192949 54.530856, 30.227860 54.537845, 30.262784 54.544824, 30.297719 54.551793, 30.332666 54.558752, 30.367626 54.565701, 30.402597 54.572640, 30.437580 54.579569, 30.472575 54.586488, 30.507581 54.593396, 30.542600 54.600295, 30.577631 54.607183, 30.612673 54.614061, 30.647727 54.620930, 30.682793 54.627788, 30.717871 54.634635, 30.752961 54.641473, 30.788062 54.648301, 30.823176 54.655118, 30.858301 54.661926, 30.893437 54.668723, 30.928586 54.675510, 30.963746 54.682286, 30.998918 54.689053, 31.034102 54.695809, 31.069298 54.702556, 31.104505 54.709292, 31.139724 54.716017, 31.174954 54.722733, 31.210196 54.729438, 31.245450 54.736134, 31.280716 54.742818, 31.315993 54.749493, 31.351282 54.756158, 31.386582 54.762812, 31.421894 54.769456, 31.457217 54.776089, 31.492553 54.782713, 31.527899 54.789326, 31.563257 54.795929, 31.598627 54.802522, 31.634009 54.809104, 31.669401 54.815676, 31.704806 54.822238, 31.740222 54.828789, 31.775649 54.835330, 31.811088 54.841861, 31.846538 54.848381, 31.882000 54.854892, 31.917473 54.861391, 31.952958 54.867881, 31.988454 54.874360, 32.023961 54.880829, 32.059480 54.887287, 32.095010 54.893735, 32.130552 54.900173, 32.166105 54.906600, 32.201669 54.913017, 32.237244 54.919424, 32.272831 54.925820, 32.308430 54.932206, 32.344039 54.938581, 32.379660 54.944946, 32.415292 54.951300, 32.450935 54.957644, 32.486590 54.963978, 32.522256 54.970301, 32.557933 54.976614, 32.593621 54.982916, 32.629320 54.989208, 32.665031 54.995490, 32.700753 55.001761, 32.736486 55.008021, 32.772230 55.014271, 32.807985 55.020511, 32.843752 55.026740, 32.879529 55.032959, 32.915318 55.039167, 32.951117 55.045364, 32.986928 55.051551, 33.022750 55.057728, 33.058583 55.063894, 33.094427 55.070050, 33.130282 55.076195, 33.166147 55.082329, 33.202024 55.088453, 33.237912 55.094566, 33.273811 55.100669, 33.309721 55.106761, 33.345642 55.112843, 33.381573 55.118914, 33.417516 55.124975, 33.453469 55.131025, 33.489434 55.137064, 33.525409 55.143093, 33.561395 55.149111, 33.597392 55.155119, 33.633400 55.161116, 33.669419 55.167102, 33.705448 55.173078, 33.741488 55.179043, 33.777539 55.184998, 33.813601 55.190942, 33.849674 55.196875, 33.885757 55.202797, 33.921851 55.208709, 33.957956 55.214611, 33.994071 55.220501, 34.030197 55.226381, 34.066334 55.232250, 34.102481 55.238109, 34.138639 55.243957, 34.174808 55.249794, 34.210987 55.255621, 34.247177 55.261437, 34.283378 55.267242, 34.319589 55.273036, 34.355810 55.278820, 34.392043 55.284593, 34.428285 55.290355, 34.464538 55.296106, 34.500802 55.301847, 34.537076 55.307577, 34.573361 55.313296, 34.609656 55.319005, 34.645962 55.324703, 34.682278 55.330390, 34.718604 55.336066, 34.754941 55.341731, 34.791288 55.347386, 34.827646 55.353030, 34.864014 55.358663, 34.900392 55.364285, 34.936781 55.369897, 34.973180 55.375497, 35.009589 55.381087, 35.046008 55.386666, 35.082438 55.392234, 35.118878 55.397792, 35.155328 55.403338, 35.191789 55.408874, 35.228259 55.414399, 35.264740 55.419913, 35.301231 55.425416, 35.337733 55.430908, 35.374244 55.436389, 35.410765 55.441860, 35.447297 55.447320, 35.483839 55.452768, 35.520391 55.458206, 35.556952 55.463633, 35.593524 55.469049, 35.630106 55.474454, 35.666698 55.479849, 35.703300 55.485232, 35.739912 55.490605, 35.776534 55.495966, 35.813166 55.501317, 35.849808 55.506656, 35.886460 55.511985, 35.923122 55.517303, 35.959793 55.522610, 35.996475 55.527905, 36.033166 55.533190, 36.069867 55.538464, 36.106578 55.543727, 36.143299 55.548979, 36.180030 55.554220, 36.216771 55.559450, 36.253521 55.564669, 36.290281 55.569877, 36.327051 55.575074, 36.363830 55.580260, 36.400619 55.585435, 36.437418 55.590599, 36.474227 55.595752, 36.511045 55.600894, 36.547873 55.606025, 36.584710 55.611145, 36.621557 55.616254, 36.658414 55.621351, 36.695280 55.626438, 36.732156 55.631514, 36.769041 55.636578, 36.805936 55.641632, 36.842841 55.646674, 36.879754 55.651706, 36.916678 55.656726, 36.953611 55.661735, 36.990553 55.666733, 37.027505 55.671721, 37.064466 55.676696, 37.101436 55.681661, 37.138416 55.686615, 37.175405 55.691558, 37.212404 55.696489, 37.249412 55.701409, 37.286429 55.706319, 37.323455 55.711217, 37.360491 55.716104, 37.397536 55.720979, 37.434591 55.725844, 37.471654 55.730698, 37.508727 55.735540, 37.545809 55.740371, 37.582900 55.745191, 37.620000 55.750000, 37.657868 55.751901, 37.695739 55.753790, 37.733614 55.755667, 37.771492 55.757533, 37.809374 55.759387, 37.847260 55.761229, 37.885150 55.763060, 37.923042 55.764879, 37.960939 55.766687, 37.998839 55.768483, 38.036742 55.770267, 38.074649 55.772039, 38.112559 55.773800, 38.150473 55.775549, 38.188390 55.777287, 38.226310 55.779013, 38.264234 55.780727, 38.302161 55.782429, 38.340092 55.784120, 38.378025 55.785799, 38.415962 55.787467, 38.453903 55.789123, 38.491846 55.790767, 38.529793 55.792399, 38.567742 55.794020, 38.605695 55.795629, 38.643651 55.797226, 38.681611 55.798812, 38.719573 55.800386, 38.757538 55.801948, 38.795506 55.803499, 38.833478 55.805038, 38.871452 55.806565, 38.909429 55.808080, 38.947410 55.809584, 38.985393 55.811076, 39.023379 55.812557, 39.061368 55.814025, 39.099360 55.815482, 39.137354 55.816927, 39.175352 55.818361, 39.213352 55.819783, 39.251355 55.821193, 39.289361 55.822591, 39.327369 55.823978, 39.365380 55.825353, 39.403394 55.826716, 39.441411 55.828068, 39.479430 55.829408, 39.517451 55.830736, 39.555476 55.832052, 39.593503 55.833357, 39.631532 55.834649, 39.669564 55.835931, 39.707598 55.837200, 39.745635 55.838458, 39.783675 55.839704, 39.821716 55.840938, 39.859761 55.842160, 39.897807 55.843371, 39.935856 55.844570, 39.973907 55.845758, 40.011961 55.846933, 40.050017 55.848097, 40.088075 55.849249, 40.126135 55.850389, 40.164198 55.851518, 40.202263 55.852635, 40.240330 55.853740, 40.278399 55.854833, 40.316470 55.855915, 40.354543 55.856984, 40.392619 55.858042, 40.430696 55.859089, 40.468776 55.860123, 40.506857 55.861146, 40.544941 55.862157, 40.583027 55.863156, 40.621114 55.864144, 40.659203 55.865120, 40.697295 55.866084, 40.735388 55.867036, 40.773483 55.867976, 40.811580 55.868905, 40.849678 55.869822, 40.887779 55.870727, 40.925881 55.871621, 40.963985 55.872502, 41.002091 55.873372, 41.040198 55.874230, 41.078307 55.875076, 41.116418 55.875911, 41.154530 55.876734, 41.192644 55.877545, 41.230760 55.878344, 41.268877 55.879131, 41.306996 55.879907, 41.345116 55.880671, 41.383237 55.881423, 41.421360 55.882164, 41.459485 55.882892, 41.497611 55.883609, 41.535738 55.884314, 41.573867 55.885007, 41.611997 55.885689, 41.650128 55.886358, 41.688261 55.887016, 41.726395 55.887662, 41.764530 55.888297, 41.802667 55.888919, 41.840804 55.889530, 41.878943 55.890129, 41.917083 55.890716, 41.955225 55.891291, 41.993367 55.891855, 42.031510 55.892407, 42.069655 55.892947, 42.107800 55.893475, 42.145947 55.893991, 42.184094 55.894496, 42.222243 55.894989, 42.260392 55.895470, 42.298543 55.895939, 42.336694 55.896396, 42.374846 55.896842, 42.412999 55.897276, 42.451153 55.897698, 42.489308 55.898108, 42.527464 55.898507, 42.565620 55.898894, 42.603777 55.899268, 42.641935 55.899631, 42.680093 55.899983, 42.718253 55.900322, 42.756412 55.900650, 42.794573 55.900966, 42.832734 55.901270, 42.870896 55.901562, 42.909058 55.901843, 42.947221 55.902111, 42.985384 55.902368, 43.023548 55.902613, 43.061712 55.902847, 43.099877 55.903068, 43.138042 55.903278, 43.176207 55.903476, 43.214373 55.903662, 43.252539 55.903836, 43.290706 55.903999, 43.328873 55.904149, 43.367040 55.904288, 43.405207 55.904415, 43.443375 55.904531, 43.481543 55.904634, 43.519711 55.904726, 43.557879 55.904806, 43.596048 55.904874, 43.634216 55.904930, 43.672385 55.904974, 43.710554 55.905007, 43.748722 55.905028, 43.786891 55.905037, 43.825060 55.905034, 43.863229 55.905020, 43.901397 55.904993, 43.939566 55.904955, 43.977735 55.904905, 44.015903 55.904843, 44.054071 55.904770, 44.092240 55.904684, 44.130408 55.904587, 44.168575 55.904478, 44.206743 55.904357, 44.244910 55.904225, 44.283077 55.904080, 44.321244 55.903924, 44.359410 55.903756, 44.397577 55.903576, 44.435742 55.903385, 44.473908 55.903181, 44.512073 55.902966, 44.550237 55.902739, 44.588401 55.902500, 44.626565 55.902250, 44.664728 55.901987, 44.702890 55.901713, 44.741052 55.901427, 44.779214 55.901129, 44.817374 55.900820, 44.855534 55.900498, 44.893694 55.900165, 44.931853 55.899820, 44.970011 55.899463, 45.008168 55.899095, 45.046325 55.898714, 45.084481 55.898322, 45.122636 55.897918, 45.160791 55.897502, 45.198944 55.897075, 45.237097 55.896635, 45.275249 55.896184, 45.313400 55.895721, 45.351550 55.895246, 45.389699 55.894760, 45.427847 55.894262, 45.465994 55.893751, 45.504140 55.893229, 45.542285 55.892696, 45.580429 55.892150, 45.618572 55.891593, 45.656714 55.891024, 45.694854 55.890443, 45.732994 55.889850, 45.771132 55.889246, 45.809269 55.888630, 45.847405 55.888002, 45.885540 55.887362, 45.923673 55.886710, 45.961805 55.886047, 45.999936 55.885372, 46.038065 55.884685, 46.076194 55.883986, 46.114320 55.883275, 46.152446 55.882553, 46.190569 55.881819, 46.228692 55.881073, 46.266813 55.880316, 46.304932 55.879546, 46.343050 55.878765, 46.381166 55.877972, 46.419281 55.877167, 46.457394 55.876351, 46.495506 55.875523, 46.533616 55.874682, 46.571724 55.873831, 46.609831 55.872967, 46.647936 55.872092, 46.686039 55.871205, 46.724140 55.870306, 46.762240 55.869395, 46.800338 55.868473, 46.838434 55.867538, 46.876528 55.866592, 46.914620 55.865635, 46.952711 55.864665, 46.990799 55.863684, 47.028886 55.862691, 47.066970 55.861686, 47.105053 55.860670, 47.143134 55.859641, 47.181212 55.858601, 47.219289 55.857549, 47.257363 55.856486, 47.295436 55.855411, 47.333506 55.854324, 47.371574 55.853225, 47.409640 55.852114, 47.447704 55.850992, 47.485765 55.849858, 47.523825 55.848712, 47.561882 55.847555, 47.599936 55.846385, 47.637989 55.845204, 47.676039 55.844011, 47.714087 55.842807, 47.752132 55.841591, 47.790175 55.840363, 47.828216 55.839123, 47.866254 55.837872, 47.904290 55.836608, 47.942323 55.835333, 47.980354 55.834047, 48.018382 55.832748, 48.056408 55.831438, 48.094431 55.830117, 48.132452 55.828783, 48.170470 55.827438, 48.208485 55.826081, 48.246497 55.824712, 48.284507 55.823332, 48.322514 55.821939, 48.360519 55.820536, 48.398521 55.819120, 48.436520 55.817693, 48.474516 55.816254, 48.512509 55.814803, 48.550500 55.813340, 48.588487 55.811866, 48.626472 55.810380, 48.664454 55.808883, 48.702432 55.807374, 48.740408 55.805853, 48.778381 55.804320, 48.816351 55.802776, 48.854318 55.801220, 48.892282 55.799652, 48.930243 55.798073, 48.968201 55.796481, 49.006155 55.794879, 49.044107 55.793264, 49.082055 55.791638, 49.120000 55.790000, 49.157317 55.794393, 49.194642 55.798774, 49.231976 55.803144, 49.269319 55.807502, 49.306669 55.811850, 49.344028 55.816186, 49.381395 55.820510, 49.418771 55.824824, 49.456155 55.829126, 49.493547 55.833416, 49.530947 55.837696, 49.568355 55.841964, 49.605772 55.846220, 49.643197 55.850466, 49.680630 55.854700, 49.718071 55.858922, 49.755521 55.863133, 49.792978 55.867333, 49.830444 55.871522, 49.867917 55.875699, 49.905399 55.879865, 49.942889 55.884019, 49.980386 55.888162, 50.017892 55.892293, 50.055406 55.896413, 50.092927 55.900522, 50.130457 55.904619, 50.167994 55.908705, 50.205540 55.912780, 50.243093 55.916843, 50.280654 55.920894, 50.318223 55.924934, 50.355800 55.928963, 50.393385 55.932981, 50.430977 55.936986, 50.468577 55.940981, 50.506185 55.944964, 50.543801 55.948935, 50.581424 55.952895, 50.619055 55.956844, 50.656694 55.960781, 50.694340 55.964707, 50.731994 55.968621, 50.769656 55.972524, 50.807325 55.976415, 50.845001 55.980295, 50.882686 55.984163, 50.920378 55.988020, 50.958077 55.991865, 50.995784 55.995699, 51.033498 55.999521, 51.071220 56.003331, 51.108949 56.007131, 51.146685 56.010918, 51.184429 56.014695, 51.222181 56.018459, 51.259939 56.022212, 51.297705 56.025954, 51.335479 56.029684, 51.373259 56.033402, 51.411047 56.037109, 51.448842 56.040805, 51.486644 56.044489, 51.524454 56.048161, 51.562271 56.051822, 51.600095 56.055471, 51.637926 56.059108, 51.675764 56.062734, 51.713609 56.066349, 51.751462 56.069952, 51.789321 56.073543, 51.827187 56.077123, 51.865061 56.080691, 51.902942 56.084247, 51.940829 56.087792, 51.978723 56.091325, 52.016625 56.094847, 52.054533 56.098357, 52.092448 56.101856, 52.130371 56.105342, 52.168299 56.108818, 52.206235 56.112281, 52.244178 56.115733, 52.282127 56.119174, 52.320083 56.122602, 52.358046 56.126019, 52.396016 56.129425, 52.433993 56.132819, 52.471976 56.136201, 52.509965 56.139571, 52.547962 56.142930, 52.585965 56.146277, 52.623974 56.149613, 52.661991 56.152937, 52.700013 56.156249, 52.738043 56.159549, 52.776079 56.162838, 52.814121 56.166115, 52.852170 56.169381, 52.890225 56.172635, 52.928287 56.175877, 52.966355 56.179107, 53.004430 56.182326, 53.042511 56.185533, 53.080598 56.188728, 53.118692 56.191912, 53.156792 56.195083, 53.194898 56.198244, 53.233010 56.201392, 53.271129 56.204529, 53.309254 56.207654, 53.347385 56.210767, 53.385522 56.213868, 53.423666 56.216958, 53.461816 56.220036, 53.499971 56.223103, 53.538133 56.226157, 53.576301 56.229200, 53.614475 56.232231, 53.652655 56.235250, 53.690841 56.238258, 53.729033 56.241254, 53.767231 56.244238, 53.805435 56.247210, 53.843645 56.250171, 53.881861 56.253119, 53.920082 56.256056, 53.958310 56.258981, 53.996543 56.261895, 54.034782 56.264796, 54.073027 56.267686, 54.111278 56.270564, 54.149534 56.273430, 54.187796 56.276285, 54.226064 56.279127, 54.264337 56.281958, 54.302617 56.284777, 54.340901 56.287585, 54.379192 56.290380, 54.417488 56.293164, 54.455789 56.295935, 54.494096 56.298695, 54.532409 56.301443, 54.570727 56.304180, 54.609051 56.306904, 54.647380 56.309617, 54.685714 56.312318, 54.724054 56.315006, 54.762399 56.317684, 54.800750 56.320349, 54.839106 56.323002, 54.877467 56.325644, 54.915834 56.328274, 54.954206 56.330891, 54.992583 56.333497, 55.030965 56.336092, 55.069353 56.338674, 55.107746 56.341244, 55.146144 56.343803, 55.184547 56.346349, 55.222955 56.348884, 55.261368 56.351407, 55.299786 56.353918, 55.338210 56.356417, 55.376638 56.358905, 55.415072 56.361380, 55.453510 56.363843, 55.491953 56.366295, 55.530402 56.368735, 55.568855 56.371163, 55.607313 56.373578, 55.645776 56.375982, 55.684244 56.378375, 55.722716 56.380755, 55.761194 56.383123, 55.799676 56.385479, 55.838163 56.387824, 55.876654 56.390156, 55.915151 56.392477, 55.953652 56.394785, 55.992158 56.397082, 56.030668 56.399367, 56.069183 56.401640, 56.107702 56.403901, 56.146226 56.406150, 56.184755 56.408387, 56.223288 56.410612, 56.261826 56.412825, 56.300368 56.415026, 56.338914 56.417216, 56.377465 56.419393, 56.416021 56.421558, 56.454581 56.423712, 56.493145 56.425853, 56.531713 56.427983, 56.570286 56.430100, 56.608863 56.432206, 56.647444 56.434299, 56.686030 56.436381, 56.724620 56.438451, 56.763214 56.440508, 56.801812 56.442554, 56.840414 56.444588, 56.879020 56.446610, 56.917631 56.448619, 56.956245 56.450617, 56.994864 56.452603, 57.033487 56.454577, 57.072113 56.456538, 57.110744 56.458488, 57.149378 56.460426, 57.188017 56.462352, 57.226659 56.464266, 57.265305 56.466167, 57.303956 56.468057, 57.342610 56.469935, 57.381267 56.471801, 57.419929 56.473655, 57.458594 56.475496, 57.497263 56.477326, 57.535936 56.479144, 57.574613 56.480950, 57.613293 56.482743, 57.651976 56.484525, 57.690664 56.486295, 57.729355 56.488052, 57.768049 56.489798, 57.806748 56.491531, 57.845449 56.493253, 57.884154 56.494962, 57.922863 56.496660, 57.961575 56.498345, 58.000291 56.500019, 58.039010 56.501680, 58.077732 56.503329, 58.116458 56.504967, 58.155186 56.506592, 58.193919 56.508205, 58.232654 56.509806, 58.271393 56.511395, 58.310135 56.512972, 58.348881 56.514537, 58.387629 56.516090, 58.426381 56.517631, 58.465135 56.519160, 58.503893 56.520676, 58.542654 56.522181, 58.581418 56.523674, 58.620185 56.525154, 58.658956 56.526623, 58.697729 56.528079, 58.736505 56.529523, 58.775284 56.530955, 58.814066 56.532376, 58.852851 56.533784, 58.891638 56.535180, 58.930429 56.536564, 58.969222 56.537935, 59.008018 56.539295, 59.046817 56.540643, 59.085619 56.541978, 59.124423 56.543302, 59.163230 56.544613, 59.202040 56.545913, 59.240853 56.547200, 59.279668 56.548475, 59.318485 56.549738, 59.357306 56.550989, 59.396129 56.552228, 59.434954 56.553454, 59.473782 56.554669, 59.512612 56.555872, 59.551445 56.557062, 59.590280 56.558240, 59.629118 56.559407, 59.667958 56.560561, 59.706800 56.561703, 59.745645 56.562833, 59.784492 56.563950, 59.823341 56.565056, 59.862192 56.566150, 59.901046 56.567231, 59.939902 56.568300, 59.978760 56.569358, 60.017621 56.570403, 60.056483 56.571436, 60.095348 56.572457, 60.134214 56.573465, 60.173083 56.574462, 60.211954 56.575447, 60.250827 56.576419, 60.289701 56.577379, 60.328578 56.578327, 60.367457 56.579263, 60.406337 56.580187, 60.445220 56.581099, 60.484104 56.581999, 60.522990 56.582886, 60.561878 56.583761, 60.600768 56.584625, 60.639659 56.585476, 60.678553 56.586315, 60.717448 56.587141, 60.756344 56.587956, 60.795243 56.588759, 60.834143 56.589549, 60.873044 56.590327, 60.911947 56.591093, 60.950852 56.591847, 60.989758 56.592589, 61.028666 56.593319, 61.067575 56.594036, 61.106486 56.594742, 61.145398 56.595435, 61.184312 56.596116, 61.223227 56.596785, 61.262143 56.597442, 61.301061 56.598087, 61.339980 56.598719, 61.378900 56.599339, 61.417822 56.599948, 61.456745 56.600544, 61.495669 56.601128, 61.534594 56.601699, 61.573520 56.602259, 61.612448 56.602806, 61.651376 56.603342, 61.690306 56.603865, 61.729237 56.604376, 61.768169 56.604875, 61.807102 56.605361, 61.846035 56.605836, 61.884970 56.606298, 61.923906 56.606748, 61.962843 56.607186, 62.001780 56.607612, 62.040719 56.608026, 62.079658 56.608428, 62.118598 56.608817, 62.157539 56.609194, 62.196480 56.609559, 62.235423 56.609912, 62.274366 56.610253, 62.313310 56.610582, 62.352254 56.610898, 62.391199 56.611202, 62.430145 56.611494, 62.469091 56.611774, 62.508038 56.612042, 62.546985 56.612298, 62.585933 56.612541, 62.624882 56.612772, 62.663831 56.612991, 62.702780 56.613198, 62.741730 56.613393, 62.780680 56.613576, 62.819630 56.613746, 62.858581 56.613904, 62.897532 56.614051, 62.936483 56.614185, 62.975435 56.614306, 63.014387 56.614416, 63.053339 56.614513, 63.092291 56.614599, 63.131244 56.614672, 63.170197 56.614733, 63.209149 56.614781, 63.248102 56.614818, 63.287055 56.614843, 63.326008 56.614855, 63.364961 56.614855, 63.403914 56.614843, 63.442867 56.614819, 63.481819 56.614782, 63.520772 56.614734, 63.559725 56.614673, 63.598677 56.614600, 63.637630 56.614515, 63.676582 56.614418, 63.715534 56.614308, 63.754485 56.614187, 63.793437 56.614053, 63.832388 56.613907, 63.871339 56.613749, 63.910289 56.613579, 63.949239 56.613396, 63.988189 56.613202, 64.027138 56.612995, 64.066087 56.612776, 64.105035 56.612545, 64.143983 56.612302, 64.182931 56.612046, 64.221878 56.611779, 64.260824 56.611499, 64.299770 56.611207, 64.338715 56.610903, 64.377659 56.610587, 64.416603 56.610259, 64.455546 56.609918, 64.494488 56.609565, 64.533430 56.609200, 64.572371 56.608823, 64.611311 56.608434, 64.650250 56.608033, 64.689189 56.607619, 64.728126 56.607194, 64.767063 56.606756, 64.805999 56.606306, 64.844934 56.605844, 64.883867 56.605369, 64.922800 56.604883, 64.961732 56.604384, 65.000663 56.603874, 65.039593 56.603351, 65.078521 56.602816, 65.117449 56.602268, 65.156375 56.601709, 65.195300 56.601137, 65.234225 56.600554, 65.273147 56.599958, 65.312069 56.599350, 65.350989 56.598730, 65.389908 56.598097, 65.428826 56.597453, 65.467742 56.596796, 65.506657 56.596128, 65.545571 56.595447, 65.584483 56.594754, 65.623394 56.594048, 65.662303 56.593331, 65.701211 56.592602, 65.740117 56.591860, 65.779022 56.591106, 65.817925 56.590340, 65.856827 56.589562, 65.895727 56.588772, 65.934625 56.587970, 65.973522 56.587155, 66.012417 56.586329, 66.051310 56.585490, 66.090202 56.584639, 66.129092 56.583776, 66.167980 56.582901, 66.206866 56.582014, 66.245750 56.581114, 66.284633 56.580203, 66.323513 56.579279, 66.362392 56.578343, 66.401269 56.577395, 66.440143 56.576435, 66.479016 56.575463, 66.517887 56.574479, 66.556756 56.573482, 66.595622 56.572474, 66.634487 56.571453, 66.673349 56.570420, 66.712210 56.569376, 66.751068 56.568319, 66.789924 56.567249, 66.828778 56.566168, 66.867629 56.565075, 66.906479 56.563969, 66.945326 56.562852, 66.984171 56.561722, 67.023013 56.560580, 67.061853 56.559426, 67.100691 56.558260, 67.139526 56.557082, 67.178359 56.555892, 67.217189 56.554690, 67.256017 56.553475, 67.294842 56.552249, 67.333665 56.551010, 67.372485 56.549759, 67.411303 56.548496, 67.450118 56.547222, 67.488931 56.545935, 67.527741 56.544635, 67.566548 56.543324, 67.605352 56.542001, 67.644154 56.540666, 67.682953 56.539318, 67.721749 56.537959, 67.760543 56.536587, 67.799333 56.535203, 67.838121 56.533807, 67.876906 56.532400, 67.915688 56.530980, 67.954467 56.529548, 67.993243 56.528104, 68.032016 56.526647, 68.070786 56.525179, 68.109553 56.523699, 68.148318 56.522206, 68.187079 56.520702, 68.225837 56.519186, 68.264591 56.517657, 68.303343 56.516116, 68.342092 56.514564, 68.380837 56.512999, 68.419579 56.511422, 68.458318 56.509833, 68.497054 56.508232, 68.535786 56.506619, 68.574515 56.504994, 68.613241 56.503357, 68.651963 56.501708, 68.690682 56.500047, 68.729398 56.498374, 68.768110 56.496689, 68.806818 56.494991, 68.845524 56.493282, 68.884225 56.491561, 68.922924 56.489827, 68.961618 56.488082, 69.000309 56.486325, 69.038997 56.484555, 69.077681 56.482774, 69.116361 56.480980, 69.155037 56.479175, 69.193710 56.477357, 69.232379 56.475528, 69.271045 56.473686, 69.309706 56.471833, 69.348364 56.469967, 69.387018 56.468089, 69.425668 56.466200, 69.464315 56.464298, 69.502957 56.462385, 69.541596 56.460459, 69.580230 56.458521, 69.618861 56.456572, 69.657488 56.454610, 69.696110 56.452637, 69.734729 56.450651, 69.773344 56.448653, 69.811954 56.446644, 69.850561 56.444622, 69.889163 56.442589, 69.927761 56.440543, 69.966355 56.438486, 70.004945 56.436416, 70.043531 56.434335, 70.082112 56.432241, 70.120689 56.430136, 70.159262 56.428019, 70.197830 56.425890, 70.236395 56.423748, 70.274954 56.421595, 70.313510 56.419430, 70.352061 56.417253, 70.390608 56.415064, 70.429150 56.412863, 70.467688 56.410650, 70.506221 56.408425, 70.544749 56.406188, 70.583274 56.403939, 70.621793 56.401678, 70.660308 56.399406, 70.698819 56.397121, 70.737324 56.394825, 70.775826 56.392516, 70.814322 56.390196, 70.852814 56.387863, 70.891301 56.385519, 70.929783 56.383163, 70.968260 56.380795, 71.006733 56.378415, 71.045201 56.376023, 71.083664 56.373619, 71.122122 56.371204, 71.160575 56.368776, 71.199024 56.366337, 71.237467 56.363885, 71.275906 56.361422, 71.314339 56.358947, 71.352768 56.356460, 71.391191 56.353961, 71.429610 56.351450, 71.468023 56.348927, 71.506431 56.346393, 71.544834 56.343846, 71.583232 56.341288, 71.621625 56.338718, 71.660013 56.336136, 71.698395 56.333542, 71.736773 56.330936, 71.775145 56.328318, 71.813511 56.325689, 71.851873 56.323047, 71.890229 56.320394, 71.928579 56.317729, 71.966925 56.315052, 72.005265 56.312363, 72.043599 56.309663, 72.081929 56.306950, 72.120252 56.304226, 72.158570 56.301490, 72.196883 56.298742, 72.235190 56.295982, 72.273492 56.293211, 72.311788 56.290427, 72.350079 56.287632, 72.388363 56.284825, 72.426643 56.282006, 72.464916 56.279176, 72.503184 56.276333, 72.541446 56.273479, 72.579703 56.270613, 72.617954 56.267735, 72.656199 56.264846, 72.694438 56.261944, 72.732671 56.259031, 72.770899 56.256106, 72.809121 56.253169, 72.847336 56.250221, 72.885546 56.247260, 72.923750 56.244288, 72.961948 56.241305, 73.000140 56.238309, 73.038327 56.235302, 73.076507 56.232283, 73.114681 56.229252, 73.152849 56.226209, 73.191011 56.223155, 73.229167 56.220089, 73.267316 56.217011, 73.305460 56.213921, 73.343597 56.210820, 73.381729 56.207707, 73.419854 56.204582, 73.457973 56.201445, 73.496085 56.198297, 73.534192 56.195137, 73.572292 56.191966, 73.610385 56.188782, 73.648473 56.185587, 73.686554 56.182380, 73.724628 56.179162, 73.762697 56.175932, 73.800759 56.172690, 73.838814 56.169436, 73.876863 56.166171, 73.914905 56.162894, 73.952941 56.159605, 73.990971 56.156305, 74.028994 56.152993, 74.067010 56.149669, 74.105020 56.146334, 74.143023 56.142987, 74.181020 56.139629, 74.219009 56.136258, 74.256993 56.132876, 74.294969 56.129483, 74.332939 56.126078, 74.370902 56.122661, 74.408858 56.119232, 74.446808 56.115792, 74.484751 56.112340, 74.522687 56.108877, 74.560616 56.105402, 74.598538 56.101915, 74.636453 56.098417, 74.674362 56.094907, 74.712263 56.091385, 74.750158 56.087852, 74.788045 56.084308, 74.825926 56.080751, 74.863800 56.077183, 74.901666 56.073604, 74.939526 56.070013, 74.977378 56.066410, 75.015224 56.062796, 75.053062 56.059170, 75.090893 56.055533, 75.128717 56.051884, 75.166534 56.048223, 75.204344 56.044551, 75.242146 56.040867, 75.279941 56.037172, 75.317729 56.033466, 75.355510 56.029747, 75.393283 56.026017, 75.431050 56.022276, 75.468808 56.018523, 75.506560 56.014759, 75.544304 56.010983, 75.582041 56.007195, 75.619770 56.003396, 75.657492 55.999586, 75.695206 55.995764, 75.732913 55.991930, 75.770612 55.988085, 75.808304 55.984228, 75.845989 55.980360, 75.883666 55.976481, 75.921335 55.972590, 75.958997 55.968687, 75.996651 55.964773, 76.034297 55.960848, 76.071936 55.956911, 76.109567 55.952963, 76.147191 55.949003, 76.184806 55.945031, 76.222414 55.941049, 76.260015 55.937054, 76.297607 55.933049, 76.335192 55.929032, 76.372769 55.925003, 76.410338 55.920963, 76.447899 55.916912, 76.485453 55.912849, 76.522998 55.908775, 76.560536 55.904689, 76.598066 55.900592, 76.635587 55.896483, 76.673101 55.892363, 76.710607 55.888232, 76.748105 55.884089, 76.785595 55.879935, 76.823077 55.875770, 76.860550 55.871593, 76.898016 55.867405, 76.935474 55.863205, 76.972923 55.858994, 77.010364 55.854772, 77.047798 55.850538, 77.085223 55.846293, 77.122639 55.842036, 77.160048 55.837769, 77.197449 55.833489, 77.234841 55.829199, 77.272225 55.824897, 77.309600 55.820584, 77.346968 55.816259, 77.384327 55.811924, 77.421677 55.807576, 77.459020 55.803218, 77.496354 55.798848, 77.533679 55.794467, 77.570997 55.790075, 77.608305 55.785671, 77.645606 55.781256, 77.682897 55.776830, 77.720181 55.772392, 77.757456 55.767944, 77.794722 55.763483, 77.831980 55.759012, 77.869229 55.754529, 77.906470 55.750036, 77.943702 55.745530, 77.980925 55.741014, 78.018140 55.736486, 78.055347 55.731947, 78.092544 55.727397, 78.129733 55.722836, 78.166913 55.718263, 78.204085 55.713680, 78.241247 55.709084, 78.278401 55.704478, 78.315547 55.699861, 78.352683 55.695232, 78.389811 55.690592, 78.426929 55.685941, 78.464039 55.681279, 78.501141 55.676605, 78.538233 55.671921, 78.575316 55.667225, 78.612391 55.662518, 78.649456 55.657800, 78.686513 55.653070, 78.723560 55.648330, 78.760599 55.643578, 78.797629 55.638815, 78.834649 55.634041, 78.871661 55.629256, 78.908663 55.624460, 78.945657 55.619653, 78.982641 55.614834, 79.019616 55.610004, 79.056583 55.605164, 79.093540 55.600312, 79.130488 55.595449, 79.167426 55.590575, 79.204356 55.585689, 79.241276 55.580793, 79.278187 55.575886, 79.315089 55.570967, 79.351982 55.566038, 79.388865 55.561097, 79.425739 55.556146, 79.462604 55.551183, 79.499459 55.546209, 79.536306 55.541224, 79.573142 55.536228, 79.609970 55.531221, 79.646788 55.526203, 79.683596 55.521174, 79.720396 55.516134, 79.757185 55.511083, 79.793966 55.506021, 79.830736 55.500948, 79.867498 55.495863, 79.904250 55.490768, 79.940992 55.485662, 79.977725 55.480545, 80.014448 55.475417, 80.051162 55.470278, 80.087866 55.465128, 80.124560 55.459966, 80.161245 55.454794, 80.197921 55.449611, 80.234586 55.444417, 80.271242 55.439212, 80.307888 55.433996, 80.344525 55.428770, 80.381152 55.423532, 80.417769 55.418283, 80.454377 55.413023, 80.490974 55.407753, 80.527562 55.402471, 80.564140 55.397179, 80.600708 55.391875, 80.637267 55.386561, 80.673816 55.381236, 80.710354 55.375900, 80.746883 55.370553, 80.783402 55.365195, 80.819912 55.359826, 80.856411 55.354447, 80.892900 55.349056, 80.929379 55.343655, 80.965849 55.338243, 81.002308 55.332820, 81.038758 55.327386, 81.075197 55.321941, 81.111627 55.316485, 81.148046 55.311019, 81.184455 55.305542, 81.220855 55.300053, 81.257244 55.294555, 81.293623 55.289045, 81.329992 55.283524, 81.366351 55.277993, 81.402700 55.272451, 81.439038 55.266898, 81.475367 55.261334, 81.511685 55.255760, 81.547993 55.250174, 81.584291 55.244578, 81.620578 55.238971, 81.656856 55.233354, 81.693123 55.227726, 81.729380 55.222086, 81.765626 55.216437, 81.801862 55.210776, 81.838088 55.205105, 81.874304 55.199423, 81.910509 55.193730, 81.946704 55.188026, 81.982889 55.182312, 82.019063 55.176587, 82.055227 55.170852, 82.091380 55.165105, 82.127523 55.159348, 82.163655 55.153581, 82.199777 55.147802, 82.235889 55.142013, 82.271990 55.136214, 82.308080 55.130403, 82.344160 55.124582, 82.380230 55.118750, 82.416289 55.112908, 82.452337 55.107055, 82.488375 55.101191, 82.524402 55.095317, 82.560419 55.089432, 82.596425 55.083537, 82.632421 55.077631, 82.668405 55.071714, 82.704380 55.065787, 82.740343 55.059849, 82.776296 55.053900, 82.812238 55.047941, 82.848169 55.041971, 82.884090 55.035991, 82.920000 55.030000, 82.956014 55.024216, 82.992018 55.018422, 83.028011 55.012617, 83.063994 55.006801, 83.099966 55.000975, 83.135928 54.995138, 83.171880 54.989291, 83.207821 54.983433, 83.243751 54.977564, 83.279671 54.971685, 83.315581 54.965795, 83.351480 54.959895, 83.387368 54.953984, 83.423246 54.948062, 83.459113 54.942130, 83.494970 54.936188, 83.530816 54.930235, 83.566651 54.924271, 83.602476 54.918297, 83.638290 54.912312, 83.674094 54.906316, 83.709887 54.900311, 83.745669 54.894294, 83.781440 54.888267, 83.817201 54.882230, 83.852951 54.876182, 83.888690 54.870124, 83.924419 54.864055, 83.960137 54.857976, 83.995844 54.851886, 84.031540 54.845786, 84.067225 54.839675, 84.102900 54.833554, 84.138563 54.827422, 84.174216 54.821280, 84.209858 54.815127, 84.245490 54.808964, 84.281110 54.802791, 84.316719 54.796607, 84.352318 54.790413, 84.387906 54.784208, 84.423482 54.777993, 84.459048 54.771768, 84.494603 54.765532, 84.530147 54.759285, 84.565679 54.753029, 84.601201 54.746762, 84.636712 54.740484, 84.672212 54.734197, 84.707701 54.727898, 84.743179 54.721590, 84.778645 54.715271, 84.814101 54.708942, 84.849546 54.702602, 84.884979 54.696252, 84.920401 54.689892, 84.955813 54.683521, 84.991213 54.677140, 85.026602 54.670749, 85.061980 54.664348, 85.097347 54.657936, 85.132702 54.651514, 85.168047 54.645081, 85.203380 54.638639, 85.238702 54.632186, 85.274013 54.625722, 85.309312 54.619249, 85.344600 54.612765, 85.379877 54.606271, 85.415143 54.599767, 85.450398 54.593252, 85.485641 54.586727, 85.520873 54.580192, 85.556094 54.573647, 85.591303 54.567092, 85.626501 54.560526, 85.661688 54.553950, 85.696863 54.547364, 85.732027 54.540768, 85.767179 54.534161, 85.802320 54.527545, 85.837450 54.520918, 85.872569 54.514281, 85.907676 54.507633, 85.942771 54.500976, 85.977855 54.494308, 86.012928 54.487631, 86.047989 54.480943, 86.083039 54.474245, 86.118077 54.467537, 86.153103 54.460819, 86.188119 54.454090, 86.223122 54.447352, 86.258114 54.440603, 86.293095 54.433844, 86.328064 54.427076, 86.363022 54.420297, 86.397968 54.413508, 86.432902 54.406709, 86.467825 54.399899, 86.502736 54.393080, 86.537635 54.386251, 86.572523 54.379411, 86.607400 54.372562, 86.642264 54.365703, 86.677117 54.358833, 86.711959 54.351954, 86.746788 54.345064, 86.781606 54.338164, 86.816413 54.331255, 86.851207 54.324335, 86.885990 54.317405, 86.920761 54.310466, 86.955521 54.303516, 86.990268 54.296557, 87.025004 54.289587, 87.059728 54.282607, 87.094441 54.275618, 87.129141 54.268618, 87.163830 54.261609, 87.198507 54.254589, 87.233172 54.247560, 87.267826 54.240521, 87.302467 54.233471, 87.337097 54.226412, 87.371715 54.219343, 87.406321 54.212264, 87.440915 54.205175, 87.475497 54.198076, 87.510068 54.190968, 87.544626 54.183849, 87.579173 54.176720, 87.613707 54.169582, 87.648230 54.162434, 87.682741 54.155276, 87.717240 54.148108, 87.751727 54.140930, 87.786202 54.133742, 87.820665 54.126544, 87.855116 54.119337, 87.889555 54.112120, 87.923982 54.104893, 87.958397 54.097656, 87.992800 54.090409, 88.027191 54.083152, 88.061570 54.075886, 88.095936 54.068610, 88.130291 54.061324, 88.164634 54.054028, 88.198965 54.046723, 88.233283 54.039408, 88.267590 54.032083, 88.301884 54.024748, 88.336167 54.017403, 88.370437 54.010049, 88.404695 54.002685, 88.438941 53.995311, 88.473175 53.987928, 88.507397 53.980535, 88.541606 53.973132, 88.575804 53.965719, 88.609989 53.958297, 88.644162 53.950865, 88.678323 53.943423, 88.712472 53.935971, 88.746608 53.928510, 88.780732 53.921039, 88.814844 53.913559, 88.848944 53.906069, 88.883032 53.898569, 88.917107 53.891060, 88.951170 53.883541, 88.985221 53.876012, 89.019260 53.868473, 89.053286 53.860925, 89.087300 53.853368, 89.121302 53.845801, 89.155291 53.838224, 89.189268 53.830637, 89.223233 53.823041, 89.257185 53.815436, 89.291126 53.807821, 89.325053 53.800196, 89.358969 53.792561, 89.392872 53.784918, 89.426763 53.777264, 89.460641 53.769601, 89.494507 53.761928, 89.528361 53.754246, 89.562202 53.746555, 89.596031 53.738854, 89.629847 53.731143, 89.663651 53.723423, 89.697443 53.715693, 89.731222 53.707954, 89.764989 53.700205, 89.798743 53.692447, 89.832485 53.684679, 89.866215 53.676902, 89.899932 53.669115, 89.933636 53.661319, 89.967328 53.653514, 90.001008 53.645698, 90.034675 53.637874, 90.068329 53.630040, 90.101971 53.622197, 90.135601 53.614344, 90.169218 53.606482, 90.202823 53.598610, 90.236415 53.590729, 90.269994 53.582839, 90.303561 53.574939, 90.337115 53.567030, 90.370657 53.559111, 90.404186 53.551183, 90.437703 53.543246, 90.471207 53.535299, 90.504699 53.527343, 90.538178 53.519377, 90.571644 53.511402, 90.605098 53.503418, 90.638539 53.495425, 90.671967 53.487422, 90.705383 53.479410, 90.738787 53.471388, 90.772177 53.463358, 90.805555 53.455318, 90.838921 53.447268, 90.872273 53.439210, 90.905613 53.431142, 90.938941 53.423064, 90.972255 53.414978, 91.005558 53.406882, 91.038847 53.398777, 91.072124 53.390663, 91.105388 53.382539, 91.138639 53.374407, 91.171878 53.366265, 91.205103 53.358113, 91.238317 53.349953, 91.271517 53.341783, 91.304705 53.333604, 91.337880 53.325416, 91.371042 53.317219, 91.404192 53.309013, 91.437328 53.300797, 91.470452 53.292572, 91.503564 53.284338, 91.536662 53.276095, 91.569748 53.267842, 91.602821 53.259581, 91.635881 53.251310, 91.668928 53.243031, 91.701963 53.234742, 91.734985 53.226444, 91.767994 53.218136, 91.800990 53.209820, 91.833973 53.201495, 91.866944 53.193160, 91.899901 53.184817, 91.932846 53.176464, 91.965778 53.168102, 91.998698 53.159731, 92.031604 53.151351, 92.064497 53.142962, 92.097378 53.134564, 92.130246 53.126157, 92.163101 53.117741, 92.195943 53.109316, 92.228772 53.100882, 92.261589 53.092438, 92.294392 53.083986, 92.327183 53.075525, 92.359960 53.067055, 92.392725 53.058575, 92.425477 53.050087, 92.458216 53.041590, 92.490942 53.033083, 92.523655 53.024568, 92.556355 53.016044, 92.589043 53.007511, 92.621717 52.998969, 92.654378 52.990417, 92.687027 52.981857, 92.719662 52.973288, 92.752285 52.964710, 92.784895 52.956124, 92.817491 52.947528, 92.850075 52.938923, 92.882646 52.930310, 92.915204 52.921687, 92.947749 52.913056, 92.980280 52.904415, 93.012799 52.895766, 93.045305 52.887108, 93.077798 52.878441, 93.110278 52.869766, 93.142745 52.861081, 93.175199 52.852387, 93.207640 52.843685, 93.240068 52.834974, 93.272483 52.826254, 93.304885 52.817525, 93.337274 52.808787, 93.369649 52.800041, 93.402012 52.791286, 93.434362 52.782522, 93.466699 52.773749, 93.499023 52.764967, 93.531333 52.756177, 93.563631 52.747378, 93.595915 52.738570, 93.628187 52.729753, 93.660445 52.720927, 93.692691 52.712093, 93.724923 52.703250, 93.757143 52.694398, 93.789349 52.685538, 93.821542 52.676669, 93.853722 52.667791, 93.885889 52.658904, 93.918043 52.650009, 93.950184 52.641105, 93.982312 52.632192, 94.014426 52.623271, 94.046528 52.614341, 94.078616 52.605402, 94.110692 52.596455, 94.142754 52.587499, 94.174803 52.578534, 94.206839 52.569561, 94.238862 52.560579, 94.270872 52.551588, 94.302868 52.542589, 94.334852 52.533581, 94.366822 52.524564, 94.398780 52.515539, 94.430724 52.506505, 94.462655 52.497463, 94.494573 52.488412, 94.526478 52.479353, 94.558369 52.470285, 94.590248 52.461208, 94.622113 52.452123, 94.653965 52.443029, 94.685804 52.433927, 94.717630 52.424816, 94.749443 52.415696, 94.781242 52.406568, 94.813029 52.397432, 94.844802 52.388287, 94.876562 52.379133, 94.908309 52.369971, 94.940043 52.360801, 94.971763 52.351622, 95.003470 52.342434, 95.035165 52.333238, 95.066846 52.324034, 95.098513 52.314821, 95.130168 52.305600, 95.161809 52.296370, 95.193438 52.287131, 95.225053 52.277885, 95.256655 52.268629, 95.288243 52.259366, 95.319819 52.250094, 95.351381 52.240813, 95.382930 52.231524, 95.414466 52.222227, 95.445988 52.212921, 95.477498 52.203607, 95.508994 52.194285, 95.540477 52.184954, 95.571947 52.175615, 95.603403 52.166267, 95.634847 52.156911, 95.666277 52.147547, 95.697694 52.138174, 95.729097 52.128793, 95.760488 52.119404, 95.791865 52.110006, 95.823229 52.100600, 95.854580 52.091186, 95.885917 52.081763, 95.917242 52.072332, 95.948553 52.062893, 95.979851 52.053445, 96.011135 52.043990, 96.042406 52.034525, 96.073665 52.025053, 96.104909 52.015572, 96.136141 52.006083, 96.167359 51.996586, 96.198564 51.987081, 96.229756 51.977567, 96.260935 51.968045, 96.292100 51.958515, 96.323252 51.948977, 96.354391 51.939430, 96.385517 51.929875, 96.416629 51.920312, 96.447728 51.910741, 96.478814 51.901162, 96.509887 51.891574, 96.540946 51.881979, 96.571992 51.872375, 96.603025 51.862763, 96.634044 51.853142, 96.665050 51.843514, 96.696043 51.833877, 96.727023 51.824233, 96.757990 51.814580, 96.788943 51.804919, 96.819883 51.795250, 96.850809 51.785573, 96.881723 51.775887, 96.912623 51.766194, 96.943510 51.756492, 96.974383 51.746783, 97.005243 51.737065, 97.036090 51.727339, 97.066924 51.717606, 97.097745 51.707864, 97.128552 51.698114, 97.159346 51.688356, 97.190126 51.678590, 97.220894 51.668816, 97.251648 51.659033, 97.282388 51.649243, 97.313116 51.639445, 97.343830 51.629639, 97.374531 51.619825, 97.405219 51.610003, 97.435893 51.600172, 97.466554 51.590334, 97.497202 51.580488, 97.527836 51.570634, 97.558458 51.560772, 97.589066 51.550902, 97.619660 51.541024, 97.650242 51.531138, 97.680810 51.521244, 97.711365 51.511342, 97.741906 51.501432, 97.772434 51.491514, 97.802949 51.481588, 97.833451 51.471655, 97.863939 51.461713, 97.894414 51.451764, 97.924876 51.441807, 97.955325 51.431841, 97.985760 51.421868, 98.016182 51.411887, 98.046591 51.401899, 98.076986 51.391902, 98.107368 51.381897, 98.137737 51.371885, 98.168092 51.361865, 98.198435 51.351837, 98.228764 51.341801, 98.259079 51.331757, 98.289382 51.321705, 98.319671 51.311646, 98.349947 51.301579, 98.380209 51.291504, 98.410458 51.281421, 98.440694 51.271330, 98.470917 51.261232, 98.501127 51.251126, 98.531323 51.241012, 98.561506 51.230890, 98.591675 51.220761, 98.621831 51.210623, 98.651974 51.200479, 98.682104 51.190326, 98.712221 51.180165, 98.742324 51.169997, 98.772414 51.159821, 98.802490 51.149638, 98.832554 51.139447, 98.862604 51.129248, 98.892641 51.119041, 98.922664 51.108826, 98.952674 51.098604, 98.982671 51.088375, 99.012655 51.078137, 99.042626 51.067892, 99.072583 51.057639, 99.102527 51.047379, 99.132457 51.037111, 99.162375 51.026835, 99.192279 51.016552, 99.222170 51.006261, 99.252047 50.995962, 99.281911 50.985656, 99.311762 50.975342, 99.341600 50.965021, 99.371425 50.954692, 99.401236 50.944355, 99.431034 50.934011, 99.460819 50.923659, 99.490590 50.913300, 99.520349 50.902933, 99.550094 50.892559, 99.579825 50.882177, 99.609544 50.871787, 99.639249 50.861390, 99.668941 50.850985, 99.698620 50.840573, 99.728285 50.830153, 99.757937 50.819726, 99.787576 50.809291, 99.817202 50.798849, 99.846815 50.788399, 99.876414 50.777942, 99.906000 50.767477, 99.935573 50.757005, 99.965132 50.746526, 99.994679 50.736038, 100.024212 50.725544, 100.053732 50.715042, 100.083238 50.704532, 100.112732 50.694015, 100.142212 50.683491, 100.171679 50.672959, 100.201132 50.662420, 100.230573 50.651873, 100.260000 50.641319, 100.289414 50.630757, 100.318815 50.620189, 100.348203 50.609612, 100.377577 50.599029, 100.406938 50.588438, 100.436286 50.577839, 100.465621 50.567233, 100.494943 50.556620, 100.524251 50.546000, 100.553546 50.535372, 100.582828 50.524736, 100.612097 50.514094, 100.641352 50.503444, 100.670595 50.492787, 100.699824 50.482122, 100.729040 50.471450, 100.758243 50.460771, 100.787432 50.450085, 100.816609 50.439391, 100.845772 50.428690, 100.874922 50.417981, 100.904059 50.407266, 100.933182 50.396543, 100.962293 50.385813, 100.991390 50.375075, 101.020474 50.364330, 101.049545 50.353578, 101.078603 50.342819, 101.107648 50.332053, 101.136679 50.321279, 101.165698 50.310498, 101.194703 50.299710, 101.223695 50.288915, 101.252674 50.278112, 101.281639 50.267302, 101.310592 50.256486, 101.339531 50.245661, 101.368457 50.234830, 101.397371 50.223992, 101.426271 50.213146, 101.455157 50.202293, 101.484031 50.191433, 101.512892 50.180566, 101.541739 50.169692, 101.570573 50.158810, 101.599394 50.147922, 101.628203 50.137026, 101.656997 50.126123, 101.685779 50.115213, 101.714548 50.104296, 101.743303 50.093372, 101.772046 50.082441, 101.800775 50.071503, 101.829491 50.060557, 101.858195 50.049605, 101.886885 50.038645, 101.915562 50.027679, 101.944225 50.016705, 101.972876 50.005724, 102.001514 49.994736, 102.030138 49.983741, 102.058750 49.972740, 102.087348 49.961731, 102.115933 49.950715, 102.144506 49.939692, 102.173065 49.928662, 102.201611 49.917625, 102.230144 49.906581, 102.258664 49.895530, 102.287171 49.884472, 102.315665 49.873407, 102.344145 49.862335, 102.372613 49.851256, 102.401068 49.840170, 102.429509 49.829077, 102.457938 49.817977, 102.486353 49.806871, 102.514756 49.795757, 102.543145 49.784636, 102.571522 49.773509, 102.599885 49.762374, 102.628235 49.751233, 102.656573 49.740084, 102.684897 49.728929, 102.713208 49.717767, 102.741506 49.706598, 102.769792 49.695422, 102.798064 49.684239, 102.826323 49.673049, 102.854569 49.661853, 102.882803 49.650649, 102.911023 49.639439, 102.939230 49.628222, 102.967424 49.616998, 102.995606 49.605767, 103.023774 49.594529, 103.051929 49.583285, 103.080071 49.572033, 103.108201 49.560775, 103.136317 49.549510, 103.164420 49.538238, 103.192511 49.526960, 103.220588 49.515674, 103.248653 49.504382, 103.276704 49.493083, 103.304743 49.481777, 103.332769 49.470465, 103.360781 49.459146, 103.388781 49.447820, 103.416768 49.436487, 103.444742 49.425147, 103.472703 49.413801, 103.500651 49.402448, 103.528586 49.391088, 103.556508 49.379722, 103.584417 49.368348, 103.612314 49.356968, 103.640197 49.345582, 103.668068 49.334188, 103.695925 49.322788, 103.723770 49.311382, 103.751602 49.299968, 103.779421 49.288548, 103.807227 49.277121, 103.835020 49.265688, 103.862800 49.254248, 103.890568 49.242801, 103.918322 49.231347, 103.946064 49.219887, 103.973793 49.208421, 104.001509 49.196947, 104.029212 49.185467, 104.056902 49.173981, 104.084579 49.162487, 104.112244 49.150988, 104.139896 49.139481, 104.167534 49.127968, 104.195160 49.116449, 104.222774 49.104922, 104.250374 49.093390, 104.277961 49.081850, 104.305536 49.070304, 104.333098 49.058752, 104.360647 49.047193, 104.388183 49.035627, 104.415707 49.024055, 104.443217 49.012476, 104.470715 49.000891, 104.498200 48.989299, 104.525673 48.977701, 104.553132 48.966096, 104.580579 48.954485, 104.608013 48.942867, 104.635434 48.931242, 104.662842 48.919611, 104.690238 48.907974, 104.717621 48.896330, 104.744991 48.884680, 104.772348 48.873023, 104.799693 48.861360, 104.827025 48.849690, 104.854344 48.838014, 104.881650 48.826331, 104.908944 48.814642, 104.936225 48.802947, 104.963493 48.791245, 104.990748 48.779536, 105.017991 48.767822, 105.045221 48.756100, 105.072439 48.744373, 105.099643 48.732639, 105.126835 48.720898, 105.154014 48.709151, 105.181181 48.697398, 105.208335 48.685639, 105.235476 48.673873, 105.262604 48.662100, 105.289720 48.650322, 105.316823 48.638536, 105.343914 48.626745, 105.370992 48.614947, 105.398057 48.603143, 105.425110 48.591333, 105.452149 48.579516, 105.479177 48.567693, 105.506191 48.555863, 105.533193 48.544027, 105.560183 48.532185, 105.587159 48.520337, 105.614123 48.508482, 105.641075 48.496621, 105.668014 48.484754, 105.694940 48.472880, 105.721854 48.461001, 105.748755 48.449114, 105.775643 48.437222, 105.802519 48.425323, 105.829382 48.413419, 105.856233 48.401507, 105.883071 48.389590, 105.909897 48.377666, 105.936710 48.365737, 105.963510 48.353800, 105.990298 48.341858, 106.017074 48.329910, 106.043836 48.317955, 106.070587 48.305994, 106.097324 48.294027, 106.124049 48.282053, 106.150762 48.270074, 106.177462 48.258088, 106.204150 48.246096, 106.230825 48.234098, 106.257487 48.222094, 106.284138 48.210084, 106.310775 48.198067, 106.337400 48.186044, 106.364013 48.174016, 106.390613 48.161981, 106.417200 48.149939, 106.443776 48.137892, 106.470338 48.125839, 106.496888 48.113779, 106.523426 48.101714, 106.549951 48.089642, 106.576464 48.077564, 106.602965 48.065480, 106.629453 48.053390, 106.655928 48.041294, 106.682391 48.029192, 106.708842 48.017084, 106.735280 48.004970, 106.761706 47.992849, 106.788119 47.980723, 106.814520 47.968590, 106.840909 47.956452, 106.867285 47.944307, 106.893649 47.932157, 106.920000 47.920000, 106.942160 47.904527, 106.964308 47.889049, 106.986442 47.873567, 107.008563 47.858081, 107.030670 47.842591, 107.052764 47.827096, 107.074846 47.811597, 107.096914 47.796094, 107.118968 47.780587, 107.141010 47.765075, 107.163039 47.749560, 107.185054 47.734040, 107.207056 47.718515, 107.229046 47.702987, 107.251022 47.687454, 107.272985 47.671918, 107.294935 47.656377, 107.316871 47.640832, 107.338795 47.625282, 107.360706 47.609729, 107.382604 47.594171, 107.404488 47.578609, 107.426360 47.563043, 107.448219 47.547473, 107.470064 47.531899, 107.491897 47.516321, 107.513717 47.500738, 107.535524 47.485151, 107.557318 47.469560, 107.579099 47.453965, 107.600867 47.438366, 107.622622 47.422763, 107.644364 47.407156, 107.666094 47.391544, 107.687810 47.375929, 107.709514 47.360309, 107.731204 47.344685, 107.752882 47.329058, 107.774548 47.313426, 107.796200 47.297790, 107.817839 47.282150, 107.839466 47.266506, 107.861080 47.250857, 107.882681 47.235205, 107.904270 47.219549, 107.925845 47.203888, 107.947408 47.188224, 107.968958 47.172556, 107.990496 47.156883, 108.012021 47.141207, 108.033533 47.125526, 108.055032 47.109841, 108.076519 47.094153, 108.097993 47.078460, 108.119454 47.062764, 108.140903 47.047063, 108.162339 47.031358, 108.183763 47.015650, 108.205174 46.999937, 108.226572 46.984220, 108.247958 46.968500, 108.269331 46.952775, 108.290692 46.937047, 108.312040 46.921314, 108.333376 46.905578, 108.354699 46.889837, 108.376009 46.874093, 108.397307 46.858344, 108.418593 46.842592, 108.439866 46.826836, 108.461126 46.811076, 108.482375 46.795311, 108.503610 46.779543, 108.524833 46.763771, 108.546044 46.747995, 108.567243 46.732216, 108.588429 46.716432, 108.609602 46.700644, 108.630764 46.684853, 108.651912 46.669057, 108.673049 46.653258, 108.694173 46.637455, 108.715285 46.621648, 108.736385 46.605837, 108.757472 46.590022, 108.778547 46.574203, 108.799609 46.558380, 108.820659 46.542554, 108.841698 46.526724, 108.862723 46.510889, 108.883737 46.495051, 108.904738 46.479209, 108.925727 46.463364, 108.946704 46.447514, 108.967669 46.431661, 108.988621 46.415804, 109.009561 46.399942, 109.030490 46.384078, 109.051405 46.368209, 109.072309 46.352336, 109.093201 46.336460, 109.114080 46.320580, 109.134948 46.304696, 109.155803 46.288808, 109.176646 46.272917, 109.197477 46.257022, 109.218296 46.241123, 109.239103 46.225220, 109.259898 46.209313, 109.280681 46.193403, 109.301452 46.177489, 109.322211 46.161571, 109.342958 46.145649, 109.363692 46.129724, 109.384415 46.113795, 109.405126 46.097862, 109.425825 46.081925, 109.446512 46.065985, 109.467187 46.050041, 109.487850 46.034093, 109.508501 46.018141, 109.529140 46.002186, 109.549768 45.986227, 109.570383 45.970264, 109.590987 45.954298, 109.611578 45.938328, 109.632158 45.922354, 109.652726 45.906377, 109.673282 45.890395, 109.693826 45.874411, 109.714359 45.858422, 109.734880 45.842430, 109.755388 45.826434, 109.775886 45.810435, 109.796371 45.794431, 109.816844 45.778424, 109.837306 45.762414, 109.857756 45.746400, 109.878195 45.730382, 109.898621 45.714361, 109.919036 45.698335, 109.939439 45.682307, 109.959831 45.666274, 109.980211 45.650238, 110.000579 45.634199, 110.020935 45.618156, 110.041280 45.602109, 110.061613 45.586058, 110.081935 45.570004, 110.102245 45.553947, 110.122543 45.537885, 110.142830 45.521821, 110.163105 45.505752, 110.183369 45.489680, 110.203621 45.473605, 110.223862 45.457525, 110.244090 45.441443, 110.264308 45.425356, 110.284514 45.409266, 110.304708 45.393173, 110.324891 45.377076, 110.345063 45.360975, 110.365223 45.344871, 110.385371 45.328764, 110.405508 45.312653, 110.425634 45.296538, 110.445748 45.280420, 110.465850 45.264298, 110.485942 45.248173, 110.506022 45.232044, 110.526090 45.215911, 110.546147 45.199776, 110.566193 45.183636, 110.586227 45.167493, 110.606250 45.151347, 110.626262 45.135197, 110.646262 45.119044, 110.666251 45.102887, 110.686229 45.086727, 110.706196 45.070563, 110.726151 45.054396, 110.746094 45.038225, 110.766027 45.022051, 110.785948 45.005873, 110.805858 44.989692, 110.825757 44.973507, 110.845645 44.957319, 110.865521 44.941128, 110.885386 44.924933, 110.905240 44.908734, 110.925083 44.892532, 110.944915 44.876327, 110.964735 44.860118, 110.984544 44.843906, 111.004342 44.827691, 111.024129 44.811472, 111.043905 44.795249, 111.063670 44.779024, 111.083424 44.762794, 111.103166 44.746562, 111.122898 44.730326, 111.142618 44.714086, 111.162327 44.697844, 111.182026 44.681597, 111.201713 44.665348, 111.221389 44.649095, 111.241054 44.632839, 111.260708 44.616579, 111.280351 44.600316, 111.299983 44.584049, 111.319605 44.567780, 111.339215 44.551507, 111.358814 44.535230, 111.378402 44.518950, 111.397980 44.502667, 111.417546 44.486381, 111.437101 44.470091, 111.456646 44.453797, 111.476179 44.437501, 111.495702 44.421201, 111.515214 44.404898, 111.534715 44.388591, 111.554205 44.372282, 111.573684 44.355968, 111.593153 44.339652, 111.612610 44.323332, 111.632057 44.307009, 111.651493 44.290683, 111.670918 44.274353, 111.690333 44.258020, 111.709736 44.241684, 111.729129 44.225344, 111.748511 44.209002, 111.767882 44.192656, 111.787243 44.176306, 111.806593 44.159954, 111.825932 44.143598, 111.845260 44.127239, 111.864578 44.110876, 111.883885 44.094511, 111.903181 44.078142, 111.922467 44.061770, 111.941742 44.045394, 111.961006 44.029016, 111.980259 44.012634, 111.999502 43.996249, 112.018735 43.979861, 112.037957 43.963469, 112.057168 43.947074, 112.076368 43.930676, 112.095558 43.914275, 112.114738 43.897871, 112.133907 43.881463, 112.153065 43.865052, 112.172213 43.848638, 112.191350 43.832221, 112.210476 43.815801, 112.229593 43.799377, 112.248698 43.782951, 112.267793 43.766521, 112.286878 43.750088, 112.305952 43.733651, 112.325016 43.717212, 112.344069 43.700769, 112.363112 43.684323, 112.382144 43.667874, 112.401166 43.651422, 112.420178 43.634967, 112.439179 43.618509, 112.458170 43.602047, 112.477150 43.585582, 112.496120 43.569115, 112.515079 43.552644, 112.534029 43.536170, 112.552967 43.519692, 112.571896 43.503212, 112.590814 43.486729, 112.609722 43.470242, 112.628620 43.453752, 112.647507 43.437260, 112.666384 43.420764, 112.685250 43.404265, 112.704107 43.387763, 112.722953 43.371257, 112.741789 43.354749, 112.760614 43.338238, 112.779430 43.321723, 112.798235 43.305206, 112.817030 43.288685, 112.835815 43.272161, 112.854589 43.255634, 112.873353 43.239105, 112.892108 43.222572, 112.910852 43.206036, 112.929585 43.189497, 112.948309 43.172955, 112.967023 43.156409, 112.985726 43.139861, 113.004419 43.123310, 113.023102 43.106756, 113.041776 43.090198, 113.060439 43.073638, 113.079091 43.057075, 113.097734 43.040508, 113.116367 43.023939, 113.134990 43.007366, 113.153602 42.990791, 113.172205 42.974212, 113.190797 42.957631, 113.209380 42.941046, 113.227953 42.924459, 113.246515 42.907868, 113.265068 42.891275, 113.283610 42.874678, 113.302143 42.858079, 113.320666 42.841476, 113.339178 42.824871, 113.357681 42.808262, 113.376174 42.791651, 113.394657 42.775037, 113.413130 42.758419, 113.431593 42.741799, 113.450046 42.725176, 113.468489 42.708549, 113.486923 42.691920, 113.505346 42.675288, 113.523760 42.658653, 113.542164 42.642015, 113.560558 42.625374, 113.578942 42.608730, 113.597316 42.592083, 113.615681 42.575433, 113.634035 42.558780, 113.652380 42.542125, 113.670715 42.525466, 113.689041 42.508805, 113.707356 42.492140, 113.725662 42.475473, 113.743958 42.458803, 113.762245 42.442129, 113.780521 42.425453, 113.798788 42.408774, 113.817045 42.392092, 113.835293 42.375408, 113.853530 42.358720, 113.871759 42.342029, 113.889977 42.325336, 113.908186 42.308640, 113.926385 42.291940, 113.944574 42.275238, 113.962754 42.258533, 113.980924 42.241826, 113.999085 42.225115, 114.017236 42.208401, 114.035377 42.191685, 114.053509 42.174966, 114.071631 42.158244, 114.089744 42.141519, 114.107847 42.124791, 114.125940 42.108060, 114.144024 42.091327, 114.162098 42.074590, 114.180163 42.057851, 114.198218 42.041109, 114.216264 42.024364, 114.234301 42.007616, 114.252327 41.990866, 114.270345 41.974113, 114.288352 41.957357, 114.306351 41.940598, 114.324340 41.923836, 114.342319 41.907071, 114.360289 41.890304, 114.378250 41.873534, 114.396201 41.856761, 114.414143 41.839985, 114.432075 41.823207, 114.449998 41.806425, 114.467912 41.789641, 114.485816 41.772854, 114.503711 41.756065, 114.521596 41.739272, 114.539472 41.722477, 114.557339 41.705679, 114.575196 41.688878, 114.593045 41.672075, 114.610883 41.655269, 114.628713 41.638459, 114.646533 41.621648, 114.664344 41.604833, 114.682145 41.588016, 114.699938 41.571196, 114.717721 41.554373, 114.735495 41.537548, 114.753259 41.520719, 114.771015 41.503888, 114.788761 41.487055, 114.806498 41.470218, 114.824225 41.453379, 114.841944 41.436537, 114.859653 41.419693, 114.877353 41.402845, 114.895044 41.385995, 114.912726 41.369143, 114.930398 41.352287, 114.948062 41.335429, 114.965716 41.318568, 114.983361 41.301705, 115.000997 41.284839, 115.018624 41.267970, 115.036242 41.251098, 115.053851 41.234224, 115.071450 41.217347, 115.089041 41.200467, 115.106622 41.183585, 115.124195 41.166700, 115.141758 41.149812, 115.159312 41.132922, 115.176858 41.116029, 115.194394 41.099133, 115.211921 41.082235, 115.229439 41.065334, 115.246949 41.048430, 115.264449 41.031524, 115.281940 41.014615, 115.299422 40.997704, 115.316896 40.980790, 115.334360 40.963873, 115.351815 40.946953, 115.369262 40.930031, 115.386699 40.913107, 115.404128 40.896179, 115.421548 40.879249, 115.438958 40.862317, 115.456360 40.845381, 115.473753 40.828444, 115.491137 40.811503, 115.508512 40.794560, 115.525879 40.777615, 115.543236 40.760666, 115.560585 40.743716, 115.577925 40.726762, 115.595255 40.709806, 115.612578 40.692847, 115.629891 40.675886, 115.647195 40.658922, 115.664491 40.641956, 115.681778 40.624987, 115.699056 40.608016, 115.716325 40.591042, 115.733586 40.574065, 115.750838 40.557086, 115.768081 40.540104, 115.785315 40.523120, 115.802541 40.506133, 115.819758 40.489143, 115.836966 40.472151, 115.854165 40.455157, 115.871356 40.438159, 115.888538 40.421160, 115.905712 40.404158, 115.922876 40.387153, 115.940032 40.370145, 115.957180 40.353136, 115.974318 40.336123, 115.991449 40.319108, 116.008570 40.302091, 116.025683 40.285071, 116.042787 40.268049, 116.059883 40.251024, 116.076970 40.233996, 116.094048 40.216966, 116.111118 40.199934, 116.128179 40.182899, 116.145232 40.165861, 116.162276 40.148821, 116.179312 40.131779, 116.196339 40.114734, 116.213357 40.097686, 116.230367 40.080636, 116.247369 40.063584, 116.264362 40.046529, 116.281346 40.029471, 116.298322 40.012411, 116.315290 39.995349, 116.332249 39.978284, 116.349199 39.961217, 116.366141 39.944147, 116.383075 39.927075, 116.400000 39.910000), (115.860000 -31.950000, 115.872909 -31.947553, 115.885817 -31.945104, 115.898724 -31.942655, 115.911631 -31.940204, 115.924537 -31.937751, 115.937442 -31.935298, 115.950347 -31.932843, 115.963251 -31.930387, 115.976154 -31.927929, 115.989056 -31.925470, 116.001958 -31.923010, 116.014859 -31.920549, 116.027760 -31.918086, 116.040660 -31.915622, 116.053559 -31.913156, 116.066457 -31.910690, 116.079355 -31.908222, 116.092252 -31.905752, 116.105148 -31.903282, 116.118044 -31.900810, 116.130939 -31.898337, 116.143833 -31.895862, 116.156727 -31.893386, 116.169619 -31.890909, 116.182512 -31.888431, 116.195403 -31.885951, 116.208294 -31.883470, 116.221184 -31.880988, 116.234073 -31.878504, 116.246962 -31.876019, 116.259850 -31.873533, 116.272737 -31.871046, 116.285624 -31.868557, 116.298510 -31.866067, 116.311395 -31.863576, 116.324279 -31.861083, 116.337163 -31.858589, 116.350046 -31.856094, 116.362929 -31.853597, 116.375810 -31.851099, 116.388692 -31.848600, 116.401572 -31.846099, 116.414451 -31.843598, 116.427330 -31.841095, 116.440209 -31.838590, 116.453086 -31.836084, 116.465963 -31.833577, 116.478839 -31.831069, 116.491715 -31.828560, 116.504589 -31.826049, 116.517463 -31.823537, 116.530337 -31.821023, 116.543209 -31.818508, 116.556081 -31.815992, 116.568952 -31.813475, 116.581823 -31.810956, 116.594693 -31.808436, 116.607562 -31.805915, 116.620430 -31.803393, 116.633298 -31.800869, 116.646165 -31.798344, 116.659031 -31.795817, 116.671897 -31.793290, 116.684762 -31.790761, 116.697626 -31.788230, 116.710490 -31.785699, 116.723352 -31.783166, 116.736214 -31.780632, 116.749076 -31.778096, 116.761936 -31.775560, 116.774796 -31.773022, 116.787656 -31.770482, 116.800514 -31.767942, 116.813372 -31.765400, 116.826229 -31.762856, 116.839086 -31.760312, 116.851941 -31.757766, 116.864796 -31.755219, 116.877651 -31.752671, 116.890504 -31.750121, 116.903357 -31.747570, 116.916209 -31.745018, 116.929061 -31.742464, 116.941912 -31.739910, 116.954762 -31.737353, 116.967611 -31.734796, 116.980460 -31.732237, 116.993308 -31.729677, 117.006155 -31.727116, 117.019001 -31.724554, 117.031847 -31.721990, 117.044692 -31.719425, 117.057537 -31.716858, 117.070380 -31.714290, 117.083223 -31.711721, 117.096065 -31.709151, 117.108907 -31.706580, 117.121748 -31.704007, 117.134588 -31.701433, 117.147427 -31.698857, 117.160266 -31.696280, 117.173104 -31.693702, 117.185941 -31.691123, 117.198778 -31.688543, 117.211614 -31.685961, 117.224449 -31.683378, 117.237283 -31.680793, 117.250117 -31.678207, 117.262950 -31.675620, 117.275782 -31.673032, 117.288614 -31.670443, 117.301444 -31.667852, 117.314275 -31.665260, 117.327104 -31.662666, 117.339933 -31.660072, 117.352761 -31.657476, 117.365588 -31.654878, 117.378414 -31.652280, 117.391240 -31.649680, 117.404065 -31.647079, 117.416890 -31.644476, 117.429713 -31.641873, 117.442536 -31.639268, 117.455358 -31.636661, 117.468180 -31.634054, 117.481001 -31.631445, 117.493821 -31.628835, 117.506640 -31.626224, 117.519459 -31.623611, 117.532277 -31.620997, 117.545094 -31.618382, 117.557910 -31.615765, 117.570726 -31.613148, 117.583541 -31.610529, 117.596355 -31.607908, 117.609169 -31.605287, 117.621982 -31.602664, 117.634794 -31.600040, 117.647605 -31.597414, 117.660416 -31.594787, 117.673226 -31.592159, 117.686035 -31.589530, 117.698844 -31.586900, 117.711651 -31.584268, 117.724459 -31.581635, 117.737265 -31.579000, 117.750070 -31.576365, 117.762875 -31.573728, 117.775680 -31.571090, 117.788483 -31.568450, 117.801286 -31.565809, 117.814088 -31.563167, 117.826889 -31.560524, 117.839690 -31.557879, 117.852489 -31.555233, 117.865288 -31.552586, 117.878087 -31.549938, 117.890884 -31.547288, 117.903681 -31.544637, 117.916478 -31.541985, 117.929273 -31.539331, 117.942068 -31.536677, 117.954862 -31.534021, 117.967655 -31.531363, 117.980448 -31.528705, 117.993239 -31.526045, 118.006031 -31.523384, 118.018821 -31.520721, 118.031611 -31.518057, 118.044399 -31.515392, 118.057188 -31.512726, 118.069975 -31.510059, 118.082762 -31.507390, 118.095548 -31.504720, 118.108333 -31.502049, 118.121118 -31.499376, 118.133901 -31.496702, 118.146684 -31.494027, 118.159467 -31.491350, 118.172248 -31.488673, 118.185029 -31.485994, 118.197809 -31.483314, 118.210589 -31.480632, 118.223367 -31.477949, 118.236145 -31.475265, 118.248923 -31.472580, 118.261699 -31.469893, 118.274475 -31.467206, 118.287250 -31.464517, 118.300024 -31.461826, 118.312798 -31.459134, 118.325570 -31.456442, 118.338342 -31.453747, 118.351114 -31.451052, 118.363884 -31.448355, 118.376654 -31.445657, 118.389423 -31.442958, 118.402192 -31.440258, 118.414959 -31.437556, 118.427726 -31.434853, 118.440492 -31.432148, 118.453258 -31.429443, 118.466023 -31.426736, 118.478787 -31.424028, 118.491550 -31.421318, 118.504312 -31.418608, 118.517074 -31.415896, 118.529835 -31.413183, 118.542595 -31.410468, 118.555355 -31.407753, 118.568114 -31.405036, 118.580872 -31.402317, 118.593629 -31.399598, 118.606386 -31.396877, 118.619142 -31.394155, 118.631897 -31.391432, 118.644651 -31.388707, 118.657405 -31.385982, 118.670158 -31.383255, 118.682910 -31.380526, 118.695661 -31.377797, 118.708412 -31.375066, 118.721162 -31.372334, 118.733911 -31.369600, 118.746659 -31.366866, 118.759407 -31.364130, 118.772154 -31.361393, 118.784900 -31.358654, 118.797646 -31.355915, 118.810390 -31.353174, 118.823134 -31.350431, 118.835878 -31.347688, 118.848620 -31.344943, 118.861362 -31.342197, 118.874103 -31.339450, 118.886843 -31.336702, 118.899583 -31.333952, 118.912321 -31.331201, 118.925059 -31.328449, 118.937797 -31.325695, 118.950533 -31.322940, 118.963269 -31.320184, 118.976004 -31.317427, 118.988738 -31.314668, 119.001472 -31.311909, 119.014205 -31.309148, 119.026937 -31.306385, 119.039668 -31.303622, 119.052399 -31.300857, 119.065129 -31.298091, 119.077858 -31.295323, 119.090586 -31.292555, 119.103314 -31.289785, 119.116040 -31.287014, 119.128766 -31.284242, 119.141492 -31.281468, 119.154216 -31.278693, 119.166940 -31.275917, 119.179663 -31.273140, 119.192386 -31.270361, 119.205107 -31.267581, 119.217828 -31.264800, 119.230548 -31.262018, 119.243268 -31.259234, 119.255986 -31.256449, 119.268704 -31.253663, 119.281421 -31.250876, 119.294137 -31.248087, 119.306853 -31.245297, 119.319568 -31.242506, 119.332282 -31.239713, 119.344995 -31.236920, 119.357708 -31.234125, 119.370420 -31.231329, 119.383131 -31.228531, 119.395841 -31.225733, 119.408551 -31.222933, 119.421259 -31.220132, 119.433967 -31.217329, 119.446675 -31.214526, 119.459381 -31.211721, 119.472087 -31.208915, 119.484792 -31.206107, 119.497496 -31.203298, 119.510200 -31.200489, 119.522903 -31.197677, 119.535605 -31.194865, 119.548306 -31.192051, 119.561007 -31.189237, 119.573706 -31.186420, 119.586405 -31.183603, 119.599104 -31.180784, 119.611801 -31.177965, 119.624498 -31.175143, 119.637194 -31.172321, 119.649889 -31.169497, 119.662584 -31.166673, 119.675277 -31.163846, 119.687970 -31.161019, 119.700662 -31.158191, 119.713354 -31.155361, 119.726045 -31.152530, 119.738734 -31.149697, 119.751424 -31.146864, 119.764112 -31.144029, 119.776800 -31.141193, 119.789487 -31.138356, 119.802173 -31.135517, 119.814858 -31.132677, 119.827543 -31.129836, 119.840227 -31.126994, 119.852910 -31.124150, 119.865592 -31.121306, 119.878274 -31.118460, 119.890954 -31.115612, 119.903634 -31.112764, 119.916314 -31.109914, 119.928992 -31.107063, 119.941670 -31.104211, 119.954347 -31.101358, 119.967023 -31.098503, 119.979699 -31.095647, 119.992373 -31.092790, 120.005047 -31.089931, 120.017720 -31.087072, 120.030393 -31.084211, 120.043065 -31.081349, 120.055735 -31.078485, 120.068406 -31.075621, 120.081075 -31.072755, 120.093744 -31.069888, 120.106411 -31.067020, 120.119079 -31.064150, 120.131745 -31.061279, 120.144410 -31.058407, 120.157075 -31.055534, 120.169739 -31.052659, 120.182402 -31.049784, 120.195065 -31.046907, 120.207727 -31.044028, 120.220388 -31.041149, 120.233048 -31.038268, 120.245707 -31.035386, 120.258366 -31.032503, 120.271024 -31.029619, 120.283681 -31.026733, 120.296337 -31.023846, 120.308993 -31.020958, 120.321648 -31.018069, 120.334302 -31.015178, 120.346955 -31.012287, 120.359608 -31.009393, 120.372259 -31.006499, 120.384910 -31.003604, 120.397561 -31.000707, 120.410210 -30.997809, 120.422859 -30.994910, 120.435507 -30.992009, 120.448154 -30.989108, 120.460800 -30.986205, 120.473446 -30.983301, 120.486091 -30.980395, 120.498735 -30.977489, 120.511378 -30.974581, 120.524020 -30.971672, 120.536662 -30.968762, 120.549303 -30.965850, 120.561943 -30.962937, 120.574583 -30.960023, 120.587221 -30.957108, 120.599859 -30.954192, 120.612496 -30.951274, 120.625133 -30.948355, 120.637768 -30.945435, 120.650403 -30.942514, 120.663037 -30.939591, 120.675670 -30.936667, 120.688303 -30.933742, 120.700935 -30.930816, 120.713566 -30.927888, 120.726196 -30.924960, 120.738825 -30.922030, 120.751454 -30.919099, 120.764082 -30.916166, 120.776709 -30.913232, 120.789335 -30.910298, 120.801961 -30.907362, 120.814585 -30.904424, 120.827209 -30.901486, 120.839832 -30.898546, 120.852455 -30.895605, 120.865077 -30.892663, 120.877697 -30.889719, 120.890318 -30.886775, 120.902937 -30.883829, 120.915555 -30.880882, 120.928173 -30.877933, 120.940790 -30.874984, 120.953406 -30.872033, 120.966022 -30.869081, 120.978636 -30.866128, 120.991250 -30.863173, 121.003863 -30.860218, 121.016476 -30.857261, 121.029087 -30.854303, 121.041698 -30.851343, 121.054308 -30.848383, 121.066917 -30.845421, 121.079526 -30.842458, 121.092133 -30.839494, 121.104740 -30.836528, 121.117346 -30.833562, 121.129952 -30.830594, 121.142556 -30.827625, 121.155160 -30.824654, 121.167763 -30.821683, 121.180365 -30.818710, 121.192967 -30.815736, 121.205567 -30.812761, 121.218167 -30.809784, 121.230766 -30.806807, 121.243364 -30.803828, 121.255962 -30.800848, 121.268559 -30.797866, 121.281155 -30.794884, 121.293750 -30.791900, 121.306344 -30.788915, 121.318938 -30.785929, 121.331531 -30.782942, 121.344123 -30.779953, 121.356714 -30.776963, 121.369304 -30.773972, 121.381894 -30.770980, 121.394483 -30.767986, 121.407071 -30.764992, 121.419658 -30.761996, 121.432245 -30.758999, 121.444831 -30.756000, 121.457416 -30.753001, 121.470000 -30.750000, 121.482829 -30.752085, 121.495659 -30.754168, 121.508489 -30.756251, 121.521320 -30.758332, 121.534151 -30.760411, 121.546983 -30.762490, 121.559815 -30.764567, 121.572648 -30.766643, 121.585482 -30.768718, 121.598316 -30.770791, 121.611151 -30.772863, 121.623986 -30.774934, 121.636822 -30.777004, 121.649658 -30.779072, 121.662495 -30.781139, 121.675332 -30.783205, 121.688170 -30.785270, 121.701009 -30.787333, 121.713848 -30.789395, 121.726687 -30.791456, 121.739528 -30.793516, 121.752368 -30.795574, 121.765210 -30.797631, 121.778051 -30.799687, 121.790894 -30.801741, 121.803737 -30.803794, 121.816580 -30.805846, 121.829424 -30.807897, 121.842269 -30.809946, 121.855114 -30.811994, 121.867959 -30.814041, 121.880806 -30.816087, 121.893652 -30.818131, 121.906500 -30.820174, 121.919347 -30.822216, 121.932196 -30.824257, 121.945045 -30.826296, 121.957894 -30.828334, 121.970744 -30.830370, 121.983595 -30.832406, 121.996446 -30.834440, 122.009298 -30.836473, 122.022150 -30.838505, 122.035003 -30.840535, 122.047856 -30.842564, 122.060710 -30.844592, 122.073564 -30.846619, 122.086419 -30.848644, 122.099274 -30.850668, 122.112130 -30.852691, 122.124987 -30.854712, 122.137844 -30.856732, 122.150702 -30.858751, 122.163560 -30.860769, 122.176419 -30.862785, 122.189278 -30.864801, 122.202138 -30.866814, 122.214998 -30.868827, 122.227859 -30.870838, 122.240720 -30.872848, 122.253582 -30.874857, 122.266445 -30.876865, 122.279308 -30.878871, 122.292171 -30.880876, 122.305035 -30.882880, 122.317900 -30.884882, 122.330765 -30.886883, 122.343631 -30.888883, 122.356497 -30.890882, 122.369364 -30.892879, 122.382231 -30.894875, 122.395099 -30.896870, 122.407968 -30.898863, 122.420837 -30.900856, 122.433706 -30.902847, 122.446576 -30.904836, 122.459447 -30.906825, 122.472318 -30.908812, 122.485189 -30.910798, 122.498061 -30.912782, 122.510934 -30.914766, 122.523807 -30.916748, 122.536681 -30.918728, 122.549555 -30.920708, 122.562430 -30.922686, 122.575306 -30.924663, 122.588181 -30.926639, 122.601058 -30.928613, 122.613935 -30.930586, 122.626812 -30.932558, 122.639690 -30.934529, 122.652569 -30.936498, 122.665448 -30.938466, 122.678327 -30.940433, 122.691208 -30.942398, 122.704088 -30.944362, 122.716969 -30.946325, 122.729851 -30.948287, 122.742733 -30.950247, 122.755616 -30.952206, 122.768499 -30.954164, 122.781383 -30.956121, 122.794268 -30.958076, 122.807152 -30.960030, 122.820038 -30.961983, 122.832924 -30.963934, 122.845810 -30.965884, 122.858697 -30.967833, 122.871585 -30.969780, 122.884473 -30.971727, 122.897361 -30.973672, 122.910250 -30.975615, 122.923140 -30.977558, 122.936030 -30.979499, 122.948921 -30.981439, 122.961812 -30.983378, 122.974704 -30.985315, 122.987596 -30.987251, 123.000489 -30.989186, 123.013382 -30.991119, 123.026276 -30.993051, 123.039170 -30.994982, 123.052065 -30.996912, 123.064960 -30.998840, 123.077856 -31.000767, 123.090753 -31.002693, 123.103650 -31.004618, 123.116547 -31.006541, 123.129445 -31.008463, 123.142344 -31.010384, 123.155243 -31.012303, 123.168142 -31.014221, 123.181042 -31.016138, 123.193943 -31.018054, 123.206844 -31.019968, 123.219745 -31.021881, 123.232647 -31.023792, 123.245550 -31.025703, 123.258453 -31.027612, 123.271357 -31.029520, 123.284261 -31.031426, 123.297166 -31.033332, 123.310071 -31.035236, 123.322977 -31.037138, 123.335883 -31.039040, 123.348790 -31.040940, 123.361697 -31.042839, 123.374605 -31.044736, 123.387513 -31.046633, 123.400422 -31.048528, 123.413331 -31.050421, 123.426241 -31.052314, 123.439152 -31.054205, 123.452063 -31.056095, 123.464974 -31.057983, 123.477886 -31.059871, 123.490798 -31.061757, 123.503711 -31.063641, 123.516625 -31.065525, 123.529539 -31.067407, 123.542453 -31.069288, 123.555368 -31.071167, 123.568284 -31.073046, 123.581200 -31.074923, 123.594116 -31.076798, 123.607033 -31.078673, 123.619951 -31.080546, 123.632869 -31.082418, 123.645787 -31.084288, 123.658706 -31.086158, 123.671626 -31.088026, 123.684546 -31.089892, 123.697466 -31.091758, 123.710388 -31.093622, 123.723309 -31.095485, 123.736231 -31.097346, 123.749154 -31.099207, 123.762077 -31.101065, 123.775001 -31.102923, 123.787925 -31.104780, 123.800849 -31.106635, 123.813774 -31.108488, 123.826700 -31.110341, 123.839626 -31.112192, 123.852553 -31.114042, 123.865480 -31.115891, 123.878408 -31.117738, 123.891336 -31.119584, 123.904264 -31.121429, 123.917194 -31.123272, 123.930123 -31.125115, 123.943053 -31.126956, 123.955984 -31.128795, 123.968915 -31.130633, 123.981847 -31.132470, 123.994779 -31.134306, 124.007712 -31.136141, 124.020645 -31.137974, 124.033579 -31.139806, 124.046513 -31.141636, 124.059447 -31.143465, 124.072383 -31.145293, 124.085318 -31.147120, 124.098254 -31.148946, 124.111191 -31.150770, 124.124128 -31.152592, 124.137066 -31.154414, 124.150004 -31.156234, 124.162943 -31.158053, 124.175882 -31.159871, 124.188821 -31.161687, 124.201762 -31.163502, 124.214702 -31.165316, 124.227643 -31.167128, 124.240585 -31.168940, 124.253527 -31.170749, 124.266470 -31.172558, 124.279413 -31.174365, 124.292356 -31.176171, 124.305301 -31.177976, 124.318245 -31.179779, 124.331190 -31.181581, 124.344136 -31.183382, 124.357082 -31.185182, 124.370028 -31.186980, 124.382975 -31.188777, 124.395923 -31.190572, 124.408871 -31.192367, 124.421820 -31.194160, 124.434769 -31.195952, 124.447718 -31.197742, 124.460668 -31.199531, 124.473619 -31.201319, 124.486569 -31.203105, 124.499521 -31.204891, 124.512473 -31.206675, 124.525425 -31.208457, 124.538378 -31.210239, 124.551332 -31.212019, 124.564286 -31.213797, 124.577240 -31.215575, 124.590195 -31.217351, 124.603150 -31.219126, 124.616106 -31.220900, 124.629062 -31.222672, 124.642019 -31.224443, 124.654977 -31.226212, 124.667934 -31.227981, 124.680893 -31.229748, 124.693851 -31.231514, 124.706811 -31.233278, 124.719770 -31.235041, 124.732731 -31.236803, 124.745691 -31.238564, 124.758652 -31.240323, 124.771614 -31.242081, 124.784576 -31.243838, 124.797539 -31.245593, 124.810502 -31.247347, 124.823466 -31.249100, 124.836430 -31.250851, 124.849394 -31.252601, 124.862359 -31.254350, 124.875325 -31.256098, 124.888291 -31.257844, 124.901257 -31.259589, 124.914224 -31.261333, 124.927192 -31.263075, 124.940159 -31.264816, 124.953128 -31.266556, 124.966097 -31.268294, 124.979066 -31.270032, 124.992036 -31.271767, 125.005006 -31.273502, 125.017977 -31.275235, 125.030948 -31.276967, 125.043920 -31.278698, 125.056892 -31.280427, 125.069865 -31.282155, 125.082838 -31.283882, 125.095812 -31.285607, 125.108786 -31.287331, 125.121760 -31.289054, 125.134735 -31.290776, 125.147711 -31.292496, 125.160687 -31.294215, 125.173663 -31.295932, 125.186640 -31.297649, 125.199618 -31.299364, 125.212596 -31.301077, 125.225574 -31.302790, 125.238553 -31.304501, 125.251532 -31.306211, 125.264512 -31.307919, 125.277492 -31.309626, 125.290473 -31.311332, 125.303454 -31.313037, 125.316436 -31.314740, 125.329418 -31.316442, 125.342400 -31.318142, 125.355383 -31.319842, 125.368367 -31.321540, 125.381351 -31.323236, 125.394335 -31.324932, 125.407320 -31.326626, 125.420306 -31.328319, 125.433292 -31.330010, 125.446278 -31.331700, 125.459265 -31.333389, 125.472252 -31.335077, 125.485240 -31.336763, 125.498228 -31.338448, 125.511217 -31.340132, 125.524206 -31.341814, 125.537195 -31.343495, 125.550185 -31.345175, 125.563176 -31.346853, 125.576167 -31.348530, 125.589158 -31.350206, 125.602150 -31.351880, 125.615143 -31.353554, 125.628135 -31.355225, 125.641129 -31.356896, 125.654122 -31.358565, 125.667117 -31.360233, 125.680111 -31.361900, 125.693106 -31.363565, 125.706102 -31.365229, 125.719098 -31.366892, 125.732095 -31.368553, 125.745092 -31.370213, 125.758089 -31.371872, 125.771087 -31.373529, 125.784085 -31.375186, 125.797084 -31.376840, 125.810083 -31.378494, 125.823083 -31.380146, 125.836083 -31.381797, 125.849084 -31.383447, 125.862085 -31.385095, 125.875087 -31.386742, 125.888089 -31.388387, 125.901091 -31.390032, 125.914094 -31.391675, 125.927097 -31.393316, 125.940101 -31.394957, 125.953105 -31.396596, 125.966110 -31.398234, 125.979115 -31.399870, 125.992121 -31.401505, 126.005127 -31.403139, 126.018134 -31.404772, 126.031141 -31.406403, 126.044148 -31.408033, 126.057156 -31.409661, 126.070164 -31.411289, 126.083173 -31.412915, 126.096182 -31.414539, 126.109192 -31.416163, 126.122202 -31.417785, 126.135213 -31.419405, 126.148224 -31.421025, 126.161236 -31.422643, 126.174247 -31.424260, 126.187260 -31.425875, 126.200273 -31.427489, 126.213286 -31.429102, 126.226300 -31.430713, 126.239314 -31.432324, 126.252329 -31.433932, 126.265344 -31.435540, 126.278359 -31.437146, 126.291375 -31.438751, 126.304392 -31.440355, 126.317409 -31.441957, 126.330426 -31.443558, 126.343444 -31.445158, 126.356462 -31.446756, 126.369480 -31.448353, 126.382500 -31.449949, 126.395519 -31.451543, 126.408539 -31.453136, 126.421560 -31.454728, 126.434580 -31.456318, 126.447602 -31.457907, 126.460623 -31.459495, 126.473646 -31.461082, 126.486668 -31.462667, 126.499691 -31.464251, 126.512715 -31.465833, 126.525739 -31.467414, 126.538763 -31.468994, 126.551788 -31.470573, 126.564813 -31.472150, 126.577839 -31.473726, 126.590865 -31.475301, 126.603892 -31.476874, 126.616919 -31.478446, 126.629946 -31.480017, 126.642974 -31.481586, 126.656002 -31.483154, 126.669031 -31.484721, 126.682060 -31.486286, 126.695090 -31.487850, 126.708120 -31.489413, 126.721151 -31.490974, 126.734182 -31.492535, 126.747213 -31.494093, 126.760245 -31.495651, 126.773277 -31.497207, 126.786310 -31.498762, 126.799343 -31.500315, 126.812376 -31.501867, 126.825410 -31.503418, 126.838445 -31.504968, 126.851480 -31.506516, 126.864515 -31.508063, 126.877551 -31.509609, 126.890587 -31.511153, 126.903623 -31.512696, 126.916660 -31.514237, 126.929698 -31.515778, 126.942736 -31.517317, 126.955774 -31.518854, 126.968813 -31.520391, 126.981852 -31.521926, 126.994891 -31.523459, 127.007932 -31.524992, 127.020972 -31.526523, 127.034013 -31.528052, 127.047054 -31.529581, 127.060096 -31.531108, 127.073138 -31.532633, 127.086181 -31.534158, 127.099224 -31.535681, 127.112267 -31.537203, 127.125311 -31.538723, 127.138355 -31.540242, 127.151400 -31.541760, 127.164445 -31.543277, 127.177490 -31.544792, 127.190536 -31.546306, 127.203583 -31.547818, 127.216630 -31.549329, 127.229677 -31.550839, 127.242724 -31.552348, 127.255773 -31.553855, 127.268821 -31.555361, 127.281870 -31.556865, 127.294919 -31.558368, 127.307969 -31.559870, 127.321019 -31.561371, 127.334070 -31.562870, 127.347121 -31.564368, 127.360172 -31.565865, 127.373224 -31.567360, 127.386276 -31.568854, 127.399329 -31.570347, 127.412382 -31.571838, 127.425436 -31.573328, 127.438490 -31.574816, 127.451544 -31.576304, 127.464599 -31.577790, 127.477654 -31.579274, 127.490710 -31.580758, 127.503766 -31.582240, 127.516822 -31.583720, 127.529879 -31.585200, 127.542936 -31.586678, 127.555994 -31.588155, 127.569052 -31.589630, 127.582111 -31.591104, 127.595169 -31.592577, 127.608229 -31.594048, 127.621289 -31.595518, 127.634349 -31.596987, 127.647409 -31.598454, 127.660470 -31.599920, 127.673532 -31.601385, 127.686593 -31.602848, 127.699656 -31.604310, 127.712718 -31.605771, 127.725781 -31.607231, 127.738845 -31.608689, 127.751909 -31.610145, 127.764973 -31.611601, 127.778038 -31.613055, 127.791103 -31.614508, 127.804168 -31.615959, 127.817234 -31.617409, 127.830300 -31.618858, 127.843367 -31.620306, 127.856434 -31.621752, 127.869502 -31.623197, 127.882570 -31.624640, 127.895638 -31.626082, 127.908707 -31.627523, 127.921776 -31.628962, 127.934845 -31.630401, 127.947915 -31.631837, 127.960986 -31.633273, 127.974056 -31.634707, 127.987128 -31.636140, 128.000199 -31.637571, 128.013271 -31.639001, 128.026343 -31.640430, 128.039416 -31.641858, 128.052489 -31.643284, 128.065563 -31.644709, 128.078637 -31.646132, 128.091711 -31.647554, 128.104786 -31.648975, 128.117861 -31.650395, 128.130937 -31.651813, 128.144013 -31.653230, 128.157089 -31.654645, 128.170166 -31.656059, 128.183243 -31.657472, 128.196321 -31.658884, 128.209399 -31.660294, 128.222477 -31.661703, 128.235556 -31.663110, 128.248635 -31.664516, 128.261714 -31.665921, 128.274794 -31.667324, 128.287875 -31.668727, 128.300955 -31.670127, 128.314037 -31.671527, 128.327118 -31.672925, 128.340200 -31.674322, 128.353282 -31.675717, 128.366365 -31.677112, 128.379448 -31.678504, 128.392532 -31.679896, 128.405615 -31.681286, 128.418700 -31.682675, 128.431784 -31.684062, 128.444869 -31.685448, 128.457955 -31.686833, 128.471041 -31.688217, 128.484127 -31.689599, 128.497213 -31.690980, 128.510300 -31.692359, 128.523388 -31.693737, 128.536476 -31.695114, 128.549564 -31.696489, 128.562652 -31.697863, 128.575741 -31.699236, 128.588831 -31.700608, 128.601920 -31.701978, 128.615010 -31.703347, 128.628101 -31.704714, 128.641192 -31.706080, 128.654283 -31.707445, 128.667375 -31.708808, 128.680467 -31.710170, 128.693559 -31.711531, 128.706652 -31.712890, 128.719745 -31.714248, 128.732839 -31.715605, 128.745933 -31.716961, 128.759027 -31.718315, 128.772122 -31.719667, 128.785217 -31.721019, 128.798312 -31.722369, 128.811408 -31.723717, 128.824504 -31.725065, 128.837601 -31.726411, 128.850698 -31.727755, 128.863795 -31.729099, 128.876893 -31.730441, 128.889991 -31.731781, 128.903090 -31.733121, 128.916189 -31.734459, 128.929288 -31.735795, 128.942387 -31.737131, 128.955487 -31.738465, 128.968588 -31.739797, 128.981689 -31.741129, 128.994790 -31.742458, 129.007891 -31.743787, 129.020993 -31.745114, 129.034096 -31.746440, 129.047198 -31.747765, 129.060301 -31.749088, 129.073405 -31.750410, 129.086508 -31.751730, 129.099613 -31.753050, 129.112717 -31.754368, 129.125822 -31.755684, 129.138927 -31.756999, 129.152033 -31.758313, 129.165139 -31.759626, 129.178245 -31.760937, 129.191352 -31.762247, 129.204459 -31.763555, 129.217567 -31.764862, 129.230675 -31.766168, 129.243783 -31.767472, 129.256891 -31.768776, 129.270000 -31.770077, 129.283110 -31.771378, 129.296219 -31.772677, 129.309330 -31.773975, 129.322440 -31.775271, 129.335551 -31.776566, 129.348662 -31.777860, 129.361774 -31.779152, 129.374885 -31.780443, 129.387998 -31.781733, 129.401110 -31.783021, 129.414223 -31.784308, 129.427337 -31.785594, 129.440451 -31.786878, 129.453565 -31.788161, 129.466679 -31.789443, 129.479794 -31.790723, 129.492909 -31.792002, 129.506025 -31.793280, 129.519141 -31.794556, 129.532257 -31.795831, 129.545374 -31.797104, 129.558491 -31.798376, 129.571608 -31.799647, 129.584726 -31.800917, 129.597844 -31.802185, 129.610962 -31.803452, 129.624081 -31.804717, 129.637200 -31.805981, 129.650320 -31.807244, 129.663440 -31.808506, 129.676560 -31.809766, 129.689680 -31.811025, 129.702801 -31.812282, 129.715923 -31.813538, 129.729044 -31.814793, 129.742166 -31.816046, 129.755289 -31.817298, 129.768412 -31.818549, 129.781535 -31.819798, 129.794658 -31.821046, 129.807782 -31.822293, 129.820906 -31.823538, 129.834031 -31.824782, 129.847156 -31.826025, 129.860281 -31.827266, 129.873406 -31.828506, 129.886532 -31.829744, 129.899659 -31.830981, 129.912785 -31.832217, 129.925912 -31.833452, 129.939039 -31.834685, 129.952167 -31.835917, 129.965295 -31.837147, 129.978424 -31.838376, 129.991552 -31.839604, 130.004681 -31.840831, 130.017811 -31.842056, 130.030941 -31.843279, 130.044071 -31.844502, 130.057201 -31.845723, 130.070332 -31.846942, 130.083463 -31.848161, 130.096595 -31.849378, 130.109727 -31.850593, 130.122859 -31.851808, 130.135991 -31.853021, 130.149124 -31.854232, 130.162257 -31.855442, 130.175391 -31.856651, 130.188525 -31.857859, 130.201659 -31.859065, 130.214794 -31.860270, 130.227929 -31.861473, 130.241064 -31.862676, 130.254200 -31.863876, 130.267336 -31.865076, 130.280472 -31.866274, 130.293609 -31.867471, 130.306746 -31.868666, 130.319883 -31.869860, 130.333021 -31.871053, 130.346159 -31.872244, 130.359297 -31.873434, 130.372436 -31.874623, 130.385575 -31.875810, 130.398714 -31.876996, 130.411854 -31.878180, 130.424994 -31.879364, 130.438135 -31.880546, 130.451275 -31.881726, 130.464417 -31.882905, 130.477558 -31.884083, 130.490700 -31.885260, 130.503842 -31.886435, 130.516984 -31.887608, 130.530127 -31.888781, 130.543270 -31.889952, 130.556413 -31.891122, 130.569557 -31.892290, 130.582701 -31.893457, 130.595846 -31.894623, 130.608990 -31.895787, 130.622136 -31.896950, 130.635281 -31.898111, 130.648427 -31.899272, 130.661573 -31.900431, 130.674719 -31.901588, 130.687866 -31.902744, 130.701013 -31.903899, 130.714160 -31.905053, 130.727308 -31.906205, 130.740456 -31.907355, 130.753605 -31.908505, 130.766753 -31.909653, 130.779902 -31.910800, 130.793052 -31.911945, 130.806202 -31.913089, 130.819352 -31.914232, 130.832502 -31.915373, 130.845653 -31.916513, 130.858804 -31.917651, 130.871955 -31.918789, 130.885107 -31.919925, 130.898259 -31.921059, 130.911411 -31.922192, 130.924564 -31.923324, 130.937717 -31.924454, 130.950870 -31.925584, 130.964023 -31.926711, 130.977177 -31.927838, 130.990332 -31.928963, 131.003486 -31.930086, 131.016641 -31.931209, 131.029796 -31.932330, 131.042952 -31.933449, 131.056108 -31.934567, 131.069264 -31.935684, 131.082420 -31.936800, 131.095577 -31.937914, 131.108734 -31.939027, 131.121892 -31.940138, 131.135049 -31.941249, 131.148208 -31.942357, 131.161366 -31.943465, 131.174525 -31.944571, 131.187684 -31.945675, 131.200843 -31.946779, 131.214003 -31.947881, 131.227163 -31.948981, 131.240323 -31.950081, 131.253484 -31.951178, 131.266644 -31.952275, 131.279806 -31.953370, 131.292967 -31.954464, 131.306129 -31.955556, 131.319291 -31.956648, 131.332454 -31.957737, 131.345617 -31.958826, 131.358780 -31.959913, 131.371943 -31.960998, 131.385107 -31.962083, 131.398271 -31.963166, 131.411435 -31.964247, 131.424600 -31.965328, 131.437765 -31.966406, 131.450930 -31.967484, 131.464096 -31.968560, 131.477262 -31.969635, 131.490428 -31.970708, 131.503594 -31.971780, 131.516761 -31.972851, 131.529928 -31.973921, 131.543096 -31.974989, 131.556264 -31.976055, 131.569432 -31.977121, 131.582600 -31.978185, 131.595769 -31.979247, 131.608938 -31.980308, 131.622107 -31.981368, 131.635277 -31.982427, 131.648446 -31.983484, 131.661617 -31.984540, 131.674787 -31.985594, 131.687958 -31.986647, 131.701129 -31.987699, 131.714300 -31.988749, 131.727472 -31.989798, 131.740644 -31.990846, 131.753816 -31.991892, 131.766989 -31.992937, 131.780162 -31.993980, 131.793335 -31.995023, 131.806509 -31.996063, 131.819682 -31.997103, 131.832856 -31.998141, 131.846031 -31.999178, 131.859206 -32.000213, 131.872381 -32.001247, 131.885556 -32.002280, 131.898731 -32.003311, 131.911907 -32.004341, 131.925083 -32.005369, 131.938260 -32.006397, 131.951437 -32.007422, 131.964614 -32.008447, 131.977791 -32.009470, 131.990969 -32.010492, 132.004147 -32.011512, 132.017325 -32.012531, 132.030503 -32.013549, 132.043682 -32.014565, 132.056861 -32.015580, 132.070041 -32.016594, 132.083220 -32.017606, 132.096400 -32.018617, 132.109581 -32.019626, 132.122761 -32.020634, 132.135942 -32.021641, 132.149123 -32.022646, 132.162305 -32.023650, 132.175486 -32.024653, 132.188668 -32.025654, 132.201851 -32.026654, 132.215033 -32.027653, 132.228216 -32.028650, 132.241399 -32.029646, 132.254583 -32.030640, 132.267767 -32.031634, 132.280951 -32.032625, 132.294135 -32.033616, 132.307319 -32.034605, 132.320504 -32.035592, 132.333690 -32.036579, 132.346875 -32.037564, 132.360061 -32.038547, 132.373247 -32.039529, 132.386433 -32.040510, 132.399620 -32.041490, 132.412806 -32.042468, 132.425994 -32.043445, 132.439181 -32.044420, 132.452369 -32.045394, 132.465557 -32.046367, 132.478745 -32.047338, 132.491933 -32.048308, 132.505122 -32.049276, 132.518311 -32.050244, 132.531501 -32.051209, 132.544690 -32.052174, 132.557880 -32.053137, 132.571071 -32.054099, 132.584261 -32.055059, 132.597452 -32.056018, 132.610643 -32.056976, 132.623834 -32.057932, 132.637026 -32.058887, 132.650218 -32.059840, 132.663410 -32.060793, 132.676602 -32.061743, 132.689795 -32.062693, 132.702988 -32.063641, 132.716181 -32.064588, 132.729375 -32.065533, 132.742568 -32.066477, 132.755762 -32.067419, 132.768957 -32.068361, 132.782151 -32.069301, 132.795346 -32.070239, 132.808541 -32.071176, 132.821737 -32.072112, 132.834932 -32.073046, 132.848128 -32.073979, 132.861325 -32.074911, 132.874521 -32.075841, 132.887718 -32.076770, 132.900915 -32.077698, 132.914112 -32.078624, 132.927310 -32.079549, 132.940508 -32.080472, 132.953706 -32.081394, 132.966904 -32.082315, 132.980103 -32.083234, 132.993302 -32.084152, 133.006501 -32.085069, 133.019700 -32.085984, 133.032900 -32.086898, 133.046100 -32.087811, 133.059300 -32.088722, 133.072500 -32.089632, 133.085701 -32.090540, 133.098902 -32.091447, 133.112103 -32.092353, 133.125305 -32.093257, 133.138507 -32.094160, 133.151709 -32.095061, 133.164911 -32.095962, 133.178114 -32.096860, 133.191316 -32.097758, 133.204520 -32.098654, 133.217723 -32.099549, 133.230927 -32.100442, 133.244130 -32.101334, 133.257334 -32.102225, 133.270539 -32.103114, 133.283743 -32.104002, 133.296948 -32.104888, 133.310154 -32.105773, 133.323359 -32.106657, 133.336565 -32.107539, 133.349770 -32.108420, 133.362977 -32.109300, 133.376183 -32.110178, 133.389390 -32.111055, 133.402597 -32.111931, 133.415804 -32.112805, 133.429011 -32.113678, 133.442219 -32.114549, 133.455427 -32.115419, 133.468635 -32.116288, 133.481844 -32.117155, 133.495052 -32.118021, 133.508261 -32.118886, 133.521470 -32.119749, 133.534680 -32.120611, 133.547889 -32.121471, 133.561099 -32.122330, 133.574310 -32.123188, 133.587520 -32.124044, 133.600731 -32.124899, 133.613942 -32.125753, 133.627153 -32.126605, 133.640364 -32.127456, 133.653576 -32.128305, 133.666788 -32.129153, 133.680000 -32.130000, 133.690753 -32.136534, 133.701508 -32.143066, 133.712264 -32.149598, 133.723022 -32.156129, 133.733781 -32.162659, 133.744542 -32.169188, 133.755304 -32.175716, 133.766068 -32.182243, 133.776834 -32.188769, 133.787601 -32.195294, 133.798369 -32.201819, 133.809139 -32.208342, 133.819911 -32.214865, 133.830684 -32.221387, 133.841459 -32.227907, 133.852235 -32.234427, 133.863013 -32.240946, 133.873792 -32.247464, 133.884573 -32.253981, 133.895356 -32.260498, 133.906140 -32.267013, 133.916925 -32.273527, 133.927712 -32.280041, 133.938501 -32.286553, 133.949291 -32.293065, 133.960083 -32.299576, 133.970876 -32.306085, 133.981671 -32.312594, 133.992467 -32.319102, 134.003265 -32.325609, 134.014065 -32.332115, 134.024866 -32.338620, 134.035669 -32.345125, 134.046473 -32.351628, 134.057279 -32.358130, 134.068086 -32.364632, 134.078895 -32.371133, 134.089705 -32.377632, 134.100517 -32.384131, 134.111330 -32.390629, 134.122146 -32.397126, 134.132962 -32.403622, 134.143780 -32.410117, 134.154600 -32.416611, 134.165421 -32.423104, 134.176244 -32.429596, 134.187069 -32.436088, 134.197895 -32.442578, 134.208722 -32.449067, 134.219551 -32.455556, 134.230382 -32.462044, 134.241214 -32.468530, 134.252048 -32.475016, 134.262883 -32.481501, 134.273720 -32.487985, 134.284558 -32.494468, 134.295398 -32.500950, 134.306240 -32.507431, 134.317083 -32.513911, 134.327928 -32.520391, 134.338774 -32.526869, 134.349622 -32.533346, 134.360471 -32.539823, 134.371322 -32.546298, 134.382175 -32.552773, 134.393029 -32.559247, 134.403884 -32.565719, 134.414742 -32.572191, 134.425600 -32.578662, 134.436461 -32.585132, 134.447323 -32.591601, 134.458186 -32.598069, 134.469051 -32.604536, 134.479918 -32.611003, 134.490786 -32.617468, 134.501656 -32.623932, 134.512527 -32.630396, 134.523400 -32.636858, 134.534274 -32.643320, 134.545150 -32.649780, 134.556028 -32.656240, 134.566907 -32.662699, 134.577788 -32.669156, 134.588670 -32.675613, 134.599554 -32.682069, 134.610440 -32.688524, 134.621327 -32.694978, 134.632215 -32.701431, 134.643106 -32.707883, 134.653997 -32.714334, 134.664891 -32.720785, 134.675786 -32.727234, 134.686682 -32.733682, 134.697580 -32.740130, 134.708480 -32.746576, 134.719381 -32.753022, 134.730284 -32.759466, 134.741188 -32.765910, 134.752094 -32.772353, 134.763002 -32.778795, 134.773911 -32.785235, 134.784822 -32.791675, 134.795734 -32.798114, 134.806648 -32.804552, 134.817563 -32.810989, 134.828480 -32.817425, 134.839399 -32.823860, 134.850319 -32.830295, 134.861241 -32.836728, 134.872164 -32.843160, 134.883089 -32.849591, 134.894016 -32.856022, 134.904944 -32.862451, 134.915874 -32.868880, 134.926805 -32.875307, 134.937738 -32.881734, 134.948672 -32.888160, 134.959608 -32.894584, 134.970546 -32.901008, 134.981485 -32.907431, 134.992426 -32.913853, 135.003368 -32.920274, 135.014312 -32.926693, 135.025258 -32.933112, 135.036205 -32.939530, 135.047154 -32.945948, 135.058104 -32.952364, 135.069056 -32.958779, 135.080009 -32.965193, 135.090964 -32.971606, 135.101921 -32.978019, 135.112879 -32.984430, 135.123839 -32.990840, 135.134801 -32.997250, 135.145764 -33.003658, 135.156728 -33.010066, 135.167695 -33.016472, 135.178663 -33.022878, 135.189632 -33.029282, 135.200603 -33.035686, 135.211576 -33.042089, 135.222550 -33.048490, 135.233526 -33.054891, 135.244503 -33.061291, 135.255482 -33.067690, 135.266463 -33.074088, 135.277445 -33.080485, 135.288429 -33.086881, 135.299414 -33.093276, 135.310401 -33.099670, 135.321390 -33.106063, 135.332380 -33.112455, 135.343372 -33.118846, 135.354365 -33.125236, 135.365360 -33.131625, 135.376356 -33.138014, 135.387355 -33.144401, 135.398354 -33.150787, 135.409356 -33.157173, 135.420359 -33.163557, 135.431363 -33.169940, 135.442370 -33.176323, 135.453377 -33.182704, 135.464387 -33.189085, 135.475398 -33.195464, 135.486410 -33.201843, 135.497425 -33.208221, 135.508440 -33.214597, 135.519458 -33.220973, 135.530477 -33.227348, 135.541498 -33.233721, 135.552520 -33.240094, 135.563544 -33.246466, 135.574569 -33.252837, 135.585596 -33.259207, 135.596625 -33.265575, 135.607655 -33.271943, 135.618687 -33.278310, 135.629721 -33.284676, 135.640756 -33.291041, 135.651792 -33.297405, 135.662831 -33.303768, 135.673871 -33.310130, 135.684912 -33.316491, 135.695955 -33.322851, 135.707000 -33.329210, 135.718046 -33.335568, 135.729094 -33.341926, 135.740144 -33.348282, 135.751195 -33.354637, 135.762248 -33.360991, 135.773303 -33.367344, 135.784359 -33.373697, 135.795416 -33.380048, 135.806476 -33.386398, 135.817537 -33.392748, 135.828599 -33.399096, 135.839663 -33.405443, 135.850729 -33.411790, 135.861796 -33.418135, 135.872865 -33.424479, 135.883936 -33.430823, 135.895008 -33.437165, 135.906082 -33.443507, 135.917158 -33.449847, 135.928235 -33.456187, 135.939313 -33.462525, 135.950394 -33.468863, 135.961476 -33.475199, 135.972559 -33.481535, 135.983644 -33.487869, 135.994731 -33.494203, 136.005820 -33.500535, 136.016910 -33.506867, 136.028001 -33.513197, 136.039095 -33.519527, 136.050190 -33.525856, 136.061286 -33.532183, 136.072384 -33.538510, 136.083484 -33.544836, 136.094586 -33.551160, 136.105689 -33.557484, 136.116793 -33.563807, 136.127900 -33.570128, 136.139008 -33.576449, 136.150117 -33.582769, 136.161228 -33.589087, 136.172341 -33.595405, 136.183456 -33.601722, 136.194572 -33.608038, 136.205689 -33.614352, 136.216809 -33.620666, 136.227930 -33.626979, 136.239052 -33.633291, 136.250176 -33.639601, 136.261302 -33.645911, 136.272430 -33.652220, 136.283559 -33.658528, 136.294690 -33.664834, 136.305822 -33.671140, 136.316956 -33.677445, 136.328092 -33.683749, 136.339229 -33.690051, 136.350368 -33.696353, 136.361508 -33.702654, 136.372650 -33.708954, 136.383794 -33.715253, 136.394940 -33.721550, 136.406087 -33.727847, 136.417236 -33.734143, 136.428386 -33.740438, 136.439538 -33.746731, 136.450691 -33.753024, 136.461847 -33.759316, 136.473004 -33.765607, 136.484162 -33.771896, 136.495322 -33.778185, 136.506484 -33.784473, 136.517648 -33.790760, 136.528813 -33.797045, 136.539979 -33.803330, 136.551148 -33.809614, 136.562318 -33.815897, 136.573489 -33.822178, 136.584663 -33.828459, 136.595838 -33.834739, 136.607014 -33.841017, 136.618192 -33.847295, 136.629372 -33.853572, 136.640554 -33.859847, 136.651737 -33.866122, 136.662922 -33.872396, 136.674108 -33.878668, 136.685296 -33.884940, 136.696486 -33.891210, 136.707677 -33.897480, 136.718870 -33.903749, 136.730065 -33.910016, 136.741261 -33.916283, 136.752459 -33.922548, 136.763659 -33.928813, 136.774860 -33.935076, 136.786063 -33.941339, 136.797268 -33.947600, 136.808474 -33.953861, 136.819682 -33.960120, 136.830891 -33.966379, 136.842102 -33.972636, 136.853315 -33.978892, 136.864530 -33.985148, 136.875746 -33.991402, 136.886963 -33.997656, 136.898183 -34.003908, 136.909404 -34.010159, 136.920627 -34.016410, 136.931851 -34.022659, 136.943077 -34.028907, 136.954305 -34.035154, 136.965534 -34.041401, 136.976765 -34.047646, 136.987997 -34.053890, 136.999232 -34.060133, 137.010468 -34.066375, 137.021705 -34.072616, 137.032944 -34.078856, 137.044185 -34.085095, 137.055428 -34.091333, 137.066672 -34.097570, 137.077918 -34.103806, 137.089166 -34.110041, 137.100415 -34.116275, 137.111666 -34.122508, 137.122918 -34.128740, 137.134172 -34.134971, 137.145428 -34.141201, 137.156686 -34.147430, 137.167945 -34.153657, 137.179205 -34.159884, 137.190468 -34.166110, 137.201732 -34.172335, 137.212998 -34.178558, 137.224265 -34.184781, 137.235534 -34.191002, 137.246805 -34.197223, 137.258078 -34.203443, 137.269352 -34.209661, 137.280627 -34.215879, 137.291905 -34.222095, 137.303184 -34.228310, 137.314465 -34.234525, 137.325747 -34.240738, 137.337031 -34.246950, 137.348317 -34.253162, 137.359604 -34.259372, 137.370893 -34.265581, 137.382184 -34.271789, 137.393477 -34.277997, 137.404771 -34.284203, 137.416066 -34.290408, 137.427364 -34.296612, 137.438663 -34.302815, 137.449964 -34.309017, 137.461266 -34.315218, 137.472570 -34.321418, 137.483876 -34.327616, 137.495183 -34.333814, 137.506493 -34.340011, 137.517803 -34.346207, 137.529116 -34.352401, 137.540430 -34.358595, 137.551746 -34.364788, 137.563063 -34.370979, 137.574382 -34.377170, 137.585703 -34.383359, 137.597026 -34.389548, 137.608350 -34.395735, 137.619676 -34.401921, 137.631003 -34.408107, 137.642332 -34.414291, 137.653663 -34.420474, 137.664996 -34.426656, 137.676330 -34.432837, 137.687666 -34.439017, 137.699003 -34.445196, 137.710343 -34.451374, 137.721684 -34.457551, 137.733026 -34.463727, 137.744370 -34.469902, 137.755716 -34.476076, 137.767064 -34.482249, 137.778413 -34.488420, 137.789764 -34.494591, 137.801117 -34.500761, 137.812471 -34.506929, 137.823827 -34.513097, 137.835185 -34.519263, 137.846545 -34.525429, 137.857906 -34.531593, 137.869268 -34.537756, 137.880633 -34.543918, 137.891999 -34.550080, 137.903367 -34.556240, 137.914736 -34.562399, 137.926108 -34.568557, 137.937480 -34.574714, 137.948855 -34.580870, 137.960231 -34.587025, 137.971609 -34.593178, 137.982989 -34.599331, 137.994370 -34.605483, 138.005753 -34.611633, 138.017138 -34.617783, 138.028524 -34.623932, 138.039912 -34.630079, 138.051302 -34.636225, 138.062693 -34.642371, 138.074086 -34.648515, 138.085481 -34.654658, 138.096877 -34.660800, 138.108276 -34.666942, 138.119676 -34.673082, 138.131077 -34.679221, 138.142480 -34.685358, 138.153885 -34.691495, 138.165292 -34.697631, 138.176700 -34.703766, 138.188110 -34.709900, 138.199522 -34.716032, 138.210935 -34.722164, 138.222350 -34.728294, 138.233767 -34.734424, 138.245186 -34.740552, 138.256606 -34.746679, 138.268028 -34.752805, 138.279451 -34.758931, 138.290876 -34.765055, 138.302303 -34.771178, 138.313732 -34.777300, 138.325162 -34.783420, 138.336594 -34.789540, 138.348028 -34.795659, 138.359464 -34.801777, 138.370901 -34.807893, 138.382339 -34.814009, 138.393780 -34.820123, 138.405222 -34.826237, 138.416666 -34.832349, 138.428112 -34.838460, 138.439559 -34.844570, 138.451008 -34.850679, 138.462459 -34.856788, 138.473911 -34.862894, 138.485365 -34.869000, 138.496821 -34.875105, 138.508279 -34.881209, 138.519738 -34.887312, 138.531199 -34.893413, 138.542661 -34.899514, 138.554126 -34.905613, 138.565592 -34.911711, 138.577059 -34.917809, 138.588529 -34.923905, 138.600000 -34.930000, 138.611693 -34.935808, 138.623389 -34.941615, 138.635085 -34.947420, 138.646784 -34.953225, 138.658484 -34.959028, 138.670186 -34.964831, 138.681889 -34.970632, 138.693594 -34.976432, 138.705301 -34.982231, 138.717009 -34.988028, 138.728719 -34.993825, 138.740431 -34.999621, 138.752144 -35.005415, 138.763859 -35.011208, 138.775576 -35.017001, 138.787294 -35.022792, 138.799014 -35.028582, 138.810736 -35.034370, 138.822459 -35.040158, 138.834184 -35.045945, 138.845911 -35.051730, 138.857639 -35.057514, 138.869369 -35.063297, 138.881101 -35.069079, 138.892834 -35.074860, 138.904569 -35.080640, 138.916306 -35.086419, 138.928044 -35.092196, 138.939784 -35.097973, 138.951525 -35.103748, 138.963269 -35.109522, 138.975014 -35.115295, 138.986760 -35.121067, 138.998508 -35.126837, 139.010258 -35.132607, 139.022010 -35.138375, 139.033763 -35.144143, 139.045518 -35.149909, 139.057275 -35.155674, 139.069033 -35.161438, 139.080793 -35.167201, 139.092554 -35.172962, 139.104318 -35.178723, 139.116082 -35.184482, 139.127849 -35.190240, 139.139617 -35.195997, 139.151387 -35.201753, 139.163159 -35.207508, 139.174932 -35.213262, 139.186707 -35.219014, 139.198484 -35.224766, 139.210262 -35.230516, 139.222042 -35.236265, 139.233823 -35.242013, 139.245607 -35.247760, 139.257392 -35.253505, 139.269178 -35.259250, 139.280966 -35.264993, 139.292756 -35.270735, 139.304548 -35.276477, 139.316341 -35.282217, 139.328136 -35.287955, 139.339933 -35.293693, 139.351731 -35.299429, 139.363531 -35.305165, 139.375333 -35.310899, 139.387136 -35.316632, 139.398941 -35.322364, 139.410748 -35.328095, 139.422556 -35.333824, 139.434366 -35.339553, 139.446178 -35.345280, 139.457991 -35.351007, 139.469806 -35.356732, 139.481623 -35.362455, 139.493442 -35.368178, 139.505262 -35.373900, 139.517083 -35.379620, 139.528907 -35.385339, 139.540732 -35.391058, 139.552559 -35.396775, 139.564387 -35.402490, 139.576217 -35.408205, 139.588049 -35.413919, 139.599883 -35.419631, 139.611718 -35.425342, 139.623555 -35.431052, 139.635393 -35.436761, 139.647233 -35.442469, 139.659075 -35.448175, 139.670919 -35.453881, 139.682764 -35.459585, 139.694611 -35.465288, 139.706460 -35.470990, 139.718310 -35.476691, 139.730162 -35.482391, 139.742015 -35.488089, 139.753871 -35.493787, 139.765728 -35.499483, 139.777586 -35.505178, 139.789447 -35.510872, 139.801309 -35.516564, 139.813173 -35.522256, 139.825038 -35.527946, 139.836905 -35.533635, 139.848774 -35.539323, 139.860644 -35.545010, 139.872516 -35.550696, 139.884390 -35.556380, 139.896266 -35.562064, 139.908143 -35.567746, 139.920022 -35.573427, 139.931903 -35.579107, 139.943785 -35.584786, 139.955669 -35.590463, 139.967554 -35.596140, 139.979442 -35.601815, 139.991331 -35.607489, 140.003221 -35.613162, 140.015114 -35.618834, 140.027008 -35.624504, 140.038904 -35.630173, 140.050801 -35.635842, 140.062700 -35.641509, 140.074601 -35.647175, 140.086503 -35.652839, 140.098408 -35.658503, 140.110313 -35.664165, 140.122221 -35.669826, 140.134130 -35.675486, 140.146041 -35.681145, 140.157954 -35.686803, 140.169868 -35.692459, 140.181784 -35.698115, 140.193702 -35.703769, 140.205621 -35.709422, 140.217542 -35.715074, 140.229465 -35.720724, 140.241390 -35.726374, 140.253316 -35.732022, 140.265244 -35.737669, 140.277173 -35.743315, 140.289104 -35.748960, 140.301037 -35.754603, 140.312972 -35.760245, 140.324908 -35.765887, 140.336846 -35.771527, 140.348786 -35.777166, 140.360727 -35.782803, 140.372670 -35.788440, 140.384615 -35.794075, 140.396561 -35.799709, 140.408510 -35.805342, 140.420460 -35.810974, 140.432411 -35.816604, 140.444364 -35.822234, 140.456319 -35.827862, 140.468276 -35.833489, 140.480234 -35.839115, 140.492194 -35.844739, 140.504156 -35.850363, 140.516119 -35.855985, 140.528085 -35.861606, 140.540051 -35.867226, 140.552020 -35.872845, 140.563990 -35.878462, 140.575962 -35.884079, 140.587936 -35.889694, 140.599911 -35.895308, 140.611888 -35.900921, 140.623867 -35.906532, 140.635847 -35.912142, 140.647829 -35.917752, 140.659813 -35.923360, 140.671798 -35.928967, 140.683786 -35.934572, 140.695774 -35.940177, 140.707765 -35.945780, 140.719757 -35.951382, 140.731751 -35.956983, 140.743747 -35.962582, 140.755744 -35.968181, 140.767744 -35.973778, 140.779744 -35.979374, 140.791747 -35.984969, 140.803751 -35.990563, 140.815757 -35.996155, 140.827765 -36.001747, 140.839774 -36.007337, 140.851785 -36.012926, 140.863798 -36.018513, 140.875812 -36.024100, 140.887828 -36.029685, 140.899846 -36.035269, 140.911866 -36.040852, 140.923887 -36.046434, 140.935910 -36.052014, 140.947934 -36.057594, 140.959961 -36.063172, 140.971989 -36.068749, 140.984019 -36.074324, 140.996050 -36.079899, 141.008083 -36.085472, 141.020118 -36.091044, 141.032155 -36.096615, 141.044193 -36.102185, 141.056233 -36.107753, 141.068275 -36.113321, 141.080318 -36.118887, 141.092363 -36.124452, 141.104410 -36.130015, 141.116459 -36.135578, 141.128509 -36.141139, 141.140561 -36.146699, 141.152615 -36.152258, 141.164670 -36.157816, 141.176727 -36.163372, 141.188786 -36.168927, 141.200846 -36.174481, 141.212908 -36.180034, 141.224972 -36.185586, 141.237038 -36.191136, 141.249105 -36.196685, 141.261174 -36.202233, 141.273245 -36.207780, 141.285318 -36.213325, 141.297392 -36.218870, 141.309468 -36.224413, 141.321545 -36.229955, 141.333625 -36.235495, 141.345706 -36.241035, 141.357788 -36.246573, 141.369873 -36.252110, 141.381959 -36.257646, 141.394047 -36.263181, 141.406137 -36.268714, 141.418228 -36.274246, 141.430321 -36.279777, 141.442416 -36.285307, 141.454512 -36.290835, 141.466610 -36.296363, 141.478710 -36.301889, 141.490812 -36.307413, 141.502915 -36.312937, 141.515020 -36.318460, 141.527127 -36.323981, 141.539235 -36.329501, 141.551345 -36.335019, 141.563457 -36.340537, 141.575571 -36.346053, 141.587686 -36.351568, 141.599803 -36.357082, 141.611922 -36.362595, 141.624042 -36.368106, 141.636165 -36.373616, 141.648289 -36.379125, 141.660414 -36.384633, 141.672541 -36.390140, 141.684671 -36.395645, 141.696801 -36.401149, 141.708934 -36.406652, 141.721068 -36.412153, 141.733204 -36.417654, 141.745342 -36.423153, 141.757481 -36.428651, 141.769622 -36.434148, 141.781765 -36.439643, 141.793909 -36.445137, 141.806056 -36.450630, 141.818204 -36.456122, 141.830353 -36.461613, 141.842505 -36.467102, 141.854658 -36.472590, 141.866813 -36.478077, 141.878969 -36.483563, 141.891127 -36.489047, 141.903287 -36.494530, 141.915449 -36.500012, 141.927613 -36.505493, 141.939778 -36.510972, 141.951945 -36.516450, 141.964113 -36.521927, 141.976284 -36.527403, 141.988456 -36.532877, 142.000630 -36.538351, 142.012805 -36.543823, 142.024982 -36.549294, 142.037161 -36.554763, 142.049342 -36.560231, 142.061524 -36.565698, 142.073709 -36.571164, 142.085894 -36.576629, 142.098082 -36.582092, 142.110271 -36.587554, 142.122462 -36.593015, 142.134655 -36.598475, 142.146850 -36.603933, 142.159046 -36.609390, 142.171244 -36.614846, 142.183443 -36.620301, 142.195645 -36.625754, 142.207848 -36.631207, 142.220053 -36.636657, 142.232259 -36.642107, 142.244468 -36.647556, 142.256678 -36.653003, 142.268889 -36.658449, 142.281103 -36.663893, 142.293318 -36.669337, 142.305535 -36.674779, 142.317754 -36.680220, 142.329974 -36.685660, 142.342196 -36.691098, 142.354420 -36.696535, 142.366646 -36.701971, 142.378873 -36.707406, 142.391102 -36.712839, 142.403333 -36.718272, 142.415565 -36.723703, 142.427799 -36.729132, 142.440035 -36.734561, 142.452273 -36.739988, 142.464512 -36.745414, 142.476754 -36.750839, 142.488996 -36.756262, 142.501241 -36.761684, 142.513487 -36.767105, 142.525735 -36.772525, 142.537985 -36.777943, 142.550237 -36.783360, 142.562490 -36.788776, 142.574745 -36.794191, 142.587002 -36.799604, 142.599260 -36.805016, 142.611520 -36.810427, 142.623782 -36.815837, 142.636046 -36.821245, 142.648311 -36.826652, 142.660579 -36.832058, 142.672847 -36.837463, 142.685118 -36.842866, 142.697390 -36.848268, 142.709664 -36.853669, 142.721940 -36.859068, 142.734218 -36.864467, 142.746497 -36.869864, 142.758778 -36.875259, 142.771061 -36.880654, 142.783345 -36.886047, 142.795631 -36.891439, 142.807919 -36.896830, 142.820209 -36.902219, 142.832501 -36.907607, 142.844794 -36.912994, 142.857089 -36.918380, 142.869385 -36.923764, 142.881684 -36.929147, 142.893984 -36.934529, 142.906285 -36.939910, 142.918589 -36.945289, 142.930894 -36.950667, 142.943201 -36.956044, 142.955510 -36.961419, 142.967821 -36.966793, 142.980133 -36.972166, 142.992447 -36.977538, 143.004763 -36.982908, 143.017080 -36.988277, 143.029399 -36.993645, 143.041720 -36.999012, 143.054043 -37.004377, 143.066367 -37.009741, 143.078694 -37.015104, 143.091022 -37.020465, 143.103351 -37.025825, 143.115683 -37.031184, 143.128016 -37.036542, 143.140351 -37.041898, 143.152687 -37.047253, 143.165026 -37.052607, 143.177366 -37.057960, 143.189707 -37.063311, 143.202051 -37.068661, 143.214396 -37.074010, 143.226743 -37.079357, 143.239092 -37.084703, 143.251443 -37.090048, 143.263795 -37.095392, 143.276149 -37.100734, 143.288505 -37.106075, 143.300862 -37.111415, 143.313222 -37.116753, 143.325583 -37.122090, 143.337945 -37.127426, 143.350310 -37.132761, 143.362676 -37.138094, 143.375044 -37.143426, 143.387414 -37.148757, 143.399785 -37.154086, 143.412158 -37.159414, 143.424533 -37.164741, 143.436910 -37.170067, 143.449288 -37.175391, 143.461669 -37.180714, 143.474051 -37.186036, 143.486434 -37.191356, 143.498820 -37.196676, 143.511207 -37.201993, 143.523596 -37.207310, 143.535986 -37.212625, 143.548379 -37.217939, 143.560773 -37.223252, 143.573169 -37.228563, 143.585566 -37.233874, 143.597966 -37.239182, 143.610367 -37.244490, 143.622770 -37.249796, 143.635174 -37.255101, 143.647581 -37.260405, 143.659989 -37.265707, 143.672399 -37.271008, 143.684810 -37.276308, 143.697224 -37.281606, 143.709639 -37.286904, 143.722056 -37.292199, 143.734474 -37.297494, 143.746895 -37.302787, 143.759317 -37.308079, 143.771741 -37.313370, 143.784166 -37.318659, 143.796593 -37.323947, 143.809023 -37.329234, 143.821453 -37.334520, 143.833886 -37.339804, 143.846320 -37.345087, 143.858756 -37.350368, 143.871194 -37.355649, 143.883634 -37.360928, 143.896075 -37.366205, 143.908518 -37.371482, 143.920963 -37.376757, 143.933410 -37.382031, 143.945858 -37.387303, 143.958308 -37.392574, 143.970760 -37.397844, 143.983214 -37.403113, 143.995669 -37.408380, 144.008126 -37.413646, 144.020585 -37.418910, 144.033045 -37.424174, 144.045508 -37.429436, 144.057972 -37.434696, 144.070438 -37.439956, 144.082905 -37.445214, 144.095375 -37.450471, 144.107846 -37.455726, 144.120319 -37.460980, 144.132793 -37.466233, 144.145270 -37.471485, 144.157748 -37.476735, 144.170228 -37.481984, 144.182709 -37.487231, 144.195193 -37.492478, 144.207678 -37.497723, 144.220165 -37.502966, 144.232653 -37.508209, 144.245144 -37.513450, 144.257636 -37.518689, 144.270130 -37.523928, 144.282625 -37.529165, 144.295123 -37.534400, 144.307622 -37.539635, 144.320123 -37.544868, 144.332626 -37.550100, 144.345130 -37.555330, 144.357636 -37.560559, 144.370144 -37.565787, 144.382654 -37.571014, 144.395165 -37.576239, 144.407679 -37.581463, 144.420194 -37.586686, 144.432710 -37.591907, 144.445229 -37.597127, 144.457749 -37.602345, 144.470271 -37.607563, 144.482795 -37.612779, 144.495320 -37.617993, 144.507847 -37.623206, 144.520376 -37.628418, 144.532907 -37.633629, 144.545440 -37.638838, 144.557974 -37.644046, 144.570510 -37.649253, 144.583048 -37.654458, 144.595587 -37.659663, 144.608129 -37.664865, 144.620672 -37.670067, 144.633217 -37.675267, 144.645763 -37.680465, 144.658312 -37.685663, 144.670862 -37.690859, 144.683414 -37.696053, 144.695967 -37.701247, 144.708523 -37.706439, 144.721080 -37.711630, 144.733639 -37.716819, 144.746199 -37.722007, 144.758762 -37.727194, 144.771326 -37.732379, 144.783892 -37.737563, 144.796460 -37.742746, 144.809029 -37.747927, 144.821600 -37.753108, 144.834173 -37.758286, 144.846748 -37.763464, 144.859325 -37.768640, 144.871903 -37.773814, 144.884483 -37.778988, 144.897065 -37.784160, 144.909648 -37.789331, 144.922234 -37.794500, 144.934821 -37.799668, 144.947409 -37.804835, 144.960000 -37.810000, 144.971484 -37.803406, 144.982965 -37.796811, 144.994444 -37.790215, 145.005922 -37.783617, 145.017397 -37.777019, 145.028870 -37.770420, 145.040342 -37.763819, 145.051811 -37.757217, 145.063278 -37.750614, 145.074743 -37.744010, 145.086206 -37.737405, 145.097667 -37.730799, 145.109126 -37.724192, 145.120583 -37.717583, 145.132038 -37.710974, 145.143491 -37.704363, 145.154941 -37.697751, 145.166390 -37.691139, 145.177837 -37.684525, 145.189281 -37.677909, 145.200724 -37.671293, 145.212165 -37.664676, 145.223603 -37.658058, 145.235040 -37.651438, 145.246474 -37.644818, 145.257907 -37.638196, 145.269337 -37.631573, 145.280765 -37.624949, 145.292192 -37.618324, 145.303616 -37.611698, 145.315038 -37.605071, 145.326458 -37.598443, 145.337876 -37.591813, 145.349293 -37.585183, 145.360707 -37.578551, 145.372119 -37.571918, 145.383529 -37.565285, 145.394937 -37.558650, 145.406343 -37.552014, 145.417747 -37.545377, 145.429149 -37.538739, 145.440548 -37.532099, 145.451946 -37.525459, 145.463342 -37.518817, 145.474736 -37.512175, 145.486128 -37.505531, 145.497517 -37.498886, 145.508905 -37.492241, 145.520291 -37.485594, 145.531674 -37.478946, 145.543056 -37.472297, 145.554436 -37.465646, 145.565813 -37.458995, 145.577189 -37.452343, 145.588562 -37.445689, 145.599934 -37.439035, 145.611303 -37.432379, 145.622671 -37.425722, 145.634036 -37.419064, 145.645400 -37.412405, 145.656761 -37.405745, 145.668120 -37.399084, 145.679478 -37.392422, 145.690833 -37.385759, 145.702186 -37.379094, 145.713538 -37.372429, 145.724887 -37.365762, 145.736234 -37.359095, 145.747579 -37.352426, 145.758923 -37.345756, 145.770264 -37.339085, 145.781603 -37.332414, 145.792940 -37.325740, 145.804275 -37.319066, 145.815609 -37.312391, 145.826940 -37.305715, 145.838269 -37.299038, 145.849596 -37.292359, 145.860921 -37.285680, 145.872244 -37.278999, 145.883565 -37.272317, 145.894884 -37.265635, 145.906202 -37.258951, 145.917517 -37.252266, 145.928830 -37.245580, 145.940141 -37.238893, 145.951450 -37.232205, 145.962757 -37.225516, 145.974062 -37.218825, 145.985365 -37.212134, 145.996666 -37.205441, 146.007965 -37.198748, 146.019262 -37.192053, 146.030557 -37.185358, 146.041850 -37.178661, 146.053141 -37.171963, 146.064430 -37.165264, 146.075717 -37.158564, 146.087002 -37.151863, 146.098285 -37.145161, 146.109566 -37.138458, 146.120845 -37.131754, 146.132122 -37.125049, 146.143397 -37.118342, 146.154670 -37.111635, 146.165941 -37.104927, 146.177210 -37.098217, 146.188477 -37.091506, 146.199742 -37.084795, 146.211005 -37.078082, 146.222266 -37.071368, 146.233525 -37.064653, 146.244782 -37.057937, 146.256037 -37.051220, 146.267291 -37.044502, 146.278542 -37.037783, 146.289791 -37.031063, 146.301038 -37.024342, 146.312283 -37.017619, 146.323526 -37.010896, 146.334767 -37.004172, 146.346006 -36.997446, 146.357243 -36.990720, 146.368479 -36.983992, 146.379712 -36.977263, 146.390943 -36.970534, 146.402172 -36.963803, 146.413399 -36.957071, 146.424625 -36.950338, 146.435848 -36.943604, 146.447069 -36.936869, 146.458288 -36.930133, 146.469506 -36.923396, 146.480721 -36.916658, 146.491934 -36.909918, 146.503146 -36.903178, 146.514355 -36.896437, 146.525562 -36.889694, 146.536768 -36.882951, 146.547971 -36.876207, 146.559173 -36.869461, 146.570372 -36.862714, 146.581570 -36.855967, 146.592765 -36.849218, 146.603959 -36.842468, 146.615150 -36.835718, 146.626340 -36.828966, 146.637528 -36.822213, 146.648713 -36.815459, 146.659897 -36.808704, 146.671079 -36.801948, 146.682258 -36.795191, 146.693436 -36.788433, 146.704612 -36.781673, 146.715786 -36.774913, 146.726957 -36.768152, 146.738127 -36.761390, 146.749295 -36.754626, 146.760461 -36.747862, 146.771625 -36.741097, 146.782787 -36.734330, 146.793947 -36.727563, 146.805105 -36.720794, 146.816261 -36.714024, 146.827415 -36.707254, 146.838568 -36.700482, 146.849718 -36.693709, 146.860866 -36.686936, 146.872012 -36.680161, 146.883157 -36.673385, 146.894299 -36.666608, 146.905439 -36.659830, 146.916578 -36.653051, 146.927714 -36.646271, 146.938849 -36.639490, 146.949981 -36.632708, 146.961112 -36.625925, 146.972240 -36.619141, 146.983367 -36.612356, 146.994492 -36.605569, 147.005614 -36.598782, 147.016735 -36.591994, 147.027854 -36.585205, 147.038971 -36.578414, 147.050086 -36.571623, 147.061199 -36.564831, 147.072310 -36.558037, 147.083419 -36.551243, 147.094526 -36.544447, 147.105631 -36.537651, 147.116734 -36.530853, 147.127836 -36.524054, 147.138935 -36.517255, 147.150032 -36.510454, 147.161128 -36.503653, 147.172221 -36.496850, 147.183313 -36.490046, 147.194402 -36.483241, 147.205490 -36.476436, 147.216575 -36.469629, 147.227659 -36.462821, 147.238741 -36.456012, 147.249821 -36.449202, 147.260899 -36.442391, 147.271974 -36.435580, 147.283048 -36.428767, 147.294120 -36.421953, 147.305191 -36.415138, 147.316259 -36.408322, 147.327325 -36.401505, 147.338389 -36.394687, 147.349451 -36.387867, 147.360512 -36.381047, 147.371570 -36.374226, 147.382627 -36.367404, 147.393681 -36.360581, 147.404734 -36.353757, 147.415785 -36.346932, 147.426833 -36.340105, 147.437880 -36.333278, 147.448925 -36.326450, 147.459968 -36.319621, 147.471009 -36.312791, 147.482048 -36.305959, 147.493085 -36.299127, 147.504121 -36.292294, 147.515154 -36.285459, 147.526185 -36.278624, 147.537215 -36.271788, 147.548242 -36.264950, 147.559268 -36.258112, 147.570291 -36.251273, 147.581313 -36.244432, 147.592333 -36.237591, 147.603350 -36.230748, 147.614366 -36.223905, 147.625380 -36.217060, 147.636392 -36.210215, 147.647402 -36.203369, 147.658411 -36.196521, 147.669417 -36.189673, 147.680421 -36.182823, 147.691424 -36.175973, 147.702424 -36.169121, 147.713423 -36.162269, 147.724419 -36.155415, 147.735414 -36.148561, 147.746407 -36.141705, 147.757398 -36.134849, 147.768387 -36.127991, 147.779374 -36.121133, 147.790359 -36.114273, 147.801342 -36.107413, 147.812323 -36.100551, 147.823303 -36.093688, 147.834280 -36.086825, 147.845256 -36.079960, 147.856229 -36.073095, 147.867201 -36.066228, 147.878171 -36.059361, 147.889139 -36.052492, 147.900105 -36.045623, 147.911069 -36.038752, 147.922031 -36.031881, 147.932991 -36.025008, 147.943949 -36.018135, 147.954906 -36.011260, 147.965860 -36.004385, 147.976813 -35.997508, 147.987764 -35.990631, 147.998712 -35.983752, 148.009659 -35.976873, 148.020604 -35.969992, 148.031547 -35.963111, 148.042488 -35.956228, 148.053427 -35.949345, 148.064365 -35.942460, 148.075300 -35.935575, 148.086234 -35.928688, 148.097165 -35.921801, 148.108095 -35.914912, 148.119023 -35.908023, 148.129949 -35.901133, 148.140873 -35.894241, 148.151795 -35.887349, 148.162715 -35.880455, 148.173633 -35.873561, 148.184549 -35.866666, 148.195464 -35.859769, 148.206377 -35.852872, 148.217287 -35.845974, 148.228196 -35.839074, 148.239103 -35.832174, 148.250008 -35.825273, 148.260911 -35.818371, 148.271812 -35.811467, 148.282711 -35.804563, 148.293609 -35.797658, 148.304504 -35.790752, 148.315398 -35.783845, 148.326290 -35.776936, 148.337180 -35.770027, 148.348067 -35.763117, 148.358954 -35.756206, 148.369838 -35.749294, 148.380720 -35.742381, 148.391600 -35.735467, 148.402479 -35.728552, 148.413355 -35.721636, 148.424230 -35.714719, 148.435103 -35.707801, 148.445974 -35.700882, 148.456843 -35.693962, 148.467710 -35.687041, 148.478575 -35.680119, 148.489439 -35.673196, 148.500300 -35.666273, 148.511160 -35.659348, 148.522018 -35.652422, 148.532873 -35.645495, 148.543727 -35.638568, 148.554580 -35.631639, 148.565430 -35.624709, 148.576278 -35.617779, 148.587125 -35.610847, 148.597969 -35.603914, 148.608812 -35.596981, 148.619653 -35.590046, 148.630492 -35.583111, 148.641329 -35.576174, 148.652164 -35.569237, 148.662997 -35.562299, 148.673829 -35.555359, 148.684658 -35.548419, 148.695486 -35.541478, 148.706312 -35.534535, 148.717135 -35.527592, 148.727958 -35.520648, 148.738778 -35.513703, 148.749596 -35.506757, 148.760412 -35.499809, 148.771227 -35.492861, 148.782040 -35.485912, 148.792851 -35.478962, 148.803660 -35.472011, 148.814467 -35.465059, 148.825272 -35.458107, 148.836075 -35.451153, 148.846877 -35.444198, 148.857676 -35.437242, 148.868474 -35.430285, 148.879270 -35.423328, 148.890064 -35.416369, 148.900856 -35.409409, 148.911646 -35.402449, 148.922435 -35.395487, 148.933221 -35.388525, 148.944006 -35.381561, 148.954789 -35.374597, 148.965570 -35.367632, 148.976349 -35.360665, 148.987126 -35.353698, 148.997902 -35.346730, 149.008675 -35.339761, 149.019447 -35.332790, 149.030217 -35.325819, 149.040985 -35.318847, 149.051751 -35.311874, 149.062515 -35.304900, 149.073278 -35.297925, 149.084038 -35.290949, 149.094797 -35.283973, 149.105554 -35.276995, 149.116309 -35.270016, 149.127062 -35.263036, 149.137813 -35.256056, 149.148563 -35.249074, 149.159310 -35.242092, 149.170056 -35.235108, 149.180800 -35.228124, 149.191542 -35.221138, 149.202282 -35.214152, 149.213020 -35.207165, 149.223757 -35.200176, 149.234491 -35.193187, 149.245224 -35.186197, 149.255955 -35.179206, 149.266684 -35.172214, 149.277412 -35.165221, 149.288137 -35.158227, 149.298861 -35.151232, 149.309582 -35.144236, 149.320302 -35.137240, 149.331020 -35.130242, 149.341736 -35.123243, 149.352451 -35.116244, 149.363163 -35.109243, 149.373874 -35.102242, 149.384583 -35.095239, 149.395290 -35.088236, 149.405995 -35.081232, 149.416698 -35.074227, 149.427400 -35.067220, 149.438099 -35.060213, 149.448797 -35.053205, 149.459493 -35.046196, 149.470187 -35.039186, 149.480879 -35.032175, 149.491570 -35.025164, 149.502259 -35.018151, 149.512945 -35.011137, 149.523630 -35.004123, 149.534313 -34.997107, 149.544995 -34.990091, 149.555674 -34.983073, 149.566352 -34.976055, 149.577028 -34.969036, 149.587702 -34.962015, 149.598374 -34.954994, 149.609044 -34.947972, 149.619713 -34.940949, 149.630379 -34.933925, 149.641044 -34.926900, 149.651707 -34.919874, 149.662368 -34.912848, 149.673028 -34.905820, 149.683685 -34.898791, 149.694341 -34.891762, 149.704995 -34.884731, 149.715647 -34.877700, 149.726297 -34.870668, 149.736945 -34.863634, 149.747592 -34.856600, 149.758237 -34.849565, 149.768880 -34.842529, 149.779521 -34.835492, 149.790160 -34.828454, 149.800798 -34.821415, 149.811433 -34.814376, 149.822067 -34.807335, 149.832699 -34.800293, 149.843330 -34.793251, 149.853958 -34.786207, 149.864585 -34.779163, 149.875209 -34.772118, 149.885832 -34.765071, 149.896454 -34.758024, 149.907073 -34.750976, 149.917690 -34.743927, 149.928306 -34.736877, 149.938920 -34.729827, 149.949532 -34.722775, 149.960142 -34.715722, 149.970751 -34.708669, 149.981358 -34.701614, 149.991962 -34.694559, 150.002566 -34.687502, 150.013167 -34.680445, 150.023766 -34.673387, 150.034364 -34.666328, 150.044960 -34.659268, 150.055554 -34.652207, 150.066146 -34.645145, 150.076736 -34.638082, 150.087325 -34.631019, 150.097912 -34.623954, 150.108497 -34.616889, 150.119080 -34.609822, 150.129661 -34.602755, 150.140241 -34.595687, 150.150819 -34.588617, 150.161395 -34.581547, 150.171969 -34.574476, 150.182541 -34.567404, 150.193112 -34.560332, 150.203681 -34.553258, 150.214248 -34.546183, 150.224813 -34.539108, 150.235376 -34.532031, 150.245938 -34.524954, 150.256498 -34.517876, 150.267056 -34.510797, 150.277612 -34.503716, 150.288167 -34.496636, 150.298719 -34.489554, 150.309270 -34.482471, 150.319819 -34.475387, 150.330366 -34.468302, 150.340912 -34.461217, 150.351456 -34.454131, 150.361998 -34.447043, 150.372538 -34.439955, 150.383076 -34.432866, 150.393613 -34.425776, 150.404147 -34.418685, 150.414680 -34.411593, 150.425211 -34.404500, 150.435741 -34.397407, 150.446268 -34.390312, 150.456794 -34.383217, 150.467318 -34.376120, 150.477841 -34.369023, 150.488361 -34.361925, 150.498880 -34.354826, 150.509397 -34.347726, 150.519912 -34.340625, 150.530425 -34.333523, 150.540937 -34.326421, 150.551447 -34.319317, 150.561955 -34.312213, 150.572461 -34.305107, 150.582965 -34.298001, 150.593468 -34.290894, 150.603969 -34.283786, 150.614468 -34.276677, 150.624965 -34.269567, 150.635461 -34.262456, 150.645955 -34.255345, 150.656447 -34.248232, 150.666937 -34.241119, 150.677425 -34.234004, 150.687912 -34.226889, 150.698397 -34.219773, 150.708880 -34.212656, 150.719362 -34.205538, 150.729841 -34.198420, 150.740319 -34.191300, 150.750795 -34.184179, 150.761270 -34.177058, 150.771742 -34.169936, 150.782213 -34.162812, 150.792682 -34.155688, 150.803149 -34.148563, 150.813615 -34.141438, 150.824078 -34.134311, 150.834540 -34.127183, 150.845000 -34.120055, 150.855459 -34.112925, 150.865916 -34.105795, 150.876370 -34.098664, 150.886824 -34.091532, 150.897275 -34.084399, 150.907725 -34.077265, 150.918172 -34.070130, 150.928619 -34.062994, 150.939063 -34.055858, 150.949505 -34.048721, 150.959946 -34.041582, 150.970385 -34.034443, 150.980823 -34.027303, 150.991258 -34.020162, 151.001692 -34.013020, 151.012124 -34.005878, 151.022554 -33.998734, 151.032983 -33.991590, 151.043410 -33.984444, 151.053835 -33.977298, 151.064258 -33.970151, 151.074679 -33.963003, 151.085099 -33.955854, 151.095517 -33.948705, 151.105933 -33.941554, 151.116348 -33.934403, 151.126761 -33.927250, 151.137172 -33.920097, 151.147581 -33.912943, 151.157989 -33.905788, 151.168394 -33.898632, 151.178798 -33.891475, 151.189201 -33.884318, 151.199601 -33.877159, 151.210000 -33.870000, 151.213319 -33.859120, 151.216638 -33.848240, 151.219956 -33.837360, 151.223273 -33.826480, 151.226589 -33.815600, 151.229904 -33.804719, 151.233219 -33.793839, 151.236532 -33.782958, 151.239845 -33.772078, 151.243157 -33.761197, 151.246468 -33.750316, 151.249778 -33.739435, 151.253088 -33.728554, 151.256396 -33.717673, 151.259704 -33.706792, 151.263011 -33.695911, 151.266317 -33.685030, 151.269622 -33.674148, 151.272926 -33.663267, 151.276230 -33.652385, 151.279533 -33.641504, 151.282834 -33.630622, 151.286135 -33.619740, 151.289436 -33.608858, 151.292735 -33.597976, 151.296034 -33.587094, 151.299331 -33.576212, 151.302628 -33.565330, 151.305924 -33.554447, 151.309219 -33.543565, 151.312514 -33.532682, 151.315807 -33.521800, 151.319100 -33.510917, 151.322392 -33.500034, 151.325683 -33.489151, 151.328973 -33.478268, 151.332262 -33.467385, 151.335551 -33.456502, 151.338839 -33.445619, 151.342126 -33.434735, 151.345412 -33.423852, 151.348697 -33.412969, 151.351982 -33.402085, 151.355265 -33.391201, 151.358548 -33.380318, 151.361830 -33.369434, 151.365111 -33.358550, 151.368391 -33.347666, 151.371671 -33.336782, 151.374950 -33.325897, 151.378228 -33.315013, 151.381505 -33.304129, 151.384781 -33.293244, 151.388056 -33.282360, 151.391331 -33.271475, 151.394605 -33.260591, 151.397878 -33.249706, 151.401150 -33.238821, 151.404421 -33.227936, 151.407692 -33.217051, 151.410961 -33.206166, 151.414230 -33.195281, 151.417498 -33.184395, 151.420766 -33.173510, 151.424032 -33.162624, 151.427298 -33.151739, 151.430563 -33.140853, 151.433827 -33.129968, 151.437090 -33.119082, 151.440352 -33.108196, 151.443614 -33.097310, 151.446875 -33.086424, 151.450135 -33.075538, 151.453394 -33.064651, 151.456652 -33.053765, 151.459910 -33.042879, 151.463167 -33.031992, 151.466423 -33.021106, 151.469678 -33.010219, 151.472932 -32.999332, 151.476186 -32.988445, 151.479439 -32.977558, 151.482691 -32.966671, 151.485942 -32.955784, 151.489192 -32.944897, 151.492442 -32.934010, 151.495690 -32.923123, 151.498938 -32.912235, 151.502186 -32.901348, 151.505432 -32.890460, 151.508677 -32.879572, 151.511922 -32.868685, 151.515166 -32.857797, 151.518409 -32.846909, 151.521652 -32.836021, 151.524893 -32.825133, 151.528134 -32.814245, 151.531374 -32.803356, 151.534613 -32.792468, 151.537852 -32.781580, 151.541089 -32.770691, 151.544326 -32.759803, 151.547562 -32.748914, 151.550797 -32.738025, 151.554032 -32.727136, 151.557266 -32.716247, 151.560498 -32.705358, 151.563730 -32.694469, 151.566962 -32.683580, 151.570192 -32.672691, 151.573422 -32.661802, 151.576651 -32.650912, 151.579879 -32.640023, 151.583106 -32.629133, 151.586333 -32.618243, 151.589559 -32.607354, 151.592784 -32.596464, 151.596008 -32.585574, 151.599231 -32.574684, 151.602454 -32.563794, 151.605676 -32.552904, 151.608897 -32.542013, 151.612117 -32.531123, 151.615337 -32.520233, 151.618556 -32.509342, 151.621774 -32.498452, 151.624991 -32.487561, 151.628207 -32.476670, 151.631423 -32.465779, 151.634638 -32.454889, 151.637852 -32.443998, 151.641065 -32.433107, 151.644278 -32.422215, 151.647489 -32.411324, 151.650700 -32.400433, 151.653910 -32.389542, 151.657120 -32.378650, 151.660329 -32.367759, 151.663536 -32.356867, 151.666743 -32.345975, 151.669950 -32.335083, 151.673155 -32.324192, 151.676360 -32.313300, 151.679564 -32.302408, 151.682767 -32.291515, 151.685970 -32.280623, 151.689172 -32.269731, 151.692373 -32.258839, 151.695573 -32.247946, 151.698772 -32.237054, 151.701971 -32.226161, 151.705169 -32.215268, 151.708366 -32.204376, 151.711562 -32.193483, 151.714758 -32.182590, 151.717952 -32.171697, 151.721147 -32.160804, 151.724340 -32.149911, 151.727532 -32.139017, 151.730724 -32.128124, 151.733915 -32.117231, 151.737105 -32.106337, 151.740295 -32.095444, 151.743483 -32.084550, 151.746671 -32.073656, 151.749859 -32.062762, 151.753045 -32.051869, 151.756231 -32.040975, 151.759416 -32.030081, 151.762600 -32.019186, 151.765783 -32.008292, 151.768966 -31.997398, 151.772148 -31.986504, 151.775329 -31.975609, 151.778509 -31.964715, 151.781689 -31.953820, 151.784868 -31.942925, 151.788046 -31.932031, 151.791223 -31.921136, 151.794400 -31.910241, 151.797576 -31.899346, 151.800751 -31.888451, 151.803925 -31.877556, 151.807099 -31.866660, 151.810272 -31.855765, 151.813444 -31.844870, 151.816615 -31.833974, 151.819786 -31.823079, 151.822956 -31.812183, 151.826125 -31.801287, 151.829293 -31.790392, 151.832461 -31.779496, 151.835628 -31.768600, 151.838794 -31.757704, 151.841959 -31.746808, 151.845124 -31.735912, 151.848288 -31.725015, 151.851451 -31.714119, 151.854613 -31.703223, 151.857775 -31.692326, 151.860936 -31.681429, 151.864096 -31.670533, 151.867255 -31.659636, 151.870414 -31.648739, 151.873572 -31.637842, 151.876729 -31.626946, 151.879886 -31.616048, 151.883041 -31.605151, 151.886196 -31.594254, 151.889351 -31.583357, 151.892504 -31.572460, 151.895657 -31.561562, 151.898809 -31.550665, 151.901960 -31.539767, 151.905111 -31.528869, 151.908261 -31.517972, 151.911410 -31.507074, 151.914558 -31.496176, 151.917706 -31.485278, 151.920853 -31.474380, 151.923999 -31.463482, 151.927144 -31.452584, 151.930289 -31.441686, 151.933433 -31.430787, 151.936576 -31.419889, 151.939719 -31.408990, 151.942860 -31.398092, 151.946002 -31.387193, 151.949142 -31.376294, 151.952281 -31.365396, 151.955420 -31.354497, 151.958558 -31.343598, 151.961696 -31.332699, 151.964833 -31.321800, 151.967969 -31.310900, 151.971104 -31.300001, 151.974238 -31.289102, 151.977372 -31.278202, 151.980505 -31.267303, 151.983637 -31.256403, 151.986769 -31.245504, 151.989900 -31.234604, 151.993030 -31.223704, 151.996160 -31.212804, 151.999288 -31.201904, 152.002416 -31.191004, 152.005544 -31.180104, 152.008670 -31.169204, 152.011796 -31.158304, 152.014921 -31.147404, 152.018046 -31.136503, 152.021169 -31.125603, 152.024292 -31.114702, 152.027414 -31.103802, 152.030536 -31.092901, 152.033657 -31.082000, 152.036777 -31.071099, 152.039896 -31.060198, 152.043015 -31.049297, 152.046133 -31.038396, 152.049250 -31.027495, 152.052367 -31.016594, 152.055483 -31.005693, 152.058598 -30.994791, 152.061712 -30.983890, 152.064826 -30.972988, 152.067939 -30.962087, 152.071051 -30.951185, 152.074163 -30.940283, 152.077273 -30.929381, 152.080384 -30.918479, 152.083493 -30.907578, 152.086602 -30.896675, 152.089710 -30.885773, 152.092817 -30.874871, 152.095924 -30.863969, 152.099029 -30.853067, 152.102135 -30.842164, 152.105239 -30.831262, 152.108343 -30.820359, 152.111446 -30.809456, 152.114548 -30.798554, 152.117650 -30.787651, 152.120751 -30.776748, 152.123851 -30.765845, 152.126951 -30.754942, 152.130050 -30.744039, 152.133148 -30.733136, 152.136245 -30.722233, 152.139342 -30.711329, 152.142438 -30.700426, 152.145533 -30.689523, 152.148628 -30.678619, 152.151722 -30.667716, 152.154815 -30.656812, 152.157908 -30.645908, 152.161000 -30.635004, 152.164091 -30.624100, 152.167181 -30.613196, 152.170271 -30.602292, 152.173360 -30.591388, 152.176448 -30.580484, 152.179536 -30.569580, 152.182623 -30.558676, 152.185709 -30.547771, 152.188795 -30.536867, 152.191880 -30.525962, 152.194964 -30.515058, 152.198048 -30.504153, 152.201130 -30.493248, 152.204213 -30.482343, 152.207294 -30.471438, 152.210375 -30.460533, 152.213455 -30.449628, 152.216534 -30.438723, 152.219613 -30.427818, 152.222691 -30.416913, 152.225768 -30.406007, 152.228845 -30.395102, 152.231921 -30.384197, 152.234996 -30.373291, 152.238071 -30.362385, 152.241145 -30.351480, 152.244218 -30.340574, 152.247290 -30.329668, 152.250362 -30.318762, 152.253433 -30.307856, 152.256504 -30.296950, 152.259573 -30.286044, 152.262643 -30.275138, 152.265711 -30.264231, 152.268779 -30.253325, 152.271846 -30.242419, 152.274912 -30.231512, 152.277978 -30.220606, 152.281043 -30.209699, 152.284107 -30.198792, 152.287171 -30.187886, 152.290234 -30.176979, 152.293296 -30.166072, 152.296358 -30.155165, 152.299419 -30.144258, 152.302479 -30.133351, 152.305539 -30.122443, 152.308597 -30.111536, 152.311656 -30.100629, 152.314713 -30.089721, 152.317770 -30.078814, 152.320826 -30.067906, 152.323882 -30.056999, 152.326937 -30.046091, 152.329991 -30.035183, 152.333044 -30.024276, 152.336097 -30.013368, 152.339149 -30.002460, 152.342201 -29.991552, 152.345252 -29.980643, 152.348302 -29.969735, 152.351352 -29.958827, 152.354400 -29.947919, 152.357448 -29.937010, 152.360496 -29.926102, 152.363543 -29.915193, 152.366589 -29.904285, 152.369634 -29.893376, 152.372679 -29.882467, 152.375723 -29.871558, 152.378767 -29.860650, 152.381810 -29.849741, 152.384852 -29.838832, 152.387893 -29.827922, 152.390934 -29.817013, 152.393974 -29.806104, 152.397014 -29.795195, 152.400053 -29.784285, 152.403091 -29.773376, 152.406128 -29.762466, 152.409165 -29.751557, 152.412202 -29.740647, 152.415237 -29.729738, 152.418272 -29.718828, 152.421306 -29.707918, 152.424340 -29.697008, 152.427373 -29.686098, 152.430405 -29.675188, 152.433436 -29.664278, 152.436467 -29.653368, 152.439498 -29.642457, 152.442527 -29.631547, 152.445556 -29.620636, 152.448585 -29.609726, 152.451612 -29.598815, 152.454639 -29.587905, 152.457665 -29.576994, 152.460691 -29.566083, 152.463716 -29.555173, 152.466741 -29.544262, 152.469764 -29.533351, 152.472787 -29.522440, 152.475810 -29.511529, 152.478832 -29.500617, 152.481853 -29.489706, 152.484873 -29.478795, 152.487893 -29.467884, 152.490912 -29.456972, 152.493931 -29.446061, 152.496948 -29.435149, 152.499966 -29.424237, 152.502982 -29.413326, 152.505998 -29.402414, 152.509013 -29.391502, 152.512028 -29.380590, 152.515042 -29.369678, 152.518055 -29.358766, 152.521068 -29.347854, 152.524080 -29.336942, 152.527092 -29.326030, 152.530102 -29.315117, 152.533112 -29.304205, 152.536122 -29.293292, 152.539131 -29.282380, 152.542139 -29.271467, 152.545146 -29.260555, 152.548153 -29.249642, 152.551160 -29.238729, 152.554165 -29.227816, 152.557170 -29.216903, 152.560174 -29.205990, 152.563178 -29.195077, 152.566181 -29.184164, 152.569184 -29.173251, 152.572185 -29.162338, 152.575187 -29.151424, 152.578187 -29.140511, 152.581187 -29.129597, 152.584186 -29.118684, 152.587185 -29.107770, 152.590183 -29.096857, 152.593180 -29.085943, 152.596177 -29.075029, 152.599173 -29.064115, 152.602168 -29.053201, 152.605163 -29.042287, 152.608157 -29.031373, 152.611151 -29.020459, 152.614143 -29.009545, 152.617136 -28.998631, 152.620127 -28.987716, 152.623118 -28.976802, 152.626109 -28.965888, 152.629098 -28.954973, 152.632088 -28.944058, 152.635076 -28.933144, 152.638064 -28.922229, 152.641051 -28.911314, 152.644038 -28.900399, 152.647024 -28.889484, 152.650009 -28.878570, 152.652994 -28.867654, 152.655978 -28.856739, 152.658961 -28.845824, 152.661944 -28.834909, 152.664926 -28.823994, 152.667908 -28.813078, 152.670889 -28.802163, 152.673869 -28.791247, 152.676849 -28.780332, 152.679828 -28.769416, 152.682806 -28.758500, 152.685784 -28.747585, 152.688761 -28.736669, 152.691738 -28.725753, 152.694714 -28.714837, 152.697689 -28.703921, 152.700664 -28.693005, 152.703638 -28.682089, 152.706611 -28.671172, 152.709584 -28.660256, 152.712556 -28.649340, 152.715528 -28.638423, 152.718499 -28.627507, 152.721469 -28.616590, 152.724439 -28.605674, 152.727408 -28.594757, 152.730377 -28.583840, 152.733345 -28.572923, 152.736312 -28.562006, 152.739279 -28.551090, 152.742245 -28.540173, 152.745210 -28.529255, 152.748175 -28.518338, 152.751139 -28.507421, 152.754103 -28.496504, 152.757066 -28.485587, 152.760028 -28.474669, 152.762990 -28.463752, 152.765951 -28.452834, 152.768912 -28.441917, 152.771872 -28.430999, 152.774831 -28.420081, 152.777790 -28.409163, 152.780748 -28.398246, 152.783705 -28.387328, 152.786662 -28.376410, 152.789619 -28.365492, 152.792574 -28.354574, 152.795529 -28.343655, 152.798484 -28.332737, 152.801438 -28.321819, 152.804391 -28.310901, 152.807344 -28.299982, 152.810296 -28.289064, 152.813247 -28.278145, 152.816198 -28.267227, 152.819148 -28.256308, 152.822098 -28.245389, 152.825047 -28.234470, 152.827995 -28.223552, 152.830943 -28.212633, 152.833890 -28.201714, 152.836837 -28.190795, 152.839783 -28.179875, 152.842728 -28.168956, 152.845673 -28.158037, 152.848617 -28.147118, 152.851561 -28.136198, 152.854504 -28.125279, 152.857446 -28.114359, 152.860388 -28.103440, 152.863329 -28.092520, 152.866270 -28.081601, 152.869210 -28.070681, 152.872149 -28.059761, 152.875088 -28.048841, 152.878026 -28.037921, 152.880964 -28.027001, 152.883901 -28.016081, 152.886837 -28.005161, 152.889773 -27.994241, 152.892708 -27.983321, 152.895643 -27.972400, 152.898577 -27.961480, 152.901510 -27.950560, 152.904443 -27.939639, 152.907375 -27.928719, 152.910307 -27.917798, 152.913238 -27.906877, 152.916169 -27.895957, 152.919098 -27.885036, 152.922028 -27.874115, 152.924956 -27.863194, 152.927885 -27.852273, 152.930812 -27.841352, 152.933739 -27.830431, 152.936665 -27.819510, 152.939591 -27.808588, 152.942516 -27.797667, 152.945441 -27.786746, 152.948365 -27.775824, 152.951288 -27.764903, 152.954211 -27.753981, 152.957133 -27.743060, 152.960055 -27.732138, 152.962976 -27.721216, 152.965897 -27.710295, 152.968817 -27.699373, 152.971736 -27.688451, 152.974655 -27.677529, 152.977573 -27.666607, 152.980490 -27.655685, 152.983407 -27.644763, 152.986324 -27.633840, 152.989239 -27.622918, 152.992155 -27.611996, 152.995069 -27.601073, 152.997983 -27.590151, 153.000897 -27.579228, 153.003810 -27.568306, 153.006722 -27.557383, 153.009634 -27.546461, 153.012545 -27.535538, 153.015456 -27.524615, 153.018366 -27.513692, 153.021275 -27.502769, 153.024184 -27.491846, 153.027092 -27.480923, 153.030000 -27.470000), (168.350000 -46.410000, 168.352680 -46.409371, 168.355359 -46.408741, 168.358039 -46.408112, 168.360718 -46.407482, 168.363398 -46.406853, 168.366077 -46.406223, 168.368756 -46.405593, 168.371436 -46.404964, 168.374115 -46.404334, 168.376794 -46.403704, 168.379473 -46.403074, 168.382152 -46.402444, 168.384831 -46.401814, 168.387510 -46.401184, 168.390189 -46.400554, 168.392867 -46.399923, 168.395546 -46.399293, 168.398225 -46.398663, 168.400903 -46.398032, 168.403582 -46.397402, 168.406260 -46.396771, 168.408939 -46.396141, 168.411617 -46.395510, 168.414295 -46.394879, 168.416973 -46.394248, 168.419652 -46.393617, 168.422330 -46.392987, 168.425008 -46.392356, 168.427686 -46.391724, 168.430363 -46.391093, 168.433041 -46.390462, 168.435719 -46.389831, 168.438397 -46.389200, 168.441074 -46.388568, 168.443752 -46.387937, 168.446429 -46.387305, 168.449107 -46.386674, 168.451784 -46.386042, 168.454462 -46.385410, 168.457139 -46.384779, 168.459816 -46.384147, 168.462493 -46.383515, 168.465170 -46.382883, 168.467847 -46.382251, 168.470524 -46.381619, 168.473201 -46.380987, 168.475878 -46.380355, 168.478555 -46.379722, 168.481232 -46.379090, 168.483908 -46.378458, 168.486585 -46.377825, 168.489261 -46.377193, 168.491938 -46.376560, 168.494614 -46.375928, 168.497290 -46.375295, 168.499967 -46.374662, 168.502643 -46.374029, 168.505319 -46.373396, 168.507995 -46.372763, 168.510671 -46.372130, 168.513347 -46.371497, 168.516023 -46.370864, 168.518699 -46.370231, 168.521375 -46.369598, 168.524050 -46.368964, 168.526726 -46.368331, 168.529402 -46.367698, 168.532077 -46.367064, 168.534753 -46.366431, 168.537428 -46.365797, 168.540103 -46.365163, 168.542779 -46.364530, 168.545454 -46.363896, 168.548129 -46.363262, 168.550804 -46.362628, 168.553479 -46.361994, 168.556154 -46.361360, 168.558829 -46.360726, 168.561504 -46.360092, 168.564179 -46.359457, 168.566853 -46.358823, 168.569528 -46.358189, 168.572203 -46.357554, 168.574877 -46.356920, 168.577552 -46.356285, 168.580226 -46.355650, 168.582900 -46.355016, 168.585575 -46.354381, 168.588249 -46.353746, 168.590923 -46.353111, 168.593597 -46.352476, 168.596271 -46.351841, 168.598945 -46.351206, 168.601619 -46.350571, 168.604293 -46.349936, 168.606967 -46.349301, 168.609641 -46.348665, 168.612314 -46.348030, 168.614988 -46.347395, 168.617661 -46.346759, 168.620335 -46.346124, 168.623008 -46.345488, 168.625682 -46.344852, 168.628355 -46.344217, 168.631028 -46.343581, 168.633701 -46.342945, 168.636374 -46.342309, 168.639047 -46.341673, 168.641720 -46.341037, 168.644393 -46.340401, 168.647066 -46.339765, 168.649739 -46.339128, 168.652412 -46.338492, 168.655084 -46.337856, 168.657757 -46.337219, 168.660430 -46.336583, 168.663102 -46.335946, 168.665774 -46.335310, 168.668447 -46.334673, 168.671119 -46.334036, 168.673791 -46.333399, 168.676464 -46.332762, 168.679136 -46.332126, 168.681808 -46.331489, 168.684480 -46.330852, 168.687152 -46.330214, 168.689823 -46.329577, 168.692495 -46.328940, 168.695167 -46.328303, 168.697839 -46.327665, 168.700510 -46.327028, 168.703182 -46.326390, 168.705853 -46.325753, 168.708525 -46.325115, 168.711196 -46.324478, 168.713867 -46.323840, 168.716539 -46.323202, 168.719210 -46.322564, 168.721881 -46.321926, 168.724552 -46.321288, 168.727223 -46.320650, 168.729894 -46.320012, 168.732565 -46.319374, 168.735236 -46.318736, 168.737906 -46.318097, 168.740577 -46.317459, 168.743248 -46.316821, 168.745918 -46.316182, 168.748589 -46.315544, 168.751259 -46.314905, 168.753929 -46.314266, 168.756600 -46.313628, 168.759270 -46.312989, 168.761940 -46.312350, 168.764610 -46.311711, 168.767280 -46.311072, 168.769950 -46.310433, 168.772620 -46.309794, 168.775290 -46.309155, 168.777960 -46.308515, 168.780630 -46.307876, 168.783299 -46.307237, 168.785969 -46.306597, 168.788639 -46.305958, 168.791308 -46.305318, 168.793977 -46.304679, 168.796647 -46.304039, 168.799316 -46.303399, 168.801985 -46.302760, 168.804655 -46.302120, 168.807324 -46.301480, 168.809993 -46.300840, 168.812662 -46.300200, 168.815331 -46.299560, 168.818000 -46.298920, 168.820668 -46.298279, 168.823337 -46.297639, 168.826006 -46.296999, 168.828674 -46.296358, 168.831343 -46.295718, 168.834011 -46.295077, 168.836680 -46.294437, 168.839348 -46.293796, 168.842017 -46.293155, 168.844685 -46.292514, 168.847353 -46.291874, 168.850021 -46.291233, 168.852689 -46.290592, 168.855357 -46.289951, 168.858025 -46.289310, 168.860693 -46.288668, 168.863361 -46.288027, 168.866029 -46.287386, 168.868696 -46.286745, 168.871364 -46.286103, 168.874031 -46.285462, 168.876699 -46.284820, 168.879366 -46.284179, 168.882034 -46.283537, 168.884701 -46.282895, 168.887368 -46.282254, 168.890035 -46.281612, 168.892703 -46.280970, 168.895370 -46.280328, 168.898037 -46.279686, 168.900704 -46.279044, 168.903370 -46.278402, 168.906037 -46.277759, 168.908704 -46.277117, 168.911371 -46.276475, 168.914037 -46.275832, 168.916704 -46.275190, 168.919370 -46.274547, 168.922037 -46.273905, 168.924703 -46.273262, 168.927369 -46.272619, 168.930036 -46.271977, 168.932702 -46.271334, 168.935368 -46.270691, 168.938034 -46.270048, 168.940700 -46.269405, 168.943366 -46.268762, 168.946032 -46.268119, 168.948698 -46.267476, 168.951363 -46.266832, 168.954029 -46.266189, 168.956695 -46.265546, 168.959360 -46.264902, 168.962026 -46.264259, 168.964691 -46.263615, 168.967357 -46.262971, 168.970022 -46.262328, 168.972687 -46.261684, 168.975352 -46.261040, 168.978017 -46.260396, 168.980682 -46.259752, 168.983347 -46.259108, 168.986012 -46.258464, 168.988677 -46.257820, 168.991342 -46.257176, 168.994007 -46.256532, 168.996672 -46.255887, 168.999336 -46.255243, 169.002001 -46.254599, 169.004665 -46.253954, 169.007330 -46.253309, 169.009994 -46.252665, 169.012658 -46.252020, 169.015323 -46.251375, 169.017987 -46.250731, 169.020651 -46.250086, 169.023315 -46.249441, 169.025979 -46.248796, 169.028643 -46.248151, 169.031307 -46.247506, 169.033970 -46.246860, 169.036634 -46.246215, 169.039298 -46.245570, 169.041962 -46.244925, 169.044625 -46.244279, 169.047289 -46.243634, 169.049952 -46.242988, 169.052615 -46.242342, 169.055279 -46.241697, 169.057942 -46.241051, 169.060605 -46.240405, 169.063268 -46.239759, 169.065931 -46.239113, 169.068594 -46.238467, 169.071257 -46.237821, 169.073920 -46.237175, 169.076583 -46.236529, 169.079246 -46.235883, 169.081908 -46.235237, 169.084571 -46.234590, 169.087233 -46.233944, 169.089896 -46.233297, 169.092558 -46.232651, 169.095221 -46.232004, 169.097883 -46.231358, 169.100545 -46.230711, 169.103207 -46.230064, 169.105870 -46.229417, 169.108532 -46.228770, 169.111194 -46.228123, 169.113855 -46.227476, 169.116517 -46.226829, 169.119179 -46.226182, 169.121841 -46.225535, 169.124503 -46.224887, 169.127164 -46.224240, 169.129826 -46.223593, 169.132487 -46.222945, 169.135149 -46.222298, 169.137810 -46.221650, 169.140471 -46.221002, 169.143133 -46.220355, 169.145794 -46.219707, 169.148455 -46.219059, 169.151116 -46.218411, 169.153777 -46.217763, 169.156438 -46.217115, 169.159099 -46.216467, 169.161759 -46.215819, 169.164420 -46.215171, 169.167081 -46.214522, 169.169741 -46.213874, 169.172402 -46.213226, 169.175062 -46.212577, 169.177723 -46.211929, 169.180383 -46.211280, 169.183043 -46.210632, 169.185704 -46.209983, 169.188364 -46.209334, 169.191024 -46.208685, 169.193684 -46.208036, 169.196344 -46.207387, 169.199004 -46.206738, 169.201664 -46.206089, 169.204324 -46.205440, 169.206983 -46.204791, 169.209643 -46.204142, 169.212303 -46.203492, 169.214962 -46.202843, 169.217622 -46.202194, 169.220281 -46.201544, 169.222940 -46.200895, 169.225600 -46.200245, 169.228259 -46.199595, 169.230918 -46.198945, 169.233577 -46.198296, 169.236236 -46.197646, 169.238895 -46.196996, 169.241554 -46.196346, 169.244213 -46.195696, 169.246872 -46.195046, 169.249530 -46.194395, 169.252189 -46.193745, 169.254848 -46.193095, 169.257506 -46.192445, 169.260165 -46.191794, 169.262823 -46.191144, 169.265481 -46.190493, 169.268140 -46.189842, 169.270798 -46.189192, 169.273456 -46.188541, 169.276114 -46.187890, 169.278772 -46.187239, 169.281430 -46.186588, 169.284088 -46.185937, 169.286746 -46.185286, 169.289404 -46.184635, 169.292061 -46.183984, 169.294719 -46.183333, 169.297376 -46.182682, 169.300034 -46.182030, 169.302691 -46.181379, 169.305349 -46.180727, 169.308006 -46.180076, 169.310663 -46.179424, 169.313321 -46.178773, 169.315978 -46.178121, 169.318635 -46.177469, 169.321292 -46.176817, 169.323949 -46.176165, 169.326606 -46.175513, 169.329263 -46.174861, 169.331919 -46.174209, 169.334576 -46.173557, 169.337233 -46.172905, 169.339889 -46.172253, 169.342546 -46.171600, 169.345202 -46.170948, 169.347859 -46.170295, 169.350515 -46.169643, 169.353171 -46.168990, 169.355827 -46.168338, 169.358484 -46.167685, 169.361140 -46.167032, 169.363796 -46.166379, 169.366452 -46.165726, 169.369108 -46.165073, 169.371763 -46.164420, 169.374419 -46.163767, 169.377075 -46.163114, 169.379730 -46.162461, 169.382386 -46.161808, 169.385041 -46.161154, 169.387697 -46.160501, 169.390352 -46.159848, 169.393008 -46.159194, 169.395663 -46.158540, 169.398318 -46.157887, 169.400973 -46.157233, 169.403628 -46.156579, 169.406283 -46.155926, 169.408938 -46.155272, 169.411593 -46.154618, 169.414248 -46.153964, 169.416903 -46.153310, 169.419557 -46.152656, 169.422212 -46.152001, 169.424867 -46.151347, 169.427521 -46.150693, 169.430175 -46.150038, 169.432830 -46.149384, 169.435484 -46.148730, 169.438138 -46.148075, 169.440793 -46.147420, 169.443447 -46.146766, 169.446101 -46.146111, 169.448755 -46.145456, 169.451409 -46.144801, 169.454063 -46.144146, 169.456716 -46.143491, 169.459370 -46.142836, 169.462024 -46.142181, 169.464677 -46.141526, 169.467331 -46.140871, 169.469984 -46.140216, 169.472638 -46.139560, 169.475291 -46.138905, 169.477944 -46.138249, 169.480598 -46.137594, 169.483251 -46.136938, 169.485904 -46.136283, 169.488557 -46.135627, 169.491210 -46.134971, 169.493863 -46.134315, 169.496516 -46.133659, 169.499169 -46.133003, 169.501821 -46.132347, 169.504474 -46.131691, 169.507127 -46.131035, 169.509779 -46.130379, 169.512432 -46.129723, 169.515084 -46.129066, 169.517736 -46.128410, 169.520389 -46.127753, 169.523041 -46.127097, 169.525693 -46.126440, 169.528345 -46.125784, 169.530997 -46.125127, 169.533649 -46.124470, 169.536301 -46.123813, 169.538953 -46.123157, 169.541605 -46.122500, 169.544256 -46.121843, 169.546908 -46.121185, 169.549560 -46.120528, 169.552211 -46.119871, 169.554863 -46.119214, 169.557514 -46.118557, 169.560165 -46.117899, 169.562817 -46.117242, 169.565468 -46.116584, 169.568119 -46.115927, 169.570770 -46.115269, 169.573421 -46.114611, 169.576072 -46.113954, 169.578723 -46.113296, 169.581374 -46.112638, 169.584025 -46.111980, 169.586675 -46.111322, 169.589326 -46.110664, 169.591976 -46.110006, 169.594627 -46.109348, 169.597277 -46.108690, 169.599928 -46.108031, 169.602578 -46.107373, 169.605228 -46.106714, 169.607879 -46.106056, 169.610529 -46.105397, 169.613179 -46.104739, 169.615829 -46.104080, 169.618479 -46.103421, 169.621129 -46.102763, 169.623778 -46.102104, 169.626428 -46.101445, 169.629078 -46.100786, 169.631728 -46.100127, 169.634377 -46.099468, 169.637027 -46.098809, 169.639676 -46.098149, 169.642325 -46.097490, 169.644975 -46.096831, 169.647624 -46.096171, 169.650273 -46.095512, 169.652922 -46.094852, 169.655571 -46.094193, 169.658220 -46.093533, 169.660869 -46.092874, 169.663518 -46.092214, 169.666167 -46.091554, 169.668816 -46.090894, 169.671464 -46.090234, 169.674113 -46.089574, 169.676762 -46.088914, 169.679410 -46.088254, 169.682058 -46.087594, 169.684707 -46.086933, 169.687355 -46.086273, 169.690003 -46.085613, 169.692652 -46.084952, 169.695300 -46.084292, 169.697948 -46.083631, 169.700596 -46.082971, 169.703244 -46.082310, 169.705891 -46.081649, 169.708539 -46.080988, 169.711187 -46.080328, 169.713835 -46.079667, 169.716482 -46.079006, 169.719130 -46.078345, 169.721777 -46.077684, 169.724425 -46.077022, 169.727072 -46.076361, 169.729719 -46.075700, 169.732366 -46.075038, 169.735014 -46.074377, 169.737661 -46.073716, 169.740308 -46.073054, 169.742955 -46.072392, 169.745602 -46.071731, 169.748248 -46.071069, 169.750895 -46.070407, 169.753542 -46.069745, 169.756189 -46.069084, 169.758835 -46.068422, 169.761482 -46.067760, 169.764128 -46.067097, 169.766775 -46.066435, 169.769421 -46.065773, 169.772067 -46.065111, 169.774713 -46.064448, 169.777359 -46.063786, 169.780006 -46.063124, 169.782652 -46.062461, 169.785298 -46.061799, 169.787943 -46.061136, 169.790589 -46.060473, 169.793235 -46.059810, 169.795881 -46.059148, 169.798526 -46.058485, 169.801172 -46.057822, 169.803817 -46.057159, 169.806463 -46.056496, 169.809108 -46.055833, 169.811754 -46.055169, 169.814399 -46.054506, 169.817044 -46.053843, 169.819689 -46.053180, 169.822334 -46.052516, 169.824979 -46.051853, 169.827624 -46.051189, 169.830269 -46.050525, 169.832914 -46.049862, 169.835559 -46.049198, 169.838203 -46.048534, 169.840848 -46.047870, 169.843492 -46.047206, 169.846137 -46.046542, 169.848781 -46.045878, 169.851426 -46.045214, 169.854070 -46.044550, 169.856714 -46.043886, 169.859358 -46.043222, 169.862002 -46.042557, 169.864646 -46.041893, 169.867290 -46.041228, 169.869934 -46.040564, 169.872578 -46.039899, 169.875222 -46.039235, 169.877866 -46.038570, 169.880509 -46.037905, 169.883153 -46.037240, 169.885797 -46.036575, 169.888440 -46.035911, 169.891083 -46.035246, 169.893727 -46.034580, 169.896370 -46.033915, 169.899013 -46.033250, 169.901656 -46.032585, 169.904300 -46.031920, 169.906943 -46.031254, 169.909585 -46.030589, 169.912228 -46.029923, 169.914871 -46.029258, 169.917514 -46.028592, 169.920157 -46.027926, 169.922799 -46.027261, 169.925442 -46.026595, 169.928084 -46.025929, 169.930727 -46.025263, 169.933369 -46.024597, 169.936012 -46.023931, 169.938654 -46.023265, 169.941296 -46.022599, 169.943938 -46.021932, 169.946580 -46.021266, 169.949222 -46.020600, 169.951864 -46.019933, 169.954506 -46.019267, 169.957148 -46.018600, 169.959790 -46.017934, 169.962431 -46.017267, 169.965073 -46.016600, 169.967715 -46.015934, 169.970356 -46.015267, 169.972997 -46.014600, 169.975639 -46.013933, 169.978280 -46.013266, 169.980921 -46.012599, 169.983563 -46.011932, 169.986204 -46.011264, 169.988845 -46.010597, 169.991486 -46.009930, 169.994127 -46.009262, 169.996768 -46.008595, 169.999408 -46.007927, 170.002049 -46.007260, 170.004690 -46.006592, 170.007330 -46.005925, 170.009971 -46.005257, 170.012611 -46.004589, 170.015252 -46.003921, 170.017892 -46.003253, 170.020532 -46.002585, 170.023173 -46.001917, 170.025813 -46.001249, 170.028453 -46.000581, 170.031093 -45.999913, 170.033733 -45.999244, 170.036373 -45.998576, 170.039013 -45.997907, 170.041652 -45.997239, 170.044292 -45.996570, 170.046932 -45.995902, 170.049571 -45.995233, 170.052211 -45.994564, 170.054850 -45.993896, 170.057490 -45.993227, 170.060129 -45.992558, 170.062768 -45.991889, 170.065408 -45.991220, 170.068047 -45.990551, 170.070686 -45.989882, 170.073325 -45.989212, 170.075964 -45.988543, 170.078603 -45.987874, 170.081241 -45.987204, 170.083880 -45.986535, 170.086519 -45.985865, 170.089157 -45.985196, 170.091796 -45.984526, 170.094435 -45.983857, 170.097073 -45.983187, 170.099711 -45.982517, 170.102350 -45.981847, 170.104988 -45.981177, 170.107626 -45.980507, 170.110264 -45.979837, 170.112902 -45.979167, 170.115540 -45.978497, 170.118178 -45.977827, 170.120816 -45.977156, 170.123454 -45.976486, 170.126092 -45.975815, 170.128729 -45.975145, 170.131367 -45.974474, 170.134004 -45.973804, 170.136642 -45.973133, 170.139279 -45.972462, 170.141917 -45.971792, 170.144554 -45.971121, 170.147191 -45.970450, 170.149828 -45.969779, 170.152465 -45.969108, 170.155102 -45.968437, 170.157739 -45.967766, 170.160376 -45.967094, 170.163013 -45.966423, 170.165650 -45.965752, 170.168287 -45.965080, 170.170923 -45.964409, 170.173560 -45.963737, 170.176196 -45.963066, 170.178833 -45.962394, 170.181469 -45.961722, 170.184106 -45.961051, 170.186742 -45.960379, 170.189378 -45.959707, 170.192014 -45.959035, 170.194650 -45.958363, 170.197286 -45.957691, 170.199922 -45.957019, 170.202558 -45.956347, 170.205194 -45.955674, 170.207830 -45.955002, 170.210465 -45.954330, 170.213101 -45.953657, 170.215736 -45.952985, 170.218372 -45.952312, 170.221007 -45.951640, 170.223643 -45.950967, 170.226278 -45.950294, 170.228913 -45.949621, 170.231548 -45.948949, 170.234184 -45.948276, 170.236819 -45.947603, 170.239454 -45.946930, 170.242089 -45.946257, 170.244723 -45.945583, 170.247358 -45.944910, 170.249993 -45.944237, 170.252628 -45.943564, 170.255262 -45.942890, 170.257897 -45.942217, 170.260531 -45.941543, 170.263166 -45.940870, 170.265800 -45.940196, 170.268434 -45.939522, 170.271068 -45.938849, 170.273703 -45.938175, 170.276337 -45.937501, 170.278971 -45.936827, 170.281605 -45.936153, 170.284239 -45.935479, 170.286872 -45.934805, 170.289506 -45.934131, 170.292140 -45.933456, 170.294774 -45.932782, 170.297407 -45.932108, 170.300041 -45.931433, 170.302674 -45.930759, 170.305307 -45.930084, 170.307941 -45.929410, 170.310574 -45.928735, 170.313207 -45.928060, 170.315840 -45.927385, 170.318473 -45.926710, 170.321106 -45.926036, 170.323739 -45.925361, 170.326372 -45.924686, 170.329005 -45.924010, 170.331638 -45.923335, 170.334270 -45.922660, 170.336903 -45.921985, 170.339536 -45.921310, 170.342168 -45.920634, 170.344801 -45.919959, 170.347433 -45.919283, 170.350065 -45.918608, 170.352697 -45.917932, 170.355330 -45.917256, 170.357962 -45.916580, 170.360594 -45.915905, 170.363226 -45.915229, 170.365858 -45.914553, 170.368489 -45.913877, 170.371121 -45.913201, 170.373753 -45.912525, 170.376385 -45.911849, 170.379016 -45.911172, 170.381648 -45.910496, 170.384279 -45.909820, 170.386911 -45.909143, 170.389542 -45.908467, 170.392173 -45.907790, 170.394804 -45.907114, 170.397436 -45.906437, 170.400067 -45.905760, 170.402698 -45.905083, 170.405329 -45.904407, 170.407959 -45.903730, 170.410590 -45.903053, 170.413221 -45.902376, 170.415852 -45.901699, 170.418482 -45.901021, 170.421113 -45.900344, 170.423743 -45.899667, 170.426374 -45.898990, 170.429004 -45.898312, 170.431635 -45.897635, 170.434265 -45.896957, 170.436895 -45.896280, 170.439525 -45.895602, 170.442155 -45.894924, 170.444785 -45.894247, 170.447415 -45.893569, 170.450045 -45.892891, 170.452675 -45.892213, 170.455304 -45.891535, 170.457934 -45.890857, 170.460564 -45.890179, 170.463193 -45.889501, 170.465823 -45.888822, 170.468452 -45.888144, 170.471081 -45.887466, 170.473711 -45.886787, 170.476340 -45.886109, 170.478969 -45.885430, 170.481598 -45.884752, 170.484227 -45.884073, 170.486856 -45.883394, 170.489485 -45.882716, 170.492114 -45.882037, 170.494743 -45.881358, 170.497371 -45.880679, 170.500000 -45.880000, 170.501550 -45.878372, 170.503101 -45.876744, 170.504651 -45.875116, 170.506201 -45.873488, 170.507751 -45.871860, 170.509301 -45.870232, 170.510851 -45.868604, 170.512400 -45.866975, 170.513950 -45.865347, 170.515500 -45.863719, 170.517049 -45.862091, 170.518598 -45.860463, 170.520148 -45.858834, 170.521697 -45.857206, 170.523246 -45.855578, 170.524795 -45.853949, 170.526344 -45.852321, 170.527893 -45.850693, 170.529441 -45.849064, 170.530990 -45.847436, 170.532539 -45.845807, 170.534087 -45.844179, 170.535635 -45.842551, 170.537184 -45.840922, 170.538732 -45.839294, 170.540280 -45.837665, 170.541828 -45.836036, 170.543376 -45.834408, 170.544924 -45.832779, 170.546472 -45.831151, 170.548019 -45.829522, 170.549567 -45.827893, 170.551114 -45.826265, 170.552662 -45.824636, 170.554209 -45.823007, 170.555756 -45.821379, 170.557303 -45.819750, 170.558850 -45.818121, 170.560397 -45.816492, 170.561944 -45.814863, 170.563491 -45.813235, 170.565037 -45.811606, 170.566584 -45.809977, 170.568130 -45.808348, 170.569677 -45.806719, 170.571223 -45.805090, 170.572769 -45.803461, 170.574315 -45.801832, 170.575861 -45.800203, 170.577407 -45.798574, 170.578953 -45.796945, 170.580499 -45.795316, 170.582044 -45.793687, 170.583590 -45.792058, 170.585136 -45.790429, 170.586681 -45.788799, 170.588226 -45.787170, 170.589771 -45.785541, 170.591317 -45.783912, 170.592862 -45.782283, 170.594406 -45.780653, 170.595951 -45.779024, 170.597496 -45.777395, 170.599041 -45.775765, 170.600585 -45.774136, 170.602130 -45.772507, 170.603674 -45.770877, 170.605218 -45.769248, 170.606763 -45.767619, 170.608307 -45.765989, 170.609851 -45.764360, 170.611395 -45.762730, 170.612939 -45.761101, 170.614482 -45.759471, 170.616026 -45.757842, 170.617570 -45.756212, 170.619113 -45.754582, 170.620657 -45.752953, 170.622200 -45.751323, 170.623743 -45.749694, 170.625286 -45.748064, 170.626829 -45.746434, 170.628372 -45.744804, 170.629915 -45.743175, 170.631458 -45.741545, 170.633000 -45.739915, 170.634543 -45.738285, 170.636086 -45.736656, 170.637628 -45.735026, 170.639170 -45.733396, 170.640713 -45.731766, 170.642255 -45.730136, 170.643797 -45.728506, 170.645339 -45.726876, 170.646881 -45.725246, 170.648422 -45.723616, 170.649964 -45.721986, 170.651506 -45.720356, 170.653047 -45.718726, 170.654589 -45.717096, 170.656130 -45.715466, 170.657671 -45.713836, 170.659212 -45.712206, 170.660753 -45.710576, 170.662294 -45.708945, 170.663835 -45.707315, 170.665376 -45.705685, 170.666917 -45.704055, 170.668457 -45.702425, 170.669998 -45.700794, 170.671538 -45.699164, 170.673079 -45.697534, 170.674619 -45.695903, 170.676159 -45.694273, 170.677699 -45.692643, 170.679239 -45.691012, 170.680779 -45.689382, 170.682319 -45.687751, 170.683858 -45.686121, 170.685398 -45.684490, 170.686938 -45.682860, 170.688477 -45.681229, 170.690016 -45.679599, 170.691556 -45.677968, 170.693095 -45.676338, 170.694634 -45.674707, 170.696173 -45.673076, 170.697712 -45.671446, 170.699251 -45.669815, 170.700789 -45.668184, 170.702328 -45.666554, 170.703867 -45.664923, 170.705405 -45.663292, 170.706943 -45.661661, 170.708482 -45.660031, 170.710020 -45.658400, 170.711558 -45.656769, 170.713096 -45.655138, 170.714634 -45.653507, 170.716172 -45.651876, 170.717709 -45.650245, 170.719247 -45.648614, 170.720785 -45.646984, 170.722322 -45.645353, 170.723859 -45.643722, 170.725397 -45.642091, 170.726934 -45.640459, 170.728471 -45.638828, 170.730008 -45.637197, 170.731545 -45.635566, 170.733082 -45.633935, 170.734619 -45.632304, 170.736155 -45.630673, 170.737692 -45.629042, 170.739228 -45.627410, 170.740765 -45.625779, 170.742301 -45.624148, 170.743837 -45.622517, 170.745373 -45.620885, 170.746909 -45.619254, 170.748445 -45.617623, 170.749981 -45.615991, 170.751517 -45.614360, 170.753053 -45.612729, 170.754588 -45.611097, 170.756124 -45.609466, 170.757659 -45.607834, 170.759195 -45.606203, 170.760730 -45.604571, 170.762265 -45.602940, 170.763800 -45.601308, 170.765335 -45.599677, 170.766870 -45.598045, 170.768405 -45.596414, 170.769939 -45.594782, 170.771474 -45.593150, 170.773008 -45.591519, 170.774543 -45.589887, 170.776077 -45.588255, 170.777611 -45.586624, 170.779146 -45.584992, 170.780680 -45.583360, 170.782214 -45.581728, 170.783748 -45.580096, 170.785281 -45.578465, 170.786815 -45.576833, 170.788349 -45.575201, 170.789882 -45.573569, 170.791416 -45.571937, 170.792949 -45.570305, 170.794482 -45.568673, 170.796016 -45.567041, 170.797549 -45.565409, 170.799082 -45.563777, 170.800615 -45.562145, 170.802147 -45.560513, 170.803680 -45.558881, 170.805213 -45.557249, 170.806745 -45.555617, 170.808278 -45.553985, 170.809810 -45.552353, 170.811342 -45.550721, 170.812875 -45.549088, 170.814407 -45.547456, 170.815939 -45.545824, 170.817471 -45.544192, 170.819003 -45.542559, 170.820534 -45.540927, 170.822066 -45.539295, 170.823598 -45.537662, 170.825129 -45.536030, 170.826661 -45.534398, 170.828192 -45.532765, 170.829723 -45.531133, 170.831254 -45.529500, 170.832785 -45.527868, 170.834316 -45.526236, 170.835847 -45.524603, 170.837378 -45.522970, 170.838909 -45.521338, 170.840439 -45.519705, 170.841970 -45.518073, 170.843500 -45.516440, 170.845030 -45.514808, 170.846561 -45.513175, 170.848091 -45.511542, 170.849621 -45.509910, 170.851151 -45.508277, 170.852681 -45.506644, 170.854211 -45.505011, 170.855740 -45.503379, 170.857270 -45.501746, 170.858799 -45.500113, 170.860329 -45.498480, 170.861858 -45.496847, 170.863388 -45.495215, 170.864917 -45.493582, 170.866446 -45.491949, 170.867975 -45.490316, 170.869504 -45.488683, 170.871033 -45.487050, 170.872561 -45.485417, 170.874090 -45.483784, 170.875619 -45.482151, 170.877147 -45.480518, 170.878675 -45.478885, 170.880204 -45.477252, 170.881732 -45.475619, 170.883260 -45.473985, 170.884788 -45.472352, 170.886316 -45.470719, 170.887844 -45.469086, 170.889372 -45.467453, 170.890899 -45.465819, 170.892427 -45.464186, 170.893954 -45.462553, 170.895482 -45.460920, 170.897009 -45.459286, 170.898536 -45.457653, 170.900063 -45.456020, 170.901591 -45.454386, 170.903118 -45.452753, 170.904644 -45.451119, 170.906171 -45.449486, 170.907698 -45.447853, 170.909225 -45.446219, 170.910751 -45.444586, 170.912277 -45.442952, 170.913804 -45.441319, 170.915330 -45.439685, 170.916856 -45.438051, 170.918382 -45.436418, 170.919908 -45.434784, 170.921434 -45.433151, 170.922960 -45.431517, 170.924486 -45.429883, 170.926011 -45.428249, 170.927537 -45.426616, 170.929062 -45.424982, 170.930588 -45.423348, 170.932113 -45.421714, 170.933638 -45.420081, 170.935163 -45.418447, 170.936689 -45.416813, 170.938213 -45.415179, 170.939738 -45.413545, 170.941263 -45.411911, 170.942788 -45.410277, 170.944312 -45.408643, 170.945837 -45.407010, 170.947361 -45.405376, 170.948886 -45.403742, 170.950410 -45.402108, 170.951934 -45.400473, 170.953458 -45.398839, 170.954982 -45.397205, 170.956506 -45.395571, 170.958030 -45.393937, 170.959553 -45.392303, 170.961077 -45.390669, 170.962600 -45.389035, 170.964124 -45.387400, 170.965647 -45.385766, 170.967171 -45.384132, 170.968694 -45.382498, 170.970217 -45.380863, 170.971740 -45.379229, 170.973263 -45.377595, 170.974785 -45.375960, 170.976308 -45.374326, 170.977831 -45.372692, 170.979353 -45.371057, 170.980876 -45.369423, 170.982398 -45.367788, 170.983921 -45.366154, 170.985443 -45.364519, 170.986965 -45.362885, 170.988487 -45.361250, 170.990009 -45.359616, 170.991531 -45.357981, 170.993053 -45.356347, 170.994574 -45.354712, 170.996096 -45.353077, 170.997617 -45.351443, 170.999139 -45.349808, 171.000660 -45.348173, 171.002181 -45.346539, 171.003702 -45.344904, 171.005223 -45.343269, 171.006744 -45.341634, 171.008265 -45.340000, 171.009786 -45.338365, 171.011307 -45.336730, 171.012827 -45.335095, 171.014348 -45.333460, 171.015868 -45.331825, 171.017389 -45.330190, 171.018909 -45.328555, 171.020429 -45.326920, 171.021949 -45.325285, 171.023469 -45.323650, 171.024989 -45.322015, 171.026509 -45.320380, 171.028029 -45.318745, 171.029549 -45.317110, 171.031068 -45.315475, 171.032588 -45.313840, 171.034107 -45.312205, 171.035626 -45.310570, 171.037146 -45.308935, 171.038665 -45.307299, 171.040184 -45.305664, 171.041703 -45.304029, 171.043222 -45.302394, 171.044740 -45.300758, 171.046259 -45.299123, 171.047778 -45.297488, 171.049296 -45.295852, 171.050815 -45.294217, 171.052333 -45.292582, 171.053851 -45.290946, 171.055369 -45.289311, 171.056887 -45.287675, 171.058405 -45.286040, 171.059923 -45.284405, 171.061441 -45.282769, 171.062959 -45.281134, 171.064477 -45.279498, 171.065994 -45.277862, 171.067512 -45.276227, 171.069029 -45.274591, 171.070546 -45.272956, 171.072063 -45.271320, 171.073581 -45.269684, 171.075098 -45.268049, 171.076615 -45.266413, 171.078131 -45.264777, 171.079648 -45.263141, 171.081165 -45.261506, 171.082681 -45.259870, 171.084198 -45.258234, 171.085714 -45.256598, 171.087231 -45.254962, 171.088747 -45.253327, 171.090263 -45.251691, 171.091779 -45.250055, 171.093295 -45.248419, 171.094811 -45.246783, 171.096327 -45.245147, 171.097843 -45.243511, 171.099358 -45.241875, 171.100874 -45.240239, 171.102389 -45.238603, 171.103905 -45.236967, 171.105420 -45.235331, 171.106935 -45.233695, 171.108450 -45.232059, 171.109965 -45.230422, 171.111480 -45.228786, 171.112995 -45.227150, 171.114510 -45.225514, 171.116024 -45.223878, 171.117539 -45.222241, 171.119054 -45.220605, 171.120568 -45.218969, 171.122082 -45.217333, 171.123597 -45.215696, 171.125111 -45.214060, 171.126625 -45.212424, 171.128139 -45.210787, 171.129653 -45.209151, 171.131166 -45.207514, 171.132680 -45.205878, 171.134194 -45.204241, 171.135707 -45.202605, 171.137221 -45.200968, 171.138734 -45.199332, 171.140247 -45.197695, 171.141761 -45.196059, 171.143274 -45.194422, 171.144787 -45.192786, 171.146300 -45.191149, 171.147812 -45.189512, 171.149325 -45.187876, 171.150838 -45.186239, 171.152351 -45.184602, 171.153863 -45.182966, 171.155375 -45.181329, 171.156888 -45.179692, 171.158400 -45.178055, 171.159912 -45.176419, 171.161424 -45.174782, 171.162936 -45.173145, 171.164448 -45.171508, 171.165960 -45.169871, 171.167472 -45.168234, 171.168983 -45.166597, 171.170495 -45.164960, 171.172006 -45.163323, 171.173518 -45.161686, 171.175029 -45.160049, 171.176540 -45.158412, 171.178051 -45.156775, 171.179562 -45.155138, 171.181073 -45.153501, 171.182584 -45.151864, 171.184095 -45.150227, 171.185605 -45.148590, 171.187116 -45.146953, 171.188626 -45.145316, 171.190137 -45.143678, 171.191647 -45.142041, 171.193157 -45.140404, 171.194668 -45.138767, 171.196178 -45.137129, 171.197688 -45.135492, 171.199198 -45.133855, 171.200707 -45.132217, 171.202217 -45.130580, 171.203727 -45.128943, 171.205236 -45.127305, 171.206746 -45.125668, 171.208255 -45.124030, 171.209764 -45.122393, 171.211274 -45.120755, 171.212783 -45.119118, 171.214292 -45.117480, 171.215801 -45.115843, 171.217310 -45.114205, 171.218818 -45.112568, 171.220327 -45.110930, 171.221836 -45.109293, 171.223344 -45.107655, 171.224852 -45.106017, 171.226361 -45.104380, 171.227869 -45.102742, 171.229377 -45.101104, 171.230885 -45.099466, 171.232393 -45.097829, 171.233901 -45.096191, 171.235409 -45.094553, 171.236917 -45.092915, 171.238424 -45.091277, 171.239932 -45.089640, 171.241439 -45.088002, 171.242947 -45.086364, 171.244454 -45.084726, 171.245961 -45.083088, 171.247468 -45.081450, 171.248975 -45.079812, 171.250482 -45.078174, 171.251989 -45.076536, 171.253496 -45.074898, 171.255003 -45.073260, 171.256509 -45.071622, 171.258016 -45.069984, 171.259522 -45.068346, 171.261029 -45.066708, 171.262535 -45.065069, 171.264041 -45.063431, 171.265547 -45.061793, 171.267053 -45.060155, 171.268559 -45.058517, 171.270065 -45.056878, 171.271571 -45.055240, 171.273076 -45.053602, 171.274582 -45.051963, 171.276087 -45.050325, 171.277593 -45.048687, 171.279098 -45.047048, 171.280603 -45.045410, 171.282108 -45.043772, 171.283613 -45.042133, 171.285118 -45.040495, 171.286623 -45.038856, 171.288128 -45.037218, 171.289633 -45.035579, 171.291137 -45.033941, 171.292642 -45.032302, 171.294146 -45.030664, 171.295651 -45.029025, 171.297155 -45.027386, 171.298659 -45.025748, 171.300163 -45.024109, 171.301667 -45.022470, 171.303171 -45.020832, 171.304675 -45.019193, 171.306179 -45.017554, 171.307683 -45.015916, 171.309186 -45.014277, 171.310690 -45.012638, 171.312193 -45.010999, 171.313696 -45.009360, 171.315200 -45.007722, 171.316703 -45.006083, 171.318206 -45.004444, 171.319709 -45.002805, 171.321212 -45.001166, 171.322715 -44.999527, 171.324217 -44.997888, 171.325720 -44.996249, 171.327222 -44.994610, 171.328725 -44.992971, 171.330227 -44.991332, 171.331730 -44.989693, 171.333232 -44.988054, 171.334734 -44.986415, 171.336236 -44.984776, 171.337738 -44.983137, 171.339240 -44.981497, 171.340742 -44.979858, 171.342243 -44.978219, 171.343745 -44.976580, 171.345246 -44.974941, 171.346748 -44.973301, 171.348249 -44.971662, 171.349750 -44.970023, 171.351252 -44.968383, 171.352753 -44.966744, 171.354254 -44.965105, 171.355755 -44.963465, 171.357256 -44.961826, 171.358756 -44.960187, 171.360257 -44.958547, 171.361758 -44.956908, 171.363258 -44.955268, 171.364758 -44.953629, 171.366259 -44.951989, 171.367759 -44.950350, 171.369259 -44.948710, 171.370759 -44.947070, 171.372259 -44.945431, 171.373759 -44.943791, 171.375259 -44.942152, 171.376759 -44.940512, 171.378258 -44.938872, 171.379758 -44.937233, 171.381257 -44.935593, 171.382757 -44.933953, 171.384256 -44.932313, 171.385755 -44.930674, 171.387254 -44.929034, 171.388753 -44.927394, 171.390252 -44.925754, 171.391751 -44.924114, 171.393250 -44.922475, 171.394749 -44.920835, 171.396247 -44.919195, 171.397746 -44.917555, 171.399244 -44.915915, 171.400743 -44.914275, 171.402241 -44.912635, 171.403739 -44.910995, 171.405237 -44.909355, 171.406735 -44.907715, 171.408233 -44.906075, 171.409731 -44.904435, 171.411229 -44.902795, 171.412726 -44.901155, 171.414224 -44.899514, 171.415721 -44.897874, 171.417219 -44.896234, 171.418716 -44.894594, 171.420213 -44.892954, 171.421711 -44.891313, 171.423208 -44.889673, 171.424705 -44.888033, 171.426202 -44.886393, 171.427698 -44.884752, 171.429195 -44.883112, 171.430692 -44.881472, 171.432188 -44.879831, 171.433685 -44.878191, 171.435181 -44.876550, 171.436677 -44.874910, 171.438174 -44.873269, 171.439670 -44.871629, 171.441166 -44.869988, 171.442662 -44.868348, 171.444158 -44.866707, 171.445653 -44.865067, 171.447149 -44.863426, 171.448645 -44.861786, 171.450140 -44.860145, 171.451636 -44.858504, 171.453131 -44.856864, 171.454626 -44.855223, 171.456122 -44.853582, 171.457617 -44.851942, 171.459112 -44.850301, 171.460607 -44.848660, 171.462102 -44.847020, 171.463596 -44.845379, 171.465091 -44.843738, 171.466586 -44.842097, 171.468080 -44.840456, 171.469575 -44.838815, 171.471069 -44.837175, 171.472563 -44.835534, 171.474057 -44.833893, 171.475551 -44.832252, 171.477045 -44.830611, 171.478539 -44.828970, 171.480033 -44.827329, 171.481527 -44.825688, 171.483021 -44.824047, 171.484514 -44.822406, 171.486008 -44.820765, 171.487501 -44.819124, 171.488994 -44.817482, 171.490488 -44.815841, 171.491981 -44.814200, 171.493474 -44.812559, 171.494967 -44.810918, 171.496460 -44.809277, 171.497953 -44.807635, 171.499445 -44.805994, 171.500938 -44.804353, 171.502430 -44.802711, 171.503923 -44.801070, 171.505415 -44.799429, 171.506908 -44.797787, 171.508400 -44.796146, 171.509892 -44.794505, 171.511384 -44.792863, 171.512876 -44.791222, 171.514368 -44.789580, 171.515860 -44.787939, 171.517351 -44.786297, 171.518843 -44.784656, 171.520335 -44.783014, 171.521826 -44.781373, 171.523317 -44.779731, 171.524809 -44.778090, 171.526300 -44.776448, 171.527791 -44.774807, 171.529282 -44.773165, 171.530773 -44.771523, 171.532264 -44.769882, 171.533755 -44.768240, 171.535245 -44.766598, 171.536736 -44.764956, 171.538226 -44.763315, 171.539717 -44.761673, 171.541207 -44.760031, 171.542698 -44.758389, 171.544188 -44.756747, 171.545678 -44.755106, 171.547168 -44.753464, 171.548658 -44.751822, 171.550148 -44.750180, 171.551637 -44.748538, 171.553127 -44.746896, 171.554617 -44.745254, 171.556106 -44.743612, 171.557596 -44.741970, 171.559085 -44.740328, 171.560574 -44.738686, 171.562063 -44.737044, 171.563552 -44.735402, 171.565041 -44.733760, 171.566530 -44.732118, 171.568019 -44.730475, 171.569508 -44.728833, 171.570997 -44.727191, 171.572485 -44.725549, 171.573974 -44.723907, 171.575462 -44.722264, 171.576950 -44.720622, 171.578439 -44.718980, 171.579927 -44.717338, 171.581415 -44.715695, 171.582903 -44.714053, 171.584391 -44.712411, 171.585879 -44.710768, 171.587366 -44.709126, 171.588854 -44.707483, 171.590341 -44.705841, 171.591829 -44.704198, 171.593316 -44.702556, 171.594804 -44.700914, 171.596291 -44.699271, 171.597778 -44.697628, 171.599265 -44.695986, 171.600752 -44.694343, 171.602239 -44.692701, 171.603726 -44.691058, 171.605212 -44.689416, 171.606699 -44.687773, 171.608186 -44.686130, 171.609672 -44.684488, 171.611158 -44.682845, 171.612645 -44.681202, 171.614131 -44.679559, 171.615617 -44.677917, 171.617103 -44.676274, 171.618589 -44.674631, 171.620075 -44.672988, 171.621561 -44.671345, 171.623047 -44.669702, 171.624532 -44.668060, 171.626018 -44.666417, 171.627503 -44.664774, 171.628988 -44.663131, 171.630474 -44.661488, 171.631959 -44.659845, 171.633444 -44.658202, 171.634929 -44.656559, 171.636414 -44.654916, 171.637899 -44.653273, 171.639384 -44.651630, 171.640868 -44.649987, 171.642353 -44.648344, 171.643838 -44.646700, 171.645322 -44.645057, 171.646806 -44.643414, 171.648291 -44.641771, 171.649775 -44.640128, 171.651259 -44.638484, 171.652743 -44.636841, 171.654227 -44.635198, 171.655711 -44.633555, 171.657195 -44.631911, 171.658678 -44.630268, 171.660162 -44.628625, 171.661645 -44.626981, 171.663129 -44.625338, 171.664612 -44.623695, 171.666095 -44.622051, 171.667579 -44.620408, 171.669062 -44.618764, 171.670545 -44.617121, 171.672028 -44.615477, 171.673511 -44.613834, 171.674993 -44.612190, 171.676476 -44.610547, 171.677959 -44.608903, 171.679441 -44.607260, 171.680924 -44.605616, 171.682406 -44.603972, 171.683888 -44.602329, 171.685370 -44.600685, 171.686852 -44.599041, 171.688334 -44.597398, 171.689816 -44.595754, 171.691298 -44.594110, 171.692780 -44.592466, 171.694262 -44.590823, 171.695743 -44.589179, 171.697225 -44.587535, 171.698706 -44.585891, 171.700187 -44.584247, 171.701669 -44.582603, 171.703150 -44.580960, 171.704631 -44.579316, 171.706112 -44.577672, 171.707593 -44.576028, 171.709074 -44.574384, 171.710555 -44.572740, 171.712035 -44.571096, 171.713516 -44.569452, 171.714996 -44.567808, 171.716477 -44.566164, 171.717957 -44.564520, 171.719437 -44.562875, 171.720917 -44.561231, 171.722398 -44.559587, 171.723878 -44.557943, 171.725357 -44.556299, 171.726837 -44.554655, 171.728317 -44.553010, 171.729797 -44.551366, 171.731276 -44.549722, 171.732756 -44.548078, 171.734235 -44.546433, 171.735715 -44.544789, 171.737194 -44.543145, 171.738673 -44.541500, 171.740152 -44.539856, 171.741631 -44.538212, 171.743110 -44.536567, 171.744589 -44.534923, 171.746068 -44.533278, 171.747546 -44.531634, 171.749025 -44.529989, 171.750503 -44.528345, 171.751982 -44.526700, 171.753460 -44.525056, 171.754938 -44.523411, 171.756416 -44.521767, 171.757894 -44.520122, 171.759372 -44.518477, 171.760850 -44.516833, 171.762328 -44.515188, 171.763806 -44.513543, 171.765284 -44.511899, 171.766761 -44.510254, 171.768239 -44.508609, 171.769716 -44.506964, 171.771193 -44.505320, 171.772671 -44.503675, 171.774148 -44.502030, 171.775625 -44.500385, 171.777102 -44.498740, 171.778579 -44.497095, 171.780056 -44.495451, 171.781532 -44.493806, 171.783009 -44.492161, 171.784486 -44.490516, 171.785962 -44.488871, 171.787439 -44.487226, 171.788915 -44.485581, 171.790391 -44.483936, 171.791867 -44.482291, 171.793343 -44.480646, 171.794819 -44.479001, 171.796295 -44.477356, 171.797771 -44.475710, 171.799247 -44.474065, 171.800723 -44.472420, 171.802198 -44.470775, 171.803674 -44.469130, 171.805149 -44.467485, 171.806624 -44.465839, 171.808100 -44.464194, 171.809575 -44.462549, 171.811050 -44.460904, 171.812525 -44.459258, 171.814000 -44.457613, 171.815475 -44.455968, 171.816949 -44.454322, 171.818424 -44.452677, 171.819899 -44.451031, 171.821373 -44.449386, 171.822847 -44.447741, 171.824322 -44.446095, 171.825796 -44.444450, 171.827270 -44.442804, 171.828744 -44.441159, 171.830218 -44.439513, 171.831692 -44.437868, 171.833166 -44.436222, 171.834640 -44.434576, 171.836113 -44.432931, 171.837587 -44.431285, 171.839061 -44.429639, 171.840534 -44.427994, 171.842007 -44.426348, 171.843481 -44.424702, 171.844954 -44.423057, 171.846427 -44.421411, 171.847900 -44.419765, 171.849373 -44.418119, 171.850846 -44.416474, 171.852318 -44.414828, 171.853791 -44.413182, 171.855264 -44.411536, 171.856736 -44.409890, 171.858209 -44.408244, 171.859681 -44.406598, 171.861153 -44.404952, 171.862625 -44.403307, 171.864097 -44.401661, 171.865569 -44.400015, 171.867041 -44.398369, 171.868513 -44.396723, 171.869985 -44.395076, 171.871457 -44.393430, 171.872928 -44.391784, 171.874400 -44.390138, 171.875871 -44.388492, 171.877343 -44.386846, 171.878814 -44.385200, 171.880285 -44.383554, 171.881756 -44.381907, 171.883227 -44.380261, 171.884698 -44.378615, 171.886169 -44.376969, 171.887640 -44.375322, 171.889110 -44.373676, 171.890581 -44.372030, 171.892051 -44.370384, 171.893522 -44.368737, 171.894992 -44.367091, 171.896463 -44.365444, 171.897933 -44.363798, 171.899403 -44.362152, 171.900873 -44.360505, 171.902343 -44.358859, 171.903813 -44.357212, 171.905282 -44.355566, 171.906752 -44.353919, 171.908222 -44.352273, 171.909691 -44.350626, 171.911161 -44.348980, 171.912630 -44.347333, 171.914099 -44.345686, 171.915569 -44.344040, 171.917038 -44.342393, 171.918507 -44.340746, 171.919976 -44.339100, 171.921445 -44.337453, 171.922913 -44.335806, 171.924382 -44.334160, 171.925851 -44.332513, 171.927319 -44.330866, 171.928788 -44.329219, 171.930256 -44.327572, 171.931724 -44.325926, 171.933193 -44.324279, 171.934661 -44.322632, 171.936129 -44.320985, 171.937597 -44.319338, 171.939065 -44.317691, 171.940532 -44.316044, 171.942000 -44.314397, 171.943468 -44.312750, 171.944935 -44.311103, 171.946403 -44.309456, 171.947870 -44.307809, 171.949337 -44.306162, 171.950805 -44.304515, 171.952272 -44.302868, 171.953739 -44.301221, 171.955206 -44.299574, 171.956673 -44.297926, 171.958139 -44.296279, 171.959606 -44.294632, 171.961073 -44.292985, 171.962539 -44.291338, 171.964006 -44.289690, 171.965472 -44.288043, 171.966939 -44.286396, 171.968405 -44.284749, 171.969871 -44.283101, 171.971337 -44.281454, 171.972803 -44.279806, 171.974269 -44.278159, 171.975735 -44.276512, 171.977201 -44.274864, 171.978666 -44.273217, 171.980132 -44.271569, 171.981597 -44.269922, 171.983063 -44.268274, 171.984528 -44.266627, 171.985993 -44.264979, 171.987458 -44.263332, 171.988923 -44.261684, 171.990388 -44.260037, 171.991853 -44.258389, 171.993318 -44.256741, 171.994783 -44.255094, 171.996248 -44.253446, 171.997712 -44.251798, 171.999177 -44.250151, 172.000641 -44.248503, 172.002106 -44.246855, 172.003570 -44.245208, 172.005034 -44.243560, 172.006498 -44.241912, 172.007962 -44.240264, 172.009426 -44.238616, 172.010890 -44.236968, 172.012354 -44.235321, 172.013817 -44.233673, 172.015281 -44.232025, 172.016744 -44.230377, 172.018208 -44.228729, 172.019671 -44.227081, 172.021135 -44.225433, 172.022598 -44.223785, 172.024061 -44.222137, 172.025524 -44.220489, 172.026987 -44.218841, 172.028450 -44.217193, 172.029913 -44.215545, 172.031375 -44.213897, 172.032838 -44.212248, 172.034300 -44.210600, 172.035763 -44.208952, 172.037225 -44.207304, 172.038688 -44.205656, 172.040150 -44.204008, 172.041612 -44.202359, 172.043074 -44.200711, 172.044536 -44.199063, 172.045998 -44.197414, 172.047460 -44.195766, 172.048921 -44.194118, 172.050383 -44.192469, 172.051844 -44.190821, 172.053306 -44.189173, 172.054767 -44.187524, 172.056229 -44.185876, 172.057690 -44.184227, 172.059151 -44.182579, 172.060612 -44.180930, 172.062073 -44.179282, 172.063534 -44.177633, 172.064995 -44.175985, 172.066456 -44.174336, 172.067916 -44.172688, 172.069377 -44.171039, 172.070837 -44.169391, 172.072298 -44.167742, 172.073758 -44.166093, 172.075218 -44.164445, 172.076679 -44.162796, 172.078139 -44.161147, 172.079599 -44.159498, 172.081059 -44.157850, 172.082518 -44.156201, 172.083978 -44.154552, 172.085438 -44.152903, 172.086897 -44.151255, 172.088357 -44.149606, 172.089816 -44.147957, 172.091276 -44.146308, 172.092735 -44.144659, 172.094194 -44.143010, 172.095653 -44.141361, 172.097112 -44.139712, 172.098571 -44.138063, 172.100030 -44.136414, 172.101489 -44.134765, 172.102948 -44.133116, 172.104406 -44.131467, 172.105865 -44.129818, 172.107323 -44.128169, 172.108782 -44.126520, 172.110240 -44.124871, 172.111698 -44.123222, 172.113156 -44.121573, 172.114614 -44.119923, 172.116072 -44.118274, 172.117530 -44.116625, 172.118988 -44.114976, 172.120446 -44.113327, 172.121903 -44.111677, 172.123361 -44.110028, 172.124818 -44.108379, 172.126276 -44.106729, 172.127733 -44.105080, 172.129190 -44.103431, 172.130648 -44.101781, 172.132105 -44.100132, 172.133562 -44.098483, 172.135019 -44.096833, 172.136475 -44.095184, 172.137932 -44.093534, 172.139389 -44.091885, 172.140845 -44.090235, 172.142302 -44.088586, 172.143758 -44.086936, 172.145215 -44.085287, 172.146671 -44.083637, 172.148127 -44.081987, 172.149583 -44.080338, 172.151039 -44.078688, 172.152495 -44.077038, 172.153951 -44.075389, 172.155407 -44.073739, 172.156862 -44.072089, 172.158318 -44.070440, 172.159774 -44.068790, 172.161229 -44.067140, 172.162684 -44.065490, 172.164140 -44.063841, 172.165595 -44.062191, 172.167050 -44.060541, 172.168505 -44.058891, 172.169960 -44.057241, 172.171415 -44.055591, 172.172870 -44.053941, 172.174324 -44.052291, 172.175779 -44.050642, 172.177234 -44.048992, 172.178688 -44.047342, 172.180143 -44.045692, 172.181597 -44.044042, 172.183051 -44.042392, 172.184505 -44.040741, 172.185959 -44.039091, 172.187413 -44.037441, 172.188867 -44.035791, 172.190321 -44.034141, 172.191775 -44.032491, 172.193228 -44.030841, 172.194682 -44.029191, 172.196136 -44.027540, 172.197589 -44.025890, 172.199042 -44.024240, 172.200496 -44.022590, 172.201949 -44.020939, 172.203402 -44.019289, 172.204855 -44.017639, 172.206308 -44.015988, 172.207761 -44.014338, 172.209213 -44.012688, 172.210666 -44.011037, 172.212119 -44.009387, 172.213571 -44.007736, 172.215024 -44.006086, 172.216476 -44.004435, 172.217928 -44.002785, 172.219381 -44.001134, 172.220833 -43.999484, 172.222285 -43.997833, 172.223737 -43.996183, 172.225189 -43.994532, 172.226641 -43.992882, 172.228092 -43.991231, 172.229544 -43.989580, 172.230995 -43.987930, 172.232447 -43.986279, 172.233898 -43.984628, 172.235350 -43.982978, 172.236801 -43.981327, 172.238252 -43.979676, 172.239703 -43.978026, 172.241154 -43.976375, 172.242605 -43.974724, 172.244056 -43.973073, 172.245507 -43.971422, 172.246957 -43.969771, 172.248408 -43.968121, 172.249858 -43.966470, 172.251309 -43.964819, 172.252759 -43.963168, 172.254210 -43.961517, 172.255660 -43.959866, 172.257110 -43.958215, 172.258560 -43.956564, 172.260010 -43.954913, 172.261460 -43.953262, 172.262910 -43.951611, 172.264359 -43.949960, 172.265809 -43.948309, 172.267258 -43.946658, 172.268708 -43.945007, 172.270157 -43.943355, 172.271607 -43.941704, 172.273056 -43.940053, 172.274505 -43.938402, 172.275954 -43.936751, 172.277403 -43.935099, 172.278852 -43.933448, 172.280301 -43.931797, 172.281750 -43.930146, 172.283198 -43.928494, 172.284647 -43.926843, 172.286095 -43.925192, 172.287544 -43.923540, 172.288992 -43.921889, 172.290440 -43.920237, 172.291888 -43.918586, 172.293337 -43.916935, 172.294785 -43.915283, 172.296233 -43.913632, 172.297680 -43.911980, 172.299128 -43.910329, 172.300576 -43.908677, 172.302024 -43.907026, 172.303471 -43.905374, 172.304919 -43.903722, 172.306366 -43.902071, 172.307813 -43.900419, 172.309260 -43.898768, 172.310708 -43.897116, 172.312155 -43.895464, 172.313602 -43.893813, 172.315048 -43.892161, 172.316495 -43.890509, 172.317942 -43.888857, 172.319389 -43.887206, 172.320835 -43.885554, 172.322282 -43.883902, 172.323728 -43.882250, 172.325175 -43.880598, 172.326621 -43.878946, 172.328067 -43.877295, 172.329513 -43.875643, 172.330959 -43.873991, 172.332405 -43.872339, 172.333851 -43.870687, 172.335297 -43.869035, 172.336742 -43.867383, 172.338188 -43.865731, 172.339633 -43.864079, 172.341079 -43.862427, 172.342524 -43.860775, 172.343970 -43.859123, 172.345415 -43.857471, 172.346860 -43.855819, 172.348305 -43.854166, 172.349750 -43.852514, 172.351195 -43.850862, 172.352640 -43.849210, 172.354084 -43.847558, 172.355529 -43.845906, 172.356974 -43.844253, 172.358418 -43.842601, 172.359863 -43.840949, 172.361307 -43.839296, 172.362751 -43.837644, 172.364195 -43.835992, 172.365639 -43.834339, 172.367083 -43.832687, 172.368527 -43.831035, 172.369971 -43.829382, 172.371415 -43.827730, 172.372859 -43.826077, 172.374302 -43.824425, 172.375746 -43.822773, 172.377189 -43.821120, 172.378633 -43.819468, 172.380076 -43.817815, 172.381519 -43.816162, 172.382962 -43.814510, 172.384405 -43.812857, 172.385848 -43.811205, 172.387291 -43.809552, 172.388734 -43.807899, 172.390177 -43.806247, 172.391619 -43.804594, 172.393062 -43.802941, 172.394504 -43.801289, 172.395947 -43.799636, 172.397389 -43.797983, 172.398831 -43.796330, 172.400274 -43.794678, 172.401716 -43.793025, 172.403158 -43.791372, 172.404600 -43.789719, 172.406042 -43.788066, 172.407483 -43.786413, 172.408925 -43.784761, 172.410367 -43.783108, 172.411808 -43.781455, 172.413250 -43.779802, 172.414691 -43.778149, 172.416132 -43.776496, 172.417574 -43.774843, 172.419015 -43.773190, 172.420456 -43.771537, 172.421897 -43.769884, 172.423338 -43.768231, 172.424778 -43.766578, 172.426219 -43.764924, 172.427660 -43.763271, 172.429100 -43.761618, 172.430541 -43.759965, 172.431981 -43.758312, 172.433422 -43.756659, 172.434862 -43.755005, 172.436302 -43.753352, 172.437742 -43.751699, 172.439182 -43.750046, 172.440622 -43.748392, 172.442062 -43.746739, 172.443502 -43.745086, 172.444942 -43.743432, 172.446381 -43.741779, 172.447821 -43.740126, 172.449260 -43.738472, 172.450700 -43.736819, 172.452139 -43.735165, 172.453578 -43.733512, 172.455017 -43.731858, 172.456456 -43.730205, 172.457895 -43.728551, 172.459334 -43.726898, 172.460773 -43.725244, 172.462212 -43.723591, 172.463651 -43.721937, 172.465089 -43.720284, 172.466528 -43.718630, 172.467966 -43.716976, 172.469404 -43.715323, 172.470843 -43.713669, 172.472281 -43.712015, 172.473719 -43.710362, 172.475157 -43.708708, 172.476595 -43.707054, 172.478033 -43.705400, 172.479471 -43.703747, 172.480908 -43.702093, 172.482346 -43.700439, 172.483784 -43.698785, 172.485221 -43.697131, 172.486659 -43.695477, 172.488096 -43.693824, 172.489533 -43.692170, 172.490970 -43.690516, 172.492407 -43.688862, 172.493844 -43.687208, 172.495281 -43.685554, 172.496718 -43.683900, 172.498155 -43.682246, 172.499592 -43.680592, 172.501028 -43.678938, 172.502465 -43.677284, 172.503901 -43.675630, 172.505338 -43.673976, 172.506774 -43.672321, 172.508210 -43.670667, 172.509646 -43.669013, 172.511082 -43.667359, 172.512518 -43.665705, 172.513954 -43.664051, 172.515390 -43.662396, 172.516826 -43.660742, 172.518261 -43.659088, 172.519697 -43.657434, 172.521133 -43.655779, 172.522568 -43.654125, 172.524003 -43.652471, 172.525439 -43.650816, 172.526874 -43.649162, 172.528309 -43.647507, 172.529744 -43.645853, 172.531179 -43.644199, 172.532614 -43.642544, 172.534049 -43.640890, 172.535483 -43.639235, 172.536918 -43.637581, 172.538352 -43.635926, 172.539787 -43.634272, 172.541221 -43.632617, 172.542656 -43.630963, 172.544090 -43.629308, 172.545524 -43.627653, 172.546958 -43.625999, 172.548392 -43.624344, 172.549826 -43.622689, 172.551260 -43.621035, 172.552694 -43.619380, 172.554127 -43.617725, 172.555561 -43.616071, 172.556994 -43.614416, 172.558428 -43.612761, 172.559861 -43.611106, 172.561295 -43.609452, 172.562728 -43.607797, 172.564161 -43.606142, 172.565594 -43.604487, 172.567027 -43.602832, 172.568460 -43.601177, 172.569893 -43.599522, 172.571325 -43.597867, 172.572758 -43.596212, 172.574191 -43.594558, 172.575623 -43.592903, 172.577056 -43.591248, 172.578488 -43.589593, 172.579920 -43.587937, 172.581352 -43.586282, 172.582784 -43.584627, 172.584217 -43.582972, 172.585648 -43.581317, 172.587080 -43.579662, 172.588512 -43.578007, 172.589944 -43.576352, 172.591375 -43.574697, 172.592807 -43.573041, 172.594239 -43.571386, 172.595670 -43.569731, 172.597101 -43.568076, 172.598533 -43.566420, 172.599964 -43.564765, 172.601395 -43.563110, 172.602826 -43.561454, 172.604257 -43.559799, 172.605688 -43.558144, 172.607118 -43.556488, 172.608549 -43.554833, 172.609980 -43.553178, 172.611410 -43.551522, 172.612841 -43.549867, 172.614271 -43.548211, 172.615701 -43.546556, 172.617132 -43.544900, 172.618562 -43.543245, 172.619992 -43.541589, 172.621422 -43.539934, 172.622852 -43.538278, 172.624281 -43.536623, 172.625711 -43.534967, 172.627141 -43.533311, 172.628570 -43.531656, 172.630000 -43.530000, 172.631135 -43.528229, 172.632270 -43.526458, 172.633406 -43.524687, 172.634541 -43.522916, 172.635676 -43.521145, 172.636811 -43.519374, 172.637946 -43.517602, 172.639080 -43.515831, 172.640215 -43.514060, 172.641350 -43.512289, 172.642484 -43.510518, 172.643619 -43.508747, 172.644753 -43.506975, 172.645888 -43.505204, 172.647022 -43.503433, 172.648156 -43.501662, 172.649291 -43.499891, 172.650425 -43.498119, 172.651559 -43.496348, 172.652693 -43.494577, 172.653827 -43.492806, 172.654961 -43.491034, 172.656094 -43.489263, 172.657228 -43.487492, 172.658362 -43.485720, 172.659495 -43.483949, 172.660629 -43.482178, 172.661762 -43.480406, 172.662896 -43.478635, 172.664029 -43.476864, 172.665162 -43.475092, 172.666296 -43.473321, 172.667429 -43.471549, 172.668562 -43.469778, 172.669695 -43.468007, 172.670828 -43.466235, 172.671961 -43.464464, 172.673094 -43.462692, 172.674226 -43.460921, 172.675359 -43.459149, 172.676492 -43.457378, 172.677624 -43.455606, 172.678757 -43.453835, 172.679889 -43.452063, 172.681021 -43.450292, 172.682154 -43.448520, 172.683286 -43.446749, 172.684418 -43.444977, 172.685550 -43.443205, 172.686682 -43.441434, 172.687814 -43.439662, 172.688946 -43.437891, 172.690078 -43.436119, 172.691210 -43.434347, 172.692341 -43.432576, 172.693473 -43.430804, 172.694604 -43.429032, 172.695736 -43.427261, 172.696867 -43.425489, 172.697999 -43.423717, 172.699130 -43.421945, 172.700261 -43.420174, 172.701392 -43.418402, 172.702523 -43.416630, 172.703654 -43.414858, 172.704785 -43.413087, 172.705916 -43.411315, 172.707047 -43.409543, 172.708178 -43.407771, 172.709309 -43.405999, 172.710439 -43.404228, 172.711570 -43.402456, 172.712700 -43.400684, 172.713831 -43.398912, 172.714961 -43.397140, 172.716091 -43.395368, 172.717221 -43.393596, 172.718352 -43.391825, 172.719482 -43.390053, 172.720612 -43.388281, 172.721742 -43.386509, 172.722872 -43.384737, 172.724001 -43.382965, 172.725131 -43.381193, 172.726261 -43.379421, 172.727391 -43.377649, 172.728520 -43.375877, 172.729650 -43.374105, 172.730779 -43.372333, 172.731908 -43.370561, 172.733038 -43.368789, 172.734167 -43.367017, 172.735296 -43.365245, 172.736425 -43.363472, 172.737554 -43.361700, 172.738683 -43.359928, 172.739812 -43.358156, 172.740941 -43.356384, 172.742070 -43.354612, 172.743199 -43.352840, 172.744327 -43.351067, 172.745456 -43.349295, 172.746584 -43.347523, 172.747713 -43.345751, 172.748841 -43.343979, 172.749969 -43.342206, 172.751098 -43.340434, 172.752226 -43.338662, 172.753354 -43.336890, 172.754482 -43.335117, 172.755610 -43.333345, 172.756738 -43.331573, 172.757866 -43.329801, 172.758994 -43.328028, 172.760121 -43.326256, 172.761249 -43.324484, 172.762377 -43.322711, 172.763504 -43.320939, 172.764631 -43.319167, 172.765759 -43.317394, 172.766886 -43.315622, 172.768013 -43.313849, 172.769141 -43.312077, 172.770268 -43.310305, 172.771395 -43.308532, 172.772522 -43.306760, 172.773649 -43.304987, 172.774776 -43.303215, 172.775902 -43.301442, 172.777029 -43.299670, 172.778156 -43.297897, 172.779282 -43.296125, 172.780409 -43.294352, 172.781535 -43.292580, 172.782662 -43.290807, 172.783788 -43.289035, 172.784914 -43.287262, 172.786041 -43.285490, 172.787167 -43.283717, 172.788293 -43.281944, 172.789419 -43.280172, 172.790545 -43.278399, 172.791671 -43.276627, 172.792797 -43.274854, 172.793922 -43.273081, 172.795048 -43.271309, 172.796174 -43.269536, 172.797299 -43.267763, 172.798425 -43.265990, 172.799550 -43.264218, 172.800675 -43.262445, 172.801801 -43.260672, 172.802926 -43.258900, 172.804051 -43.257127, 172.805176 -43.255354, 172.806301 -43.253581, 172.807426 -43.251809, 172.808551 -43.250036, 172.809676 -43.248263, 172.810801 -43.246490, 172.811925 -43.244717, 172.813050 -43.242944, 172.814175 -43.241172, 172.815299 -43.239399, 172.816424 -43.237626, 172.817548 -43.235853, 172.818672 -43.234080, 172.819797 -43.232307, 172.820921 -43.230534, 172.822045 -43.228761, 172.823169 -43.226988, 172.824293 -43.225215, 172.825417 -43.223442, 172.826541 -43.221669, 172.827664 -43.219896, 172.828788 -43.218124, 172.829912 -43.216350, 172.831035 -43.214577, 172.832159 -43.212804, 172.833282 -43.211031, 172.834406 -43.209258, 172.835529 -43.207485, 172.836652 -43.205712, 172.837776 -43.203939, 172.838899 -43.202166, 172.840022 -43.200393, 172.841145 -43.198620, 172.842268 -43.196847, 172.843391 -43.195074, 172.844513 -43.193300, 172.845636 -43.191527, 172.846759 -43.189754, 172.847881 -43.187981, 172.849004 -43.186208, 172.850126 -43.184435, 172.851249 -43.182661, 172.852371 -43.180888, 172.853493 -43.179115, 172.854616 -43.177342, 172.855738 -43.175568, 172.856860 -43.173795, 172.857982 -43.172022, 172.859104 -43.170248, 172.860226 -43.168475, 172.861348 -43.166702, 172.862469 -43.164929, 172.863591 -43.163155, 172.864713 -43.161382, 172.865834 -43.159609, 172.866956 -43.157835, 172.868077 -43.156062, 172.869199 -43.154288, 172.870320 -43.152515, 172.871441 -43.150742, 172.872562 -43.148968, 172.873683 -43.147195, 172.874805 -43.145421, 172.875926 -43.143648, 172.877046 -43.141874, 172.878167 -43.140101, 172.879288 -43.138327, 172.880409 -43.136554, 172.881529 -43.134780, 172.882650 -43.133007, 172.883771 -43.131233, 172.884891 -43.129460, 172.886011 -43.127686, 172.887132 -43.125913, 172.888252 -43.124139, 172.889372 -43.122365, 172.890492 -43.120592, 172.891612 -43.118818, 172.892732 -43.117045, 172.893852 -43.115271, 172.894972 -43.113497, 172.896092 -43.111724, 172.897212 -43.109950, 172.898332 -43.108176, 172.899451 -43.106403, 172.900571 -43.104629, 172.901690 -43.102855, 172.902810 -43.101082, 172.903929 -43.099308, 172.905048 -43.097534, 172.906167 -43.095760, 172.907287 -43.093987, 172.908406 -43.092213, 172.909525 -43.090439, 172.910644 -43.088665, 172.911763 -43.086891, 172.912882 -43.085118, 172.914000 -43.083344, 172.915119 -43.081570, 172.916238 -43.079796, 172.917356 -43.078022, 172.918475 -43.076248, 172.919593 -43.074475, 172.920712 -43.072701, 172.921830 -43.070927, 172.922948 -43.069153, 172.924066 -43.067379, 172.925184 -43.065605, 172.926303 -43.063831, 172.927421 -43.062057, 172.928538 -43.060283, 172.929656 -43.058509, 172.930774 -43.056735, 172.931892 -43.054961, 172.933010 -43.053187, 172.934127 -43.051413, 172.935245 -43.049639, 172.936362 -43.047865, 172.937480 -43.046091, 172.938597 -43.044317, 172.939714 -43.042543, 172.940831 -43.040769, 172.941949 -43.038995, 172.943066 -43.037221, 172.944183 -43.035446, 172.945300 -43.033672, 172.946417 -43.031898, 172.947533 -43.030124, 172.948650 -43.028350, 172.949767 -43.026576, 172.950884 -43.024801, 172.952000 -43.023027, 172.953117 -43.021253, 172.954233 -43.019479, 172.955350 -43.017705, 172.956466 -43.015930, 172.957582 -43.014156, 172.958698 -43.012382, 172.959814 -43.010608, 172.960930 -43.008833, 172.962046 -43.007059, 172.963162 -43.005285, 172.964278 -43.003510, 172.965394 -43.001736, 172.966510 -42.999962, 172.967625 -42.998187, 172.968741 -42.996413, 172.969857 -42.994639, 172.970972 -42.992864, 172.972088 -42.991090, 172.973203 -42.989315, 172.974318 -42.987541, 172.975433 -42.985767, 172.976549 -42.983992, 172.977664 -42.982218, 172.978779 -42.980443, 172.979894 -42.978669, 172.981009 -42.976894, 172.982123 -42.975120, 172.983238 -42.973345, 172.984353 -42.971571, 172.985468 -42.969796, 172.986582 -42.968022, 172.987697 -42.966247, 172.988811 -42.964473, 172.989925 -42.962698, 172.991040 -42.960924, 172.992154 -42.959149, 172.993268 -42.957374, 172.994382 -42.955600, 172.995496 -42.953825, 172.996610 -42.952050, 172.997724 -42.950276, 172.998838 -42.948501, 172.999952 -42.946727, 173.001066 -42.944952, 173.002179 -42.943177, 173.003293 -42.941402, 173.004407 -42.939628, 173.005520 -42.937853, 173.006634 -42.936078, 173.007747 -42.934304, 173.008860 -42.932529, 173.009973 -42.930754, 173.011087 -42.928979, 173.012200 -42.927205, 173.013313 -42.925430, 173.014426 -42.923655, 173.015539 -42.921880, 173.016651 -42.920105, 173.017764 -42.918330, 173.018877 -42.916556, 173.019990 -42.914781, 173.021102 -42.913006, 173.022215 -42.911231, 173.023327 -42.909456, 173.024440 -42.907681, 173.025552 -42.905906, 173.026664 -42.904131, 173.027776 -42.902356, 173.028889 -42.900582, 173.030001 -42.898807, 173.031113 -42.897032, 173.032225 -42.895257, 173.033337 -42.893482, 173.034448 -42.891707, 173.035560 -42.889932, 173.036672 -42.888157, 173.037783 -42.886382, 173.038895 -42.884607, 173.040006 -42.882832, 173.041118 -42.881056, 173.042229 -42.879281, 173.043341 -42.877506, 173.044452 -42.875731, 173.045563 -42.873956, 173.046674 -42.872181, 173.047785 -42.870406, 173.048896 -42.868631, 173.050007 -42.866856, 173.051118 -42.865080, 173.052229 -42.863305, 173.053340 -42.861530, 173.054450 -42.859755, 173.055561 -42.857980, 173.056671 -42.856204, 173.057782 -42.854429, 173.058892 -42.852654, 173.060003 -42.850879, 173.061113 -42.849104, 173.062223 -42.847328, 173.063333 -42.845553, 173.064443 -42.843778, 173.065553 -42.842002, 173.066663 -42.840227, 173.067773 -42.838452, 173.068883 -42.836676, 173.069993 -42.834901, 173.071103 -42.833126, 173.072212 -42.831350, 173.073322 -42.829575, 173.074431 -42.827800, 173.075541 -42.826024, 173.076650 -42.824249, 173.077760 -42.822473, 173.078869 -42.820698, 173.079978 -42.818923, 173.081087 -42.817147, 173.082196 -42.815372, 173.083305 -42.813596, 173.084414 -42.811821, 173.085523 -42.810045, 173.086632 -42.808270, 173.087741 -42.806494, 173.088849 -42.804719, 173.089958 -42.802943, 173.091067 -42.801168, 173.092175 -42.799392, 173.093283 -42.797616, 173.094392 -42.795841, 173.095500 -42.794065, 173.096608 -42.792290, 173.097717 -42.790514, 173.098825 -42.788739, 173.099933 -42.786963, 173.101041 -42.785187, 173.102149 -42.783412, 173.103257 -42.781636, 173.104364 -42.779860, 173.105472 -42.778085, 173.106580 -42.776309, 173.107687 -42.774533, 173.108795 -42.772757, 173.109902 -42.770982, 173.111010 -42.769206, 173.112117 -42.767430, 173.113225 -42.765655, 173.114332 -42.763879, 173.115439 -42.762103, 173.116546 -42.760327, 173.117653 -42.758551, 173.118760 -42.756776, 173.119867 -42.755000, 173.120974 -42.753224, 173.122081 -42.751448, 173.123187 -42.749672, 173.124294 -42.747896, 173.125401 -42.746120, 173.126507 -42.744345, 173.127614 -42.742569, 173.128720 -42.740793, 173.129826 -42.739017, 173.130933 -42.737241, 173.132039 -42.735465, 173.133145 -42.733689, 173.134251 -42.731913, 173.135357 -42.730137, 173.136463 -42.728361, 173.137569 -42.726585, 173.138675 -42.724809, 173.139781 -42.723033, 173.140886 -42.721257, 173.141992 -42.719481, 173.143098 -42.717705, 173.144203 -42.715929, 173.145309 -42.714153, 173.146414 -42.712377, 173.147519 -42.710601, 173.148625 -42.708825, 173.149730 -42.707049, 173.150835 -42.705272, 173.151940 -42.703496, 173.153045 -42.701720, 173.154150 -42.699944, 173.155255 -42.698168, 173.156360 -42.696392, 173.157464 -42.694615, 173.158569 -42.692839, 173.159674 -42.691063, 173.160778 -42.689287, 173.161883 -42.687511, 173.162987 -42.685734, 173.164092 -42.683958, 173.165196 -42.682182, 173.166300 -42.680406, 173.167404 -42.678629, 173.168509 -42.676853, 173.169613 -42.675077, 173.170717 -42.673300, 173.171821 -42.671524, 173.172924 -42.669748, 173.174028 -42.667971, 173.175132 -42.666195, 173.176236 -42.664419, 173.177339 -42.662642, 173.178443 -42.660866, 173.179546 -42.659090, 173.180650 -42.657313, 173.181753 -42.655537, 173.182857 -42.653760, 173.183960 -42.651984, 173.185063 -42.650207, 173.186166 -42.648431, 173.187269 -42.646655, 173.188372 -42.644878, 173.189475 -42.643102, 173.190578 -42.641325, 173.191681 -42.639549, 173.192783 -42.637772, 173.193886 -42.635996, 173.194989 -42.634219, 173.196091 -42.632442, 173.197194 -42.630666, 173.198296 -42.628889, 173.199399 -42.627113, 173.200501 -42.625336, 173.201603 -42.623560, 173.202705 -42.621783, 173.203807 -42.620006, 173.204910 -42.618230, 173.206012 -42.616453, 173.207113 -42.614676, 173.208215 -42.612900, 173.209317 -42.611123, 173.210419 -42.609346, 173.211521 -42.607570, 173.212622 -42.605793, 173.213724 -42.604016, 173.214825 -42.602239, 173.215927 -42.600463, 173.217028 -42.598686, 173.218129 -42.596909, 173.219230 -42.595132, 173.220332 -42.593356, 173.221433 -42.591579, 173.222534 -42.589802, 173.223635 -42.588025, 173.224736 -42.586248, 173.225837 -42.584471, 173.226937 -42.582695, 173.228038 -42.580918, 173.229139 -42.579141, 173.230239 -42.577364, 173.231340 -42.575587, 173.232440 -42.573810, 173.233541 -42.572033, 173.234641 -42.570256, 173.235741 -42.568479, 173.236842 -42.566703, 173.237942 -42.564926, 173.239042 -42.563149, 173.240142 -42.561372, 173.241242 -42.559595, 173.242342 -42.557818, 173.243442 -42.556041, 173.244542 -42.554264, 173.245641 -42.552487, 173.246741 -42.550710, 173.247841 -42.548933, 173.248940 -42.547155, 173.250040 -42.545378, 173.251139 -42.543601, 173.252238 -42.541824, 173.253338 -42.540047, 173.254437 -42.538270, 173.255536 -42.536493, 173.256635 -42.534716, 173.257734 -42.532939, 173.258833 -42.531161, 173.259932 -42.529384, 173.261031 -42.527607, 173.262130 -42.525830, 173.263228 -42.524053, 173.264327 -42.522276, 173.265426 -42.520498, 173.266524 -42.518721, 173.267623 -42.516944, 173.268721 -42.515167, 173.269820 -42.513389, 173.270918 -42.511612, 173.272016 -42.509835, 173.273114 -42.508058, 173.274212 -42.506280, 173.275310 -42.504503, 173.276408 -42.502726, 173.277506 -42.500948, 173.278604 -42.499171, 173.279702 -42.497394, 173.280800 -42.495616, 173.281897 -42.493839, 173.282995 -42.492061, 173.284092 -42.490284, 173.285190 -42.488507, 173.286287 -42.486729, 173.287385 -42.484952, 173.288482 -42.483174, 173.289579 -42.481397, 173.290676 -42.479619, 173.291773 -42.477842, 173.292871 -42.476064, 173.293967 -42.474287, 173.295064 -42.472509, 173.296161 -42.470732, 173.297258 -42.468954, 173.298355 -42.467177, 173.299451 -42.465399, 173.300548 -42.463622, 173.301645 -42.461844, 173.302741 -42.460067, 173.303838 -42.458289, 173.304934 -42.456512, 173.306030 -42.454734, 173.307126 -42.452956, 173.308223 -42.451179, 173.309319 -42.449401, 173.310415 -42.447623, 173.311511 -42.445846, 173.312607 -42.444068, 173.313703 -42.442290, 173.314798 -42.440513, 173.315894 -42.438735, 173.316990 -42.436957, 173.318085 -42.435180, 173.319181 -42.433402, 173.320276 -42.431624, 173.321372 -42.429846, 173.322467 -42.428069, 173.323562 -42.426291, 173.324658 -42.424513, 173.325753 -42.422735, 173.326848 -42.420957, 173.327943 -42.419180, 173.329038 -42.417402, 173.330133 -42.415624, 173.331228 -42.413846, 173.332323 -42.412068, 173.333417 -42.410290, 173.334512 -42.408513, 173.335607 -42.406735, 173.336701 -42.404957, 173.337796 -42.403179, 173.338890 -42.401401, 173.339985 -42.399623, 173.341079 -42.397845, 173.342173 -42.396067, 173.343267 -42.394289, 173.344361 -42.392511, 173.345455 -42.390733, 173.346549 -42.388955, 173.347643 -42.387177, 173.348737 -42.385399, 173.349831 -42.383621, 173.350925 -42.381843, 173.352019 -42.380065, 173.353112 -42.378287, 173.354206 -42.376509, 173.355299 -42.374731, 173.356393 -42.372953, 173.357486 -42.371175, 173.358579 -42.369397, 173.359673 -42.367619, 173.360766 -42.365840, 173.361859 -42.364062, 173.362952 -42.362284, 173.364045 -42.360506, 173.365138 -42.358728, 173.366231 -42.356950, 173.367324 -42.355171, 173.368416 -42.353393, 173.369509 -42.351615, 173.370602 -42.349837, 173.371694 -42.348059, 173.372787 -42.346280, 173.373879 -42.344502, 173.374972 -42.342724, 173.376064 -42.340946, 173.377156 -42.339167, 173.378248 -42.337389, 173.379341 -42.335611, 173.380433 -42.333832, 173.381525 -42.332054, 173.382617 -42.330276, 173.383709 -42.328497, 173.384800 -42.326719, 173.385892 -42.324941, 173.386984 -42.323162, 173.388076 -42.321384, 173.389167 -42.319606, 173.390259 -42.317827, 173.391350 -42.316049, 173.392441 -42.314270, 173.393533 -42.312492, 173.394624 -42.310713, 173.395715 -42.308935, 173.396806 -42.307156, 173.397898 -42.305378, 173.398989 -42.303600, 173.400080 -42.301821, 173.401170 -42.300043, 173.402261 -42.298264, 173.403352 -42.296485, 173.404443 -42.294707, 173.405533 -42.292928, 173.406624 -42.291150, 173.407715 -42.289371, 173.408805 -42.287593, 173.409896 -42.285814, 173.410986 -42.284035, 173.412076 -42.282257, 173.413166 -42.280478, 173.414257 -42.278700, 173.415347 -42.276921, 173.416437 -42.275142, 173.417527 -42.273364, 173.418617 -42.271585, 173.419706 -42.269806, 173.420796 -42.268028, 173.421886 -42.266249, 173.422976 -42.264470, 173.424065 -42.262691, 173.425155 -42.260913, 173.426244 -42.259134, 173.427334 -42.257355, 173.428423 -42.255576, 173.429512 -42.253798, 173.430602 -42.252019, 173.431691 -42.250240, 173.432780 -42.248461, 173.433869 -42.246682, 173.434958 -42.244904, 173.436047 -42.243125, 173.437136 -42.241346, 173.438225 -42.239567, 173.439313 -42.237788, 173.440402 -42.236009, 173.441491 -42.234230, 173.442579 -42.232452, 173.443668 -42.230673, 173.444756 -42.228894, 173.445845 -42.227115, 173.446933 -42.225336, 173.448021 -42.223557, 173.449110 -42.221778, 173.450198 -42.219999, 173.451286 -42.218220, 173.452374 -42.216441, 173.453462 -42.214662, 173.454550 -42.212883, 173.455637 -42.211104, 173.456725 -42.209325, 173.457813 -42.207546, 173.458901 -42.205767, 173.459988 -42.203988, 173.461076 -42.202209, 173.462163 -42.200430, 173.463251 -42.198650, 173.464338 -42.196871, 173.465425 -42.195092, 173.466512 -42.193313, 173.467600 -42.191534, 173.468687 -42.189755, 173.469774 -42.187976, 173.470861 -42.186197, 173.471948 -42.184417, 173.473034 -42.182638, 173.474121 -42.180859, 173.475208 -42.179080, 173.476295 -42.177301, 173.477381 -42.175521, 173.478468 -42.173742, 173.479554 -42.171963, 173.480641 -42.170184, 173.481727 -42.168404, 173.482813 -42.166625, 173.483900 -42.164846, 173.484986 -42.163066, 173.486072 -42.161287, 173.487158 -42.159508, 173.488244 -42.157728, 173.489330 -42.155949, 173.490416 -42.154170, 173.491502 -42.152390, 173.492587 -42.150611, 173.493673 -42.148832, 173.494759 -42.147052, 173.495844 -42.145273, 173.496930 -42.143493, 173.498015 -42.141714, 173.499101 -42.139935, 173.500186 -42.138155, 173.501271 -42.136376, 173.502357 -42.134596, 173.503442 -42.132817, 173.504527 -42.131037, 173.505612 -42.129258, 173.506697 -42.127478, 173.507782 -42.125699, 173.508866 -42.123919, 173.509951 -42.122140, 173.511036 -42.120360, 173.512121 -42.118581, 173.513205 -42.116801, 173.514290 -42.115021, 173.515374 -42.113242, 173.516459 -42.111462, 173.517543 -42.109683, 173.518627 -42.107903, 173.519712 -42.106123, 173.520796 -42.104344, 173.521880 -42.102564, 173.522964 -42.100784, 173.524048 -42.099005, 173.525132 -42.097225, 173.526216 -42.095445, 173.527299 -42.093666, 173.528383 -42.091886, 173.529467 -42.090106, 173.530550 -42.088327, 173.531634 -42.086547, 173.532718 -42.084767, 173.533801 -42.082987, 173.534884 -42.081208, 173.535968 -42.079428, 173.537051 -42.077648, 173.538134 -42.075868, 173.539217 -42.074088, 173.540300 -42.072308, 173.541383 -42.070529, 173.542466 -42.068749, 173.543549 -42.066969, 173.544632 -42.065189, 173.545715 -42.063409, 173.546798 -42.061629, 173.547880 -42.059849, 173.548963 -42.058070, 173.550045 -42.056290, 173.551128 -42.054510, 173.552210 -42.052730, 173.553293 -42.050950, 173.554375 -42.049170, 173.555457 -42.047390, 173.556539 -42.045610, 173.557621 -42.043830, 173.558703 -42.042050, 173.559785 -42.040270, 173.560867 -42.038490, 173.561949 -42.036710, 173.563031 -42.034930, 173.564113 -42.033150, 173.565194 -42.031370, 173.566276 -42.029590, 173.567358 -42.027810, 173.568439 -42.026030, 173.569520 -42.024249, 173.570602 -42.022469, 173.571683 -42.020689, 173.572764 -42.018909, 173.573846 -42.017129, 173.574927 -42.015349, 173.576008 -42.013569, 173.577089 -42.011788, 173.578170 -42.010008, 173.579251 -42.008228, 173.580332 -42.006448, 173.581412 -42.004668, 173.582493 -42.002888, 173.583574 -42.001107, 173.584654 -41.999327, 173.585735 -41.997547, 173.586815 -41.995767, 173.587896 -41.993986, 173.588976 -41.992206, 173.590056 -41.990426, 173.591137 -41.988645, 173.592217 -41.986865, 173.593297 -41.985085, 173.594377 -41.983304, 173.595457 -41.981524, 173.596537 -41.979744, 173.597617 -41.977963, 173.598696 -41.976183, 173.599776 -41.974403, 173.600856 -41.972622, 173.601936 -41.970842, 173.603015 -41.969061, 173.604095 -41.967281, 173.605174 -41.965501, 173.606253 -41.963720, 173.607333 -41.961940, 173.608412 -41.960159, 173.609491 -41.958379, 173.610570 -41.956598, 173.611649 -41.954818, 173.612728 -41.953037, 173.613807 -41.951257, 173.614886 -41.949476, 173.615965 -41.947696, 173.617044 -41.945915, 173.618123 -41.944135, 173.619201 -41.942354, 173.620280 -41.940573, 173.621358 -41.938793, 173.622437 -41.937012, 173.623515 -41.935232, 173.624594 -41.933451, 173.625672 -41.931670, 173.626750 -41.929890, 173.627828 -41.928109, 173.628907 -41.926329, 173.629985 -41.924548, 173.631063 -41.922767, 173.632141 -41.920987, 173.633218 -41.919206, 173.634296 -41.917425, 173.635374 -41.915644, 173.636452 -41.913864, 173.637529 -41.912083, 173.638607 -41.910302, 173.639684 -41.908521, 173.640762 -41.906741, 173.641839 -41.904960, 173.642917 -41.903179, 173.643994 -41.901398, 173.645071 -41.899618, 173.646148 -41.897837, 173.647225 -41.896056, 173.648302 -41.894275, 173.649379 -41.892494, 173.650456 -41.890713, 173.651533 -41.888933, 173.652610 -41.887152, 173.653687 -41.885371, 173.654763 -41.883590, 173.655840 -41.881809, 173.656917 -41.880028, 173.657993 -41.878247, 173.659069 -41.876466, 173.660146 -41.874685, 173.661222 -41.872904, 173.662298 -41.871123, 173.663375 -41.869342, 173.664451 -41.867561, 173.665527 -41.865780, 173.666603 -41.863999, 173.667679 -41.862218, 173.668755 -41.860437, 173.669831 -41.858656, 173.670906 -41.856875, 173.671982 -41.855094, 173.673058 -41.853313, 173.674133 -41.851532, 173.675209 -41.849751, 173.676284 -41.847970, 173.677360 -41.846189, 173.678435 -41.844408, 173.679510 -41.842627, 173.680586 -41.840845, 173.681661 -41.839064, 173.682736 -41.837283, 173.683811 -41.835502, 173.684886 -41.833721, 173.685961 -41.831940, 173.687036 -41.830158, 173.688111 -41.828377, 173.689185 -41.826596, 173.690260 -41.824815, 173.691335 -41.823033, 173.692409 -41.821252, 173.693484 -41.819471, 173.694558 -41.817690, 173.695633 -41.815908, 173.696707 -41.814127, 173.697781 -41.812346, 173.698855 -41.810565, 173.699930 -41.808783, 173.701004 -41.807002, 173.702078 -41.805221, 173.703152 -41.803439, 173.704226 -41.801658, 173.705300 -41.799877, 173.706373 -41.798095, 173.707447 -41.796314, 173.708521 -41.794532, 173.709594 -41.792751, 173.710668 -41.790970, 173.711741 -41.789188, 173.712815 -41.787407, 173.713888 -41.785625, 173.714962 -41.783844, 173.716035 -41.782062, 173.717108 -41.780281, 173.718181 -41.778499, 173.719254 -41.776718, 173.720327 -41.774936, 173.721400 -41.773155, 173.722473 -41.771373, 173.723546 -41.769592, 173.724619 -41.767810, 173.725692 -41.766029, 173.726764 -41.764247, 173.727837 -41.762466, 173.728909 -41.760684, 173.729982 -41.758902, 173.731054 -41.757121, 173.732127 -41.755339, 173.733199 -41.753557, 173.734271 -41.751776, 173.735344 -41.749994, 173.736416 -41.748213, 173.737488 -41.746431, 173.738560 -41.744649, 173.739632 -41.742868, 173.740704 -41.741086, 173.741775 -41.739304, 173.742847 -41.737522, 173.743919 -41.735741, 173.744991 -41.733959, 173.746062 -41.732177, 173.747134 -41.730395, 173.748205 -41.728614, 173.749277 -41.726832, 173.750348 -41.725050, 173.751419 -41.723268, 173.752491 -41.721487, 173.753562 -41.719705, 173.754633 -41.717923, 173.755704 -41.716141, 173.756775 -41.714359, 173.757846 -41.712577, 173.758917 -41.710795, 173.759988 -41.709014, 173.761058 -41.707232, 173.762129 -41.705450, 173.763200 -41.703668, 173.764270 -41.701886, 173.765341 -41.700104, 173.766411 -41.698322, 173.767482 -41.696540, 173.768552 -41.694758, 173.769622 -41.692976, 173.770693 -41.691194, 173.771763 -41.689412, 173.772833 -41.687630, 173.773903 -41.685848, 173.774973 -41.684066, 173.776043 -41.682284, 173.777113 -41.680502, 173.778183 -41.678720, 173.779252 -41.676938, 173.780322 -41.675156, 173.781392 -41.673374, 173.782461 -41.671592, 173.783531 -41.669810, 173.784600 -41.668028, 173.785670 -41.666246, 173.786739 -41.664464, 173.787808 -41.662681, 173.788877 -41.660899, 173.789947 -41.659117, 173.791016 -41.657335, 173.792085 -41.655553, 173.793154 -41.653771, 173.794223 -41.651988, 173.795292 -41.650206, 173.796360 -41.648424, 173.797429 -41.646642, 173.798498 -41.644860, 173.799566 -41.643077, 173.800635 -41.641295, 173.801704 -41.639513, 173.802772 -41.637730, 173.803840 -41.635948, 173.804909 -41.634166, 173.805977 -41.632384, 173.807045 -41.630601, 173.808113 -41.628819, 173.809181 -41.627037, 173.810250 -41.625254, 173.811318 -41.623472, 173.812385 -41.621690, 173.813453 -41.619907, 173.814521 -41.618125, 173.815589 -41.616342, 173.816657 -41.614560, 173.817724 -41.612778, 173.818792 -41.610995, 173.819859 -41.609213, 173.820927 -41.607430, 173.821994 -41.605648, 173.823061 -41.603865, 173.824129 -41.602083, 173.825196 -41.600301, 173.826263 -41.598518, 173.827330 -41.596736, 173.828397 -41.594953, 173.829464 -41.593171, 173.830531 -41.591388, 173.831598 -41.589605, 173.832665 -41.587823, 173.833732 -41.586040, 173.834798 -41.584258, 173.835865 -41.582475, 173.836931 -41.580693, 173.837998 -41.578910, 173.839064 -41.577127, 173.840131 -41.575345, 173.841197 -41.573562, 173.842263 -41.571780, 173.843330 -41.569997, 173.844396 -41.568214, 173.845462 -41.566432, 173.846528 -41.564649, 173.847594 -41.562866, 173.848660 -41.561083, 173.849726 -41.559301, 173.850791 -41.557518, 173.851857 -41.555735, 173.852923 -41.553953, 173.853989 -41.552170, 173.855054 -41.550387, 173.856120 -41.548604, 173.857185 -41.546822, 173.858250 -41.545039, 173.859316 -41.543256, 173.860381 -41.541473, 173.861446 -41.539690, 173.862511 -41.537908, 173.863577 -41.536125, 173.864642 -41.534342, 173.865707 -41.532559, 173.866772 -41.530776, 173.867836 -41.528993, 173.868901 -41.527210, 173.869966 -41.525428, 173.871031 -41.523645, 173.872095 -41.521862, 173.873160 -41.520079, 173.874224 -41.518296, 173.875289 -41.516513, 173.876353 -41.514730, 173.877418 -41.512947, 173.878482 -41.511164, 173.879546 -41.509381, 173.880610 -41.507598, 173.881674 -41.505815, 173.882738 -41.504032, 173.883802 -41.502249, 173.884866 -41.500466, 173.885930 -41.498683, 173.886994 -41.496900, 173.888058 -41.495117, 173.889121 -41.493334, 173.890185 -41.491551, 173.891249 -41.489768, 173.892312 -41.487985, 173.893376 -41.486201, 173.894439 -41.484418, 173.895502 -41.482635, 173.896566 -41.480852, 173.897629 -41.479069, 173.898692 -41.477286, 173.899755 -41.475503, 173.900818 -41.473719, 173.901881 -41.471936, 173.902944 -41.470153, 173.904007 -41.468370, 173.905070 -41.466587, 173.906132 -41.464803, 173.907195 -41.463020, 173.908258 -41.461237, 173.909320 -41.459454, 173.910383 -41.457670, 173.911445 -41.455887, 173.912508 -41.454104, 173.913570 -41.452320, 173.914632 -41.450537, 173.915695 -41.448754, 173.916757 -41.446971, 173.917819 -41.445187, 173.918881 -41.443404, 173.919943 -41.441621, 173.921005 -41.439837, 173.922067 -41.438054, 173.923129 -41.436270, 173.924190 -41.434487, 173.925252 -41.432704, 173.926314 -41.430920, 173.927375 -41.429137, 173.928437 -41.427353, 173.929498 -41.425570, 173.930560 -41.423786, 173.931621 -41.422003, 173.932682 -41.420220, 173.933744 -41.418436, 173.934805 -41.416653, 173.935866 -41.414869, 173.936927 -41.413086, 173.937988 -41.411302, 173.939049 -41.409519, 173.940110 -41.407735, 173.941171 -41.405951, 173.942231 -41.404168, 173.943292 -41.402384, 173.944353 -41.400601, 173.945413 -41.398817, 173.946474 -41.397034, 173.947534 -41.395250, 173.948595 -41.393466, 173.949655 -41.391683, 173.950716 -41.389899, 173.951776 -41.388115, 173.952836 -41.386332, 173.953896 -41.384548, 173.954956 -41.382764, 173.956016 -41.380981, 173.957076 -41.379197, 173.958136 -41.377413, 173.959196 -41.375630, 173.960256 -41.373846, 173.961315 -41.372062, 173.962375 -41.370278, 173.963435 -41.368495, 173.964494 -41.366711, 173.965554 -41.364927, 173.966613 -41.363143, 173.967672 -41.361360, 173.968732 -41.359576, 173.969791 -41.357792, 173.970850 -41.356008, 173.971909 -41.354224, 173.972969 -41.352440, 173.974028 -41.350657, 173.975087 -41.348873, 173.976145 -41.347089, 173.977204 -41.345305, 173.978263 -41.343521, 173.979322 -41.341737, 173.980380 -41.339953, 173.981439 -41.338169, 173.982498 -41.336385, 173.983556 -41.334602, 173.984615 -41.332818, 173.985673 -41.331034, 173.986731 -41.329250, 173.987790 -41.327466, 173.988848 -41.325682, 173.989906 -41.323898, 173.990964 -41.322114, 173.992022 -41.320330, 173.993080 -41.318546, 173.994138 -41.316762, 173.995196 -41.314978, 173.996254 -41.313194, 173.997311 -41.311410, 173.998369 -41.309625, 173.999427 -41.307841, 174.000484 -41.306057, 174.001542 -41.304273, 174.002599 -41.302489, 174.003657 -41.300705, 174.004714 -41.298921, 174.005771 -41.297137, 174.006829 -41.295353, 174.007886 -41.293568, 174.008943 -41.291784, 174.010000 -41.290000), (174.780000 -41.290000, 174.780674 -41.288697, 174.781347 -41.287394, 174.782021 -41.286091, 174.782694 -41.284789, 174.783368 -41.283486, 174.784041 -41.282183, 174.784715 -41.280880, 174.785388 -41.279577, 174.786061 -41.278274, 174.786735 -41.276971, 174.787408 -41.275669, 174.788081 -41.274366, 174.788755 -41.273063, 174.789428 -41.271760, 174.790101 -41.270457, 174.790774 -41.269154, 174.791447 -41.267851, 174.792121 -41.266548, 174.792794 -41.265245, 174.793467 -41.263942, 174.794140 -41.262640, 174.794813 -41.261337, 174.795486 -41.260034, 174.796159 -41.258731, 174.796832 -41.257428, 174.797505 -41.256125, 174.798178 -41.254822, 174.798850 -41.253519, 174.799523 -41.252216, 174.800196 -41.250913, 174.800869 -41.249610, 174.801542 -41.248307, 174.802214 -41.247004, 174.802887 -41.245701, 174.803560 -41.244398, 174.804232 -41.243095, 174.804905 -41.241792, 174.805578 -41.240489, 174.806250 -41.239186, 174.806923 -41.237883, 174.807595 -41.236580, 174.808268 -41.235277, 174.808940 -41.233974, 174.809613 -41.232671, 174.810285 -41.231368, 174.810957 -41.230065, 174.811630 -41.228762, 174.812302 -41.227459, 174.812974 -41.226156, 174.813647 -41.224853, 174.814319 -41.223550, 174.814991 -41.222247, 174.815663 -41.220944, 174.816336 -41.219641, 174.817008 -41.218338, 174.817680 -41.217035, 174.818352 -41.215732, 174.819024 -41.214429, 174.819696 -41.213126, 174.820368 -41.211823, 174.821040 -41.210520, 174.821712 -41.209217, 174.822384 -41.207913, 174.823056 -41.206610, 174.823728 -41.205307, 174.824400 -41.204004, 174.825071 -41.202701, 174.825743 -41.201398, 174.826415 -41.200095, 174.827087 -41.198792, 174.827758 -41.197489, 174.828430 -41.196186, 174.829102 -41.194882, 174.829773 -41.193579, 174.830445 -41.192276, 174.831117 -41.190973, 174.831788 -41.189670, 174.832460 -41.188367, 174.833131 -41.187064, 174.833803 -41.185760, 174.834474 -41.184457, 174.835145 -41.183154, 174.835817 -41.181851, 174.836488 -41.180548, 174.837160 -41.179245, 174.837831 -41.177941, 174.838502 -41.176638, 174.839173 -41.175335, 174.839845 -41.174032, 174.840516 -41.172729, 174.841187 -41.171426, 174.841858 -41.170122, 174.842529 -41.168819, 174.843200 -41.167516, 174.843872 -41.166213, 174.844543 -41.164910, 174.845214 -41.163606, 174.845885 -41.162303, 174.846556 -41.161000, 174.847226 -41.159697, 174.847897 -41.158393, 174.848568 -41.157090, 174.849239 -41.155787, 174.849910 -41.154484, 174.850581 -41.153180, 174.851252 -41.151877, 174.851922 -41.150574, 174.852593 -41.149271, 174.853264 -41.147967, 174.853934 -41.146664, 174.854605 -41.145361, 174.855276 -41.144058, 174.855946 -41.142754, 174.856617 -41.141451, 174.857287 -41.140148, 174.857958 -41.138845, 174.858628 -41.137541, 174.859299 -41.136238, 174.859969 -41.134935, 174.860640 -41.133631, 174.861310 -41.132328, 174.861980 -41.131025, 174.862651 -41.129721, 174.863321 -41.128418, 174.863991 -41.127115, 174.864662 -41.125811, 174.865332 -41.124508, 174.866002 -41.123205, 174.866672 -41.121901, 174.867342 -41.120598, 174.868012 -41.119295, 174.868683 -41.117991, 174.869353 -41.116688, 174.870023 -41.115385, 174.870693 -41.114081, 174.871363 -41.112778, 174.872033 -41.111475, 174.872702 -41.110171, 174.873372 -41.108868, 174.874042 -41.107564, 174.874712 -41.106261, 174.875382 -41.104958, 174.876052 -41.103654, 174.876721 -41.102351, 174.877391 -41.101047, 174.878061 -41.099744, 174.878731 -41.098441, 174.879400 -41.097137, 174.880070 -41.095834, 174.880740 -41.094530, 174.881409 -41.093227, 174.882079 -41.091924, 174.882748 -41.090620, 174.883418 -41.089317, 174.884087 -41.088013, 174.884757 -41.086710, 174.885426 -41.085406, 174.886095 -41.084103, 174.886765 -41.082799, 174.887434 -41.081496, 174.888103 -41.080193, 174.888773 -41.078889, 174.889442 -41.077586, 174.890111 -41.076282, 174.890780 -41.074979, 174.891450 -41.073675, 174.892119 -41.072372, 174.892788 -41.071068, 174.893457 -41.069765, 174.894126 -41.068461, 174.894795 -41.067158, 174.895464 -41.065854, 174.896133 -41.064551, 174.896802 -41.063247, 174.897471 -41.061944, 174.898140 -41.060640, 174.898809 -41.059337, 174.899478 -41.058033, 174.900147 -41.056730, 174.900815 -41.055426, 174.901484 -41.054122, 174.902153 -41.052819, 174.902822 -41.051515, 174.903490 -41.050212, 174.904159 -41.048908, 174.904828 -41.047605, 174.905496 -41.046301, 174.906165 -41.044998, 174.906834 -41.043694, 174.907502 -41.042390, 174.908171 -41.041087, 174.908839 -41.039783, 174.909508 -41.038480, 174.910176 -41.037176, 174.910844 -41.035872, 174.911513 -41.034569, 174.912181 -41.033265, 174.912850 -41.031962, 174.913518 -41.030658, 174.914186 -41.029354, 174.914854 -41.028051, 174.915523 -41.026747, 174.916191 -41.025444, 174.916859 -41.024140, 174.917527 -41.022836, 174.918195 -41.021533, 174.918863 -41.020229, 174.919531 -41.018925, 174.920200 -41.017622, 174.920868 -41.016318, 174.921536 -41.015014, 174.922204 -41.013711, 174.922871 -41.012407, 174.923539 -41.011103, 174.924207 -41.009800, 174.924875 -41.008496, 174.925543 -41.007192, 174.926211 -41.005889, 174.926879 -41.004585, 174.927546 -41.003281, 174.928214 -41.001978, 174.928882 -41.000674, 174.929549 -40.999370, 174.930217 -40.998067, 174.930885 -40.996763, 174.931552 -40.995459, 174.932220 -40.994155, 174.932887 -40.992852, 174.933555 -40.991548, 174.934222 -40.990244, 174.934890 -40.988940, 174.935557 -40.987637, 174.936225 -40.986333, 174.936892 -40.985029, 174.937559 -40.983725, 174.938227 -40.982422, 174.938894 -40.981118, 174.939561 -40.979814, 174.940229 -40.978510, 174.940896 -40.977207, 174.941563 -40.975903, 174.942230 -40.974599, 174.942897 -40.973295, 174.943564 -40.971992, 174.944232 -40.970688, 174.944899 -40.969384, 174.945566 -40.968080, 174.946233 -40.966776, 174.946900 -40.965473, 174.947567 -40.964169, 174.948234 -40.962865, 174.948900 -40.961561, 174.949567 -40.960257, 174.950234 -40.958954, 174.950901 -40.957650, 174.951568 -40.956346, 174.952235 -40.955042, 174.952901 -40.953738, 174.953568 -40.952434, 174.954235 -40.951131, 174.954901 -40.949827, 174.955568 -40.948523, 174.956235 -40.947219, 174.956901 -40.945915, 174.957568 -40.944611, 174.958234 -40.943307, 174.958901 -40.942003, 174.959567 -40.940700, 174.960234 -40.939396, 174.960900 -40.938092, 174.961567 -40.936788, 174.962233 -40.935484, 174.962900 -40.934180, 174.963566 -40.932876, 174.964232 -40.931572, 174.964898 -40.930268, 174.965565 -40.928965, 174.966231 -40.927661, 174.966897 -40.926357, 174.967563 -40.925053, 174.968229 -40.923749, 174.968896 -40.922445, 174.969562 -40.921141, 174.970228 -40.919837, 174.970894 -40.918533, 174.971560 -40.917229, 174.972226 -40.915925, 174.972892 -40.914621, 174.973558 -40.913317, 174.974224 -40.912013, 174.974889 -40.910709, 174.975555 -40.909405, 174.976221 -40.908101, 174.976887 -40.906797, 174.977553 -40.905494, 174.978218 -40.904190, 174.978884 -40.902886, 174.979550 -40.901582, 174.980216 -40.900278, 174.980881 -40.898974, 174.981547 -40.897670, 174.982212 -40.896366, 174.982878 -40.895062, 174.983544 -40.893758, 174.984209 -40.892454, 174.984875 -40.891149, 174.985540 -40.889845, 174.986205 -40.888541, 174.986871 -40.887237, 174.987536 -40.885933, 174.988202 -40.884629, 174.988867 -40.883325, 174.989532 -40.882021, 174.990198 -40.880717, 174.990863 -40.879413, 174.991528 -40.878109, 174.992193 -40.876805, 174.992858 -40.875501, 174.993524 -40.874197, 174.994189 -40.872893, 174.994854 -40.871589, 174.995519 -40.870285, 174.996184 -40.868981, 174.996849 -40.867676, 174.997514 -40.866372, 174.998179 -40.865068, 174.998844 -40.863764, 174.999509 -40.862460, 175.000174 -40.861156, 175.000838 -40.859852, 175.001503 -40.858548, 175.002168 -40.857244, 175.002833 -40.855939, 175.003498 -40.854635, 175.004162 -40.853331, 175.004827 -40.852027, 175.005492 -40.850723, 175.006156 -40.849419, 175.006821 -40.848115, 175.007486 -40.846810, 175.008150 -40.845506, 175.008815 -40.844202, 175.009479 -40.842898, 175.010144 -40.841594, 175.010808 -40.840290, 175.011473 -40.838985, 175.012137 -40.837681, 175.012801 -40.836377, 175.013466 -40.835073, 175.014130 -40.833769, 175.014795 -40.832465, 175.015459 -40.831160, 175.016123 -40.829856, 175.016787 -40.828552, 175.017451 -40.827248, 175.018116 -40.825944, 175.018780 -40.824639, 175.019444 -40.823335, 175.020108 -40.822031, 175.020772 -40.820727, 175.021436 -40.819422, 175.022100 -40.818118, 175.022764 -40.816814, 175.023428 -40.815510, 175.024092 -40.814205, 175.024756 -40.812901, 175.025420 -40.811597, 175.026084 -40.810293, 175.026748 -40.808988, 175.027411 -40.807684, 175.028075 -40.806380, 175.028739 -40.805076, 175.029403 -40.803771, 175.030066 -40.802467, 175.030730 -40.801163, 175.031394 -40.799858, 175.032057 -40.798554, 175.032721 -40.797250, 175.033385 -40.795946, 175.034048 -40.794641, 175.034712 -40.793337, 175.035375 -40.792033, 175.036039 -40.790728, 175.036702 -40.789424, 175.037366 -40.788120, 175.038029 -40.786815, 175.038692 -40.785511, 175.039356 -40.784207, 175.040019 -40.782902, 175.040682 -40.781598, 175.041346 -40.780294, 175.042009 -40.778989, 175.042672 -40.777685, 175.043335 -40.776381, 175.043998 -40.775076, 175.044662 -40.773772, 175.045325 -40.772468, 175.045988 -40.771163, 175.046651 -40.769859, 175.047314 -40.768554, 175.047977 -40.767250, 175.048640 -40.765946, 175.049303 -40.764641, 175.049966 -40.763337, 175.050629 -40.762032, 175.051291 -40.760728, 175.051954 -40.759424, 175.052617 -40.758119, 175.053280 -40.756815, 175.053943 -40.755510, 175.054605 -40.754206, 175.055268 -40.752902, 175.055931 -40.751597, 175.056594 -40.750293, 175.057256 -40.748988, 175.057919 -40.747684, 175.058581 -40.746379, 175.059244 -40.745075, 175.059907 -40.743771, 175.060569 -40.742466, 175.061232 -40.741162, 175.061894 -40.739857, 175.062556 -40.738553, 175.063219 -40.737248, 175.063881 -40.735944, 175.064544 -40.734639, 175.065206 -40.733335, 175.065868 -40.732030, 175.066531 -40.730726, 175.067193 -40.729421, 175.067855 -40.728117, 175.068517 -40.726812, 175.069179 -40.725508, 175.069842 -40.724203, 175.070504 -40.722899, 175.071166 -40.721594, 175.071828 -40.720290, 175.072490 -40.718985, 175.073152 -40.717681, 175.073814 -40.716376, 175.074476 -40.715072, 175.075138 -40.713767, 175.075800 -40.712463, 175.076462 -40.711158, 175.077123 -40.709853, 175.077785 -40.708549, 175.078447 -40.707244, 175.079109 -40.705940, 175.079771 -40.704635, 175.080432 -40.703331, 175.081094 -40.702026, 175.081756 -40.700721, 175.082417 -40.699417, 175.083079 -40.698112, 175.083741 -40.696808, 175.084402 -40.695503, 175.085064 -40.694199, 175.085725 -40.692894, 175.086387 -40.691589, 175.087048 -40.690285, 175.087710 -40.688980, 175.088371 -40.687676, 175.089033 -40.686371, 175.089694 -40.685066, 175.090355 -40.683762, 175.091017 -40.682457, 175.091678 -40.681152, 175.092339 -40.679848, 175.093000 -40.678543, 175.093662 -40.677238, 175.094323 -40.675934, 175.094984 -40.674629, 175.095645 -40.673324, 175.096306 -40.672020, 175.096967 -40.670715, 175.097628 -40.669411, 175.098289 -40.668106, 175.098950 -40.666801, 175.099611 -40.665496, 175.100272 -40.664192, 175.100933 -40.662887, 175.101594 -40.661582, 175.102255 -40.660278, 175.102916 -40.658973, 175.103577 -40.657668, 175.104238 -40.656364, 175.104898 -40.655059, 175.105559 -40.653754, 175.106220 -40.652449, 175.106881 -40.651145, 175.107541 -40.649840, 175.108202 -40.648535, 175.108863 -40.647231, 175.109523 -40.645926, 175.110184 -40.644621, 175.110844 -40.643316, 175.111505 -40.642012, 175.112165 -40.640707, 175.112826 -40.639402, 175.113486 -40.638097, 175.114147 -40.636793, 175.114807 -40.635488, 175.115467 -40.634183, 175.116128 -40.632878, 175.116788 -40.631574, 175.117448 -40.630269, 175.118109 -40.628964, 175.118769 -40.627659, 175.119429 -40.626354, 175.120089 -40.625050, 175.120749 -40.623745, 175.121409 -40.622440, 175.122070 -40.621135, 175.122730 -40.619830, 175.123390 -40.618526, 175.124050 -40.617221, 175.124710 -40.615916, 175.125370 -40.614611, 175.126030 -40.613306, 175.126690 -40.612001, 175.127349 -40.610697, 175.128009 -40.609392, 175.128669 -40.608087, 175.129329 -40.606782, 175.129989 -40.605477, 175.130649 -40.604172, 175.131308 -40.602867, 175.131968 -40.601563, 175.132628 -40.600258, 175.133287 -40.598953, 175.133947 -40.597648, 175.134607 -40.596343, 175.135266 -40.595038, 175.135926 -40.593733, 175.136585 -40.592428, 175.137245 -40.591124, 175.137904 -40.589819, 175.138564 -40.588514, 175.139223 -40.587209, 175.139883 -40.585904, 175.140542 -40.584599, 175.141201 -40.583294, 175.141861 -40.581989, 175.142520 -40.580684, 175.143179 -40.579379, 175.143839 -40.578074, 175.144498 -40.576770, 175.145157 -40.575465, 175.145816 -40.574160, 175.146475 -40.572855, 175.147134 -40.571550, 175.147794 -40.570245, 175.148453 -40.568940, 175.149112 -40.567635, 175.149771 -40.566330, 175.150430 -40.565025, 175.151089 -40.563720, 175.151748 -40.562415, 175.152407 -40.561110, 175.153065 -40.559805, 175.153724 -40.558500, 175.154383 -40.557195, 175.155042 -40.555890, 175.155701 -40.554585, 175.156360 -40.553280, 175.157018 -40.551975, 175.157677 -40.550670, 175.158336 -40.549365, 175.158994 -40.548060, 175.159653 -40.546755, 175.160312 -40.545450, 175.160970 -40.544145, 175.161629 -40.542840, 175.162287 -40.541535, 175.162946 -40.540230, 175.163604 -40.538925, 175.164263 -40.537620, 175.164921 -40.536315, 175.165580 -40.535010, 175.166238 -40.533705, 175.166896 -40.532400, 175.167555 -40.531094, 175.168213 -40.529789, 175.168871 -40.528484, 175.169530 -40.527179, 175.170188 -40.525874, 175.170846 -40.524569, 175.171504 -40.523264, 175.172162 -40.521959, 175.172820 -40.520654, 175.173479 -40.519349, 175.174137 -40.518044, 175.174795 -40.516739, 175.175453 -40.515433, 175.176111 -40.514128, 175.176769 -40.512823, 175.177427 -40.511518, 175.178085 -40.510213, 175.178742 -40.508908, 175.179400 -40.507603, 175.180058 -40.506298, 175.180716 -40.504992, 175.181374 -40.503687, 175.182032 -40.502382, 175.182689 -40.501077, 175.183347 -40.499772, 175.184005 -40.498467, 175.184662 -40.497161, 175.185320 -40.495856, 175.185978 -40.494551, 175.186635 -40.493246, 175.187293 -40.491941, 175.187950 -40.490636, 175.188608 -40.489330, 175.189265 -40.488025, 175.189923 -40.486720, 175.190580 -40.485415, 175.191238 -40.484110, 175.191895 -40.482804, 175.192552 -40.481499, 175.193210 -40.480194, 175.193867 -40.478889, 175.194524 -40.477584, 175.195182 -40.476278, 175.195839 -40.474973, 175.196496 -40.473668, 175.197153 -40.472363, 175.197810 -40.471057, 175.198467 -40.469752, 175.199125 -40.468447, 175.199782 -40.467142, 175.200439 -40.465836, 175.201096 -40.464531, 175.201753 -40.463226, 175.202410 -40.461921, 175.203067 -40.460615, 175.203724 -40.459310, 175.204380 -40.458005, 175.205037 -40.456700, 175.205694 -40.455394, 175.206351 -40.454089, 175.207008 -40.452784, 175.207665 -40.451478, 175.208321 -40.450173, 175.208978 -40.448868, 175.209635 -40.447563, 175.210291 -40.446257, 175.210948 -40.444952, 175.211605 -40.443647, 175.212261 -40.442341, 175.212918 -40.441036, 175.213574 -40.439731, 175.214231 -40.438425, 175.214887 -40.437120, 175.215544 -40.435815, 175.216200 -40.434509, 175.216857 -40.433204, 175.217513 -40.431899, 175.218169 -40.430593, 175.218826 -40.429288, 175.219482 -40.427983, 175.220138 -40.426677, 175.220795 -40.425372, 175.221451 -40.424066, 175.222107 -40.422761, 175.222763 -40.421456, 175.223419 -40.420150, 175.224076 -40.418845, 175.224732 -40.417540, 175.225388 -40.416234, 175.226044 -40.414929, 175.226700 -40.413623, 175.227356 -40.412318, 175.228012 -40.411013, 175.228668 -40.409707, 175.229324 -40.408402, 175.229980 -40.407096, 175.230636 -40.405791, 175.231291 -40.404485, 175.231947 -40.403180, 175.232603 -40.401875, 175.233259 -40.400569, 175.233915 -40.399264, 175.234570 -40.397958, 175.235226 -40.396653, 175.235882 -40.395347, 175.236537 -40.394042, 175.237193 -40.392736, 175.237849 -40.391431, 175.238504 -40.390126, 175.239160 -40.388820, 175.239815 -40.387515, 175.240471 -40.386209, 175.241126 -40.384904, 175.241782 -40.383598, 175.242437 -40.382293, 175.243092 -40.380987, 175.243748 -40.379682, 175.244403 -40.378376, 175.245058 -40.377071, 175.245714 -40.375765, 175.246369 -40.374460, 175.247024 -40.373154, 175.247679 -40.371849, 175.248335 -40.370543, 175.248990 -40.369238, 175.249645 -40.367932, 175.250300 -40.366627, 175.250955 -40.365321, 175.251610 -40.364015, 175.252265 -40.362710, 175.252920 -40.361404, 175.253575 -40.360099, 175.254230 -40.358793, 175.254885 -40.357488, 175.255540 -40.356182, 175.256195 -40.354877, 175.256850 -40.353571, 175.257505 -40.352265, 175.258160 -40.350960, 175.258814 -40.349654, 175.259469 -40.348349, 175.260124 -40.347043, 175.260779 -40.345737, 175.261433 -40.344432, 175.262088 -40.343126, 175.262742 -40.341821, 175.263397 -40.340515, 175.264052 -40.339209, 175.264706 -40.337904, 175.265361 -40.336598, 175.266015 -40.335293, 175.266670 -40.333987, 175.267324 -40.332681, 175.267979 -40.331376, 175.268633 -40.330070, 175.269287 -40.328764, 175.269942 -40.327459, 175.270596 -40.326153, 175.271250 -40.324848, 175.271905 -40.323542, 175.272559 -40.322236, 175.273213 -40.320931, 175.273867 -40.319625, 175.274522 -40.318319, 175.275176 -40.317014, 175.275830 -40.315708, 175.276484 -40.314402, 175.277138 -40.313096, 175.277792 -40.311791, 175.278446 -40.310485, 175.279100 -40.309179, 175.279754 -40.307874, 175.280408 -40.306568, 175.281062 -40.305262, 175.281716 -40.303957, 175.282370 -40.302651, 175.283024 -40.301345, 175.283677 -40.300039, 175.284331 -40.298734, 175.284985 -40.297428, 175.285639 -40.296122, 175.286293 -40.294817, 175.286946 -40.293511, 175.287600 -40.292205, 175.288254 -40.290899, 175.288907 -40.289594, 175.289561 -40.288288, 175.290214 -40.286982, 175.290868 -40.285676, 175.291521 -40.284370, 175.292175 -40.283065, 175.292828 -40.281759, 175.293482 -40.280453, 175.294135 -40.279147, 175.294789 -40.277842, 175.295442 -40.276536, 175.296095 -40.275230, 175.296749 -40.273924, 175.297402 -40.272618, 175.298055 -40.271313, 175.298708 -40.270007, 175.299362 -40.268701, 175.300015 -40.267395, 175.300668 -40.266089, 175.301321 -40.264784, 175.301974 -40.263478, 175.302627 -40.262172, 175.303281 -40.260866, 175.303934 -40.259560, 175.304587 -40.258254, 175.305240 -40.256949, 175.305893 -40.255643, 175.306545 -40.254337, 175.307198 -40.253031, 175.307851 -40.251725, 175.308504 -40.250419, 175.309157 -40.249113, 175.309810 -40.247808, 175.310463 -40.246502, 175.311115 -40.245196, 175.311768 -40.243890, 175.312421 -40.242584, 175.313074 -40.241278, 175.313726 -40.239972, 175.314379 -40.238666, 175.315031 -40.237360, 175.315684 -40.236055, 175.316337 -40.234749, 175.316989 -40.233443, 175.317642 -40.232137, 175.318294 -40.230831, 175.318947 -40.229525, 175.319599 -40.228219, 175.320251 -40.226913, 175.320904 -40.225607, 175.321556 -40.224301, 175.322209 -40.222995, 175.322861 -40.221689, 175.323513 -40.220383, 175.324165 -40.219078, 175.324818 -40.217772, 175.325470 -40.216466, 175.326122 -40.215160, 175.326774 -40.213854, 175.327426 -40.212548, 175.328078 -40.211242, 175.328731 -40.209936, 175.329383 -40.208630, 175.330035 -40.207324, 175.330687 -40.206018, 175.331339 -40.204712, 175.331991 -40.203406, 175.332643 -40.202100, 175.333294 -40.200794, 175.333946 -40.199488, 175.334598 -40.198182, 175.335250 -40.196876, 175.335902 -40.195570, 175.336554 -40.194264, 175.337205 -40.192958, 175.337857 -40.191652, 175.338509 -40.190346, 175.339161 -40.189040, 175.339812 -40.187734, 175.340464 -40.186428, 175.341115 -40.185122, 175.341767 -40.183816, 175.342419 -40.182509, 175.343070 -40.181203, 175.343722 -40.179897, 175.344373 -40.178591, 175.345025 -40.177285, 175.345676 -40.175979, 175.346327 -40.174673, 175.346979 -40.173367, 175.347630 -40.172061, 175.348281 -40.170755, 175.348933 -40.169449, 175.349584 -40.168143, 175.350235 -40.166837, 175.350887 -40.165530, 175.351538 -40.164224, 175.352189 -40.162918, 175.352840 -40.161612, 175.353491 -40.160306, 175.354142 -40.159000, 175.354793 -40.157694, 175.355444 -40.156388, 175.356096 -40.155082, 175.356747 -40.153775, 175.357398 -40.152469, 175.358048 -40.151163, 175.358699 -40.149857, 175.359350 -40.148551, 175.360001 -40.147245, 175.360652 -40.145939, 175.361303 -40.144632, 175.361954 -40.143326, 175.362604 -40.142020, 175.363255 -40.140714, 175.363906 -40.139408, 175.364557 -40.138102, 175.365207 -40.136795, 175.365858 -40.135489, 175.366509 -40.134183, 175.367159 -40.132877, 175.367810 -40.131571, 175.368460 -40.130264, 175.369111 -40.128958, 175.369761 -40.127652, 175.370412 -40.126346, 175.371062 -40.125040, 175.371713 -40.123733, 175.372363 -40.122427, 175.373014 -40.121121, 175.373664 -40.119815, 175.374314 -40.118509, 175.374965 -40.117202, 175.375615 -40.115896, 175.376265 -40.114590, 175.376915 -40.113284, 175.377566 -40.111977, 175.378216 -40.110671, 175.378866 -40.109365, 175.379516 -40.108059, 175.380166 -40.106752, 175.380816 -40.105446, 175.381466 -40.104140, 175.382116 -40.102833, 175.382766 -40.101527, 175.383416 -40.100221, 175.384066 -40.098915, 175.384716 -40.097608, 175.385366 -40.096302, 175.386016 -40.094996, 175.386666 -40.093689, 175.387316 -40.092383, 175.387966 -40.091077, 175.388615 -40.089771, 175.389265 -40.088464, 175.389915 -40.087158, 175.390565 -40.085852, 175.391214 -40.084545, 175.391864 -40.083239, 175.392513 -40.081933, 175.393163 -40.080626, 175.393813 -40.079320, 175.394462 -40.078014, 175.395112 -40.076707, 175.395761 -40.075401, 175.396411 -40.074095, 175.397060 -40.072788, 175.397710 -40.071482, 175.398359 -40.070175, 175.399008 -40.068869, 175.399658 -40.067563, 175.400307 -40.066256, 175.400956 -40.064950, 175.401606 -40.063644, 175.402255 -40.062337, 175.402904 -40.061031, 175.403553 -40.059724, 175.404203 -40.058418, 175.404852 -40.057112, 175.405501 -40.055805, 175.406150 -40.054499, 175.406799 -40.053192, 175.407448 -40.051886, 175.408097 -40.050580, 175.408746 -40.049273, 175.409395 -40.047967, 175.410044 -40.046660, 175.410693 -40.045354, 175.411342 -40.044047, 175.411991 -40.042741, 175.412640 -40.041435, 175.413289 -40.040128, 175.413937 -40.038822, 175.414586 -40.037515, 175.415235 -40.036209, 175.415884 -40.034902, 175.416532 -40.033596, 175.417181 -40.032289, 175.417830 -40.030983, 175.418478 -40.029676, 175.419127 -40.028370, 175.419776 -40.027063, 175.420424 -40.025757, 175.421073 -40.024450, 175.421721 -40.023144, 175.422370 -40.021837, 175.423018 -40.020531, 175.423667 -40.019224, 175.424315 -40.017918, 175.424963 -40.016611, 175.425612 -40.015305, 175.426260 -40.013998, 175.426908 -40.012692, 175.427557 -40.011385, 175.428205 -40.010079, 175.428853 -40.008772, 175.429501 -40.007466, 175.430150 -40.006159, 175.430798 -40.004853, 175.431446 -40.003546, 175.432094 -40.002240, 175.432742 -40.000933, 175.433390 -39.999626, 175.434038 -39.998320, 175.434686 -39.997013, 175.435334 -39.995707, 175.435982 -39.994400, 175.436630 -39.993094, 175.437278 -39.991787, 175.437926 -39.990480, 175.438574 -39.989174, 175.439222 -39.987867, 175.439870 -39.986561, 175.440517 -39.985254, 175.441165 -39.983947, 175.441813 -39.982641, 175.442461 -39.981334, 175.443108 -39.980028, 175.443756 -39.978721, 175.444404 -39.977414, 175.445051 -39.976108, 175.445699 -39.974801, 175.446346 -39.973494, 175.446994 -39.972188, 175.447641 -39.970881, 175.448289 -39.969575, 175.448936 -39.968268, 175.449584 -39.966961, 175.450231 -39.965655, 175.450879 -39.964348, 175.451526 -39.963041, 175.452173 -39.961735, 175.452821 -39.960428, 175.453468 -39.959121, 175.454115 -39.957815, 175.454763 -39.956508, 175.455410 -39.955201, 175.456057 -39.953895, 175.456704 -39.952588, 175.457351 -39.951281, 175.457998 -39.949974, 175.458646 -39.948668, 175.459293 -39.947361, 175.459940 -39.946054, 175.460587 -39.944748, 175.461234 -39.943441, 175.461881 -39.942134, 175.462528 -39.940827, 175.463175 -39.939521, 175.463822 -39.938214, 175.464468 -39.936907, 175.465115 -39.935601, 175.465762 -39.934294, 175.466409 -39.932987, 175.467056 -39.931680, 175.467702 -39.930374, 175.468349 -39.929067, 175.468996 -39.927760, 175.469643 -39.926453, 175.470289 -39.925147, 175.470936 -39.923840, 175.471582 -39.922533, 175.472229 -39.921226, 175.472876 -39.919919, 175.473522 -39.918613, 175.474169 -39.917306, 175.474815 -39.915999, 175.475462 -39.914692, 175.476108 -39.913385, 175.476754 -39.912079, 175.477401 -39.910772, 175.478047 -39.909465, 175.478693 -39.908158, 175.479340 -39.906851, 175.479986 -39.905545, 175.480632 -39.904238, 175.481279 -39.902931, 175.481925 -39.901624, 175.482571 -39.900317, 175.483217 -39.899010, 175.483863 -39.897704, 175.484509 -39.896397, 175.485155 -39.895090, 175.485802 -39.893783, 175.486448 -39.892476, 175.487094 -39.891169, 175.487740 -39.889863, 175.488386 -39.888556, 175.489032 -39.887249, 175.489677 -39.885942, 175.490323 -39.884635, 175.490969 -39.883328, 175.491615 -39.882021, 175.492261 -39.880714, 175.492907 -39.879408, 175.493552 -39.878101, 175.494198 -39.876794, 175.494844 -39.875487, 175.495490 -39.874180, 175.496135 -39.872873, 175.496781 -39.871566, 175.497427 -39.870259, 175.498072 -39.868952, 175.498718 -39.867645, 175.499363 -39.866338, 175.500009 -39.865031, 175.500654 -39.863725, 175.501300 -39.862418, 175.501945 -39.861111, 175.502591 -39.859804, 175.503236 -39.858497, 175.503881 -39.857190, 175.504527 -39.855883, 175.505172 -39.854576, 175.505817 -39.853269, 175.506463 -39.851962, 175.507108 -39.850655, 175.507753 -39.849348, 175.508398 -39.848041, 175.509044 -39.846734, 175.509689 -39.845427, 175.510334 -39.844120, 175.510979 -39.842813, 175.511624 -39.841506, 175.512269 -39.840199, 175.512914 -39.838892, 175.513559 -39.837585, 175.514204 -39.836278, 175.514849 -39.834971, 175.515494 -39.833664, 175.516139 -39.832357, 175.516784 -39.831050, 175.517429 -39.829743, 175.518073 -39.828436, 175.518718 -39.827129, 175.519363 -39.825822, 175.520008 -39.824515, 175.520653 -39.823208, 175.521297 -39.821901, 175.521942 -39.820594, 175.522587 -39.819287, 175.523231 -39.817980, 175.523876 -39.816673, 175.524520 -39.815366, 175.525165 -39.814058, 175.525810 -39.812751, 175.526454 -39.811444, 175.527099 -39.810137, 175.527743 -39.808830, 175.528387 -39.807523, 175.529032 -39.806216, 175.529676 -39.804909, 175.530321 -39.803602, 175.530965 -39.802295, 175.531609 -39.800988, 175.532254 -39.799680, 175.532898 -39.798373, 175.533542 -39.797066, 175.534186 -39.795759, 175.534831 -39.794452, 175.535475 -39.793145, 175.536119 -39.791838, 175.536763 -39.790531, 175.537407 -39.789223, 175.538051 -39.787916, 175.538695 -39.786609, 175.539339 -39.785302, 175.539983 -39.783995, 175.540627 -39.782688, 175.541271 -39.781381, 175.541915 -39.780073, 175.542559 -39.778766, 175.543203 -39.777459, 175.543847 -39.776152, 175.544491 -39.774845, 175.545134 -39.773538, 175.545778 -39.772230, 175.546422 -39.770923, 175.547066 -39.769616, 175.547709 -39.768309, 175.548353 -39.767002, 175.548997 -39.765694, 175.549640 -39.764387, 175.550284 -39.763080, 175.550928 -39.761773, 175.551571 -39.760466, 175.552215 -39.759158, 175.552858 -39.757851, 175.553502 -39.756544, 175.554145 -39.755237, 175.554789 -39.753929, 175.555432 -39.752622, 175.556075 -39.751315, 175.556719 -39.750008, 175.557362 -39.748700, 175.558005 -39.747393, 175.558649 -39.746086, 175.559292 -39.744779, 175.559935 -39.743471, 175.560578 -39.742164, 175.561222 -39.740857, 175.561865 -39.739550, 175.562508 -39.738242, 175.563151 -39.736935, 175.563794 -39.735628, 175.564437 -39.734320, 175.565080 -39.733013, 175.565723 -39.731706, 175.566366 -39.730399, 175.567009 -39.729091, 175.567652 -39.727784, 175.568295 -39.726477, 175.568938 -39.725169, 175.569581 -39.723862, 175.570224 -39.722555, 175.570867 -39.721247, 175.571509 -39.719940, 175.572152 -39.718633, 175.572795 -39.717325, 175.573438 -39.716018, 175.574080 -39.714711, 175.574723 -39.713403, 175.575366 -39.712096, 175.576008 -39.710789, 175.576651 -39.709481, 175.577294 -39.708174, 175.577936 -39.706867, 175.578579 -39.705559, 175.579221 -39.704252, 175.579864 -39.702945, 175.580506 -39.701637, 175.581149 -39.700330, 175.581791 -39.699022, 175.582433 -39.697715, 175.583076 -39.696408, 175.583718 -39.695100, 175.584361 -39.693793, 175.585003 -39.692485, 175.585645 -39.691178, 175.586287 -39.689871, 175.586930 -39.688563, 175.587572 -39.687256, 175.588214 -39.685948, 175.588856 -39.684641, 175.589498 -39.683334, 175.590140 -39.682026, 175.590782 -39.680719, 175.591424 -39.679411, 175.592066 -39.678104, 175.592708 -39.676796, 175.593350 -39.675489, 175.593992 -39.674182, 175.594634 -39.672874, 175.595276 -39.671567, 175.595918 -39.670259, 175.596560 -39.668952, 175.597202 -39.667644, 175.597844 -39.666337, 175.598485 -39.665029, 175.599127 -39.663722, 175.599769 -39.662414, 175.600411 -39.661107, 175.601052 -39.659799, 175.601694 -39.658492, 175.602336 -39.657184, 175.602977 -39.655877, 175.603619 -39.654569, 175.604260 -39.653262, 175.604902 -39.651954, 175.605543 -39.650647, 175.606185 -39.649339, 175.606826 -39.648032, 175.607468 -39.646724, 175.608109 -39.645417, 175.608751 -39.644109, 175.609392 -39.642802, 175.610033 -39.641494, 175.610675 -39.640187, 175.611316 -39.638879, 175.611957 -39.637571, 175.612598 -39.636264, 175.613240 -39.634956, 175.613881 -39.633649, 175.614522 -39.632341, 175.615163 -39.631034, 175.615804 -39.629726, 175.616445 -39.628419, 175.617087 -39.627111, 175.617728 -39.625803, 175.618369 -39.624496, 175.619010 -39.623188, 175.619651 -39.621881, 175.620292 -39.620573, 175.620933 -39.619265, 175.621573 -39.617958, 175.622214 -39.616650, 175.622855 -39.615343, 175.623496 -39.614035, 175.624137 -39.612727, 175.624778 -39.611420, 175.625418 -39.610112, 175.626059 -39.608805, 175.626700 -39.607497, 175.627341 -39.606189, 175.627981 -39.604882, 175.628622 -39.603574, 175.629262 -39.602266, 175.629903 -39.600959, 175.630544 -39.599651, 175.631184 -39.598343, 175.631825 -39.597036, 175.632465 -39.595728, 175.633106 -39.594420, 175.633746 -39.593113, 175.634387 -39.591805, 175.635027 -39.590497, 175.635667 -39.589190, 175.636308 -39.587882, 175.636948 -39.586574, 175.637588 -39.585267, 175.638229 -39.583959, 175.638869 -39.582651, 175.639509 -39.581344, 175.640149 -39.580036, 175.640790 -39.578728, 175.641430 -39.577420, 175.642070 -39.576113, 175.642710 -39.574805, 175.643350 -39.573497, 175.643990 -39.572190, 175.644630 -39.570882, 175.645270 -39.569574, 175.645910 -39.568266, 175.646550 -39.566959, 175.647190 -39.565651, 175.647830 -39.564343, 175.648470 -39.563035, 175.649110 -39.561728, 175.649750 -39.560420, 175.650389 -39.559112, 175.651029 -39.557804, 175.651669 -39.556497, 175.652309 -39.555189, 175.652948 -39.553881, 175.653588 -39.552573, 175.654228 -39.551266, 175.654868 -39.549958, 175.655507 -39.548650, 175.656147 -39.547342, 175.656786 -39.546034, 175.657426 -39.544727, 175.658065 -39.543419, 175.658705 -39.542111, 175.659344 -39.540803, 175.659984 -39.539495, 175.660623 -39.538188, 175.661263 -39.536880, 175.661902 -39.535572, 175.662541 -39.534264, 175.663181 -39.532956, 175.663820 -39.531648, 175.664459 -39.530341, 175.665099 -39.529033, 175.665738 -39.527725, 175.666377 -39.526417, 175.667016 -39.525109, 175.667656 -39.523801, 175.668295 -39.522494, 175.668934 -39.521186, 175.669573 -39.519878, 175.670212 -39.518570, 175.670851 -39.517262, 175.671490 -39.515954, 175.672129 -39.514646, 175.672768 -39.513338, 175.673407 -39.512031, 175.674046 -39.510723, 175.674685 -39.509415, 175.675324 -39.508107, 175.675963 -39.506799, 175.676601 -39.505491, 175.677240 -39.504183, 175.677879 -39.502875, 175.678518 -39.501567, 175.679157 -39.500259, 175.679795 -39.498951, 175.680434 -39.497644, 175.681073 -39.496336, 175.681711 -39.495028, 175.682350 -39.493720, 175.682988 -39.492412, 175.683627 -39.491104, 175.684266 -39.489796, 175.684904 -39.488488, 175.685543 -39.487180, 175.686181 -39.485872, 175.686820 -39.484564, 175.687458 -39.483256, 175.688096 -39.481948, 175.688735 -39.480640, 175.689373 -39.479332, 175.690011 -39.478024, 175.690650 -39.476716, 175.691288 -39.475408, 175.691926 -39.474100, 175.692565 -39.472792, 175.693203 -39.471484, 175.693841 -39.470176, 175.694479 -39.468868, 175.695117 -39.467560, 175.695755 -39.466252, 175.696393 -39.464944, 175.697032 -39.463636, 175.697670 -39.462328, 175.698308 -39.461020, 175.698946 -39.459712, 175.699584 -39.458404, 175.700221 -39.457096, 175.700859 -39.455788, 175.701497 -39.454480, 175.702135 -39.453172, 175.702773 -39.451864, 175.703411 -39.450556, 175.704049 -39.449248, 175.704686 -39.447940, 175.705324 -39.446632, 175.705962 -39.445324, 175.706600 -39.444016, 175.707237 -39.442708, 175.707875 -39.441400, 175.708513 -39.440091, 175.709150 -39.438783, 175.709788 -39.437475, 175.710425 -39.436167, 175.711063 -39.434859, 175.711700 -39.433551, 175.712338 -39.432243, 175.712975 -39.430935, 175.713613 -39.429627, 175.714250 -39.428319, 175.714888 -39.427011, 175.715525 -39.425702, 175.716162 -39.424394, 175.716800 -39.423086, 175.717437 -39.421778, 175.718074 -39.420470, 175.718712 -39.419162, 175.719349 -39.417854, 175.719986 -39.416546, 175.720623 -39.415237, 175.721260 -39.413929, 175.721897 -39.412621, 175.722535 -39.411313, 175.723172 -39.410005, 175.723809 -39.408697, 175.724446 -39.407388, 175.725083 -39.406080, 175.725720 -39.404772, 175.726357 -39.403464, 175.726994 -39.402156, 175.727631 -39.400848, 175.728267 -39.399539, 175.728904 -39.398231, 175.729541 -39.396923, 175.730178 -39.395615, 175.730815 -39.394307, 175.731452 -39.392998, 175.732088 -39.391690, 175.732725 -39.390382, 175.733362 -39.389074, 175.733998 -39.387766, 175.734635 -39.386457, 175.735272 -39.385149, 175.735908 -39.383841, 175.736545 -39.382533, 175.737181 -39.381224, 175.737818 -39.379916, 175.738455 -39.378608, 175.739091 -39.377300, 175.739727 -39.375991, 175.740364 -39.374683, 175.741000 -39.373375, 175.741637 -39.372067, 175.742273 -39.370758, 175.742909 -39.369450, 175.743546 -39.368142, 175.744182 -39.366834, 175.744818 -39.365525, 175.745455 -39.364217, 175.746091 -39.362909, 175.746727 -39.361601, 175.747363 -39.360292, 175.747999 -39.358984, 175.748635 -39.357676, 175.749272 -39.356367, 175.749908 -39.355059, 175.750544 -39.353751, 175.751180 -39.352442, 175.751816 -39.351134, 175.752452 -39.349826, 175.753088 -39.348517, 175.753724 -39.347209, 175.754360 -39.345901, 175.754995 -39.344592, 175.755631 -39.343284, 175.756267 -39.341976, 175.756903 -39.340667, 175.757539 -39.339359, 175.758175 -39.338051, 175.758810 -39.336742, 175.759446 -39.335434, 175.760082 -39.334126, 175.760717 -39.332817, 175.761353 -39.331509, 175.761989 -39.330201, 175.762624 -39.328892, 175.763260 -39.327584, 175.763895 -39.326276, 175.764531 -39.324967, 175.765167 -39.323659, 175.765802 -39.322350, 175.766437 -39.321042, 175.767073 -39.319734, 175.767708 -39.318425, 175.768344 -39.317117, 175.768979 -39.315808, 175.769614 -39.314500, 175.770250 -39.313192, 175.770885 -39.311883, 175.771520 -39.310575, 175.772156 -39.309266, 175.772791 -39.307958, 175.773426 -39.306649, 175.774061 -39.305341, 175.774696 -39.304033, 175.775332 -39.302724, 175.775967 -39.301416, 175.776602 -39.300107, 175.777237 -39.298799, 175.777872 -39.297490, 175.778507 -39.296182, 175.779142 -39.294873, 175.779777 -39.293565, 175.780412 -39.292256, 175.781047 -39.290948, 175.781682 -39.289640, 175.782316 -39.288331, 175.782951 -39.287023, 175.783586 -39.285714, 175.784221 -39.284406, 175.784856 -39.283097, 175.785490 -39.281789, 175.786125 -39.280480, 175.786760 -39.279172, 175.787395 -39.277863, 175.788029 -39.276555, 175.788664 -39.275246, 175.789298 -39.273938, 175.789933 -39.272629, 175.790568 -39.271320, 175.791202 -39.270012, 175.791837 -39.268703, 175.792471 -39.267395, 175.793106 -39.266086, 175.793740 -39.264778, 175.794374 -39.263469, 175.795009 -39.262161, 175.795643 -39.260852, 175.796278 -39.259544, 175.796912 -39.258235, 175.797546 -39.256927, 175.798180 -39.255618, 175.798815 -39.254309, 175.799449 -39.253001, 175.800083 -39.251692, 175.800717 -39.250384, 175.801351 -39.249075, 175.801986 -39.247766, 175.802620 -39.246458, 175.803254 -39.245149, 175.803888 -39.243841, 175.804522 -39.242532, 175.805156 -39.241223, 175.805790 -39.239915, 175.806424 -39.238606, 175.807058 -39.237298, 175.807692 -39.235989, 175.808326 -39.234680, 175.808960 -39.233372, 175.809593 -39.232063, 175.810227 -39.230755, 175.810861 -39.229446, 175.811495 -39.228137, 175.812129 -39.226829, 175.812762 -39.225520, 175.813396 -39.224211, 175.814030 -39.222903, 175.814663 -39.221594, 175.815297 -39.220285, 175.815931 -39.218977, 175.816564 -39.217668, 175.817198 -39.216359, 175.817831 -39.215051, 175.818465 -39.213742, 175.819098 -39.212433, 175.819732 -39.211125, 175.820365 -39.209816, 175.820999 -39.208507, 175.821632 -39.207199, 175.822266 -39.205890, 175.822899 -39.204581, 175.823532 -39.203273, 175.824166 -39.201964, 175.824799 -39.200655, 175.825432 -39.199346, 175.826065 -39.198038, 175.826699 -39.196729, 175.827332 -39.195420, 175.827965 -39.194112, 175.828598 -39.192803, 175.829231 -39.191494, 175.829864 -39.190185, 175.830497 -39.188877, 175.831130 -39.187568, 175.831763 -39.186259, 175.832396 -39.184950, 175.833029 -39.183642, 175.833662 -39.182333, 175.834295 -39.181024, 175.834928 -39.179715, 175.835561 -39.178407, 175.836194 -39.177098, 175.836827 -39.175789, 175.837460 -39.174480, 175.838092 -39.173171, 175.838725 -39.171863, 175.839358 -39.170554, 175.839991 -39.169245, 175.840623 -39.167936, 175.841256 -39.166627, 175.841889 -39.165319, 175.842521 -39.164010, 175.843154 -39.162701, 175.843786 -39.161392, 175.844419 -39.160083, 175.845051 -39.158775, 175.845684 -39.157466, 175.846316 -39.156157, 175.846949 -39.154848, 175.847581 -39.153539, 175.848214 -39.152230, 175.848846 -39.150922, 175.849479 -39.149613, 175.850111 -39.148304, 175.850743 -39.146995, 175.851376 -39.145686, 175.852008 -39.144377, 175.852640 -39.143069, 175.853272 -39.141760, 175.853904 -39.140451, 175.854537 -39.139142, 175.855169 -39.137833, 175.855801 -39.136524, 175.856433 -39.135215, 175.857065 -39.133906, 175.857697 -39.132598, 175.858329 -39.131289, 175.858961 -39.129980, 175.859593 -39.128671, 175.860225 -39.127362, 175.860857 -39.126053, 175.861489 -39.124744, 175.862121 -39.123435, 175.862753 -39.122126, 175.863385 -39.120817, 175.864017 -39.119508, 175.864648 -39.118200, 175.865280 -39.116891, 175.865912 -39.115582, 175.866544 -39.114273, 175.867175 -39.112964, 175.867807 -39.111655, 175.868439 -39.110346, 175.869070 -39.109037, 175.869702 -39.107728, 175.870333 -39.106419, 175.870965 -39.105110, 175.871597 -39.103801, 175.872228 -39.102492, 175.872860 -39.101183, 175.873491 -39.099874, 175.874123 -39.098565, 175.874754 -39.097256, 175.875385 -39.095947, 175.876017 -39.094638, 175.876648 -39.093329, 175.877279 -39.092020, 175.877911 -39.090711, 175.878542 -39.089402, 175.879173 -39.088093, 175.879805 -39.086784, 175.880436 -39.085475, 175.881067 -39.084166, 175.881698 -39.082857, 175.882329 -39.081548, 175.882960 -39.080239, 175.883591 -39.078930, 175.884223 -39.077621, 175.884854 -39.076312, 175.885485 -39.075003, 175.886116 -39.073694, 175.886747 -39.072385, 175.887378 -39.071076, 175.888009 -39.069767, 175.888639 -39.068458, 175.889270 -39.067149, 175.889901 -39.065840, 175.890532 -39.064531, 175.891163 -39.063222, 175.891794 -39.061913, 175.892424 -39.060603, 175.893055 -39.059294, 175.893686 -39.057985, 175.894317 -39.056676, 175.894947 -39.055367, 175.895578 -39.054058, 175.896209 -39.052749, 175.896839 -39.051440, 175.897470 -39.050131, 175.898100 -39.048822, 175.898731 -39.047513, 175.899361 -39.046203, 175.899992 -39.044894, 175.900622 -39.043585, 175.901253 -39.042276, 175.901883 -39.040967, 175.902514 -39.039658, 175.903144 -39.038349, 175.903774 -39.037040, 175.904405 -39.035730, 175.905035 -39.034421, 175.905665 -39.033112, 175.906295 -39.031803, 175.906926 -39.030494, 175.907556 -39.029185, 175.908186 -39.027876, 175.908816 -39.026566, 175.909446 -39.025257, 175.910077 -39.023948, 175.910707 -39.022639, 175.911337 -39.021330, 175.911967 -39.020021, 175.912597 -39.018711, 175.913227 -39.017402, 175.913857 -39.016093, 175.914487 -39.014784, 175.915117 -39.013475, 175.915747 -39.012165, 175.916376 -39.010856, 175.917006 -39.009547, 175.917636 -39.008238, 175.918266 -39.006929, 175.918896 -39.005619, 175.919526 -39.004310, 175.920155 -39.003001, 175.920785 -39.001692, 175.921415 -39.000382, 175.922044 -38.999073, 175.922674 -38.997764, 175.923304 -38.996455, 175.923933 -38.995145, 175.924563 -38.993836, 175.925192 -38.992527, 175.925822 -38.991218, 175.926451 -38.989908, 175.927081 -38.988599, 175.927710 -38.987290, 175.928340 -38.985981, 175.928969 -38.984671, 175.929599 -38.983362, 175.930228 -38.982053, 175.930857 -38.980744, 175.931487 -38.979434, 175.932116 -38.978125, 175.932745 -38.976816, 175.933375 -38.975506, 175.934004 -38.974197, 175.934633 -38.972888, 175.935262 -38.971578, 175.935891 -38.970269, 175.936520 -38.968960, 175.937150 -38.967651, 175.937779 -38.966341, 175.938408 -38.965032, 175.939037 -38.963723, 175.939666 -38.962413, 175.940295 -38.961104, 175.940924 -38.959795, 175.941553 -38.958485, 175.942182 -38.957176, 175.942811 -38.955867, 175.943439 -38.954557, 175.944068 -38.953248, 175.944697 -38.951939, 175.945326 -38.950629, 175.945955 -38.949320, 175.946583 -38.948010, 175.947212 -38.946701, 175.947841 -38.945392, 175.948470 -38.944082, 175.949098 -38.942773, 175.949727 -38.941464, 175.950356 -38.940154, 175.950984 -38.938845, 175.951613 -38.937535, 175.952241 -38.936226, 175.952870 -38.934917, 175.953498 -38.933607, 175.954127 -38.932298, 175.954755 -38.930988, 175.955384 -38.929679, 175.956012 -38.928370, 175.956641 -38.927060, 175.957269 -38.925751, 175.957897 -38.924441, 175.958526 -38.923132, 175.959154 -38.921822, 175.959782 -38.920513, 175.960410 -38.919204, 175.961039 -38.917894, 175.961667 -38.916585, 175.962295 -38.915275, 175.962923 -38.913966, 175.963551 -38.912656, 175.964180 -38.911347, 175.964808 -38.910037, 175.965436 -38.908728, 175.966064 -38.907418, 175.966692 -38.906109, 175.967320 -38.904799, 175.967948 -38.903490, 175.968576 -38.902181, 175.969204 -38.900871, 175.969832 -38.899562, 175.970459 -38.898252, 175.971087 -38.896943, 175.971715 -38.895633, 175.972343 -38.894324, 175.972971 -38.893014, 175.973599 -38.891705, 175.974226 -38.890395, 175.974854 -38.889085, 175.975482 -38.887776, 175.976109 -38.886466, 175.976737 -38.885157, 175.977365 -38.883847, 175.977992 -38.882538, 175.978620 -38.881228, 175.979247 -38.879919, 175.979875 -38.878609, 175.980502 -38.877300, 175.981130 -38.875990, 175.981757 -38.874681, 175.982385 -38.873371, 175.983012 -38.872061, 175.983640 -38.870752, 175.984267 -38.869442, 175.984894 -38.868133, 175.985522 -38.866823, 175.986149 -38.865514, 175.986776 -38.864204, 175.987404 -38.862894, 175.988031 -38.861585, 175.988658 -38.860275, 175.989285 -38.858966, 175.989912 -38.857656, 175.990540 -38.856346, 175.991167 -38.855037, 175.991794 -38.853727, 175.992421 -38.852418, 175.993048 -38.851108, 175.993675 -38.849798, 175.994302 -38.848489, 175.994929 -38.847179, 175.995556 -38.845870, 175.996183 -38.844560, 175.996810 -38.843250, 175.997437 -38.841941, 175.998064 -38.840631, 175.998690 -38.839321, 175.999317 -38.838012, 175.999944 -38.836702, 176.000571 -38.835392, 176.001198 -38.834083, 176.001824 -38.832773, 176.002451 -38.831463, 176.003078 -38.830154, 176.003704 -38.828844, 176.004331 -38.827534, 176.004958 -38.826225, 176.005584 -38.824915, 176.006211 -38.823605, 176.006837 -38.822296, 176.007464 -38.820986, 176.008090 -38.819676, 176.008717 -38.818367, 176.009343 -38.817057, 176.009970 -38.815747, 176.010596 -38.814437, 176.011222 -38.813128, 176.011849 -38.811818, 176.012475 -38.810508, 176.013101 -38.809199, 176.013728 -38.807889, 176.014354 -38.806579, 176.014980 -38.805269, 176.015606 -38.803960, 176.016233 -38.802650, 176.016859 -38.801340, 176.017485 -38.800030, 176.018111 -38.798721, 176.018737 -38.797411, 176.019363 -38.796101, 176.019989 -38.794791, 176.020615 -38.793482, 176.021241 -38.792172, 176.021867 -38.790862, 176.022493 -38.789552, 176.023119 -38.788243, 176.023745 -38.786933, 176.024371 -38.785623, 176.024997 -38.784313, 176.025623 -38.783003, 176.026249 -38.781694, 176.026875 -38.780384, 176.027500 -38.779074, 176.028126 -38.777764, 176.028752 -38.776454, 176.029378 -38.775145, 176.030003 -38.773835, 176.030629 -38.772525, 176.031255 -38.771215, 176.031880 -38.769905, 176.032506 -38.768596, 176.033131 -38.767286, 176.033757 -38.765976, 176.034382 -38.764666, 176.035008 -38.763356, 176.035633 -38.762046, 176.036259 -38.760737, 176.036884 -38.759427, 176.037510 -38.758117, 176.038135 -38.756807, 176.038761 -38.755497, 176.039386 -38.754187, 176.040011 -38.752877, 176.040637 -38.751568, 176.041262 -38.750258, 176.041887 -38.748948, 176.042512 -38.747638, 176.043138 -38.746328, 176.043763 -38.745018, 176.044388 -38.743708, 176.045013 -38.742398, 176.045638 -38.741088, 176.046263 -38.739779, 176.046888 -38.738469, 176.047513 -38.737159, 176.048138 -38.735849, 176.048763 -38.734539, 176.049388 -38.733229, 176.050013 -38.731919, 176.050638 -38.730609, 176.051263 -38.729299, 176.051888 -38.727989, 176.052513 -38.726679, 176.053138 -38.725369, 176.053763 -38.724060, 176.054387 -38.722750, 176.055012 -38.721440, 176.055637 -38.720130, 176.056262 -38.718820, 176.056886 -38.717510, 176.057511 -38.716200, 176.058136 -38.714890, 176.058760 -38.713580, 176.059385 -38.712270, 176.060010 -38.710960, 176.060634 -38.709650, 176.061259 -38.708340, 176.061883 -38.707030, 176.062508 -38.705720, 176.063132 -38.704410, 176.063757 -38.703100, 176.064381 -38.701790, 176.065006 -38.700480, 176.065630 -38.699170, 176.066254 -38.697860, 176.066879 -38.696550, 176.067503 -38.695240, 176.068127 -38.693930, 176.068752 -38.692620, 176.069376 -38.691310, 176.070000 -38.690000, 176.069111 -38.688787, 176.068222 -38.687574, 176.067333 -38.686361, 176.066444 -38.685149, 176.065556 -38.683936, 176.064667 -38.682723, 176.063778 -38.681510, 176.062889 -38.680297, 176.062001 -38.679084, 176.061112 -38.677871, 176.060223 -38.676658, 176.059335 -38.675445, 176.058446 -38.674232, 176.057558 -38.673020, 176.056669 -38.671807, 176.055781 -38.670594, 176.054892 -38.669381, 176.054004 -38.668168, 176.053115 -38.666955, 176.052227 -38.665742, 176.051339 -38.664529, 176.050450 -38.663316, 176.049562 -38.662103, 176.048674 -38.660890, 176.047786 -38.659677, 176.046898 -38.658464, 176.046009 -38.657251, 176.045121 -38.656038, 176.044233 -38.654825, 176.043345 -38.653612, 176.042457 -38.652399, 176.041569 -38.651186, 176.040681 -38.649972, 176.039793 -38.648759, 176.038905 -38.647546, 176.038017 -38.646333, 176.037130 -38.645120, 176.036242 -38.643907, 176.035354 -38.642694, 176.034466 -38.641481, 176.033579 -38.640268, 176.032691 -38.639055, 176.031803 -38.637841, 176.030916 -38.636628, 176.030028 -38.635415, 176.029140 -38.634202, 176.028253 -38.632989, 176.027365 -38.631776, 176.026478 -38.630563, 176.025590 -38.629349, 176.024703 -38.628136, 176.023815 -38.626923, 176.022928 -38.625710, 176.022041 -38.624497, 176.021153 -38.623283, 176.020266 -38.622070, 176.019379 -38.620857, 176.018492 -38.619644, 176.017605 -38.618430, 176.016717 -38.617217, 176.015830 -38.616004, 176.014943 -38.614791, 176.014056 -38.613577, 176.013169 -38.612364, 176.012282 -38.611151, 176.011395 -38.609938, 176.010508 -38.608724, 176.009621 -38.607511, 176.008734 -38.606298, 176.007847 -38.605084, 176.006961 -38.603871, 176.006074 -38.602658, 176.005187 -38.601444, 176.004300 -38.600231, 176.003414 -38.599018, 176.002527 -38.597804, 176.001640 -38.596591, 176.000754 -38.595378, 175.999867 -38.594164, 175.998981 -38.592951, 175.998094 -38.591738, 175.997208 -38.590524, 175.996321 -38.589311, 175.995435 -38.588097, 175.994548 -38.586884, 175.993662 -38.585671, 175.992776 -38.584457, 175.991889 -38.583244, 175.991003 -38.582030, 175.990117 -38.580817, 175.989230 -38.579603, 175.988344 -38.578390, 175.987458 -38.577176, 175.986572 -38.575963, 175.985686 -38.574750, 175.984800 -38.573536, 175.983914 -38.572323, 175.983028 -38.571109, 175.982142 -38.569896, 175.981256 -38.568682, 175.980370 -38.567468, 175.979484 -38.566255, 175.978598 -38.565041, 175.977712 -38.563828, 175.976826 -38.562614, 175.975941 -38.561401, 175.975055 -38.560187, 175.974169 -38.558974, 175.973283 -38.557760, 175.972398 -38.556547, 175.971512 -38.555333, 175.970627 -38.554119, 175.969741 -38.552906, 175.968855 -38.551692, 175.967970 -38.550479, 175.967084 -38.549265, 175.966199 -38.548051, 175.965314 -38.546838, 175.964428 -38.545624, 175.963543 -38.544410, 175.962658 -38.543197, 175.961772 -38.541983, 175.960887 -38.540769, 175.960002 -38.539556, 175.959117 -38.538342, 175.958231 -38.537128, 175.957346 -38.535915, 175.956461 -38.534701, 175.955576 -38.533487, 175.954691 -38.532274, 175.953806 -38.531060, 175.952921 -38.529846, 175.952036 -38.528632, 175.951151 -38.527419, 175.950266 -38.526205, 175.949381 -38.524991, 175.948496 -38.523777, 175.947611 -38.522564, 175.946727 -38.521350, 175.945842 -38.520136, 175.944957 -38.518922, 175.944072 -38.517709, 175.943188 -38.516495, 175.942303 -38.515281, 175.941419 -38.514067, 175.940534 -38.512853, 175.939649 -38.511639, 175.938765 -38.510426, 175.937880 -38.509212, 175.936996 -38.507998, 175.936112 -38.506784, 175.935227 -38.505570, 175.934343 -38.504356, 175.933458 -38.503143, 175.932574 -38.501929, 175.931690 -38.500715, 175.930806 -38.499501, 175.929921 -38.498287, 175.929037 -38.497073, 175.928153 -38.495859, 175.927269 -38.494645, 175.926385 -38.493431, 175.925501 -38.492217, 175.924617 -38.491003, 175.923733 -38.489789, 175.922849 -38.488576, 175.921965 -38.487362, 175.921081 -38.486148, 175.920197 -38.484934, 175.919313 -38.483720, 175.918429 -38.482506, 175.917545 -38.481292, 175.916661 -38.480078, 175.915778 -38.478864, 175.914894 -38.477650, 175.914010 -38.476436, 175.913127 -38.475222, 175.912243 -38.474008, 175.911359 -38.472794, 175.910476 -38.471580, 175.909592 -38.470365, 175.908709 -38.469151, 175.907825 -38.467937, 175.906942 -38.466723, 175.906058 -38.465509, 175.905175 -38.464295, 175.904292 -38.463081, 175.903408 -38.461867, 175.902525 -38.460653, 175.901642 -38.459439, 175.900759 -38.458225, 175.899875 -38.457010, 175.898992 -38.455796, 175.898109 -38.454582, 175.897226 -38.453368, 175.896343 -38.452154, 175.895460 -38.450940, 175.894577 -38.449726, 175.893694 -38.448511, 175.892811 -38.447297, 175.891928 -38.446083, 175.891045 -38.444869, 175.890162 -38.443655, 175.889279 -38.442440, 175.888396 -38.441226, 175.887513 -38.440012, 175.886631 -38.438798, 175.885748 -38.437584, 175.884865 -38.436369, 175.883983 -38.435155, 175.883100 -38.433941, 175.882217 -38.432727, 175.881335 -38.431512, 175.880452 -38.430298, 175.879570 -38.429084, 175.878687 -38.427870, 175.877805 -38.426655, 175.876922 -38.425441, 175.876040 -38.424227, 175.875157 -38.423012, 175.874275 -38.421798, 175.873393 -38.420584, 175.872510 -38.419369, 175.871628 -38.418155, 175.870746 -38.416941, 175.869864 -38.415726, 175.868982 -38.414512, 175.868099 -38.413298, 175.867217 -38.412083, 175.866335 -38.410869, 175.865453 -38.409654, 175.864571 -38.408440, 175.863689 -38.407226, 175.862807 -38.406011, 175.861925 -38.404797, 175.861043 -38.403582, 175.860161 -38.402368, 175.859280 -38.401154, 175.858398 -38.399939, 175.857516 -38.398725, 175.856634 -38.397510, 175.855753 -38.396296, 175.854871 -38.395081, 175.853989 -38.393867, 175.853108 -38.392652, 175.852226 -38.391438, 175.851344 -38.390223, 175.850463 -38.389009, 175.849581 -38.387794, 175.848700 -38.386580, 175.847818 -38.385365, 175.846937 -38.384151, 175.846055 -38.382936, 175.845174 -38.381722, 175.844293 -38.380507, 175.843411 -38.379293, 175.842530 -38.378078, 175.841649 -38.376864, 175.840768 -38.375649, 175.839886 -38.374435, 175.839005 -38.373220, 175.838124 -38.372005, 175.837243 -38.370791, 175.836362 -38.369576, 175.835481 -38.368362, 175.834600 -38.367147, 175.833719 -38.365932, 175.832838 -38.364718, 175.831957 -38.363503, 175.831076 -38.362288, 175.830195 -38.361074, 175.829314 -38.359859, 175.828434 -38.358645, 175.827553 -38.357430, 175.826672 -38.356215, 175.825791 -38.355000, 175.824911 -38.353786, 175.824030 -38.352571, 175.823149 -38.351356, 175.822269 -38.350142, 175.821388 -38.348927, 175.820508 -38.347712, 175.819627 -38.346498, 175.818747 -38.345283, 175.817866 -38.344068, 175.816986 -38.342853, 175.816105 -38.341639, 175.815225 -38.340424, 175.814345 -38.339209, 175.813464 -38.337994, 175.812584 -38.336780, 175.811704 -38.335565, 175.810824 -38.334350, 175.809943 -38.333135, 175.809063 -38.331920, 175.808183 -38.330706, 175.807303 -38.329491, 175.806423 -38.328276, 175.805543 -38.327061, 175.804663 -38.325846, 175.803783 -38.324631, 175.802903 -38.323417, 175.802023 -38.322202, 175.801143 -38.320987, 175.800263 -38.319772, 175.799383 -38.318557, 175.798504 -38.317342, 175.797624 -38.316127, 175.796744 -38.314912, 175.795864 -38.313697, 175.794985 -38.312483, 175.794105 -38.311268, 175.793225 -38.310053, 175.792346 -38.308838, 175.791466 -38.307623, 175.790587 -38.306408, 175.789707 -38.305193, 175.788828 -38.303978, 175.787948 -38.302763, 175.787069 -38.301548, 175.786189 -38.300333, 175.785310 -38.299118, 175.784431 -38.297903, 175.783551 -38.296688, 175.782672 -38.295473, 175.781793 -38.294258, 175.780914 -38.293043, 175.780034 -38.291828, 175.779155 -38.290613, 175.778276 -38.289398, 175.777397 -38.288183, 175.776518 -38.286968, 175.775639 -38.285753, 175.774760 -38.284538, 175.773881 -38.283323, 175.773002 -38.282108, 175.772123 -38.280893, 175.771244 -38.279678, 175.770365 -38.278462, 175.769486 -38.277247, 175.768608 -38.276032, 175.767729 -38.274817, 175.766850 -38.273602, 175.765971 -38.272387, 175.765093 -38.271172, 175.764214 -38.269957, 175.763335 -38.268741, 175.762457 -38.267526, 175.761578 -38.266311, 175.760700 -38.265096, 175.759821 -38.263881, 175.758943 -38.262666, 175.758064 -38.261450, 175.757186 -38.260235, 175.756307 -38.259020, 175.755429 -38.257805, 175.754551 -38.256590, 175.753672 -38.255374, 175.752794 -38.254159, 175.751916 -38.252944, 175.751038 -38.251729, 175.750159 -38.250514, 175.749281 -38.249298, 175.748403 -38.248083, 175.747525 -38.246868, 175.746647 -38.245652, 175.745769 -38.244437, 175.744891 -38.243222, 175.744013 -38.242007, 175.743135 -38.240791, 175.742257 -38.239576, 175.741379 -38.238361, 175.740501 -38.237145, 175.739623 -38.235930, 175.738746 -38.234715, 175.737868 -38.233499, 175.736990 -38.232284, 175.736112 -38.231069, 175.735235 -38.229853, 175.734357 -38.228638, 175.733479 -38.227423, 175.732602 -38.226207, 175.731724 -38.224992, 175.730847 -38.223777, 175.729969 -38.222561, 175.729092 -38.221346, 175.728214 -38.220130, 175.727337 -38.218915, 175.726459 -38.217699, 175.725582 -38.216484, 175.724705 -38.215269, 175.723827 -38.214053, 175.722950 -38.212838, 175.722073 -38.211622, 175.721196 -38.210407, 175.720318 -38.209191, 175.719441 -38.207976, 175.718564 -38.206760, 175.717687 -38.205545, 175.716810 -38.204329, 175.715933 -38.203114, 175.715056 -38.201898, 175.714179 -38.200683, 175.713302 -38.199467, 175.712425 -38.198252, 175.711548 -38.197036, 175.710671 -38.195821, 175.709794 -38.194605, 175.708918 -38.193390, 175.708041 -38.192174, 175.707164 -38.190959, 175.706287 -38.189743, 175.705411 -38.188527, 175.704534 -38.187312, 175.703657 -38.186096, 175.702781 -38.184881, 175.701904 -38.183665, 175.701028 -38.182449, 175.700151 -38.181234, 175.699274 -38.180018, 175.698398 -38.178803, 175.697522 -38.177587, 175.696645 -38.176371, 175.695769 -38.175156, 175.694892 -38.173940, 175.694016 -38.172724, 175.693140 -38.171509, 175.692264 -38.170293, 175.691387 -38.169077, 175.690511 -38.167862, 175.689635 -38.166646, 175.688759 -38.165430, 175.687883 -38.164215, 175.687007 -38.162999, 175.686131 -38.161783, 175.685255 -38.160567, 175.684379 -38.159352, 175.683503 -38.158136, 175.682627 -38.156920, 175.681751 -38.155704, 175.680875 -38.154489, 175.679999 -38.153273, 175.679123 -38.152057, 175.678247 -38.150841, 175.677372 -38.149626, 175.676496 -38.148410, 175.675620 -38.147194, 175.674745 -38.145978, 175.673869 -38.144762, 175.672993 -38.143547, 175.672118 -38.142331, 175.671242 -38.141115, 175.670367 -38.139899, 175.669491 -38.138683, 175.668616 -38.137467, 175.667740 -38.136252, 175.666865 -38.135036, 175.665990 -38.133820, 175.665114 -38.132604, 175.664239 -38.131388, 175.663364 -38.130172, 175.662488 -38.128956, 175.661613 -38.127740, 175.660738 -38.126524, 175.659863 -38.125309, 175.658988 -38.124093, 175.658112 -38.122877, 175.657237 -38.121661, 175.656362 -38.120445, 175.655487 -38.119229, 175.654612 -38.118013, 175.653737 -38.116797, 175.652862 -38.115581, 175.651987 -38.114365, 175.651112 -38.113149, 175.650238 -38.111933, 175.649363 -38.110717, 175.648488 -38.109501, 175.647613 -38.108285, 175.646739 -38.107069, 175.645864 -38.105853, 175.644989 -38.104637, 175.644114 -38.103421, 175.643240 -38.102205, 175.642365 -38.100989, 175.641491 -38.099773, 175.640616 -38.098557, 175.639742 -38.097341, 175.638867 -38.096125, 175.637993 -38.094909, 175.637118 -38.093692, 175.636244 -38.092476, 175.635370 -38.091260, 175.634495 -38.090044, 175.633621 -38.088828, 175.632747 -38.087612, 175.631872 -38.086396, 175.630998 -38.085180, 175.630124 -38.083964, 175.629250 -38.082747, 175.628376 -38.081531, 175.627502 -38.080315, 175.626628 -38.079099, 175.625753 -38.077883, 175.624879 -38.076667, 175.624005 -38.075450, 175.623132 -38.074234, 175.622258 -38.073018, 175.621384 -38.071802, 175.620510 -38.070586, 175.619636 -38.069369, 175.618762 -38.068153, 175.617888 -38.066937, 175.617015 -38.065721, 175.616141 -38.064505, 175.615267 -38.063288, 175.614394 -38.062072, 175.613520 -38.060856, 175.612646 -38.059639, 175.611773 -38.058423, 175.610899 -38.057207, 175.610026 -38.055991, 175.609152 -38.054774, 175.608279 -38.053558, 175.607405 -38.052342, 175.606532 -38.051125, 175.605659 -38.049909, 175.604785 -38.048693, 175.603912 -38.047476, 175.603039 -38.046260, 175.602165 -38.045044, 175.601292 -38.043827, 175.600419 -38.042611, 175.599546 -38.041395, 175.598673 -38.040178, 175.597800 -38.038962, 175.596926 -38.037746, 175.596053 -38.036529, 175.595180 -38.035313, 175.594307 -38.034096, 175.593434 -38.032880, 175.592561 -38.031664, 175.591689 -38.030447, 175.590816 -38.029231, 175.589943 -38.028014, 175.589070 -38.026798, 175.588197 -38.025581, 175.587324 -38.024365, 175.586452 -38.023149, 175.585579 -38.021932, 175.584706 -38.020716, 175.583834 -38.019499, 175.582961 -38.018283, 175.582088 -38.017066, 175.581216 -38.015850, 175.580343 -38.014633, 175.579471 -38.013417, 175.578598 -38.012200, 175.577726 -38.010984, 175.576854 -38.009767, 175.575981 -38.008551, 175.575109 -38.007334, 175.574236 -38.006117, 175.573364 -38.004901, 175.572492 -38.003684, 175.571620 -38.002468, 175.570747 -38.001251, 175.569875 -38.000035, 175.569003 -37.998818, 175.568131 -37.997601, 175.567259 -37.996385, 175.566387 -37.995168, 175.565515 -37.993952, 175.564643 -37.992735, 175.563771 -37.991518, 175.562899 -37.990302, 175.562027 -37.989085, 175.561155 -37.987868, 175.560283 -37.986652, 175.559411 -37.985435, 175.558539 -37.984218, 175.557668 -37.983002, 175.556796 -37.981785, 175.555924 -37.980568, 175.555053 -37.979352, 175.554181 -37.978135, 175.553309 -37.976918, 175.552438 -37.975702, 175.551566 -37.974485, 175.550694 -37.973268, 175.549823 -37.972051, 175.548951 -37.970835, 175.548080 -37.969618, 175.547209 -37.968401, 175.546337 -37.967185, 175.545466 -37.965968, 175.544594 -37.964751, 175.543723 -37.963534, 175.542852 -37.962317, 175.541981 -37.961101, 175.541109 -37.959884, 175.540238 -37.958667, 175.539367 -37.957450, 175.538496 -37.956233, 175.537625 -37.955017, 175.536754 -37.953800, 175.535883 -37.952583, 175.535012 -37.951366, 175.534141 -37.950149, 175.533270 -37.948932, 175.532399 -37.947716, 175.531528 -37.946499, 175.530657 -37.945282, 175.529786 -37.944065, 175.528915 -37.942848, 175.528044 -37.941631, 175.527174 -37.940414, 175.526303 -37.939197, 175.525432 -37.937980, 175.524561 -37.936764, 175.523691 -37.935547, 175.522820 -37.934330, 175.521950 -37.933113, 175.521079 -37.931896, 175.520208 -37.930679, 175.519338 -37.929462, 175.518467 -37.928245, 175.517597 -37.927028, 175.516727 -37.925811, 175.515856 -37.924594, 175.514986 -37.923377, 175.514115 -37.922160, 175.513245 -37.920943, 175.512375 -37.919726, 175.511505 -37.918509, 175.510634 -37.917292, 175.509764 -37.916075, 175.508894 -37.914858, 175.508024 -37.913641, 175.507154 -37.912424, 175.506284 -37.911207, 175.505414 -37.909990, 175.504544 -37.908773, 175.503674 -37.907556, 175.502804 -37.906339, 175.501934 -37.905122, 175.501064 -37.903904, 175.500194 -37.902687, 175.499324 -37.901470, 175.498454 -37.900253, 175.497585 -37.899036, 175.496715 -37.897819, 175.495845 -37.896602, 175.494975 -37.895385, 175.494106 -37.894167, 175.493236 -37.892950, 175.492366 -37.891733, 175.491497 -37.890516, 175.490627 -37.889299, 175.489758 -37.888082, 175.488888 -37.886865, 175.488019 -37.885647, 175.487149 -37.884430, 175.486280 -37.883213, 175.485411 -37.881996, 175.484541 -37.880779, 175.483672 -37.879561, 175.482803 -37.878344, 175.481933 -37.877127, 175.481064 -37.875910, 175.480195 -37.874692, 175.479326 -37.873475, 175.478456 -37.872258, 175.477587 -37.871041, 175.476718 -37.869823, 175.475849 -37.868606, 175.474980 -37.867389, 175.474111 -37.866172, 175.473242 -37.864954, 175.472373 -37.863737, 175.471504 -37.862520, 175.470635 -37.861302, 175.469766 -37.860085, 175.468898 -37.858868, 175.468029 -37.857650, 175.467160 -37.856433, 175.466291 -37.855216, 175.465423 -37.853998, 175.464554 -37.852781, 175.463685 -37.851564, 175.462817 -37.850346, 175.461948 -37.849129, 175.461079 -37.847911, 175.460211 -37.846694, 175.459342 -37.845477, 175.458474 -37.844259, 175.457605 -37.843042, 175.456737 -37.841824, 175.455868 -37.840607, 175.455000 -37.839390, 175.454132 -37.838172, 175.453263 -37.836955, 175.452395 -37.835737, 175.451527 -37.834520, 175.450659 -37.833302, 175.449790 -37.832085, 175.448922 -37.830867, 175.448054 -37.829650, 175.447186 -37.828432, 175.446318 -37.827215, 175.445450 -37.825997, 175.444582 -37.824780, 175.443714 -37.823562, 175.442846 -37.822345, 175.441978 -37.821127, 175.441110 -37.819910, 175.440242 -37.818692, 175.439374 -37.817475, 175.438506 -37.816257, 175.437638 -37.815040, 175.436771 -37.813822, 175.435903 -37.812605, 175.435035 -37.811387, 175.434167 -37.810169, 175.433300 -37.808952, 175.432432 -37.807734, 175.431565 -37.806517, 175.430697 -37.805299, 175.429829 -37.804081, 175.428962 -37.802864, 175.428094 -37.801646, 175.427227 -37.800429, 175.426359 -37.799211, 175.425492 -37.797993, 175.424625 -37.796776, 175.423757 -37.795558, 175.422890 -37.794340, 175.422023 -37.793123, 175.421155 -37.791905, 175.420288 -37.790687, 175.419421 -37.789470, 175.418554 -37.788252, 175.417687 -37.787034, 175.416820 -37.785817, 175.415952 -37.784599, 175.415085 -37.783381, 175.414218 -37.782163, 175.413351 -37.780946, 175.412484 -37.779728, 175.411617 -37.778510, 175.410750 -37.777292, 175.409884 -37.776075, 175.409017 -37.774857, 175.408150 -37.773639, 175.407283 -37.772421, 175.406416 -37.771204, 175.405550 -37.769986, 175.404683 -37.768768, 175.403816 -37.767550, 175.402949 -37.766332, 175.402083 -37.765115, 175.401216 -37.763897, 175.400350 -37.762679, 175.399483 -37.761461, 175.398617 -37.760243, 175.397750 -37.759025, 175.396884 -37.757808, 175.396017 -37.756590, 175.395151 -37.755372, 175.394284 -37.754154, 175.393418 -37.752936, 175.392552 -37.751718, 175.391685 -37.750500, 175.390819 -37.749282, 175.389953 -37.748064, 175.389087 -37.746847, 175.388220 -37.745629, 175.387354 -37.744411, 175.386488 -37.743193, 175.385622 -37.741975, 175.384756 -37.740757, 175.383890 -37.739539, 175.383024 -37.738321, 175.382158 -37.737103, 175.381292 -37.735885, 175.380426 -37.734667, 175.379560 -37.733449, 175.378694 -37.732231, 175.377829 -37.731013, 175.376963 -37.729795, 175.376097 -37.728577, 175.375231 -37.727359, 175.374365 -37.726141, 175.373500 -37.724923, 175.372634 -37.723705, 175.371768 -37.722487, 175.370903 -37.721269, 175.370037 -37.720051, 175.369172 -37.718833, 175.368306 -37.717615, 175.367441 -37.716397, 175.366575 -37.715179, 175.365710 -37.713961, 175.364844 -37.712743, 175.363979 -37.711524, 175.363114 -37.710306, 175.362248 -37.709088, 175.361383 -37.707870, 175.360518 -37.706652, 175.359652 -37.705434, 175.358787 -37.704216, 175.357922 -37.702998, 175.357057 -37.701779, 175.356192 -37.700561, 175.355327 -37.699343, 175.354462 -37.698125, 175.353597 -37.696907, 175.352732 -37.695689, 175.351867 -37.694470, 175.351002 -37.693252, 175.350137 -37.692034, 175.349272 -37.690816, 175.348407 -37.689598, 175.347542 -37.688379, 175.346677 -37.687161, 175.345812 -37.685943, 175.344948 -37.684725, 175.344083 -37.683507, 175.343218 -37.682288, 175.342354 -37.681070, 175.341489 -37.679852, 175.340624 -37.678634, 175.339760 -37.677415, 175.338895 -37.676197, 175.338031 -37.674979, 175.337166 -37.673760, 175.336302 -37.672542, 175.335437 -37.671324, 175.334573 -37.670105, 175.333708 -37.668887, 175.332844 -37.667669, 175.331980 -37.666451, 175.331115 -37.665232, 175.330251 -37.664014, 175.329387 -37.662795, 175.328523 -37.661577, 175.327658 -37.660359, 175.326794 -37.659140, 175.325930 -37.657922, 175.325066 -37.656704, 175.324202 -37.655485, 175.323338 -37.654267, 175.322474 -37.653049, 175.321610 -37.651830, 175.320746 -37.650612, 175.319882 -37.649393, 175.319018 -37.648175, 175.318154 -37.646956, 175.317290 -37.645738, 175.316427 -37.644520, 175.315563 -37.643301, 175.314699 -37.642083, 175.313835 -37.640864, 175.312972 -37.639646, 175.312108 -37.638427, 175.311244 -37.637209, 175.310381 -37.635990, 175.309517 -37.634772, 175.308653 -37.633553, 175.307790 -37.632335, 175.306926 -37.631116, 175.306063 -37.629898, 175.305199 -37.628679, 175.304336 -37.627461, 175.303473 -37.626242, 175.302609 -37.625024, 175.301746 -37.623805, 175.300883 -37.622587, 175.300019 -37.621368, 175.299156 -37.620149, 175.298293 -37.618931, 175.297430 -37.617712, 175.296566 -37.616494, 175.295703 -37.615275, 175.294840 -37.614056, 175.293977 -37.612838, 175.293114 -37.611619, 175.292251 -37.610401, 175.291388 -37.609182, 175.290525 -37.607963, 175.289662 -37.606745, 175.288799 -37.605526, 175.287936 -37.604307, 175.287073 -37.603089, 175.286211 -37.601870, 175.285348 -37.600651, 175.284485 -37.599433, 175.283622 -37.598214, 175.282760 -37.596995, 175.281897 -37.595777, 175.281034 -37.594558, 175.280172 -37.593339, 175.279309 -37.592121, 175.278446 -37.590902, 175.277584 -37.589683, 175.276721 -37.588464, 175.275859 -37.587246, 175.274996 -37.586027, 175.274134 -37.584808, 175.273272 -37.583589, 175.272409 -37.582371, 175.271547 -37.581152, 175.270684 -37.579933, 175.269822 -37.578714, 175.268960 -37.577496, 175.268098 -37.576277, 175.267235 -37.575058, 175.266373 -37.573839, 175.265511 -37.572620, 175.264649 -37.571402, 175.263787 -37.570183, 175.262925 -37.568964, 175.262063 -37.567745, 175.261201 -37.566526, 175.260339 -37.565307, 175.259477 -37.564089, 175.258615 -37.562870, 175.257753 -37.561651, 175.256891 -37.560432, 175.256029 -37.559213, 175.255167 -37.557994, 175.254306 -37.556775, 175.253444 -37.555556, 175.252582 -37.554337, 175.251720 -37.553119, 175.250859 -37.551900, 175.249997 -37.550681, 175.249136 -37.549462, 175.248274 -37.548243, 175.247412 -37.547024, 175.246551 -37.545805, 175.245689 -37.544586, 175.244828 -37.543367, 175.243966 -37.542148, 175.243105 -37.540929, 175.242244 -37.539710, 175.241382 -37.538491, 175.240521 -37.537272, 175.239660 -37.536053, 175.238798 -37.534834, 175.237937 -37.533615, 175.237076 -37.532396, 175.236215 -37.531177, 175.235353 -37.529958, 175.234492 -37.528739, 175.233631 -37.527520, 175.232770 -37.526301, 175.231909 -37.525082, 175.231048 -37.523863, 175.230187 -37.522644, 175.229326 -37.521425, 175.228465 -37.520206, 175.227604 -37.518987, 175.226743 -37.517767, 175.225883 -37.516548, 175.225022 -37.515329, 175.224161 -37.514110, 175.223300 -37.512891, 175.222439 -37.511672, 175.221579 -37.510453, 175.220718 -37.509234, 175.219857 -37.508014, 175.218997 -37.506795, 175.218136 -37.505576, 175.217275 -37.504357, 175.216415 -37.503138, 175.215554 -37.501919, 175.214694 -37.500699, 175.213833 -37.499480, 175.212973 -37.498261, 175.212113 -37.497042, 175.211252 -37.495823, 175.210392 -37.494603, 175.209532 -37.493384, 175.208671 -37.492165, 175.207811 -37.490946, 175.206951 -37.489727, 175.206091 -37.488507, 175.205230 -37.487288, 175.204370 -37.486069, 175.203510 -37.484850, 175.202650 -37.483630, 175.201790 -37.482411, 175.200930 -37.481192, 175.200070 -37.479972, 175.199210 -37.478753, 175.198350 -37.477534, 175.197490 -37.476315, 175.196630 -37.475095, 175.195770 -37.473876, 175.194910 -37.472657, 175.194051 -37.471437, 175.193191 -37.470218, 175.192331 -37.468999, 175.191471 -37.467779, 175.190612 -37.466560, 175.189752 -37.465341, 175.188892 -37.464121, 175.188033 -37.462902, 175.187173 -37.461682, 175.186313 -37.460463, 175.185454 -37.459244, 175.184594 -37.458024, 175.183735 -37.456805, 175.182875 -37.455585, 175.182016 -37.454366, 175.181157 -37.453147, 175.180297 -37.451927, 175.179438 -37.450708, 175.178579 -37.449488, 175.177719 -37.448269, 175.176860 -37.447049, 175.176001 -37.445830, 175.175142 -37.444610, 175.174282 -37.443391, 175.173423 -37.442171, 175.172564 -37.440952, 175.171705 -37.439732, 175.170846 -37.438513, 175.169987 -37.437293, 175.169128 -37.436074, 175.168269 -37.434854, 175.167410 -37.433635, 175.166551 -37.432415, 175.165692 -37.431196, 175.164833 -37.429976, 175.163975 -37.428757, 175.163116 -37.427537, 175.162257 -37.426318, 175.161398 -37.425098, 175.160539 -37.423879, 175.159681 -37.422659, 175.158822 -37.421439, 175.157963 -37.420220, 175.157105 -37.419000, 175.156246 -37.417781, 175.155388 -37.416561, 175.154529 -37.415341, 175.153671 -37.414122, 175.152812 -37.412902, 175.151954 -37.411682, 175.151095 -37.410463, 175.150237 -37.409243, 175.149379 -37.408024, 175.148520 -37.406804, 175.147662 -37.405584, 175.146804 -37.404365, 175.145945 -37.403145, 175.145087 -37.401925, 175.144229 -37.400705, 175.143371 -37.399486, 175.142513 -37.398266, 175.141655 -37.397046, 175.140796 -37.395827, 175.139938 -37.394607, 175.139080 -37.393387, 175.138222 -37.392167, 175.137364 -37.390948, 175.136506 -37.389728, 175.135649 -37.388508, 175.134791 -37.387288, 175.133933 -37.386069, 175.133075 -37.384849, 175.132217 -37.383629, 175.131359 -37.382409, 175.130502 -37.381190, 175.129644 -37.379970, 175.128786 -37.378750, 175.127929 -37.377530, 175.127071 -37.376310, 175.126213 -37.375091, 175.125356 -37.373871, 175.124498 -37.372651, 175.123641 -37.371431, 175.122783 -37.370211, 175.121926 -37.368991, 175.121068 -37.367771, 175.120211 -37.366552, 175.119353 -37.365332, 175.118496 -37.364112, 175.117639 -37.362892, 175.116781 -37.361672, 175.115924 -37.360452, 175.115067 -37.359232, 175.114210 -37.358012, 175.113353 -37.356792, 175.112495 -37.355573, 175.111638 -37.354353, 175.110781 -37.353133, 175.109924 -37.351913, 175.109067 -37.350693, 175.108210 -37.349473, 175.107353 -37.348253, 175.106496 -37.347033, 175.105639 -37.345813, 175.104782 -37.344593, 175.103925 -37.343373, 175.103068 -37.342153, 175.102212 -37.340933, 175.101355 -37.339713, 175.100498 -37.338493, 175.099641 -37.337273, 175.098785 -37.336053, 175.097928 -37.334833, 175.097071 -37.333613, 175.096215 -37.332393, 175.095358 -37.331173, 175.094501 -37.329953, 175.093645 -37.328733, 175.092788 -37.327513, 175.091932 -37.326293, 175.091075 -37.325073, 175.090219 -37.323852, 175.089362 -37.322632, 175.088506 -37.321412, 175.087650 -37.320192, 175.086793 -37.318972, 175.085937 -37.317752, 175.085081 -37.316532, 175.084225 -37.315312, 175.083368 -37.314092, 175.082512 -37.312871, 175.081656 -37.311651, 175.080800 -37.310431, 175.079944 -37.309211, 175.079088 -37.307991, 175.078232 -37.306771, 175.077376 -37.305551, 175.076520 -37.304330, 175.075664 -37.303110, 175.074808 -37.301890, 175.073952 -37.300670, 175.073096 -37.299450, 175.072240 -37.298229, 175.071384 -37.297009, 175.070528 -37.295789, 175.069673 -37.294569, 175.068817 -37.293348, 175.067961 -37.292128, 175.067106 -37.290908, 175.066250 -37.289688, 175.065394 -37.288467, 175.064539 -37.287247, 175.063683 -37.286027, 175.062828 -37.284807, 175.061972 -37.283586, 175.061116 -37.282366, 175.060261 -37.281146, 175.059406 -37.279925, 175.058550 -37.278705, 175.057695 -37.277485, 175.056839 -37.276265, 175.055984 -37.275044, 175.055129 -37.273824, 175.054274 -37.272604, 175.053418 -37.271383, 175.052563 -37.270163, 175.051708 -37.268942, 175.050853 -37.267722, 175.049998 -37.266502, 175.049142 -37.265281, 175.048287 -37.264061, 175.047432 -37.262841, 175.046577 -37.261620, 175.045722 -37.260400, 175.044867 -37.259179, 175.044012 -37.257959, 175.043158 -37.256739, 175.042303 -37.255518, 175.041448 -37.254298, 175.040593 -37.253077, 175.039738 -37.251857, 175.038883 -37.250636, 175.038029 -37.249416, 175.037174 -37.248195, 175.036319 -37.246975, 175.035465 -37.245754, 175.034610 -37.244534, 175.033755 -37.243314, 175.032901 -37.242093, 175.032046 -37.240873, 175.031192 -37.239652, 175.030337 -37.238432, 175.029483 -37.237211, 175.028628 -37.235990, 175.027774 -37.234770, 175.026919 -37.233549, 175.026065 -37.232329, 175.025211 -37.231108, 175.024356 -37.229888, 175.023502 -37.228667, 175.022648 -37.227447, 175.021794 -37.226226, 175.020940 -37.225005, 175.020085 -37.223785, 175.019231 -37.222564, 175.018377 -37.221344, 175.017523 -37.220123, 175.016669 -37.218903, 175.015815 -37.217682, 175.014961 -37.216461, 175.014107 -37.215241, 175.013253 -37.214020, 175.012399 -37.212799, 175.011545 -37.211579, 175.010691 -37.210358, 175.009838 -37.209137, 175.008984 -37.207917, 175.008130 -37.206696, 175.007276 -37.205475, 175.006422 -37.204255, 175.005569 -37.203034, 175.004715 -37.201813, 175.003861 -37.200593, 175.003008 -37.199372, 175.002154 -37.198151, 175.001301 -37.196930, 175.000447 -37.195710, 174.999594 -37.194489, 174.998740 -37.193268, 174.997887 -37.192048, 174.997033 -37.190827, 174.996180 -37.189606, 174.995327 -37.188385, 174.994473 -37.187165, 174.993620 -37.185944, 174.992767 -37.184723, 174.991913 -37.183502, 174.991060 -37.182281, 174.990207 -37.181061, 174.989354 -37.179840, 174.988501 -37.178619, 174.987648 -37.177398, 174.986794 -37.176177, 174.985941 -37.174956, 174.985088 -37.173736, 174.984235 -37.172515, 174.983382 -37.171294, 174.982529 -37.170073, 174.981676 -37.168852, 174.980824 -37.167631, 174.979971 -37.166410, 174.979118 -37.165190, 174.978265 -37.163969, 174.977412 -37.162748, 174.976560 -37.161527, 174.975707 -37.160306, 174.974854 -37.159085, 174.974001 -37.157864, 174.973149 -37.156643, 174.972296 -37.155422, 174.971444 -37.154201, 174.970591 -37.152980, 174.969738 -37.151760, 174.968886 -37.150539, 174.968033 -37.149318, 174.967181 -37.148097, 174.966329 -37.146876, 174.965476 -37.145655, 174.964624 -37.144434, 174.963771 -37.143213, 174.962919 -37.141992, 174.962067 -37.140771, 174.961215 -37.139550, 174.960362 -37.138329, 174.959510 -37.137108, 174.958658 -37.135887, 174.957806 -37.134666, 174.956954 -37.133445, 174.956102 -37.132224, 174.955250 -37.131003, 174.954397 -37.129781, 174.953545 -37.128560, 174.952693 -37.127339, 174.951842 -37.126118, 174.950990 -37.124897, 174.950138 -37.123676, 174.949286 -37.122455, 174.948434 -37.121234, 174.947582 -37.120013, 174.946730 -37.118792, 174.945879 -37.117571, 174.945027 -37.116349, 174.944175 -37.115128, 174.943323 -37.113907, 174.942472 -37.112686, 174.941620 -37.111465, 174.940769 -37.110244, 174.939917 -37.109023, 174.939065 -37.107801, 174.938214 -37.106580, 174.937362 -37.105359, 174.936511 -37.104138, 174.935660 -37.102917, 174.934808 -37.101696, 174.933957 -37.100474, 174.933105 -37.099253, 174.932254 -37.098032, 174.931403 -37.096811, 174.930551 -37.095589, 174.929700 -37.094368, 174.928849 -37.093147, 174.927998 -37.091926, 174.927147 -37.090704, 174.926296 -37.089483, 174.925444 -37.088262, 174.924593 -37.087041, 174.923742 -37.085819, 174.922891 -37.084598, 174.922040 -37.083377, 174.921189 -37.082156, 174.920338 -37.080934, 174.919487 -37.079713, 174.918637 -37.078492, 174.917786 -37.077270, 174.916935 -37.076049, 174.916084 -37.074828, 174.915233 -37.073606, 174.914382 -37.072385, 174.913532 -37.071164, 174.912681 -37.069942, 174.911830 -37.068721, 174.910980 -37.067500, 174.910129 -37.066278, 174.909279 -37.065057, 174.908428 -37.063835, 174.907577 -37.062614, 174.906727 -37.061393, 174.905876 -37.060171, 174.905026 -37.058950, 174.904176 -37.057728, 174.903325 -37.056507, 174.902475 -37.055286, 174.901624 -37.054064, 174.900774 -37.052843, 174.899924 -37.051621, 174.899074 -37.050400, 174.898223 -37.049178, 174.897373 -37.047957, 174.896523 -37.046735, 174.895673 -37.045514, 174.894823 -37.044292, 174.893973 -37.043071, 174.893123 -37.041849, 174.892273 -37.040628, 174.891423 -37.039406, 174.890573 -37.038185, 174.889723 -37.036963, 174.888873 -37.035742, 174.888023 -37.034520, 174.887173 -37.033299, 174.886323 -37.032077, 174.885473 -37.030856, 174.884623 -37.029634, 174.883774 -37.028413, 174.882924 -37.027191, 174.882074 -37.025969, 174.881225 -37.024748, 174.880375 -37.023526, 174.879525 -37.022305, 174.878676 -37.021083, 174.877826 -37.019862, 174.876977 -37.018640, 174.876127 -37.017418, 174.875277 -37.016197, 174.874428 -37.014975, 174.873579 -37.013753, 174.872729 -37.012532, 174.871880 -37.011310, 174.871030 -37.010088, 174.870181 -37.008867, 174.869332 -37.007645, 174.868483 -37.006423, 174.867633 -37.005202, 174.866784 -37.003980, 174.865935 -37.002758, 174.865086 -37.001537, 174.864237 -37.000315, 174.863387 -36.999093, 174.862538 -36.997872, 174.861689 -36.996650, 174.860840 -36.995428, 174.859991 -36.994206, 174.859142 -36.992985, 174.858293 -36.991763, 174.857444 -36.990541, 174.856596 -36.989319, 174.855747 -36.988098, 174.854898 -36.986876, 174.854049 -36.985654, 174.853200 -36.984432, 174.852351 -36.983211, 174.851503 -36.981989, 174.850654 -36.980767, 174.849805 -36.979545, 174.848957 -36.978323, 174.848108 -36.977102, 174.847260 -36.975880, 174.846411 -36.974658, 174.845562 -36.973436, 174.844714 -36.972214, 174.843865 -36.970992, 174.843017 -36.969771, 174.842169 -36.968549, 174.841320 -36.967327, 174.840472 -36.966105, 174.839623 -36.964883, 174.838775 -36.963661, 174.837927 -36.962439, 174.837079 -36.961217, 174.836230 -36.959996, 174.835382 -36.958774, 174.834534 -36.957552, 174.833686 -36.956330, 174.832838 -36.955108, 174.831989 -36.953886, 174.831141 -36.952664, 174.830293 -36.951442, 174.829445 -36.950220, 174.828597 -36.948998, 174.827749 -36.947776, 174.826901 -36.946554, 174.826054 -36.945332, 174.825206 -36.944110, 174.824358 -36.942888, 174.823510 -36.941666, 174.822662 -36.940444, 174.821814 -36.939222, 174.820967 -36.938000, 174.820119 -36.936778, 174.819271 -36.935556, 174.818424 -36.934334, 174.817576 -36.933112, 174.816728 -36.931890, 174.815881 -36.930668, 174.815033 -36.929446, 174.814186 -36.928224, 174.813338 -36.927002, 174.812491 -36.925780, 174.811643 -36.924558, 174.810796 -36.923336, 174.809948 -36.922114, 174.809101 -36.920892, 174.808254 -36.919670, 174.807406 -36.918447, 174.806559 -36.917225, 174.805712 -36.916003, 174.804865 -36.914781, 174.804017 -36.913559, 174.803170 -36.912337, 174.802323 -36.911115, 174.801476 -36.909893, 174.800629 -36.908670, 174.799782 -36.907448, 174.798935 -36.906226, 174.798088 -36.905004, 174.797241 -36.903782, 174.796394 -36.902560, 174.795547 -36.901337, 174.794700 -36.900115, 174.793853 -36.898893, 174.793006 -36.897671, 174.792159 -36.896449, 174.791313 -36.895226, 174.790466 -36.894004, 174.789619 -36.892782, 174.788772 -36.891560, 174.787926 -36.890337, 174.787079 -36.889115, 174.786232 -36.887893, 174.785386 -36.886671, 174.784539 -36.885448, 174.783693 -36.884226, 174.782846 -36.883004, 174.782000 -36.881781, 174.781153 -36.880559, 174.780307 -36.879337, 174.779460 -36.878115, 174.778614 -36.876892, 174.777767 -36.875670, 174.776921 -36.874448, 174.776075 -36.873225, 174.775228 -36.872003, 174.774382 -36.870781, 174.773536 -36.869558, 174.772690 -36.868336, 174.771844 -36.867114, 174.770997 -36.865891, 174.770151 -36.864669, 174.769305 -36.863447, 174.768459 -36.862224, 174.767613 -36.861002, 174.766767 -36.859779, 174.765921 -36.858557, 174.765075 -36.857335, 174.764229 -36.856112, 174.763383 -36.854890, 174.762537 -36.853667, 174.761692 -36.852445, 174.760846 -36.851222, 174.760000 -36.850000), (-149.900000 61.220000, -149.872749 61.229679, -149.845482 61.239353, -149.818198 61.249021, -149.790897 61.258683, -149.763580 61.268341, -149.736245 61.277992, -149.708894 61.287638, -149.681526 61.297279, -149.654141 61.306914, -149.626739 61.316544, -149.599321 61.326168, -149.571885 61.335786, -149.544433 61.345399, -149.516964 61.355007, -149.489478 61.364609, -149.461975 61.374205, -149.434455 61.383796, -149.406919 61.393381, -149.379365 61.402961, -149.351795 61.412535, -149.324208 61.422104, -149.296603 61.431667, -149.268982 61.441224, -149.241344 61.450776, -149.213689 61.460322, -149.186017 61.469863, -149.158328 61.479398, -149.130622 61.488927, -149.102899 61.498451, -149.075160 61.507969, -149.047403 61.517481, -149.019629 61.526988, -148.991838 61.536490, -148.964030 61.545985, -148.936206 61.555475, -148.908364 61.564959, -148.880505 61.574438, -148.852629 61.583911, -148.824736 61.593378, -148.796826 61.602839, -148.768899 61.612295, -148.740955 61.621745, -148.712994 61.631190, -148.685016 61.640628, -148.657021 61.650061, -148.629008 61.659489, -148.600979 61.668910, -148.572933 61.678326, -148.544869 61.687736, -148.516788 61.697141, -148.488690 61.706539, -148.460575 61.715932, -148.432443 61.725319, -148.404294 61.734700, -148.376128 61.744076, -148.347944 61.753446, -148.319743 61.762810, -148.291525 61.772168, -148.263290 61.781520, -148.235038 61.790867, -148.206769 61.800208, -148.178482 61.809543, -148.150178 61.818872, -148.121857 61.828195, -148.093519 61.837513, -148.065164 61.846824, -148.036791 61.856130, -148.008401 61.865430, -147.979994 61.874724, -147.951570 61.884013, -147.923128 61.893295, -147.894669 61.902572, -147.866193 61.911842, -147.837700 61.921107, -147.809189 61.930366, -147.780661 61.939619, -147.752116 61.948866, -147.723553 61.958107, -147.694974 61.967342, -147.666377 61.976572, -147.637762 61.985795, -147.609130 61.995013, -147.580481 62.004224, -147.551815 62.013430, -147.523131 62.022630, -147.494430 62.031823, -147.465712 62.041011, -147.436976 62.050193, -147.408223 62.059369, -147.379452 62.068539, -147.350665 62.077703, -147.321859 62.086861, -147.293037 62.096012, -147.264197 62.105158, -147.235339 62.114298, -147.206465 62.123432, -147.177572 62.132560, -147.148663 62.141682, -147.119736 62.150798, -147.090791 62.159907, -147.061830 62.169011, -147.032850 62.178109, -147.003854 62.187200, -146.974839 62.196286, -146.945808 62.205366, -146.916759 62.214439, -146.887692 62.223506, -146.858608 62.232568, -146.829507 62.241623, -146.800388 62.250672, -146.771251 62.259715, -146.742097 62.268752, -146.712926 62.277782, -146.683737 62.286807, -146.654531 62.295826, -146.625307 62.304838, -146.596065 62.313844, -146.566806 62.322844, -146.537530 62.331838, -146.508236 62.340826, -146.478924 62.349808, -146.449595 62.358783, -146.420249 62.367753, -146.390884 62.376716, -146.361503 62.385673, -146.332103 62.394623, -146.302686 62.403568, -146.273252 62.412506, -146.243800 62.421438, -146.214330 62.430364, -146.184843 62.439284, -146.155338 62.448197, -146.125816 62.457105, -146.096276 62.466006, -146.066719 62.474900, -146.037143 62.483789, -146.007551 62.492671, -145.977940 62.501547, -145.948312 62.510417, -145.918667 62.519280, -145.889003 62.528137, -145.859322 62.536988, -145.829624 62.545833, -145.799908 62.554671, -145.770174 62.563503, -145.740422 62.572328, -145.710653 62.581148, -145.680866 62.589961, -145.651062 62.598767, -145.621239 62.607568, -145.591400 62.616362, -145.561542 62.625149, -145.531667 62.633930, -145.501774 62.642705, -145.471863 62.651474, -145.441935 62.660236, -145.411989 62.668992, -145.382025 62.677741, -145.352044 62.686484, -145.322044 62.695221, -145.292028 62.703951, -145.261993 62.712675, -145.231941 62.721392, -145.201871 62.730103, -145.171783 62.738807, -145.141677 62.747505, -145.111554 62.756197, -145.081413 62.764882, -145.051254 62.773561, -145.021078 62.782233, -144.990883 62.790899, -144.960671 62.799558, -144.930441 62.808211, -144.900194 62.816857, -144.869928 62.825497, -144.839645 62.834131, -144.809344 62.842757, -144.779025 62.851378, -144.748689 62.859992, -144.718335 62.868599, -144.687962 62.877200, -144.657573 62.885794, -144.627165 62.894381, -144.596739 62.902963, -144.566296 62.911537, -144.535835 62.920105, -144.505356 62.928667, -144.474859 62.937221, -144.444345 62.945770, -144.413812 62.954311, -144.383262 62.962847, -144.352694 62.971375, -144.322108 62.979897, -144.291504 62.988412, -144.260882 62.996921, -144.230243 63.005423, -144.199586 63.013918, -144.168910 63.022407, -144.138217 63.030889, -144.107507 63.039365, -144.076778 63.047834, -144.046031 63.056296, -144.015267 63.064751, -143.984484 63.073200, -143.953684 63.081642, -143.922866 63.090078, -143.892030 63.098506, -143.861176 63.106928, -143.830305 63.115344, -143.799415 63.123752, -143.768508 63.132154, -143.737582 63.140550, -143.706639 63.148938, -143.675678 63.157320, -143.644699 63.165695, -143.613702 63.174063, -143.582687 63.182424, -143.551654 63.190779, -143.520603 63.199127, -143.489535 63.207468, -143.458448 63.215803, -143.427344 63.224130, -143.396222 63.232451, -143.365081 63.240765, -143.333923 63.249072, -143.302747 63.257372, -143.271553 63.265666, -143.240341 63.273953, -143.209111 63.282233, -143.177863 63.290506, -143.146598 63.298772, -143.115314 63.307031, -143.084012 63.315284, -143.052693 63.323529, -143.021355 63.331768, -142.990000 63.340000, -142.959056 63.331461, -142.928130 63.322915, -142.897222 63.314362, -142.866333 63.305803, -142.835463 63.297237, -142.804610 63.288664, -142.773776 63.280085, -142.742960 63.271499, -142.712163 63.262906, -142.681384 63.254307, -142.650623 63.245701, -142.619881 63.237089, -142.589157 63.228469, -142.558451 63.219844, -142.527764 63.211211, -142.497095 63.202572, -142.466444 63.193927, -142.435811 63.185274, -142.405197 63.176616, -142.374601 63.167950, -142.344024 63.159278, -142.313465 63.150600, -142.282924 63.141914, -142.252401 63.133223, -142.221896 63.124525, -142.191410 63.115820, -142.160942 63.107109, -142.130493 63.098391, -142.100062 63.089666, -142.069648 63.080935, -142.039254 63.072198, -142.008877 63.063454, -141.978519 63.054704, -141.948179 63.045947, -141.917857 63.037184, -141.887553 63.028414, -141.857268 63.019637, -141.827001 63.010855, -141.796752 63.002065, -141.766521 62.993270, -141.736309 62.984467, -141.706114 62.975659, -141.675938 62.966844, -141.645780 62.958022, -141.615641 62.949194, -141.585519 62.940360, -141.555416 62.931519, -141.525331 62.922672, -141.495264 62.913819, -141.465215 62.904959, -141.435184 62.896092, -141.405172 62.887220, -141.375178 62.878341, -141.345201 62.869455, -141.315243 62.860563, -141.285304 62.851665, -141.255382 62.842761, -141.225478 62.833850, -141.195593 62.824933, -141.165725 62.816009, -141.135876 62.807079, -141.106045 62.798143, -141.076232 62.789201, -141.046437 62.780252, -141.016660 62.771297, -140.986902 62.762336, -140.957161 62.753368, -140.927438 62.744394, -140.897734 62.735414, -140.868047 62.726427, -140.838379 62.717435, -140.808729 62.708436, -140.779096 62.699430, -140.749482 62.690419, -140.719886 62.681401, -140.690308 62.672377, -140.660748 62.663347, -140.631206 62.654311, -140.601682 62.645268, -140.572176 62.636219, -140.542688 62.627164, -140.513218 62.618103, -140.483766 62.609036, -140.454332 62.599962, -140.424915 62.590883, -140.395517 62.581797, -140.366137 62.572705, -140.336775 62.563606, -140.307431 62.554502, -140.278105 62.545392, -140.248797 62.536275, -140.219506 62.527152, -140.190234 62.518023, -140.160979 62.508888, -140.131743 62.499747, -140.102524 62.490600, -140.073324 62.481447, -140.044141 62.472287, -140.014976 62.463122, -139.985829 62.453950, -139.956700 62.444772, -139.927589 62.435589, -139.898495 62.426399, -139.869420 62.417203, -139.840362 62.408001, -139.811323 62.398793, -139.782301 62.389579, -139.753297 62.380359, -139.724310 62.371133, -139.695342 62.361901, -139.666392 62.352663, -139.637459 62.343419, -139.608544 62.334168, -139.579647 62.324912, -139.550768 62.315650, -139.521906 62.306382, -139.493062 62.297108, -139.464237 62.287828, -139.435428 62.278542, -139.406638 62.269250, -139.377866 62.259952, -139.349111 62.250648, -139.320374 62.241338, -139.291654 62.232023, -139.262953 62.222701, -139.234269 62.213373, -139.205603 62.204040, -139.176954 62.194701, -139.148323 62.185355, -139.119710 62.176004, -139.091115 62.166647, -139.062538 62.157284, -139.033978 62.147915, -139.005435 62.138540, -138.976911 62.129159, -138.948404 62.119773, -138.919914 62.110380, -138.891443 62.100982, -138.862989 62.091578, -138.834552 62.082168, -138.806134 62.072753, -138.777733 62.063331, -138.749349 62.053904, -138.720983 62.044470, -138.692635 62.035031, -138.664304 62.025586, -138.635991 62.016136, -138.607696 62.006679, -138.579418 61.997217, -138.551157 61.987749, -138.522914 61.978275, -138.494689 61.968796, -138.466481 61.959310, -138.438291 61.949819, -138.410118 61.940323, -138.381963 61.930820, -138.353826 61.921312, -138.325705 61.911798, -138.297603 61.902278, -138.269518 61.892752, -138.241450 61.883221, -138.213400 61.873684, -138.185367 61.864141, -138.157352 61.854593, -138.129354 61.845039, -138.101374 61.835479, -138.073411 61.825914, -138.045465 61.816343, -138.017537 61.806766, -137.989626 61.797184, -137.961733 61.787596, -137.933857 61.778002, -137.905999 61.768403, -137.878158 61.758798, -137.850334 61.749187, -137.822528 61.739571, -137.794739 61.729949, -137.766967 61.720321, -137.739213 61.710688, -137.711476 61.701049, -137.683757 61.691405, -137.656054 61.681755, -137.628369 61.672099, -137.600702 61.662438, -137.573051 61.652772, -137.545418 61.643099, -137.517803 61.633422, -137.490204 61.623738, -137.462623 61.614049, -137.435059 61.604355, -137.407512 61.594655, -137.379983 61.584949, -137.352471 61.575238, -137.324976 61.565521, -137.297498 61.555799, -137.270037 61.546071, -137.242594 61.536338, -137.215168 61.526600, -137.187759 61.516855, -137.160367 61.507106, -137.132993 61.497351, -137.105635 61.487590, -137.078295 61.477824, -137.050972 61.468052, -137.023666 61.458275, -136.996377 61.448493, -136.969105 61.438705, -136.941851 61.428911, -136.914613 61.419112, -136.887393 61.409308, -136.860190 61.399498, -136.833003 61.389683, -136.805834 61.379863, -136.778682 61.370037, -136.751547 61.360205, -136.724429 61.350368, -136.697328 61.340526, -136.670244 61.330679, -136.643178 61.320826, -136.616128 61.310967, -136.589095 61.301104, -136.562079 61.291234, -136.535080 61.281360, -136.508098 61.271480, -136.481133 61.261595, -136.454186 61.251704, -136.427255 61.241809, -136.400341 61.231907, -136.373444 61.222001, -136.346563 61.212089, -136.319700 61.202172, -136.292854 61.192249, -136.266025 61.182322, -136.239212 61.172389, -136.212416 61.162450, -136.185638 61.152506, -136.158876 61.142557, -136.132131 61.132603, -136.105403 61.122644, -136.078692 61.112679, -136.051997 61.102709, -136.025320 61.092734, -135.998659 61.082753, -135.972015 61.072767, -135.945388 61.062776, -135.918777 61.052780, -135.892184 61.042778, -135.865607 61.032772, -135.839047 61.022760, -135.812504 61.012742, -135.785977 61.002720, -135.759467 60.992692, -135.732974 60.982660, -135.706498 60.972622, -135.680038 60.962578, -135.653596 60.952530, -135.627169 60.942477, -135.600760 60.932418, -135.574367 60.922354, -135.547991 60.912285, -135.521631 60.902211, -135.495289 60.892131, -135.468962 60.882047, -135.442653 60.871957, -135.416360 60.861863, -135.390084 60.851763, -135.363824 60.841658, -135.337581 60.831548, -135.311354 60.821432, -135.285144 60.811312, -135.258951 60.801187, -135.232774 60.791056, -135.206614 60.780920, -135.180470 60.770780, -135.154343 60.760634, -135.128233 60.750483, -135.102139 60.740327, -135.076061 60.730166, -135.050000 60.720000, -135.019084 60.713862, -134.988180 60.707717, -134.957288 60.701565, -134.926408 60.695406, -134.895539 60.689240, -134.864683 60.683067, -134.833838 60.676887, -134.803005 60.670699, -134.772184 60.664505, -134.741374 60.658303, -134.710577 60.652094, -134.679792 60.645879, -134.649018 60.639656, -134.618256 60.633426, -134.587506 60.627189, -134.556768 60.620945, -134.526042 60.614694, -134.495328 60.608436, -134.464626 60.602171, -134.433936 60.595899, -134.403257 60.589620, -134.372591 60.583334, -134.341936 60.577040, -134.311294 60.570740, -134.280663 60.564433, -134.250045 60.558119, -134.219438 60.551797, -134.188843 60.545469, -134.158261 60.539134, -134.127690 60.532792, -134.097131 60.526443, -134.066584 60.520086, -134.036049 60.513723, -134.005527 60.507353, -133.975016 60.500976, -133.944517 60.494592, -133.914030 60.488201, -133.883555 60.481803, -133.853093 60.475398, -133.822642 60.468986, -133.792203 60.462568, -133.761777 60.456142, -133.731362 60.449709, -133.700960 60.443270, -133.670569 60.436823, -133.640191 60.430370, -133.609824 60.423909, -133.579470 60.417442, -133.549128 60.410968, -133.518798 60.404487, -133.488480 60.397999, -133.458174 60.391504, -133.427880 60.385003, -133.397598 60.378494, -133.367329 60.371979, -133.337071 60.365457, -133.306826 60.358927, -133.276592 60.352391, -133.246371 60.345848, -133.216162 60.339299, -133.185965 60.332742, -133.155780 60.326179, -133.125608 60.319608, -133.095447 60.313031, -133.065299 60.306447, -133.035163 60.299857, -133.005038 60.293259, -132.974927 60.286655, -132.944827 60.280044, -132.914739 60.273426, -132.884664 60.266801, -132.854601 60.260169, -132.824550 60.253531, -132.794511 60.246886, -132.764484 60.240234, -132.734470 60.233575, -132.704468 60.226910, -132.674478 60.220237, -132.644500 60.213558, -132.614534 60.206873, -132.584581 60.200180, -132.554640 60.193481, -132.524711 60.186775, -132.494794 60.180062, -132.464890 60.173342, -132.434997 60.166616, -132.405117 60.159883, -132.375250 60.153143, -132.345394 60.146397, -132.315551 60.139644, -132.285720 60.132884, -132.255901 60.126117, -132.226095 60.119344, -132.196301 60.112564, -132.166519 60.105778, -132.136749 60.098984, -132.106992 60.092184, -132.077247 60.085378, -132.047514 60.078564, -132.017793 60.071744, -131.988085 60.064918, -131.958389 60.058084, -131.928706 60.051244, -131.899034 60.044398, -131.869375 60.037544, -131.839729 60.030684, -131.810094 60.023818, -131.780472 60.016945, -131.750863 60.010065, -131.721265 60.003178, -131.691680 59.996285, -131.662107 59.989386, -131.632547 59.982479, -131.602999 59.975567, -131.573463 59.968647, -131.543940 59.961721, -131.514429 59.954788, -131.484930 59.947849, -131.455444 59.940903, -131.425970 59.933951, -131.396508 59.926992, -131.367059 59.920026, -131.337622 59.913054, -131.308198 59.906076, -131.278785 59.899090, -131.249386 59.892099, -131.219998 59.885100, -131.190623 59.878095, -131.161261 59.871084, -131.131910 59.864066, -131.102573 59.857042, -131.073247 59.850011, -131.043934 59.842973, -131.014633 59.835929, -130.985345 59.828879, -130.956069 59.821822, -130.926806 59.814758, -130.897555 59.807688, -130.868316 59.800612, -130.839090 59.793529, -130.809876 59.786440, -130.780675 59.779344, -130.751486 59.772241, -130.722309 59.765132, -130.693145 59.758017, -130.663993 59.750895, -130.634854 59.743767, -130.605727 59.736632, -130.576613 59.729491, -130.547511 59.722344, -130.518421 59.715190, -130.489344 59.708029, -130.460279 59.700863, -130.431227 59.693689, -130.402187 59.686510, -130.373160 59.679324, -130.344145 59.672131, -130.315143 59.664932, -130.286153 59.657727, -130.257175 59.650515, -130.228210 59.643297, -130.199258 59.636073, -130.170318 59.628842, -130.141390 59.621605, -130.112475 59.614361, -130.083572 59.607111, -130.054682 59.599855, -130.025804 59.592592, -129.996939 59.585323, -129.968086 59.578048, -129.939246 59.570766, -129.910418 59.563478, -129.881603 59.556184, -129.852800 59.548883, -129.824010 59.541576, -129.795232 59.534263, -129.766466 59.526943, -129.737714 59.519617, -129.708973 59.512285, -129.680245 59.504947, -129.651530 59.497602, -129.622827 59.490251, -129.594137 59.482893, -129.565459 59.475529, -129.536793 59.468160, -129.508140 59.460783, -129.479500 59.453401, -129.450872 59.446012, -129.422257 59.438617, -129.393654 59.431216, -129.365064 59.423808, -129.336486 59.416394, -129.307921 59.408974, -129.279368 59.401548, -129.250828 59.394115, -129.222300 59.386677, -129.193785 59.379232, -129.165282 59.371781, -129.136792 59.364323, -129.108314 59.356860, -129.079849 59.349390, -129.051396 59.341914, -129.022956 59.334432, -128.994529 59.326943, -128.966114 59.319449, -128.937711 59.311948, -128.909321 59.304441, -128.880944 59.296928, -128.852579 59.289409, -128.824227 59.281883, -128.795887 59.274352, -128.767560 59.266814, -128.739245 59.259270, -128.710943 59.251720, -128.682653 59.244164, -128.654376 59.236602, -128.626112 59.229033, -128.597860 59.221459, -128.569620 59.213878, -128.541393 59.206291, -128.513179 59.198698, -128.484977 59.191099, -128.456788 59.183494, -128.428611 59.175883, -128.400447 59.168265, -128.372295 59.160642, -128.344156 59.153012, -128.316030 59.145377, -128.287916 59.137735, -128.259814 59.130088, -128.231725 59.122434, -128.203649 59.114774, -128.175585 59.107108, -128.147534 59.099436, -128.119495 59.091758, -128.091469 59.084074, -128.063456 59.076384, -128.035455 59.068688, -128.007466 59.060985, -127.979490 59.053277, -127.951527 59.045563, -127.923576 59.037843, -127.895638 59.030117, -127.867712 59.022384, -127.839799 59.014646, -127.811899 59.006902, -127.784011 58.999152, -127.756135 58.991395, -127.728272 58.983633, -127.700422 58.975865, -127.672584 58.968091, -127.644759 58.960311, -127.616946 58.952524, -127.589146 58.944732, -127.561359 58.936934, -127.533584 58.929130, -127.505821 58.921320, -127.478071 58.913504, -127.450334 58.905683, -127.422609 58.897855, -127.394897 58.890021, -127.367198 58.882181, -127.339511 58.874336, -127.311836 58.866484, -127.284174 58.858627, -127.256525 58.850764, -127.228888 58.842895, -127.201264 58.835020, -127.173652 58.827139, -127.146053 58.819252, -127.118466 58.811359, -127.090892 58.803460, -127.063331 58.795556, -127.035782 58.787645, -127.008245 58.779729, -126.980722 58.771807, -126.953210 58.763879, -126.925712 58.755945, -126.898225 58.748005, -126.870752 58.740060, -126.843291 58.732109, -126.815842 58.724151, -126.788406 58.716188, -126.760983 58.708219, -126.733572 58.700245, -126.706174 58.692264, -126.678788 58.684278, -126.651415 58.676286, -126.624054 58.668288, -126.596706 58.660284, -126.569371 58.652274, -126.542048 58.644259, -126.514737 58.636238, -126.487440 58.628211, -126.460154 58.620178, -126.432881 58.612140, -126.405621 58.604096, -126.378373 58.596046, -126.351138 58.587990, -126.323916 58.579929, -126.296706 58.571861, -126.269508 58.563788, -126.242323 58.555710, -126.215151 58.547625, -126.187991 58.539535, -126.160843 58.531439, -126.133708 58.523337, -126.106586 58.515230, -126.079476 58.507117, -126.052379 58.498998, -126.025294 58.490873, -125.998222 58.482743, -125.971163 58.474607, -125.944115 58.466466, -125.917081 58.458318, -125.890059 58.450165, -125.863049 58.442007, -125.836052 58.433842, -125.809068 58.425672, -125.782096 58.417497, -125.755136 58.409315, -125.728189 58.401128, -125.701255 58.392936, -125.674333 58.384737, -125.647424 58.376533, -125.620527 58.368324, -125.593643 58.360109, -125.566771 58.351888, -125.539912 58.343661, -125.513065 58.335429, -125.486230 58.327191, -125.459409 58.318948, -125.432599 58.310699, -125.405803 58.302445, -125.379018 58.294184, -125.352247 58.285919, -125.325487 58.277647, -125.298741 58.269370, -125.272006 58.261088, -125.245285 58.252800, -125.218575 58.244506, -125.191879 58.236207, -125.165194 58.227902, -125.138522 58.219592, -125.111863 58.211276, -125.085216 58.202954, -125.058582 58.194627, -125.031960 58.186295, -125.005351 58.177957, -124.978754 58.169613, -124.952170 58.161264, -124.925598 58.152909, -124.899038 58.144549, -124.872491 58.136183, -124.845957 58.127812, -124.819435 58.119435, -124.792925 58.111053, -124.766428 58.102665, -124.739943 58.094272, -124.713471 58.085873, -124.687012 58.077469, -124.660564 58.069060, -124.634130 58.060644, -124.607707 58.052224, -124.581297 58.043798, -124.554900 58.035366, -124.528515 58.026929, -124.502143 58.018487, -124.475782 58.010039, -124.449435 58.001585, -124.423100 57.993126, -124.396777 57.984662, -124.370467 57.976192, -124.344169 57.967717, -124.317883 57.959237, -124.291610 57.950751, -124.265350 57.942259, -124.239102 57.933763, -124.212866 57.925260, -124.186643 57.916753, -124.160432 57.908240, -124.134234 57.899721, -124.108048 57.891198, -124.081874 57.882668, -124.055713 57.874134, -124.029564 57.865594, -124.003428 57.857049, -123.977304 57.848498, -123.951192 57.839942, -123.925093 57.831380, -123.899006 57.822814, -123.872932 57.814242, -123.846870 57.805664, -123.820821 57.797081, -123.794784 57.788493, -123.768759 57.779900, -123.742746 57.771301, -123.716746 57.762697, -123.690759 57.754087, -123.664784 57.745473, -123.638821 57.736853, -123.612870 57.728227, -123.586932 57.719596, -123.561007 57.710960, -123.535093 57.702319, -123.509192 57.693673, -123.483304 57.685021, -123.457427 57.676364, -123.431563 57.667701, -123.405712 57.659033, -123.379873 57.650361, -123.354046 57.641682, -123.328231 57.632999, -123.302429 57.624310, -123.276640 57.615616, -123.250862 57.606917, -123.225097 57.598212, -123.199344 57.589503, -123.173604 57.580788, -123.147876 57.572067, -123.122160 57.563342, -123.096456 57.554611, -123.070765 57.545876, -123.045086 57.537134, -123.019420 57.528388, -122.993766 57.519637, -122.968124 57.510880, -122.942494 57.502118, -122.916877 57.493351, -122.891272 57.484579, -122.865679 57.475801, -122.840099 57.467019, -122.814531 57.458231, -122.788975 57.449438, -122.763432 57.440640, -122.737901 57.431836, -122.712382 57.423028, -122.686875 57.414214, -122.661381 57.405396, -122.635899 57.396572, -122.610429 57.387743, -122.584971 57.378908, -122.559526 57.370069, -122.534093 57.361225, -122.508672 57.352375, -122.483264 57.343520, -122.457867 57.334661, -122.432483 57.325796, -122.407112 57.316926, -122.381752 57.308050, -122.356405 57.299170, -122.331070 57.290285, -122.305747 57.281394, -122.280437 57.272499, -122.255138 57.263598, -122.229852 57.254693, -122.204578 57.245782, -122.179317 57.236866, -122.154067 57.227945, -122.128830 57.219019, -122.103605 57.210088, -122.078392 57.201152, -122.053192 57.192211, -122.028003 57.183265, -122.002827 57.174314, -121.977663 57.165357, -121.952511 57.156396, -121.927372 57.147430, -121.902244 57.138458, -121.877129 57.129482, -121.852026 57.120501, -121.826935 57.111514, -121.801856 57.102523, -121.776790 57.093527, -121.751735 57.084525, -121.726693 57.075519, -121.701663 57.066508, -121.676645 57.057491, -121.651639 57.048470, -121.626646 57.039444, -121.601664 57.030412, -121.576695 57.021376, -121.551738 57.012335, -121.526793 57.003289, -121.501860 56.994237, -121.476939 56.985181, -121.452030 56.976120, -121.427134 56.967054, -121.402249 56.957983, -121.377377 56.948907, -121.352517 56.939827, -121.327669 56.930741, -121.302833 56.921650, -121.278009 56.912555, -121.253197 56.903454, -121.228397 56.894349, -121.203610 56.885238, -121.178834 56.876123, -121.154071 56.867003, -121.129319 56.857878, -121.104580 56.848748, -121.079853 56.839613, -121.055138 56.830474, -121.030434 56.821329, -121.005743 56.812180, -120.981064 56.803025, -120.956397 56.793866, -120.931743 56.784702, -120.907100 56.775533, -120.882469 56.766359, -120.857850 56.757181, -120.833243 56.747997, -120.808649 56.738809, -120.784066 56.729616, -120.759495 56.720418, -120.734937 56.711215, -120.710390 56.702007, -120.685856 56.692795, -120.661333 56.683578, -120.636822 56.674356, -120.612324 56.665129, -120.587837 56.655897, -120.563363 56.646660, -120.538900 56.637419, -120.514450 56.628173, -120.490011 56.618922, -120.465584 56.609666, -120.441170 56.600406, -120.416767 56.591141, -120.392376 56.581871, -120.367997 56.572596, -120.343630 56.563316, -120.319276 56.554032, -120.294933 56.544743, -120.270602 56.535449, -120.246283 56.526150, -120.221975 56.516847, -120.197680 56.507539, -120.173397 56.498226, -120.149126 56.488909, -120.124866 56.479586, -120.100619 56.470259, -120.076383 56.460928, -120.052160 56.451591, -120.027948 56.442250, -120.003748 56.432904, -119.979560 56.423553, -119.955384 56.414198, -119.931220 56.404838, -119.907068 56.395474, -119.882927 56.386104, -119.858799 56.376730, -119.834682 56.367351, -119.810577 56.357968, -119.786484 56.348580, -119.762403 56.339187, -119.738334 56.329790, -119.714277 56.320388, -119.690231 56.310981, -119.666198 56.301569, -119.642176 56.292153, -119.618166 56.282733, -119.594168 56.273307, -119.570181 56.263877, -119.546207 56.254443, -119.522244 56.245003, -119.498293 56.235560, -119.474354 56.226111, -119.450427 56.216658, -119.426511 56.207200, -119.402608 56.197738, -119.378716 56.188271, -119.354836 56.178799, -119.330968 56.169323, -119.307111 56.159842, -119.283266 56.150357, -119.259433 56.140867, -119.235612 56.131372, -119.211803 56.121873, -119.188005 56.112370, -119.164219 56.102861, -119.140445 56.093349, -119.116683 56.083831, -119.092932 56.074309, -119.069193 56.064783, -119.045466 56.055252, -119.021750 56.045716, -118.998047 56.036176, -118.974354 56.026631, -118.950674 56.017082, -118.927006 56.007528, -118.903349 55.997970, -118.879703 55.988407, -118.856070 55.978840, -118.832448 55.969268, -118.808838 55.959691, -118.785239 55.950111, -118.761653 55.940525, -118.738078 55.930935, -118.714514 55.921341, -118.690962 55.911742, -118.667422 55.902139, -118.643894 55.892531, -118.620377 55.882918, -118.596872 55.873301, -118.573378 55.863680, -118.549896 55.854054, -118.526426 55.844424, -118.502968 55.834789, -118.479521 55.825150, -118.456085 55.815507, -118.432661 55.805858, -118.409249 55.796206, -118.385849 55.786549, -118.362460 55.776888, -118.339083 55.767222, -118.315717 55.757551, -118.292363 55.747877, -118.269020 55.738197, -118.245689 55.728514, -118.222370 55.718826, -118.199062 55.709133, -118.175765 55.699437, -118.152481 55.689735, -118.129208 55.680030, -118.105946 55.670320, -118.082696 55.660605, -118.059457 55.650886, -118.036230 55.641163, -118.013015 55.631436, -117.989811 55.621704, -117.966618 55.611967, -117.943437 55.602227, -117.920268 55.592481, -117.897110 55.582732, -117.873964 55.572978, -117.850829 55.563220, -117.827705 55.553457, -117.804594 55.543691, -117.781493 55.533919, -117.758404 55.524144, -117.735327 55.514364, -117.712261 55.504580, -117.689206 55.494791, -117.666163 55.484998, -117.643131 55.475201, -117.620111 55.465399, -117.597102 55.455593, -117.574105 55.445783, -117.551119 55.435969, -117.528145 55.426150, -117.505182 55.416327, -117.482230 55.406499, -117.459290 55.396668, -117.436361 55.386832, -117.413444 55.376991, -117.390538 55.367147, -117.367643 55.357298, -117.344760 55.347445, -117.321888 55.337587, -117.299028 55.327726, -117.276179 55.317860, -117.253341 55.307990, -117.230515 55.298115, -117.207700 55.288236, -117.184897 55.278354, -117.162104 55.268466, -117.139323 55.258575, -117.116554 55.248679, -117.093796 55.238779, -117.071049 55.228875, -117.048313 55.218967, -117.025589 55.209054, -117.002876 55.199137, -116.980175 55.189216, -116.957484 55.179291, -116.934805 55.169362, -116.912138 55.159428, -116.889481 55.149490, -116.866836 55.139548, -116.844202 55.129602, -116.821580 55.119651, -116.798969 55.109697, -116.776369 55.099738, -116.753780 55.089775, -116.731202 55.079807, -116.708636 55.069836, -116.686081 55.059861, -116.663537 55.049881, -116.641005 55.039897, -116.618483 55.029909, -116.595973 55.019917, -116.573475 55.009920, -116.550987 54.999920, -116.528511 54.989915, -116.506045 54.979907, -116.483591 54.969894, -116.461149 54.959877, -116.438717 54.949855, -116.416296 54.939830, -116.393887 54.929801, -116.371489 54.919767, -116.349102 54.909730, -116.326726 54.899688, -116.304362 54.889642, -116.282008 54.879592, -116.259666 54.869538, -116.237335 54.859480, -116.215015 54.849417, -116.192706 54.839351, -116.170408 54.829281, -116.148122 54.819206, -116.125846 54.809127, -116.103582 54.799045, -116.081329 54.788958, -116.059086 54.778867, -116.036855 54.768772, -116.014635 54.758673, -115.992426 54.748570, -115.970229 54.738463, -115.948042 54.728352, -115.925866 54.718237, -115.903702 54.708118, -115.881548 54.697994, -115.859405 54.687867, -115.837274 54.677736, -115.815154 54.667600, -115.793044 54.657461, -115.770946 54.647317, -115.748859 54.637170, -115.726782 54.627018, -115.704717 54.616863, -115.682663 54.606704, -115.660620 54.596540, -115.638587 54.586373, -115.616566 54.576201, -115.594556 54.566026, -115.572557 54.555846, -115.550568 54.545663, -115.528591 54.535475, -115.506625 54.525284, -115.484669 54.515088, -115.462725 54.504889, -115.440791 54.494686, -115.418869 54.484478, -115.396957 54.474267, -115.375057 54.464052, -115.353167 54.453832, -115.331288 54.443609, -115.309420 54.433382, -115.287564 54.423151, -115.265718 54.412916, -115.243882 54.402677, -115.222058 54.392434, -115.200245 54.382188, -115.178443 54.371937, -115.156651 54.361682, -115.134870 54.351424, -115.113101 54.341161, -115.091342 54.330895, -115.069594 54.320624, -115.047856 54.310350, -115.026130 54.300072, -115.004415 54.289790, -114.982710 54.279504, -114.961016 54.269214, -114.939333 54.258920, -114.917661 54.248623, -114.896000 54.238321, -114.874349 54.228016, -114.852709 54.217706, -114.831080 54.207393, -114.809462 54.197076, -114.787855 54.186755, -114.766259 54.176431, -114.744673 54.166102, -114.723098 54.155769, -114.701534 54.145433, -114.679980 54.135093, -114.658438 54.124749, -114.636906 54.114401, -114.615384 54.104049, -114.593874 54.093694, -114.572374 54.083334, -114.550885 54.072971, -114.529407 54.062604, -114.507940 54.052233, -114.486483 54.041859, -114.465037 54.031480, -114.443601 54.021098, -114.422177 54.010712, -114.400763 54.000322, -114.379359 53.989928, -114.357967 53.979530, -114.336585 53.969129, -114.315214 53.958724, -114.293853 53.948315, -114.272503 53.937902, -114.251164 53.927486, -114.229835 53.917066, -114.208517 53.906642, -114.187210 53.896214, -114.165913 53.885782, -114.144627 53.875347, -114.123352 53.864908, -114.102087 53.854465, -114.080833 53.844018, -114.059589 53.833568, -114.038356 53.823114, -114.017134 53.812656, -113.995922 53.802194, -113.974720 53.791729, -113.953530 53.781260, -113.932350 53.770787, -113.911180 53.760310, -113.890021 53.749830, -113.868873 53.739346, -113.847735 53.728858, -113.826608 53.718367, -113.805491 53.707871, -113.784385 53.697372, -113.763289 53.686870, -113.742204 53.676364, -113.721129 53.665853, -113.700065 53.655340, -113.679011 53.644822, -113.657968 53.634301, -113.636935 53.623776, -113.615913 53.613248, -113.594901 53.602716, -113.573900 53.592180, -113.552909 53.581641, -113.531929 53.571097, -113.510959 53.560551, -113.490000 53.550000, -113.463265 53.546241, -113.436536 53.542477, -113.409810 53.538706, -113.383090 53.534930, -113.356375 53.531147, -113.329664 53.527359, -113.302958 53.523565, -113.276257 53.519764, -113.249560 53.515958, -113.222868 53.512146, -113.196182 53.508328, -113.169500 53.504504, -113.142822 53.500674, -113.116150 53.496838, -113.089483 53.492996, -113.062820 53.489148, -113.036162 53.485294, -113.009509 53.481434, -112.982861 53.477569, -112.956217 53.473697, -112.929579 53.469820, -112.902945 53.465936, -112.876317 53.462047, -112.849693 53.458152, -112.823074 53.454251, -112.796460 53.450344, -112.769851 53.446431, -112.743247 53.442512, -112.716647 53.438587, -112.690053 53.434656, -112.663463 53.430720, -112.636879 53.426777, -112.610299 53.422829, -112.583725 53.418874, -112.557155 53.414914, -112.530590 53.410948, -112.504030 53.406976, -112.477475 53.402998, -112.450926 53.399014, -112.424381 53.395025, -112.397841 53.391029, -112.371306 53.387028, -112.344776 53.383020, -112.318251 53.379007, -112.291731 53.374988, -112.265216 53.370963, -112.238706 53.366932, -112.212201 53.362895, -112.185701 53.358853, -112.159206 53.354804, -112.132717 53.350750, -112.106232 53.346690, -112.079752 53.342624, -112.053277 53.338552, -112.026808 53.334474, -112.000343 53.330391, -111.973884 53.326301, -111.947429 53.322206, -111.920980 53.318105, -111.894536 53.313998, -111.868097 53.309885, -111.841663 53.305766, -111.815234 53.301642, -111.788810 53.297511, -111.762391 53.293375, -111.735977 53.289233, -111.709569 53.285085, -111.683166 53.280931, -111.656767 53.276772, -111.630374 53.272606, -111.603986 53.268435, -111.577604 53.264258, -111.551226 53.260075, -111.524853 53.255886, -111.498486 53.251692, -111.472124 53.247492, -111.445767 53.243285, -111.419415 53.239074, -111.393069 53.234856, -111.366727 53.230632, -111.340391 53.226403, -111.314060 53.222168, -111.287735 53.217927, -111.261414 53.213680, -111.235099 53.209427, -111.208789 53.205169, -111.182484 53.200905, -111.156184 53.196635, -111.129890 53.192359, -111.103601 53.188078, -111.077317 53.183790, -111.051038 53.179497, -111.024765 53.175198, -110.998497 53.170894, -110.972234 53.166583, -110.945976 53.162267, -110.919724 53.157945, -110.893477 53.153617, -110.867235 53.149284, -110.840999 53.144945, -110.814768 53.140600, -110.788542 53.136249, -110.762322 53.131892, -110.736107 53.127530, -110.709897 53.123162, -110.683692 53.118788, -110.657493 53.114408, -110.631299 53.110023, -110.605111 53.105632, -110.578928 53.101235, -110.552750 53.096832, -110.526578 53.092424, -110.500411 53.088010, -110.474249 53.083590, -110.448093 53.079165, -110.421942 53.074733, -110.395796 53.070296, -110.369656 53.065854, -110.343522 53.061405, -110.317392 53.056951, -110.291268 53.052491, -110.265150 53.048025, -110.239037 53.043554, -110.212929 53.039077, -110.186827 53.034594, -110.160730 53.030106, -110.134639 53.025612, -110.108553 53.021112, -110.082472 53.016606, -110.056397 53.012095, -110.030328 53.007578, -110.004264 53.003055, -109.978205 52.998527, -109.952152 52.993993, -109.926104 52.989453, -109.900062 52.984907, -109.874025 52.980356, -109.847994 52.975799, -109.821968 52.971237, -109.795948 52.966668, -109.769933 52.962095, -109.743924 52.957515, -109.717920 52.952930, -109.691922 52.948339, -109.665929 52.943742, -109.639942 52.939140, -109.613960 52.934532, -109.587984 52.929918, -109.562013 52.925299, -109.536048 52.920674, -109.510089 52.916043, -109.484135 52.911407, -109.458186 52.906765, -109.432244 52.902118, -109.406306 52.897464, -109.380375 52.892806, -109.354449 52.888141, -109.328528 52.883471, -109.302613 52.878795, -109.276704 52.874114, -109.250800 52.869427, -109.224902 52.864734, -109.199009 52.860036, -109.173122 52.855332, -109.147241 52.850622, -109.121365 52.845907, -109.095495 52.841186, -109.069631 52.836460, -109.043772 52.831727, -109.017919 52.826990, -108.992071 52.822246, -108.966229 52.817498, -108.940393 52.812743, -108.914563 52.807983, -108.888738 52.803217, -108.862918 52.798446, -108.837105 52.793669, -108.811297 52.788886, -108.785495 52.784098, -108.759698 52.779304, -108.733907 52.774505, -108.708122 52.769700, -108.682342 52.764889, -108.656569 52.760073, -108.630801 52.755252, -108.605038 52.750424, -108.579281 52.745591, -108.553531 52.740753, -108.527785 52.735909, -108.502046 52.731059, -108.476312 52.726204, -108.450584 52.721344, -108.424862 52.716477, -108.399145 52.711605, -108.373434 52.706728, -108.347729 52.701845, -108.322030 52.696956, -108.296336 52.692062, -108.270648 52.687163, -108.244966 52.682258, -108.219290 52.677347, -108.193620 52.672430, -108.167955 52.667509, -108.142296 52.662581, -108.116643 52.657648, -108.090995 52.652710, -108.065354 52.647766, -108.039718 52.642816, -108.014088 52.637861, -107.988464 52.632901, -107.962846 52.627935, -107.937233 52.622963, -107.911627 52.617986, -107.886026 52.613003, -107.860431 52.608015, -107.834841 52.603021, -107.809258 52.598022, -107.783681 52.593017, -107.758109 52.588007, -107.732543 52.582991, -107.706983 52.577970, -107.681429 52.572943, -107.655881 52.567911, -107.630338 52.562873, -107.604802 52.557830, -107.579271 52.552781, -107.553746 52.547727, -107.528228 52.542667, -107.502715 52.537602, -107.477207 52.532531, -107.451706 52.527455, -107.426211 52.522374, -107.400721 52.517286, -107.375238 52.512194, -107.349760 52.507096, -107.324289 52.501992, -107.298823 52.496883, -107.273363 52.491769, -107.247909 52.486649, -107.222461 52.481523, -107.197019 52.476393, -107.171583 52.471256, -107.146153 52.466114, -107.120728 52.460967, -107.095310 52.455815, -107.069898 52.450656, -107.044491 52.445493, -107.019091 52.440324, -106.993696 52.435149, -106.968308 52.429970, -106.942925 52.424784, -106.917549 52.419594, -106.892178 52.414397, -106.866814 52.409196, -106.841455 52.403989, -106.816102 52.398776, -106.790756 52.393558, -106.765415 52.388335, -106.740080 52.383106, -106.714752 52.377872, -106.689429 52.372633, -106.664112 52.367388, -106.638802 52.362137, -106.613497 52.356882, -106.588199 52.351620, -106.562906 52.346354, -106.537620 52.341082, -106.512339 52.335805, -106.487065 52.330522, -106.461796 52.325234, -106.436534 52.319940, -106.411278 52.314641, -106.386027 52.309337, -106.360783 52.304027, -106.335545 52.298712, -106.310313 52.293392, -106.285087 52.288066, -106.259867 52.282735, -106.234653 52.277398, -106.209445 52.272056, -106.184243 52.266709, -106.159048 52.261356, -106.133858 52.255998, -106.108674 52.250635, -106.083497 52.245266, -106.058326 52.239892, -106.033161 52.234512, -106.008001 52.229127, -105.982848 52.223737, -105.957702 52.218342, -105.932561 52.212941, -105.907426 52.207535, -105.882298 52.202123, -105.857175 52.196706, -105.832059 52.191284, -105.806949 52.185857, -105.781845 52.180424, -105.756747 52.174986, -105.731655 52.169542, -105.706569 52.164093, -105.681490 52.158639, -105.656416 52.153180, -105.631349 52.147715, -105.606288 52.142245, -105.581233 52.136769, -105.556185 52.131289, -105.531142 52.125803, -105.506106 52.120311, -105.481076 52.114815, -105.456052 52.109313, -105.431034 52.103806, -105.406022 52.098293, -105.381017 52.092775, -105.356017 52.087252, -105.331024 52.081724, -105.306037 52.076190, -105.281057 52.070651, -105.256082 52.065107, -105.231114 52.059558, -105.206152 52.054003, -105.181196 52.048443, -105.156246 52.042878, -105.131303 52.037307, -105.106365 52.031731, -105.081434 52.026150, -105.056509 52.020564, -105.031591 52.014972, -105.006679 52.009375, -104.981772 52.003773, -104.956873 51.998166, -104.931979 51.992553, -104.907092 51.986935, -104.882210 51.981312, -104.857335 51.975684, -104.832467 51.970050, -104.807604 51.964411, -104.782748 51.958767, -104.757898 51.953118, -104.733055 51.947463, -104.708217 51.941803, -104.683386 51.936138, -104.658562 51.930468, -104.633743 51.924793, -104.608931 51.919112, -104.584125 51.913426, -104.559325 51.907735, -104.534532 51.902039, -104.509745 51.896337, -104.484964 51.890631, -104.460189 51.884919, -104.435421 51.879202, -104.410659 51.873479, -104.385904 51.867752, -104.361154 51.862019, -104.336411 51.856281, -104.311675 51.850538, -104.286944 51.844790, -104.262220 51.839037, -104.237503 51.833278, -104.212791 51.827514, -104.188086 51.821745, -104.163387 51.815971, -104.138695 51.810192, -104.114009 51.804407, -104.089329 51.798618, -104.064656 51.792823, -104.039989 51.787023, -104.015328 51.781218, -103.990673 51.775407, -103.966025 51.769592, -103.941384 51.763771, -103.916748 51.757945, -103.892120 51.752114, -103.867497 51.746278, -103.842881 51.740437, -103.818271 51.734591, -103.793667 51.728739, -103.769070 51.722883, -103.744479 51.717021, -103.719895 51.711154, -103.695317 51.705282, -103.670746 51.699405, -103.646180 51.693523, -103.621621 51.687635, -103.597069 51.681743, -103.572523 51.675845, -103.547983 51.669942, -103.523450 51.664035, -103.498923 51.658122, -103.474403 51.652204, -103.449889 51.646280, -103.425381 51.640352, -103.400880 51.634419, -103.376385 51.628480, -103.351897 51.622537, -103.327415 51.616588, -103.302939 51.610634, -103.278470 51.604675, -103.254007 51.598711, -103.229551 51.592742, -103.205101 51.586768, -103.180658 51.580789, -103.156221 51.574805, -103.131790 51.568816, -103.107366 51.562821, -103.082948 51.556822, -103.058537 51.550817, -103.034132 51.544808, -103.009734 51.538793, -102.985342 51.532773, -102.960956 51.526749, -102.936577 51.520719, -102.912205 51.514684, -102.887839 51.508644, -102.863479 51.502599, -102.839126 51.496549, -102.814779 51.490494, -102.790439 51.484434, -102.766105 51.478369, -102.741778 51.472299, -102.717457 51.466223, -102.693143 51.460143, -102.668835 51.454058, -102.644534 51.447968, -102.620239 51.441872, -102.595951 51.435772, -102.571669 51.429667, -102.547393 51.423556, -102.523125 51.417441, -102.498862 51.411321, -102.474606 51.405195, -102.450357 51.399065, -102.426114 51.392930, -102.401877 51.386789, -102.377648 51.380644, -102.353424 51.374493, -102.329207 51.368338, -102.304997 51.362178, -102.280793 51.356012, -102.256596 51.349842, -102.232405 51.343667, -102.208221 51.337486, -102.184043 51.331301, -102.159872 51.325111, -102.135707 51.318916, -102.111549 51.312715, -102.087397 51.306510, -102.063252 51.300300, -102.039113 51.294085, -102.014981 51.287865, -101.990856 51.281640, -101.966737 51.275410, -101.942624 51.269175, -101.918518 51.262935, -101.894419 51.256690, -101.870326 51.250441, -101.846240 51.244186, -101.822160 51.237926, -101.798087 51.231662, -101.774021 51.225392, -101.749961 51.219118, -101.725907 51.212838, -101.701860 51.206554, -101.677820 51.200265, -101.653786 51.193970, -101.629759 51.187671, -101.605738 51.181367, -101.581724 51.175058, -101.557717 51.168745, -101.533716 51.162426, -101.509722 51.156102, -101.485734 51.149773, -101.461753 51.143440, -101.437778 51.137102, -101.413810 51.130758, -101.389849 51.124410, -101.365894 51.118057, -101.341945 51.111699, -101.318004 51.105336, -101.294069 51.098968, -101.270140 51.092596, -101.246218 51.086218, -101.222303 51.079836, -101.198394 51.073449, -101.174492 51.067056, -101.150597 51.060659, -101.126708 51.054258, -101.102826 51.047851, -101.078950 51.041439, -101.055081 51.035023, -101.031219 51.028601, -101.007363 51.022175, -100.983514 51.015744, -100.959671 51.009308, -100.935835 51.002867, -100.912006 50.996422, -100.888183 50.989971, -100.864367 50.983516, -100.840558 50.977056, -100.816755 50.970591, -100.792958 50.964121, -100.769169 50.957646, -100.745386 50.951167, -100.721610 50.944682, -100.697840 50.938193, -100.674077 50.931699, -100.650320 50.925201, -100.626571 50.918697, -100.602828 50.912189, -100.579091 50.905675, -100.555361 50.899157, -100.531638 50.892634, -100.507921 50.886107, -100.484211 50.879574, -100.460508 50.873037, -100.436812 50.866495, -100.413122 50.859948, -100.389438 50.853396, -100.365762 50.846840, -100.342092 50.840279, -100.318428 50.833713, -100.294772 50.827142, -100.271122 50.820566, -100.247478 50.813986, -100.223842 50.807401, -100.200212 50.800811, -100.176588 50.794216, -100.152972 50.787617, -100.129362 50.781012, -100.105758 50.774403, -100.082161 50.767790, -100.058571 50.761171, -100.034988 50.754548, -100.011411 50.747920, -99.987842 50.741287, -99.964278 50.734650, -99.940722 50.728007, -99.917172 50.721360, -99.893628 50.714708, -99.870092 50.708052, -99.846562 50.701391, -99.823039 50.694725, -99.799522 50.688054, -99.776012 50.681379, -99.752509 50.674698, -99.729013 50.668014, -99.705523 50.661324, -99.682040 50.654630, -99.658564 50.647931, -99.635094 50.641227, -99.611631 50.634518, -99.588175 50.627805, -99.564725 50.621087, -99.541282 50.614365, -99.517846 50.607637, -99.494417 50.600905, -99.470994 50.594169, -99.447578 50.587427, -99.424168 50.580681, -99.400766 50.573930, -99.377370 50.567175, -99.353981 50.560415, -99.330598 50.553650, -99.307222 50.546880, -99.283853 50.540106, -99.260491 50.533327, -99.237135 50.526544, -99.213786 50.519756, -99.190444 50.512963, -99.167109 50.506165, -99.143780 50.499363, -99.120458 50.492556, -99.097142 50.485744, -99.073834 50.478928, -99.050532 50.472107, -99.027237 50.465282, -99.003948 50.458452, -98.980667 50.451617, -98.957392 50.444778, -98.934123 50.437933, -98.910862 50.431085, -98.887607 50.424231, -98.864359 50.417373, -98.841118 50.410511, -98.817883 50.403644, -98.794655 50.396772, -98.771434 50.389895, -98.748220 50.383014, -98.725012 50.376128, -98.701811 50.369238, -98.678617 50.362343, -98.655429 50.355444, -98.632249 50.348539, -98.609075 50.341631, -98.585908 50.334717, -98.562747 50.327799, -98.539593 50.320877, -98.516446 50.313949, -98.493306 50.307018, -98.470173 50.300081, -98.447046 50.293140, -98.423926 50.286195, -98.400813 50.279245, -98.377706 50.272290, -98.354606 50.265331, -98.331513 50.258367, -98.308427 50.251398, -98.285348 50.244425, -98.262275 50.237448, -98.239209 50.230466, -98.216150 50.223479, -98.193097 50.216488, -98.170052 50.209492, -98.147013 50.202491, -98.123981 50.195486, -98.100955 50.188477, -98.077937 50.181463, -98.054925 50.174444, -98.031919 50.167421, -98.008921 50.160393, -97.985929 50.153361, -97.962945 50.146324, -97.939967 50.139283, -97.916995 50.132237, -97.894031 50.125187, -97.871073 50.118132, -97.848122 50.111073, -97.825178 50.104009, -97.802240 50.096940, -97.779309 50.089867, -97.756385 50.082790, -97.733468 50.075708, -97.710558 50.068621, -97.687654 50.061530, -97.664757 50.054435, -97.641867 50.047335, -97.618984 50.040230, -97.596107 50.033121, -97.573238 50.026008, -97.550375 50.018890, -97.527518 50.011767, -97.504669 50.004640, -97.481826 49.997509, -97.458990 49.990373, -97.436161 49.983232, -97.413339 49.976087, -97.390524 49.968938, -97.367715 49.961784, -97.344913 49.954626, -97.322118 49.947463, -97.299329 49.940296, -97.276547 49.933124, -97.253773 49.925948, -97.231005 49.918767, -97.208243 49.911582, -97.185489 49.904392, -97.162741 49.897198, -97.140000 49.890000, -97.115395 49.886252, -97.090794 49.882498, -97.066196 49.878739, -97.041603 49.874975, -97.017013 49.871206, -96.992427 49.867432, -96.967845 49.863652, -96.943267 49.859867, -96.918692 49.856077, -96.894122 49.852282, -96.869555 49.848481, -96.844993 49.844676, -96.820434 49.840865, -96.795879 49.837049, -96.771327 49.833228, -96.746780 49.829402, -96.722237 49.825570, -96.697697 49.821733, -96.673162 49.817892, -96.648630 49.814045, -96.624102 49.810192, -96.599578 49.806335, -96.575058 49.802472, -96.550542 49.798605, -96.526030 49.794732, -96.501522 49.790854, -96.477018 49.786970, -96.452517 49.783082, -96.428021 49.779188, -96.403528 49.775289, -96.379040 49.771386, -96.354555 49.767477, -96.330074 49.763562, -96.305598 49.759643, -96.281125 49.755718, -96.256656 49.751789, -96.232191 49.747854, -96.207731 49.743914, -96.183274 49.739969, -96.158821 49.736018, -96.134372 49.732063, -96.109927 49.728102, -96.085486 49.724137, -96.061049 49.720166, -96.036616 49.716190, -96.012187 49.712208, -95.987763 49.708222, -95.963342 49.704231, -95.938925 49.700234, -95.914512 49.696233, -95.890103 49.692226, -95.865698 49.688214, -95.841297 49.684197, -95.816901 49.680174, -95.792508 49.676147, -95.768119 49.672115, -95.743735 49.668077, -95.719354 49.664034, -95.694978 49.659987, -95.670605 49.655934, -95.646237 49.651876, -95.621872 49.647812, -95.597512 49.643744, -95.573156 49.639671, -95.548804 49.635592, -95.524456 49.631509, -95.500112 49.627420, -95.475772 49.623326, -95.451436 49.619227, -95.427104 49.615123, -95.402777 49.611014, -95.378453 49.606900, -95.354134 49.602781, -95.329819 49.598656, -95.305508 49.594527, -95.281201 49.590392, -95.256898 49.586253, -95.232599 49.582108, -95.208304 49.577958, -95.184014 49.573803, -95.159727 49.569643, -95.135445 49.565478, -95.111167 49.561308, -95.086893 49.557133, -95.062623 49.552952, -95.038358 49.548767, -95.014096 49.544577, -94.989839 49.540381, -94.965586 49.536180, -94.941337 49.531975, -94.917092 49.527764, -94.892852 49.523548, -94.868615 49.519327, -94.844383 49.515101, -94.820155 49.510871, -94.795931 49.506634, -94.771711 49.502393, -94.747496 49.498147, -94.723285 49.493896, -94.699078 49.489640, -94.674875 49.485378, -94.650676 49.481112, -94.626482 49.476841, -94.602292 49.472564, -94.578106 49.468283, -94.553924 49.463996, -94.529746 49.459705, -94.505573 49.455408, -94.481404 49.451106, -94.457239 49.446800, -94.433079 49.442488, -94.408923 49.438171, -94.384771 49.433849, -94.360623 49.429523, -94.336479 49.425191, -94.312340 49.420854, -94.288205 49.416512, -94.264074 49.412165, -94.239948 49.407813, -94.215826 49.403456, -94.191708 49.399094, -94.167595 49.394727, -94.143485 49.390355, -94.119380 49.385978, -94.095280 49.381596, -94.071183 49.377209, -94.047091 49.372817, -94.023003 49.368420, -93.998920 49.364018, -93.974841 49.359611, -93.950766 49.355199, -93.926695 49.350782, -93.902629 49.346360, -93.878567 49.341933, -93.854510 49.337501, -93.830457 49.333064, -93.806408 49.328622, -93.782363 49.324175, -93.758323 49.319723, -93.734287 49.315266, -93.710256 49.310804, -93.686229 49.306337, -93.662206 49.301865, -93.638188 49.297388, -93.614174 49.292906, -93.590164 49.288419, -93.566159 49.283928, -93.542158 49.279431, -93.518161 49.274929, -93.494169 49.270422, -93.470181 49.265911, -93.446198 49.261394, -93.422219 49.256872, -93.398244 49.252346, -93.374274 49.247814, -93.350308 49.243278, -93.326347 49.238736, -93.302390 49.234190, -93.278438 49.229638, -93.254489 49.225082, -93.230546 49.220521, -93.206606 49.215955, -93.182672 49.211384, -93.158741 49.206807, -93.134815 49.202226, -93.110894 49.197640, -93.086976 49.193049, -93.063064 49.188454, -93.039155 49.183853, -93.015252 49.179247, -92.991352 49.174636, -92.967457 49.170021, -92.943567 49.165400, -92.919681 49.160775, -92.895799 49.156144, -92.871922 49.151509, -92.848050 49.146869, -92.824182 49.142224, -92.800318 49.137574, -92.776459 49.132919, -92.752604 49.128259, -92.728754 49.123594, -92.704908 49.118924, -92.681067 49.114250, -92.657230 49.109570, -92.633398 49.104886, -92.609570 49.100196, -92.585747 49.095502, -92.561929 49.090803, -92.538114 49.086099, -92.514305 49.081390, -92.490500 49.076676, -92.466699 49.071957, -92.442903 49.067233, -92.419111 49.062505, -92.395324 49.057772, -92.371542 49.053033, -92.347764 49.048290, -92.323990 49.043542, -92.300221 49.038789, -92.276457 49.034031, -92.252697 49.029268, -92.228942 49.024501, -92.205191 49.019728, -92.181445 49.014951, -92.157703 49.010169, -92.133966 49.005382, -92.110234 49.000590, -92.086506 48.995793, -92.062783 48.990991, -92.039064 48.986185, -92.015350 48.981373, -91.991640 48.976557, -91.967935 48.971736, -91.944235 48.966910, -91.920539 48.962079, -91.896848 48.957243, -91.873161 48.952403, -91.849479 48.947557, -91.825801 48.942707, -91.802129 48.937852, -91.778460 48.932992, -91.754797 48.928127, -91.731138 48.923258, -91.707483 48.918383, -91.683833 48.913504, -91.660188 48.908620, -91.636548 48.903731, -91.612912 48.898837, -91.589281 48.893939, -91.565654 48.889035, -91.542032 48.884127, -91.518415 48.879214, -91.494802 48.874296, -91.471194 48.869373, -91.447590 48.864446, -91.423992 48.859513, -91.400397 48.854576, -91.376808 48.849634, -91.353223 48.844687, -91.329643 48.839736, -91.306067 48.834779, -91.282497 48.829818, -91.258930 48.824852, -91.235369 48.819881, -91.211812 48.814906, -91.188260 48.809925, -91.164713 48.804940, -91.141170 48.799950, -91.117632 48.794955, -91.094098 48.789956, -91.070570 48.784951, -91.047046 48.779942, -91.023526 48.774928, -91.000012 48.769909, -90.976502 48.764886, -90.952997 48.759857, -90.929496 48.754824, -90.906000 48.749786, -90.882509 48.744744, -90.859023 48.739696, -90.835541 48.734644, -90.812064 48.729587, -90.788592 48.724525, -90.765125 48.719459, -90.741662 48.714388, -90.718204 48.709312, -90.694751 48.704231, -90.671302 48.699145, -90.647858 48.694055, -90.624419 48.688960, -90.600985 48.683860, -90.577555 48.678756, -90.554130 48.673646, -90.530710 48.668532, -90.507295 48.663413, -90.483885 48.658290, -90.460479 48.653162, -90.437078 48.648029, -90.413682 48.642891, -90.390290 48.637748, -90.366903 48.632601, -90.343521 48.627449, -90.320144 48.622292, -90.296772 48.617131, -90.273404 48.611965, -90.250041 48.606794, -90.226683 48.601618, -90.203330 48.596438, -90.179982 48.591253, -90.156638 48.586063, -90.133299 48.580868, -90.109965 48.575669, -90.086636 48.570465, -90.063311 48.565257, -90.039992 48.560043, -90.016677 48.554825, -89.993367 48.549602, -89.970061 48.544375, -89.946761 48.539143, -89.923465 48.533906, -89.900175 48.528664, -89.876889 48.523418, -89.853608 48.518167, -89.830331 48.512911, -89.807060 48.507651, -89.783793 48.502386, -89.760531 48.497116, -89.737274 48.491842, -89.714022 48.486563, -89.690775 48.481279, -89.667533 48.475991, -89.644295 48.470697, -89.621062 48.465400, -89.597834 48.460097, -89.574611 48.454790, -89.551393 48.449478, -89.528180 48.444162, -89.504971 48.438840, -89.481768 48.433515, -89.458569 48.428184, -89.435375 48.422849, -89.412186 48.417509, -89.389002 48.412165, -89.365823 48.406815, -89.342649 48.401462, -89.319479 48.396103, -89.296315 48.390740, -89.273155 48.385372, -89.250000 48.380000, -89.226045 48.376414, -89.202093 48.372823, -89.178144 48.369228, -89.154199 48.365627, -89.130257 48.362021, -89.106319 48.358411, -89.082384 48.354795, -89.058452 48.351175, -89.034524 48.347549, -89.010599 48.343919, -88.986678 48.340283, -88.962760 48.336643, -88.938845 48.332998, -88.914934 48.329347, -88.891026 48.325692, -88.867122 48.322032, -88.843221 48.318367, -88.819324 48.314697, -88.795430 48.311021, -88.771539 48.307341, -88.747652 48.303657, -88.723769 48.299967, -88.699888 48.296272, -88.676012 48.292572, -88.652139 48.288867, -88.628269 48.285158, -88.604402 48.281443, -88.580540 48.277723, -88.556680 48.273999, -88.532824 48.270270, -88.508972 48.266535, -88.485123 48.262796, -88.461278 48.259052, -88.437436 48.255303, -88.413597 48.251548, -88.389762 48.247789, -88.365931 48.244026, -88.342103 48.240257, -88.318279 48.236483, -88.294458 48.232704, -88.270640 48.228921, -88.246826 48.225132, -88.223016 48.221339, -88.199209 48.217540, -88.175406 48.213737, -88.151606 48.209929, -88.127810 48.206116, -88.104018 48.202298, -88.080229 48.198475, -88.056443 48.194647, -88.032661 48.190814, -88.008883 48.186977, -87.985108 48.183134, -87.961336 48.179287, -87.937569 48.175434, -87.913805 48.171577, -87.890044 48.167715, -87.866287 48.163848, -87.842534 48.159976, -87.818784 48.156099, -87.795038 48.152217, -87.771295 48.148331, -87.747556 48.144439, -87.723821 48.140543, -87.700089 48.136642, -87.676361 48.132736, -87.652636 48.128825, -87.628915 48.124909, -87.605198 48.120988, -87.581484 48.117062, -87.557774 48.113132, -87.534067 48.109196, -87.510365 48.105256, -87.486665 48.101311, -87.462970 48.097361, -87.439278 48.093406, -87.415590 48.089446, -87.391905 48.085481, -87.368224 48.081512, -87.344547 48.077537, -87.320873 48.073558, -87.297203 48.069574, -87.273537 48.065585, -87.249874 48.061591, -87.226215 48.057593, -87.202560 48.053589, -87.178908 48.049581, -87.155260 48.045567, -87.131616 48.041549, -87.107975 48.037526, -87.084338 48.033498, -87.060705 48.029466, -87.037076 48.025428, -87.013450 48.021386, -86.989828 48.017339, -86.966209 48.013287, -86.942595 48.009230, -86.918984 48.005168, -86.895377 48.001102, -86.871773 47.997030, -86.848173 47.992954, -86.824577 47.988873, -86.800985 47.984787, -86.777397 47.980696, -86.753812 47.976601, -86.730231 47.972501, -86.706653 47.968395, -86.683080 47.964285, -86.659510 47.960171, -86.635944 47.956051, -86.612382 47.951926, -86.588823 47.947797, -86.565268 47.943663, -86.541717 47.939524, -86.518170 47.935380, -86.494627 47.931232, -86.471087 47.927078, -86.447551 47.922920, -86.424019 47.918757, -86.400491 47.914589, -86.376966 47.910417, -86.353445 47.906239, -86.329928 47.902057, -86.306415 47.897870, -86.282906 47.893678, -86.259400 47.889482, -86.235899 47.885280, -86.212401 47.881074, -86.188907 47.876863, -86.165416 47.872648, -86.141930 47.868427, -86.118447 47.864202, -86.094969 47.859971, -86.071494 47.855737, -86.048023 47.851497, -86.024555 47.847252, -86.001092 47.843003, -85.977632 47.838749, -85.954177 47.834490, -85.930725 47.830227, -85.907277 47.825958, -85.883833 47.821685, -85.860392 47.817407, -85.836956 47.813124, -85.813523 47.808837, -85.790095 47.804545, -85.766670 47.800248, -85.743249 47.795946, -85.719832 47.791639, -85.696419 47.787328, -85.673009 47.783012, -85.649604 47.778691, -85.626202 47.774366, -85.602805 47.770035, -85.579411 47.765700, -85.556021 47.761360, -85.532635 47.757016, -85.509253 47.752666, -85.485875 47.748312, -85.462501 47.743954, -85.439131 47.739590, -85.415764 47.735222, -85.392402 47.730849, -85.369043 47.726471, -85.345689 47.722088, -85.322338 47.717701, -85.298991 47.713309, -85.275649 47.708912, -85.252310 47.704511, -85.228975 47.700104, -85.205644 47.695694, -85.182317 47.691278, -85.158994 47.686857, -85.135675 47.682432, -85.112360 47.678002, -85.089049 47.673568, -85.065741 47.669129, -85.042438 47.664685, -85.019139 47.660236, -84.995843 47.655782, -84.972552 47.651324, -84.949265 47.646861, -84.925981 47.642394, -84.902702 47.637922, -84.879427 47.633445, -84.856155 47.628963, -84.832888 47.624476, -84.809624 47.619985, -84.786365 47.615489, -84.763110 47.610989, -84.739858 47.606484, -84.716611 47.601974, -84.693367 47.597459, -84.670128 47.592940, -84.646893 47.588416, -84.623661 47.583887, -84.600434 47.579354, -84.577211 47.574816, -84.553991 47.570273, -84.530776 47.565726, -84.507565 47.561173, -84.484358 47.556617, -84.461155 47.552055, -84.437956 47.547489, -84.414761 47.542918, -84.391570 47.538343, -84.368383 47.533762, -84.345200 47.529178, -84.322021 47.524588, -84.298846 47.519994, -84.275675 47.515395, -84.252509 47.510791, -84.229346 47.506183, -84.206187 47.501570, -84.183033 47.496953, -84.159883 47.492331, -84.136736 47.487704, -84.113594 47.483072, -84.090456 47.478436, -84.067322 47.473795, -84.044192 47.469150, -84.021066 47.464500, -83.997944 47.459845, -83.974827 47.455185, -83.951713 47.450521, -83.928603 47.445853, -83.905498 47.441179, -83.882397 47.436501, -83.859300 47.431819, -83.836206 47.427131, -83.813118 47.422440, -83.790033 47.417743, -83.766952 47.413042, -83.743875 47.408336, -83.720803 47.403626, -83.697735 47.398911, -83.674670 47.394191, -83.651610 47.389467, -83.628554 47.384738, -83.605503 47.380004, -83.582455 47.375266, -83.559411 47.370523, -83.536372 47.365776, -83.513337 47.361024, -83.490306 47.356267, -83.467279 47.351506, -83.444256 47.346740, -83.421237 47.341969, -83.398223 47.337194, -83.375213 47.332415, -83.352207 47.327630, -83.329205 47.322841, -83.306207 47.318048, -83.283213 47.313250, -83.260224 47.308447, -83.237239 47.303640, -83.214258 47.298828, -83.191281 47.294011, -83.168308 47.289190, -83.145340 47.284365, -83.122375 47.279535, -83.099415 47.274700, -83.076459 47.269860, -83.053508 47.265016, -83.030560 47.260168, -83.007617 47.255315, -82.984678 47.250457, -82.961743 47.245594, -82.938812 47.240728, -82.915886 47.235856, -82.892963 47.230980, -82.870045 47.226099, -82.847132 47.221214, -82.824222 47.216324, -82.801317 47.211430, -82.778415 47.206531, -82.755519 47.201628, -82.732626 47.196720, -82.709737 47.191807, -82.686853 47.186890, -82.663973 47.181968, -82.641098 47.177042, -82.618226 47.172111, -82.595359 47.167176, -82.572496 47.162236, -82.549637 47.157292, -82.526783 47.152343, -82.503933 47.147389, -82.481087 47.142431, -82.458245 47.137469, -82.435408 47.132502, -82.412575 47.127530, -82.389746 47.122554, -82.366921 47.117573, -82.344101 47.112588, -82.321285 47.107598, -82.298473 47.102603, -82.275666 47.097605, -82.252862 47.092601, -82.230064 47.087593, -82.207269 47.082581, -82.184479 47.077564, -82.161693 47.072542, -82.138911 47.067516, -82.116133 47.062486, -82.093360 47.057451, -82.070591 47.052411, -82.047827 47.047367, -82.025067 47.042319, -82.002311 47.037265, -81.979559 47.032208, -81.956812 47.027146, -81.934069 47.022079, -81.911330 47.017008, -81.888596 47.011932, -81.865866 47.006852, -81.843140 47.001768, -81.820419 46.996679, -81.797702 46.991585, -81.774989 46.986487, -81.752281 46.981384, -81.729577 46.976277, -81.706877 46.971166, -81.684182 46.966050, -81.661491 46.960929, -81.638804 46.955804, -81.616122 46.950675, -81.593444 46.945541, -81.570770 46.940403, -81.548101 46.935260, -81.525436 46.930112, -81.502775 46.924960, -81.480119 46.919804, -81.457467 46.914643, -81.434820 46.909478, -81.412177 46.904308, -81.389538 46.899134, -81.366904 46.893955, -81.344274 46.888772, -81.321648 46.883585, -81.299027 46.878393, -81.276410 46.873196, -81.253798 46.867995, -81.231189 46.862790, -81.208586 46.857580, -81.185986 46.852366, -81.163392 46.847147, -81.140801 46.841924, -81.118215 46.836696, -81.095633 46.831464, -81.073056 46.826228, -81.050483 46.820987, -81.027914 46.815742, -81.005350 46.810492, -80.982790 46.805238, -80.960235 46.799979, -80.937684 46.794716, -80.915138 46.789448, -80.892596 46.784176, -80.870058 46.778900, -80.847525 46.773619, -80.824996 46.768334, -80.802471 46.763044, -80.779951 46.757750, -80.757436 46.752452, -80.734925 46.747149, -80.712418 46.741841, -80.689916 46.736530, -80.667418 46.731214, -80.644925 46.725893, -80.622436 46.720568, -80.599951 46.715239, -80.577471 46.709905, -80.554995 46.704567, -80.532524 46.699224, -80.510058 46.693877, -80.487595 46.688526, -80.465137 46.683170, -80.442684 46.677810, -80.420235 46.672446, -80.397791 46.667077, -80.375351 46.661703, -80.352915 46.656326, -80.330484 46.650944, -80.308057 46.645557, -80.285635 46.640166, -80.263218 46.634771, -80.240804 46.629372, -80.218396 46.623968, -80.195991 46.618559, -80.173592 46.613147, -80.151196 46.607729, -80.128806 46.602308, -80.106419 46.596882, -80.084037 46.591452, -80.061660 46.586017, -80.039287 46.580579, -80.016919 46.575135, -79.994555 46.569688, -79.972195 46.564236, -79.949841 46.558779, -79.927490 46.553319, -79.905144 46.547854, -79.882803 46.542384, -79.860466 46.536910, -79.838133 46.531432, -79.815806 46.525950, -79.793482 46.520463, -79.771163 46.514972, -79.748849 46.509476, -79.726539 46.503977, -79.704234 46.498473, -79.681933 46.492964, -79.659637 46.487451, -79.637345 46.481934, -79.615058 46.476413, -79.592775 46.470887, -79.570497 46.465357, -79.548223 46.459822, -79.525954 46.454283, -79.503689 46.448740, -79.481429 46.443193, -79.459174 46.437641, -79.436923 46.432085, -79.414676 46.426525, -79.392434 46.420960, -79.370197 46.415391, -79.347964 46.409818, -79.325736 46.404240, -79.303512 46.398658, -79.281293 46.393072, -79.259078 46.387482, -79.236868 46.381887, -79.214662 46.376288, -79.192461 46.370684, -79.170265 46.365077, -79.148073 46.359465, -79.125886 46.353848, -79.103703 46.348228, -79.081525 46.342603, -79.059351 46.336974, -79.037182 46.331340, -79.015017 46.325702, -78.992857 46.320060, -78.970702 46.314414, -78.948551 46.308764, -78.926405 46.303109, -78.904263 46.297450, -78.882126 46.291786, -78.859994 46.286119, -78.837866 46.280447, -78.815743 46.274770, -78.793624 46.269090, -78.771510 46.263405, -78.749400 46.257716, -78.727295 46.252023, -78.705195 46.246325, -78.683099 46.240624, -78.661008 46.234918, -78.638921 46.229207, -78.616839 46.223493, -78.594762 46.217774, -78.572689 46.212051, -78.550621 46.206324, -78.528557 46.200592, -78.506498 46.194856, -78.484444 46.189116, -78.462394 46.183372, -78.440349 46.177624, -78.418308 46.171871, -78.396272 46.166114, -78.374241 46.160353, -78.352214 46.154587, -78.330192 46.148818, -78.308175 46.143044, -78.286162 46.137266, -78.264154 46.131483, -78.242150 46.125697, -78.220151 46.119906, -78.198157 46.114111, -78.176167 46.108312, -78.154182 46.102508, -78.132201 46.096701, -78.110225 46.090889, -78.088254 46.085073, -78.066288 46.079253, -78.044326 46.073428, -78.022368 46.067600, -78.000416 46.061767, -77.978468 46.055930, -77.956524 46.050088, -77.934585 46.044243, -77.912651 46.038393, -77.890722 46.032539, -77.868797 46.026681, -77.846877 46.020819, -77.824961 46.014952, -77.803050 46.009082, -77.781144 46.003207, -77.759243 45.997328, -77.737346 45.991445, -77.715453 45.985557, -77.693566 45.979666, -77.671683 45.973770, -77.649805 45.967870, -77.627931 45.961966, -77.606062 45.956058, -77.584198 45.950145, -77.562338 45.944229, -77.540483 45.938308, -77.518633 45.932383, -77.496787 45.926454, -77.474946 45.920521, -77.453110 45.914583, -77.431278 45.908642, -77.409452 45.902696, -77.387629 45.896746, -77.365812 45.890792, -77.343999 45.884834, -77.322191 45.878872, -77.300387 45.872905, -77.278588 45.866935, -77.256794 45.860960, -77.235005 45.854981, -77.213220 45.848998, -77.191440 45.843011, -77.169664 45.837019, -77.147893 45.831024, -77.126127 45.825024, -77.104366 45.819021, -77.082609 45.813013, -77.060857 45.807001, -77.039110 45.800985, -77.017368 45.794964, -76.995630 45.788940, -76.973897 45.782911, -76.952168 45.776879, -76.930444 45.770842, -76.908725 45.764801, -76.887011 45.758756, -76.865301 45.752707, -76.843596 45.746654, -76.821896 45.740597, -76.800201 45.734535, -76.778510 45.728470, -76.756824 45.722400, -76.735142 45.716327, -76.713466 45.710249, -76.691794 45.704167, -76.670126 45.698081, -76.648464 45.691991, -76.626806 45.685897, -76.605153 45.679798, -76.583505 45.673696, -76.561861 45.667590, -76.540222 45.661479, -76.518588 45.655364, -76.496958 45.649246, -76.475334 45.643123, -76.453714 45.636996, -76.432098 45.630865, -76.410488 45.624730, -76.388882 45.618591, -76.367281 45.612448, -76.345685 45.606301, -76.324093 45.600149, -76.302506 45.593994, -76.280924 45.587835, -76.259347 45.581671, -76.237774 45.575504, -76.216206 45.569332, -76.194643 45.563156, -76.173084 45.556977, -76.151531 45.550793, -76.129982 45.544605, -76.108437 45.538413, -76.086898 45.532217, -76.065363 45.526017, -76.043833 45.519813, -76.022308 45.513605, -76.000787 45.507393, -75.979272 45.501177, -75.957761 45.494957, -75.936255 45.488732, -75.914753 45.482504, -75.893256 45.476272, -75.871764 45.470036, -75.850277 45.463795, -75.828795 45.457551, -75.807317 45.451302, -75.785844 45.445050, -75.764376 45.438793, -75.742913 45.432533, -75.721454 45.426269, -75.700000 45.420000, -75.677015 45.422532, -75.654029 45.425059, -75.631040 45.427582, -75.608049 45.430100, -75.585056 45.432613, -75.562061 45.435122, -75.539064 45.437626, -75.516065 45.440126, -75.493064 45.442621, -75.470061 45.445111, -75.447056 45.447597, -75.424049 45.450078, -75.401040 45.452554, -75.378029 45.455026, -75.355015 45.457493, -75.332000 45.459956, -75.308983 45.462414, -75.285964 45.464867, -75.262942 45.467316, -75.239919 45.469760, -75.216894 45.472200, -75.193867 45.474635, -75.170838 45.477065, -75.147806 45.479491, -75.124773 45.481912, -75.101738 45.484328, -75.078701 45.486740, -75.055662 45.489147, -75.032621 45.491549, -75.009578 45.493947, -74.986533 45.496340, -74.963486 45.498729, -74.940437 45.501113, -74.917386 45.503492, -74.894334 45.505867, -74.871279 45.508237, -74.848222 45.510602, -74.825164 45.512963, -74.802103 45.515319, -74.779041 45.517671, -74.755976 45.520017, -74.732910 45.522360, -74.709842 45.524697, -74.686772 45.527030, -74.663699 45.529358, -74.640626 45.531682, -74.617550 45.534001, -74.594472 45.536315, -74.571392 45.538625, -74.548311 45.540930, -74.525227 45.543230, -74.502142 45.545526, -74.479055 45.547817, -74.455966 45.550104, -74.432875 45.552385, -74.409782 45.554662, -74.386687 45.556935, -74.363590 45.559203, -74.340492 45.561466, -74.317392 45.563724, -74.294289 45.565978, -74.271185 45.568227, -74.248080 45.570472, -74.224972 45.572712, -74.201862 45.574947, -74.178751 45.577178, -74.155638 45.579403, -74.132523 45.581625, -74.109406 45.583841, -74.086287 45.586053, -74.063167 45.588260, -74.040044 45.590463, -74.016920 45.592661, -73.993794 45.594854, -73.970666 45.597043, -73.947537 45.599227, -73.924405 45.601406, -73.901272 45.603580, -73.878137 45.605750, -73.855001 45.607916, -73.831862 45.610076, -73.808722 45.612232, -73.785580 45.614383, -73.762436 45.616530, -73.739290 45.618672, -73.716143 45.620809, -73.692994 45.622941, -73.669843 45.625069, -73.646690 45.627193, -73.623536 45.629311, -73.600379 45.631425, -73.577221 45.633534, -73.554062 45.635638, -73.530900 45.637738, -73.507737 45.639833, -73.484572 45.641924, -73.461406 45.644010, -73.438238 45.646091, -73.415067 45.648167, -73.391896 45.650239, -73.368722 45.652306, -73.345547 45.654368, -73.322370 45.656426, -73.299192 45.658479, -73.276011 45.660527, -73.252829 45.662570, -73.229646 45.664609, -73.206460 45.666643, -73.183273 45.668673, -73.160085 45.670698, -73.136894 45.672718, -73.113702 45.674733, -73.090509 45.676744, -73.067313 45.678750, -73.044116 45.680751, -73.020917 45.682748, -72.997717 45.684740, -72.974515 45.686727, -72.951311 45.688710, -72.928106 45.690688, -72.904899 45.692661, -72.881691 45.694629, -72.858480 45.696593, -72.835268 45.698552, -72.812055 45.700507, -72.788840 45.702456, -72.765623 45.704401, -72.742405 45.706342, -72.719185 45.708277, -72.695963 45.710208, -72.672740 45.712134, -72.649516 45.714056, -72.626289 45.715972, -72.603061 45.717884, -72.579832 45.719792, -72.556601 45.721694, -72.533368 45.723592, -72.510134 45.725485, -72.486898 45.727374, -72.463661 45.729258, -72.440422 45.731137, -72.417181 45.733011, -72.393939 45.734881, -72.370695 45.736746, -72.347450 45.738606, -72.324204 45.740461, -72.300955 45.742312, -72.277706 45.744158, -72.254454 45.746000, -72.231201 45.747836, -72.207947 45.749668, -72.184691 45.751495, -72.161434 45.753318, -72.138175 45.755136, -72.114914 45.756949, -72.091652 45.758757, -72.068389 45.760561, -72.045124 45.762360, -72.021857 45.764154, -71.998589 45.765943, -71.975320 45.767728, -71.952049 45.769508, -71.928776 45.771283, -71.905502 45.773054, -71.882227 45.774820, -71.858950 45.776581, -71.835672 45.778337, -71.812392 45.780089, -71.789111 45.781836, -71.765828 45.783578, -71.742544 45.785315, -71.719258 45.787048, -71.695971 45.788776, -71.672682 45.790499, -71.649392 45.792218, -71.626101 45.793932, -71.602808 45.795641, -71.579514 45.797345, -71.556218 45.799045, -71.532921 45.800739, -71.509623 45.802430, -71.486323 45.804115, -71.463021 45.805796, -71.439719 45.807472, -71.416415 45.809143, -71.393109 45.810809, -71.369802 45.812471, -71.346494 45.814128, -71.323184 45.815780, -71.299873 45.817428, -71.276561 45.819070, -71.253247 45.820708, -71.229932 45.822342, -71.206615 45.823970, -71.183297 45.825594, -71.159978 45.827213, -71.136657 45.828827, -71.113335 45.830437, -71.090012 45.832042, -71.066687 45.833642, -71.043361 45.835237, -71.020034 45.836828, -70.996705 45.838413, -70.973375 45.839995, -70.950044 45.841571, -70.926711 45.843142, -70.903377 45.844709, -70.880042 45.846271, -70.856705 45.847829, -70.833367 45.849381, -70.810028 45.850929, -70.786688 45.852472, -70.763346 45.854011, -70.740003 45.855544, -70.716658 45.857073, -70.693313 45.858597, -70.669966 45.860116, -70.646618 45.861631, -70.623268 45.863141, -70.599917 45.864646, -70.576565 45.866146, -70.553212 45.867642, -70.529858 45.869132, -70.506502 45.870618, -70.483145 45.872100, -70.459787 45.873576, -70.436427 45.875048, -70.413066 45.876515, -70.389705 45.877977, -70.366341 45.879435, -70.342977 45.880887, -70.319611 45.882335, -70.296244 45.883778, -70.272876 45.885217, -70.249507 45.886650, -70.226137 45.888079, -70.202765 45.889503, -70.179392 45.890923, -70.156018 45.892337, -70.132643 45.893747, -70.109266 45.895152, -70.085889 45.896553, -70.062510 45.897948, -70.039130 45.899339, -70.015749 45.900725, -69.992367 45.902106, -69.968983 45.903483, -69.945599 45.904854, -69.922213 45.906221, -69.898826 45.907583, -69.875438 45.908941, -69.852049 45.910293, -69.828658 45.911641, -69.805267 45.912984, -69.781874 45.914322, -69.758480 45.915656, -69.735086 45.916985, -69.711690 45.918309, -69.688292 45.919628, -69.664894 45.920942, -69.641495 45.922252, -69.618095 45.923557, -69.594693 45.924857, -69.571290 45.926152, -69.547887 45.927443, -69.524482 45.928728, -69.501076 45.930009, -69.477669 45.931286, -69.454261 45.932557, -69.430852 45.933824, -69.407442 45.935086, -69.384031 45.936343, -69.360618 45.937595, -69.337205 45.938842, -69.313791 45.940085, -69.290375 45.941323, -69.266959 45.942556, -69.243541 45.943785, -69.220123 45.945008, -69.196703 45.946227, -69.173282 45.947441, -69.149861 45.948650, -69.126438 45.949855, -69.103014 45.951055, -69.079590 45.952249, -69.056164 45.953440, -69.032737 45.954625, -69.009310 45.955805, -68.985881 45.956981, -68.962451 45.958152, -68.939021 45.959318, -68.915589 45.960480, -68.892156 45.961636, -68.868723 45.962788, -68.845288 45.963935, -68.821853 45.965077, -68.798416 45.966215, -68.774979 45.967348, -68.751540 45.968475, -68.728101 45.969598, -68.704660 45.970717, -68.681219 45.971830, -68.657777 45.972939, -68.634334 45.974043, -68.610890 45.975142, -68.587445 45.976236, -68.563999 45.977326, -68.540552 45.978410, -68.517104 45.979490, -68.493655 45.980566, -68.470206 45.981636, -68.446755 45.982701, -68.423304 45.983762, -68.399851 45.984818, -68.376398 45.985869, -68.352944 45.986916, -68.329489 45.987957, -68.306033 45.988994, -68.282577 45.990026, -68.259119 45.991053, -68.235661 45.992075, -68.212201 45.993093, -68.188741 45.994106, -68.165280 45.995114, -68.141818 45.996117, -68.118355 45.997115, -68.094892 45.998109, -68.071427 45.999097, -68.047962 46.000081, -68.024496 46.001061, -68.001029 46.002035, -67.977561 46.003004, -67.954093 46.003969, -67.930623 46.004929, -67.907153 46.005884, -67.883682 46.006835, -67.860210 46.007780, -67.836737 46.008721, -67.813264 46.009657, -67.789790 46.010588, -67.766315 46.011514, -67.742839 46.012436, -67.719363 46.013352, -67.695885 46.014264, -67.672407 46.015171, -67.648928 46.016074, -67.625449 46.016971, -67.601968 46.017864, -67.578487 46.018752, -67.555005 46.019635, -67.531522 46.020513, -67.508039 46.021386, -67.484555 46.022255, -67.461070 46.023119, -67.437584 46.023978, -67.414098 46.024832, -67.390611 46.025681, -67.367123 46.026526, -67.343635 46.027366, -67.320145 46.028200, -67.296655 46.029031, -67.273165 46.029856, -67.249674 46.030676, -67.226181 46.031492, -67.202689 46.032303, -67.179195 46.033109, -67.155701 46.033910, -67.132207 46.034707, -67.108711 46.035498, -67.085215 46.036285, -67.061718 46.037067, -67.038221 46.037844, -67.014723 46.038617, -66.991224 46.039384, -66.967725 46.040147, -66.944224 46.040905, -66.920724 46.041658, -66.897222 46.042406, -66.873720 46.043150, -66.850218 46.043888, -66.826715 46.044622, -66.803211 46.045351, -66.779706 46.046075, -66.756201 46.046795, -66.732696 46.047509, -66.709189 46.048219, -66.685682 46.048924, -66.662175 46.049624, -66.638667 46.050319, -66.615158 46.051010, -66.591649 46.051695, -66.568139 46.052376, -66.544629 46.053052, -66.521118 46.053723, -66.497606 46.054390, -66.474094 46.055051, -66.450581 46.055708, -66.427068 46.056360, -66.403554 46.057007, -66.380040 46.057649, -66.356525 46.058287, -66.333010 46.058919, -66.309494 46.059547, -66.285977 46.060170, -66.262460 46.060788, -66.238942 46.061402, -66.215424 46.062010, -66.191906 46.062614, -66.168387 46.063213, -66.144867 46.063807, -66.121347 46.064396, -66.097826 46.064980, -66.074305 46.065560, -66.050784 46.066134, -66.027261 46.066704, -66.003739 46.067269, -65.980216 46.067830, -65.956692 46.068385, -65.933168 46.068936, -65.909644 46.069481, -65.886119 46.070022, -65.862593 46.070558, -65.839068 46.071090, -65.815541 46.071616, -65.792015 46.072138, -65.768487 46.072655, -65.744960 46.073167, -65.721432 46.073674, -65.697903 46.074176, -65.674374 46.074674, -65.650845 46.075166, -65.627315 46.075654, -65.603785 46.076137, -65.580254 46.076615, -65.556723 46.077089, -65.533192 46.077557, -65.509660 46.078021, -65.486128 46.078480, -65.462595 46.078934, -65.439063 46.079383, -65.415529 46.079828, -65.391995 46.080267, -65.368461 46.080702, -65.344927 46.081132, -65.321392 46.081557, -65.297857 46.081977, -65.274321 46.082392, -65.250785 46.082803, -65.227249 46.083209, -65.203713 46.083610, -65.180176 46.084006, -65.156638 46.084397, -65.133101 46.084783, -65.109563 46.085165, -65.086025 46.085542, -65.062486 46.085914, -65.038947 46.086281, -65.015408 46.086643, -64.991869 46.087001, -64.968329 46.087353, -64.944789 46.087701, -64.921248 46.088044, -64.897708 46.088382, -64.874167 46.088715, -64.850625 46.089044, -64.827084 46.089367, -64.803542 46.089686, -64.780000 46.090000, -64.767952 46.076082, -64.755909 46.062162, -64.743873 46.048242, -64.731843 46.034320, -64.719819 46.020397, -64.707801 46.006472, -64.695789 45.992546, -64.683783 45.978619, -64.671784 45.964691, -64.659790 45.950762, -64.647802 45.936831, -64.635820 45.922899, -64.623844 45.908966, -64.611875 45.895031, -64.599911 45.881096, -64.587953 45.867159, -64.576001 45.853220, -64.564056 45.839281, -64.552116 45.825340, -64.540182 45.811398, -64.528254 45.797455, -64.516333 45.783510, -64.504417 45.769565, -64.492507 45.755618, -64.480603 45.741670, -64.468705 45.727720, -64.456813 45.713770, -64.444926 45.699818, -64.433046 45.685865, -64.421172 45.671910, -64.409304 45.657955, -64.397441 45.643998, -64.385585 45.630040, -64.373734 45.616081, -64.361889 45.602120, -64.350050 45.588159, -64.338217 45.574196, -64.326390 45.560231, -64.314569 45.546266, -64.302754 45.532300, -64.290944 45.518332, -64.279141 45.504363, -64.267343 45.490393, -64.255551 45.476421, -64.243765 45.462448, -64.231985 45.448475, -64.220210 45.434499, -64.208442 45.420523, -64.196679 45.406546, -64.184922 45.392567, -64.173171 45.378587, -64.161426 45.364606, -64.149686 45.350624, -64.137953 45.336640, -64.126225 45.322655, -64.114503 45.308670, -64.102787 45.294682, -64.091076 45.280694, -64.079371 45.266705, -64.067672 45.252714, -64.055979 45.238722, -64.044292 45.224729, -64.032610 45.210735, -64.020934 45.196739, -64.009264 45.182743, -63.997599 45.168745, -63.985940 45.154746, -63.974287 45.140746, -63.962640 45.126744, -63.950999 45.112742, -63.939363 45.098738, -63.927732 45.084733, -63.916108 45.070727, -63.904489 45.056719, -63.892876 45.042711, -63.881269 45.028701, -63.869667 45.014690, -63.858071 45.000678, -63.846481 44.986665, -63.834896 44.972651, -63.823317 44.958635, -63.811744 44.944619, -63.800176 44.930601, -63.788614 44.916582, -63.777057 44.902562, -63.765506 44.888540, -63.753961 44.874518, -63.742422 44.860494, -63.730888 44.846469, -63.719359 44.832443, -63.707837 44.818416, -63.696320 44.804388, -63.684808 44.790358, -63.673302 44.776328, -63.661802 44.762296, -63.650307 44.748263, -63.638818 44.734229, -63.627334 44.720193, -63.615856 44.706157, -63.604384 44.692120, -63.592917 44.678081, -63.581456 44.664041, -63.570000 44.650000), (-9.140000 38.720000, -9.135317 38.721610, -9.130634 38.723220, -9.125950 38.724830, -9.121267 38.726440, -9.116583 38.728049, -9.111899 38.729659, -9.107214 38.731268, -9.102530 38.732877, -9.097845 38.734486, -9.093160 38.736094, -9.088475 38.737703, -9.083790 38.739311, -9.079104 38.740919, -9.074418 38.742527, -9.069732 38.744134, -9.065046 38.745742, -9.060360 38.747349, -9.055673 38.748956, -9.050986 38.750563, -9.046299 38.752170, -9.041612 38.753776, -9.036924 38.755383, -9.032237 38.756989, -9.027549 38.758595, -9.022861 38.760201, -9.018173 38.761806, -9.013484 38.763412, -9.008795 38.765017, -9.004106 38.766622, -8.999417 38.768227, -8.994728 38.769831, -8.990038 38.771436, -8.985348 38.773040, -8.980658 38.774644, -8.975968 38.776248, -8.971278 38.777852, -8.966587 38.779455, -8.961896 38.781059, -8.957205 38.782662, -8.952514 38.784265, -8.947823 38.785867, -8.943131 38.787470, -8.938439 38.789072, -8.933747 38.790675, -8.929055 38.792277, -8.924362 38.793879, -8.919669 38.795480, -8.914976 38.797082, -8.910283 38.798683, -8.905590 38.800284, -8.900896 38.801885, -8.896202 38.803486, -8.891508 38.805086, -8.886814 38.806687, -8.882120 38.808287, -8.877425 38.809887, -8.872730 38.811486, -8.868035 38.813086, -8.863340 38.814685, -8.858644 38.816285, -8.853949 38.817884, -8.849253 38.819482, -8.844557 38.821081, -8.839860 38.822680, -8.835164 38.824278, -8.830467 38.825876, -8.825770 38.827474, -8.821073 38.829072, -8.816376 38.830669, -8.811678 38.832266, -8.806980 38.833864, -8.802282 38.835460, -8.797584 38.837057, -8.792886 38.838654, -8.788187 38.840250, -8.783488 38.841846, -8.778789 38.843442, -8.774090 38.845038, -8.769390 38.846634, -8.764691 38.848229, -8.759991 38.849825, -8.755291 38.851420, -8.750590 38.853015, -8.745890 38.854609, -8.741189 38.856204, -8.736488 38.857798, -8.731787 38.859392, -8.727085 38.860986, -8.722384 38.862580, -8.717682 38.864173, -8.712980 38.865767, -8.708278 38.867360, -8.703575 38.868953, -8.698873 38.870546, -8.694170 38.872138, -8.689467 38.873731, -8.684763 38.875323, -8.680060 38.876915, -8.675356 38.878507, -8.670652 38.880099, -8.665948 38.881690, -8.661244 38.883282, -8.656539 38.884873, -8.651835 38.886464, -8.647130 38.888054, -8.642424 38.889645, -8.637719 38.891235, -8.633013 38.892825, -8.628308 38.894415, -8.623602 38.896005, -8.618895 38.897595, -8.614189 38.899184, -8.609482 38.900773, -8.604775 38.902362, -8.600068 38.903951, -8.595361 38.905540, -8.590654 38.907128, -8.585946 38.908717, -8.581238 38.910305, -8.576530 38.911893, -8.571821 38.913480, -8.567113 38.915068, -8.562404 38.916655, -8.557695 38.918242, -8.552986 38.919829, -8.548277 38.921416, -8.543567 38.923003, -8.538857 38.924589, -8.534147 38.926175, -8.529437 38.927761, -8.524727 38.929347, -8.520016 38.930933, -8.515305 38.932518, -8.510594 38.934103, -8.505883 38.935688, -8.501171 38.937273, -8.496459 38.938858, -8.491748 38.940442, -8.487035 38.942027, -8.482323 38.943611, -8.477610 38.945195, -8.472898 38.946779, -8.468185 38.948362, -8.463472 38.949945, -8.458758 38.951529, -8.454045 38.953112, -8.449331 38.954694, -8.444617 38.956277, -8.439903 38.957859, -8.435188 38.959442, -8.430473 38.961024, -8.425759 38.962605, -8.421043 38.964187, -8.416328 38.965769, -8.411613 38.967350, -8.406897 38.968931, -8.402181 38.970512, -8.397465 38.972093, -8.392749 38.973673, -8.388032 38.975253, -8.383315 38.976833, -8.378598 38.978413, -8.373881 38.979993, -8.369164 38.981573, -8.364446 38.983152, -8.359728 38.984731, -8.355010 38.986310, -8.350292 38.987889, -8.345574 38.989468, -8.340855 38.991046, -8.336136 38.992624, -8.331417 38.994202, -8.326698 38.995780, -8.321978 38.997358, -8.317259 38.998935, -8.312539 39.000513, -8.307818 39.002090, -8.303098 39.003667, -8.298378 39.005243, -8.293657 39.006820, -8.288936 39.008396, -8.284215 39.009972, -8.279493 39.011548, -8.274772 39.013124, -8.270050 39.014700, -8.265328 39.016275, -8.260606 39.017850, -8.255883 39.019425, -8.251161 39.021000, -8.246438 39.022575, -8.241715 39.024149, -8.236991 39.025723, -8.232268 39.027297, -8.227544 39.028871, -8.222820 39.030445, -8.218096 39.032018, -8.213372 39.033592, -8.208647 39.035165, -8.203922 39.036738, -8.199197 39.038310, -8.194472 39.039883, -8.189747 39.041455, -8.185021 39.043027, -8.180295 39.044599, -8.175569 39.046171, -8.170843 39.047743, -8.166117 39.049314, -8.161390 39.050885, -8.156663 39.052456, -8.151936 39.054027, -8.147209 39.055598, -8.142481 39.057168, -8.137754 39.058738, -8.133026 39.060308, -8.128298 39.061878, -8.123569 39.063448, -8.118841 39.065017, -8.114112 39.066586, -8.109383 39.068156, -8.104654 39.069724, -8.099925 39.071293, -8.095195 39.072862, -8.090465 39.074430, -8.085735 39.075998, -8.081005 39.077566, -8.076275 39.079134, -8.071544 39.080701, -8.066813 39.082269, -8.062082 39.083836, -8.057351 39.085403, -8.052619 39.086970, -8.047888 39.088536, -8.043156 39.090103, -8.038423 39.091669, -8.033691 39.093235, -8.028959 39.094801, -8.024226 39.096366, -8.019493 39.097932, -8.014760 39.099497, -8.010026 39.101062, -8.005293 39.102627, -8.000559 39.104192, -7.995825 39.105756, -7.991091 39.107321, -7.986356 39.108885, -7.981622 39.110449, -7.976887 39.112012, -7.972152 39.113576, -7.967417 39.115139, -7.962681 39.116702, -7.957945 39.118265, -7.953209 39.119828, -7.948473 39.121391, -7.943737 39.122953, -7.939001 39.124515, -7.934264 39.126077, -7.929527 39.127639, -7.924790 39.129201, -7.920052 39.130762, -7.915315 39.132323, -7.910577 39.133885, -7.905839 39.135445, -7.901101 39.137006, -7.896362 39.138567, -7.891624 39.140127, -7.886885 39.141687, -7.882146 39.143247, -7.877407 39.144806, -7.872667 39.146366, -7.867927 39.147925, -7.863187 39.149484, -7.858447 39.151043, -7.853707 39.152602, -7.848967 39.154161, -7.844226 39.155719, -7.839485 39.157277, -7.834744 39.158835, -7.830002 39.160393, -7.825261 39.161951, -7.820519 39.163508, -7.815777 39.165065, -7.811035 39.166622, -7.806292 39.168179, -7.801550 39.169736, -7.796807 39.171292, -7.792064 39.172848, -7.787321 39.174404, -7.782577 39.175960, -7.777834 39.177516, -7.773090 39.179071, -7.768346 39.180627, -7.763601 39.182182, -7.758857 39.183737, -7.754112 39.185291, -7.749367 39.186846, -7.744622 39.188400, -7.739877 39.189954, -7.735131 39.191508, -7.730385 39.193062, -7.725639 39.194616, -7.720893 39.196169, -7.716147 39.197722, -7.711400 39.199275, -7.706653 39.200828, -7.701906 39.202380, -7.697159 39.203933, -7.692412 39.205485, -7.687664 39.207037, -7.682916 39.208589, -7.678168 39.210141, -7.673420 39.211692, -7.668671 39.213243, -7.663923 39.214794, -7.659174 39.216345, -7.654425 39.217896, -7.649675 39.219446, -7.644926 39.220997, -7.640176 39.222547, -7.635426 39.224097, -7.630676 39.225646, -7.625925 39.227196, -7.621175 39.228745, -7.616424 39.230294, -7.611673 39.231843, -7.606922 39.233392, -7.602170 39.234940, -7.597419 39.236489, -7.592667 39.238037, -7.587915 39.239585, -7.583163 39.241133, -7.578410 39.242680, -7.573657 39.244228, -7.568904 39.245775, -7.564151 39.247322, -7.559398 39.248869, -7.554644 39.250415, -7.549891 39.251962, -7.545137 39.253508, -7.540383 39.255054, -7.535628 39.256600, -7.530874 39.258145, -7.526119 39.259691, -7.521364 39.261236, -7.516609 39.262781, -7.511853 39.264326, -7.507098 39.265871, -7.502342 39.267415, -7.497586 39.268959, -7.492830 39.270503, -7.488073 39.272047, -7.483316 39.273591, -7.478560 39.275135, -7.473802 39.276678, -7.469045 39.278221, -7.464288 39.279764, -7.459530 39.281307, -7.454772 39.282849, -7.450014 39.284392, -7.445255 39.285934, -7.440497 39.287476, -7.435738 39.289018, -7.430979 39.290559, -7.426220 39.292101, -7.421461 39.293642, -7.416701 39.295183, -7.411941 39.296723, -7.407181 39.298264, -7.402421 39.299805, -7.397660 39.301345, -7.392900 39.302885, -7.388139 39.304425, -7.383378 39.305964, -7.378617 39.307504, -7.373855 39.309043, -7.369093 39.310582, -7.364331 39.312121, -7.359569 39.313660, -7.354807 39.315198, -7.350044 39.316736, -7.345282 39.318274, -7.340519 39.319812, -7.335756 39.321350, -7.330992 39.322888, -7.326229 39.324425, -7.321465 39.325962, -7.316701 39.327499, -7.311937 39.329036, -7.307172 39.330572, -7.302408 39.332108, -7.297643 39.333645, -7.292878 39.335181, -7.288112 39.336716, -7.283347 39.338252, -7.278581 39.339787, -7.273815 39.341322, -7.269049 39.342857, -7.264283 39.344392, -7.259516 39.345927, -7.254750 39.347461, -7.249983 39.348995, -7.245216 39.350529, -7.240448 39.352063, -7.235681 39.353597, -7.230913 39.355130, -7.226145 39.356664, -7.221377 39.358197, -7.216608 39.359729, -7.211840 39.361262, -7.207071 39.362794, -7.202302 39.364327, -7.197533 39.365859, -7.192763 39.367391, -7.187994 39.368922, -7.183224 39.370454, -7.178454 39.371985, -7.173683 39.373516, -7.168913 39.375047, -7.164142 39.376578, -7.159371 39.378108, -7.154600 39.379639, -7.149829 39.381169, -7.145057 39.382699, -7.140285 39.384228, -7.135514 39.385758, -7.130741 39.387287, -7.125969 39.388816, -7.121196 39.390345, -7.116424 39.391874, -7.111651 39.393403, -7.106877 39.394931, -7.102104 39.396459, -7.097330 39.397987, -7.092556 39.399515, -7.087782 39.401043, -7.083008 39.402570, -7.078234 39.404097, -7.073459 39.405624, -7.068684 39.407151, -7.063909 39.408677, -7.059134 39.410204, -7.054358 39.411730, -7.049583 39.413256, -7.044807 39.414782, -7.040030 39.416308, -7.035254 39.417833, -7.030478 39.419358, -7.025701 39.420883, -7.020924 39.422408, -7.016147 39.423933, -7.011369 39.425457, -7.006592 39.426982, -7.001814 39.428506, -6.997036 39.430029, -6.992258 39.431553, -6.987479 39.433077, -6.982700 39.434600, -6.977922 39.436123, -6.973143 39.437646, -6.968363 39.439169, -6.963584 39.440691, -6.958804 39.442213, -6.954024 39.443736, -6.949244 39.445257, -6.944464 39.446779, -6.939683 39.448301, -6.934902 39.449822, -6.930122 39.451343, -6.925340 39.452864, -6.920559 39.454385, -6.915777 39.455905, -6.910996 39.457426, -6.906214 39.458946, -6.901431 39.460466, -6.896649 39.461986, -6.891866 39.463505, -6.887084 39.465025, -6.882301 39.466544, -6.877517 39.468063, -6.872734 39.469581, -6.867950 39.471100, -6.863166 39.472618, -6.858382 39.474137, -6.853598 39.475655, -6.848813 39.477172, -6.844029 39.478690, -6.839244 39.480207, -6.834459 39.481725, -6.829673 39.483242, -6.824888 39.484758, -6.820102 39.486275, -6.815316 39.487792, -6.810530 39.489308, -6.805744 39.490824, -6.800957 39.492340, -6.796170 39.493855, -6.791383 39.495371, -6.786596 39.496886, -6.781809 39.498401, -6.777021 39.499916, -6.772233 39.501431, -6.767445 39.502945, -6.762657 39.504459, -6.757868 39.505973, -6.753080 39.507487, -6.748291 39.509001, -6.743502 39.510514, -6.738712 39.512028, -6.733923 39.513541, -6.729133 39.515054, -6.724343 39.516566, -6.719553 39.518079, -6.714763 39.519591, -6.709972 39.521103, -6.705182 39.522615, -6.700391 39.524127, -6.695599 39.525638, -6.690808 39.527150, -6.686016 39.528661, -6.681225 39.530172, -6.676433 39.531683, -6.671640 39.533193, -6.666848 39.534703, -6.662055 39.536214, -6.657263 39.537724, -6.652469 39.539233, -6.647676 39.540743, -6.642883 39.542252, -6.638089 39.543761, -6.633295 39.545270, -6.628501 39.546779, -6.623707 39.548288, -6.618912 39.549796, -6.614118 39.551304, -6.609323 39.552812, -6.604527 39.554320, -6.599732 39.555827, -6.594937 39.557335, -6.590141 39.558842, -6.585345 39.560349, -6.580549 39.561856, -6.575752 39.563362, -6.570956 39.564869, -6.566159 39.566375, -6.561362 39.567881, -6.556565 39.569387, -6.551767 39.570892, -6.546970 39.572398, -6.542172 39.573903, -6.537374 39.575408, -6.532575 39.576913, -6.527777 39.578418, -6.522978 39.579922, -6.518179 39.581426, -6.513380 39.582930, -6.508581 39.584434, -6.503781 39.585938, -6.498982 39.587441, -6.494182 39.588944, -6.489382 39.590447, -6.484581 39.591950, -6.479781 39.593453, -6.474980 39.594955, -6.470179 39.596458, -6.465378 39.597960, -6.460577 39.599462, -6.455775 39.600963, -6.450973 39.602465, -6.446171 39.603966, -6.441369 39.605467, -6.436566 39.606968, -6.431764 39.608469, -6.426961 39.609969, -6.422158 39.611469, -6.417355 39.612969, -6.412551 39.614469, -6.407748 39.615969, -6.402944 39.617468, -6.398140 39.618968, -6.393335 39.620467, -6.388531 39.621966, -6.383726 39.623464, -6.378921 39.624963, -6.374116 39.626461, -6.369311 39.627959, -6.364505 39.629457, -6.359699 39.630955, -6.354893 39.632452, -6.350087 39.633950, -6.345281 39.635447, -6.340474 39.636944, -6.335667 39.638440, -6.330860 39.639937, -6.326053 39.641433, -6.321246 39.642929, -6.316438 39.644425, -6.311630 39.645921, -6.306822 39.647417, -6.302014 39.648912, -6.297206 39.650407, -6.292397 39.651902, -6.287588 39.653397, -6.282779 39.654891, -6.277970 39.656386, -6.273160 39.657880, -6.268350 39.659374, -6.263540 39.660867, -6.258730 39.662361, -6.253920 39.663854, -6.249109 39.665347, -6.244299 39.666840, -6.239488 39.668333, -6.234677 39.669826, -6.229865 39.671318, -6.225054 39.672810, -6.220242 39.674302, -6.215430 39.675794, -6.210618 39.677285, -6.205805 39.678777, -6.200993 39.680268, -6.196180 39.681759, -6.191367 39.683250, -6.186554 39.684740, -6.181740 39.686231, -6.176926 39.687721, -6.172113 39.689211, -6.167298 39.690700, -6.162484 39.692190, -6.157670 39.693679, -6.152855 39.695169, -6.148040 39.696658, -6.143225 39.698146, -6.138410 39.699635, -6.133594 39.701123, -6.128778 39.702611, -6.123962 39.704099, -6.119146 39.705587, -6.114330 39.707075, -6.109513 39.708562, -6.104697 39.710049, -6.099880 39.711536, -6.095062 39.713023, -6.090245 39.714510, -6.085427 39.715996, -6.080610 39.717482, -6.075792 39.718968, -6.070973 39.720454, -6.066155 39.721940, -6.061336 39.723425, -6.056517 39.724910, -6.051698 39.726395, -6.046879 39.727880, -6.042060 39.729365, -6.037240 39.730849, -6.032420 39.732333, -6.027600 39.733817, -6.022780 39.735301, -6.017959 39.736785, -6.013138 39.738268, -6.008318 39.739751, -6.003496 39.741234, -5.998675 39.742717, -5.993854 39.744200, -5.989032 39.745682, -5.984210 39.747164, -5.979388 39.748646, -5.974565 39.750128, -5.969743 39.751610, -5.964920 39.753091, -5.960097 39.754572, -5.955274 39.756053, -5.950450 39.757534, -5.945627 39.759015, -5.940803 39.760495, -5.935979 39.761975, -5.931155 39.763455, -5.926330 39.764935, -5.921505 39.766415, -5.916681 39.767894, -5.911855 39.769373, -5.907030 39.770852, -5.902205 39.772331, -5.897379 39.773810, -5.892553 39.775288, -5.887727 39.776766, -5.882901 39.778244, -5.878074 39.779722, -5.873247 39.781200, -5.868420 39.782677, -5.863593 39.784154, -5.858766 39.785631, -5.853938 39.787108, -5.849111 39.788585, -5.844283 39.790061, -5.839454 39.791537, -5.834626 39.793013, -5.829797 39.794489, -5.824969 39.795965, -5.820140 39.797440, -5.815310 39.798915, -5.810481 39.800390, -5.805651 39.801865, -5.800822 39.803340, -5.795992 39.804814, -5.791161 39.806288, -5.786331 39.807762, -5.781500 39.809236, -5.776669 39.810710, -5.771838 39.812183, -5.767007 39.813656, -5.762175 39.815129, -5.757344 39.816602, -5.752512 39.818075, -5.747680 39.819547, -5.742847 39.821019, -5.738015 39.822491, -5.733182 39.823963, -5.728349 39.825435, -5.723516 39.826906, -5.718683 39.828377, -5.713849 39.829848, -5.709015 39.831319, -5.704181 39.832790, -5.699347 39.834260, -5.694513 39.835730, -5.689678 39.837200, -5.684843 39.838670, -5.680008 39.840140, -5.675173 39.841609, -5.670338 39.843078, -5.665502 39.844547, -5.660666 39.846016, -5.655830 39.847485, -5.650994 39.848953, -5.646157 39.850421, -5.641321 39.851889, -5.636484 39.853357, -5.631647 39.854825, -5.626809 39.856292, -5.621972 39.857759, -5.617134 39.859226, -5.612296 39.860693, -5.607458 39.862160, -5.602620 39.863626, -5.597781 39.865092, -5.592943 39.866558, -5.588104 39.868024, -5.583264 39.869490, -5.578425 39.870955, -5.573586 39.872420, -5.568746 39.873885, -5.563906 39.875350, -5.559066 39.876814, -5.554225 39.878279, -5.549385 39.879743, -5.544544 39.881207, -5.539703 39.882671, -5.534862 39.884134, -5.530020 39.885598, -5.525178 39.887061, -5.520337 39.888524, -5.515495 39.889987, -5.510652 39.891449, -5.505810 39.892911, -5.500967 39.894374, -5.496124 39.895836, -5.491281 39.897297, -5.486438 39.898759, -5.481594 39.900220, -5.476751 39.901681, -5.471907 39.903142, -5.467063 39.904603, -5.462218 39.906064, -5.457374 39.907524, -5.452529 39.908984, -5.447684 39.910444, -5.442839 39.911904, -5.437994 39.913363, -5.433148 39.914823, -5.428302 39.916282, -5.423456 39.917741, -5.418610 39.919199, -5.413764 39.920658, -5.408917 39.922116, -5.404070 39.923574, -5.399223 39.925032, -5.394376 39.926490, -5.389529 39.927948, -5.384681 39.929405, -5.379833 39.930862, -5.374985 39.932319, -5.370137 39.933776, -5.365289 39.935232, -5.360440 39.936688, -5.355591 39.938145, -5.350742 39.939600, -5.345893 39.941056, -5.341043 39.942512, -5.336194 39.943967, -5.331344 39.945422, -5.326494 39.946877, -5.321643 39.948332, -5.316793 39.949786, -5.311942 39.951240, -5.307091 39.952694, -5.302240 39.954148, -5.297389 39.955602, -5.292537 39.957055, -5.287685 39.958509, -5.282833 39.959962, -5.277981 39.961415, -5.273129 39.962867, -5.268276 39.964320, -5.263424 39.965772, -5.258571 39.967224, -5.253717 39.968676, -5.248864 39.970128, -5.244010 39.971579, -5.239157 39.973030, -5.234303 39.974481, -5.229448 39.975932, -5.224594 39.977383, -5.219739 39.978833, -5.214884 39.980284, -5.210029 39.981734, -5.205174 39.983183, -5.200319 39.984633, -5.195463 39.986083, -5.190607 39.987532, -5.185751 39.988981, -5.180895 39.990430, -5.176038 39.991878, -5.171182 39.993327, -5.166325 39.994775, -5.161468 39.996223, -5.156610 39.997671, -5.151753 39.999118, -5.146895 40.000566, -5.142037 40.002013, -5.137179 40.003460, -5.132321 40.004907, -5.127462 40.006353, -5.122603 40.007800, -5.117744 40.009246, -5.112885 40.010692, -5.108026 40.012138, -5.103166 40.013583, -5.098306 40.015029, -5.093446 40.016474, -5.088586 40.017919, -5.083726 40.019363, -5.078865 40.020808, -5.074004 40.022252, -5.069143 40.023696, -5.064282 40.025140, -5.059421 40.026584, -5.054559 40.028028, -5.049697 40.029471, -5.044835 40.030914, -5.039973 40.032357, -5.035110 40.033800, -5.030248 40.035242, -5.025385 40.036685, -5.020522 40.038127, -5.015659 40.039569, -5.010795 40.041010, -5.005931 40.042452, -5.001067 40.043893, -4.996203 40.045334, -4.991339 40.046775, -4.986475 40.048216, -4.981610 40.049657, -4.976745 40.051097, -4.971880 40.052537, -4.967014 40.053977, -4.962149 40.055416, -4.957283 40.056856, -4.952417 40.058295, -4.947551 40.059734, -4.942685 40.061173, -4.937818 40.062612, -4.932951 40.064050, -4.928084 40.065489, -4.923217 40.066927, -4.918350 40.068364, -4.913482 40.069802, -4.908614 40.071240, -4.903746 40.072677, -4.898878 40.074114, -4.894010 40.075551, -4.889141 40.076987, -4.884272 40.078424, -4.879403 40.079860, -4.874534 40.081296, -4.869664 40.082732, -4.864795 40.084167, -4.859925 40.085603, -4.855055 40.087038, -4.850185 40.088473, -4.845314 40.089908, -4.840443 40.091342, -4.835573 40.092777, -4.830701 40.094211, -4.825830 40.095645, -4.820959 40.097079, -4.816087 40.098512, -4.811215 40.099946, -4.806343 40.101379, -4.801471 40.102812, -4.796598 40.104244, -4.791725 40.105677, -4.786852 40.107109, -4.781979 40.108541, -4.777106 40.109973, -4.772232 40.111405, -4.767359 40.112837, -4.762485 40.114268, -4.757610 40.115699, -4.752736 40.117130, -4.747862 40.118561, -4.742987 40.119991, -4.738112 40.121422, -4.733237 40.122852, -4.728361 40.124281, -4.723486 40.125711, -4.718610 40.127141, -4.713734 40.128570, -4.708857 40.129999, -4.703981 40.131428, -4.699104 40.132857, -4.694228 40.134285, -4.689351 40.135713, -4.684473 40.137141, -4.679596 40.138569, -4.674718 40.139997, -4.669840 40.141424, -4.664962 40.142851, -4.660084 40.144278, -4.655206 40.145705, -4.650327 40.147132, -4.645448 40.148558, -4.640569 40.149985, -4.635690 40.151411, -4.630810 40.152836, -4.625930 40.154262, -4.621050 40.155687, -4.616170 40.157113, -4.611290 40.158537, -4.606409 40.159962, -4.601529 40.161387, -4.596648 40.162811, -4.591767 40.164235, -4.586885 40.165659, -4.582004 40.167083, -4.577122 40.168507, -4.572240 40.169930, -4.567358 40.171353, -4.562476 40.172776, -4.557593 40.174199, -4.552710 40.175621, -4.547827 40.177044, -4.542944 40.178466, -4.538061 40.179888, -4.533177 40.181309, -4.528293 40.182731, -4.523409 40.184152, -4.518525 40.185573, -4.513641 40.186994, -4.508756 40.188415, -4.503871 40.189835, -4.498986 40.191255, -4.494101 40.192675, -4.489215 40.194095, -4.484330 40.195515, -4.479444 40.196934, -4.474558 40.198354, -4.469672 40.199773, -4.464785 40.201192, -4.459899 40.202610, -4.455012 40.204029, -4.450125 40.205447, -4.445237 40.206865, -4.440350 40.208283, -4.435462 40.209700, -4.430574 40.211118, -4.425686 40.212535, -4.420798 40.213952, -4.415909 40.215368, -4.411021 40.216785, -4.406132 40.218201, -4.401243 40.219618, -4.396353 40.221033, -4.391464 40.222449, -4.386574 40.223865, -4.381684 40.225280, -4.376794 40.226695, -4.371904 40.228110, -4.367013 40.229525, -4.362122 40.230939, -4.357231 40.232354, -4.352340 40.233768, -4.347449 40.235182, -4.342557 40.236595, -4.337665 40.238009, -4.332774 40.239422, -4.327881 40.240835, -4.322989 40.242248, -4.318096 40.243661, -4.313204 40.245073, -4.308311 40.246485, -4.303417 40.247897, -4.298524 40.249309, -4.293630 40.250721, -4.288737 40.252132, -4.283843 40.253543, -4.278948 40.254954, -4.274054 40.256365, -4.269159 40.257776, -4.264264 40.259186, -4.259369 40.260596, -4.254474 40.262006, -4.249579 40.263416, -4.244683 40.264826, -4.239787 40.266235, -4.234891 40.267644, -4.229995 40.269053, -4.225098 40.270462, -4.220202 40.271870, -4.215305 40.273279, -4.210408 40.274687, -4.205510 40.276095, -4.200613 40.277502, -4.195715 40.278910, -4.190817 40.280317, -4.185919 40.281724, -4.181021 40.283131, -4.176122 40.284538, -4.171224 40.285944, -4.166325 40.287351, -4.161426 40.288757, -4.156526 40.290162, -4.151627 40.291568, -4.146727 40.292973, -4.141827 40.294379, -4.136927 40.295784, -4.132027 40.297189, -4.127126 40.298593, -4.122225 40.299998, -4.117324 40.301402, -4.112423 40.302806, -4.107522 40.304209, -4.102620 40.305613, -4.097719 40.307016, -4.092817 40.308420, -4.087914 40.309823, -4.083012 40.311225, -4.078109 40.312628, -4.073207 40.314030, -4.068304 40.315432, -4.063401 40.316834, -4.058497 40.318236, -4.053594 40.319637, -4.048690 40.321039, -4.043786 40.322440, -4.038881 40.323841, -4.033977 40.325241, -4.029072 40.326642, -4.024168 40.328042, -4.019263 40.329442, -4.014357 40.330842, -4.009452 40.332242, -4.004546 40.333641, -3.999640 40.335040, -3.994734 40.336439, -3.989828 40.337838, -3.984922 40.339237, -3.980015 40.340635, -3.975108 40.342033, -3.970201 40.343431, -3.965294 40.344829, -3.960386 40.346226, -3.955479 40.347624, -3.950571 40.349021, -3.945663 40.350418, -3.940755 40.351815, -3.935846 40.353211, -3.930937 40.354607, -3.926028 40.356004, -3.921119 40.357400, -3.916210 40.358795, -3.911301 40.360191, -3.906391 40.361586, -3.901481 40.362981, -3.896571 40.364376, -3.891661 40.365771, -3.886750 40.367165, -3.881839 40.368559, -3.876928 40.369953, -3.872017 40.371347, -3.867106 40.372741, -3.862194 40.374134, -3.857283 40.375527, -3.852371 40.376920, -3.847459 40.378313, -3.842546 40.379706, -3.837634 40.381098, -3.832721 40.382490, -3.827808 40.383882, -3.822895 40.385274, -3.817981 40.386665, -3.813068 40.388057, -3.808154 40.389448, -3.803240 40.390839, -3.798326 40.392230, -3.793412 40.393620, -3.788497 40.395010, -3.783582 40.396400, -3.778667 40.397790, -3.773752 40.399180, -3.768837 40.400569, -3.763921 40.401959, -3.759005 40.403348, -3.754089 40.404737, -3.749173 40.406125, -3.744257 40.407514, -3.739340 40.408902, -3.734423 40.410290, -3.729506 40.411678, -3.724589 40.413065, -3.719672 40.414453, -3.714754 40.415840, -3.709836 40.417227, -3.704918 40.418613, -3.700000 40.420000, -3.697807 40.423630, -3.695613 40.427259, -3.693419 40.430889, -3.691225 40.434518, -3.689031 40.438148, -3.686837 40.441777, -3.684642 40.445407, -3.682447 40.449036, -3.680252 40.452665, -3.678056 40.456294, -3.675861 40.459924, -3.673665 40.463553, -3.671469 40.467182, -3.669272 40.470811, -3.667076 40.474440, -3.664879 40.478069, -3.662682 40.481698, -3.660484 40.485327, -3.658287 40.488956, -3.656089 40.492585, -3.653891 40.496213, -3.651693 40.499842, -3.649494 40.503471, -3.647295 40.507100, -3.645096 40.510728, -3.642897 40.514357, -3.640698 40.517985, -3.638498 40.521614, -3.636298 40.525242, -3.634098 40.528871, -3.631897 40.532499, -3.629697 40.536127, -3.627496 40.539756, -3.625295 40.543384, -3.623093 40.547012, -3.620892 40.550640, -3.618690 40.554269, -3.616488 40.557897, -3.614285 40.561525, -3.612083 40.565153, -3.609880 40.568781, -3.607677 40.572409, -3.605474 40.576036, -3.603270 40.579664, -3.601066 40.583292, -3.598862 40.586920, -3.596658 40.590547, -3.594454 40.594175, -3.592249 40.597803, -3.590044 40.601430, -3.587839 40.605058, -3.585633 40.608685, -3.583427 40.612313, -3.581222 40.615940, -3.579015 40.619568, -3.576809 40.623195, -3.574602 40.626822, -3.572395 40.630450, -3.570188 40.634077, -3.567981 40.637704, -3.565773 40.641331, -3.563566 40.644958, -3.561357 40.648585, -3.559149 40.652212, -3.556941 40.655839, -3.554732 40.659466, -3.552523 40.663093, -3.550313 40.666720, -3.548104 40.670346, -3.545894 40.673973, -3.543684 40.677600, -3.541474 40.681227, -3.539263 40.684853, -3.537053 40.688480, -3.534842 40.692106, -3.532631 40.695733, -3.530419 40.699359, -3.528207 40.702986, -3.525996 40.706612, -3.523783 40.710238, -3.521571 40.713865, -3.519358 40.717491, -3.517145 40.721117, -3.514932 40.724743, -3.512719 40.728369, -3.510505 40.731995, -3.508291 40.735621, -3.506077 40.739247, -3.503863 40.742873, -3.501648 40.746499, -3.499434 40.750125, -3.497219 40.753751, -3.495003 40.757377, -3.492788 40.761002, -3.490572 40.764628, -3.488356 40.768254, -3.486140 40.771879, -3.483923 40.775505, -3.481706 40.779130, -3.479489 40.782756, -3.477272 40.786381, -3.475055 40.790007, -3.472837 40.793632, -3.470619 40.797257, -3.468401 40.800883, -3.466182 40.804508, -3.463964 40.808133, -3.461745 40.811758, -3.459525 40.815383, -3.457306 40.819008, -3.455086 40.822633, -3.452866 40.826258, -3.450646 40.829883, -3.448426 40.833508, -3.446205 40.837133, -3.443984 40.840758, -3.441763 40.844382, -3.439542 40.848007, -3.437320 40.851632, -3.435098 40.855256, -3.432876 40.858881, -3.430654 40.862506, -3.428431 40.866130, -3.426209 40.869755, -3.423986 40.873379, -3.421762 40.877003, -3.419539 40.880628, -3.417315 40.884252, -3.415091 40.887876, -3.412867 40.891500, -3.410642 40.895125, -3.408417 40.898749, -3.406192 40.902373, -3.403967 40.905997, -3.401742 40.909621, -3.399516 40.913245, -3.397290 40.916869, -3.395064 40.920492, -3.392837 40.924116, -3.390610 40.927740, -3.388383 40.931364, -3.386156 40.934987, -3.383929 40.938611, -3.381701 40.942235, -3.379473 40.945858, -3.377245 40.949482, -3.375016 40.953105, -3.372788 40.956729, -3.370559 40.960352, -3.368330 40.963975, -3.366100 40.967599, -3.363871 40.971222, -3.361641 40.974845, -3.359411 40.978468, -3.357180 40.982091, -3.354950 40.985715, -3.352719 40.989338, -3.350488 40.992961, -3.348256 40.996584, -3.346025 41.000206, -3.343793 41.003829, -3.341561 41.007452, -3.339328 41.011075, -3.337096 41.014698, -3.334863 41.018320, -3.332630 41.021943, -3.330396 41.025566, -3.328163 41.029188, -3.325929 41.032811, -3.323695 41.036433, -3.321461 41.040056, -3.319226 41.043678, -3.316991 41.047300, -3.314756 41.050923, -3.312521 41.054545, -3.310285 41.058167, -3.308049 41.061789, -3.305813 41.065411, -3.303577 41.069034, -3.301341 41.072656, -3.299104 41.076278, -3.296867 41.079900, -3.294630 41.083521, -3.292392 41.087143, -3.290154 41.090765, -3.287916 41.094387, -3.285678 41.098009, -3.283439 41.101630, -3.281201 41.105252, -3.278962 41.108874, -3.276722 41.112495, -3.274483 41.116117, -3.272243 41.119738, -3.270003 41.123360, -3.267763 41.126981, -3.265522 41.130602, -3.263282 41.134224, -3.261041 41.137845, -3.258800 41.141466, -3.256558 41.145087, -3.254316 41.148709, -3.252074 41.152330, -3.249832 41.155951, -3.247590 41.159572, -3.245347 41.163193, -3.243104 41.166814, -3.240861 41.170435, -3.238617 41.174055, -3.236374 41.177676, -3.234130 41.181297, -3.231885 41.184918, -3.229641 41.188538, -3.227396 41.192159, -3.225151 41.195779, -3.222906 41.199400, -3.220661 41.203020, -3.218415 41.206641, -3.216169 41.210261, -3.213923 41.213882, -3.211677 41.217502, -3.209430 41.221122, -3.207183 41.224742, -3.204936 41.228363, -3.202688 41.231983, -3.200441 41.235603, -3.198193 41.239223, -3.195944 41.242843, -3.193696 41.246463, -3.191447 41.250083, -3.189198 41.253703, -3.186949 41.257323, -3.184700 41.260942, -3.182450 41.264562, -3.180200 41.268182, -3.177950 41.271801, -3.175700 41.275421, -3.173449 41.279041, -3.171198 41.282660, -3.168947 41.286280, -3.166695 41.289899, -3.164444 41.293518, -3.162192 41.297138, -3.159940 41.300757, -3.157687 41.304376, -3.155435 41.307996, -3.153182 41.311615, -3.150929 41.315234, -3.148675 41.318853, -3.146421 41.322472, -3.144168 41.326091, -3.141913 41.329710, -3.139659 41.333329, -3.137404 41.336948, -3.135149 41.340566, -3.132894 41.344185, -3.130639 41.347804, -3.128383 41.351423, -3.126127 41.355041, -3.123871 41.358660, -3.121615 41.362278, -3.119358 41.365897, -3.117101 41.369515, -3.114844 41.373134, -3.112586 41.376752, -3.110329 41.380371, -3.108071 41.383989, -3.105812 41.387607, -3.103554 41.391225, -3.101295 41.394844, -3.099036 41.398462, -3.096777 41.402080, -3.094518 41.405698, -3.092258 41.409316, -3.089998 41.412934, -3.087738 41.416552, -3.085478 41.420169, -3.083217 41.423787, -3.080956 41.427405, -3.078695 41.431023, -3.076433 41.434640, -3.074171 41.438258, -3.071910 41.441876, -3.069647 41.445493, -3.067385 41.449111, -3.065122 41.452728, -3.062859 41.456345, -3.060596 41.459963, -3.058332 41.463580, -3.056069 41.467197, -3.053805 41.470815, -3.051540 41.474432, -3.049276 41.478049, -3.047011 41.481666, -3.044746 41.485283, -3.042481 41.488900, -3.040216 41.492517, -3.037950 41.496134, -3.035684 41.499751, -3.033418 41.503368, -3.031151 41.506984, -3.028884 41.510601, -3.026617 41.514218, -3.024350 41.517835, -3.022082 41.521451, -3.019815 41.525068, -3.017547 41.528684, -3.015278 41.532301, -3.013010 41.535917, -3.010741 41.539534, -3.008472 41.543150, -3.006203 41.546766, -3.003933 41.550382, -3.001663 41.553999, -2.999393 41.557615, -2.997123 41.561231, -2.994852 41.564847, -2.992582 41.568463, -2.990310 41.572079, -2.988039 41.575695, -2.985768 41.579311, -2.983496 41.582927, -2.981224 41.586542, -2.978951 41.590158, -2.976679 41.593774, -2.974406 41.597390, -2.972133 41.601005, -2.969859 41.604621, -2.967586 41.608236, -2.965312 41.611852, -2.963038 41.615467, -2.960763 41.619083, -2.958489 41.622698, -2.956214 41.626313, -2.953939 41.629929, -2.951663 41.633544, -2.949388 41.637159, -2.947112 41.640774, -2.944835 41.644389, -2.942559 41.648004, -2.940282 41.651619, -2.938005 41.655234, -2.935728 41.658849, -2.933451 41.662464, -2.931173 41.666079, -2.928895 41.669694, -2.926617 41.673308, -2.924338 41.676923, -2.922060 41.680538, -2.919781 41.684152, -2.917501 41.687767, -2.915222 41.691381, -2.912942 41.694996, -2.910662 41.698610, -2.908382 41.702224, -2.906101 41.705839, -2.903821 41.709453, -2.901540 41.713067, -2.899258 41.716682, -2.896977 41.720296, -2.894695 41.723910, -2.892413 41.727524, -2.890130 41.731138, -2.887848 41.734752, -2.885565 41.738366, -2.883282 41.741980, -2.880999 41.745593, -2.878715 41.749207, -2.876431 41.752821, -2.874147 41.756435, -2.871863 41.760048, -2.869578 41.763662, -2.867293 41.767275, -2.865008 41.770889, -2.862723 41.774502, -2.860437 41.778116, -2.858151 41.781729, -2.855865 41.785342, -2.853578 41.788956, -2.851292 41.792569, -2.849005 41.796182, -2.846718 41.799795, -2.844430 41.803408, -2.842142 41.807021, -2.839854 41.810634, -2.837566 41.814247, -2.835278 41.817860, -2.832989 41.821473, -2.830700 41.825086, -2.828411 41.828699, -2.826121 41.832312, -2.823831 41.835924, -2.821541 41.839537, -2.819251 41.843150, -2.816960 41.846762, -2.814669 41.850375, -2.812378 41.853987, -2.810087 41.857599, -2.807795 41.861212, -2.805504 41.864824, -2.803211 41.868436, -2.800919 41.872049, -2.798626 41.875661, -2.796334 41.879273, -2.794040 41.882885, -2.791747 41.886497, -2.789453 41.890109, -2.787159 41.893721, -2.784865 41.897333, -2.782571 41.900945, -2.780276 41.904557, -2.777981 41.908169, -2.775686 41.911780, -2.773390 41.915392, -2.771095 41.919004, -2.768799 41.922615, -2.766502 41.926227, -2.764206 41.929838, -2.761909 41.933450, -2.759612 41.937061, -2.757315 41.940672, -2.755017 41.944284, -2.752719 41.947895, -2.750421 41.951506, -2.748123 41.955118, -2.745824 41.958729, -2.743525 41.962340, -2.741226 41.965951, -2.738927 41.969562, -2.736627 41.973173, -2.734327 41.976784, -2.732027 41.980395, -2.729727 41.984005, -2.727426 41.987616, -2.725125 41.991227, -2.722824 41.994838, -2.720522 41.998448, -2.718220 42.002059, -2.715918 42.005669, -2.713616 42.009280, -2.711314 42.012890, -2.709011 42.016501, -2.706708 42.020111, -2.704404 42.023721, -2.702101 42.027332, -2.699797 42.030942, -2.697493 42.034552, -2.695189 42.038162, -2.692884 42.041772, -2.690579 42.045382, -2.688274 42.048992, -2.685969 42.052602, -2.683663 42.056212, -2.681357 42.059822, -2.679051 42.063432, -2.676744 42.067041, -2.674438 42.070651, -2.672131 42.074261, -2.669823 42.077870, -2.667516 42.081480, -2.665208 42.085090, -2.662900 42.088699, -2.660592 42.092308, -2.658283 42.095918, -2.655974 42.099527, -2.653665 42.103136, -2.651356 42.106746, -2.649046 42.110355, -2.646736 42.113964, -2.644426 42.117573, -2.642116 42.121182, -2.639805 42.124791, -2.637494 42.128400, -2.635183 42.132009, -2.632872 42.135618, -2.630560 42.139227, -2.628248 42.142836, -2.625936 42.146444, -2.623623 42.150053, -2.621311 42.153662, -2.618997 42.157270, -2.616684 42.160879, -2.614371 42.164487, -2.612057 42.168096, -2.609743 42.171704, -2.607428 42.175313, -2.605114 42.178921, -2.602799 42.182529, -2.600484 42.186137, -2.598168 42.189746, -2.595853 42.193354, -2.593537 42.196962, -2.591220 42.200570, -2.588904 42.204178, -2.586587 42.207786, -2.584270 42.211394, -2.581953 42.215002, -2.579636 42.218609, -2.577318 42.222217, -2.575000 42.225825, -2.572681 42.229433, -2.570363 42.233040, -2.568044 42.236648, -2.565725 42.240255, -2.563405 42.243863, -2.561086 42.247470, -2.558766 42.251078, -2.556446 42.254685, -2.554125 42.258292, -2.551805 42.261900, -2.549484 42.265507, -2.547162 42.269114, -2.544841 42.272721, -2.542519 42.276328, -2.540197 42.279935, -2.537875 42.283542, -2.535552 42.287149, -2.533229 42.290756, -2.530906 42.294363, -2.528583 42.297969, -2.526259 42.301576, -2.523935 42.305183, -2.521611 42.308789, -2.519287 42.312396, -2.516962 42.316003, -2.514637 42.319609, -2.512312 42.323216, -2.509986 42.326822, -2.507661 42.330428, -2.505335 42.334035, -2.503008 42.337641, -2.500682 42.341247, -2.498355 42.344853, -2.496028 42.348459, -2.493700 42.352065, -2.491373 42.355672, -2.489045 42.359277, -2.486717 42.362883, -2.484388 42.366489, -2.482060 42.370095, -2.479731 42.373701, -2.477401 42.377307, -2.475072 42.380912, -2.472742 42.384518, -2.470412 42.388124, -2.468082 42.391729, -2.465751 42.395335, -2.463420 42.398940, -2.461089 42.402546, -2.458758 42.406151, -2.456426 42.409756, -2.454094 42.413362, -2.451762 42.416967, -2.449430 42.420572, -2.447097 42.424177, -2.444764 42.427782, -2.442431 42.431387, -2.440097 42.434992, -2.437763 42.438597, -2.435429 42.442202, -2.433095 42.445807, -2.430760 42.449412, -2.428426 42.453016, -2.426090 42.456621, -2.423755 42.460226, -2.421419 42.463830, -2.419083 42.467435, -2.416747 42.471039, -2.414411 42.474644, -2.412074 42.478248, -2.409737 42.481853, -2.407400 42.485457, -2.405062 42.489061, -2.402724 42.492666, -2.400386 42.496270, -2.398048 42.499874, -2.395709 42.503478, -2.393370 42.507082, -2.391031 42.510686, -2.388692 42.514290, -2.386352 42.517894, -2.384012 42.521498, -2.381672 42.525102, -2.379331 42.528705, -2.376990 42.532309, -2.374649 42.535913, -2.372308 42.539516, -2.369966 42.543120, -2.367625 42.546723, -2.365282 42.550327, -2.362940 42.553930, -2.360597 42.557534, -2.358254 42.561137, -2.355911 42.564740, -2.353568 42.568343, -2.351224 42.571947, -2.348880 42.575550, -2.346536 42.579153, -2.344191 42.582756, -2.341846 42.586359, -2.339501 42.589962, -2.337156 42.593565, -2.334810 42.597168, -2.332464 42.600770, -2.330118 42.604373, -2.327771 42.607976, -2.325425 42.611578, -2.323078 42.615181, -2.320730 42.618784, -2.318383 42.622386, -2.316035 42.625989, -2.313687 42.629591, -2.311338 42.633193, -2.308990 42.636796, -2.306641 42.640398, -2.304292 42.644000, -2.301942 42.647602, -2.299592 42.651205, -2.297242 42.654807, -2.294892 42.658409, -2.292542 42.662011, -2.290191 42.665613, -2.287840 42.669214, -2.285488 42.672816, -2.283137 42.676418, -2.280785 42.680020, -2.278432 42.683622, -2.276080 42.687223, -2.273727 42.690825, -2.271374 42.694426, -2.269021 42.698028, -2.266667 42.701629, -2.264314 42.705231, -2.261959 42.708832, -2.259605 42.712433, -2.257250 42.716035, -2.254896 42.719636, -2.252540 42.723237, -2.250185 42.726838, -2.247829 42.730439, -2.245473 42.734040, -2.243117 42.737641, -2.240760 42.741242, -2.238403 42.744843, -2.236046 42.748444, -2.233689 42.752045, -2.231331 42.755645, -2.228973 42.759246, -2.226615 42.762847, -2.224257 42.766447, -2.221898 42.770048, -2.219539 42.773648, -2.217180 42.777249, -2.214820 42.780849, -2.212460 42.784449, -2.210100 42.788050, -2.207740 42.791650, -2.205379 42.795250, -2.203018 42.798850, -2.200657 42.802450, -2.198295 42.806051, -2.195934 42.809651, -2.193571 42.813250, -2.191209 42.816850, -2.188847 42.820450, -2.186484 42.824050, -2.184121 42.827650, -2.181757 42.831250, -2.179393 42.834849, -2.177029 42.838449, -2.174665 42.842048, -2.172301 42.845648, -2.169936 42.849247, -2.167571 42.852847, -2.165205 42.856446, -2.162840 42.860045, -2.160474 42.863645, -2.158108 42.867244, -2.155741 42.870843, -2.153374 42.874442, -2.151007 42.878041, -2.148640 42.881640, -2.146273 42.885239, -2.143905 42.888838, -2.141537 42.892437, -2.139168 42.896036, -2.136800 42.899635, -2.134431 42.903234, -2.132061 42.906832, -2.129692 42.910431, -2.127322 42.914029, -2.124952 42.917628, -2.122582 42.921227, -2.120211 42.924825, -2.117840 42.928423, -2.115469 42.932022, -2.113098 42.935620, -2.110726 42.939218, -2.108354 42.942816, -2.105982 42.946415, -2.103609 42.950013, -2.101236 42.953611, -2.098863 42.957209, -2.096490 42.960807, -2.094116 42.964405, -2.091742 42.968003, -2.089368 42.971600, -2.086994 42.975198, -2.084619 42.978796, -2.082244 42.982393, -2.079869 42.985991, -2.077493 42.989589, -2.075117 42.993186, -2.072741 42.996784, -2.070364 43.000381, -2.067988 43.003978, -2.065611 43.007576, -2.063233 43.011173, -2.060856 43.014770, -2.058478 43.018367, -2.056100 43.021964, -2.053722 43.025562, -2.051343 43.029159, -2.048964 43.032756, -2.046585 43.036352, -2.044205 43.039949, -2.041826 43.043546, -2.039445 43.047143, -2.037065 43.050740, -2.034685 43.054336, -2.032304 43.057933, -2.029922 43.061530, -2.027541 43.065126, -2.025159 43.068723, -2.022777 43.072319, -2.020395 43.075915, -2.018012 43.079512, -2.015630 43.083108, -2.013246 43.086704, -2.010863 43.090300, -2.008479 43.093897, -2.006095 43.097493, -2.003711 43.101089, -2.001327 43.104685, -1.998942 43.108281, -1.996557 43.111876, -1.994171 43.115472, -1.991786 43.119068, -1.989400 43.122664, -1.987013 43.126260, -1.984627 43.129855, -1.982240 43.133451, -1.979853 43.137046, -1.977466 43.140642, -1.975078 43.144237, -1.972690 43.147833, -1.970302 43.151428, -1.967914 43.155023, -1.965525 43.158618, -1.963136 43.162214, -1.960747 43.165809, -1.958357 43.169404, -1.955967 43.172999, -1.953577 43.176594, -1.951187 43.180189, -1.948796 43.183784, -1.946405 43.187379, -1.944014 43.190973, -1.941622 43.194568, -1.939230 43.198163, -1.936838 43.201758, -1.934446 43.205352, -1.932053 43.208947, -1.929660 43.212541, -1.927267 43.216136, -1.924873 43.219730, -1.922480 43.223324, -1.920085 43.226919, -1.917691 43.230513, -1.915296 43.234107, -1.912901 43.237701, -1.910506 43.241295, -1.908111 43.244889, -1.905715 43.248483, -1.903319 43.252077, -1.900923 43.255671, -1.898526 43.259265, -1.896129 43.262859, -1.893732 43.266453, -1.891334 43.270046, -1.888937 43.273640, -1.886538 43.277234, -1.884140 43.280827, -1.881742 43.284421, -1.879343 43.288014, -1.876943 43.291607, -1.874544 43.295201, -1.872144 43.298794, -1.869744 43.302387, -1.867344 43.305980, -1.864943 43.309574, -1.862542 43.313167, -1.860141 43.316760, -1.857740 43.320353, -1.855338 43.323946, -1.852936 43.327539, -1.850534 43.331131, -1.848131 43.334724, -1.845728 43.338317, -1.843325 43.341910, -1.840922 43.345502, -1.838518 43.349095, -1.836114 43.352687, -1.833710 43.356280, -1.831305 43.359872, -1.828900 43.363465, -1.826495 43.367057, -1.824090 43.370649, -1.821684 43.374242, -1.819278 43.377834, -1.816872 43.381426, -1.814465 43.385018, -1.812058 43.388610, -1.809651 43.392202, -1.807244 43.395794, -1.804836 43.399386, -1.802428 43.402978, -1.800020 43.406569, -1.797611 43.410161, -1.795202 43.413753, -1.792793 43.417345, -1.790383 43.420936, -1.787974 43.424528, -1.785564 43.428119, -1.783153 43.431711, -1.780743 43.435302, -1.778332 43.438893, -1.775921 43.442485, -1.773509 43.446076, -1.771098 43.449667, -1.768686 43.453258, -1.766273 43.456849, -1.763861 43.460440, -1.761448 43.464031, -1.759035 43.467622, -1.756621 43.471213, -1.754208 43.474804, -1.751794 43.478395, -1.749379 43.481985, -1.746965 43.485576, -1.744550 43.489167, -1.742135 43.492757, -1.739719 43.496348, -1.737304 43.499938, -1.734888 43.503528, -1.732471 43.507119, -1.730055 43.510709, -1.727638 43.514299, -1.725221 43.517890, -1.722803 43.521480, -1.720385 43.525070, -1.717967 43.528660, -1.715549 43.532250, -1.713130 43.535840, -1.710711 43.539430, -1.708292 43.543020, -1.705873 43.546609, -1.703453 43.550199, -1.701033 43.553789, -1.698613 43.557379, -1.696192 43.560968, -1.693771 43.564558, -1.691350 43.568147, -1.688928 43.571737, -1.686507 43.575326, -1.684085 43.578915, -1.681662 43.582505, -1.679240 43.586094, -1.676817 43.589683, -1.674393 43.593272, -1.671970 43.596861, -1.669546 43.600450, -1.667122 43.604039, -1.664698 43.607628, -1.662273 43.611217, -1.659848 43.614806, -1.657423 43.618395, -1.654997 43.621984, -1.652571 43.625572, -1.650145 43.629161, -1.647719 43.632749, -1.645292 43.636338, -1.642865 43.639926, -1.640438 43.643515, -1.638010 43.647103, -1.635582 43.650692, -1.633154 43.654280, -1.630726 43.657868, -1.628297 43.661456, -1.625868 43.665044, -1.623439 43.668632, -1.621009 43.672220, -1.618579 43.675808, -1.616149 43.679396, -1.613719 43.682984, -1.611288 43.686572, -1.608857 43.690160, -1.606425 43.693747, -1.603994 43.697335, -1.601562 43.700923, -1.599130 43.704510, -1.596697 43.708098, -1.594264 43.711685, -1.591831 43.715272, -1.589398 43.718860, -1.586964 43.722447, -1.584530 43.726034, -1.582096 43.729622, -1.579661 43.733209, -1.577227 43.736796, -1.574791 43.740383, -1.572356 43.743970, -1.569920 43.747557, -1.567484 43.751144, -1.565048 43.754730, -1.562611 43.758317, -1.560174 43.761904, -1.557737 43.765491, -1.555300 43.769077, -1.552862 43.772664, -1.550424 43.776250, -1.547986 43.779837, -1.545547 43.783423, -1.543108 43.787009, -1.540669 43.790596, -1.538229 43.794182, -1.535789 43.797768, -1.533349 43.801354, -1.530909 43.804940, -1.528468 43.808526, -1.526027 43.812112, -1.523586 43.815698, -1.521144 43.819284, -1.518703 43.822870, -1.516260 43.826456, -1.513818 43.830042, -1.511375 43.833627, -1.508932 43.837213, -1.506489 43.840799, -1.504045 43.844384, -1.501601 43.847970, -1.499157 43.851555, -1.496713 43.855140, -1.494268 43.858726, -1.491823 43.862311, -1.489377 43.865896, -1.486932 43.869481, -1.484486 43.873066, -1.482039 43.876651, -1.479593 43.880236, -1.477146 43.883821, -1.474699 43.887406, -1.472251 43.890991, -1.469804 43.894576, -1.467356 43.898161, -1.464907 43.901745, -1.462459 43.905330, -1.460010 43.908915, -1.457561 43.912499, -1.455111 43.916084, -1.452661 43.919668, -1.450211 43.923252, -1.447761 43.926837, -1.445310 43.930421, -1.442859 43.934005, -1.440408 43.937589, -1.437956 43.941174, -1.435504 43.944758, -1.433052 43.948342, -1.430600 43.951926, -1.428147 43.955509, -1.425694 43.959093, -1.423240 43.962677, -1.420787 43.966261, -1.418333 43.969845, -1.415879 43.973428, -1.413424 43.977012, -1.410969 43.980595, -1.408514 43.984179, -1.406059 43.987762, -1.403603 43.991346, -1.401147 43.994929, -1.398691 43.998512, -1.396234 44.002095, -1.393777 44.005679, -1.391320 44.009262, -1.388862 44.012845, -1.386405 44.016428, -1.383947 44.020011, -1.381488 44.023594, -1.379029 44.027177, -1.376570 44.030759, -1.374111 44.034342, -1.371652 44.037925, -1.369192 44.041507, -1.366732 44.045090, -1.364271 44.048673, -1.361810 44.052255, -1.359349 44.055837, -1.356888 44.059420, -1.354426 44.063002, -1.351964 44.066584, -1.349502 44.070167, -1.347039 44.073749, -1.344576 44.077331, -1.342113 44.080913, -1.339650 44.084495, -1.337186 44.088077, -1.334722 44.091659, -1.332258 44.095241, -1.329793 44.098823, -1.327328 44.102404, -1.324863 44.105986, -1.322397 44.109568, -1.319931 44.113149, -1.317465 44.116731, -1.314999 44.120312, -1.312532 44.123894, -1.310065 44.127475, -1.307598 44.131056, -1.305130 44.134638, -1.302662 44.138219, -1.300194 44.141800, -1.297725 44.145381, -1.295257 44.148962, -1.292787 44.152543, -1.290318 44.156124, -1.287848 44.159705, -1.285378 44.163286, -1.282908 44.166867, -1.280437 44.170447, -1.277966 44.174028, -1.275495 44.177609, -1.273024 44.181189, -1.270552 44.184770, -1.268080 44.188350, -1.265607 44.191931, -1.263134 44.195511, -1.260661 44.199091, -1.258188 44.202672, -1.255714 44.206252, -1.253240 44.209832, -1.250766 44.213412, -1.248292 44.216992, -1.245817 44.220572, -1.243342 44.224152, -1.240866 44.227732, -1.238390 44.231312, -1.235914 44.234891, -1.233438 44.238471, -1.230961 44.242051, -1.228484 44.245630, -1.226007 44.249210, -1.223530 44.252789, -1.221052 44.256369, -1.218574 44.259948, -1.216095 44.263528, -1.213616 44.267107, -1.211137 44.270686, -1.208658 44.274265, -1.206178 44.277845, -1.203698 44.281424, -1.201218 44.285003, -1.198738 44.288582, -1.196257 44.292160, -1.193775 44.295739, -1.191294 44.299318, -1.188812 44.302897, -1.186330 44.306476, -1.183848 44.310054, -1.181365 44.313633, -1.178882 44.317211, -1.176399 44.320790, -1.173915 44.324368, -1.171431 44.327947, -1.168947 44.331525, -1.166463 44.335103, -1.163978 44.338682, -1.161493 44.342260, -1.159007 44.345838, -1.156521 44.349416, -1.154035 44.352994, -1.151549 44.356572, -1.149062 44.360150, -1.146576 44.363728, -1.144088 44.367305, -1.141601 44.370883, -1.139113 44.374461, -1.136625 44.378038, -1.134136 44.381616, -1.131648 44.385193, -1.129158 44.388771, -1.126669 44.392348, -1.124179 44.395926, -1.121689 44.399503, -1.119199 44.403080, -1.116709 44.406657, -1.114218 44.410235, -1.111727 44.413812, -1.109235 44.417389, -1.106743 44.420966, -1.104251 44.424543, -1.101759 44.428119, -1.099266 44.431696, -1.096773 44.435273, -1.094280 44.438850, -1.091786 44.442426, -1.089292 44.446003, -1.086798 44.449579, -1.084303 44.453156, -1.081808 44.456732, -1.079313 44.460309, -1.076818 44.463885, -1.074322 44.467461, -1.071826 44.471038, -1.069329 44.474614, -1.066833 44.478190, -1.064336 44.481766, -1.061838 44.485342, -1.059341 44.488918, -1.056843 44.492494, -1.054345 44.496070, -1.051846 44.499645, -1.049347 44.503221, -1.046848 44.506797, -1.044349 44.510372, -1.041849 44.513948, -1.039349 44.517523, -1.036849 44.521099, -1.034348 44.524674, -1.031847 44.528250, -1.029346 44.531825, -1.026844 44.535400, -1.024342 44.538975, -1.021840 44.542550, -1.019337 44.546125, -1.016835 44.549701, -1.014331 44.553275, -1.011828 44.556850, -1.009324 44.560425, -1.006820 44.564000, -1.004316 44.567575, -1.001811 44.571149, -0.999306 44.574724, -0.996801 44.578299, -0.994295 44.581873, -0.991789 44.585448, -0.989283 44.589022, -0.986777 44.592596, -0.984270 44.596171, -0.981763 44.599745, -0.979255 44.603319, -0.976747 44.606893, -0.974239 44.610467, -0.971731 44.614041, -0.969222 44.617615, -0.966713 44.621189, -0.964204 44.624763, -0.961694 44.628337, -0.959185 44.631911, -0.956674 44.635484, -0.954164 44.639058, -0.951653 44.642632, -0.949142 44.646205, -0.946630 44.649779, -0.944119 44.653352, -0.941606 44.656925, -0.939094 44.660499, -0.936581 44.664072, -0.934068 44.667645, -0.931555 44.671218, -0.929041 44.674792, -0.926527 44.678365, -0.924013 44.681938, -0.921499 44.685510, -0.918984 44.689083, -0.916469 44.692656, -0.913953 44.696229, -0.911437 44.699802, -0.908921 44.703374, -0.906405 44.706947, -0.903888 44.710519, -0.901371 44.714092, -0.898854 44.717664, -0.896336 44.721237, -0.893818 44.724809, -0.891300 44.728381, -0.888781 44.731954, -0.886262 44.735526, -0.883743 44.739098, -0.881223 44.742670, -0.878704 44.746242, -0.876183 44.749814, -0.873663 44.753386, -0.871142 44.756957, -0.868621 44.760529, -0.866100 44.764101, -0.863578 44.767673, -0.861056 44.771244, -0.858534 44.774816, -0.856011 44.778387, -0.853488 44.781959, -0.850965 44.785530, -0.848441 44.789101, -0.845917 44.792673, -0.843393 44.796244, -0.840868 44.799815, -0.838344 44.803386, -0.835818 44.806957, -0.833293 44.810528, -0.830767 44.814099, -0.828241 44.817670, -0.825715 44.821241, -0.823188 44.824812, -0.820661 44.828382, -0.818134 44.831953, -0.815606 44.835523, -0.813078 44.839094, -0.810550 44.842664, -0.808021 44.846235, -0.805492 44.849805, -0.802963 44.853376, -0.800434 44.856946, -0.797904 44.860516, -0.795374 44.864086, -0.792843 44.867656, -0.790312 44.871226, -0.787781 44.874796, -0.785250 44.878366, -0.782718 44.881936, -0.780186 44.885506, -0.777654 44.889076, -0.775121 44.892645, -0.772588 44.896215, -0.770055 44.899785, -0.767521 44.903354, -0.764987 44.906924, -0.762453 44.910493, -0.759918 44.914063, -0.757383 44.917632, -0.754848 44.921201, -0.752313 44.924770, -0.749777 44.928339, -0.747241 44.931909, -0.744704 44.935478, -0.742168 44.939047, -0.739630 44.942615, -0.737093 44.946184, -0.734555 44.949753, -0.732017 44.953322, -0.729479 44.956891, -0.726940 44.960459, -0.724401 44.964028, -0.721862 44.967596, -0.719322 44.971165, -0.716783 44.974733, -0.714242 44.978302, -0.711702 44.981870, -0.709161 44.985438, -0.706620 44.989006, -0.704078 44.992574, -0.701536 44.996143, -0.698994 44.999711, -0.696452 45.003278, -0.693909 45.006846, -0.691366 45.010414, -0.688822 45.013982, -0.686279 45.017550, -0.683735 45.021117, -0.681190 45.024685, -0.678646 45.028253, -0.676101 45.031820, -0.673555 45.035388, -0.671010 45.038955, -0.668464 45.042522, -0.665918 45.046090, -0.663371 45.049657, -0.660824 45.053224, -0.658277 45.056791, -0.655729 45.060358, -0.653181 45.063925, -0.650633 45.067492, -0.648085 45.071059, -0.645536 45.074626, -0.642987 45.078193, -0.640437 45.081759, -0.637888 45.085326, -0.635338 45.088893, -0.632787 45.092459, -0.630237 45.096026, -0.627685 45.099592, -0.625134 45.103159, -0.622582 45.106725, -0.620030 45.110291, -0.617478 45.113857, -0.614926 45.117423, -0.612373 45.120990, -0.609819 45.124556, -0.607266 45.128122, -0.604712 45.131687, -0.602158 45.135253, -0.599603 45.138819, -0.597048 45.142385, -0.594493 45.145951, -0.591938 45.149516, -0.589382 45.153082, -0.586826 45.156647, -0.584269 45.160213, -0.581712 45.163778, -0.579155 45.167344, -0.576598 45.170909, -0.574040 45.174474, -0.571482 45.178039, -0.568924 45.181604, -0.566365 45.185170, -0.563806 45.188735, -0.561247 45.192299, -0.558687 45.195864, -0.556127 45.199429, -0.553567 45.202994, -0.551006 45.206559, -0.548445 45.210123, -0.545884 45.213688, -0.543322 45.217253, -0.540760 45.220817, -0.538198 45.224381, -0.535636 45.227946, -0.533073 45.231510, -0.530509 45.235074, -0.527946 45.238639, -0.525382 45.242203, -0.522818 45.245767, -0.520253 45.249331, -0.517689 45.252895, -0.515124 45.256459, -0.512558 45.260023, -0.509992 45.263587, -0.507426 45.267150, -0.504860 45.270714, -0.502293 45.274278, -0.499726 45.277841, -0.497159 45.281405, -0.494591 45.284968, -0.492023 45.288532, -0.489455 45.292095, -0.486886 45.295658, -0.484317 45.299221, -0.481748 45.302785, -0.479178 45.306348, -0.476608 45.309911, -0.474038 45.313474, -0.471467 45.317037, -0.468896 45.320600, -0.466325 45.324162, -0.463753 45.327725, -0.461181 45.331288, -0.458609 45.334851, -0.456037 45.338413, -0.453464 45.341976, -0.450891 45.345538, -0.448317 45.349101, -0.445743 45.352663, -0.443169 45.356225, -0.440594 45.359788, -0.438020 45.363350, -0.435445 45.366912, -0.432869 45.370474, -0.430293 45.374036, -0.427717 45.377598, -0.425141 45.381160, -0.422564 45.384722, -0.419987 45.388283, -0.417409 45.391845, -0.414832 45.395407, -0.412254 45.398969, -0.409675 45.402530, -0.407097 45.406092, -0.404517 45.409653, -0.401938 45.413214, -0.399358 45.416776, -0.396778 45.420337, -0.394198 45.423898, -0.391617 45.427459, -0.389036 45.431020, -0.386455 45.434581, -0.383873 45.438142, -0.381291 45.441703, -0.378709 45.445264, -0.376127 45.448825, -0.373544 45.452386, -0.370960 45.455946, -0.368377 45.459507, -0.365793 45.463068, -0.363209 45.466628, -0.360624 45.470189, -0.358039 45.473749, -0.355454 45.477309, -0.352868 45.480870, -0.350282 45.484430, -0.347696 45.487990, -0.345110 45.491550, -0.342523 45.495110, -0.339936 45.498670, -0.337348 45.502230, -0.334760 45.505790, -0.332172 45.509350, -0.329584 45.512909, -0.326995 45.516469, -0.324406 45.520029, -0.321816 45.523588, -0.319226 45.527148, -0.316636 45.530707, -0.314046 45.534267, -0.311455 45.537826, -0.308864 45.541385, -0.306272 45.544945, -0.303680 45.548504, -0.301088 45.552063, -0.298496 45.555622, -0.295903 45.559181, -0.293310 45.562740, -0.290717 45.566299, -0.288123 45.569858, -0.285529 45.573416, -0.282934 45.576975, -0.280340 45.580534, -0.277745 45.584092, -0.275149 45.587651, -0.272553 45.591209, -0.269957 45.594768, -0.267361 45.598326, -0.264764 45.601884, -0.262167 45.605442, -0.259570 45.609001, -0.256972 45.612559, -0.254374 45.616117, -0.251776 45.619675, -0.249177 45.623233, -0.246578 45.626791, -0.243979 45.630348, -0.241379 45.633906, -0.238779 45.637464, -0.236179 45.641021, -0.233578 45.644579, -0.230977 45.648137, -0.228376 45.651694, -0.225774 45.655251, -0.223172 45.658809, -0.220570 45.662366, -0.217967 45.665923, -0.215364 45.669480, -0.212761 45.673038, -0.210157 45.676595, -0.207553 45.680152, -0.204949 45.683708, -0.202344 45.687265, -0.199739 45.690822, -0.197134 45.694379, -0.194528 45.697936, -0.191922 45.701492, -0.189316 45.705049, -0.186709 45.708605, -0.184102 45.712162, -0.181495 45.715718, -0.178888 45.719275, -0.176280 45.722831, -0.173671 45.726387, -0.171063 45.729943, -0.168454 45.733499, -0.165844 45.737055, -0.163235 45.740611, -0.160625 45.744167, -0.158015 45.747723, -0.155404 45.751279, -0.152793 45.754835, -0.150182 45.758390, -0.147570 45.761946, -0.144958 45.765501, -0.142346 45.769057, -0.139733 45.772612, -0.137120 45.776168, -0.134507 45.779723, -0.131893 45.783278, -0.129279 45.786834, -0.126665 45.790389, -0.124051 45.793944, -0.121436 45.797499, -0.118820 45.801054, -0.116205 45.804609, -0.113589 45.808164, -0.110973 45.811718, -0.108356 45.815273, -0.105739 45.818828, -0.103122 45.822382, -0.100504 45.825937, -0.097886 45.829491, -0.095268 45.833046, -0.092649 45.836600, -0.090030 45.840155, -0.087411 45.843709, -0.084791 45.847263, -0.082171 45.850817, -0.079551 45.854371, -0.076930 45.857925, -0.074310 45.861479, -0.071688 45.865033, -0.069067 45.868587, -0.066445 45.872141, -0.063822 45.875694, -0.061200 45.879248, -0.058577 45.882802, -0.055953 45.886355, -0.053330 45.889909, -0.050706 45.893462, -0.048081 45.897015, -0.045457 45.900569, -0.042832 45.904122, -0.040206 45.907675, -0.037581 45.911228, -0.034955 45.914781, -0.032328 45.918334, -0.029702 45.921887, -0.027075 45.925440, -0.024447 45.928993, -0.021820 45.932546, -0.019192 45.936098, -0.016563 45.939651, -0.013935 45.943203, -0.011306 45.946756, -0.008676 45.950308, -0.006047 45.953861, -0.003417 45.957413, -0.000786 45.960965, 0.001845 45.964518, 0.004476 45.968070, 0.007107 45.971622, 0.009739 45.975174, 0.012371 45.978726, 0.015003 45.982278, 0.017636 45.985830, 0.020269 45.989381, 0.022902 45.992933, 0.025536 45.996485, 0.028170 46.000036, 0.030805 46.003588, 0.033439 46.007139, 0.036075 46.010691, 0.038710 46.014242, 0.041346 46.017793, 0.043982 46.021345, 0.046618 46.024896, 0.049255 46.028447, 0.051892 46.031998, 0.054530 46.035549, 0.057168 46.039100, 0.059806 46.042651, 0.062444 46.046202, 0.065083 46.049752, 0.067722 46.053303, 0.070362 46.056854, 0.073002 46.060404, 0.075642 46.063955, 0.078282 46.067505, 0.080923 46.071056, 0.083564 46.074606, 0.086206 46.078156, 0.088848 46.081706, 0.091490 46.085257, 0.094133 46.088807, 0.096776 46.092357, 0.099419 46.095907, 0.102062 46.099457, 0.104706 46.103006, 0.107351 46.106556, 0.109995 46.110106, 0.112640 46.113656, 0.115285 46.117205, 0.117931 46.120755, 0.120577 46.124304, 0.123223 46.127854, 0.125870 46.131403, 0.128517 46.134952, 0.131164 46.138501, 0.133812 46.142051, 0.136460 46.145600, 0.139108 46.149149, 0.141757 46.152698, 0.144406 46.156247, 0.147056 46.159796, 0.149705 46.163344, 0.152355 46.166893, 0.155006 46.170442, 0.157657 46.173990, 0.160308 46.177539, 0.162959 46.181087, 0.165611 46.184636, 0.168263 46.188184, 0.170915 46.191733, 0.173568 46.195281, 0.176221 46.198829, 0.178875 46.202377, 0.181529 46.205925, 0.184183 46.209473, 0.186837 46.213021, 0.189492 46.216569, 0.192148 46.220117, 0.194803 46.223665, 0.197459 46.227212, 0.200115 46.230760, 0.202772 46.234308, 0.205429 46.237855, 0.208086 46.241402, 0.210744 46.244950, 0.213402 46.248497, 0.216060 46.252044, 0.218718 46.255592, 0.221377 46.259139, 0.224037 46.262686, 0.226696 46.266233, 0.229357 46.269780, 0.232017 46.273327, 0.234678 46.276874, 0.237339 46.280420, 0.240000 46.283967, 0.242662 46.287514, 0.245324 46.291060, 0.247986 46.294607, 0.250649 46.298153, 0.253312 46.301700, 0.255976 46.305246, 0.258639 46.308792, 0.261304 46.312339, 0.263968 46.315885, 0.266633 46.319431, 0.269298 46.322977, 0.271964 46.326523, 0.274630 46.330069, 0.277296 46.333615, 0.279962 46.337160, 0.282629 46.340706, 0.285297 46.344252, 0.287964 46.347797, 0.290632 46.351343, 0.293300 46.354888, 0.295969 46.358434, 0.298638 46.361979, 0.301307 46.365524, 0.303977 46.369070, 0.306647 46.372615, 0.309318 46.376160, 0.311988 46.379705, 0.314659 46.383250, 0.317331 46.386795, 0.320003 46.390340, 0.322675 46.393884, 0.325347 46.397429, 0.328020 46.400974, 0.330693 46.404518, 0.333367 46.408063, 0.336041 46.411607, 0.338715 46.415152, 0.341389 46.418696, 0.344064 46.422241, 0.346739 46.425785, 0.349415 46.429329, 0.352091 46.432873, 0.354767 46.436417, 0.357444 46.439961, 0.360121 46.443505, 0.362798 46.447049, 0.365476 46.450593, 0.368154 46.454136, 0.370832 46.457680, 0.373511 46.461224, 0.376190 46.464767, 0.378870 46.468311, 0.381549 46.471854, 0.384229 46.475397, 0.386910 46.478941, 0.389591 46.482484, 0.392272 46.486027, 0.394953 46.489570, 0.397635 46.493113, 0.400318 46.496656, 0.403000 46.500199, 0.405683 46.503742, 0.408366 46.507285, 0.411050 46.510828, 0.413734 46.514370, 0.416418 46.517913, 0.419103 46.521455, 0.421788 46.524998, 0.424473 46.528540, 0.427159 46.532083, 0.429845 46.535625, 0.432531 46.539167, 0.435218 46.542709, 0.437905 46.546251, 0.440593 46.549793, 0.443281 46.553335, 0.445969 46.556877, 0.448657 46.560419, 0.451346 46.563961, 0.454035 46.567503, 0.456725 46.571044, 0.459415 46.574586, 0.462105 46.578127, 0.464796 46.581669, 0.467487 46.585210, 0.470178 46.588752, 0.472870 46.592293, 0.475562 46.595834, 0.478254 46.599375, 0.480947 46.602916, 0.483640 46.606457, 0.486334 46.609998, 0.489027 46.613539, 0.491722 46.617080, 0.494416 46.620621, 0.497111 46.624162, 0.499806 46.627702, 0.502502 46.631243, 0.505198 46.634783, 0.507894 46.638324, 0.510591 46.641864, 0.513287 46.645405, 0.515985 46.648945, 0.518682 46.652485, 0.521381 46.656025, 0.524079 46.659565, 0.526778 46.663105, 0.529477 46.666645, 0.532176 46.670185, 0.534876 46.673725, 0.537576 46.677265, 0.540277 46.680804, 0.542978 46.684344, 0.545679 46.687884, 0.548380 46.691423, 0.551082 46.694962, 0.553784 46.698502, 0.556487 46.702041, 0.559190 46.705580, 0.561893 46.709120, 0.564597 46.712659, 0.567301 46.716198, 0.570006 46.719737, 0.572710 46.723276, 0.575415 46.726815, 0.578121 46.730353, 0.580827 46.733892, 0.583533 46.737431, 0.586239 46.740969, 0.588946 46.744508, 0.591654 46.748046, 0.594361 46.751585, 0.597069 46.755123, 0.599777 46.758662, 0.602486 46.762200, 0.605195 46.765738, 0.607905 46.769276, 0.610614 46.772814, 0.613324 46.776352, 0.616035 46.779890, 0.618746 46.783428, 0.621457 46.786966, 0.624168 46.790503, 0.626880 46.794041, 0.629592 46.797579, 0.632305 46.801116, 0.635018 46.804654, 0.637731 46.808191, 0.640445 46.811728, 0.643159 46.815266, 0.645873 46.818803, 0.648588 46.822340, 0.651303 46.825877, 0.654019 46.829414, 0.656734 46.832951, 0.659450 46.836488, 0.662167 46.840025, 0.664884 46.843561, 0.667601 46.847098, 0.670319 46.850635, 0.673037 46.854171, 0.675755 46.857708, 0.678474 46.861244, 0.681193 46.864781, 0.683912 46.868317, 0.686632 46.871853, 0.689352 46.875389, 0.692072 46.878925, 0.694793 46.882462, 0.697514 46.885998, 0.700236 46.889533, 0.702958 46.893069, 0.705680 46.896605, 0.708403 46.900141, 0.711125 46.903676, 0.713849 46.907212, 0.716572 46.910748, 0.719297 46.914283, 0.722021 46.917818, 0.724746 46.921354, 0.727471 46.924889, 0.730196 46.928424, 0.732922 46.931959, 0.735648 46.935495, 0.738375 46.939030, 0.741102 46.942564, 0.743829 46.946099, 0.746557 46.949634, 0.749285 46.953169, 0.752013 46.956704, 0.754742 46.960238, 0.757471 46.963773, 0.760200 46.967307, 0.762930 46.970842, 0.765660 46.974376, 0.768391 46.977910, 0.771122 46.981445, 0.773853 46.984979, 0.776585 46.988513, 0.779317 46.992047, 0.782049 46.995581, 0.784782 46.999115, 0.787515 47.002649, 0.790248 47.006183, 0.792982 47.009716, 0.795716 47.013250, 0.798450 47.016783, 0.801185 47.020317, 0.803921 47.023850, 0.806656 47.027384, 0.809392 47.030917, 0.812128 47.034450, 0.814865 47.037984, 0.817602 47.041517, 0.820340 47.045050, 0.823077 47.048583, 0.825815 47.052116, 0.828554 47.055649, 0.831293 47.059181, 0.834032 47.062714, 0.836772 47.066247, 0.839511 47.069779, 0.842252 47.073312, 0.844992 47.076844, 0.847733 47.080377, 0.850475 47.083909, 0.853217 47.087442, 0.855959 47.090974, 0.858701 47.094506, 0.861444 47.098038, 0.864187 47.101570, 0.866931 47.105102, 0.869675 47.108634, 0.872419 47.112166, 0.875164 47.115697, 0.877909 47.119229, 0.880654 47.122761, 0.883400 47.126292, 0.886146 47.129824, 0.888893 47.133355, 0.891639 47.136887, 0.894387 47.140418, 0.897134 47.143949, 0.899882 47.147480, 0.902630 47.151011, 0.905379 47.154542, 0.908128 47.158073, 0.910878 47.161604, 0.913627 47.165135, 0.916378 47.168666, 0.919128 47.172197, 0.921879 47.175727, 0.924630 47.179258, 0.927382 47.182788, 0.930134 47.186319, 0.932886 47.189849, 0.935639 47.193379, 0.938392 47.196910, 0.941145 47.200440, 0.943899 47.203970, 0.946653 47.207500, 0.949408 47.211030, 0.952163 47.214560, 0.954918 47.218090, 0.957674 47.221620, 0.960430 47.225149, 0.963186 47.228679, 0.965943 47.232209, 0.968700 47.235738, 0.971457 47.239268, 0.974215 47.242797, 0.976973 47.246326, 0.979732 47.249856, 0.982491 47.253385, 0.985250 47.256914, 0.988010 47.260443, 0.990770 47.263972, 0.993530 47.267501, 0.996291 47.271030, 0.999052 47.274558, 1.001814 47.278087, 1.004576 47.281616, 1.007338 47.285144, 1.010101 47.288673, 1.012864 47.292201, 1.015627 47.295730, 1.018391 47.299258, 1.021155 47.302786, 1.023919 47.306315, 1.026684 47.309843, 1.029449 47.313371, 1.032215 47.316899, 1.034981 47.320427, 1.037747 47.323955, 1.040514 47.327482, 1.043281 47.331010, 1.046048 47.334538, 1.048816 47.338065, 1.051584 47.341593, 1.054353 47.345120, 1.057122 47.348648, 1.059891 47.352175, 1.062661 47.355702, 1.065431 47.359229, 1.068201 47.362757, 1.070972 47.366284, 1.073743 47.369811, 1.076514 47.373338, 1.079286 47.376864, 1.082058 47.380391, 1.084831 47.383918, 1.087604 47.387445, 1.090377 47.390971, 1.093151 47.394498, 1.095925 47.398024, 1.098700 47.401551, 1.101474 47.405077, 1.104250 47.408603, 1.107025 47.412129, 1.109801 47.415656, 1.112577 47.419182, 1.115354 47.422708, 1.118131 47.426233, 1.120909 47.429759, 1.123686 47.433285, 1.126465 47.436811, 1.129243 47.440336, 1.132022 47.443862, 1.134801 47.447388, 1.137581 47.450913, 1.140361 47.454438, 1.143142 47.457964, 1.145922 47.461489, 1.148704 47.465014, 1.151485 47.468539, 1.154267 47.472064, 1.157049 47.475589, 1.159832 47.479114, 1.162615 47.482639, 1.165398 47.486164, 1.168182 47.489689, 1.170966 47.493213, 1.173751 47.496738, 1.176536 47.500262, 1.179321 47.503787, 1.182107 47.507311, 1.184893 47.510835, 1.187679 47.514360, 1.190466 47.517884, 1.193253 47.521408, 1.196040 47.524932, 1.198828 47.528456, 1.201617 47.531980, 1.204405 47.535504, 1.207194 47.539028, 1.209984 47.542551, 1.212773 47.546075, 1.215564 47.549598, 1.218354 47.553122, 1.221145 47.556645, 1.223936 47.560169, 1.226728 47.563692, 1.229520 47.567215, 1.232312 47.570738, 1.235105 47.574261, 1.237898 47.577785, 1.240692 47.581307, 1.243486 47.584830, 1.246280 47.588353, 1.249075 47.591876, 1.251870 47.595399, 1.254665 47.598921, 1.257461 47.602444, 1.260257 47.605966, 1.263053 47.609489, 1.265850 47.613011, 1.268648 47.616533, 1.271445 47.620055, 1.274243 47.623578, 1.277042 47.627100, 1.279840 47.630622, 1.282640 47.634144, 1.285439 47.637666, 1.288239 47.641187, 1.291039 47.644709, 1.293840 47.648231, 1.296641 47.651752, 1.299443 47.655274, 1.302244 47.658795, 1.305047 47.662317, 1.307849 47.665838, 1.310652 47.669359, 1.313455 47.672880, 1.316259 47.676402, 1.319063 47.679923, 1.321868 47.683444, 1.324673 47.686965, 1.327478 47.690485, 1.330283 47.694006, 1.333089 47.697527, 1.335896 47.701047, 1.338702 47.704568, 1.341510 47.708089, 1.344317 47.711609, 1.347125 47.715129, 1.349933 47.718650, 1.352742 47.722170, 1.355551 47.725690, 1.358360 47.729210, 1.361170 47.732730, 1.363980 47.736250, 1.366791 47.739770, 1.369602 47.743290, 1.372413 47.746810, 1.375224 47.750329, 1.378037 47.753849, 1.380849 47.757368, 1.383662 47.760888, 1.386475 47.764407, 1.389289 47.767927, 1.392102 47.771446, 1.394917 47.774965, 1.397732 47.778484, 1.400547 47.782003, 1.403362 47.785522, 1.406178 47.789041, 1.408994 47.792560, 1.411811 47.796079, 1.414628 47.799598, 1.417445 47.803116, 1.420263 47.806635, 1.423081 47.810153, 1.425900 47.813672, 1.428719 47.817190, 1.431538 47.820708, 1.434358 47.824227, 1.437178 47.827745, 1.439998 47.831263, 1.442819 47.834781, 1.445640 47.838299, 1.448462 47.841817, 1.451284 47.845335, 1.454106 47.848852, 1.456929 47.852370, 1.459752 47.855888, 1.462575 47.859405, 1.465399 47.862923, 1.468223 47.866440, 1.471048 47.869957, 1.473873 47.873475, 1.476699 47.876992, 1.479524 47.880509, 1.482351 47.884026, 1.485177 47.887543, 1.488004 47.891060, 1.490831 47.894577, 1.493659 47.898094, 1.496487 47.901610, 1.499316 47.905127, 1.502145 47.908643, 1.504974 47.912160, 1.507804 47.915676, 1.510634 47.919193, 1.513464 47.922709, 1.516295 47.926225, 1.519126 47.929741, 1.521957 47.933258, 1.524789 47.936774, 1.527622 47.940290, 1.530455 47.943805, 1.533288 47.947321, 1.536121 47.950837, 1.538955 47.954353, 1.541789 47.957868, 1.544624 47.961384, 1.547459 47.964899, 1.550294 47.968415, 1.553130 47.971930, 1.555966 47.975445, 1.558803 47.978960, 1.561640 47.982475, 1.564477 47.985990, 1.567315 47.989505, 1.570153 47.993020, 1.572992 47.996535, 1.575831 48.000050, 1.578670 48.003565, 1.581510 48.007079, 1.584350 48.010594, 1.587190 48.014108, 1.590031 48.017623, 1.592872 48.021137, 1.595714 48.024651, 1.598556 48.028165, 1.601398 48.031680, 1.604241 48.035194, 1.607084 48.038708, 1.609928 48.042222, 1.612771 48.045735, 1.615616 48.049249, 1.618461 48.052763, 1.621306 48.056277, 1.624151 48.059790, 1.626997 48.063304, 1.629843 48.066817, 1.632690 48.070330, 1.635537 48.073844, 1.638384 48.077357, 1.641232 48.080870, 1.644080 48.084383, 1.646929 48.087896, 1.649778 48.091409, 1.652627 48.094922, 1.655477 48.098435, 1.658327 48.101947, 1.661178 48.105460, 1.664029 48.108973, 1.666880 48.112485, 1.669732 48.115998, 1.672584 48.119510, 1.675436 48.123022, 1.678289 48.126535, 1.681143 48.130047, 1.683996 48.133559, 1.686850 48.137071, 1.689705 48.140583, 1.692560 48.144095, 1.695415 48.147606, 1.698270 48.151118, 1.701126 48.154630, 1.703983 48.158141, 1.706840 48.161653, 1.709697 48.165164, 1.712554 48.168676, 1.715412 48.172187, 1.718271 48.175698, 1.721129 48.179209, 1.723989 48.182721, 1.726848 48.186232, 1.729708 48.189743, 1.732568 48.193253, 1.735429 48.196764, 1.738290 48.200275, 1.741152 48.203786, 1.744014 48.207296, 1.746876 48.210807, 1.749738 48.214317, 1.752602 48.217828, 1.755465 48.221338, 1.758329 48.224848, 1.761193 48.228358, 1.764058 48.231868, 1.766923 48.235379, 1.769788 48.238888, 1.772654 48.242398, 1.775520 48.245908, 1.778387 48.249418, 1.781254 48.252928, 1.784121 48.256437, 1.786989 48.259947, 1.789857 48.263456, 1.792726 48.266966, 1.795595 48.270475, 1.798464 48.273984, 1.801334 48.277493, 1.804204 48.281002, 1.807074 48.284511, 1.809945 48.288020, 1.812817 48.291529, 1.815688 48.295038, 1.818561 48.298547, 1.821433 48.302056, 1.824306 48.305564, 1.827179 48.309073, 1.830053 48.312581, 1.832927 48.316090, 1.835802 48.319598, 1.838676 48.323106, 1.841552 48.326614, 1.844427 48.330122, 1.847303 48.333630, 1.850180 48.337138, 1.853057 48.340646, 1.855934 48.344154, 1.858812 48.347662, 1.861690 48.351170, 1.864568 48.354677, 1.867447 48.358185, 1.870326 48.361692, 1.873206 48.365200, 1.876086 48.368707, 1.878966 48.372214, 1.881847 48.375721, 1.884728 48.379228, 1.887610 48.382735, 1.890492 48.386242, 1.893374 48.389749, 1.896257 48.393256, 1.899140 48.396763, 1.902024 48.400269, 1.904908 48.403776, 1.907792 48.407283, 1.910677 48.410789, 1.913562 48.414295, 1.916448 48.417802, 1.919334 48.421308, 1.922220 48.424814, 1.925107 48.428320, 1.927994 48.431826, 1.930882 48.435332, 1.933770 48.438838, 1.936658 48.442344, 1.939547 48.445850, 1.942436 48.449355, 1.945326 48.452861, 1.948216 48.456366, 1.951106 48.459872, 1.953997 48.463377, 1.956888 48.466882, 1.959780 48.470388, 1.962672 48.473893, 1.965564 48.477398, 1.968457 48.480903, 1.971350 48.484408, 1.974244 48.487913, 1.977138 48.491417, 1.980032 48.494922, 1.982927 48.498427, 1.985822 48.501931, 1.988717 48.505436, 1.991613 48.508940, 1.994510 48.512445, 1.997407 48.515949, 2.000304 48.519453, 2.003201 48.522957, 2.006099 48.526461, 2.008998 48.529965, 2.011896 48.533469, 2.014796 48.536973, 2.017695 48.540477, 2.020595 48.543980, 2.023496 48.547484, 2.026396 48.550988, 2.029298 48.554491, 2.032199 48.557995, 2.035101 48.561498, 2.038004 48.565001, 2.040906 48.568504, 2.043810 48.572007, 2.046713 48.575510, 2.049617 48.579013, 2.052522 48.582516, 2.055426 48.586019, 2.058332 48.589522, 2.061237 48.593025, 2.064143 48.596527, 2.067050 48.600030, 2.069956 48.603532, 2.072864 48.607035, 2.075771 48.610537, 2.078679 48.614039, 2.081588 48.617541, 2.084497 48.621043, 2.087406 48.624545, 2.090315 48.628047, 2.093226 48.631549, 2.096136 48.635051, 2.099047 48.638553, 2.101958 48.642054, 2.104870 48.645556, 2.107782 48.649057, 2.110694 48.652559, 2.113607 48.656060, 2.116521 48.659561, 2.119434 48.663063, 2.122348 48.666564, 2.125263 48.670065, 2.128178 48.673566, 2.131093 48.677067, 2.134009 48.680568, 2.136925 48.684068, 2.139841 48.687569, 2.142758 48.691070, 2.145676 48.694570, 2.148593 48.698071, 2.151512 48.701571, 2.154430 48.705071, 2.157349 48.708572, 2.160268 48.712072, 2.163188 48.715572, 2.166108 48.719072, 2.169029 48.722572, 2.171950 48.726072, 2.174871 48.729572, 2.177793 48.733071, 2.180715 48.736571, 2.183638 48.740071, 2.186561 48.743570, 2.189484 48.747070, 2.192408 48.750569, 2.195333 48.754068, 2.198257 48.757567, 2.201182 48.761067, 2.204108 48.764566, 2.207034 48.768065, 2.209960 48.771564, 2.212887 48.775062, 2.215814 48.778561, 2.218741 48.782060, 2.221669 48.785559, 2.224597 48.789057, 2.227526 48.792556, 2.230455 48.796054, 2.233385 48.799552, 2.236315 48.803051, 2.239245 48.806549, 2.242176 48.810047, 2.245107 48.813545, 2.248039 48.817043, 2.250971 48.820541, 2.253903 48.824039, 2.256836 48.827536, 2.259769 48.831034, 2.262703 48.834531, 2.265637 48.838029, 2.268571 48.841526, 2.271506 48.845024, 2.274442 48.848521, 2.277377 48.852018, 2.280313 48.855515, 2.283250 48.859012, 2.286187 48.862509, 2.289124 48.866006, 2.292062 48.869503, 2.295000 48.873000))
