MULTILINESTRING ((-121.500000 38.584000, -121.497901 38.585556, -121.495802 38.587111, -121.493702 38.588666, -121.491603 38.590222, -121.489503 38.591777, -121.487404 38.593333, -121.485304 38.594888, -121.483204 38.596443, -121.481104 38.597998, -121.479004 38.599554, -121.476904 38.601109, -121.474804 38.602664, -121.472704 38.604219, -121.470604 38.605774, -121.468503 38.607329, -121.466403 38.608884, -121.464302 38.610439, -121.462202 38.611994, -121.460101 38.613549, -121.458000 38.615104, -121.455899 38.616658, -121.453798 38.618213, -121.451697 38.619768, -121.449595 38.621323, -121.447494 38.622877, -121.445393 38.624432, -121.443291 38.625986, -121.441190 38.627541, -121.439088 38.629095, -121.436986 38.630650, -121.434884 38.632204, -121.432782 38.633759, -121.430680 38.635313, -121.428578 38.636867, -121.426476 38.638421, -121.424374 38.639976, -121.422271 38.641530, -121.420169 38.643084, -121.418066 38.644638, -121.415963 38.646192, -121.413860 38.647746, -121.411758 38.649300, -121.409655 38.650854, -121.407552 38.652408, -121.405448 38.653962, -121.403345 38.655516, -121.401242 38.657070, -121.399138 38.658623, -121.397035 38.660177, -121.394931 38.661731, -121.392828 38.663284, -121.390724 38.664838, -121.388620 38.666392, -121.386516 38.667945, -121.384412 38.669499, -121.382308 38.671052, -121.380204 38.672606, -121.378099 38.674159, -121.375995 38.675712, -121.373890 38.677266, -121.371786 38.678819, -121.369681 38.680372, -121.367576 38.681925, -121.365471 38.683479, -121.363366 38.685032, -121.361261 38.686585, -121.359156 38.688138, -121.357051 38.689691, -121.354945 38.691244, -121.352840 38.692797, -121.350734 38.694350, -121.348629 38.695903, -121.346523 38.697455, -121.344417 38.699008, -121.342311 38.700561, -121.340205 38.702114, -121.338099 38.703666, -121.335993 38.705219, -121.333887 38.706772, -121.331781 38.708324, -121.329674 38.709877, -121.327568 38.711429, -121.325461 38.712982, -121.323354 38.714534, -121.321248 38.716086, -121.319141 38.717639, -121.317034 38.719191, -121.314927 38.720743, -121.312819 38.722295, -121.310712 38.723848, -121.308605 38.725400, -121.306497 38.726952, -121.304390 38.728504, -121.302282 38.730056, -121.300174 38.731608, -121.298067 38.733160, -121.295959 38.734712, -121.293851 38.736264, -121.291743 38.737816, -121.289634 38.739367, -121.287526 38.740919, -121.285418 38.742471, -121.283309 38.744023, -121.281201 38.745574, -121.279092 38.747126, -121.276983 38.748677, -121.274875 38.750229, -121.272766 38.751781, -121.270657 38.753332, -121.268548 38.754883, -121.266438 38.756435, -121.264329 38.757986, -121.262220 38.759537, -121.260110 38.761089, -121.258001 38.762640, -121.255891 38.764191, -121.253781 38.765742, -121.251672 38.767293, -121.249562 38.768845, -121.247452 38.770396, -121.245341 38.771947, -121.243231 38.773498, -121.241121 38.775049, -121.239011 38.776599, -121.236900 38.778150, -121.234790 38.779701, -121.232679 38.781252, -121.230568 38.782803, -121.228457 38.784353, -121.226346 38.785904, -121.224235 38.787455, -121.222124 38.789005, -121.220013 38.790556, -121.217902 38.792106, -121.215790 38.793657, -121.213679 38.795207, -121.211567 38.796758, -121.209456 38.798308, -121.207344 38.799858, -121.205232 38.801409, -121.203120 38.802959, -121.201008 38.804509, -121.198896 38.806059, -121.196784 38.807609, -121.194671 38.809159, -121.192559 38.810710, -121.190447 38.812260, -121.188334 38.813810, -121.186221 38.815359, -121.184109 38.816909, -121.181996 38.818459, -121.179883 38.820009, -121.177770 38.821559, -121.175657 38.823109, -121.173543 38.824658, -121.171430 38.826208, -121.169317 38.827758, -121.167203 38.829307, -121.165089 38.830857, -121.162976 38.832406, -121.160862 38.833956, -121.158748 38.835505, -121.156634 38.837055, -121.154520 38.838604, -121.152406 38.840153, -121.150292 38.841703, -121.148177 38.843252, -121.146063 38.844801, -121.143948 38.846350, -121.141834 38.847900, -121.139719 38.849449, -121.137604 38.850998, -121.135489 38.852547, -121.133374 38.854096, -121.131259 38.855645, -121.129144 38.857194, -121.127029 38.858743, -121.124914 38.860291, -121.122798 38.861840, -121.120683 38.863389, -121.118567 38.864938, -121.116451 38.866486, -121.114336 38.868035, -121.112220 38.869584, -121.110104 38.871132, -121.107988 38.872681, -121.105871 38.874229, -121.103755 38.875778, -121.101639 38.877326, -121.099522 38.878874, -121.097406 38.880423, -121.095289 38.881971, -121.093172 38.883519, -121.091056 38.885068, -121.088939 38.886616, -121.086822 38.888164, -121.084705 38.889712, -121.082587 38.891260, -121.080470 38.892808, -121.078353 38.894356, -121.076235 38.895904, -121.074118 38.897452, -121.072000 38.899000, -121.070799 38.901052, -121.069599 38.903103, -121.068398 38.905155, -121.067197 38.907206, -121.065996 38.909258, -121.064795 38.911310, -121.063594 38.913361, -121.062392 38.915413, -121.061191 38.917464, -121.059990 38.919516, -121.058788 38.921567, -121.057587 38.923619, -121.056385 38.925670, -121.055184 38.927722, -121.053982 38.929773, -121.052780 38.931824, -121.051579 38.933876, -121.050377 38.935927, -121.049175 38.937979, -121.047973 38.940030, -121.046771 38.942081, -121.045568 38.944133, -121.044366 38.946184, -121.043164 38.948235, -121.041962 38.950287, -121.040759 38.952338, -121.039557 38.954389, -121.038354 38.956441, -121.037151 38.958492, -121.035949 38.960543, -121.034746 38.962594, -121.033543 38.964646, -121.032340 38.966697, -121.031137 38.968748, -121.029934 38.970799, -121.028731 38.972851, -121.027528 38.974902, -121.026324 38.976953, -121.025121 38.979004, -121.023918 38.981055, -121.022714 38.983106, -121.021511 38.985157, -121.020307 38.987209, -121.019103 38.989260, -121.017900 38.991311, -121.016696 38.993362, -121.015492 38.995413, -121.014288 38.997464, -121.013084 38.999515, -121.011880 39.001566, -121.010676 39.003617, -121.009471 39.005668, -121.008267 39.007719, -121.007063 39.009770, -121.005858 39.011821, -121.004654 39.013872, -121.003449 39.015923, -121.002244 39.017974, -121.001040 39.020024, -120.999835 39.022075, -120.998630 39.024126, -120.997425 39.026177, -120.996220 39.028228, -120.995015 39.030279, -120.993810 39.032330, -120.992604 39.034380, -120.991399 39.036431, -120.990194 39.038482, -120.988988 39.040533, -120.987783 39.042584, -120.986577 39.044634, -120.985372 39.046685, -120.984166 39.048736, -120.982960 39.050787, -120.981754 39.052837, -120.980548 39.054888, -120.979342 39.056939, -120.978136 39.058989, -120.976930 39.061040, -120.975724 39.063091, -120.974518 39.065141, -120.973311 39.067192, -120.972105 39.069242, -120.970898 39.071293, -120.969692 39.073344, -120.968485 39.075394, -120.967278 39.077445, -120.966072 39.079495, -120.964865 39.081546, -120.963658 39.083596, -120.962451 39.085647, -120.961244 39.087697, -120.960037 39.089748, -120.958829 39.091798, -120.957622 39.093849, -120.956415 39.095899, -120.955207 39.097950, -120.954000 39.100000, -120.951275 39.100814, -120.948549 39.101628, -120.945824 39.102442, -120.943099 39.103255, -120.940373 39.104069, -120.937648 39.104883, -120.934922 39.105696, -120.932196 39.106510, -120.929471 39.107323, -120.926745 39.108136, -120.924019 39.108950, -120.921293 39.109763, -120.918567 39.110576, -120.915841 39.111389, -120.913115 39.112202, -120.910389 39.113015, -120.907663 39.113828, -120.904936 39.114641, -120.902210 39.115454, -120.899484 39.116266, -120.896757 39.117079, -120.894031 39.117892, -120.891304 39.118704, -120.888577 39.119517, -120.885851 39.120329, -120.883124 39.121141, -120.880397 39.121954, -120.877670 39.122766, -120.874943 39.123578, -120.872216 39.124390, -120.869489 39.125202, -120.866762 39.126014, -120.864034 39.126826, -120.861307 39.127638, -120.858580 39.128449, -120.855852 39.129261, -120.853125 39.130073, -120.850397 39.130884, -120.847670 39.131696, -120.844942 39.132507, -120.842214 39.133319, -120.839486 39.134130, -120.836759 39.134941, -120.834031 39.135752, -120.831303 39.136564, -120.828575 39.137375, -120.825846 39.138186, -120.823118 39.138997, -120.820390 39.139807, -120.817662 39.140618, -120.814933 39.141429, -120.812205 39.142240, -120.809476 39.143050, -120.806748 39.143861, -120.804019 39.144671, -120.801291 39.145482, -120.798562 39.146292, -120.795833 39.147102, -120.793104 39.147913, -120.790375 39.148723, -120.787646 39.149533, -120.784917 39.150343, -120.782188 39.151153, -120.779459 39.151963, -120.776730 39.152773, -120.774000 39.153583, -120.771271 39.154392, -120.768542 39.155202, -120.765812 39.156012, -120.763082 39.156821, -120.760353 39.157631, -120.757623 39.158440, -120.754893 39.159249, -120.752164 39.160059, -120.749434 39.160868, -120.746704 39.161677, -120.743974 39.162486, -120.741244 39.163295, -120.738514 39.164104, -120.735783 39.164913, -120.733053 39.165722, -120.730323 39.166531, -120.727592 39.167339, -120.724862 39.168148, -120.722131 39.168957, -120.719401 39.169765, -120.716670 39.170573, -120.713940 39.171382, -120.711209 39.172190, -120.708478 39.172998, -120.705747 39.173807, -120.703016 39.174615, -120.700285 39.175423, -120.697554 39.176231, -120.694823 39.177039, -120.692092 39.177847, -120.689361 39.178655, -120.686629 39.179462, -120.683898 39.180270, -120.681166 39.181078, -120.678435 39.181885, -120.675703 39.182693, -120.672972 39.183500, -120.670240 39.184307, -120.667508 39.185115, -120.664776 39.185922, -120.662045 39.186729, -120.659313 39.187536, -120.656581 39.188343, -120.653849 39.189150, -120.651116 39.189957, -120.648384 39.190764, -120.645652 39.191571, -120.642920 39.192378, -120.640187 39.193184, -120.637455 39.193991, -120.634722 39.194797, -120.631990 39.195604, -120.629257 39.196410, -120.626524 39.197217, -120.623792 39.198023, -120.621059 39.198829, -120.618326 39.199635, -120.615593 39.200441, -120.612860 39.201247, -120.610127 39.202053, -120.607394 39.202859, -120.604660 39.203665, -120.601927 39.204471, -120.599194 39.205277, -120.596460 39.206082, -120.593727 39.206888, -120.590994 39.207693, -120.588260 39.208499, -120.585526 39.209304, -120.582793 39.210110, -120.580059 39.210915, -120.577325 39.211720, -120.574591 39.212525, -120.571857 39.213330, -120.569123 39.214135, -120.566389 39.214940, -120.563655 39.215745, -120.560921 39.216550, -120.558186 39.217355, -120.555452 39.218159, -120.552718 39.218964, -120.549983 39.219769, -120.547249 39.220573, -120.544514 39.221377, -120.541780 39.222182, -120.539045 39.222986, -120.536310 39.223790, -120.533575 39.224595, -120.530840 39.225399, -120.528105 39.226203, -120.525370 39.227007, -120.522635 39.227811, -120.519900 39.228614, -120.517165 39.229418, -120.514430 39.230222, -120.511694 39.231026, -120.508959 39.231829, -120.506223 39.232633, -120.503488 39.233436, -120.500752 39.234240, -120.498017 39.235043, -120.495281 39.235846, -120.492545 39.236650, -120.489809 39.237453, -120.487073 39.238256, -120.484338 39.239059, -120.481601 39.239862, -120.478865 39.240665, -120.476129 39.241467, -120.473393 39.242270, -120.470657 39.243073, -120.467920 39.243876, -120.465184 39.244678, -120.462448 39.245481, -120.459711 39.246283, -120.456974 39.247085, -120.454238 39.247888, -120.451501 39.248690, -120.448764 39.249492, -120.446028 39.250294, -120.443291 39.251096, -120.440554 39.251898, -120.437817 39.252700, -120.435080 39.253502, -120.432342 39.254304, -120.429605 39.255106, -120.426868 39.255908, -120.424131 39.256709, -120.421393 39.257511, -120.418656 39.258312, -120.415918 39.259114, -120.413181 39.259915, -120.410443 39.260716, -120.407705 39.261517, -120.404967 39.262319, -120.402230 39.263120, -120.399492 39.263921, -120.396754 39.264722, -120.394016 39.265523, -120.391278 39.266324, -120.388539 39.267124, -120.385801 39.267925, -120.383063 39.268726, -120.380325 39.269526, -120.377586 39.270327, -120.374848 39.271127, -120.372109 39.271928, -120.369371 39.272728, -120.366632 39.273528, -120.363893 39.274328, -120.361155 39.275129, -120.358416 39.275929, -120.355677 39.276729, -120.352938 39.277529, -120.350199 39.278329, -120.347460 39.279128, -120.344721 39.279928, -120.341981 39.280728, -120.339242 39.281527, -120.336503 39.282327, -120.333763 39.283126, -120.331024 39.283926, -120.328284 39.284725, -120.325545 39.285525, -120.322805 39.286324, -120.320065 39.287123, -120.317326 39.287922, -120.314586 39.288721, -120.311846 39.289520, -120.309106 39.290319, -120.306366 39.291118, -120.303626 39.291917, -120.300886 39.292715, -120.298145 39.293514, -120.295405 39.294313, -120.292665 39.295111, -120.289924 39.295910, -120.287184 39.296708, -120.284443 39.297506, -120.281703 39.298305, -120.278962 39.299103, -120.276221 39.299901, -120.273481 39.300699, -120.270740 39.301497, -120.267999 39.302295, -120.265258 39.303093, -120.262517 39.303891, -120.259776 39.304689, -120.257035 39.305486, -120.254294 39.306284, -120.251552 39.307082, -120.248811 39.307879, -120.246069 39.308677, -120.243328 39.309474, -120.240586 39.310271, -120.237845 39.311068, -120.235103 39.311866, -120.232362 39.312663, -120.229620 39.313460, -120.226878 39.314257, -120.224136 39.315054, -120.221394 39.315851, -120.218652 39.316647, -120.215910 39.317444, -120.213168 39.318241, -120.210426 39.319037, -120.207683 39.319834, -120.204941 39.320630, -120.202199 39.321427, -120.199456 39.322223, -120.196714 39.323020, -120.193971 39.323816, -120.191228 39.324612, -120.188486 39.325408, -120.185743 39.326204, -120.183000 39.327000, -120.180611 39.328309, -120.178221 39.329618, -120.175832 39.330927, -120.173442 39.332235, -120.171053 39.333544, -120.168663 39.334853, -120.166273 39.336162, -120.163884 39.337470, -120.161494 39.338779, -120.159104 39.340087, -120.156713 39.341396, -120.154323 39.342704, -120.151933 39.344013, -120.149542 39.345321, -120.147152 39.346629, -120.144761 39.347937, -120.142371 39.349245, -120.139980 39.350554, -120.137589 39.351862, -120.135198 39.353170, -120.132807 39.354478, -120.130416 39.355786, -120.128025 39.357093, -120.125633 39.358401, -120.123242 39.359709, -120.120851 39.361017, -120.118459 39.362324, -120.116067 39.363632, -120.113676 39.364940, -120.111284 39.366247, -120.108892 39.367555, -120.106500 39.368862, -120.104108 39.370169, -120.101715 39.371477, -120.099323 39.372784, -120.096931 39.374091, -120.094538 39.375398, -120.092146 39.376706, -120.089753 39.378013, -120.087360 39.379320, -120.084968 39.380627, -120.082575 39.381934, -120.080182 39.383241, -120.077789 39.384547, -120.075395 39.385854, -120.073002 39.387161, -120.070609 39.388468, -120.068215 39.389774, -120.065822 39.391081, -120.063428 39.392387, -120.061034 39.393694, -120.058641 39.395000, -120.056247 39.396307, -120.053853 39.397613, -120.051459 39.398919, -120.049064 39.400226, -120.046670 39.401532, -120.044276 39.402838, -120.041881 39.404144, -120.039487 39.405450, -120.037092 39.406756, -120.034697 39.408062, -120.032303 39.409368, -120.029908 39.410674, -120.027513 39.411980, -120.025118 39.413286, -120.022723 39.414591, -120.020327 39.415897, -120.017932 39.417203, -120.015537 39.418508, -120.013141 39.419814, -120.010745 39.421119, -120.008350 39.422425, -120.005954 39.423730, -120.003558 39.425035, -120.001162 39.426341, -119.998766 39.427646, -119.996370 39.428951, -119.993974 39.430256, -119.991577 39.431561, -119.989181 39.432866, -119.986784 39.434171, -119.984388 39.435476, -119.981991 39.436781, -119.979594 39.438086, -119.977198 39.439391, -119.974801 39.440695, -119.972404 39.442000, -119.970006 39.443305, -119.967609 39.444609, -119.965212 39.445914, -119.962814 39.447218, -119.960417 39.448523, -119.958019 39.449827, -119.955622 39.451131, -119.953224 39.452436, -119.950826 39.453740, -119.948428 39.455044, -119.946030 39.456348, -119.943632 39.457652, -119.941234 39.458956, -119.938836 39.460260, -119.936437 39.461564, -119.934039 39.462868, -119.931640 39.464172, -119.929241 39.465476, -119.926843 39.466780, -119.924444 39.468083, -119.922045 39.469387, -119.919646 39.470690, -119.917247 39.471994, -119.914848 39.473298, -119.912448 39.474601, -119.910049 39.475904, -119.907649 39.477208, -119.905250 39.478511, -119.902850 39.479814, -119.900451 39.481118, -119.898051 39.482421, -119.895651 39.483724, -119.893251 39.485027, -119.890851 39.486330, -119.888450 39.487633, -119.886050 39.488936, -119.883650 39.490239, -119.881249 39.491541, -119.878849 39.492844, -119.876448 39.494147, -119.874047 39.495450, -119.871647 39.496752, -119.869246 39.498055, -119.866845 39.499357, -119.864444 39.500660, -119.862042 39.501962, -119.859641 39.503264, -119.857240 39.504567, -119.854838 39.505869, -119.852437 39.507171, -119.850035 39.508473, -119.847634 39.509776, -119.845232 39.511078, -119.842830 39.512380, -119.840428 39.513682, -119.838026 39.514984, -119.835624 39.516285, -119.833221 39.517587, -119.830819 39.518889, -119.828417 39.520191, -119.826014 39.521492, -119.823611 39.522794, -119.821209 39.524096, -119.818806 39.525397, -119.816403 39.526699, -119.814000 39.528000, -119.811849 39.529547, -119.809697 39.531094, -119.807546 39.532640, -119.805394 39.534187, -119.803242 39.535734, -119.801091 39.537280, -119.798939 39.538827, -119.796787 39.540373, -119.794635 39.541920, -119.792482 39.543466, -119.790330 39.545013, -119.788178 39.546559, -119.786025 39.548106, -119.783873 39.549652, -119.781720 39.551198, -119.779567 39.552744, -119.777414 39.554291, -119.775261 39.555837, -119.773108 39.557383, -119.770955 39.558929, -119.768802 39.560475, -119.766649 39.562021, -119.764495 39.563567, -119.762342 39.565113, -119.760188 39.566659, -119.758034 39.568204, -119.755881 39.569750, -119.753727 39.571296, -119.751573 39.572842, -119.749419 39.574387, -119.747264 39.575933, -119.745110 39.577479, -119.742956 39.579024, -119.740801 39.580570, -119.738647 39.582115, -119.736492 39.583661, -119.734337 39.585206, -119.732182 39.586751, -119.730027 39.588297, -119.727872 39.589842, -119.725717 39.591387, -119.723562 39.592932, -119.721406 39.594477, -119.719251 39.596023, -119.717095 39.597568, -119.714940 39.599113, -119.712784 39.600658, -119.710628 39.602203, -119.708472 39.603748, -119.706316 39.605292, -119.704160 39.606837, -119.702004 39.608382, -119.699848 39.609927, -119.697691 39.611472, -119.695535 39.613016, -119.693378 39.614561, -119.691221 39.616105, -119.689065 39.617650, -119.686908 39.619195, -119.684751 39.620739, -119.682594 39.622283, -119.680436 39.623828, -119.678279 39.625372, -119.676122 39.626916, -119.673964 39.628461, -119.671807 39.630005, -119.669649 39.631549, -119.667491 39.633093, -119.665333 39.634637, -119.663175 39.636182, -119.661017 39.637726, -119.658859 39.639270, -119.656701 39.640814, -119.654543 39.642357, -119.652384 39.643901, -119.650226 39.645445, -119.648067 39.646989, -119.645908 39.648533, -119.643749 39.650076, -119.641591 39.651620, -119.639432 39.653164, -119.637272 39.654707, -119.635113 39.656251, -119.632954 39.657794, -119.630795 39.659338, -119.628635 39.660881, -119.626475 39.662425, -119.624316 39.663968, -119.622156 39.665511, -119.619996 39.667055, -119.617836 39.668598, -119.615676 39.670141, -119.613516 39.671684, -119.611356 39.673227, -119.609195 39.674770, -119.607035 39.676313, -119.604874 39.677856, -119.602714 39.679399, -119.600553 39.680942, -119.598392 39.682485, -119.596231 39.684028, -119.594070 39.685571, -119.591909 39.687114, -119.589748 39.688656, -119.587586 39.690199, -119.585425 39.691742, -119.583263 39.693284, -119.581102 39.694827, -119.578940 39.696369, -119.576778 39.697912, -119.574616 39.699454, -119.572454 39.700997, -119.570292 39.702539, -119.568130 39.704081, -119.565968 39.705624, -119.563805 39.707166, -119.561643 39.708708, -119.559480 39.710250, -119.557317 39.711792, -119.555155 39.713334, -119.552992 39.714876, -119.550829 39.716418, -119.548666 39.717960, -119.546503 39.719502, -119.544339 39.721044, -119.542176 39.722586, -119.540012 39.724128, -119.537849 39.725670, -119.535685 39.727211, -119.533522 39.728753, -119.531358 39.730295, -119.529194 39.731836, -119.527030 39.733378, -119.524866 39.734919, -119.522701 39.736461, -119.520537 39.738002, -119.518373 39.739543, -119.516208 39.741085, -119.514043 39.742626, -119.511879 39.744167, -119.509714 39.745709, -119.507549 39.747250, -119.505384 39.748791, -119.503219 39.750332, -119.501054 39.751873, -119.498888 39.753414, -119.496723 39.754955, -119.494557 39.756496, -119.492392 39.758037, -119.490226 39.759578, -119.488060 39.761119, -119.485895 39.762660, -119.483729 39.764200, -119.481563 39.765741, -119.479396 39.767282, -119.477230 39.768822, -119.475064 39.770363, -119.472897 39.771903, -119.470731 39.773444, -119.468564 39.774984, -119.466397 39.776525, -119.464230 39.778065, -119.462063 39.779606, -119.459896 39.781146, -119.457729 39.782686, -119.455562 39.784226, -119.453395 39.785767, -119.451227 39.787307, -119.449060 39.788847, -119.446892 39.790387, -119.444724 39.791927, -119.442557 39.793467, -119.440389 39.795007, -119.438221 39.796547, -119.436053 39.798087, -119.433884 39.799626, -119.431716 39.801166, -119.429548 39.802706, -119.427379 39.804246, -119.425211 39.805785, -119.423042 39.807325, -119.420873 39.808864, -119.418704 39.810404, -119.416535 39.811943, -119.414366 39.813483, -119.412197 39.815022, -119.410028 39.816562, -119.407858 39.818101, -119.405689 39.819640, -119.403519 39.821180, -119.401350 39.822719, -119.399180 39.824258, -119.397010 39.825797, -119.394840 39.827336, -119.392670 39.828875, -119.390500 39.830414, -119.388330 39.831953, -119.386159 39.833492, -119.383989 39.835031, -119.381818 39.836570, -119.379648 39.838109, -119.377477 39.839648, -119.375306 39.841186, -119.373135 39.842725, -119.370964 39.844264, -119.368793 39.845802, -119.366622 39.847341, -119.364450 39.848879, -119.362279 39.850418, -119.360107 39.851956, -119.357936 39.853495, -119.355764 39.855033, -119.353592 39.856571, -119.351420 39.858110, -119.349248 39.859648, -119.347076 39.861186, -119.344904 39.862724, -119.342732 39.864262, -119.340559 39.865800, -119.338387 39.867339, -119.336214 39.868877, -119.334042 39.870414, -119.331869 39.871952, -119.329696 39.873490, -119.327523 39.875028, -119.325350 39.876566, -119.323177 39.878104, -119.321004 39.879641, -119.318830 39.881179, -119.316657 39.882717, -119.314483 39.884254, -119.312310 39.885792, -119.310136 39.887329, -119.307962 39.888867, -119.305788 39.890404, -119.303614 39.891942, -119.301440 39.893479, -119.299266 39.895016, -119.297091 39.896554, -119.294917 39.898091, -119.292742 39.899628, -119.290568 39.901165, -119.288393 39.902702, -119.286218 39.904239, -119.284043 39.905776, -119.281868 39.907313, -119.279693 39.908850, -119.277518 39.910387, -119.275343 39.911924, -119.273167 39.913461, -119.270992 39.914998, -119.268816 39.916534, -119.266640 39.918071, -119.264464 39.919608, -119.262289 39.921144, -119.260113 39.922681, -119.257936 39.924218, -119.255760 39.925754, -119.253584 39.927291, -119.251408 39.928827, -119.249231 39.930363, -119.247055 39.931900, -119.244878 39.933436, -119.242701 39.934972, -119.240524 39.936508, -119.238347 39.938045, -119.236170 39.939581, -119.233993 39.941117, -119.231816 39.942653, -119.229638 39.944189, -119.227461 39.945725, -119.225283 39.947261, -119.223106 39.948797, -119.220928 39.950332, -119.218750 39.951868, -119.216572 39.953404, -119.214394 39.954940, -119.212216 39.956475, -119.210038 39.958011, -119.207859 39.959547, -119.205681 39.961082, -119.203502 39.962618, -119.201324 39.964153, -119.199145 39.965689, -119.196966 39.967224, -119.194787 39.968759, -119.192608 39.970295, -119.190429 39.971830, -119.188250 39.973365, -119.186070 39.974901, -119.183891 39.976436, -119.181712 39.977971, -119.179532 39.979506, -119.177352 39.981041, -119.175172 39.982576, -119.172993 39.984111, -119.170812 39.985646, -119.168632 39.987181, -119.166452 39.988715, -119.164272 39.990250, -119.162091 39.991785, -119.159911 39.993320, -119.157730 39.994854, -119.155550 39.996389, -119.153369 39.997924, -119.151188 39.999458, -119.149007 40.000993, -119.146826 40.002527, -119.144645 40.004061, -119.142463 40.005596, -119.140282 40.007130, -119.138101 40.008664, -119.135919 40.010199, -119.133737 40.011733, -119.131556 40.013267, -119.129374 40.014801, -119.127192 40.016335, -119.125010 40.017869, -119.122828 40.019403, -119.120645 40.020937, -119.118463 40.022471, -119.116280 40.024005, -119.114098 40.025539, -119.111915 40.027073, -119.109732 40.028607, -119.107550 40.030140, -119.105367 40.031674, -119.103184 40.033208, -119.101000 40.034741, -119.098817 40.036275, -119.096634 40.037808, -119.094450 40.039342, -119.092267 40.040875, -119.090083 40.042409, -119.087900 40.043942, -119.085716 40.045475, -119.083532 40.047009, -119.081348 40.048542, -119.079164 40.050075, -119.076979 40.051608, -119.074795 40.053141, -119.072611 40.054674, -119.070426 40.056207, -119.068242 40.057740, -119.066057 40.059273, -119.063872 40.060806, -119.061687 40.062339, -119.059502 40.063872, -119.057317 40.065405, -119.055132 40.066937, -119.052946 40.068470, -119.050761 40.070003, -119.048576 40.071535, -119.046390 40.073068, -119.044204 40.074600, -119.042018 40.076133, -119.039833 40.077665, -119.037647 40.079198, -119.035460 40.080730, -119.033274 40.082263, -119.031088 40.083795, -119.028902 40.085327, -119.026715 40.086859, -119.024528 40.088391, -119.022342 40.089924, -119.020155 40.091456, -119.017968 40.092988, -119.015781 40.094520, -119.013594 40.096052, -119.011407 40.097584, -119.009220 40.099115, -119.007032 40.100647, -119.004845 40.102179, -119.002657 40.103711, -119.000470 40.105243, -118.998282 40.106774, -118.996094 40.108306, -118.993906 40.109837, -118.991718 40.111369, -118.989530 40.112900, -118.987341 40.114432, -118.985153 40.115963, -118.982965 40.117495, -118.980776 40.119026, -118.978587 40.120557, -118.976399 40.122089, -118.974210 40.123620, -118.972021 40.125151, -118.969832 40.126682, -118.967643 40.128213, -118.965453 40.129744, -118.963264 40.131275, -118.961075 40.132806, -118.958885 40.134337, -118.956695 40.135868, -118.954506 40.137399, -118.952316 40.138930, -118.950126 40.140461, -118.947936 40.141991, -118.945746 40.143522, -118.943555 40.145053, -118.941365 40.146583, -118.939175 40.148114, -118.936984 40.149644, -118.934794 40.151175, -118.932603 40.152705, -118.930412 40.154236, -118.928221 40.155766, -118.926030 40.157296, -118.923839 40.158826, -118.921648 40.160357, -118.919456 40.161887, -118.917265 40.163417, -118.915073 40.164947, -118.912882 40.166477, -118.910690 40.168007, -118.908498 40.169537, -118.906306 40.171067, -118.904114 40.172597, -118.901922 40.174127, -118.899730 40.175657, -118.897538 40.177186, -118.895345 40.178716, -118.893153 40.180246, -118.890960 40.181776, -118.888768 40.183305, -118.886575 40.184835, -118.884382 40.186364, -118.882189 40.187894, -118.879996 40.189423, -118.877803 40.190953, -118.875609 40.192482, -118.873416 40.194011, -118.871222 40.195541, -118.869029 40.197070, -118.866835 40.198599, -118.864641 40.200128, -118.862447 40.201657, -118.860253 40.203186, -118.858059 40.204715, -118.855865 40.206244, -118.853671 40.207773, -118.851476 40.209302, -118.849282 40.210831, -118.847087 40.212360, -118.844893 40.213889, -118.842698 40.215417, -118.840503 40.216946, -118.838308 40.218475, -118.836113 40.220003, -118.833918 40.221532, -118.831723 40.223060, -118.829527 40.224589, -118.827332 40.226117, -118.825136 40.227646, -118.822940 40.229174, -118.820745 40.230702, -118.818549 40.232231, -118.816353 40.233759, -118.814157 40.235287, -118.811961 40.236815, -118.809764 40.238343, -118.807568 40.239872, -118.805371 40.241400, -118.803175 40.242928, -118.800978 40.244455, -118.798781 40.245983, -118.796585 40.247511, -118.794388 40.249039, -118.792191 40.250567, -118.789993 40.252095, -118.787796 40.253622, -118.785599 40.255150, -118.783401 40.256678, -118.781204 40.258205, -118.779006 40.259733, -118.776808 40.261260, -118.774611 40.262788, -118.772413 40.264315, -118.770215 40.265842, -118.768016 40.267370, -118.765818 40.268897, -118.763620 40.270424, -118.761421 40.271951, -118.759223 40.273479, -118.757024 40.275006, -118.754825 40.276533, -118.752627 40.278060, -118.750428 40.279587, -118.748229 40.281114, -118.746029 40.282641, -118.743830 40.284168, -118.741631 40.285694, -118.739431 40.287221, -118.737232 40.288748, -118.735032 40.290275, -118.732832 40.291801, -118.730633 40.293328, -118.728433 40.294855, -118.726233 40.296381, -118.724032 40.297908, -118.721832 40.299434, -118.719632 40.300960, -118.717431 40.302487, -118.715231 40.304013, -118.713030 40.305539, -118.710830 40.307066, -118.708629 40.308592, -118.706428 40.310118, -118.704227 40.311644, -118.702026 40.313170, -118.699824 40.314696, -118.697623 40.316222, -118.695422 40.317748, -118.693220 40.319274, -118.691018 40.320800, -118.688817 40.322326, -118.686615 40.323852, -118.684413 40.325377, -118.682211 40.326903, -118.680009 40.328429, -118.677807 40.329954, -118.675604 40.331480, -118.673402 40.333005, -118.671199 40.334531, -118.668997 40.336056, -118.666794 40.337582, -118.664591 40.339107, -118.662388 40.340632, -118.660185 40.342158, -118.657982 40.343683, -118.655779 40.345208, -118.653575 40.346733, -118.651372 40.348258, -118.649169 40.349783, -118.646965 40.351309, -118.644761 40.352834, -118.642557 40.354358, -118.640353 40.355883, -118.638149 40.357408, -118.635945 40.358933, -118.633741 40.360458, -118.631537 40.361983, -118.629332 40.363507, -118.627128 40.365032, -118.624923 40.366557, -118.622718 40.368081, -118.620514 40.369606, -118.618309 40.371130, -118.616104 40.372655, -118.613899 40.374179, -118.611693 40.375703, -118.609488 40.377228, -118.607283 40.378752, -118.605077 40.380276, -118.602872 40.381800, -118.600666 40.383325, -118.598460 40.384849, -118.596254 40.386373, -118.594048 40.387897, -118.591842 40.389421, -118.589636 40.390945, -118.587429 40.392469, -118.585223 40.393992, -118.583016 40.395516, -118.580810 40.397040, -118.578603 40.398564, -118.576396 40.400087, -118.574189 40.401611, -118.571982 40.403135, -118.569775 40.404658, -118.567568 40.406182, -118.565361 40.407705, -118.563153 40.409229, -118.560946 40.410752, -118.558738 40.412275, -118.556530 40.413799, -118.554323 40.415322, -118.552115 40.416845, -118.549907 40.418368, -118.547699 40.419892, -118.545490 40.421415, -118.543282 40.422938, -118.541074 40.424461, -118.538865 40.425984, -118.536657 40.427507, -118.534448 40.429030, -118.532239 40.430552, -118.530030 40.432075, -118.527821 40.433598, -118.525612 40.435121, -118.523403 40.436643, -118.521193 40.438166, -118.518984 40.439689, -118.516775 40.441211, -118.514565 40.442734, -118.512355 40.444256, -118.510145 40.445779, -118.507935 40.447301, -118.505725 40.448823, -118.503515 40.450346, -118.501305 40.451868, -118.499095 40.453390, -118.496884 40.454912, -118.494674 40.456435, -118.492463 40.457957, -118.490253 40.459479, -118.488042 40.461001, -118.485831 40.462523, -118.483620 40.464045, -118.481409 40.465566, -118.479197 40.467088, -118.476986 40.468610, -118.474775 40.470132, -118.472563 40.471654, -118.470352 40.473175, -118.468140 40.474697, -118.465928 40.476218, -118.463716 40.477740, -118.461504 40.479262, -118.459292 40.480783, -118.457080 40.482304, -118.454867 40.483826, -118.452655 40.485347, -118.450442 40.486868, -118.448230 40.488390, -118.446017 40.489911, -118.443804 40.491432, -118.441591 40.492953, -118.439378 40.494474, -118.437165 40.495995, -118.434952 40.497516, -118.432739 40.499037, -118.430525 40.500558, -118.428312 40.502079, -118.426098 40.503600, -118.423884 40.505121, -118.421671 40.506641, -118.419457 40.508162, -118.417243 40.509683, -118.415029 40.511203, -118.412814 40.512724, -118.410600 40.514244, -118.408386 40.515765, -118.406171 40.517285, -118.403956 40.518806, -118.401742 40.520326, -118.399527 40.521847, -118.397312 40.523367, -118.395097 40.524887, -118.392882 40.526407, -118.390666 40.527927, -118.388451 40.529447, -118.386236 40.530968, -118.384020 40.532488, -118.381805 40.534008, -118.379589 40.535528, -118.377373 40.537047, -118.375157 40.538567, -118.372941 40.540087, -118.370725 40.541607, -118.368509 40.543127, -118.366292 40.544646, -118.364076 40.546166, -118.361859 40.547686, -118.359643 40.549205, -118.357426 40.550725, -118.355209 40.552244, -118.352992 40.553764, -118.350775 40.555283, -118.348558 40.556802, -118.346341 40.558322, -118.344123 40.559841, -118.341906 40.561360, -118.339688 40.562879, -118.337471 40.564398, -118.335253 40.565917, -118.333035 40.567436, -118.330817 40.568956, -118.328599 40.570474, -118.326381 40.571993, -118.324163 40.573512, -118.321944 40.575031, -118.319726 40.576550, -118.317507 40.578069, -118.315289 40.579587, -118.313070 40.581106, -118.310851 40.582625, -118.308632 40.584143, -118.306413 40.585662, -118.304194 40.587180, -118.301975 40.588699, -118.299755 40.590217, -118.297536 40.591736, -118.295316 40.593254, -118.293097 40.594772, -118.290877 40.596290, -118.288657 40.597809, -118.286437 40.599327, -118.284217 40.600845, -118.281997 40.602363, -118.279777 40.603881, -118.277556 40.605399, -118.275336 40.606917, -118.273115 40.608435, -118.270895 40.609953, -118.268674 40.611471, -118.266453 40.612988, -118.264232 40.614506, -118.262011 40.616024, -118.259790 40.617541, -118.257568 40.619059, -118.255347 40.620577, -118.253126 40.622094, -118.250904 40.623612, -118.248682 40.625129, -118.246461 40.626646, -118.244239 40.628164, -118.242017 40.629681, -118.239795 40.631198, -118.237572 40.632716, -118.235350 40.634233, -118.233128 40.635750, -118.230905 40.637267, -118.228683 40.638784, -118.226460 40.640301, -118.224237 40.641818, -118.222014 40.643335, -118.219791 40.644852, -118.217568 40.646369, -118.215345 40.647885, -118.213122 40.649402, -118.210898 40.650919, -118.208675 40.652436, -118.206451 40.653952, -118.204228 40.655469, -118.202004 40.656985, -118.199780 40.658502, -118.197556 40.660018, -118.195332 40.661535, -118.193108 40.663051, -118.190883 40.664567, -118.188659 40.666084, -118.186434 40.667600, -118.184210 40.669116, -118.181985 40.670632, -118.179760 40.672148, -118.177535 40.673664, -118.175310 40.675181, -118.173085 40.676697, -118.170860 40.678212, -118.168635 40.679728, -118.166409 40.681244, -118.164184 40.682760, -118.161958 40.684276, -118.159732 40.685792, -118.157506 40.687307, -118.155281 40.688823, -118.153055 40.690338, -118.150828 40.691854, -118.148602 40.693370, -118.146376 40.694885, -118.144149 40.696400, -118.141923 40.697916, -118.139696 40.699431, -118.137470 40.700946, -118.135243 40.702462, -118.133016 40.703977, -118.130789 40.705492, -118.128562 40.707007, -118.126334 40.708522, -118.124107 40.710037, -118.121880 40.711552, -118.119652 40.713067, -118.117424 40.714582, -118.115197 40.716097, -118.112969 40.717612, -118.110741 40.719127, -118.108513 40.720642, -118.106285 40.722156, -118.104056 40.723671, -118.101828 40.725186, -118.099600 40.726700, -118.097371 40.728215, -118.095142 40.729729, -118.092914 40.731244, -118.090685 40.732758, -118.088456 40.734272, -118.086227 40.735787, -118.083997 40.737301, -118.081768 40.738815, -118.079539 40.740329, -118.077309 40.741844, -118.075080 40.743358, -118.072850 40.744872, -118.070620 40.746386, -118.068390 40.747900, -118.066161 40.749414, -118.063930 40.750927, -118.061700 40.752441, -118.059470 40.753955, -118.057240 40.755469, -118.055009 40.756983, -118.052778 40.758496, -118.050548 40.760010, -118.048317 40.761524, -118.046086 40.763037, -118.043855 40.764551, -118.041624 40.766064, -118.039393 40.767577, -118.037162 40.769091, -118.034930 40.770604, -118.032699 40.772117, -118.030467 40.773631, -118.028235 40.775144, -118.026003 40.776657, -118.023772 40.778170, -118.021540 40.779683, -118.019307 40.781196, -118.017075 40.782709, -118.014843 40.784222, -118.012611 40.785735, -118.010378 40.787248, -118.008145 40.788761, -118.005913 40.790274, -118.003680 40.791786, -118.001447 40.793299, -117.999214 40.794812, -117.996981 40.796324, -117.994747 40.797837, -117.992514 40.799349, -117.990281 40.800862, -117.988047 40.802374, -117.985814 40.803887, -117.983580 40.805399, -117.981346 40.806911, -117.979112 40.808423, -117.976878 40.809936, -117.974644 40.811448, -117.972410 40.812960, -117.970175 40.814472, -117.967941 40.815984, -117.965706 40.817496, -117.963472 40.819008, -117.961237 40.820520, -117.959002 40.822032, -117.956767 40.823544, -117.954532 40.825055, -117.952297 40.826567, -117.950061 40.828079, -117.947826 40.829590, -117.945591 40.831102, -117.943355 40.832614, -117.941119 40.834125, -117.938884 40.835637, -117.936648 40.837148, -117.934412 40.838659, -117.932176 40.840171, -117.929939 40.841682, -117.927703 40.843193, -117.925467 40.844705, -117.923230 40.846216, -117.920994 40.847727, -117.918757 40.849238, -117.916520 40.850749, -117.914283 40.852260, -117.912046 40.853771, -117.909809 40.855282, -117.907572 40.856793, -117.905335 40.858304, -117.903097 40.859814, -117.900860 40.861325, -117.898622 40.862836, -117.896384 40.864347, -117.894147 40.865857, -117.891909 40.867368, -117.889671 40.868878, -117.887433 40.870389, -117.885194 40.871899, -117.882956 40.873410, -117.880718 40.874920, -117.878479 40.876430, -117.876240 40.877941, -117.874002 40.879451, -117.871763 40.880961, -117.869524 40.882471, -117.867285 40.883981, -117.865046 40.885491, -117.862806 40.887001, -117.860567 40.888511, -117.858328 40.890021, -117.856088 40.891531, -117.853848 40.893041, -117.851609 40.894551, -117.849369 40.896060, -117.847129 40.897570, -117.844889 40.899080, -117.842649 40.900589, -117.840408 40.902099, -117.838168 40.903608, -117.835927 40.905118, -117.833687 40.906627, -117.831446 40.908137, -117.829205 40.909646, -117.826964 40.911155, -117.824723 40.912665, -117.822482 40.914174, -117.820241 40.915683, -117.818000 40.917192, -117.815759 40.918701, -117.813517 40.920210, -117.811275 40.921719, -117.809034 40.923228, -117.806792 40.924737, -117.804550 40.926246, -117.802308 40.927755, -117.800066 40.929264, -117.797824 40.930773, -117.795581 40.932281, -117.793339 40.933790, -117.791096 40.935299, -117.788854 40.936807, -117.786611 40.938316, -117.784368 40.939824, -117.782125 40.941333, -117.779882 40.942841, -117.777639 40.944349, -117.775396 40.945858, -117.773153 40.947366, -117.770909 40.948874, -117.768666 40.950382, -117.766422 40.951891, -117.764178 40.953399, -117.761934 40.954907, -117.759690 40.956415, -117.757446 40.957923, -117.755202 40.959431, -117.752958 40.960939, -117.750713 40.962446, -117.748469 40.963954, -117.746224 40.965462, -117.743980 40.966970, -117.741735 40.968477, -117.739490 40.969985, -117.737245 40.971492, -117.735000 40.973000, -117.732006 40.972812, -117.729012 40.972624, -117.726018 40.972435, -117.723024 40.972247, -117.720030 40.972058, -117.717036 40.971870, -117.714042 40.971681, -117.711049 40.971492, -117.708055 40.971304, -117.705061 40.971115, -117.702067 40.970926, -117.699073 40.970737, -117.696079 40.970548, -117.693086 40.970358, -117.690092 40.970169, -117.687098 40.969980, -117.684104 40.969790, -117.681111 40.969601, -117.678117 40.969411, -117.675123 40.969222, -117.672130 40.969032, -117.669136 40.968842, -117.666142 40.968652, -117.663149 40.968462, -117.660155 40.968272, -117.657162 40.968082, -117.654168 40.967892, -117.651175 40.967701, -117.648181 40.967511, -117.645188 40.967321, -117.642194 40.967130, -117.639201 40.966940, -117.636207 40.966749, -117.633214 40.966558, -117.630220 40.966367, -117.627227 40.966176, -117.624234 40.965985, -117.621240 40.965794, -117.618247 40.965603, -117.615254 40.965412, -117.612260 40.965221, -117.609267 40.965029, -117.606274 40.964838, -117.603280 40.964646, -117.600287 40.964455, -117.597294 40.964263, -117.594301 40.964071, -117.591308 40.963880, -117.588314 40.963688, -117.585321 40.963496, -117.582328 40.963304, -117.579335 40.963111, -117.576342 40.962919, -117.573349 40.962727, -117.570356 40.962535, -117.567363 40.962342, -117.564370 40.962150, -117.561377 40.961957, -117.558384 40.961764, -117.555391 40.961572, -117.552398 40.961379, -117.549405 40.961186, -117.546412 40.960993, -117.543419 40.960800, -117.540426 40.960607, -117.537433 40.960413, -117.534440 40.960220, -117.531447 40.960027, -117.528455 40.959833, -117.525462 40.959640, -117.522469 40.959446, -117.519476 40.959252, -117.516484 40.959059, -117.513491 40.958865, -117.510498 40.958671, -117.507505 40.958477, -117.504513 40.958283, -117.501520 40.958089, -117.498527 40.957895, -117.495535 40.957700, -117.492542 40.957506, -117.489550 40.957311, -117.486557 40.957117, -117.483565 40.956922, -117.480572 40.956728, -117.477579 40.956533, -117.474587 40.956338, -117.471594 40.956143, -117.468602 40.955948, -117.465610 40.955753, -117.462617 40.955558, -117.459625 40.955363, -117.456632 40.955167, -117.453640 40.954972, -117.450648 40.954776, -117.447655 40.954581, -117.444663 40.954385, -117.441671 40.954189, -117.438678 40.953994, -117.435686 40.953798, -117.432694 40.953602, -117.429702 40.953406, -117.426709 40.953210, -117.423717 40.953014, -117.420725 40.952817, -117.417733 40.952621, -117.414741 40.952425, -117.411748 40.952228, -117.408756 40.952032, -117.405764 40.951835, -117.402772 40.951638, -117.399780 40.951442, -117.396788 40.951245, -117.393796 40.951048, -117.390804 40.950851, -117.387812 40.950654, -117.384820 40.950457, -117.381828 40.950259, -117.378836 40.950062, -117.375844 40.949865, -117.372852 40.949667, -117.369861 40.949470, -117.366869 40.949272, -117.363877 40.949074, -117.360885 40.948876, -117.357893 40.948679, -117.354901 40.948481, -117.351910 40.948283, -117.348918 40.948085, -117.345926 40.947886, -117.342934 40.947688, -117.339943 40.947490, -117.336951 40.947291, -117.333959 40.947093, -117.330968 40.946894, -117.327976 40.946696, -117.324984 40.946497, -117.321993 40.946298, -117.319001 40.946099, -117.316010 40.945900, -117.313018 40.945701, -117.310027 40.945502, -117.307035 40.945303, -117.304044 40.945104, -117.301052 40.944904, -117.298061 40.944705, -117.295069 40.944506, -117.292078 40.944306, -117.289087 40.944106, -117.286095 40.943907, -117.283104 40.943707, -117.280112 40.943507, -117.277121 40.943307, -117.274130 40.943107, -117.271139 40.942907, -117.268147 40.942707, -117.265156 40.942506, -117.262165 40.942306, -117.259174 40.942106, -117.256182 40.941905, -117.253191 40.941705, -117.250200 40.941504, -117.247209 40.941303, -117.244218 40.941102, -117.241227 40.940902, -117.238236 40.940701, -117.235245 40.940500, -117.232254 40.940298, -117.229262 40.940097, -117.226271 40.939896, -117.223280 40.939695, -117.220290 40.939493, -117.217299 40.939292, -117.214308 40.939090, -117.211317 40.938889, -117.208326 40.938687, -117.205335 40.938485, -117.202344 40.938283, -117.199353 40.938081, -117.196362 40.937879, -117.193372 40.937677, -117.190381 40.937475, -117.187390 40.937273, -117.184399 40.937070, -117.181408 40.936868, -117.178418 40.936665, -117.175427 40.936463, -117.172436 40.936260, -117.169446 40.936057, -117.166455 40.935855, -117.163464 40.935652, -117.160474 40.935449, -117.157483 40.935246, -117.154493 40.935043, -117.151502 40.934839, -117.148512 40.934636, -117.145521 40.934433, -117.142531 40.934229, -117.139540 40.934026, -117.136550 40.933822, -117.133559 40.933619, -117.130569 40.933415, -117.127578 40.933211, -117.124588 40.933007, -117.121598 40.932803, -117.118607 40.932599, -117.115617 40.932395, -117.112627 40.932191, -117.109636 40.931986, -117.106646 40.931782, -117.103656 40.931578, -117.100665 40.931373, -117.097675 40.931169, -117.094685 40.930964, -117.091695 40.930759, -117.088705 40.930554, -117.085715 40.930349, -117.082724 40.930144, -117.079734 40.929939, -117.076744 40.929734, -117.073754 40.929529, -117.070764 40.929324, -117.067774 40.929118, -117.064784 40.928913, -117.061794 40.928707, -117.058804 40.928502, -117.055814 40.928296, -117.052824 40.928090, -117.049834 40.927885, -117.046844 40.927679, -117.043854 40.927473, -117.040865 40.927267, -117.037875 40.927061, -117.034885 40.926854, -117.031895 40.926648, -117.028905 40.926442, -117.025916 40.926235, -117.022926 40.926029, -117.019936 40.925822, -117.016946 40.925616, -117.013957 40.925409, -117.010967 40.925202, -117.007977 40.924995, -117.004988 40.924788, -117.001998 40.924581, -116.999008 40.924374, -116.996019 40.924167, -116.993029 40.923959, -116.990040 40.923752, -116.987050 40.923545, -116.984061 40.923337, -116.981071 40.923129, -116.978082 40.922922, -116.975092 40.922714, -116.972103 40.922506, -116.969113 40.922298, -116.966124 40.922090, -116.963135 40.921882, -116.960145 40.921674, -116.957156 40.921466, -116.954166 40.921258, -116.951177 40.921049, -116.948188 40.920841, -116.945199 40.920632, -116.942209 40.920424, -116.939220 40.920215, -116.936231 40.920006, -116.933242 40.919797, -116.930253 40.919588, -116.927263 40.919379, -116.924274 40.919170, -116.921285 40.918961, -116.918296 40.918752, -116.915307 40.918543, -116.912318 40.918333, -116.909329 40.918124, -116.906340 40.917914, -116.903351 40.917705, -116.900362 40.917495, -116.897373 40.917285, -116.894384 40.917075, -116.891395 40.916866, -116.888406 40.916656, -116.885417 40.916446, -116.882428 40.916235, -116.879439 40.916025, -116.876451 40.915815, -116.873462 40.915604, -116.870473 40.915394, -116.867484 40.915183, -116.864496 40.914973, -116.861507 40.914762, -116.858518 40.914551, -116.855529 40.914341, -116.852541 40.914130, -116.849552 40.913919, -116.846563 40.913708, -116.843575 40.913496, -116.840586 40.913285, -116.837598 40.913074, -116.834609 40.912863, -116.831620 40.912651, -116.828632 40.912440, -116.825643 40.912228, -116.822655 40.912016, -116.819666 40.911804, -116.816678 40.911593, -116.813690 40.911381, -116.810701 40.911169, -116.807713 40.910957, -116.804724 40.910744, -116.801736 40.910532, -116.798748 40.910320, -116.795759 40.910108, -116.792771 40.909895, -116.789783 40.909683, -116.786795 40.909470, -116.783806 40.909257, -116.780818 40.909044, -116.777830 40.908832, -116.774842 40.908619, -116.771853 40.908406, -116.768865 40.908193, -116.765877 40.907979, -116.762889 40.907766, -116.759901 40.907553, -116.756913 40.907340, -116.753925 40.907126, -116.750937 40.906913, -116.747949 40.906699, -116.744961 40.906485, -116.741973 40.906271, -116.738985 40.906058, -116.735997 40.905844, -116.733009 40.905630, -116.730021 40.905416, -116.727033 40.905201, -116.724045 40.904987, -116.721058 40.904773, -116.718070 40.904559, -116.715082 40.904344, -116.712094 40.904130, -116.709106 40.903915, -116.706119 40.903700, -116.703131 40.903485, -116.700143 40.903271, -116.697156 40.903056, -116.694168 40.902841, -116.691180 40.902626, -116.688193 40.902410, -116.685205 40.902195, -116.682218 40.901980, -116.679230 40.901764, -116.676242 40.901549, -116.673255 40.901333, -116.670267 40.901118, -116.667280 40.900902, -116.664292 40.900686, -116.661305 40.900470, -116.658318 40.900255, -116.655330 40.900039, -116.652343 40.899822, -116.649355 40.899606, -116.646368 40.899390, -116.643381 40.899174, -116.640393 40.898957, -116.637406 40.898741, -116.634419 40.898524, -116.631432 40.898308, -116.628444 40.898091, -116.625457 40.897874, -116.622470 40.897657, -116.619483 40.897440, -116.616496 40.897223, -116.613509 40.897006, -116.610521 40.896789, -116.607534 40.896572, -116.604547 40.896355, -116.601560 40.896137, -116.598573 40.895920, -116.595586 40.895702, -116.592599 40.895485, -116.589612 40.895267, -116.586625 40.895049, -116.583638 40.894831, -116.580651 40.894613, -116.577664 40.894395, -116.574678 40.894177, -116.571691 40.893959, -116.568704 40.893741, -116.565717 40.893522, -116.562730 40.893304, -116.559743 40.893086, -116.556757 40.892867, -116.553770 40.892648, -116.550783 40.892430, -116.547797 40.892211, -116.544810 40.891992, -116.541823 40.891773, -116.538837 40.891554, -116.535850 40.891335, -116.532863 40.891116, -116.529877 40.890897, -116.526890 40.890677, -116.523904 40.890458, -116.520917 40.890238, -116.517931 40.890019, -116.514944 40.889799, -116.511958 40.889580, -116.508971 40.889360, -116.505985 40.889140, -116.502998 40.888920, -116.500012 40.888700, -116.497026 40.888480, -116.494039 40.888260, -116.491053 40.888039, -116.488067 40.887819, -116.485080 40.887599, -116.482094 40.887378, -116.479108 40.887158, -116.476122 40.886937, -116.473135 40.886716, -116.470149 40.886496, -116.467163 40.886275, -116.464177 40.886054, -116.461191 40.885833, -116.458205 40.885612, -116.455219 40.885390, -116.452233 40.885169, -116.449246 40.884948, -116.446260 40.884727, -116.443274 40.884505, -116.440288 40.884283, -116.437303 40.884062, -116.434317 40.883840, -116.431331 40.883618, -116.428345 40.883397, -116.425359 40.883175, -116.422373 40.882953, -116.419387 40.882730, -116.416401 40.882508, -116.413415 40.882286, -116.410430 40.882064, -116.407444 40.881841, -116.404458 40.881619, -116.401472 40.881396, -116.398487 40.881174, -116.395501 40.880951, -116.392515 40.880728, -116.389530 40.880505, -116.386544 40.880282, -116.383559 40.880059, -116.380573 40.879836, -116.377587 40.879613, -116.374602 40.879390, -116.371616 40.879166, -116.368631 40.878943, -116.365645 40.878720, -116.362660 40.878496, -116.359674 40.878272, -116.356689 40.878049, -116.353704 40.877825, -116.350718 40.877601, -116.347733 40.877377, -116.344748 40.877153, -116.341762 40.876929, -116.338777 40.876705, -116.335792 40.876481, -116.332806 40.876256, -116.329821 40.876032, -116.326836 40.875807, -116.323851 40.875583, -116.320865 40.875358, -116.317880 40.875133, -116.314895 40.874909, -116.311910 40.874684, -116.308925 40.874459, -116.305940 40.874234, -116.302955 40.874009, -116.299970 40.873784, -116.296985 40.873558, -116.294000 40.873333, -116.291015 40.873108, -116.288030 40.872882, -116.285045 40.872657, -116.282060 40.872431, -116.279075 40.872205, -116.276090 40.871979, -116.273105 40.871754, -116.270121 40.871528, -116.267136 40.871302, -116.264151 40.871075, -116.261166 40.870849, -116.258181 40.870623, -116.255197 40.870397, -116.252212 40.870170, -116.249227 40.869944, -116.246243 40.869717, -116.243258 40.869491, -116.240273 40.869264, -116.237289 40.869037, -116.234304 40.868810, -116.231320 40.868583, -116.228335 40.868356, -116.225350 40.868129, -116.222366 40.867902, -116.219381 40.867675, -116.216397 40.867447, -116.213413 40.867220, -116.210428 40.866993, -116.207444 40.866765, -116.204459 40.866537, -116.201475 40.866310, -116.198491 40.866082, -116.195506 40.865854, -116.192522 40.865626, -116.189538 40.865398, -116.186553 40.865170, -116.183569 40.864942, -116.180585 40.864714, -116.177601 40.864485, -116.174617 40.864257, -116.171632 40.864028, -116.168648 40.863800, -116.165664 40.863571, -116.162680 40.863342, -116.159696 40.863114, -116.156712 40.862885, -116.153728 40.862656, -116.150744 40.862427, -116.147760 40.862198, -116.144776 40.861969, -116.141792 40.861739, -116.138808 40.861510, -116.135824 40.861281, -116.132840 40.861051, -116.129856 40.860822, -116.126872 40.860592, -116.123889 40.860362, -116.120905 40.860132, -116.117921 40.859903, -116.114937 40.859673, -116.111954 40.859443, -116.108970 40.859212, -116.105986 40.858982, -116.103002 40.858752, -116.100019 40.858522, -116.097035 40.858291, -116.094051 40.858061, -116.091068 40.857830, -116.088084 40.857600, -116.085101 40.857369, -116.082117 40.857138, -116.079134 40.856907, -116.076150 40.856676, -116.073167 40.856445, -116.070183 40.856214, -116.067200 40.855983, -116.064216 40.855752, -116.061233 40.855521, -116.058250 40.855289, -116.055266 40.855058, -116.052283 40.854826, -116.049300 40.854594, -116.046316 40.854363, -116.043333 40.854131, -116.040350 40.853899, -116.037367 40.853667, -116.034383 40.853435, -116.031400 40.853203, -116.028417 40.852971, -116.025434 40.852739, -116.022451 40.852506, -116.019468 40.852274, -116.016485 40.852041, -116.013502 40.851809, -116.010519 40.851576, -116.007536 40.851344, -116.004553 40.851111, -116.001570 40.850878, -115.998587 40.850645, -115.995604 40.850412, -115.992621 40.850179, -115.989638 40.849946, -115.986655 40.849712, -115.983672 40.849479, -115.980689 40.849246, -115.977706 40.849012, -115.974724 40.848779, -115.971741 40.848545, -115.968758 40.848311, -115.965775 40.848078, -115.962793 40.847844, -115.959810 40.847610, -115.956827 40.847376, -115.953845 40.847142, -115.950862 40.846907, -115.947880 40.846673, -115.944897 40.846439, -115.941914 40.846204, -115.938932 40.845970, -115.935949 40.845735, -115.932967 40.845501, -115.929984 40.845266, -115.927002 40.845031, -115.924020 40.844796, -115.921037 40.844562, -115.918055 40.844327, -115.915072 40.844091, -115.912090 40.843856, -115.909108 40.843621, -115.906125 40.843386, -115.903143 40.843150, -115.900161 40.842915, -115.897179 40.842679, -115.894196 40.842444, -115.891214 40.842208, -115.888232 40.841972, -115.885250 40.841736, -115.882268 40.841500, -115.879286 40.841264, -115.876304 40.841028, -115.873322 40.840792, -115.870339 40.840556, -115.867357 40.840320, -115.864375 40.840083, -115.861393 40.839847, -115.858411 40.839610, -115.855430 40.839373, -115.852448 40.839137, -115.849466 40.838900, -115.846484 40.838663, -115.843502 40.838426, -115.840520 40.838189, -115.837538 40.837952, -115.834557 40.837715, -115.831575 40.837478, -115.828593 40.837240, -115.825611 40.837003, -115.822630 40.836766, -115.819648 40.836528, -115.816666 40.836290, -115.813685 40.836053, -115.810703 40.835815, -115.807721 40.835577, -115.804740 40.835339, -115.801758 40.835101, -115.798777 40.834863, -115.795795 40.834625, -115.792814 40.834387, -115.789832 40.834148, -115.786851 40.833910, -115.783869 40.833671, -115.780888 40.833433, -115.777907 40.833194, -115.774925 40.832956, -115.771944 40.832717, -115.768963 40.832478, -115.765981 40.832239, -115.763000 40.832000, -115.760288 40.832962, -115.757576 40.833923, -115.754864 40.834884, -115.752151 40.835846, -115.749439 40.836807, -115.746726 40.837768, -115.744014 40.838730, -115.741301 40.839691, -115.738589 40.840652, -115.735876 40.841613, -115.733163 40.842574, -115.730450 40.843534, -115.727737 40.844495, -115.725024 40.845456, -115.722311 40.846417, -115.719597 40.847377, -115.716884 40.848338, -115.714171 40.849298, -115.711457 40.850259, -115.708744 40.851219, -115.706030 40.852179, -115.703316 40.853139, -115.700603 40.854100, -115.697889 40.855060, -115.695175 40.856020, -115.692461 40.856980, -115.689747 40.857939, -115.687032 40.858899, -115.684318 40.859859, -115.681604 40.860819, -115.678889 40.861778, -115.676175 40.862738, -115.673460 40.863698, -115.670746 40.864657, -115.668031 40.865616, -115.665316 40.866576, -115.662601 40.867535, -115.659886 40.868494, -115.657171 40.869453, -115.654456 40.870412, -115.651741 40.871371, -115.649025 40.872330, -115.646310 40.873289, -115.643595 40.874248, -115.640879 40.875207, -115.638163 40.876165, -115.635448 40.877124, -115.632732 40.878083, -115.630016 40.879041, -115.627300 40.880000, -115.624584 40.880958, -115.621868 40.881916, -115.619152 40.882874, -115.616436 40.883833, -115.613719 40.884791, -115.611003 40.885749, -115.608287 40.886707, -115.605570 40.887665, -115.602853 40.888623, -115.600137 40.889580, -115.597420 40.890538, -115.594703 40.891496, -115.591986 40.892453, -115.589269 40.893411, -115.586552 40.894368, -115.583835 40.895326, -115.581117 40.896283, -115.578400 40.897240, -115.575683 40.898198, -115.572965 40.899155, -115.570248 40.900112, -115.567530 40.901069, -115.564812 40.902026, -115.562094 40.902983, -115.559377 40.903940, -115.556659 40.904896, -115.553941 40.905853, -115.551222 40.906810, -115.548504 40.907766, -115.545786 40.908723, -115.543068 40.909679, -115.540349 40.910636, -115.537631 40.911592, -115.534912 40.912548, -115.532193 40.913504, -115.529475 40.914461, -115.526756 40.915417, -115.524037 40.916373, -115.521318 40.917329, -115.518599 40.918284, -115.515880 40.919240, -115.513160 40.920196, -115.510441 40.921152, -115.507722 40.922107, -115.505002 40.923063, -115.502283 40.924018, -115.499563 40.924974, -115.496843 40.925929, -115.494124 40.926885, -115.491404 40.927840, -115.488684 40.928795, -115.485964 40.929750, -115.483244 40.930705, -115.480524 40.931660, -115.477803 40.932615, -115.475083 40.933570, -115.472363 40.934525, -115.469642 40.935479, -115.466922 40.936434, -115.464201 40.937389, -115.461480 40.938343, -115.458759 40.939298, -115.456038 40.940252, -115.453318 40.941206, -115.450596 40.942161, -115.447875 40.943115, -115.445154 40.944069, -115.442433 40.945023, -115.439712 40.945977, -115.436990 40.946931, -115.434269 40.947885, -115.431547 40.948839, -115.428825 40.949793, -115.426104 40.950746, -115.423382 40.951700, -115.420660 40.952654, -115.417938 40.953607, -115.415216 40.954561, -115.412494 40.955514, -115.409772 40.956467, -115.407049 40.957420, -115.404327 40.958374, -115.401604 40.959327, -115.398882 40.960280, -115.396159 40.961233, -115.393437 40.962186, -115.390714 40.963139, -115.387991 40.964091, -115.385268 40.965044, -115.382545 40.965997, -115.379822 40.966950, -115.377099 40.967902, -115.374376 40.968855, -115.371652 40.969807, -115.368929 40.970759, -115.366205 40.971712, -115.363482 40.972664, -115.360758 40.973616, -115.358035 40.974568, -115.355311 40.975520, -115.352587 40.976472, -115.349863 40.977424, -115.347139 40.978376, -115.344415 40.979328, -115.341691 40.980279, -115.338966 40.981231, -115.336242 40.982183, -115.333518 40.983134, -115.330793 40.984086, -115.328069 40.985037, -115.325344 40.985988, -115.322619 40.986940, -115.319894 40.987891, -115.317169 40.988842, -115.314444 40.989793, -115.311719 40.990744, -115.308994 40.991695, -115.306269 40.992646, -115.303544 40.993597, -115.300818 40.994548, -115.298093 40.995498, -115.295368 40.996449, -115.292642 40.997399, -115.289916 40.998350, -115.287191 40.999300, -115.284465 41.000251, -115.281739 41.001201, -115.279013 41.002151, -115.276287 41.003101, -115.273561 41.004052, -115.270834 41.005002, -115.268108 41.005952, -115.265382 41.006902, -115.262655 41.007851, -115.259929 41.008801, -115.257202 41.009751, -115.254475 41.010701, -115.251749 41.011650, -115.249022 41.012600, -115.246295 41.013549, -115.243568 41.014499, -115.240841 41.015448, -115.238114 41.016397, -115.235386 41.017346, -115.232659 41.018296, -115.229932 41.019245, -115.227204 41.020194, -115.224477 41.021143, -115.221749 41.022092, -115.219021 41.023040, -115.216293 41.023989, -115.213566 41.024938, -115.210838 41.025887, -115.208110 41.026835, -115.205381 41.027784, -115.202653 41.028732, -115.199925 41.029680, -115.197197 41.030629, -115.194468 41.031577, -115.191740 41.032525, -115.189011 41.033473, -115.186282 41.034421, -115.183554 41.035369, -115.180825 41.036317, -115.178096 41.037265, -115.175367 41.038213, -115.172638 41.039161, -115.169909 41.040108, -115.167180 41.041056, -115.164450 41.042004, -115.161721 41.042951, -115.158992 41.043898, -115.156262 41.044846, -115.153532 41.045793, -115.150803 41.046740, -115.148073 41.047687, -115.145343 41.048635, -115.142613 41.049582, -115.139883 41.050529, -115.137153 41.051475, -115.134423 41.052422, -115.131693 41.053369, -115.128962 41.054316, -115.126232 41.055262, -115.123502 41.056209, -115.120771 41.057155, -115.118040 41.058102, -115.115310 41.059048, -115.112579 41.059995, -115.109848 41.060941, -115.107117 41.061887, -115.104386 41.062833, -115.101655 41.063779, -115.098924 41.064725, -115.096193 41.065671, -115.093461 41.066617, -115.090730 41.067563, -115.087998 41.068509, -115.085267 41.069454, -115.082535 41.070400, -115.079803 41.071345, -115.077072 41.072291, -115.074340 41.073236, -115.071608 41.074182, -115.068876 41.075127, -115.066144 41.076072, -115.063411 41.077017, -115.060679 41.077962, -115.057947 41.078907, -115.055214 41.079852, -115.052482 41.080797, -115.049749 41.081742, -115.047017 41.082687, -115.044284 41.083632, -115.041551 41.084576, -115.038818 41.085521, -115.036085 41.086465, -115.033352 41.087410, -115.030619 41.088354, -115.027886 41.089298, -115.025152 41.090243, -115.022419 41.091187, -115.019686 41.092131, -115.016952 41.093075, -115.014218 41.094019, -115.011485 41.094963, -115.008751 41.095907, -115.006017 41.096851, -115.003283 41.097794, -115.000549 41.098738, -114.997815 41.099682, -114.995081 41.100625, -114.992347 41.101569, -114.989612 41.102512, -114.986878 41.103456, -114.984144 41.104399, -114.981409 41.105342, -114.978674 41.106285, -114.975940 41.107228, -114.973205 41.108171, -114.970470 41.109114, -114.967735 41.110057, -114.965000 41.111000, -114.962280 41.111970, -114.959560 41.112940, -114.956840 41.113910, -114.954120 41.114880, -114.951400 41.115850, -114.948679 41.116820, -114.945959 41.117790, -114.943238 41.118759, -114.940518 41.119729, -114.937797 41.120698, -114.935076 41.121668, -114.932355 41.122637, -114.929635 41.123607, -114.926914 41.124576, -114.924192 41.125545, -114.921471 41.126514, -114.918750 41.127483, -114.916029 41.128452, -114.913307 41.129421, -114.910586 41.130390, -114.907864 41.131359, -114.905143 41.132328, -114.902421 41.133297, -114.899699 41.134265, -114.896977 41.135234, -114.894255 41.136202, -114.891533 41.137171, -114.888811 41.138139, -114.886089 41.139108, -114.883367 41.140076, -114.880645 41.141044, -114.877922 41.142012, -114.875200 41.142980, -114.872477 41.143948, -114.869754 41.144916, -114.867032 41.145884, -114.864309 41.146852, -114.861586 41.147820, -114.858863 41.148787, -114.856140 41.149755, -114.853417 41.150723, -114.850693 41.151690, -114.847970 41.152658, -114.845247 41.153625, -114.842523 41.154592, -114.839800 41.155559, -114.837076 41.156527, -114.834352 41.157494, -114.831629 41.158461, -114.828905 41.159428, -114.826181 41.160395, -114.823457 41.161362, -114.820733 41.162328, -114.818008 41.163295, -114.815284 41.164262, -114.812560 41.165228, -114.809835 41.166195, -114.807111 41.167161, -114.804386 41.168128, -114.801661 41.169094, -114.798937 41.170060, -114.796212 41.171027, -114.793487 41.171993, -114.790762 41.172959, -114.788037 41.173925, -114.785312 41.174891, -114.782586 41.175857, -114.779861 41.176822, -114.777136 41.177788, -114.774410 41.178754, -114.771685 41.179720, -114.768959 41.180685, -114.766233 41.181651, -114.763507 41.182616, -114.760782 41.183581, -114.758056 41.184547, -114.755330 41.185512, -114.752603 41.186477, -114.749877 41.187442, -114.747151 41.188407, -114.744425 41.189372, -114.741698 41.190337, -114.738972 41.191302, -114.736245 41.192267, -114.733518 41.193232, -114.730792 41.194196, -114.728065 41.195161, -114.725338 41.196126, -114.722611 41.197090, -114.719884 41.198054, -114.717156 41.199019, -114.714429 41.199983, -114.711702 41.200947, -114.708974 41.201911, -114.706247 41.202876, -114.703519 41.203840, -114.700792 41.204804, -114.698064 41.205767, -114.695336 41.206731, -114.692608 41.207695, -114.689880 41.208659, -114.687152 41.209622, -114.684424 41.210586, -114.681696 41.211550, -114.678968 41.212513, -114.676239 41.213476, -114.673511 41.214440, -114.670782 41.215403, -114.668054 41.216366, -114.665325 41.217329, -114.662596 41.218292, -114.659867 41.219255, -114.657138 41.220218, -114.654409 41.221181, -114.651680 41.222144, -114.648951 41.223107, -114.646222 41.224069, -114.643492 41.225032, -114.640763 41.225994, -114.638034 41.226957, -114.635304 41.227919, -114.632574 41.228882, -114.629845 41.229844, -114.627115 41.230806, -114.624385 41.231768, -114.621655 41.232731, -114.618925 41.233693, -114.616195 41.234655, -114.613464 41.235616, -114.610734 41.236578, -114.608004 41.237540, -114.605273 41.238502, -114.602543 41.239463, -114.599812 41.240425, -114.597081 41.241386, -114.594351 41.242348, -114.591620 41.243309, -114.588889 41.244271, -114.586158 41.245232, -114.583427 41.246193, -114.580695 41.247154, -114.577964 41.248115, -114.575233 41.249076, -114.572501 41.250037, -114.569770 41.250998, -114.567038 41.251959, -114.564307 41.252920, -114.561575 41.253880, -114.558843 41.254841, -114.556111 41.255801, -114.553379 41.256762, -114.550647 41.257722, -114.547915 41.258683, -114.545183 41.259643, -114.542450 41.260603, -114.539718 41.261563, -114.536985 41.262524, -114.534253 41.263484, -114.531520 41.264444, -114.528788 41.265403, -114.526055 41.266363, -114.523322 41.267323, -114.520589 41.268283, -114.517856 41.269242, -114.515123 41.270202, -114.512390 41.271161, -114.509656 41.272121, -114.506923 41.273080, -114.504190 41.274040, -114.501456 41.274999, -114.498722 41.275958, -114.495989 41.276917, -114.493255 41.277876, -114.490521 41.278835, -114.487787 41.279794, -114.485053 41.280753, -114.482319 41.281712, -114.479585 41.282671, -114.476851 41.283629, -114.474116 41.284588, -114.471382 41.285546, -114.468647 41.286505, -114.465913 41.287463, -114.463178 41.288422, -114.460444 41.289380, -114.457709 41.290338, -114.454974 41.291296, -114.452239 41.292254, -114.449504 41.293212, -114.446769 41.294170, -114.444034 41.295128, -114.441298 41.296086, -114.438563 41.297044, -114.435827 41.298002, -114.433092 41.298959, -114.430356 41.299917, -114.427621 41.300874, -114.424885 41.301832, -114.422149 41.302789, -114.419413 41.303746, -114.416677 41.304704, -114.413941 41.305661, -114.411205 41.306618, -114.408469 41.307575, -114.405732 41.308532, -114.402996 41.309489, -114.400259 41.310446, -114.397523 41.311403, -114.394786 41.312359, -114.392049 41.313316, -114.389313 41.314273, -114.386576 41.315229, -114.383839 41.316186, -114.381102 41.317142, -114.378364 41.318098, -114.375627 41.319055, -114.372890 41.320011, -114.370153 41.320967, -114.367415 41.321923, -114.364678 41.322879, -114.361940 41.323835, -114.359202 41.324791, -114.356464 41.325747, -114.353727 41.326703, -114.350989 41.327658, -114.348251 41.328614, -114.345513 41.329569, -114.342774 41.330525, -114.340036 41.331480, -114.337298 41.332436, -114.334559 41.333391, -114.331821 41.334346, -114.329082 41.335301, -114.326344 41.336257, -114.323605 41.337212, -114.320866 41.338167, -114.318127 41.339121, -114.315388 41.340076, -114.312649 41.341031, -114.309910 41.341986, -114.307171 41.342940, -114.304431 41.343895, -114.301692 41.344850, -114.298953 41.345804, -114.296213 41.346758, -114.293473 41.347713, -114.290734 41.348667, -114.287994 41.349621, -114.285254 41.350575, -114.282514 41.351529, -114.279774 41.352483, -114.277034 41.353437, -114.274294 41.354391, -114.271554 41.355345, -114.268813 41.356299, -114.266073 41.357252, -114.263332 41.358206, -114.260592 41.359160, -114.257851 41.360113, -114.255110 41.361067, -114.252369 41.362020, -114.249629 41.362973, -114.246888 41.363926, -114.244146 41.364880, -114.241405 41.365833, -114.238664 41.366786, -114.235923 41.367739, -114.233181 41.368692, -114.230440 41.369644, -114.227698 41.370597, -114.224957 41.371550, -114.222215 41.372503, -114.219473 41.373455, -114.216731 41.374408, -114.213989 41.375360, -114.211247 41.376312, -114.208505 41.377265, -114.205763 41.378217, -114.203021 41.379169, -114.200278 41.380121, -114.197536 41.381073, -114.194793 41.382025, -114.192051 41.382977, -114.189308 41.383929, -114.186565 41.384881, -114.183823 41.385833, -114.181080 41.386784, -114.178337 41.387736, -114.175594 41.388687, -114.172850 41.389639, -114.170107 41.390590, -114.167364 41.391542, -114.164621 41.392493, -114.161877 41.393444, -114.159133 41.394395, -114.156390 41.395346, -114.153646 41.396297, -114.150902 41.397248, -114.148158 41.398199, -114.145414 41.399150, -114.142670 41.400101, -114.139926 41.401051, -114.137182 41.402002, -114.134438 41.402953, -114.131693 41.403903, -114.128949 41.404854, -114.126205 41.405804, -114.123460 41.406754, -114.120715 41.407704, -114.117970 41.408655, -114.115226 41.409605, -114.112481 41.410555, -114.109736 41.411505, -114.106991 41.412455, -114.104245 41.413404, -114.101500 41.414354, -114.098755 41.415304, -114.096009 41.416254, -114.093264 41.417203, -114.090518 41.418153, -114.087773 41.419102, -114.085027 41.420051, -114.082281 41.421001, -114.079535 41.421950, -114.076789 41.422899, -114.074043 41.423848, -114.071297 41.424797, -114.068551 41.425746, -114.065805 41.426695, -114.063058 41.427644, -114.060312 41.428593, -114.057565 41.429542, -114.054819 41.430490, -114.052072 41.431439, -114.049325 41.432387, -114.046578 41.433336, -114.043832 41.434284, -114.041084 41.435233, -114.038337 41.436181, -114.035590 41.437129, -114.032843 41.438077, -114.030096 41.439025, -114.027348 41.439973, -114.024601 41.440921, -114.021853 41.441869, -114.019106 41.442817, -114.016358 41.443765, -114.013610 41.444712, -114.010862 41.445660, -114.008114 41.446608, -114.005366 41.447555, -114.002618 41.448502, -113.999870 41.449450, -113.997121 41.450397, -113.994373 41.451344, -113.991625 41.452291, -113.988876 41.453239, -113.986127 41.454186, -113.983379 41.455133, -113.980630 41.456079, -113.977881 41.457026, -113.975132 41.457973, -113.972383 41.458920, -113.969634 41.459866, -113.966885 41.460813, -113.964136 41.461759, -113.961386 41.462706, -113.958637 41.463652, -113.955887 41.464599, -113.953138 41.465545, -113.950388 41.466491, -113.947638 41.467437, -113.944889 41.468383, -113.942139 41.469329, -113.939389 41.470275, -113.936639 41.471221, -113.933888 41.472167, -113.931138 41.473112, -113.928388 41.474058, -113.925638 41.475004, -113.922887 41.475949, -113.920137 41.476895, -113.917386 41.477840, -113.914635 41.478785, -113.911884 41.479731, -113.909134 41.480676, -113.906383 41.481621, -113.903632 41.482566, -113.900881 41.483511, -113.898129 41.484456, -113.895378 41.485401, -113.892627 41.486346, -113.889875 41.487290, -113.887124 41.488235, -113.884372 41.489180, -113.881621 41.490124, -113.878869 41.491069, -113.876117 41.492013, -113.873365 41.492957, -113.870613 41.493902, -113.867861 41.494846, -113.865109 41.495790, -113.862357 41.496734, -113.859604 41.497678, -113.856852 41.498622, -113.854099 41.499566, -113.851347 41.500510, -113.848594 41.501453, -113.845842 41.502397, -113.843089 41.503341, -113.840336 41.504284, -113.837583 41.505228, -113.834830 41.506171, -113.832077 41.507115, -113.829324 41.508058, -113.826570 41.509001, -113.823817 41.509944, -113.821064 41.510887, -113.818310 41.511830, -113.815556 41.512773, -113.812803 41.513716, -113.810049 41.514659, -113.807295 41.515602, -113.804541 41.516545, -113.801787 41.517487, -113.799033 41.518430, -113.796279 41.519372, -113.793525 41.520315, -113.790771 41.521257, -113.788016 41.522199, -113.785262 41.523142, -113.782507 41.524084, -113.779753 41.525026, -113.776998 41.525968, -113.774243 41.526910, -113.771488 41.527852, -113.768733 41.528794, -113.765978 41.529735, -113.763223 41.530677, -113.760468 41.531619, -113.757713 41.532560, -113.754957 41.533502, -113.752202 41.534443, -113.749446 41.535385, -113.746691 41.536326, -113.743935 41.537267, -113.741179 41.538209, -113.738423 41.539150, -113.735667 41.540091, -113.732911 41.541032, -113.730155 41.541973, -113.727399 41.542914, -113.724643 41.543854, -113.721887 41.544795, -113.719130 41.545736, -113.716374 41.546676, -113.713617 41.547617, -113.710861 41.548557, -113.708104 41.549498, -113.705347 41.550438, -113.702590 41.551378, -113.699833 41.552318, -113.697076 41.553259, -113.694319 41.554199, -113.691562 41.555139, -113.688805 41.556079, -113.686047 41.557019, -113.683290 41.557958, -113.680532 41.558898, -113.677775 41.559838, -113.675017 41.560777, -113.672259 41.561717, -113.669501 41.562656, -113.666743 41.563596, -113.663985 41.564535, -113.661227 41.565474, -113.658469 41.566414, -113.655711 41.567353, -113.652953 41.568292, -113.650194 41.569231, -113.647436 41.570170, -113.644677 41.571109, -113.641919 41.572048, -113.639160 41.572986, -113.636401 41.573925, -113.633642 41.574864, -113.630883 41.575802, -113.628124 41.576741, -113.625365 41.577679, -113.622606 41.578617, -113.619847 41.579556, -113.617087 41.580494, -113.614328 41.581432, -113.611568 41.582370, -113.608809 41.583308, -113.606049 41.584246, -113.603289 41.585184, -113.600529 41.586122, -113.597769 41.587060, -113.595009 41.587997, -113.592249 41.588935, -113.589489 41.589873, -113.586729 41.590810, -113.583969 41.591747, -113.581208 41.592685, -113.578448 41.593622, -113.575687 41.594559, -113.572926 41.595497, -113.570166 41.596434, -113.567405 41.597371, -113.564644 41.598308, -113.561883 41.599245, -113.559122 41.600181, -113.556361 41.601118, -113.553600 41.602055, -113.550838 41.602991, -113.548077 41.603928, -113.545316 41.604865, -113.542554 41.605801, -113.539792 41.606737, -113.537031 41.607674, -113.534269 41.608610, -113.531507 41.609546, -113.528745 41.610482, -113.525983 41.611418, -113.523221 41.612354, -113.520459 41.613290, -113.517697 41.614226, -113.514934 41.615162, -113.512172 41.616097, -113.509409 41.617033, -113.506647 41.617969, -113.503884 41.618904, -113.501121 41.619840, -113.498359 41.620775, -113.495596 41.621710, -113.492833 41.622646, -113.490070 41.623581, -113.487307 41.624516, -113.484543 41.625451, -113.481780 41.626386, -113.479017 41.627321, -113.476253 41.628256, -113.473490 41.629191, -113.470726 41.630125, -113.467962 41.631060, -113.465199 41.631995, -113.462435 41.632929, -113.459671 41.633863, -113.456907 41.634798, -113.454143 41.635732, -113.451379 41.636666, -113.448614 41.637601, -113.445850 41.638535, -113.443086 41.639469, -113.440321 41.640403, -113.437556 41.641337, -113.434792 41.642271, -113.432027 41.643204, -113.429262 41.644138, -113.426497 41.645072, -113.423732 41.646005, -113.420967 41.646939, -113.418202 41.647872, -113.415437 41.648806, -113.412672 41.649739, -113.409906 41.650672, -113.407141 41.651606, -113.404375 41.652539, -113.401610 41.653472, -113.398844 41.654405, -113.396078 41.655338, -113.393312 41.656271, -113.390546 41.657203, -113.387780 41.658136, -113.385014 41.659069, -113.382248 41.660001, -113.379482 41.660934, -113.376715 41.661866, -113.373949 41.662799, -113.371183 41.663731, -113.368416 41.664663, -113.365649 41.665596, -113.362883 41.666528, -113.360116 41.667460, -113.357349 41.668392, -113.354582 41.669324, -113.351815 41.670256, -113.349048 41.671187, -113.346280 41.672119, -113.343513 41.673051, -113.340746 41.673982, -113.337978 41.674914, -113.335211 41.675845, -113.332443 41.676777, -113.329675 41.677708, -113.326908 41.678639, -113.324140 41.679571, -113.321372 41.680502, -113.318604 41.681433, -113.315836 41.682364, -113.313068 41.683295, -113.310299 41.684226, -113.307531 41.685157, -113.304763 41.686087, -113.301994 41.687018, -113.299225 41.687949, -113.296457 41.688879, -113.293688 41.689810, -113.290919 41.690740, -113.288150 41.691670, -113.285381 41.692601, -113.282612 41.693531, -113.279843 41.694461, -113.277074 41.695391, -113.274305 41.696321, -113.271535 41.697251, -113.268766 41.698181, -113.265996 41.699111, -113.263227 41.700040, -113.260457 41.700970, -113.257687 41.701900, -113.254917 41.702829, -113.252147 41.703759, -113.249377 41.704688, -113.246607 41.705618, -113.243837 41.706547, -113.241067 41.707476, -113.238296 41.708405, -113.235526 41.709334, -113.232756 41.710263, -113.229985 41.711192, -113.227214 41.712121, -113.224444 41.713050, -113.221673 41.713979, -113.218902 41.714907, -113.216131 41.715836, -113.213360 41.716765, -113.210589 41.717693, -113.207817 41.718621, -113.205046 41.719550, -113.202275 41.720478, -113.199503 41.721406, -113.196732 41.722334, -113.193960 41.723263, -113.191188 41.724191, -113.188417 41.725118, -113.185645 41.726046, -113.182873 41.726974, -113.180101 41.727902, -113.177329 41.728830, -113.174556 41.729757, -113.171784 41.730685, -113.169012 41.731612, -113.166239 41.732540, -113.163467 41.733467, -113.160694 41.734394, -113.157922 41.735322, -113.155149 41.736249, -113.152376 41.737176, -113.149603 41.738103, -113.146830 41.739030, -113.144057 41.739957, -113.141284 41.740883, -113.138511 41.741810, -113.135737 41.742737, -113.132964 41.743663, -113.130191 41.744590, -113.127417 41.745516, -113.124643 41.746443, -113.121870 41.747369, -113.119096 41.748296, -113.116322 41.749222, -113.113548 41.750148, -113.110774 41.751074, -113.108000 41.752000, -113.105098 41.751318, -113.102195 41.750636, -113.099293 41.749953, -113.096391 41.749271, -113.093489 41.748589, -113.090587 41.747906, -113.087685 41.747224, -113.084783 41.746541, -113.081881 41.745858, -113.078980 41.745175, -113.076078 41.744493, -113.073176 41.743810, -113.070275 41.743127, -113.067373 41.742444, -113.064472 41.741760, -113.061570 41.741077, -113.058669 41.740394, -113.055768 41.739711, -113.052867 41.739027, -113.049965 41.738344, -113.047064 41.737660, -113.044163 41.736976, -113.041262 41.736293, -113.038361 41.735609, -113.035461 41.734925, -113.032560 41.734241, -113.029659 41.733557, -113.026758 41.732873, -113.023858 41.732189, -113.020957 41.731504, -113.018057 41.730820, -113.015156 41.730136, -113.012256 41.729451, -113.009356 41.728767, -113.006456 41.728082, -113.003555 41.727397, -113.000655 41.726713, -112.997755 41.726028, -112.994855 41.725343, -112.991955 41.724658, -112.989056 41.723973, -112.986156 41.723288, -112.983256 41.722603, -112.980356 41.721917, -112.977457 41.721232, -112.974557 41.720547, -112.971658 41.719861, -112.968758 41.719176, -112.965859 41.718490, -112.962960 41.717804, -112.960061 41.717118, -112.957161 41.716433, -112.954262 41.715747, -112.951363 41.715061, -112.948464 41.714375, -112.945565 41.713688, -112.942666 41.713002, -112.939768 41.712316, -112.936869 41.711630, -112.933970 41.710943, -112.931072 41.710257, -112.928173 41.709570, -112.925275 41.708883, -112.922376 41.708197, -112.919478 41.707510, -112.916580 41.706823, -112.913681 41.706136, -112.910783 41.705449, -112.907885 41.704762, -112.904987 41.704075, -112.902089 41.703388, -112.899191 41.702700, -112.896293 41.702013, -112.893395 41.701325, -112.890498 41.700638, -112.887600 41.699950, -112.884702 41.699263, -112.881805 41.698575, -112.878907 41.697887, -112.876010 41.697199, -112.873112 41.696511, -112.870215 41.695823, -112.867318 41.695135, -112.864421 41.694447, -112.861524 41.693759, -112.858627 41.693070, -112.855730 41.692382, -112.852833 41.691694, -112.849936 41.691005, -112.847039 41.690316, -112.844142 41.689628, -112.841245 41.688939, -112.838349 41.688250, -112.835452 41.687561, -112.832556 41.686872, -112.829659 41.686183, -112.826763 41.685494, -112.823867 41.684805, -112.820970 41.684116, -112.818074 41.683426, -112.815178 41.682737, -112.812282 41.682047, -112.809386 41.681358, -112.806490 41.680668, -112.803594 41.679978, -112.800698 41.679289, -112.797803 41.678599, -112.794907 41.677909, -112.792011 41.677219, -112.789116 41.676529, -112.786220 41.675839, -112.783325 41.675148, -112.780429 41.674458, -112.777534 41.673768, -112.774639 41.673077, -112.771744 41.672387, -112.768848 41.671696, -112.765953 41.671006, -112.763058 41.670315, -112.760163 41.669624, -112.757268 41.668933, -112.754374 41.668242, -112.751479 41.667551, -112.748584 41.666860, -112.745690 41.666169, -112.742795 41.665478, -112.739900 41.664786, -112.737006 41.664095, -112.734112 41.663404, -112.731217 41.662712, -112.728323 41.662021, -112.725429 41.661329, -112.722535 41.660637, -112.719641 41.659945, -112.716747 41.659253, -112.713853 41.658561, -112.710959 41.657869, -112.708065 41.657177, -112.705171 41.656485, -112.702277 41.655793, -112.699384 41.655101, -112.696490 41.654408, -112.693597 41.653716, -112.690703 41.653023, -112.687810 41.652331, -112.684916 41.651638, -112.682023 41.650945, -112.679130 41.650252, -112.676237 41.649559, -112.673344 41.648866, -112.670451 41.648173, -112.667558 41.647480, -112.664665 41.646787, -112.661772 41.646094, -112.658879 41.645400, -112.655987 41.644707, -112.653094 41.644014, -112.650201 41.643320, -112.647309 41.642626, -112.644416 41.641933, -112.641524 41.641239, -112.638632 41.640545, -112.635739 41.639851, -112.632847 41.639157, -112.629955 41.638463, -112.627063 41.637769, -112.624171 41.637075, -112.621279 41.636381, -112.618387 41.635686, -112.615495 41.634992, -112.612603 41.634297, -112.609712 41.633603, -112.606820 41.632908, -112.603928 41.632213, -112.601037 41.631519, -112.598145 41.630824, -112.595254 41.630129, -112.592363 41.629434, -112.589471 41.628739, -112.586580 41.628044, -112.583689 41.627348, -112.580798 41.626653, -112.577907 41.625958, -112.575016 41.625262, -112.572125 41.624567, -112.569234 41.623871, -112.566343 41.623175, -112.563453 41.622480, -112.560562 41.621784, -112.557671 41.621088, -112.554781 41.620392, -112.551890 41.619696, -112.549000 41.619000), (-95.942000 41.259000, -95.946516 41.260425, -95.951033 41.261851, -95.955550 41.263276, -95.960067 41.264701, -95.964584 41.266125, -95.969102 41.267550, -95.973619 41.268974, -95.978137 41.270399, -95.982655 41.271823, -95.987173 41.273246, -95.991692 41.274670, -95.996210 41.276094, -96.000729 41.277517, -96.005248 41.278940, -96.009767 41.280363, -96.014287 41.281786, -96.018806 41.283208, -96.023326 41.284631, -96.027846 41.286053, -96.032366 41.287475, -96.036887 41.288897, -96.041407 41.290319, -96.045928 41.291740, -96.050449 41.293162, -96.054970 41.294583, -96.059492 41.296004, -96.064013 41.297425, -96.068535 41.298846, -96.073057 41.300266, -96.077579 41.301686, -96.082101 41.303107, -96.086624 41.304527, -96.091147 41.305946, -96.095670 41.307366, -96.100193 41.308785, -96.104716 41.310205, -96.109240 41.311624, -96.113763 41.313043, -96.118287 41.314461, -96.122811 41.315880, -96.127336 41.317298, -96.131860 41.318716, -96.136385 41.320134, -96.140910 41.321552, -96.145435 41.322970, -96.149960 41.324387, -96.154486 41.325805, -96.159012 41.327222, -96.163538 41.328639, -96.168064 41.330056, -96.172590 41.331472, -96.177116 41.332889, -96.181643 41.334305, -96.186170 41.335721, -96.190697 41.337137, -96.195224 41.338552, -96.199752 41.339968, -96.204279 41.341383, -96.208807 41.342799, -96.213335 41.344214, -96.217864 41.345628, -96.222392 41.347043, -96.226921 41.348457, -96.231450 41.349872, -96.235979 41.351286, -96.240508 41.352700, -96.245037 41.354114, -96.249567 41.355527, -96.254097 41.356941, -96.258627 41.358354, -96.263157 41.359767, -96.267688 41.361180, -96.272218 41.362592, -96.276749 41.364005, -96.281280 41.365417, -96.285811 41.366829, -96.290343 41.368241, -96.294874 41.369653, -96.299406 41.371065, -96.303938 41.372476, -96.308470 41.373887, -96.313003 41.375299, -96.317535 41.376709, -96.322068 41.378120, -96.326601 41.379531, -96.331134 41.380941, -96.335668 41.382351, -96.340201 41.383761, -96.344735 41.385171, -96.349269 41.386581, -96.353803 41.387990, -96.358337 41.389400, -96.362872 41.390809, -96.367407 41.392218, -96.371942 41.393627, -96.376477 41.395035, -96.381012 41.396444, -96.385548 41.397852, -96.390083 41.399260, -96.394619 41.400668, -96.399155 41.402075, -96.403692 41.403483, -96.408228 41.404890, -96.412765 41.406298, -96.417302 41.407705, -96.421839 41.409111, -96.426376 41.410518, -96.430914 41.411924, -96.435452 41.413331, -96.439989 41.414737, -96.444528 41.416143, -96.449066 41.417549, -96.453604 41.418954, -96.458143 41.420360, -96.462682 41.421765, -96.467221 41.423170, -96.471760 41.424575, -96.476300 41.425979, -96.480839 41.427384, -96.485379 41.428788, -96.489919 41.430192, -96.494460 41.431596, -96.499000 41.433000, -96.503643 41.431769, -96.508286 41.430538, -96.512928 41.429307, -96.517571 41.428076, -96.522213 41.426845, -96.526855 41.425613, -96.531497 41.424381, -96.536139 41.423149, -96.540780 41.421917, -96.545421 41.420685, -96.550063 41.419452, -96.554704 41.418220, -96.559344 41.416987, -96.563985 41.415754, -96.568625 41.414520, -96.573266 41.413287, -96.577906 41.412053, -96.582546 41.410819, -96.587186 41.409585, -96.591825 41.408351, -96.596465 41.407117, -96.601104 41.405882, -96.605743 41.404647, -96.610382 41.403413, -96.615020 41.402177, -96.619659 41.400942, -96.624297 41.399707, -96.628935 41.398471, -96.633573 41.397235, -96.638211 41.395999, -96.642849 41.394763, -96.647486 41.393526, -96.652124 41.392290, -96.656761 41.391053, -96.661398 41.389816, -96.666035 41.388579, -96.670671 41.387341, -96.675308 41.386104, -96.679944 41.384866, -96.684580 41.383628, -96.689216 41.382390, -96.693851 41.381152, -96.698487 41.379913, -96.703122 41.378674, -96.707757 41.377435, -96.712392 41.376196, -96.717027 41.374957, -96.721662 41.373718, -96.726296 41.372478, -96.730931 41.371238, -96.735565 41.369998, -96.740199 41.368758, -96.744832 41.367518, -96.749466 41.366277, -96.754099 41.365037, -96.758733 41.363796, -96.763366 41.362555, -96.767999 41.361313, -96.772631 41.360072, -96.777264 41.358830, -96.781896 41.357588, -96.786528 41.356346, -96.791160 41.355104, -96.795792 41.353862, -96.800424 41.352619, -96.805055 41.351376, -96.809687 41.350133, -96.814318 41.348890, -96.818949 41.347647, -96.823579 41.346403, -96.828210 41.345160, -96.832840 41.343916, -96.837471 41.342672, -96.842101 41.341428, -96.846730 41.340183, -96.851360 41.338939, -96.855990 41.337694, -96.860619 41.336449, -96.865248 41.335204, -96.869877 41.333958, -96.874506 41.332713, -96.879135 41.331467, -96.883763 41.330221, -96.888391 41.328975, -96.893019 41.327729, -96.897647 41.326482, -96.902275 41.325235, -96.906903 41.323989, -96.911530 41.322742, -96.916157 41.321494, -96.920784 41.320247, -96.925411 41.318999, -96.930038 41.317752, -96.934664 41.316504, -96.939291 41.315255, -96.943917 41.314007, -96.948543 41.312759, -96.953169 41.311510, -96.957794 41.310261, -96.962420 41.309012, -96.967045 41.307763, -96.971670 41.306513, -96.976295 41.305264, -96.980920 41.304014, -96.985544 41.302764, -96.990169 41.301514, -96.994793 41.300263, -96.999417 41.299013, -97.004041 41.297762, -97.008664 41.296511, -97.013288 41.295260, -97.017911 41.294009, -97.022534 41.292757, -97.027157 41.291506, -97.031780 41.290254, -97.036403 41.289002, -97.041025 41.287749, -97.045647 41.286497, -97.050269 41.285244, -97.054891 41.283992, -97.059513 41.282739, -97.064135 41.281486, -97.068756 41.280232, -97.073377 41.278979, -97.077998 41.277725, -97.082619 41.276471, -97.087240 41.275217, -97.091860 41.273963, -97.096480 41.272708, -97.101100 41.271454, -97.105720 41.270199, -97.110340 41.268944, -97.114960 41.267689, -97.119579 41.266433, -97.124198 41.265178, -97.128817 41.263922, -97.133436 41.262666, -97.138055 41.261410, -97.142674 41.260154, -97.147292 41.258897, -97.151910 41.257641, -97.156528 41.256384, -97.161146 41.255127, -97.165764 41.253870, -97.170381 41.252612, -97.174998 41.251355, -97.179615 41.250097, -97.184232 41.248839, -97.188849 41.247581, -97.193466 41.246323, -97.198082 41.245064, -97.202698 41.243805, -97.207314 41.242547, -97.211930 41.241288, -97.216546 41.240028, -97.221161 41.238769, -97.225777 41.237509, -97.230392 41.236250, -97.235007 41.234990, -97.239621 41.233729, -97.244236 41.232469, -97.248851 41.231209, -97.253465 41.229948, -97.258079 41.228687, -97.262693 41.227426, -97.267306 41.226165, -97.271920 41.224903, -97.276533 41.223642, -97.281147 41.222380, -97.285760 41.221118, -97.290372 41.219856, -97.294985 41.218593, -97.299598 41.217331, -97.304210 41.216068, -97.308822 41.214805, -97.313434 41.213542, -97.318046 41.212279, -97.322657 41.211015, -97.327269 41.209752, -97.331880 41.208488, -97.336491 41.207224, -97.341102 41.205959, -97.345712 41.204695, -97.350323 41.203431, -97.354933 41.202166, -97.359543 41.200901, -97.364153 41.199636, -97.368763 41.198370, -97.373373 41.197105, -97.377982 41.195839, -97.382592 41.194573, -97.387201 41.193307, -97.391810 41.192041, -97.396418 41.190775, -97.401027 41.189508, -97.405635 41.188241, -97.410243 41.186974, -97.414851 41.185707, -97.419459 41.184440, -97.424067 41.183172, -97.428674 41.181905, -97.433282 41.180637, -97.437889 41.179369, -97.442496 41.178101, -97.447103 41.176832, -97.451709 41.175563, -97.456316 41.174295, -97.460922 41.173026, -97.465528 41.171757, -97.470134 41.170487, -97.474739 41.169218, -97.479345 41.167948, -97.483950 41.166678, -97.488556 41.165408, -97.493161 41.164138, -97.497765 41.162867, -97.502370 41.161597, -97.506974 41.160326, -97.511579 41.159055, -97.516183 41.157784, -97.520787 41.156512, -97.525390 41.155241, -97.529994 41.153969, -97.534597 41.152697, -97.539201 41.151425, -97.543804 41.150153, -97.548406 41.148880, -97.553009 41.147608, -97.557612 41.146335, -97.562214 41.145062, -97.566816 41.143789, -97.571418 41.142515, -97.576020 41.141242, -97.580621 41.139968, -97.585223 41.138694, -97.589824 41.137420, -97.594425 41.136146, -97.599026 41.134871, -97.603627 41.133596, -97.608227 41.132322, -97.612827 41.131047, -97.617428 41.129771, -97.622028 41.128496, -97.626627 41.127220, -97.631227 41.125945, -97.635826 41.124669, -97.640426 41.123393, -97.645025 41.122116, -97.649624 41.120840, -97.654222 41.119563, -97.658821 41.118286, -97.663419 41.117009, -97.668018 41.115732, -97.672616 41.114455, -97.677213 41.113177, -97.681811 41.111899, -97.686409 41.110621, -97.691006 41.109343, -97.695603 41.108065, -97.700200 41.106786, -97.704797 41.105508, -97.709393 41.104229, -97.713990 41.102950, -97.718586 41.101670, -97.723182 41.100391, -97.727778 41.099111, -97.732373 41.097832, -97.736969 41.096552, -97.741564 41.095272, -97.746159 41.093991, -97.750754 41.092711, -97.755349 41.091430, -97.759944 41.090149, -97.764538 41.088868, -97.769133 41.087587, -97.773727 41.086305, -97.778321 41.085024, -97.782914 41.083742, -97.787508 41.082460, -97.792101 41.081178, -97.796694 41.079896, -97.801287 41.078613, -97.805880 41.077330, -97.810473 41.076048, -97.815065 41.074764, -97.819658 41.073481, -97.824250 41.072198, -97.828842 41.070914, -97.833433 41.069630, -97.838025 41.068346, -97.842616 41.067062, -97.847207 41.065778, -97.851798 41.064493, -97.856389 41.063209, -97.860980 41.061924, -97.865570 41.060639, -97.870161 41.059353, -97.874751 41.058068, -97.879341 41.056782, -97.883931 41.055497, -97.888520 41.054211, -97.893110 41.052925, -97.897699 41.051638, -97.902288 41.050352, -97.906877 41.049065, -97.911465 41.047778, -97.916054 41.046491, -97.920642 41.045204, -97.925231 41.043916, -97.929818 41.042629, -97.934406 41.041341, -97.938994 41.040053, -97.943581 41.038765, -97.948169 41.037476, -97.952756 41.036188, -97.957343 41.034899, -97.961929 41.033610, -97.966516 41.032321, -97.971102 41.031032, -97.975688 41.029742, -97.980274 41.028453, -97.984860 41.027163, -97.989446 41.025873, -97.994031 41.024583, -97.998617 41.023293, -98.003202 41.022002, -98.007787 41.020711, -98.012371 41.019420, -98.016956 41.018129, -98.021540 41.016838, -98.026125 41.015547, -98.030709 41.014255, -98.035292 41.012963, -98.039876 41.011671, -98.044460 41.010379, -98.049043 41.009087, -98.053626 41.007794, -98.058209 41.006502, -98.062792 41.005209, -98.067374 41.003916, -98.071957 41.002622, -98.076539 41.001329, -98.081121 41.000035, -98.085703 40.998742, -98.090284 40.997448, -98.094866 40.996153, -98.099447 40.994859, -98.104028 40.993565, -98.108609 40.992270, -98.113190 40.990975, -98.117771 40.989680, -98.122351 40.988385, -98.126932 40.987089, -98.131512 40.985794, -98.136091 40.984498, -98.140671 40.983202, -98.145251 40.981906, -98.149830 40.980609, -98.154409 40.979313, -98.158988 40.978016, -98.163567 40.976719, -98.168146 40.975422, -98.172724 40.974125, -98.177302 40.972828, -98.181880 40.971530, -98.186458 40.970232, -98.191036 40.968934, -98.195614 40.967636, -98.200191 40.966338, -98.204768 40.965039, -98.209345 40.963741, -98.213922 40.962442, -98.218499 40.961143, -98.223075 40.959843, -98.227651 40.958544, -98.232228 40.957244, -98.236803 40.955945, -98.241379 40.954645, -98.245955 40.953345, -98.250530 40.952044, -98.255105 40.950744, -98.259680 40.949443, -98.264255 40.948142, -98.268830 40.946841, -98.273404 40.945540, -98.277979 40.944239, -98.282553 40.942937, -98.287127 40.941635, -98.291701 40.940333, -98.296274 40.939031, -98.300847 40.937729, -98.305421 40.936426, -98.309994 40.935124, -98.314567 40.933821, -98.319139 40.932518, -98.323712 40.931215, -98.328284 40.929911, -98.332856 40.928608, -98.337428 40.927304, -98.342000 40.926000, -98.346849 40.926481, -98.351698 40.926962, -98.356547 40.927443, -98.361396 40.927924, -98.366245 40.928404, -98.371094 40.928884, -98.375943 40.929364, -98.380793 40.929844, -98.385642 40.930324, -98.390491 40.930803, -98.395341 40.931282, -98.400191 40.931761, -98.405040 40.932240, -98.409890 40.932718, -98.414740 40.933197, -98.419590 40.933675, -98.424440 40.934153, -98.429290 40.934631, -98.434140 40.935108, -98.438990 40.935585, -98.443840 40.936063, -98.448690 40.936540, -98.453541 40.937016, -98.458391 40.937493, -98.463242 40.937969, -98.468092 40.938445, -98.472943 40.938921, -98.477794 40.939397, -98.482645 40.939872, -98.487495 40.940348, -98.492346 40.940823, -98.497197 40.941298, -98.502048 40.941772, -98.506900 40.942247, -98.511751 40.942721, -98.516602 40.943195, -98.521453 40.943669, -98.526305 40.944143, -98.531156 40.944616, -98.536008 40.945090, -98.540860 40.945563, -98.545711 40.946036, -98.550563 40.946508, -98.555415 40.946981, -98.560267 40.947453, -98.565119 40.947925, -98.569971 40.948397, -98.574823 40.948869, -98.579675 40.949340, -98.584527 40.949811, -98.589380 40.950282, -98.594232 40.950753, -98.599085 40.951224, -98.603937 40.951694, -98.608790 40.952164, -98.613642 40.952634, -98.618495 40.953104, -98.623348 40.953574, -98.628201 40.954043, -98.633054 40.954512, -98.637907 40.954981, -98.642760 40.955450, -98.647613 40.955919, -98.652466 40.956387, -98.657319 40.956855, -98.662173 40.957323, -98.667026 40.957791, -98.671880 40.958259, -98.676733 40.958726, -98.681587 40.959193, -98.686441 40.959660, -98.691294 40.960127, -98.696148 40.960594, -98.701002 40.961060, -98.705856 40.961526, -98.710710 40.961992, -98.715564 40.962458, -98.720419 40.962923, -98.725273 40.963389, -98.730127 40.963854, -98.734981 40.964319, -98.739836 40.964784, -98.744690 40.965248, -98.749545 40.965712, -98.754400 40.966177, -98.759254 40.966640, -98.764109 40.967104, -98.768964 40.967568, -98.773819 40.968031, -98.778674 40.968494, -98.783529 40.968957, -98.788384 40.969420, -98.793239 40.969882, -98.798095 40.970344, -98.802950 40.970807, -98.807806 40.971268, -98.812661 40.971730, -98.817517 40.972192, -98.822372 40.972653, -98.827228 40.973114, -98.832084 40.973575, -98.836939 40.974035, -98.841795 40.974496, -98.846651 40.974956, -98.851507 40.975416, -98.856363 40.975876, -98.861220 40.976336, -98.866076 40.976795, -98.870932 40.977254, -98.875788 40.977713, -98.880645 40.978172, -98.885501 40.978631, -98.890358 40.979089, -98.895215 40.979547, -98.900071 40.980005, -98.904928 40.980463, -98.909785 40.980921, -98.914642 40.981378, -98.919499 40.981835, -98.924356 40.982292, -98.929213 40.982749, -98.934070 40.983206, -98.938927 40.983662, -98.943785 40.984118, -98.948642 40.984574, -98.953499 40.985030, -98.958357 40.985486, -98.963214 40.985941, -98.968072 40.986396, -98.972930 40.986851, -98.977788 40.987306, -98.982645 40.987760, -98.987503 40.988215, -98.992361 40.988669, -98.997219 40.989123, -99.002077 40.989577, -99.006936 40.990030, -99.011794 40.990483, -99.016652 40.990936, -99.021511 40.991389, -99.026369 40.991842, -99.031227 40.992295, -99.036086 40.992747, -99.040945 40.993199, -99.045803 40.993651, -99.050662 40.994103, -99.055521 40.994554, -99.060380 40.995005, -99.065239 40.995456, -99.070098 40.995907, -99.074957 40.996358, -99.079816 40.996808, -99.084675 40.997259, -99.089535 40.997709, -99.094394 40.998159, -99.099254 40.998608, -99.104113 40.999058, -99.108973 40.999507, -99.113832 40.999956, -99.118692 41.000405, -99.123552 41.000853, -99.128412 41.001302, -99.133272 41.001750, -99.138131 41.002198, -99.142992 41.002646, -99.147852 41.003093, -99.152712 41.003541, -99.157572 41.003988, -99.162432 41.004435, -99.167293 41.004882, -99.172153 41.005328, -99.177014 41.005775, -99.181874 41.006221, -99.186735 41.006667, -99.191596 41.007113, -99.196456 41.007558, -99.201317 41.008004, -99.206178 41.008449, -99.211039 41.008894, -99.215900 41.009339, -99.220761 41.009783, -99.225622 41.010227, -99.230483 41.010672, -99.235345 41.011115, -99.240206 41.011559, -99.245067 41.012003, -99.249929 41.012446, -99.254791 41.012889, -99.259652 41.013332, -99.264514 41.013775, -99.269376 41.014217, -99.274237 41.014660, -99.279099 41.015102, -99.283961 41.015544, -99.288823 41.015985, -99.293685 41.016427, -99.298547 41.016868, -99.303410 41.017309, -99.308272 41.017750, -99.313134 41.018191, -99.317997 41.018631, -99.322859 41.019071, -99.327722 41.019511, -99.332584 41.019951, -99.337447 41.020391, -99.342310 41.020830, -99.347172 41.021269, -99.352035 41.021708, -99.356898 41.022147, -99.361761 41.022586, -99.366624 41.023024, -99.371487 41.023463, -99.376350 41.023901, -99.381214 41.024338, -99.386077 41.024776, -99.390940 41.025213, -99.395804 41.025651, -99.400667 41.026088, -99.405531 41.026524, -99.410394 41.026961, -99.415258 41.027397, -99.420122 41.027833, -99.424986 41.028269, -99.429850 41.028705, -99.434714 41.029141, -99.439578 41.029576, -99.444442 41.030011, -99.449306 41.030446, -99.454170 41.030881, -99.459034 41.031315, -99.463899 41.031750, -99.468763 41.032184, -99.473627 41.032618, -99.478492 41.033051, -99.483357 41.033485, -99.488221 41.033918, -99.493086 41.034351, -99.497951 41.034784, -99.502816 41.035217, -99.507680 41.035649, -99.512545 41.036082, -99.517410 41.036514, -99.522276 41.036946, -99.527141 41.037377, -99.532006 41.037809, -99.536871 41.038240, -99.541737 41.038671, -99.546602 41.039102, -99.551467 41.039533, -99.556333 41.039963, -99.561199 41.040393, -99.566064 41.040823, -99.570930 41.041253, -99.575796 41.041683, -99.580662 41.042112, -99.585528 41.042541, -99.590394 41.042970, -99.595260 41.043399, -99.600126 41.043828, -99.604992 41.044256, -99.609858 41.044684, -99.614725 41.045112, -99.619591 41.045540, -99.624457 41.045968, -99.629324 41.046395, -99.634190 41.046822, -99.639057 41.047249, -99.643924 41.047676, -99.648790 41.048102, -99.653657 41.048529, -99.658524 41.048955, -99.663391 41.049381, -99.668258 41.049807, -99.673125 41.050232, -99.677992 41.050657, -99.682860 41.051083, -99.687727 41.051507, -99.692594 41.051932, -99.697461 41.052357, -99.702329 41.052781, -99.707196 41.053205, -99.712064 41.053629, -99.716932 41.054053, -99.721799 41.054476, -99.726667 41.054899, -99.731535 41.055322, -99.736403 41.055745, -99.741271 41.056168, -99.746139 41.056590, -99.751007 41.057013, -99.755875 41.057435, -99.760743 41.057857, -99.765611 41.058278, -99.770480 41.058700, -99.775348 41.059121, -99.780217 41.059542, -99.785085 41.059963, -99.789954 41.060383, -99.794822 41.060804, -99.799691 41.061224, -99.804560 41.061644, -99.809429 41.062064, -99.814297 41.062483, -99.819166 41.062903, -99.824035 41.063322, -99.828904 41.063741, -99.833774 41.064160, -99.838643 41.064578, -99.843512 41.064997, -99.848381 41.065415, -99.853251 41.065833, -99.858120 41.066250, -99.862990 41.066668, -99.867859 41.067085, -99.872729 41.067502, -99.877598 41.067919, -99.882468 41.068336, -99.887338 41.068752, -99.892208 41.069169, -99.897078 41.069585, -99.901948 41.070001, -99.906818 41.070416, -99.911688 41.070832, -99.916558 41.071247, -99.921428 41.071662, -99.926299 41.072077, -99.931169 41.072492, -99.936040 41.072906, -99.940910 41.073321, -99.945781 41.073735, -99.950651 41.074148, -99.955522 41.074562, -99.960393 41.074976, -99.965263 41.075389, -99.970134 41.075802, -99.975005 41.076215, -99.979876 41.076627, -99.984747 41.077040, -99.989618 41.077452, -99.994489 41.077864, -99.999361 41.078276, -100.004232 41.078687, -100.009103 41.079099, -100.013975 41.079510, -100.018846 41.079921, -100.023718 41.080332, -100.028589 41.080742, -100.033461 41.081152, -100.038333 41.081563, -100.043204 41.081973, -100.048076 41.082382, -100.052948 41.082792, -100.057820 41.083201, -100.062692 41.083610, -100.067564 41.084019, -100.072436 41.084428, -100.077308 41.084836, -100.082181 41.085245, -100.087053 41.085653, -100.091925 41.086061, -100.096798 41.086468, -100.101670 41.086876, -100.106543 41.087283, -100.111415 41.087690, -100.116288 41.088097, -100.121161 41.088504, -100.126034 41.088910, -100.130907 41.089317, -100.135779 41.089723, -100.140652 41.090128, -100.145525 41.090534, -100.150399 41.090939, -100.155272 41.091345, -100.160145 41.091750, -100.165018 41.092155, -100.169892 41.092559, -100.174765 41.092964, -100.179638 41.093368, -100.184512 41.093772, -100.189386 41.094176, -100.194259 41.094579, -100.199133 41.094983, -100.204007 41.095386, -100.208880 41.095789, -100.213754 41.096191, -100.218628 41.096594, -100.223502 41.096996, -100.228376 41.097398, -100.233250 41.097800, -100.238125 41.098202, -100.242999 41.098604, -100.247873 41.099005, -100.252747 41.099406, -100.257622 41.099807, -100.262496 41.100208, -100.267371 41.100608, -100.272246 41.101009, -100.277120 41.101409, -100.281995 41.101809, -100.286870 41.102208, -100.291744 41.102608, -100.296619 41.103007, -100.301494 41.103406, -100.306369 41.103805, -100.311244 41.104204, -100.316120 41.104602, -100.320995 41.105000, -100.325870 41.105398, -100.330745 41.105796, -100.335621 41.106194, -100.340496 41.106591, -100.345372 41.106988, -100.350247 41.107385, -100.355123 41.107782, -100.359998 41.108179, -100.364874 41.108575, -100.369750 41.108971, -100.374626 41.109367, -100.379502 41.109763, -100.384377 41.110159, -100.389254 41.110554, -100.394130 41.110949, -100.399006 41.111344, -100.403882 41.111739, -100.408758 41.112133, -100.413634 41.112528, -100.418511 41.112922, -100.423387 41.113316, -100.428264 41.113710, -100.433140 41.114103, -100.438017 41.114496, -100.442893 41.114890, -100.447770 41.115282, -100.452647 41.115675, -100.457524 41.116068, -100.462401 41.116460, -100.467278 41.116852, -100.472155 41.117244, -100.477032 41.117636, -100.481909 41.118027, -100.486786 41.118418, -100.491663 41.118809, -100.496541 41.119200, -100.501418 41.119591, -100.506295 41.119981, -100.511173 41.120371, -100.516050 41.120761, -100.520928 41.121151, -100.525806 41.121541, -100.530683 41.121930, -100.535561 41.122319, -100.540439 41.122708, -100.545317 41.123097, -100.550195 41.123486, -100.555073 41.123874, -100.559951 41.124262, -100.564829 41.124650, -100.569707 41.125038, -100.574585 41.125426, -100.579463 41.125813, -100.584342 41.126200, -100.589220 41.126587, -100.594099 41.126974, -100.598977 41.127360, -100.603856 41.127747, -100.608734 41.128133, -100.613613 41.128519, -100.618492 41.128904, -100.623371 41.129290, -100.628249 41.129675, -100.633128 41.130060, -100.638007 41.130445, -100.642886 41.130830, -100.647765 41.131214, -100.652645 41.131598, -100.657524 41.131982, -100.662403 41.132366, -100.667282 41.132750, -100.672162 41.133133, -100.677041 41.133517, -100.681921 41.133900, -100.686800 41.134282, -100.691680 41.134665, -100.696559 41.135047, -100.701439 41.135430, -100.706319 41.135812, -100.711199 41.136193, -100.716079 41.136575, -100.720958 41.136956, -100.725838 41.137338, -100.730719 41.137719, -100.735599 41.138099, -100.740479 41.138480, -100.745359 41.138860, -100.750239 41.139240, -100.755120 41.139620, -100.760000 41.140000, -100.764903 41.140086, -100.769806 41.140172, -100.774708 41.140257, -100.779611 41.140343, -100.784514 41.140428, -100.789417 41.140513, -100.794320 41.140598, -100.799223 41.140682, -100.804126 41.140767, -100.809029 41.140851, -100.813932 41.140935, -100.818835 41.141019, -100.823738 41.141102, -100.828641 41.141185, -100.833544 41.141268, -100.838447 41.141351, -100.843350 41.141434, -100.848253 41.141517, -100.853156 41.141599, -100.858059 41.141681, -100.862962 41.141763, -100.867865 41.141844, -100.872768 41.141926, -100.877671 41.142007, -100.882574 41.142088, -100.887477 41.142169, -100.892380 41.142250, -100.897284 41.142330, -100.902187 41.142410, -100.907090 41.142490, -100.911993 41.142570, -100.916896 41.142650, -100.921800 41.142729, -100.926703 41.142808, -100.931606 41.142887, -100.936509 41.142966, -100.941413 41.143044, -100.946316 41.143123, -100.951219 41.143201, -100.956122 41.143279, -100.961026 41.143356, -100.965929 41.143434, -100.970832 41.143511, -100.975736 41.143588, -100.980639 41.143665, -100.985542 41.143742, -100.990446 41.143818, -100.995349 41.143894, -101.000253 41.143971, -101.005156 41.144046, -101.010059 41.144122, -101.014963 41.144197, -101.019866 41.144273, -101.024770 41.144348, -101.029673 41.144422, -101.034577 41.144497, -101.039480 41.144571, -101.044384 41.144646, -101.049287 41.144719, -101.054191 41.144793, -101.059094 41.144867, -101.063998 41.144940, -101.068901 41.145013, -101.073805 41.145086, -101.078709 41.145159, -101.083612 41.145231, -101.088516 41.145304, -101.093419 41.145376, -101.098323 41.145448, -101.103227 41.145519, -101.108130 41.145591, -101.113034 41.145662, -101.117938 41.145733, -101.122841 41.145804, -101.127745 41.145875, -101.132649 41.145945, -101.137552 41.146015, -101.142456 41.146085, -101.147360 41.146155, -101.152263 41.146225, -101.157167 41.146294, -101.162071 41.146363, -101.166975 41.146432, -101.171879 41.146501, -101.176782 41.146569, -101.181686 41.146638, -101.186590 41.146706, -101.191494 41.146774, -101.196398 41.146842, -101.201301 41.146909, -101.206205 41.146976, -101.211109 41.147044, -101.216013 41.147110, -101.220917 41.147177, -101.225821 41.147244, -101.230725 41.147310, -101.235629 41.147376, -101.240532 41.147442, -101.245436 41.147507, -101.250340 41.147573, -101.255244 41.147638, -101.260148 41.147703, -101.265052 41.147768, -101.269956 41.147833, -101.274860 41.147897, -101.279764 41.147961, -101.284668 41.148025, -101.289572 41.148089, -101.294476 41.148152, -101.299380 41.148216, -101.304284 41.148279, -101.309188 41.148342, -101.314092 41.148405, -101.318997 41.148467, -101.323901 41.148529, -101.328805 41.148592, -101.333709 41.148653, -101.338613 41.148715, -101.343517 41.148777, -101.348421 41.148838, -101.353325 41.148899, -101.358229 41.148960, -101.363134 41.149020, -101.368038 41.149081, -101.372942 41.149141, -101.377846 41.149201, -101.382750 41.149261, -101.387654 41.149321, -101.392559 41.149380, -101.397463 41.149439, -101.402367 41.149498, -101.407271 41.149557, -101.412176 41.149616, -101.417080 41.149674, -101.421984 41.149732, -101.426888 41.149790, -101.431793 41.149848, -101.436697 41.149905, -101.441601 41.149963, -101.446506 41.150020, -101.451410 41.150077, -101.456314 41.150133, -101.461219 41.150190, -101.466123 41.150246, -101.471027 41.150302, -101.475932 41.150358, -101.480836 41.150414, -101.485740 41.150469, -101.490645 41.150524, -101.495549 41.150579, -101.500454 41.150634, -101.505358 41.150689, -101.510262 41.150743, -101.515167 41.150798, -101.520071 41.150852, -101.524976 41.150905, -101.529880 41.150959, -101.534785 41.151012, -101.539689 41.151065, -101.544593 41.151118, -101.549498 41.151171, -101.554402 41.151224, -101.559307 41.151276, -101.564211 41.151328, -101.569116 41.151380, -101.574020 41.151432, -101.578925 41.151483, -101.583829 41.151535, -101.588734 41.151586, -101.593639 41.151637, -101.598543 41.151687, -101.603448 41.151738, -101.608352 41.151788, -101.613257 41.151838, -101.618161 41.151888, -101.623066 41.151937, -101.627971 41.151987, -101.632875 41.152036, -101.637780 41.152085, -101.642684 41.152134, -101.647589 41.152182, -101.652494 41.152231, -101.657398 41.152279, -101.662303 41.152327, -101.667208 41.152375, -101.672112 41.152422, -101.677017 41.152470, -101.681922 41.152517, -101.686826 41.152564, -101.691731 41.152610, -101.696636 41.152657, -101.701541 41.152703, -101.706445 41.152749, -101.711350 41.152795, -101.716255 41.152841, -101.721159 41.152886, -101.726064 41.152932, -101.730969 41.152977, -101.735874 41.153021, -101.740778 41.153066, -101.745683 41.153110, -101.750588 41.153155, -101.755493 41.153199, -101.760398 41.153243, -101.765302 41.153286, -101.770207 41.153330, -101.775112 41.153373, -101.780017 41.153416, -101.784922 41.153458, -101.789826 41.153501, -101.794731 41.153543, -101.799636 41.153585, -101.804541 41.153627, -101.809446 41.153669, -101.814351 41.153711, -101.819255 41.153752, -101.824160 41.153793, -101.829065 41.153834, -101.833970 41.153875, -101.838875 41.153915, -101.843780 41.153955, -101.848685 41.153995, -101.853590 41.154035, -101.858495 41.154075, -101.863400 41.154114, -101.868304 41.154154, -101.873209 41.154193, -101.878114 41.154231, -101.883019 41.154270, -101.887924 41.154308, -101.892829 41.154347, -101.897734 41.154385, -101.902639 41.154422, -101.907544 41.154460, -101.912449 41.154497, -101.917354 41.154534, -101.922259 41.154571, -101.927164 41.154608, -101.932069 41.154645, -101.936974 41.154681, -101.941879 41.154717, -101.946784 41.154753, -101.951689 41.154789, -101.956594 41.154824, -101.961499 41.154859, -101.966404 41.154894, -101.971309 41.154929, -101.976214 41.154964, -101.981119 41.154998, -101.986024 41.155033, -101.990929 41.155067, -101.995835 41.155100, -102.000740 41.155134, -102.005645 41.155167, -102.010550 41.155201, -102.015455 41.155234, -102.020360 41.155266, -102.025265 41.155299, -102.030170 41.155331, -102.035075 41.155363, -102.039980 41.155395, -102.044885 41.155427, -102.049791 41.155459, -102.054696 41.155490, -102.059601 41.155521, -102.064506 41.155552, -102.069411 41.155583, -102.074316 41.155613, -102.079221 41.155643, -102.084127 41.155673, -102.089032 41.155703, -102.093937 41.155733, -102.098842 41.155762, -102.103747 41.155792, -102.108652 41.155821, -102.113558 41.155850, -102.118463 41.155878, -102.123368 41.155907, -102.128273 41.155935, -102.133178 41.155963, -102.138084 41.155991, -102.142989 41.156018, -102.147894 41.156045, -102.152799 41.156073, -102.157704 41.156100, -102.162610 41.156126, -102.167515 41.156153, -102.172420 41.156179, -102.177325 41.156205, -102.182231 41.156231, -102.187136 41.156257, -102.192041 41.156282, -102.196946 41.156308, -102.201852 41.156333, -102.206757 41.156358, -102.211662 41.156382, -102.216567 41.156407, -102.221473 41.156431, -102.226378 41.156455, -102.231283 41.156479, -102.236188 41.156502, -102.241094 41.156526, -102.245999 41.156549, -102.250904 41.156572, -102.255810 41.156595, -102.260715 41.156617, -102.265620 41.156640, -102.270525 41.156662, -102.275431 41.156684, -102.280336 41.156706, -102.285241 41.156727, -102.290147 41.156749, -102.295052 41.156770, -102.299957 41.156791, -102.304863 41.156811, -102.309768 41.156832, -102.314673 41.156852, -102.319579 41.156872, -102.324484 41.156892, -102.329389 41.156912, -102.334295 41.156931, -102.339200 41.156950, -102.344105 41.156969, -102.349011 41.156988, -102.353916 41.157007, -102.358821 41.157025, -102.363727 41.157044, -102.368632 41.157062, -102.373537 41.157079, -102.378443 41.157097, -102.383348 41.157114, -102.388254 41.157131, -102.393159 41.157148, -102.398064 41.157165, -102.402970 41.157182, -102.407875 41.157198, -102.412781 41.157214, -102.417686 41.157230, -102.422591 41.157246, -102.427497 41.157261, -102.432402 41.157277, -102.437307 41.157292, -102.442213 41.157307, -102.447118 41.157321, -102.452024 41.157336, -102.456929 41.157350, -102.461834 41.157364, -102.466740 41.157378, -102.471645 41.157391, -102.476551 41.157405, -102.481456 41.157418, -102.486362 41.157431, -102.491267 41.157444, -102.496172 41.157457, -102.501078 41.157469, -102.505983 41.157481, -102.510889 41.157493, -102.515794 41.157505, -102.520700 41.157516, -102.525605 41.157528, -102.530510 41.157539, -102.535416 41.157550, -102.540321 41.157560, -102.545227 41.157571, -102.550132 41.157581, -102.555038 41.157591, -102.559943 41.157601, -102.564848 41.157611, -102.569754 41.157620, -102.574659 41.157630, -102.579565 41.157639, -102.584470 41.157648, -102.589376 41.157656, -102.594281 41.157665, -102.599187 41.157673, -102.604092 41.157681, -102.608998 41.157689, -102.613903 41.157696, -102.618808 41.157704, -102.623714 41.157711, -102.628619 41.157718, -102.633525 41.157725, -102.638430 41.157731, -102.643336 41.157737, -102.648241 41.157744, -102.653147 41.157750, -102.658052 41.157755, -102.662958 41.157761, -102.667863 41.157766, -102.672769 41.157771, -102.677674 41.157776, -102.682580 41.157781, -102.687485 41.157785, -102.692390 41.157789, -102.697296 41.157794, -102.702201 41.157797, -102.707107 41.157801, -102.712012 41.157804, -102.716918 41.157808, -102.721823 41.157811, -102.726729 41.157814, -102.731634 41.157816, -102.736540 41.157819, -102.741445 41.157821, -102.746351 41.157823, -102.751256 41.157824, -102.756162 41.157826, -102.761067 41.157827, -102.765973 41.157829, -102.770878 41.157829, -102.775784 41.157830, -102.780689 41.157831, -102.785595 41.157831, -102.790500 41.157831, -102.795405 41.157831, -102.800311 41.157831, -102.805216 41.157830, -102.810122 41.157829, -102.815027 41.157829, -102.819933 41.157827, -102.824838 41.157826, -102.829744 41.157824, -102.834649 41.157823, -102.839555 41.157821, -102.844460 41.157819, -102.849366 41.157816, -102.854271 41.157814, -102.859177 41.157811, -102.864082 41.157808, -102.868988 41.157804, -102.873893 41.157801, -102.878799 41.157797, -102.883704 41.157794, -102.888610 41.157789, -102.893515 41.157785, -102.898420 41.157781, -102.903326 41.157776, -102.908231 41.157771, -102.913137 41.157766, -102.918042 41.157761, -102.922948 41.157755, -102.927853 41.157750, -102.932759 41.157744, -102.937664 41.157737, -102.942570 41.157731, -102.947475 41.157725, -102.952381 41.157718, -102.957286 41.157711, -102.962192 41.157704, -102.967097 41.157696, -102.972002 41.157689, -102.976908 41.157681, -102.981813 41.157673, -102.986719 41.157665, -102.991624 41.157656, -102.996530 41.157648, -103.001435 41.157639, -103.006341 41.157630, -103.011246 41.157620, -103.016152 41.157611, -103.021057 41.157601, -103.025962 41.157591, -103.030868 41.157581, -103.035773 41.157571, -103.040679 41.157560, -103.045584 41.157550, -103.050490 41.157539, -103.055395 41.157528, -103.060300 41.157516, -103.065206 41.157505, -103.070111 41.157493, -103.075017 41.157481, -103.079922 41.157469, -103.084828 41.157457, -103.089733 41.157444, -103.094638 41.157431, -103.099544 41.157418, -103.104449 41.157405, -103.109355 41.157391, -103.114260 41.157378, -103.119166 41.157364, -103.124071 41.157350, -103.128976 41.157336, -103.133882 41.157321, -103.138787 41.157307, -103.143693 41.157292, -103.148598 41.157277, -103.153503 41.157261, -103.158409 41.157246, -103.163314 41.157230, -103.168219 41.157214, -103.173125 41.157198, -103.178030 41.157182, -103.182936 41.157165, -103.187841 41.157148, -103.192746 41.157131, -103.197652 41.157114, -103.202557 41.157097, -103.207463 41.157079, -103.212368 41.157062, -103.217273 41.157044, -103.222179 41.157025, -103.227084 41.157007, -103.231989 41.156988, -103.236895 41.156969, -103.241800 41.156950, -103.246705 41.156931, -103.251611 41.156912, -103.256516 41.156892, -103.261421 41.156872, -103.266327 41.156852, -103.271232 41.156832, -103.276137 41.156811, -103.281043 41.156791, -103.285948 41.156770, -103.290853 41.156749, -103.295759 41.156727, -103.300664 41.156706, -103.305569 41.156684, -103.310475 41.156662, -103.315380 41.156640, -103.320285 41.156617, -103.325190 41.156595, -103.330096 41.156572, -103.335001 41.156549, -103.339906 41.156526, -103.344812 41.156502, -103.349717 41.156479, -103.354622 41.156455, -103.359527 41.156431, -103.364433 41.156407, -103.369338 41.156382, -103.374243 41.156358, -103.379148 41.156333, -103.384054 41.156308, -103.388959 41.156282, -103.393864 41.156257, -103.398769 41.156231, -103.403675 41.156205, -103.408580 41.156179, -103.413485 41.156153, -103.418390 41.156126, -103.423296 41.156100, -103.428201 41.156073, -103.433106 41.156045, -103.438011 41.156018, -103.442916 41.155991, -103.447822 41.155963, -103.452727 41.155935, -103.457632 41.155907, -103.462537 41.155878, -103.467442 41.155850, -103.472348 41.155821, -103.477253 41.155792, -103.482158 41.155762, -103.487063 41.155733, -103.491968 41.155703, -103.496873 41.155673, -103.501779 41.155643, -103.506684 41.155613, -103.511589 41.155583, -103.516494 41.155552, -103.521399 41.155521, -103.526304 41.155490, -103.531209 41.155459, -103.536115 41.155427, -103.541020 41.155395, -103.545925 41.155363, -103.550830 41.155331, -103.555735 41.155299, -103.560640 41.155266, -103.565545 41.155234, -103.570450 41.155201, -103.575355 41.155167, -103.580260 41.155134, -103.585165 41.155100, -103.590071 41.155067, -103.594976 41.155033, -103.599881 41.154998, -103.604786 41.154964, -103.609691 41.154929, -103.614596 41.154894, -103.619501 41.154859, -103.624406 41.154824, -103.629311 41.154789, -103.634216 41.154753, -103.639121 41.154717, -103.644026 41.154681, -103.648931 41.154645, -103.653836 41.154608, -103.658741 41.154571, -103.663646 41.154534, -103.668551 41.154497, -103.673456 41.154460, -103.678361 41.154422, -103.683266 41.154385, -103.688171 41.154347, -103.693076 41.154308, -103.697981 41.154270, -103.702886 41.154231, -103.707791 41.154193, -103.712696 41.154154, -103.717600 41.154114, -103.722505 41.154075, -103.727410 41.154035, -103.732315 41.153995, -103.737220 41.153955, -103.742125 41.153915, -103.747030 41.153875, -103.751935 41.153834, -103.756840 41.153793, -103.761745 41.153752, -103.766649 41.153711, -103.771554 41.153669, -103.776459 41.153627, -103.781364 41.153585, -103.786269 41.153543, -103.791174 41.153501, -103.796078 41.153458, -103.800983 41.153416, -103.805888 41.153373, -103.810793 41.153330, -103.815698 41.153286, -103.820602 41.153243, -103.825507 41.153199, -103.830412 41.153155, -103.835317 41.153110, -103.840222 41.153066, -103.845126 41.153021, -103.850031 41.152977, -103.854936 41.152932, -103.859841 41.152886, -103.864745 41.152841, -103.869650 41.152795, -103.874555 41.152749, -103.879459 41.152703, -103.884364 41.152657, -103.889269 41.152610, -103.894174 41.152564, -103.899078 41.152517, -103.903983 41.152470, -103.908888 41.152422, -103.913792 41.152375, -103.918697 41.152327, -103.923602 41.152279, -103.928506 41.152231, -103.933411 41.152182, -103.938316 41.152134, -103.943220 41.152085, -103.948125 41.152036, -103.953029 41.151987, -103.957934 41.151937, -103.962839 41.151888, -103.967743 41.151838, -103.972648 41.151788, -103.977552 41.151738, -103.982457 41.151687, -103.987361 41.151637, -103.992266 41.151586, -103.997171 41.151535, -104.002075 41.151483, -104.006980 41.151432, -104.011884 41.151380, -104.016789 41.151328, -104.021693 41.151276, -104.026598 41.151224, -104.031502 41.151171, -104.036407 41.151118, -104.041311 41.151065, -104.046215 41.151012, -104.051120 41.150959, -104.056024 41.150905, -104.060929 41.150852, -104.065833 41.150798, -104.070738 41.150743, -104.075642 41.150689, -104.080546 41.150634, -104.085451 41.150579, -104.090355 41.150524, -104.095260 41.150469, -104.100164 41.150414, -104.105068 41.150358, -104.109973 41.150302, -104.114877 41.150246, -104.119781 41.150190, -104.124686 41.150133, -104.129590 41.150077, -104.134494 41.150020, -104.139399 41.149963, -104.144303 41.149905, -104.149207 41.149848, -104.154112 41.149790, -104.159016 41.149732, -104.163920 41.149674, -104.168824 41.149616, -104.173729 41.149557, -104.178633 41.149498, -104.183537 41.149439, -104.188441 41.149380, -104.193346 41.149321, -104.198250 41.149261, -104.203154 41.149201, -104.208058 41.149141, -104.212962 41.149081, -104.217866 41.149020, -104.222771 41.148960, -104.227675 41.148899, -104.232579 41.148838, -104.237483 41.148777, -104.242387 41.148715, -104.247291 41.148653, -104.252195 41.148592, -104.257099 41.148529, -104.262003 41.148467, -104.266908 41.148405, -104.271812 41.148342, -104.276716 41.148279, -104.281620 41.148216, -104.286524 41.148152, -104.291428 41.148089, -104.296332 41.148025, -104.301236 41.147961, -104.306140 41.147897, -104.311044 41.147833, -104.315948 41.147768, -104.320852 41.147703, -104.325756 41.147638, -104.330660 41.147573, -104.335564 41.147507, -104.340468 41.147442, -104.345371 41.147376, -104.350275 41.147310, -104.355179 41.147244, -104.360083 41.147177, -104.364987 41.147110, -104.369891 41.147044, -104.374795 41.146976, -104.379699 41.146909, -104.384602 41.146842, -104.389506 41.146774, -104.394410 41.146706, -104.399314 41.146638, -104.404218 41.146569, -104.409121 41.146501, -104.414025 41.146432, -104.418929 41.146363, -104.423833 41.146294, -104.428737 41.146225, -104.433640 41.146155, -104.438544 41.146085, -104.443448 41.146015, -104.448351 41.145945, -104.453255 41.145875, -104.458159 41.145804, -104.463062 41.145733, -104.467966 41.145662, -104.472870 41.145591, -104.477773 41.145519, -104.482677 41.145448, -104.487581 41.145376, -104.492484 41.145304, -104.497388 41.145231, -104.502291 41.145159, -104.507195 41.145086, -104.512099 41.145013, -104.517002 41.144940, -104.521906 41.144867, -104.526809 41.144793, -104.531713 41.144719, -104.536616 41.144646, -104.541520 41.144571, -104.546423 41.144497, -104.551327 41.144422, -104.556230 41.144348, -104.561134 41.144273, -104.566037 41.144197, -104.570941 41.144122, -104.575844 41.144046, -104.580747 41.143971, -104.585651 41.143894, -104.590554 41.143818, -104.595458 41.143742, -104.600361 41.143665, -104.605264 41.143588, -104.610168 41.143511, -104.615071 41.143434, -104.619974 41.143356, -104.624878 41.143279, -104.629781 41.143201, -104.634684 41.143123, -104.639587 41.143044, -104.644491 41.142966, -104.649394 41.142887, -104.654297 41.142808, -104.659200 41.142729, -104.664104 41.142650, -104.669007 41.142570, -104.673910 41.142490, -104.678813 41.142410, -104.683716 41.142330, -104.688620 41.142250, -104.693523 41.142169, -104.698426 41.142088, -104.703329 41.142007, -104.708232 41.141926, -104.713135 41.141844, -104.718038 41.141763, -104.722941 41.141681, -104.727844 41.141599, -104.732747 41.141517, -104.737650 41.141434, -104.742553 41.141351, -104.747456 41.141268, -104.752359 41.141185, -104.757262 41.141102, -104.762165 41.141019, -104.767068 41.140935, -104.771971 41.140851, -104.776874 41.140767, -104.781777 41.140682, -104.786680 41.140598, -104.791583 41.140513, -104.796486 41.140428, -104.801389 41.140343, -104.806292 41.140257, -104.811194 41.140172, -104.816097 41.140086, -104.821000 41.140000, -104.825683 41.141058, -104.830366 41.142116, -104.835049 41.143174, -104.839732 41.144232, -104.844416 41.145289, -104.849100 41.146346, -104.853783 41.147403, -104.858467 41.148460, -104.863151 41.149517, -104.867836 41.150573, -104.872520 41.151630, -104.877205 41.152686, -104.881889 41.153742, -104.886574 41.154797, -104.891259 41.155853, -104.895944 41.156908, -104.900630 41.157964, -104.905315 41.159019, -104.910001 41.160073, -104.914686 41.161128, -104.919372 41.162182, -104.924058 41.163236, -104.928744 41.164291, -104.933431 41.165344, -104.938117 41.166398, -104.942804 41.167451, -104.947491 41.168505, -104.952178 41.169558, -104.956865 41.170611, -104.961552 41.171663, -104.966240 41.172716, -104.970927 41.173768, -104.975615 41.174820, -104.980303 41.175872, -104.984991 41.176924, -104.989679 41.177976, -104.994367 41.179027, -104.999056 41.180078, -105.003744 41.181129, -105.008433 41.182180, -105.013122 41.183230, -105.017811 41.184281, -105.022500 41.185331, -105.027189 41.186381, -105.031879 41.187431, -105.036569 41.188481, -105.041258 41.189530, -105.045948 41.190579, -105.050639 41.191628, -105.055329 41.192677, -105.060019 41.193726, -105.064710 41.194774, -105.069401 41.195823, -105.074091 41.196871, -105.078782 41.197919, -105.083474 41.198967, -105.088165 41.200014, -105.092856 41.201062, -105.097548 41.202109, -105.102240 41.203156, -105.106932 41.204202, -105.111624 41.205249, -105.116316 41.206295, -105.121008 41.207342, -105.125701 41.208388, -105.130394 41.209434, -105.135086 41.210479, -105.139779 41.211525, -105.144472 41.212570, -105.149166 41.213615, -105.153859 41.214660, -105.158553 41.215705, -105.163246 41.216749, -105.167940 41.217793, -105.172634 41.218838, -105.177328 41.219882, -105.182023 41.220925, -105.186717 41.221969, -105.191412 41.223012, -105.196107 41.224055, -105.200802 41.225098, -105.205497 41.226141, -105.210192 41.227184, -105.214887 41.228226, -105.219583 41.229268, -105.224278 41.230310, -105.228974 41.231352, -105.233670 41.232394, -105.238366 41.233435, -105.243063 41.234477, -105.247759 41.235518, -105.252455 41.236559, -105.257152 41.237599, -105.261849 41.238640, -105.266546 41.239680, -105.271243 41.240720, -105.275941 41.241760, -105.280638 41.242800, -105.285336 41.243839, -105.290033 41.244879, -105.294731 41.245918, -105.299429 41.246957, -105.304128 41.247996, -105.308826 41.249034, -105.313524 41.250073, -105.318223 41.251111, -105.322922 41.252149, -105.327621 41.253187, -105.332320 41.254224, -105.337019 41.255262, -105.341719 41.256299, -105.346418 41.257336, -105.351118 41.258373, -105.355818 41.259410, -105.360518 41.260446, -105.365218 41.261483, -105.369918 41.262519, -105.374619 41.263555, -105.379319 41.264590, -105.384020 41.265626, -105.388721 41.266661, -105.393422 41.267696, -105.398123 41.268731, -105.402824 41.269766, -105.407526 41.270801, -105.412228 41.271835, -105.416929 41.272869, -105.421631 41.273903, -105.426333 41.274937, -105.431036 41.275971, -105.435738 41.277004, -105.440440 41.278037, -105.445143 41.279070, -105.449846 41.280103, -105.454549 41.281136, -105.459252 41.282168, -105.463955 41.283201, -105.468659 41.284233, -105.473362 41.285265, -105.478066 41.286296, -105.482770 41.287328, -105.487474 41.288359, -105.492178 41.289390, -105.496882 41.290421, -105.501587 41.291452, -105.506292 41.292483, -105.510996 41.293513, -105.515701 41.294543, -105.520406 41.295573, -105.525111 41.296603, -105.529817 41.297633, -105.534522 41.298662, -105.539228 41.299691, -105.543934 41.300720, -105.548640 41.301749, -105.553346 41.302778, -105.558052 41.303806, -105.562759 41.304834, -105.567465 41.305863, -105.572172 41.306890, -105.576879 41.307918, -105.581586 41.308946, -105.586293 41.309973, -105.591000 41.311000, -105.595556 41.312372, -105.600113 41.313745, -105.604670 41.315116, -105.609227 41.316488, -105.613784 41.317860, -105.618341 41.319231, -105.622899 41.320603, -105.627456 41.321974, -105.632014 41.323345, -105.636572 41.324715, -105.641131 41.326086, -105.645689 41.327456, -105.650248 41.328826, -105.654807 41.330196, -105.659366 41.331566, -105.663925 41.332936, -105.668484 41.334305, -105.673044 41.335675, -105.677604 41.337044, -105.682164 41.338413, -105.686724 41.339781, -105.691284 41.341150, -105.695845 41.342518, -105.700406 41.343887, -105.704967 41.345255, -105.709528 41.346622, -105.714089 41.347990, -105.718651 41.349358, -105.723213 41.350725, -105.727775 41.352092, -105.732337 41.353459, -105.736899 41.354826, -105.741462 41.356192, -105.746024 41.357559, -105.750587 41.358925, -105.755150 41.360291, -105.759713 41.361657, -105.764277 41.363022, -105.768841 41.364388, -105.773404 41.365753, -105.777968 41.367118, -105.782533 41.368483, -105.787097 41.369848, -105.791662 41.371213, -105.796227 41.372577, -105.800792 41.373941, -105.805357 41.375306, -105.809922 41.376669, -105.814488 41.378033, -105.819053 41.379397, -105.823619 41.380760, -105.828186 41.382123, -105.832752 41.383486, -105.837318 41.384849, -105.841885 41.386211, -105.846452 41.387574, -105.851019 41.388936, -105.855586 41.390298, -105.860154 41.391660, -105.864722 41.393022, -105.869289 41.394383, -105.873857 41.395745, -105.878426 41.397106, -105.882994 41.398467, -105.887563 41.399828, -105.892132 41.401188, -105.896701 41.402549, -105.901270 41.403909, -105.905839 41.405269, -105.910409 41.406629, -105.914979 41.407989, -105.919549 41.409348, -105.924119 41.410708, -105.928689 41.412067, -105.933260 41.413426, -105.937830 41.414785, -105.942401 41.416143, -105.946972 41.417502, -105.951544 41.418860, -105.956115 41.420218, -105.960687 41.421576, -105.965259 41.422934, -105.969831 41.424291, -105.974403 41.425649, -105.978976 41.427006, -105.983548 41.428363, -105.988121 41.429720, -105.992694 41.431076, -105.997267 41.432433, -106.001841 41.433789, -106.006414 41.435145, -106.010988 41.436501, -106.015562 41.437857, -106.020136 41.439212, -106.024711 41.440568, -106.029285 41.441923, -106.033860 41.443278, -106.038435 41.444633, -106.043010 41.445988, -106.047585 41.447342, -106.052161 41.448696, -106.056737 41.450050, -106.061313 41.451404, -106.065889 41.452758, -106.070465 41.454112, -106.075041 41.455465, -106.079618 41.456818, -106.084195 41.458171, -106.088772 41.459524, -106.093349 41.460877, -106.097927 41.462229, -106.102504 41.463582, -106.107082 41.464934, -106.111660 41.466286, -106.116238 41.467637, -106.120817 41.468989, -106.125395 41.470340, -106.129974 41.471692, -106.134553 41.473043, -106.139132 41.474393, -106.143711 41.475744, -106.148291 41.477095, -106.152871 41.478445, -106.157450 41.479795, -106.162031 41.481145, -106.166611 41.482495, -106.171191 41.483844, -106.175772 41.485194, -106.180353 41.486543, -106.184934 41.487892, -106.189515 41.489241, -106.194097 41.490589, -106.198678 41.491938, -106.203260 41.493286, -106.207842 41.494634, -106.212424 41.495982, -106.217007 41.497330, -106.221589 41.498678, -106.226172 41.500025, -106.230755 41.501372, -106.235338 41.502719, -106.239921 41.504066, -106.244505 41.505413, -106.249089 41.506759, -106.253673 41.508105, -106.258257 41.509452, -106.262841 41.510798, -106.267425 41.512143, -106.272010 41.513489, -106.276595 41.514834, -106.281180 41.516179, -106.285765 41.517524, -106.290351 41.518869, -106.294936 41.520214, -106.299522 41.521558, -106.304108 41.522903, -106.308694 41.524247, -106.313281 41.525591, -106.317867 41.526935, -106.322454 41.528278, -106.327041 41.529621, -106.331628 41.530965, -106.336216 41.532308, -106.340803 41.533651, -106.345391 41.534993, -106.349979 41.536336, -106.354567 41.537678, -106.359155 41.539020, -106.363744 41.540362, -106.368332 41.541704, -106.372921 41.543045, -106.377510 41.544387, -106.382099 41.545728, -106.386689 41.547069, -106.391279 41.548410, -106.395868 41.549750, -106.400458 41.551091, -106.405049 41.552431, -106.409639 41.553771, -106.414229 41.555111, -106.418820 41.556451, -106.423411 41.557790, -106.428002 41.559130, -106.432594 41.560469, -106.437185 41.561808, -106.441777 41.563147, -106.446369 41.564485, -106.450961 41.565824, -106.455553 41.567162, -106.460146 41.568500, -106.464738 41.569838, -106.469331 41.571176, -106.473924 41.572514, -106.478518 41.573851, -106.483111 41.575188, -106.487705 41.576525, -106.492298 41.577862, -106.496892 41.579198, -106.501487 41.580535, -106.506081 41.581871, -106.510676 41.583207, -106.515270 41.584543, -106.519865 41.585879, -106.524460 41.587214, -106.529056 41.588550, -106.533651 41.589885, -106.538247 41.591220, -106.542843 41.592555, -106.547439 41.593889, -106.552035 41.595224, -106.556632 41.596558, -106.561228 41.597892, -106.565825 41.599226, -106.570422 41.600560, -106.575020 41.601893, -106.579617 41.603227, -106.584215 41.604560, -106.588812 41.605893, -106.593410 41.607225, -106.598009 41.608558, -106.602607 41.609890, -106.607206 41.611223, -106.611804 41.612555, -106.616403 41.613887, -106.621002 41.615218, -106.625602 41.616550, -106.630201 41.617881, -106.634801 41.619212, -106.639401 41.620543, -106.644001 41.621874, -106.648601 41.623205, -106.653202 41.624535, -106.657802 41.625865, -106.662403 41.627195, -106.667004 41.628525, -106.671605 41.629855, -106.676207 41.631184, -106.680808 41.632514, -106.685410 41.633843, -106.690012 41.635172, -106.694614 41.636500, -106.699217 41.637829, -106.703819 41.639157, -106.708422 41.640486, -106.713025 41.641814, -106.717628 41.643141, -106.722231 41.644469, -106.726835 41.645797, -106.731438 41.647124, -106.736042 41.648451, -106.740646 41.649778, -106.745251 41.651105, -106.749855 41.652431, -106.754460 41.653757, -106.759065 41.655084, -106.763670 41.656410, -106.768275 41.657735, -106.772880 41.659061, -106.777486 41.660387, -106.782092 41.661712, -106.786698 41.663037, -106.791304 41.664362, -106.795910 41.665686, -106.800517 41.667011, -106.805123 41.668335, -106.809730 41.669660, -106.814337 41.670983, -106.818945 41.672307, -106.823552 41.673631, -106.828160 41.674954, -106.832768 41.676278, -106.837376 41.677601, -106.841984 41.678923, -106.846592 41.680246, -106.851201 41.681569, -106.855810 41.682891, -106.860419 41.684213, -106.865028 41.685535, -106.869637 41.686857, -106.874247 41.688178, -106.878857 41.689500, -106.883467 41.690821, -106.888077 41.692142, -106.892687 41.693463, -106.897298 41.694784, -106.901908 41.696104, -106.906519 41.697424, -106.911130 41.698744, -106.915741 41.700064, -106.920353 41.701384, -106.924965 41.702704, -106.929576 41.704023, -106.934188 41.705342, -106.938801 41.706661, -106.943413 41.707980, -106.948026 41.709299, -106.952638 41.710617, -106.957251 41.711935, -106.961865 41.713253, -106.966478 41.714571, -106.971091 41.715889, -106.975705 41.717207, -106.980319 41.718524, -106.984933 41.719841, -106.989547 41.721158, -106.994162 41.722475, -106.998777 41.723791, -107.003391 41.725108, -107.008007 41.726424, -107.012622 41.727740, -107.017237 41.729056, -107.021853 41.730372, -107.026469 41.731687, -107.031085 41.733002, -107.035701 41.734318, -107.040317 41.735633, -107.044934 41.736947, -107.049551 41.738262, -107.054167 41.739576, -107.058785 41.740890, -107.063402 41.742204, -107.068019 41.743518, -107.072637 41.744832, -107.077255 41.746145, -107.081873 41.747459, -107.086491 41.748772, -107.091110 41.750085, -107.095728 41.751397, -107.100347 41.752710, -107.104966 41.754022, -107.109586 41.755334, -107.114205 41.756646, -107.118824 41.757958, -107.123444 41.759270, -107.128064 41.760581, -107.132684 41.761893, -107.137305 41.763204, -107.141925 41.764514, -107.146546 41.765825, -107.151167 41.767136, -107.155788 41.768446, -107.160409 41.769756, -107.165031 41.771066, -107.169652 41.772376, -107.174274 41.773685, -107.178896 41.774995, -107.183519 41.776304, -107.188141 41.777613, -107.192764 41.778922, -107.197386 41.780230, -107.202009 41.781539, -107.206633 41.782847, -107.211256 41.784155, -107.215879 41.785463, -107.220503 41.786771, -107.225127 41.788079, -107.229751 41.789386, -107.234376 41.790693, -107.239000 41.792000, -107.243905 41.791470, -107.248811 41.790941, -107.253716 41.790411, -107.258621 41.789881, -107.263526 41.789350, -107.268431 41.788820, -107.273336 41.788289, -107.278241 41.787758, -107.283146 41.787227, -107.288050 41.786695, -107.292955 41.786164, -107.297859 41.785632, -107.302764 41.785100, -107.307668 41.784567, -107.312572 41.784035, -107.317477 41.783502, -107.322381 41.782969, -107.327285 41.782436, -107.332189 41.781903, -107.337092 41.781369, -107.341996 41.780836, -107.346900 41.780302, -107.351803 41.779768, -107.356707 41.779233, -107.361610 41.778699, -107.366514 41.778164, -107.371417 41.777629, -107.376320 41.777094, -107.381223 41.776559, -107.386126 41.776023, -107.391029 41.775487, -107.395932 41.774951, -107.400835 41.774415, -107.405738 41.773878, -107.410640 41.773342, -107.415543 41.772805, -107.420445 41.772268, -107.425348 41.771731, -107.430250 41.771193, -107.435152 41.770656, -107.440054 41.770118, -107.444956 41.769580, -107.449858 41.769041, -107.454760 41.768503, -107.459662 41.767964, -107.464564 41.767425, -107.469465 41.766886, -107.474367 41.766347, -107.479268 41.765807, -107.484170 41.765267, -107.489071 41.764727, -107.493972 41.764187, -107.498873 41.763647, -107.503774 41.763106, -107.508675 41.762565, -107.513576 41.762024, -107.518477 41.761483, -107.523378 41.760942, -107.528278 41.760400, -107.533179 41.759858, -107.538079 41.759316, -107.542980 41.758774, -107.547880 41.758231, -107.552780 41.757689, -107.557681 41.757146, -107.562581 41.756603, -107.567481 41.756060, -107.572380 41.755516, -107.577280 41.754972, -107.582180 41.754428, -107.587080 41.753884, -107.591979 41.753340, -107.596879 41.752795, -107.601778 41.752251, -107.606677 41.751706, -107.611577 41.751160, -107.616476 41.750615, -107.621375 41.750069, -107.626274 41.749524, -107.631173 41.748978, -107.636072 41.748431, -107.640970 41.747885, -107.645869 41.747338, -107.650767 41.746792, -107.655666 41.746244, -107.660564 41.745697, -107.665463 41.745150, -107.670361 41.744602, -107.675259 41.744054, -107.680157 41.743506, -107.685055 41.742958, -107.689953 41.742409, -107.694851 41.741861, -107.699749 41.741312, -107.704646 41.740763, -107.709544 41.740213, -107.714441 41.739664, -107.719339 41.739114, -107.724236 41.738564, -107.729133 41.738014, -107.734030 41.737463, -107.738927 41.736913, -107.743824 41.736362, -107.748721 41.735811, -107.753618 41.735260, -107.758515 41.734708, -107.763411 41.734157, -107.768308 41.733605, -107.773204 41.733053, -107.778101 41.732501, -107.782997 41.731948, -107.787893 41.731396, -107.792789 41.730843, -107.797685 41.730290, -107.802581 41.729736, -107.807477 41.729183, -107.812373 41.728629, -107.817269 41.728075, -107.822164 41.727521, -107.827060 41.726967, -107.831955 41.726412, -107.836851 41.725858, -107.841746 41.725303, -107.846641 41.724747, -107.851536 41.724192, -107.856431 41.723637, -107.861326 41.723081, -107.866221 41.722525, -107.871116 41.721969, -107.876011 41.721412, -107.880905 41.720856, -107.885800 41.720299, -107.890694 41.719742, -107.895589 41.719184, -107.900483 41.718627, -107.905377 41.718069, -107.910271 41.717512, -107.915165 41.716953, -107.920059 41.716395, -107.924953 41.715837, -107.929847 41.715278, -107.934740 41.714719, -107.939634 41.714160, -107.944528 41.713601, -107.949421 41.713041, -107.954314 41.712482, -107.959208 41.711922, -107.964101 41.711361, -107.968994 41.710801, -107.973887 41.710241, -107.978780 41.709680, -107.983673 41.709119, -107.988565 41.708558, -107.993458 41.707996, -107.998350 41.707435, -108.003243 41.706873, -108.008135 41.706311, -108.013028 41.705749, -108.017920 41.705186, -108.022812 41.704624, -108.027704 41.704061, -108.032596 41.703498, -108.037488 41.702934, -108.042380 41.702371, -108.047271 41.701807, -108.052163 41.701243, -108.057055 41.700679, -108.061946 41.700115, -108.066837 41.699551, -108.071729 41.698986, -108.076620 41.698421, -108.081511 41.697856, -108.086402 41.697291, -108.091293 41.696725, -108.096184 41.696159, -108.101075 41.695593, -108.105965 41.695027, -108.110856 41.694461, -108.115746 41.693894, -108.120637 41.693327, -108.125527 41.692760, -108.130417 41.692193, -108.135308 41.691626, -108.140198 41.691058, -108.145088 41.690490, -108.149978 41.689922, -108.154867 41.689354, -108.159757 41.688786, -108.164647 41.688217, -108.169536 41.687648, -108.174426 41.687079, -108.179315 41.686510, -108.184204 41.685940, -108.189094 41.685371, -108.193983 41.684801, -108.198872 41.684231, -108.203761 41.683661, -108.208650 41.683090, -108.213538 41.682519, -108.218427 41.681948, -108.223316 41.681377, -108.228204 41.680806, -108.233093 41.680234, -108.237981 41.679663, -108.242869 41.679091, -108.247757 41.678519, -108.252645 41.677946, -108.257533 41.677374, -108.262421 41.676801, -108.267309 41.676228, -108.272197 41.675655, -108.277085 41.675081, -108.281972 41.674508, -108.286860 41.673934, -108.291747 41.673360, -108.296634 41.672785, -108.301522 41.672211, -108.306409 41.671636, -108.311296 41.671062, -108.316183 41.670486, -108.321070 41.669911, -108.325956 41.669336, -108.330843 41.668760, -108.335730 41.668184, -108.340616 41.667608, -108.345503 41.667032, -108.350389 41.666455, -108.355275 41.665878, -108.360161 41.665302, -108.365047 41.664724, -108.369933 41.664147, -108.374819 41.663570, -108.379705 41.662992, -108.384591 41.662414, -108.389476 41.661836, -108.394362 41.661257, -108.399247 41.660679, -108.404133 41.660100, -108.409018 41.659521, -108.413903 41.658942, -108.418788 41.658362, -108.423673 41.657783, -108.428558 41.657203, -108.433443 41.656623, -108.438328 41.656043, -108.443213 41.655462, -108.448097 41.654882, -108.452982 41.654301, -108.457866 41.653720, -108.462750 41.653138, -108.467635 41.652557, -108.472519 41.651975, -108.477403 41.651393, -108.482287 41.650811, -108.487171 41.650229, -108.492055 41.649646, -108.496938 41.649064, -108.501822 41.648481, -108.506705 41.647898, -108.511589 41.647314, -108.516472 41.646731, -108.521355 41.646147, -108.526239 41.645563, -108.531122 41.644979, -108.536005 41.644394, -108.540888 41.643810, -108.545770 41.643225, -108.550653 41.642640, -108.555536 41.642055, -108.560418 41.641470, -108.565301 41.640884, -108.570183 41.640298, -108.575065 41.639712, -108.579948 41.639126, -108.584830 41.638539, -108.589712 41.637953, -108.594594 41.637366, -108.599475 41.636779, -108.604357 41.636192, -108.609239 41.635604, -108.614120 41.635016, -108.619002 41.634429, -108.623883 41.633840, -108.628765 41.633252, -108.633646 41.632664, -108.638527 41.632075, -108.643408 41.631486, -108.648289 41.630897, -108.653170 41.630308, -108.658051 41.629718, -108.662931 41.629128, -108.667812 41.628538, -108.672692 41.627948, -108.677573 41.627358, -108.682453 41.626767, -108.687333 41.626177, -108.692214 41.625586, -108.697094 41.624994, -108.701974 41.624403, -108.706853 41.623811, -108.711733 41.623220, -108.716613 41.622628, -108.721493 41.622035, -108.726372 41.621443, -108.731251 41.620850, -108.736131 41.620257, -108.741010 41.619664, -108.745889 41.619071, -108.750768 41.618478, -108.755647 41.617884, -108.760526 41.617290, -108.765405 41.616696, -108.770284 41.616102, -108.775162 41.615507, -108.780041 41.614913, -108.784919 41.614318, -108.789798 41.613723, -108.794676 41.613127, -108.799554 41.612532, -108.804432 41.611936, -108.809310 41.611340, -108.814188 41.610744, -108.819066 41.610148, -108.823944 41.609551, -108.828821 41.608954, -108.833699 41.608357, -108.838576 41.607760, -108.843454 41.607163, -108.848331 41.606565, -108.853208 41.605967, -108.858085 41.605369, -108.862962 41.604771, -108.867839 41.604173, -108.872716 41.603574, -108.877592 41.602975, -108.882469 41.602376, -108.887346 41.601777, -108.892222 41.601178, -108.897098 41.600578, -108.901975 41.599978, -108.906851 41.599378, -108.911727 41.598778, -108.916603 41.598177, -108.921479 41.597577, -108.926355 41.596976, -108.931230 41.596375, -108.936106 41.595774, -108.940982 41.595172, -108.945857 41.594570, -108.950732 41.593968, -108.955608 41.593366, -108.960483 41.592764, -108.965358 41.592162, -108.970233 41.591559, -108.975108 41.590956, -108.979983 41.590353, -108.984857 41.589749, -108.989732 41.589146, -108.994607 41.588542, -108.999481 41.587938, -109.004355 41.587334, -109.009230 41.586730, -109.014104 41.586125, -109.018978 41.585520, -109.023852 41.584915, -109.028726 41.584310, -109.033600 41.583705, -109.038473 41.583099, -109.043347 41.582493, -109.048221 41.581887, -109.053094 41.581281, -109.057967 41.580674, -109.062841 41.580068, -109.067714 41.579461, -109.072587 41.578854, -109.077460 41.578247, -109.082333 41.577639, -109.087206 41.577031, -109.092078 41.576424, -109.096951 41.575816, -109.101824 41.575207, -109.106696 41.574599, -109.111568 41.573990, -109.116441 41.573381, -109.121313 41.572772, -109.126185 41.572163, -109.131057 41.571553, -109.135929 41.570943, -109.140801 41.570334, -109.145672 41.569723, -109.150544 41.569113, -109.155415 41.568503, -109.160287 41.567892, -109.165158 41.567281, -109.170029 41.566670, -109.174901 41.566058, -109.179772 41.565447, -109.184643 41.564835, -109.189513 41.564223, -109.194384 41.563611, -109.199255 41.562998, -109.204125 41.562386, -109.208996 41.561773, -109.213866 41.561160, -109.218737 41.560547, -109.223607 41.559933, -109.228477 41.559320, -109.233347 41.558706, -109.238217 41.558092, -109.243087 41.557477, -109.247957 41.556863, -109.252826 41.556248, -109.257696 41.555633, -109.262565 41.555018, -109.267435 41.554403, -109.272304 41.553788, -109.277173 41.553172, -109.282043 41.552556, -109.286912 41.551940, -109.291780 41.551324, -109.296649 41.550707, -109.301518 41.550090, -109.306387 41.549474, -109.311255 41.548856, -109.316124 41.548239, -109.320992 41.547622, -109.325860 41.547004, -109.330729 41.546386, -109.335597 41.545768, -109.340465 41.545149, -109.345333 41.544531, -109.350200 41.543912, -109.355068 41.543293, -109.359936 41.542674, -109.364803 41.542054, -109.369671 41.541435, -109.374538 41.540815, -109.379405 41.540195, -109.384273 41.539575, -109.389140 41.538954, -109.394007 41.538334, -109.398873 41.537713, -109.403740 41.537092, -109.408607 41.536471, -109.413474 41.535849, -109.418340 41.535228, -109.423206 41.534606, -109.428073 41.533984, -109.432939 41.533362, -109.437805 41.532739, -109.442671 41.532116, -109.447537 41.531494, -109.452403 41.530870, -109.457269 41.530247, -109.462134 41.529624, -109.467000 41.529000, -109.471808 41.528200, -109.476616 41.527401, -109.481424 41.526601, -109.486231 41.525800, -109.491039 41.525000, -109.495847 41.524199, -109.500654 41.523399, -109.505461 41.522598, -109.510268 41.521796, -109.515075 41.520995, -109.519882 41.520193, -109.524689 41.519392, -109.529495 41.518590, -109.534302 41.517787, -109.539108 41.516985, -109.543915 41.516182, -109.548721 41.515379, -109.553527 41.514576, -109.558333 41.513773, -109.563138 41.512970, -109.567944 41.512166, -109.572750 41.511362, -109.577555 41.510558, -109.582360 41.509754, -109.587166 41.508950, -109.591971 41.508145, -109.596776 41.507340, -109.601580 41.506535, -109.606385 41.505730, -109.611190 41.504925, -109.615994 41.504119, -109.620799 41.503313, -109.625603 41.502507, -109.630407 41.501701, -109.635211 41.500895, -109.640015 41.500088, -109.644819 41.499281, -109.649622 41.498474, -109.654426 41.497667, -109.659229 41.496860, -109.664032 41.496052, -109.668836 41.495244, -109.673639 41.494436, -109.678442 41.493628, -109.683244 41.492820, -109.688047 41.492011, -109.692850 41.491202, -109.697652 41.490393, -109.702454 41.489584, -109.707257 41.488775, -109.712059 41.487965, -109.716861 41.487155, -109.721662 41.486345, -109.726464 41.485535, -109.731266 41.484725, -109.736067 41.483914, -109.740869 41.483103, -109.745670 41.482292, -109.750471 41.481481, -109.755272 41.480670, -109.760073 41.479858, -109.764874 41.479046, -109.769674 41.478234, -109.774475 41.477422, -109.779275 41.476610, -109.784075 41.475797, -109.788876 41.474984, -109.793676 41.474171, -109.798476 41.473358, -109.803275 41.472545, -109.808075 41.471731, -109.812875 41.470917, -109.817674 41.470103, -109.822473 41.469289, -109.827272 41.468475, -109.832072 41.467660, -109.836871 41.466845, -109.841669 41.466030, -109.846468 41.465215, -109.851267 41.464400, -109.856065 41.463584, -109.860863 41.462768, -109.865662 41.461952, -109.870460 41.461136, -109.875258 41.460320, -109.880056 41.459503, -109.884853 41.458686, -109.889651 41.457869, -109.894449 41.457052, -109.899246 41.456235, -109.904043 41.455417, -109.908840 41.454599, -109.913637 41.453781, -109.918434 41.452963, -109.923231 41.452145, -109.928028 41.451326, -109.932824 41.450507, -109.937621 41.449689, -109.942417 41.448869, -109.947213 41.448050, -109.952009 41.447230, -109.956805 41.446411, -109.961601 41.445591, -109.966397 41.444770, -109.971192 41.443950, -109.975988 41.443130, -109.980783 41.442309, -109.985578 41.441488, -109.990373 41.440667, -109.995168 41.439845, -109.999963 41.439024, -110.004758 41.438202, -110.009552 41.437380, -110.014347 41.436558, -110.019141 41.435735, -110.023935 41.434913, -110.028729 41.434090, -110.033523 41.433267, -110.038317 41.432444, -110.043111 41.431621, -110.047905 41.430797, -110.052698 41.429973, -110.057492 41.429149, -110.062285 41.428325, -110.067078 41.427501, -110.071871 41.426676, -110.076664 41.425851, -110.081457 41.425027, -110.086249 41.424201, -110.091042 41.423376, -110.095834 41.422550, -110.100626 41.421725, -110.105419 41.420899, -110.110211 41.420073, -110.115003 41.419246, -110.119794 41.418420, -110.124586 41.417593, -110.129378 41.416766, -110.134169 41.415939, -110.138960 41.415112, -110.143752 41.414284, -110.148543 41.413456, -110.153334 41.412628, -110.158124 41.411800, -110.162915 41.410972, -110.167706 41.410143, -110.172496 41.409315, -110.177286 41.408486, -110.182077 41.407657, -110.186867 41.406827, -110.191657 41.405998, -110.196447 41.405168, -110.201236 41.404338, -110.206026 41.403508, -110.210815 41.402678, -110.215605 41.401847, -110.220394 41.401016, -110.225183 41.400186, -110.229972 41.399354, -110.234761 41.398523, -110.239550 41.397692, -110.244338 41.396860, -110.249127 41.396028, -110.253915 41.395196, -110.258703 41.394364, -110.263491 41.393531, -110.268279 41.392698, -110.273067 41.391865, -110.277855 41.391032, -110.282643 41.390199, -110.287430 41.389366, -110.292218 41.388532, -110.297005 41.387698, -110.301792 41.386864, -110.306579 41.386030, -110.311366 41.385195, -110.316153 41.384360, -110.320939 41.383526, -110.325726 41.382690, -110.330512 41.381855, -110.335299 41.381020, -110.340085 41.380184, -110.344871 41.379348, -110.349657 41.378512, -110.354443 41.377676, -110.359228 41.376839, -110.364014 41.376003, -110.368799 41.375166, -110.373584 41.374329, -110.378370 41.373492, -110.383155 41.372654, -110.387940 41.371816, -110.392724 41.370979, -110.397509 41.370140, -110.402294 41.369302, -110.407078 41.368464, -110.411862 41.367625, -110.416647 41.366786, -110.421431 41.365947, -110.426215 41.365108, -110.430998 41.364269, -110.435782 41.363429, -110.440566 41.362589, -110.445349 41.361749, -110.450132 41.360909, -110.454916 41.360068, -110.459699 41.359228, -110.464482 41.358387, -110.469265 41.357546, -110.474047 41.356705, -110.478830 41.355863, -110.483612 41.355022, -110.488395 41.354180, -110.493177 41.353338, -110.497959 41.352496, -110.502741 41.351653, -110.507523 41.350811, -110.512304 41.349968, -110.517086 41.349125, -110.521868 41.348282, -110.526649 41.347438, -110.531430 41.346595, -110.536211 41.345751, -110.540992 41.344907, -110.545773 41.344063, -110.550554 41.343218, -110.555334 41.342374, -110.560115 41.341529, -110.564895 41.340684, -110.569675 41.339839, -110.574456 41.338993, -110.579236 41.338148, -110.584015 41.337302, -110.588795 41.336456, -110.593575 41.335610, -110.598354 41.334763, -110.603134 41.333917, -110.607913 41.333070, -110.612692 41.332223, -110.617471 41.331376, -110.622250 41.330529, -110.627029 41.329681, -110.631807 41.328833, -110.636586 41.327985, -110.641364 41.327137, -110.646142 41.326289, -110.650920 41.325440, -110.655698 41.324591, -110.660476 41.323743, -110.665254 41.322893, -110.670032 41.322044, -110.674809 41.321195, -110.679586 41.320345, -110.684364 41.319495, -110.689141 41.318645, -110.693918 41.317794, -110.698695 41.316944, -110.703471 41.316093, -110.708248 41.315242, -110.713025 41.314391, -110.717801 41.313540, -110.722577 41.312688, -110.727353 41.311837, -110.732129 41.310985, -110.736905 41.310133, -110.741681 41.309280, -110.746457 41.308428, -110.751232 41.307575, -110.756007 41.306722, -110.760783 41.305869, -110.765558 41.305016, -110.770333 41.304162, -110.775108 41.303309, -110.779882 41.302455, -110.784657 41.301601, -110.789432 41.300747, -110.794206 41.299892, -110.798980 41.299037, -110.803754 41.298183, -110.808528 41.297327, -110.813302 41.296472, -110.818076 41.295617, -110.822850 41.294761, -110.827623 41.293905, -110.832396 41.293049, -110.837170 41.292193, -110.841943 41.291337, -110.846716 41.290480, -110.851489 41.289623, -110.856261 41.288766, -110.861034 41.287909, -110.865807 41.287051, -110.870579 41.286194, -110.875351 41.285336, -110.880123 41.284478, -110.884895 41.283620, -110.889667 41.282761, -110.894439 41.281903, -110.899211 41.281044, -110.903982 41.280185, -110.908753 41.279326, -110.913525 41.278466, -110.918296 41.277607, -110.923067 41.276747, -110.927838 41.275887, -110.932608 41.275027, -110.937379 41.274166, -110.942149 41.273306, -110.946920 41.272445, -110.951690 41.271584, -110.956460 41.270723, -110.961230 41.269862, -110.966000 41.269000, -110.970892 41.268803, -110.975783 41.268605, -110.980675 41.268408, -110.985566 41.268210, -110.990458 41.268012, -110.995349 41.267813, -111.000241 41.267615, -111.005132 41.267416, -111.010023 41.267217, -111.014915 41.267018, -111.019806 41.266819, -111.024697 41.266619, -111.029588 41.266420, -111.034480 41.266220, -111.039371 41.266020, -111.044262 41.265819, -111.049153 41.265619, -111.054044 41.265418, -111.058935 41.265217, -111.063826 41.265016, -111.068717 41.264814, -111.073608 41.264613, -111.078499 41.264411, -111.083390 41.264209, -111.088281 41.264007, -111.093172 41.263804, -111.098063 41.263602, -111.102953 41.263399, -111.107844 41.263196, -111.112735 41.262993, -111.117626 41.262789, -111.122516 41.262585, -111.127407 41.262382, -111.132297 41.262178, -111.137188 41.261973, -111.142079 41.261769, -111.146969 41.261564, -111.151860 41.261359, -111.156750 41.261154, -111.161640 41.260949, -111.166531 41.260743, -111.171421 41.260537, -111.176311 41.260332, -111.181202 41.260125, -111.186092 41.259919, -111.190982 41.259712, -111.195872 41.259506, -111.200763 41.259299, -111.205653 41.259092, -111.210543 41.258884, -111.215433 41.258677, -111.220323 41.258469, -111.225213 41.258261, -111.230103 41.258053, -111.234993 41.257844, -111.239883 41.257636, -111.244773 41.257427, -111.249663 41.257218, -111.254552 41.257008, -111.259442 41.256799, -111.264332 41.256589, -111.269222 41.256379, -111.274111 41.256169, -111.279001 41.255959, -111.283891 41.255749, -111.288780 41.255538, -111.293670 41.255327, -111.298559 41.255116, -111.303449 41.254905, -111.308338 41.254693, -111.313228 41.254481, -111.318117 41.254269, -111.323007 41.254057, -111.327896 41.253845, -111.332785 41.253632, -111.337675 41.253420, -111.342564 41.253207, -111.347453 41.252993, -111.352342 41.252780, -111.357232 41.252566, -111.362121 41.252353, -111.367010 41.252139, -111.371899 41.251924, -111.376788 41.251710, -111.381677 41.251495, -111.386566 41.251280, -111.391455 41.251065, -111.396344 41.250850, -111.401233 41.250635, -111.406121 41.250419, -111.411010 41.250203, -111.415899 41.249987, -111.420788 41.249771, -111.425676 41.249554, -111.430565 41.249338, -111.435454 41.249121, -111.440342 41.248904, -111.445231 41.248686, -111.450120 41.248469, -111.455008 41.248251, -111.459897 41.248033, -111.464785 41.247815, -111.469673 41.247597, -111.474562 41.247378, -111.479450 41.247159, -111.484338 41.246940, -111.489227 41.246721, -111.494115 41.246502, -111.499003 41.246282, -111.503891 41.246062, -111.508780 41.245842, -111.513668 41.245622, -111.518556 41.245402, -111.523444 41.245181, -111.528332 41.244960, -111.533220 41.244739, -111.538108 41.244518, -111.542996 41.244297, -111.547884 41.244075, -111.552771 41.243853, -111.557659 41.243631, -111.562547 41.243409, -111.567435 41.243186, -111.572323 41.242964, -111.577210 41.242741, -111.582098 41.242518, -111.586986 41.242294, -111.591873 41.242071, -111.596761 41.241847, -111.601648 41.241623, -111.606536 41.241399, -111.611423 41.241175, -111.616311 41.240950, -111.621198 41.240725, -111.626085 41.240500, -111.630973 41.240275, -111.635860 41.240050, -111.640747 41.239824, -111.645634 41.239598, -111.650522 41.239372, -111.655409 41.239146, -111.660296 41.238920, -111.665183 41.238693, -111.670070 41.238466, -111.674957 41.238239, -111.679844 41.238012, -111.684731 41.237785, -111.689618 41.237557, -111.694505 41.237329, -111.699392 41.237101, -111.704279 41.236873, -111.709165 41.236644, -111.714052 41.236416, -111.718939 41.236187, -111.723825 41.235958, -111.728712 41.235728, -111.733599 41.235499, -111.738485 41.235269, -111.743372 41.235039, -111.748258 41.234809, -111.753145 41.234579, -111.758031 41.234348, -111.762918 41.234118, -111.767804 41.233887, -111.772690 41.233655, -111.777577 41.233424, -111.782463 41.233192, -111.787349 41.232961, -111.792235 41.232729, -111.797122 41.232497, -111.802008 41.232264, -111.806894 41.232032, -111.811780 41.231799, -111.816666 41.231566, -111.821552 41.231332, -111.826438 41.231099, -111.831324 41.230865, -111.836210 41.230632, -111.841095 41.230397, -111.845981 41.230163, -111.850867 41.229929, -111.855753 41.229694, -111.860638 41.229459, -111.865524 41.229224, -111.870410 41.228989, -111.875295 41.228753, -111.880181 41.228518, -111.885066 41.228282, -111.889952 41.228046, -111.894837 41.227809, -111.899723 41.227573, -111.904608 41.227336, -111.909494 41.227099, -111.914379 41.226862, -111.919264 41.226625, -111.924149 41.226387, -111.929035 41.226149, -111.933920 41.225911, -111.938805 41.225673, -111.943690 41.225435, -111.948575 41.225196, -111.953460 41.224957, -111.958345 41.224718, -111.963230 41.224479, -111.968115 41.224240, -111.973000 41.224000, -111.976601 41.226493, -111.980202 41.228986, -111.983803 41.231479, -111.987405 41.233972, -111.991007 41.236465, -111.994609 41.238958, -111.998211 41.241450, -112.001814 41.243943, -112.005417 41.246435, -112.009020 41.248927, -112.012624 41.251419, -112.016228 41.253911, -112.019832 41.256403, -112.023436 41.258895, -112.027041 41.261386, -112.030646 41.263878, -112.034251 41.266369, -112.037857 41.268861, -112.041462 41.271352, -112.045068 41.273843, -112.048675 41.276334, -112.052281 41.278825, -112.055888 41.281316, -112.059495 41.283806, -112.063103 41.286297, -112.066710 41.288787, -112.070318 41.291277, -112.073927 41.293768, -112.077535 41.296258, -112.081144 41.298748, -112.084753 41.301237, -112.088362 41.303727, -112.091972 41.306217, -112.095582 41.308706, -112.099192 41.311196, -112.102802 41.313685, -112.106413 41.316174, -112.110024 41.318663, -112.113635 41.321152, -112.117247 41.323641, -112.120859 41.326130, -112.124471 41.328618, -112.128083 41.331107, -112.131696 41.333595, -112.135309 41.336083, -112.138922 41.338572, -112.142536 41.341060, -112.146149 41.343547, -112.149763 41.346035, -112.153378 41.348523, -112.156992 41.351011, -112.160607 41.353498, -112.164222 41.355985, -112.167838 41.358473, -112.171453 41.360960, -112.175069 41.363447, -112.178686 41.365934, -112.182302 41.368420, -112.185919 41.370907, -112.189536 41.373394, -112.193153 41.375880, -112.196771 41.378367, -112.200389 41.380853, -112.204007 41.383339, -112.207625 41.385825, -112.211244 41.388311, -112.214863 41.390797, -112.218482 41.393282, -112.222102 41.395768, -112.225722 41.398253, -112.229342 41.400738, -112.232962 41.403224, -112.236583 41.405709, -112.240204 41.408194, -112.243825 41.410679, -112.247447 41.413163, -112.251068 41.415648, -112.254691 41.418133, -112.258313 41.420617, -112.261935 41.423101, -112.265558 41.425585, -112.269181 41.428069, -112.272805 41.430553, -112.276429 41.433037, -112.280053 41.435521, -112.283677 41.438005, -112.287301 41.440488, -112.290926 41.442972, -112.294551 41.445455, -112.298177 41.447938, -112.301802 41.450421, -112.305428 41.452904, -112.309055 41.455387, -112.312681 41.457869, -112.316308 41.460352, -112.319935 41.462834, -112.323562 41.465317, -112.327190 41.467799, -112.330818 41.470281, -112.334446 41.472763, -112.338074 41.475245, -112.341703 41.477727, -112.345332 41.480209, -112.348961 41.482690, -112.352591 41.485172, -112.356221 41.487653, -112.359851 41.490134, -112.363481 41.492615, -112.367112 41.495096, -112.370743 41.497577, -112.374374 41.500058, -112.378005 41.502539, -112.381637 41.505019, -112.385269 41.507500, -112.388902 41.509980, -112.392534 41.512460, -112.396167 41.514940, -112.399800 41.517420, -112.403434 41.519900, -112.407067 41.522380, -112.410701 41.524859, -112.414336 41.527339, -112.417970 41.529818, -112.421605 41.532297, -112.425240 41.534777, -112.428876 41.537256, -112.432511 41.539735, -112.436147 41.542213, -112.439783 41.544692, -112.443420 41.547171, -112.447057 41.549649, -112.450694 41.552128, -112.454331 41.554606, -112.457969 41.557084, -112.461607 41.559562, -112.465245 41.562040, -112.468883 41.564518, -112.472522 41.566995, -112.476161 41.569473, -112.479800 41.571950, -112.483440 41.574428, -112.487080 41.576905, -112.490720 41.579382, -112.494360 41.581859, -112.498001 41.584336, -112.501642 41.586813, -112.505283 41.589289, -112.508925 41.591766, -112.512567 41.594242, -112.516209 41.596719, -112.519851 41.599195, -112.523494 41.601671, -112.527137 41.604147, -112.530780 41.606623, -112.534423 41.609098, -112.538067 41.611574, -112.541711 41.614049, -112.545355 41.616525, -112.549000 41.619000))
