MULTILINESTRING ((-73.567000 45.500000, -73.569172 45.499938, -73.571344 45.499875, -73.573516 45.499813, -73.575688 45.499750, -73.577859 45.499688, -73.580031 45.499625, -73.582203 45.499563, -73.584375 45.499500, -73.586547 45.499438, -73.588719 45.499375, -73.590891 45.499312, -73.593063 45.499249, -73.595234 45.499187, -73.597406 45.499124, -73.599578 45.499061, -73.601750 45.498998, -73.603922 45.498935, -73.606094 45.498872, -73.608265 45.498809, -73.610437 45.498746, -73.612609 45.498682, -73.614781 45.498619, -73.616953 45.498556, -73.619124 45.498493, -73.621296 45.498429, -73.623468 45.498366, -73.625640 45.498303, -73.627812 45.498239, -73.629983 45.498176, -73.632155 45.498112, -73.634327 45.498049, -73.636499 45.497985, -73.638670 45.497921, -73.640842 45.497858, -73.643014 45.497794, -73.645186 45.497730, -73.647357 45.497666, -73.649529 45.497603, -73.651701 45.497539, -73.653872 45.497475, -73.656044 45.497411, -73.658216 45.497347, -73.660388 45.497283, -73.662559 45.497219, -73.664731 45.497154, -73.666903 45.497090, -73.669074 45.497026, -73.671246 45.496962, -73.673418 45.496897, -73.675589 45.496833, -73.677761 45.496769, -73.679933 45.496704, -73.682104 45.496640, -73.684276 45.496575, -73.686448 45.496511, -73.688619 45.496446, -73.690791 45.496382, -73.692962 45.496317, -73.695134 45.496252, -73.697306 45.496187, -73.699477 45.496123, -73.701649 45.496058, -73.703821 45.495993, -73.705992 45.495928, -73.708164 45.495863, -73.710335 45.495798, -73.712507 45.495733, -73.714678 45.495668, -73.716850 45.495603, -73.719022 45.495538, -73.721193 45.495472, -73.723365 45.495407, -73.725536 45.495342, -73.727708 45.495276, -73.729879 45.495211, -73.732051 45.495146, -73.734222 45.495080, -73.736394 45.495015, -73.738565 45.494949, -73.740737 45.494884, -73.742908 45.494818, -73.745080 45.494752, -73.747251 45.494687, -73.749423 45.494621, -73.751594 45.494555, -73.753766 45.494489, -73.755937 45.494423, -73.758109 45.494357, -73.760280 45.494291, -73.762452 45.494225, -73.764623 45.494159, -73.766795 45.494093, -73.768966 45.494027, -73.771138 45.493961, -73.773309 45.493895, -73.775481 45.493829, -73.777652 45.493762, -73.779823 45.493696, -73.781995 45.493630, -73.784166 45.493563, -73.786338 45.493497, -73.788509 45.493430, -73.790680 45.493364, -73.792852 45.493297, -73.795023 45.493231, -73.797195 45.493164, -73.799366 45.493097, -73.801537 45.493031, -73.803709 45.492964, -73.805880 45.492897, -73.808051 45.492830, -73.810223 45.492763, -73.812394 45.492696, -73.814565 45.492629, -73.816737 45.492562, -73.818908 45.492495, -73.821079 45.492428, -73.823251 45.492361, -73.825422 45.492294, -73.827593 45.492227, -73.829765 45.492159, -73.831936 45.492092, -73.834107 45.492025, -73.836279 45.491957, -73.838450 45.491890, -73.840621 45.491822, -73.842792 45.491755, -73.844964 45.491687, -73.847135 45.491620, -73.849306 45.491552, -73.851477 45.491484, -73.853649 45.491417, -73.855820 45.491349, -73.857991 45.491281, -73.860162 45.491213, -73.862334 45.491145, -73.864505 45.491077, -73.866676 45.491009, -73.868847 45.490941, -73.871019 45.490873, -73.873190 45.490805, -73.875361 45.490737, -73.877532 45.490669, -73.879703 45.490601, -73.881874 45.490533, -73.884046 45.490464, -73.886217 45.490396, -73.888388 45.490328, -73.890559 45.490259, -73.892730 45.490191, -73.894901 45.490122, -73.897073 45.490054, -73.899244 45.489985, -73.901415 45.489916, -73.903586 45.489848, -73.905757 45.489779, -73.907928 45.489710, -73.910099 45.489641, -73.912270 45.489573, -73.914442 45.489504, -73.916613 45.489435, -73.918784 45.489366, -73.920955 45.489297, -73.923126 45.489228, -73.925297 45.489159, -73.927468 45.489090, -73.929639 45.489021, -73.931810 45.488951, -73.933981 45.488882, -73.936152 45.488813, -73.938323 45.488743, -73.940494 45.488674, -73.942665 45.488605, -73.944836 45.488535, -73.947007 45.488466, -73.949178 45.488396, -73.951349 45.488327, -73.953520 45.488257, -73.955691 45.488187, -73.957862 45.488118, -73.960033 45.488048, -73.962204 45.487978, -73.964375 45.487908, -73.966546 45.487839, -73.968717 45.487769, -73.970888 45.487699, -73.973059 45.487629, -73.975230 45.487559, -73.977401 45.487489, -73.979572 45.487419, -73.981743 45.487348, -73.983914 45.487278, -73.986085 45.487208, -73.988256 45.487138, -73.990427 45.487067, -73.992598 45.486997, -73.994768 45.486927, -73.996939 45.486856, -73.999110 45.486786, -74.001281 45.486715, -74.003452 45.486645, -74.005623 45.486574, -74.007794 45.486503, -74.009965 45.486433, -74.012136 45.486362, -74.014306 45.486291, -74.016477 45.486220, -74.018648 45.486150, -74.020819 45.486079, -74.022990 45.486008, -74.025161 45.485937, -74.027331 45.485866, -74.029502 45.485795, -74.031673 45.485724, -74.033844 45.485653, -74.036015 45.485581, -74.038185 45.485510, -74.040356 45.485439, -74.042527 45.485368, -74.044698 45.485296, -74.046869 45.485225, -74.049039 45.485153, -74.051210 45.485082, -74.053381 45.485010, -74.055552 45.484939, -74.057722 45.484867, -74.059893 45.484796, -74.062064 45.484724, -74.064234 45.484652, -74.066405 45.484581, -74.068576 45.484509, -74.070747 45.484437, -74.072917 45.484365, -74.075088 45.484293, -74.077259 45.484221, -74.079429 45.484149, -74.081600 45.484077, -74.083771 45.484005, -74.085941 45.483933, -74.088112 45.483861, -74.090283 45.483789, -74.092453 45.483716, -74.094624 45.483644, -74.096795 45.483572, -74.098965 45.483499, -74.101136 45.483427, -74.103307 45.483355, -74.105477 45.483282, -74.107648 45.483210, -74.109818 45.483137, -74.111989 45.483064, -74.114160 45.482992, -74.116330 45.482919, -74.118501 45.482846, -74.120671 45.482773, -74.122842 45.482701, -74.125013 45.482628, -74.127183 45.482555, -74.129354 45.482482, -74.131524 45.482409, -74.133695 45.482336, -74.135865 45.482263, -74.138036 45.482190, -74.140206 45.482117, -74.142377 45.482043, -74.144547 45.481970, -74.146718 45.481897, -74.148888 45.481824, -74.151059 45.481750, -74.153229 45.481677, -74.155400 45.481603, -74.157570 45.481530, -74.159741 45.481456, -74.161911 45.481383, -74.164082 45.481309, -74.166252 45.481236, -74.168423 45.481162, -74.170593 45.481088, -74.172764 45.481014, -74.174934 45.480941, -74.177105 45.480867, -74.179275 45.480793, -74.181445 45.480719, -74.183616 45.480645, -74.185786 45.480571, -74.187957 45.480497, -74.190127 45.480423, -74.192297 45.480349, -74.194468 45.480275, -74.196638 45.480200, -74.198809 45.480126, -74.200979 45.480052, -74.203149 45.479977, -74.205320 45.479903, -74.207490 45.479829, -74.209660 45.479754, -74.211831 45.479680, -74.214001 45.479605, -74.216171 45.479531, -74.218342 45.479456, -74.220512 45.479381, -74.222682 45.479307, -74.224853 45.479232, -74.227023 45.479157, -74.229193 45.479082, -74.231364 45.479007, -74.233534 45.478932, -74.235704 45.478857, -74.237874 45.478782, -74.240045 45.478707, -74.242215 45.478632, -74.244385 45.478557, -74.246555 45.478482, -74.248726 45.478407, -74.250896 45.478332, -74.253066 45.478256, -74.255236 45.478181, -74.257407 45.478106, -74.259577 45.478030, -74.261747 45.477955, -74.263917 45.477879, -74.266087 45.477804, -74.268258 45.477728, -74.270428 45.477652, -74.272598 45.477577, -74.274768 45.477501, -74.276938 45.477425, -74.279109 45.477350, -74.281279 45.477274, -74.283449 45.477198, -74.285619 45.477122, -74.287789 45.477046, -74.289959 45.476970, -74.292129 45.476894, -74.294300 45.476818, -74.296470 45.476742, -74.298640 45.476666, -74.300810 45.476590, -74.302980 45.476513, -74.305150 45.476437, -74.307320 45.476361, -74.309490 45.476284, -74.311660 45.476208, -74.313830 45.476132, -74.316000 45.476055, -74.318171 45.475979, -74.320341 45.475902, -74.322511 45.475825, -74.324681 45.475749, -74.326851 45.475672, -74.329021 45.475595, -74.331191 45.475519, -74.333361 45.475442, -74.335531 45.475365, -74.337701 45.475288, -74.339871 45.475211, -74.342041 45.475134, -74.344211 45.475057, -74.346381 45.474980, -74.348551 45.474903, -74.350721 45.474826, -74.352891 45.474749, -74.355061 45.474671, -74.357231 45.474594, -74.359401 45.474517, -74.361570 45.474440, -74.363740 45.474362, -74.365910 45.474285, -74.368080 45.474207, -74.370250 45.474130, -74.372420 45.474052, -74.374590 45.473975, -74.376760 45.473897, -74.378930 45.473819, -74.381100 45.473742, -74.383270 45.473664, -74.385439 45.473586, -74.387609 45.473508, -74.389779 45.473430, -74.391949 45.473353, -74.394119 45.473275, -74.396289 45.473197, -74.398459 45.473119, -74.400628 45.473040, -74.402798 45.472962, -74.404968 45.472884, -74.407138 45.472806, -74.409308 45.472728, -74.411477 45.472649, -74.413647 45.472571, -74.415817 45.472493, -74.417987 45.472414, -74.420157 45.472336, -74.422326 45.472257, -74.424496 45.472179, -74.426666 45.472100, -74.428836 45.472022, -74.431005 45.471943, -74.433175 45.471864, -74.435345 45.471786, -74.437515 45.471707, -74.439684 45.471628, -74.441854 45.471549, -74.444024 45.471470, -74.446193 45.471391, -74.448363 45.471312, -74.450533 45.471233, -74.452703 45.471154, -74.454872 45.471075, -74.457042 45.470996, -74.459212 45.470917, -74.461381 45.470838, -74.463551 45.470758, -74.465721 45.470679, -74.467890 45.470600, -74.470060 45.470520, -74.472229 45.470441, -74.474399 45.470361, -74.476569 45.470282, -74.478738 45.470202, -74.480908 45.470123, -74.483078 45.470043, -74.485247 45.469963, -74.487417 45.469884, -74.489586 45.469804, -74.491756 45.469724, -74.493925 45.469644, -74.496095 45.469564, -74.498265 45.469484, -74.500434 45.469404, -74.502604 45.469324, -74.504773 45.469244, -74.506943 45.469164, -74.509112 45.469084, -74.511282 45.469004, -74.513451 45.468924, -74.515621 45.468843, -74.517790 45.468763, -74.519960 45.468683, -74.522129 45.468602, -74.524299 45.468522, -74.526468 45.468442, -74.528638 45.468361, -74.530807 45.468281, -74.532977 45.468200, -74.535146 45.468119, -74.537316 45.468039, -74.539485 45.467958, -74.541654 45.467877, -74.543824 45.467796, -74.545993 45.467716, -74.548163 45.467635, -74.550332 45.467554, -74.552502 45.467473, -74.554671 45.467392, -74.556840 45.467311, -74.559010 45.467230, -74.561179 45.467149, -74.563348 45.467067, -74.565518 45.466986, -74.567687 45.466905, -74.569857 45.466824, -74.572026 45.466742, -74.574195 45.466661, -74.576365 45.466580, -74.578534 45.466498, -74.580703 45.466417, -74.582873 45.466335, -74.585042 45.466254, -74.587211 45.466172, -74.589380 45.466090, -74.591550 45.466009, -74.593719 45.465927, -74.595888 45.465845, -74.598058 45.465763, -74.600227 45.465681, -74.602396 45.465600, -74.604565 45.465518, -74.606735 45.465436, -74.608904 45.465354, -74.611073 45.465272, -74.613242 45.465189, -74.615412 45.465107, -74.617581 45.465025, -74.619750 45.464943, -74.621919 45.464861, -74.624088 45.464778, -74.626258 45.464696, -74.628427 45.464614, -74.630596 45.464531, -74.632765 45.464449, -74.634934 45.464366, -74.637103 45.464284, -74.639273 45.464201, -74.641442 45.464118, -74.643611 45.464036, -74.645780 45.463953, -74.647949 45.463870, -74.650118 45.463787, -74.652287 45.463705, -74.654456 45.463622, -74.656626 45.463539, -74.658795 45.463456, -74.660964 45.463373, -74.663133 45.463290, -74.665302 45.463207, -74.667471 45.463123, -74.669640 45.463040, -74.671809 45.462957, -74.673978 45.462874, -74.676147 45.462791, -74.678316 45.462707, -74.680485 45.462624, -74.682654 45.462540, -74.684823 45.462457, -74.686992 45.462373, -74.689161 45.462290, -74.691330 45.462206, -74.693499 45.462123, -74.695668 45.462039, -74.697837 45.461955, -74.700006 45.461872, -74.702175 45.461788, -74.704344 45.461704, -74.706513 45.461620, -74.708682 45.461536, -74.710851 45.461452, -74.713020 45.461368, -74.715189 45.461284, -74.717358 45.461200, -74.719527 45.461116, -74.721696 45.461032, -74.723864 45.460948, -74.726033 45.460863, -74.728202 45.460779, -74.730371 45.460695, -74.732540 45.460610, -74.734709 45.460526, -74.736878 45.460442, -74.739047 45.460357, -74.741215 45.460273, -74.743384 45.460188, -74.745553 45.460103, -74.747722 45.460019, -74.749891 45.459934, -74.752060 45.459849, -74.754228 45.459765, -74.756397 45.459680, -74.758566 45.459595, -74.760735 45.459510, -74.762904 45.459425, -74.765072 45.459340, -74.767241 45.459255, -74.769410 45.459170, -74.771579 45.459085, -74.773747 45.459000, -74.775916 45.458915, -74.778085 45.458829, -74.780254 45.458744, -74.782422 45.458659, -74.784591 45.458573, -74.786760 45.458488, -74.788929 45.458403, -74.791097 45.458317, -74.793266 45.458232, -74.795435 45.458146, -74.797603 45.458061, -74.799772 45.457975, -74.801941 45.457889, -74.804109 45.457803, -74.806278 45.457718, -74.808447 45.457632, -74.810615 45.457546, -74.812784 45.457460, -74.814952 45.457374, -74.817121 45.457288, -74.819290 45.457202, -74.821458 45.457116, -74.823627 45.457030, -74.825796 45.456944, -74.827964 45.456858, -74.830133 45.456772, -74.832301 45.456685, -74.834470 45.456599, -74.836638 45.456513, -74.838807 45.456426, -74.840976 45.456340, -74.843144 45.456254, -74.845313 45.456167, -74.847481 45.456081, -74.849650 45.455994, -74.851818 45.455907, -74.853987 45.455821, -74.856155 45.455734, -74.858324 45.455647, -74.860492 45.455560, -74.862661 45.455474, -74.864829 45.455387, -74.866998 45.455300, -74.869166 45.455213, -74.871334 45.455126, -74.873503 45.455039, -74.875671 45.454952, -74.877840 45.454865, -74.880008 45.454778, -74.882177 45.454690, -74.884345 45.454603, -74.886513 45.454516, -74.888682 45.454429, -74.890850 45.454341, -74.893019 45.454254, -74.895187 45.454166, -74.897355 45.454079, -74.899524 45.453991, -74.901692 45.453904, -74.903860 45.453816, -74.906029 45.453729, -74.908197 45.453641, -74.910366 45.453553, -74.912534 45.453465, -74.914702 45.453378, -74.916870 45.453290, -74.919039 45.453202, -74.921207 45.453114, -74.923375 45.453026, -74.925544 45.452938, -74.927712 45.452850, -74.929880 45.452762, -74.932048 45.452674, -74.934217 45.452585, -74.936385 45.452497, -74.938553 45.452409, -74.940721 45.452321, -74.942890 45.452232, -74.945058 45.452144, -74.947226 45.452055, -74.949394 45.451967, -74.951563 45.451879, -74.953731 45.451790, -74.955899 45.451701, -74.958067 45.451613, -74.960235 45.451524, -74.962403 45.451435, -74.964572 45.451347, -74.966740 45.451258, -74.968908 45.451169, -74.971076 45.451080, -74.973244 45.450991, -74.975412 45.450902, -74.977580 45.450813, -74.979749 45.450724, -74.981917 45.450635, -74.984085 45.450546, -74.986253 45.450457, -74.988421 45.450368, -74.990589 45.450278, -74.992757 45.450189, -74.994925 45.450100, -74.997093 45.450010, -74.999261 45.449921, -75.001429 45.449832, -75.003597 45.449742, -75.005765 45.449653, -75.007933 45.449563, -75.010101 45.449473, -75.012270 45.449384, -75.014438 45.449294, -75.016606 45.449204, -75.018774 45.449114, -75.020941 45.449025, -75.023109 45.448935, -75.025277 45.448845, -75.027445 45.448755, -75.029613 45.448665, -75.031781 45.448575, -75.033949 45.448485, -75.036117 45.448395, -75.038285 45.448305, -75.040453 45.448214, -75.042621 45.448124, -75.044789 45.448034, -75.046957 45.447944, -75.049125 45.447853, -75.051293 45.447763, -75.053460 45.447672, -75.055628 45.447582, -75.057796 45.447491, -75.059964 45.447401, -75.062132 45.447310, -75.064300 45.447220, -75.066468 45.447129, -75.068635 45.447038, -75.070803 45.446947, -75.072971 45.446857, -75.075139 45.446766, -75.077307 45.446675, -75.079474 45.446584, -75.081642 45.446493, -75.083810 45.446402, -75.085978 45.446311, -75.088146 45.446220, -75.090313 45.446129, -75.092481 45.446038, -75.094649 45.445946, -75.096817 45.445855, -75.098984 45.445764, -75.101152 45.445673, -75.103320 45.445581, -75.105488 45.445490, -75.107655 45.445398, -75.109823 45.445307, -75.111991 45.445215, -75.114158 45.445124, -75.116326 45.445032, -75.118494 45.444940, -75.120661 45.444849, -75.122829 45.444757, -75.124997 45.444665, -75.127164 45.444573, -75.129332 45.444481, -75.131500 45.444390, -75.133667 45.444298, -75.135835 45.444206, -75.138002 45.444114, -75.140170 45.444021, -75.142338 45.443929, -75.144505 45.443837, -75.146673 45.443745, -75.148840 45.443653, -75.151008 45.443560, -75.153175 45.443468, -75.155343 45.443376, -75.157511 45.443283, -75.159678 45.443191, -75.161846 45.443098, -75.164013 45.443006, -75.166181 45.442913, -75.168348 45.442821, -75.170516 45.442728, -75.172683 45.442635, -75.174851 45.442543, -75.177018 45.442450, -75.179186 45.442357, -75.181353 45.442264, -75.183520 45.442171, -75.185688 45.442078, -75.187855 45.441985, -75.190023 45.441892, -75.192190 45.441799, -75.194358 45.441706, -75.196525 45.441613, -75.198693 45.441520, -75.200860 45.441427, -75.203027 45.441333, -75.205195 45.441240, -75.207362 45.441147, -75.209529 45.441053, -75.211697 45.440960, -75.213864 45.440867, -75.216032 45.440773, -75.218199 45.440679, -75.220366 45.440586, -75.222534 45.440492, -75.224701 45.440399, -75.226868 45.440305, -75.229035 45.440211, -75.231203 45.440117, -75.233370 45.440023, -75.235537 45.439930, -75.237705 45.439836, -75.239872 45.439742, -75.242039 45.439648, -75.244206 45.439554, -75.246374 45.439460, -75.248541 45.439365, -75.250708 45.439271, -75.252875 45.439177, -75.255043 45.439083, -75.257210 45.438989, -75.259377 45.438894, -75.261544 45.438800, -75.263711 45.438705, -75.265879 45.438611, -75.268046 45.438517, -75.270213 45.438422, -75.272380 45.438327, -75.274547 45.438233, -75.276714 45.438138, -75.278882 45.438043, -75.281049 45.437949, -75.283216 45.437854, -75.285383 45.437759, -75.287550 45.437664, -75.289717 45.437569, -75.291884 45.437474, -75.294051 45.437379, -75.296218 45.437284, -75.298386 45.437189, -75.300553 45.437094, -75.302720 45.436999, -75.304887 45.436904, -75.307054 45.436809, -75.309221 45.436713, -75.311388 45.436618, -75.313555 45.436523, -75.315722 45.436427, -75.317889 45.436332, -75.320056 45.436236, -75.322223 45.436141, -75.324390 45.436045, -75.326557 45.435950, -75.328724 45.435854, -75.330891 45.435758, -75.333058 45.435663, -75.335225 45.435567, -75.337392 45.435471, -75.339559 45.435375, -75.341725 45.435279, -75.343892 45.435183, -75.346059 45.435088, -75.348226 45.434991, -75.350393 45.434895, -75.352560 45.434799, -75.354727 45.434703, -75.356894 45.434607, -75.359061 45.434511, -75.361228 45.434415, -75.363394 45.434318, -75.365561 45.434222, -75.367728 45.434126, -75.369895 45.434029, -75.372062 45.433933, -75.374229 45.433836, -75.376395 45.433740, -75.378562 45.433643, -75.380729 45.433546, -75.382896 45.433450, -75.385063 45.433353, -75.387229 45.433256, -75.389396 45.433160, -75.391563 45.433063, -75.393730 45.432966, -75.395896 45.432869, -75.398063 45.432772, -75.400230 45.432675, -75.402397 45.432578, -75.404563 45.432481, -75.406730 45.432384, -75.408897 45.432287, -75.411063 45.432189, -75.413230 45.432092, -75.415397 45.431995, -75.417563 45.431898, -75.419730 45.431800, -75.421897 45.431703, -75.424063 45.431605, -75.426230 45.431508, -75.428397 45.431410, -75.430563 45.431313, -75.432730 45.431215, -75.434896 45.431118, -75.437063 45.431020, -75.439230 45.430922, -75.441396 45.430824, -75.443563 45.430727, -75.445729 45.430629, -75.447896 45.430531, -75.450063 45.430433, -75.452229 45.430335, -75.454396 45.430237, -75.456562 45.430139, -75.458729 45.430041, -75.460895 45.429943, -75.463062 45.429844, -75.465228 45.429746, -75.467395 45.429648, -75.469561 45.429550, -75.471728 45.429451, -75.473894 45.429353, -75.476061 45.429254, -75.478227 45.429156, -75.480394 45.429058, -75.482560 45.428959, -75.484726 45.428860, -75.486893 45.428762, -75.489059 45.428663, -75.491226 45.428564, -75.493392 45.428466, -75.495558 45.428367, -75.497725 45.428268, -75.499891 45.428169, -75.502058 45.428070, -75.504224 45.427971, -75.506390 45.427872, -75.508557 45.427773, -75.510723 45.427674, -75.512889 45.427575, -75.515056 45.427476, -75.517222 45.427377, -75.519388 45.427277, -75.521555 45.427178, -75.523721 45.427079, -75.525887 45.426979, -75.528054 45.426880, -75.530220 45.426781, -75.532386 45.426681, -75.534552 45.426582, -75.536719 45.426482, -75.538885 45.426382, -75.541051 45.426283, -75.543217 45.426183, -75.545384 45.426083, -75.547550 45.425983, -75.549716 45.425884, -75.551882 45.425784, -75.554048 45.425684, -75.556215 45.425584, -75.558381 45.425484, -75.560547 45.425384, -75.562713 45.425284, -75.564879 45.425184, -75.567045 45.425084, -75.569212 45.424983, -75.571378 45.424883, -75.573544 45.424783, -75.575710 45.424683, -75.577876 45.424582, -75.580042 45.424482, -75.582208 45.424381, -75.584374 45.424281, -75.586540 45.424180, -75.588706 45.424080, -75.590872 45.423979, -75.593039 45.423879, -75.595205 45.423778, -75.597371 45.423677, -75.599537 45.423577, -75.601703 45.423476, -75.603869 45.423375, -75.606035 45.423274, -75.608201 45.423173, -75.610367 45.423072, -75.612533 45.422971, -75.614699 45.422870, -75.616865 45.422769, -75.619031 45.422668, -75.621197 45.422567, -75.623362 45.422465, -75.625528 45.422364, -75.627694 45.422263, -75.629860 45.422162, -75.632026 45.422060, -75.634192 45.421959, -75.636358 45.421857, -75.638524 45.421756, -75.640690 45.421654, -75.642856 45.421553, -75.645022 45.421451, -75.647187 45.421349, -75.649353 45.421248, -75.651519 45.421146, -75.653685 45.421044, -75.655851 45.420942, -75.658017 45.420841, -75.660182 45.420739, -75.662348 45.420637, -75.664514 45.420535, -75.666680 45.420433, -75.668846 45.420331, -75.671011 45.420229, -75.673177 45.420126, -75.675343 45.420024, -75.677509 45.419922, -75.679674 45.419820, -75.681840 45.419717, -75.684006 45.419615, -75.686172 45.419513, -75.688337 45.419410, -75.690503 45.419308, -75.692669 45.419205, -75.694834 45.419103, -75.697000 45.419000, -75.699039 45.419524, -75.701077 45.420049, -75.703116 45.420573, -75.705154 45.421097, -75.707193 45.421621, -75.709232 45.422145, -75.711271 45.422669, -75.713309 45.423193, -75.715348 45.423717, -75.717387 45.424241, -75.719426 45.424765, -75.721465 45.425289, -75.723504 45.425813, -75.725543 45.426336, -75.727582 45.426860, -75.729621 45.427384, -75.731660 45.427908, -75.733699 45.428431, -75.735739 45.428955, -75.737778 45.429479, -75.739817 45.430002, -75.741857 45.430526, -75.743896 45.431049, -75.745935 45.431572, -75.747975 45.432096, -75.750014 45.432619, -75.752054 45.433143, -75.754093 45.433666, -75.756133 45.434189, -75.758173 45.434712, -75.760212 45.435236, -75.762252 45.435759, -75.764292 45.436282, -75.766331 45.436805, -75.768371 45.437328, -75.770411 45.437851, -75.772451 45.438374, -75.774491 45.438897, -75.776531 45.439420, -75.778571 45.439943, -75.780611 45.440465, -75.782651 45.440988, -75.784691 45.441511, -75.786731 45.442034, -75.788772 45.442556, -75.790812 45.443079, -75.792852 45.443602, -75.794892 45.444124, -75.796933 45.444647, -75.798973 45.445169, -75.801014 45.445692, -75.803054 45.446214, -75.805094 45.446736, -75.807135 45.447259, -75.809176 45.447781, -75.811216 45.448303, -75.813257 45.448826, -75.815298 45.449348, -75.817338 45.449870, -75.819379 45.450392, -75.821420 45.450914, -75.823461 45.451436, -75.825502 45.451958, -75.827542 45.452480, -75.829583 45.453002, -75.831624 45.453524, -75.833665 45.454046, -75.835707 45.454568, -75.837748 45.455090, -75.839789 45.455611, -75.841830 45.456133, -75.843871 45.456655, -75.845912 45.457176, -75.847954 45.457698, -75.849995 45.458220, -75.852036 45.458741, -75.854078 45.459263, -75.856119 45.459784, -75.858161 45.460306, -75.860202 45.460827, -75.862244 45.461348, -75.864285 45.461870, -75.866327 45.462391, -75.868369 45.462912, -75.870410 45.463433, -75.872452 45.463955, -75.874494 45.464476, -75.876536 45.464997, -75.878578 45.465518, -75.880620 45.466039, -75.882662 45.466560, -75.884704 45.467081, -75.886746 45.467602, -75.888788 45.468123, -75.890830 45.468644, -75.892872 45.469164, -75.894914 45.469685, -75.896956 45.470206, -75.898998 45.470727, -75.901041 45.471247, -75.903083 45.471768, -75.905125 45.472289, -75.907168 45.472809, -75.909210 45.473330, -75.911253 45.473850, -75.913295 45.474371, -75.915338 45.474891, -75.917380 45.475411, -75.919423 45.475932, -75.921466 45.476452, -75.923508 45.476972, -75.925551 45.477493, -75.927594 45.478013, -75.929636 45.478533, -75.931679 45.479053, -75.933722 45.479573, -75.935765 45.480093, -75.937808 45.480613, -75.939851 45.481133, -75.941894 45.481653, -75.943937 45.482173, -75.945980 45.482693, -75.948023 45.483213, -75.950067 45.483733, -75.952110 45.484252, -75.954153 45.484772, -75.956196 45.485292, -75.958240 45.485811, -75.960283 45.486331, -75.962326 45.486851, -75.964370 45.487370, -75.966413 45.487890, -75.968457 45.488409, -75.970501 45.488929, -75.972544 45.489448, -75.974588 45.489967, -75.976631 45.490487, -75.978675 45.491006, -75.980719 45.491525, -75.982763 45.492045, -75.984806 45.492564, -75.986850 45.493083, -75.988894 45.493602, -75.990938 45.494121, -75.992982 45.494640, -75.995026 45.495159, -75.997070 45.495678, -75.999114 45.496197, -76.001158 45.496716, -76.003203 45.497235, -76.005247 45.497753, -76.007291 45.498272, -76.009335 45.498791, -76.011380 45.499310, -76.013424 45.499828, -76.015468 45.500347, -76.017513 45.500866, -76.019557 45.501384, -76.021602 45.501903, -76.023646 45.502421, -76.025691 45.502940, -76.027735 45.503458, -76.029780 45.503976, -76.031825 45.504495, -76.033870 45.505013, -76.035914 45.505531, -76.037959 45.506050, -76.040004 45.506568, -76.042049 45.507086, -76.044094 45.507604, -76.046139 45.508122, -76.048184 45.508640, -76.050229 45.509158, -76.052274 45.509676, -76.054319 45.510194, -76.056364 45.510712, -76.058409 45.511230, -76.060454 45.511748, -76.062500 45.512266, -76.064545 45.512783, -76.066590 45.513301, -76.068636 45.513819, -76.070681 45.514336, -76.072726 45.514854, -76.074772 45.515372, -76.076817 45.515889, -76.078863 45.516407, -76.080909 45.516924, -76.082954 45.517442, -76.085000 45.517959, -76.087046 45.518476, -76.089091 45.518994, -76.091137 45.519511, -76.093183 45.520028, -76.095229 45.520545, -76.097275 45.521062, -76.099321 45.521580, -76.101367 45.522097, -76.103413 45.522614, -76.105459 45.523131, -76.107505 45.523648, -76.109551 45.524165, -76.111597 45.524682, -76.113643 45.525199, -76.115689 45.525715, -76.117736 45.526232, -76.119782 45.526749, -76.121828 45.527266, -76.123875 45.527782, -76.125921 45.528299, -76.127968 45.528816, -76.130014 45.529332, -76.132061 45.529849, -76.134107 45.530365, -76.136154 45.530882, -76.138200 45.531398, -76.140247 45.531915, -76.142294 45.532431, -76.144341 45.532947, -76.146387 45.533464, -76.148434 45.533980, -76.150481 45.534496, -76.152528 45.535012, -76.154575 45.535529, -76.156622 45.536045, -76.158669 45.536561, -76.160716 45.537077, -76.162763 45.537593, -76.164810 45.538109, -76.166857 45.538625, -76.168905 45.539141, -76.170952 45.539656, -76.172999 45.540172, -76.175047 45.540688, -76.177094 45.541204, -76.179141 45.541720, -76.181189 45.542235, -76.183236 45.542751, -76.185284 45.543266, -76.187331 45.543782, -76.189379 45.544298, -76.191426 45.544813, -76.193474 45.545328, -76.195522 45.545844, -76.197570 45.546359, -76.199617 45.546875, -76.201665 45.547390, -76.203713 45.547905, -76.205761 45.548420, -76.207809 45.548936, -76.209857 45.549451, -76.211905 45.549966, -76.213953 45.550481, -76.216001 45.550996, -76.218049 45.551511, -76.220097 45.552026, -76.222145 45.552541, -76.224193 45.553056, -76.226242 45.553571, -76.228290 45.554086, -76.230338 45.554600, -76.232387 45.555115, -76.234435 45.555630, -76.236484 45.556145, -76.238532 45.556659, -76.240581 45.557174, -76.242629 45.557688, -76.244678 45.558203, -76.246726 45.558718, -76.248775 45.559232, -76.250824 45.559746, -76.252873 45.560261, -76.254921 45.560775, -76.256970 45.561289, -76.259019 45.561804, -76.261068 45.562318, -76.263117 45.562832, -76.265166 45.563346, -76.267215 45.563861, -76.269264 45.564375, -76.271313 45.564889, -76.273362 45.565403, -76.275411 45.565917, -76.277460 45.566431, -76.279510 45.566945, -76.281559 45.567458, -76.283608 45.567972, -76.285658 45.568486, -76.287707 45.569000, -76.289756 45.569514, -76.291806 45.570027, -76.293855 45.570541, -76.295905 45.571055, -76.297954 45.571568, -76.300004 45.572082, -76.302054 45.572595, -76.304103 45.573109, -76.306153 45.573622, -76.308203 45.574136, -76.310253 45.574649, -76.312303 45.575162, -76.314352 45.575676, -76.316402 45.576189, -76.318452 45.576702, -76.320502 45.577215, -76.322552 45.577728, -76.324602 45.578242, -76.326652 45.578755, -76.328703 45.579268, -76.330753 45.579781, -76.332803 45.580294, -76.334853 45.580807, -76.336903 45.581319, -76.338954 45.581832, -76.341004 45.582345, -76.343055 45.582858, -76.345105 45.583371, -76.347155 45.583883, -76.349206 45.584396, -76.351257 45.584909, -76.353307 45.585421, -76.355358 45.585934, -76.357408 45.586446, -76.359459 45.586959, -76.361510 45.587471, -76.363561 45.587984, -76.365611 45.588496, -76.367662 45.589008, -76.369713 45.589521, -76.371764 45.590033, -76.373815 45.590545, -76.375866 45.591057, -76.377917 45.591570, -76.379968 45.592082, -76.382019 45.592594, -76.384070 45.593106, -76.386122 45.593618, -76.388173 45.594130, -76.390224 45.594642, -76.392275 45.595154, -76.394327 45.595666, -76.396378 45.596177, -76.398429 45.596689, -76.400481 45.597201, -76.402532 45.597713, -76.404584 45.598224, -76.406635 45.598736, -76.408687 45.599248, -76.410739 45.599759, -76.412790 45.600271, -76.414842 45.600782, -76.416894 45.601294, -76.418946 45.601805, -76.420997 45.602316, -76.423049 45.602828, -76.425101 45.603339, -76.427153 45.603850, -76.429205 45.604362, -76.431257 45.604873, -76.433309 45.605384, -76.435361 45.605895, -76.437413 45.606406, -76.439465 45.606917, -76.441518 45.607428, -76.443570 45.607939, -76.445622 45.608450, -76.447674 45.608961, -76.449727 45.609472, -76.451779 45.609983, -76.453832 45.610494, -76.455884 45.611004, -76.457937 45.611515, -76.459989 45.612026, -76.462042 45.612537, -76.464094 45.613047, -76.466147 45.613558, -76.468200 45.614068, -76.470252 45.614579, -76.472305 45.615089, -76.474358 45.615600, -76.476411 45.616110, -76.478464 45.616620, -76.480516 45.617131, -76.482569 45.617641, -76.484622 45.618151, -76.486675 45.618661, -76.488728 45.619172, -76.490782 45.619682, -76.492835 45.620192, -76.494888 45.620702, -76.496941 45.621212, -76.498994 45.621722, -76.501048 45.622232, -76.503101 45.622742, -76.505154 45.623252, -76.507208 45.623762, -76.509261 45.624271, -76.511314 45.624781, -76.513368 45.625291, -76.515422 45.625801, -76.517475 45.626310, -76.519529 45.626820, -76.521582 45.627329, -76.523636 45.627839, -76.525690 45.628349, -76.527744 45.628858, -76.529797 45.629367, -76.531851 45.629877, -76.533905 45.630386, -76.535959 45.630896, -76.538013 45.631405, -76.540067 45.631914, -76.542121 45.632423, -76.544175 45.632932, -76.546229 45.633442, -76.548283 45.633951, -76.550337 45.634460, -76.552392 45.634969, -76.554446 45.635478, -76.556500 45.635987, -76.558554 45.636496, -76.560609 45.637005, -76.562663 45.637513, -76.564718 45.638022, -76.566772 45.638531, -76.568827 45.639040, -76.570881 45.639548, -76.572936 45.640057, -76.574990 45.640566, -76.577045 45.641074, -76.579100 45.641583, -76.581154 45.642091, -76.583209 45.642600, -76.585264 45.643108, -76.587319 45.643617, -76.589374 45.644125, -76.591429 45.644633, -76.593484 45.645142, -76.595539 45.645650, -76.597594 45.646158, -76.599649 45.646666, -76.601704 45.647175, -76.603759 45.647683, -76.605814 45.648191, -76.607869 45.648699, -76.609925 45.649207, -76.611980 45.649715, -76.614035 45.650223, -76.616091 45.650731, -76.618146 45.651238, -76.620201 45.651746, -76.622257 45.652254, -76.624312 45.652762, -76.626368 45.653270, -76.628424 45.653777, -76.630479 45.654285, -76.632535 45.654792, -76.634591 45.655300, -76.636646 45.655808, -76.638702 45.656315, -76.640758 45.656822, -76.642814 45.657330, -76.644870 45.657837, -76.646926 45.658345, -76.648982 45.658852, -76.651038 45.659359, -76.653094 45.659866, -76.655150 45.660374, -76.657206 45.660881, -76.659262 45.661388, -76.661318 45.661895, -76.663374 45.662402, -76.665431 45.662909, -76.667487 45.663416, -76.669543 45.663923, -76.671600 45.664430, -76.673656 45.664937, -76.675712 45.665443, -76.677769 45.665950, -76.679825 45.666457, -76.681882 45.666964, -76.683939 45.667470, -76.685995 45.667977, -76.688052 45.668484, -76.690109 45.668990, -76.692165 45.669497, -76.694222 45.670003, -76.696279 45.670510, -76.698336 45.671016, -76.700393 45.671522, -76.702450 45.672029, -76.704507 45.672535, -76.706564 45.673041, -76.708621 45.673548, -76.710678 45.674054, -76.712735 45.674560, -76.714792 45.675066, -76.716849 45.675572, -76.718906 45.676078, -76.720964 45.676584, -76.723021 45.677090, -76.725078 45.677596, -76.727136 45.678102, -76.729193 45.678608, -76.731251 45.679114, -76.733308 45.679620, -76.735366 45.680125, -76.737423 45.680631, -76.739481 45.681137, -76.741538 45.681642, -76.743596 45.682148, -76.745654 45.682653, -76.747712 45.683159, -76.749769 45.683665, -76.751827 45.684170, -76.753885 45.684675, -76.755943 45.685181, -76.758001 45.685686, -76.760059 45.686191, -76.762117 45.686697, -76.764175 45.687202, -76.766233 45.687707, -76.768291 45.688212, -76.770349 45.688717, -76.772407 45.689222, -76.774466 45.689728, -76.776524 45.690233, -76.778582 45.690738, -76.780641 45.691242, -76.782699 45.691747, -76.784757 45.692252, -76.786816 45.692757, -76.788874 45.693262, -76.790933 45.693767, -76.792991 45.694271, -76.795050 45.694776, -76.797109 45.695281, -76.799167 45.695785, -76.801226 45.696290, -76.803285 45.696794, -76.805344 45.697299, -76.807402 45.697803, -76.809461 45.698308, -76.811520 45.698812, -76.813579 45.699316, -76.815638 45.699821, -76.817697 45.700325, -76.819756 45.700829, -76.821815 45.701334, -76.823874 45.701838, -76.825934 45.702342, -76.827993 45.702846, -76.830052 45.703350, -76.832111 45.703854, -76.834171 45.704358, -76.836230 45.704862, -76.838289 45.705366, -76.840349 45.705870, -76.842408 45.706373, -76.844468 45.706877, -76.846527 45.707381, -76.848587 45.707885, -76.850646 45.708388, -76.852706 45.708892, -76.854766 45.709396, -76.856825 45.709899, -76.858885 45.710403, -76.860945 45.710906, -76.863005 45.711410, -76.865065 45.711913, -76.867125 45.712417, -76.869185 45.712920, -76.871245 45.713423, -76.873305 45.713926, -76.875365 45.714430, -76.877425 45.714933, -76.879485 45.715436, -76.881545 45.715939, -76.883605 45.716442, -76.885665 45.716945, -76.887726 45.717448, -76.889786 45.717951, -76.891846 45.718454, -76.893907 45.718957, -76.895967 45.719460, -76.898028 45.719963, -76.900088 45.720466, -76.902149 45.720968, -76.904209 45.721471, -76.906270 45.721974, -76.908331 45.722476, -76.910391 45.722979, -76.912452 45.723482, -76.914513 45.723984, -76.916573 45.724487, -76.918634 45.724989, -76.920695 45.725492, -76.922756 45.725994, -76.924817 45.726496, -76.926878 45.726999, -76.928939 45.727501, -76.931000 45.728003, -76.933061 45.728505, -76.935122 45.729008, -76.937183 45.729510, -76.939245 45.730012, -76.941306 45.730514, -76.943367 45.731016, -76.945428 45.731518, -76.947490 45.732020, -76.949551 45.732522, -76.951613 45.733023, -76.953674 45.733525, -76.955736 45.734027, -76.957797 45.734529, -76.959859 45.735031, -76.961920 45.735532, -76.963982 45.736034, -76.966044 45.736536, -76.968105 45.737037, -76.970167 45.737539, -76.972229 45.738040, -76.974291 45.738542, -76.976353 45.739043, -76.978415 45.739544, -76.980476 45.740046, -76.982538 45.740547, -76.984600 45.741048, -76.986663 45.741550, -76.988725 45.742051, -76.990787 45.742552, -76.992849 45.743053, -76.994911 45.743554, -76.996973 45.744055, -76.999036 45.744556, -77.001098 45.745057, -77.003160 45.745558, -77.005223 45.746059, -77.007285 45.746560, -77.009348 45.747061, -77.011410 45.747562, -77.013473 45.748062, -77.015535 45.748563, -77.017598 45.749064, -77.019660 45.749564, -77.021723 45.750065, -77.023786 45.750565, -77.025849 45.751066, -77.027911 45.751567, -77.029974 45.752067, -77.032037 45.752567, -77.034100 45.753068, -77.036163 45.753568, -77.038226 45.754068, -77.040289 45.754569, -77.042352 45.755069, -77.044415 45.755569, -77.046478 45.756069, -77.048541 45.756569, -77.050605 45.757069, -77.052668 45.757570, -77.054731 45.758070, -77.056794 45.758570, -77.058858 45.759069, -77.060921 45.759569, -77.062985 45.760069, -77.065048 45.760569, -77.067111 45.761069, -77.069175 45.761569, -77.071239 45.762068, -77.073302 45.762568, -77.075366 45.763068, -77.077430 45.763567, -77.079493 45.764067, -77.081557 45.764566, -77.083621 45.765066, -77.085685 45.765565, -77.087749 45.766065, -77.089812 45.766564, -77.091876 45.767063, -77.093940 45.767563, -77.096004 45.768062, -77.098068 45.768561, -77.100132 45.769060, -77.102197 45.769560, -77.104261 45.770059, -77.106325 45.770558, -77.108389 45.771057, -77.110453 45.771556, -77.112518 45.772055, -77.114582 45.772554, -77.116647 45.773053, -77.118711 45.773552, -77.120775 45.774050, -77.122840 45.774549, -77.124904 45.775048, -77.126969 45.775547, -77.129034 45.776045, -77.131098 45.776544, -77.133163 45.777042, -77.135228 45.777541, -77.137292 45.778040, -77.139357 45.778538, -77.141422 45.779037, -77.143487 45.779535, -77.145552 45.780033, -77.147617 45.780532, -77.149682 45.781030, -77.151747 45.781528, -77.153812 45.782026, -77.155877 45.782525, -77.157942 45.783023, -77.160007 45.783521, -77.162072 45.784019, -77.164138 45.784517, -77.166203 45.785015, -77.168268 45.785513, -77.170333 45.786011, -77.172399 45.786509, -77.174464 45.787007, -77.176530 45.787504, -77.178595 45.788002, -77.180661 45.788500, -77.182726 45.788998, -77.184792 45.789495, -77.186858 45.789993, -77.188923 45.790491, -77.190989 45.790988, -77.193055 45.791486, -77.195120 45.791983, -77.197186 45.792481, -77.199252 45.792978, -77.201318 45.793475, -77.203384 45.793973, -77.205450 45.794470, -77.207516 45.794967, -77.209582 45.795465, -77.211648 45.795962, -77.213714 45.796459, -77.215780 45.796956, -77.217847 45.797453, -77.219913 45.797950, -77.221979 45.798447, -77.224045 45.798944, -77.226112 45.799441, -77.228178 45.799938, -77.230244 45.800435, -77.232311 45.800932, -77.234377 45.801428, -77.236444 45.801925, -77.238510 45.802422, -77.240577 45.802918, -77.242644 45.803415, -77.244710 45.803912, -77.246777 45.804408, -77.248844 45.804905, -77.250911 45.805401, -77.252977 45.805898, -77.255044 45.806394, -77.257111 45.806890, -77.259178 45.807387, -77.261245 45.807883, -77.263312 45.808379, -77.265379 45.808875, -77.267446 45.809372, -77.269513 45.809868, -77.271580 45.810364, -77.273648 45.810860, -77.275715 45.811356, -77.277782 45.811852, -77.279849 45.812348, -77.281917 45.812844, -77.283984 45.813340, -77.286052 45.813836, -77.288119 45.814331, -77.290186 45.814827, -77.292254 45.815323, -77.294322 45.815819, -77.296389 45.816314, -77.298457 45.816810, -77.300524 45.817305, -77.302592 45.817801, -77.304660 45.818297, -77.306728 45.818792, -77.308795 45.819287, -77.310863 45.819783, -77.312931 45.820278, -77.314999 45.820773, -77.317067 45.821269, -77.319135 45.821764, -77.321203 45.822259, -77.323271 45.822754, -77.325339 45.823250, -77.327407 45.823745, -77.329476 45.824240, -77.331544 45.824735, -77.333612 45.825230, -77.335680 45.825725, -77.337749 45.826220, -77.339817 45.826714, -77.341885 45.827209, -77.343954 45.827704, -77.346022 45.828199, -77.348091 45.828694, -77.350159 45.829188, -77.352228 45.829683, -77.354297 45.830178, -77.356365 45.830672, -77.358434 45.831167, -77.360503 45.831661, -77.362571 45.832156, -77.364640 45.832650, -77.366709 45.833144, -77.368778 45.833639, -77.370847 45.834133, -77.372916 45.834627, -77.374985 45.835122, -77.377054 45.835616, -77.379123 45.836110, -77.381192 45.836604, -77.383261 45.837098, -77.385330 45.837592, -77.387400 45.838086, -77.389469 45.838580, -77.391538 45.839074, -77.393607 45.839568, -77.395677 45.840062, -77.397746 45.840556, -77.399816 45.841050, -77.401885 45.841543, -77.403955 45.842037, -77.406024 45.842531, -77.408094 45.843024, -77.410163 45.843518, -77.412233 45.844012, -77.414303 45.844505, -77.416372 45.844999, -77.418442 45.845492, -77.420512 45.845985, -77.422582 45.846479, -77.424652 45.846972, -77.426722 45.847465, -77.428791 45.847959, -77.430861 45.848452, -77.432931 45.848945, -77.435002 45.849438, -77.437072 45.849931, -77.439142 45.850425, -77.441212 45.850918, -77.443282 45.851411, -77.445352 45.851904, -77.447423 45.852396, -77.449493 45.852889, -77.451563 45.853382, -77.453634 45.853875, -77.455704 45.854368, -77.457775 45.854861, -77.459845 45.855353, -77.461916 45.855846, -77.463986 45.856339, -77.466057 45.856831, -77.468127 45.857324, -77.470198 45.857816, -77.472269 45.858309, -77.474340 45.858801, -77.476410 45.859294, -77.478481 45.859786, -77.480552 45.860278, -77.482623 45.860771, -77.484694 45.861263, -77.486765 45.861755, -77.488836 45.862247, -77.490907 45.862739, -77.492978 45.863232, -77.495049 45.863724, -77.497120 45.864216, -77.499191 45.864708, -77.501263 45.865200, -77.503334 45.865692, -77.505405 45.866183, -77.507477 45.866675, -77.509548 45.867167, -77.511619 45.867659, -77.513691 45.868151, -77.515762 45.868642, -77.517834 45.869134, -77.519905 45.869626, -77.521977 45.870117, -77.524049 45.870609, -77.526120 45.871100, -77.528192 45.871592, -77.530264 45.872083, -77.532335 45.872574, -77.534407 45.873066, -77.536479 45.873557, -77.538551 45.874048, -77.540623 45.874540, -77.542695 45.875031, -77.544767 45.875522, -77.546839 45.876013, -77.548911 45.876504, -77.550983 45.876995, -77.553055 45.877486, -77.555127 45.877977, -77.557200 45.878468, -77.559272 45.878959, -77.561344 45.879450, -77.563417 45.879941, -77.565489 45.880432, -77.567561 45.880923, -77.569634 45.881413, -77.571706 45.881904, -77.573779 45.882395, -77.575851 45.882885, -77.577924 45.883376, -77.579996 45.883866, -77.582069 45.884357, -77.584142 45.884847, -77.586215 45.885338, -77.588287 45.885828, -77.590360 45.886318, -77.592433 45.886809, -77.594506 45.887299, -77.596579 45.887789, -77.598652 45.888279, -77.600725 45.888770, -77.602798 45.889260, -77.604871 45.889750, -77.606944 45.890240, -77.609017 45.890730, -77.611090 45.891220, -77.613163 45.891710, -77.615237 45.892200, -77.617310 45.892690, -77.619383 45.893179, -77.621457 45.893669, -77.623530 45.894159, -77.625603 45.894649, -77.627677 45.895138, -77.629750 45.895628, -77.631824 45.896118, -77.633897 45.896607, -77.635971 45.897097, -77.638045 45.897586, -77.640118 45.898076, -77.642192 45.898565, -77.644266 45.899054, -77.646340 45.899544, -77.648413 45.900033, -77.650487 45.900522, -77.652561 45.901011, -77.654635 45.901501, -77.656709 45.901990, -77.658783 45.902479, -77.660857 45.902968, -77.662931 45.903457, -77.665005 45.903946, -77.667080 45.904435, -77.669154 45.904924, -77.671228 45.905413, -77.673302 45.905902, -77.675377 45.906390, -77.677451 45.906879, -77.679525 45.907368, -77.681600 45.907857, -77.683674 45.908345, -77.685749 45.908834, -77.687823 45.909323, -77.689898 45.909811, -77.691972 45.910300, -77.694047 45.910788, -77.696122 45.911277, -77.698196 45.911765, -77.700271 45.912253, -77.702346 45.912742, -77.704421 45.913230, -77.706495 45.913718, -77.708570 45.914206, -77.710645 45.914695, -77.712720 45.915183, -77.714795 45.915671, -77.716870 45.916159, -77.718945 45.916647, -77.721020 45.917135, -77.723096 45.917623, -77.725171 45.918111, -77.727246 45.918599, -77.729321 45.919086, -77.731396 45.919574, -77.733472 45.920062, -77.735547 45.920550, -77.737623 45.921037, -77.739698 45.921525, -77.741773 45.922013, -77.743849 45.922500, -77.745925 45.922988, -77.748000 45.923475, -77.750076 45.923963, -77.752151 45.924450, -77.754227 45.924938, -77.756303 45.925425, -77.758379 45.925912, -77.760454 45.926399, -77.762530 45.926887, -77.764606 45.927374, -77.766682 45.927861, -77.768758 45.928348, -77.770834 45.928835, -77.772910 45.929322, -77.774986 45.929809, -77.777062 45.930296, -77.779138 45.930783, -77.781214 45.931270, -77.783291 45.931757, -77.785367 45.932244, -77.787443 45.932731, -77.789519 45.933217, -77.791596 45.933704, -77.793672 45.934191, -77.795748 45.934677, -77.797825 45.935164, -77.799901 45.935650, -77.801978 45.936137, -77.804055 45.936623, -77.806131 45.937110, -77.808208 45.937596, -77.810284 45.938083, -77.812361 45.938569, -77.814438 45.939055, -77.816515 45.939542, -77.818591 45.940028, -77.820668 45.940514, -77.822745 45.941000, -77.824822 45.941486, -77.826899 45.941972, -77.828976 45.942458, -77.831053 45.942944, -77.833130 45.943430, -77.835207 45.943916, -77.837284 45.944402, -77.839362 45.944888, -77.841439 45.945374, -77.843516 45.945859, -77.845593 45.946345, -77.847671 45.946831, -77.849748 45.947317, -77.851826 45.947802, -77.853903 45.948288, -77.855980 45.948773, -77.858058 45.949259, -77.860136 45.949744, -77.862213 45.950230, -77.864291 45.950715, -77.866368 45.951200, -77.868446 45.951686, -77.870524 45.952171, -77.872602 45.952656, -77.874679 45.953141, -77.876757 45.953627, -77.878835 45.954112, -77.880913 45.954597, -77.882991 45.955082, -77.885069 45.955567, -77.887147 45.956052, -77.889225 45.956537, -77.891303 45.957022, -77.893381 45.957507, -77.895459 45.957991, -77.897538 45.958476, -77.899616 45.958961, -77.901694 45.959446, -77.903772 45.959930, -77.905851 45.960415, -77.907929 45.960900, -77.910008 45.961384, -77.912086 45.961869, -77.914165 45.962353, -77.916243 45.962838, -77.918322 45.963322, -77.920400 45.963806, -77.922479 45.964291, -77.924558 45.964775, -77.926636 45.965259, -77.928715 45.965744, -77.930794 45.966228, -77.932873 45.966712, -77.934951 45.967196, -77.937030 45.967680, -77.939109 45.968164, -77.941188 45.968648, -77.943267 45.969132, -77.945346 45.969616, -77.947425 45.970100, -77.949504 45.970584, -77.951584 45.971068, -77.953663 45.971551, -77.955742 45.972035, -77.957821 45.972519, -77.959901 45.973002, -77.961980 45.973486, -77.964059 45.973970, -77.966139 45.974453, -77.968218 45.974937, -77.970298 45.975420, -77.972377 45.975904, -77.974457 45.976387, -77.976536 45.976870, -77.978616 45.977354, -77.980695 45.977837, -77.982775 45.978320, -77.984855 45.978803, -77.986935 45.979287, -77.989014 45.979770, -77.991094 45.980253, -77.993174 45.980736, -77.995254 45.981219, -77.997334 45.981702, -77.999414 45.982185, -78.001494 45.982668, -78.003574 45.983150, -78.005654 45.983633, -78.007734 45.984116, -78.009814 45.984599, -78.011895 45.985082, -78.013975 45.985564, -78.016055 45.986047, -78.018135 45.986529, -78.020216 45.987012, -78.022296 45.987495, -78.024377 45.987977, -78.026457 45.988460, -78.028538 45.988942, -78.030618 45.989424, -78.032699 45.989907, -78.034779 45.990389, -78.036860 45.990871, -78.038941 45.991353, -78.041021 45.991836, -78.043102 45.992318, -78.045183 45.992800, -78.047264 45.993282, -78.049344 45.993764, -78.051425 45.994246, -78.053506 45.994728, -78.055587 45.995210, -78.057668 45.995692, -78.059749 45.996174, -78.061830 45.996655, -78.063911 45.997137, -78.065993 45.997619, -78.068074 45.998101, -78.070155 45.998582, -78.072236 45.999064, -78.074318 45.999545, -78.076399 46.000027, -78.078480 46.000509, -78.080562 46.000990, -78.082643 46.001471, -78.084724 46.001953, -78.086806 46.002434, -78.088888 46.002915, -78.090969 46.003397, -78.093051 46.003878, -78.095132 46.004359, -78.097214 46.004840, -78.099296 46.005322, -78.101378 46.005803, -78.103459 46.006284, -78.105541 46.006765, -78.107623 46.007246, -78.109705 46.007727, -78.111787 46.008207, -78.113869 46.008688, -78.115951 46.009169, -78.118033 46.009650, -78.120115 46.010131, -78.122197 46.010611, -78.124279 46.011092, -78.126361 46.011573, -78.128444 46.012053, -78.130526 46.012534, -78.132608 46.013014, -78.134691 46.013495, -78.136773 46.013975, -78.138855 46.014456, -78.140938 46.014936, -78.143020 46.015416, -78.145103 46.015897, -78.147185 46.016377, -78.149268 46.016857, -78.151351 46.017337, -78.153433 46.017818, -78.155516 46.018298, -78.157599 46.018778, -78.159681 46.019258, -78.161764 46.019738, -78.163847 46.020218, -78.165930 46.020698, -78.168013 46.021178, -78.170096 46.021657, -78.172179 46.022137, -78.174262 46.022617, -78.176345 46.023097, -78.178428 46.023576, -78.180511 46.024056, -78.182594 46.024536, -78.184678 46.025015, -78.186761 46.025495, -78.188844 46.025974, -78.190927 46.026454, -78.193011 46.026933, -78.195094 46.027413, -78.197178 46.027892, -78.199261 46.028371, -78.201344 46.028851, -78.203428 46.029330, -78.205512 46.029809, -78.207595 46.030288, -78.209679 46.030767, -78.211762 46.031246, -78.213846 46.031725, -78.215930 46.032204, -78.218014 46.032683, -78.220098 46.033162, -78.222181 46.033641, -78.224265 46.034120, -78.226349 46.034599, -78.228433 46.035078, -78.230517 46.035556, -78.232601 46.036035, -78.234685 46.036514, -78.236769 46.036992, -78.238854 46.037471, -78.240938 46.037950, -78.243022 46.038428, -78.245106 46.038907, -78.247190 46.039385, -78.249275 46.039863, -78.251359 46.040342, -78.253444 46.040820, -78.255528 46.041298, -78.257612 46.041777, -78.259697 46.042255, -78.261782 46.042733, -78.263866 46.043211, -78.265951 46.043689, -78.268035 46.044167, -78.270120 46.044645, -78.272205 46.045123, -78.274290 46.045601, -78.276374 46.046079, -78.278459 46.046557, -78.280544 46.047035, -78.282629 46.047513, -78.284714 46.047990, -78.286799 46.048468, -78.288884 46.048946, -78.290969 46.049424, -78.293054 46.049901, -78.295139 46.050379, -78.297224 46.050856, -78.299309 46.051334, -78.301395 46.051811, -78.303480 46.052289, -78.305565 46.052766, -78.307651 46.053243, -78.309736 46.053721, -78.311821 46.054198, -78.313907 46.054675, -78.315992 46.055152, -78.318078 46.055629, -78.320163 46.056107, -78.322249 46.056584, -78.324335 46.057061, -78.326420 46.057538, -78.328506 46.058015, -78.330592 46.058492, -78.332677 46.058968, -78.334763 46.059445, -78.336849 46.059922, -78.338935 46.060399, -78.341021 46.060876, -78.343107 46.061352, -78.345193 46.061829, -78.347279 46.062306, -78.349365 46.062782, -78.351451 46.063259, -78.353537 46.063735, -78.355623 46.064212, -78.357709 46.064688, -78.359796 46.065165, -78.361882 46.065641, -78.363968 46.066117, -78.366055 46.066594, -78.368141 46.067070, -78.370227 46.067546, -78.372314 46.068022, -78.374400 46.068498, -78.376487 46.068974, -78.378573 46.069450, -78.380660 46.069926, -78.382747 46.070402, -78.384833 46.070878, -78.386920 46.071354, -78.389007 46.071830, -78.391093 46.072306, -78.393180 46.072782, -78.395267 46.073257, -78.397354 46.073733, -78.399441 46.074209, -78.401528 46.074684, -78.403615 46.075160, -78.405702 46.075636, -78.407789 46.076111, -78.409876 46.076587, -78.411963 46.077062, -78.414050 46.077537, -78.416138 46.078013, -78.418225 46.078488, -78.420312 46.078963, -78.422399 46.079439, -78.424487 46.079914, -78.426574 46.080389, -78.428662 46.080864, -78.430749 46.081339, -78.432837 46.081814, -78.434924 46.082289, -78.437012 46.082764, -78.439099 46.083239, -78.441187 46.083714, -78.443275 46.084189, -78.445362 46.084664, -78.447450 46.085139, -78.449538 46.085614, -78.451626 46.086088, -78.453713 46.086563, -78.455801 46.087038, -78.457889 46.087512, -78.459977 46.087987, -78.462065 46.088461, -78.464153 46.088936, -78.466241 46.089410, -78.468329 46.089885, -78.470418 46.090359, -78.472506 46.090833, -78.474594 46.091308, -78.476682 46.091782, -78.478771 46.092256, -78.480859 46.092730, -78.482947 46.093205, -78.485036 46.093679, -78.487124 46.094153, -78.489212 46.094627, -78.491301 46.095101, -78.493390 46.095575, -78.495478 46.096049, -78.497567 46.096523, -78.499655 46.096996, -78.501744 46.097470, -78.503833 46.097944, -78.505922 46.098418, -78.508010 46.098891, -78.510099 46.099365, -78.512188 46.099839, -78.514277 46.100312, -78.516366 46.100786, -78.518455 46.101259, -78.520544 46.101733, -78.522633 46.102206, -78.524722 46.102680, -78.526811 46.103153, -78.528900 46.103626, -78.530989 46.104100, -78.533079 46.104573, -78.535168 46.105046, -78.537257 46.105519, -78.539346 46.105992, -78.541436 46.106465, -78.543525 46.106938, -78.545615 46.107412, -78.547704 46.107884, -78.549794 46.108357, -78.551883 46.108830, -78.553973 46.109303, -78.556062 46.109776, -78.558152 46.110249, -78.560242 46.110722, -78.562331 46.111194, -78.564421 46.111667, -78.566511 46.112140, -78.568601 46.112612, -78.570691 46.113085, -78.572781 46.113557, -78.574870 46.114030, -78.576960 46.114502, -78.579050 46.114975, -78.581140 46.115447, -78.583231 46.115919, -78.585321 46.116391, -78.587411 46.116864, -78.589501 46.117336, -78.591591 46.117808, -78.593681 46.118280, -78.595772 46.118752, -78.597862 46.119224, -78.599952 46.119696, -78.602043 46.120168, -78.604133 46.120640, -78.606224 46.121112, -78.608314 46.121584, -78.610405 46.122056, -78.612495 46.122528, -78.614586 46.123000, -78.616677 46.123471, -78.618767 46.123943, -78.620858 46.124415, -78.622949 46.124886, -78.625040 46.125358, -78.627130 46.125829, -78.629221 46.126301, -78.631312 46.126772, -78.633403 46.127244, -78.635494 46.127715, -78.637585 46.128186, -78.639676 46.128658, -78.641767 46.129129, -78.643858 46.129600, -78.645950 46.130071, -78.648041 46.130542, -78.650132 46.131014, -78.652223 46.131485, -78.654315 46.131956, -78.656406 46.132427, -78.658497 46.132898, -78.660589 46.133368, -78.662680 46.133839, -78.664772 46.134310, -78.666863 46.134781, -78.668955 46.135252, -78.671046 46.135722, -78.673138 46.136193, -78.675229 46.136664, -78.677321 46.137134, -78.679413 46.137605, -78.681505 46.138076, -78.683596 46.138546, -78.685688 46.139016, -78.687780 46.139487, -78.689872 46.139957, -78.691964 46.140428, -78.694056 46.140898, -78.696148 46.141368, -78.698240 46.141838, -78.700332 46.142309, -78.702424 46.142779, -78.704516 46.143249, -78.706609 46.143719, -78.708701 46.144189, -78.710793 46.144659, -78.712885 46.145129, -78.714978 46.145599, -78.717070 46.146069, -78.719162 46.146539, -78.721255 46.147008, -78.723347 46.147478, -78.725440 46.147948, -78.727532 46.148418, -78.729625 46.148887, -78.731718 46.149357, -78.733810 46.149826, -78.735903 46.150296, -78.737996 46.150766, -78.740088 46.151235, -78.742181 46.151704, -78.744274 46.152174, -78.746367 46.152643, -78.748460 46.153112, -78.750553 46.153582, -78.752646 46.154051, -78.754739 46.154520, -78.756832 46.154989, -78.758925 46.155458, -78.761018 46.155928, -78.763111 46.156397, -78.765204 46.156866, -78.767298 46.157335, -78.769391 46.157803, -78.771484 46.158272, -78.773577 46.158741, -78.775671 46.159210, -78.777764 46.159679, -78.779858 46.160148, -78.781951 46.160616, -78.784045 46.161085, -78.786138 46.161554, -78.788232 46.162022, -78.790325 46.162491, -78.792419 46.162959, -78.794513 46.163428, -78.796606 46.163896, -78.798700 46.164365, -78.800794 46.164833, -78.802888 46.165301, -78.804982 46.165769, -78.807076 46.166238, -78.809170 46.166706, -78.811264 46.167174, -78.813358 46.167642, -78.815452 46.168110, -78.817546 46.168578, -78.819640 46.169046, -78.821734 46.169514, -78.823828 46.169982, -78.825922 46.170450, -78.828017 46.170918, -78.830111 46.171386, -78.832205 46.171854, -78.834300 46.172321, -78.836394 46.172789, -78.838488 46.173257, -78.840583 46.173724, -78.842677 46.174192, -78.844772 46.174660, -78.846867 46.175127, -78.848961 46.175595, -78.851056 46.176062, -78.853151 46.176529, -78.855245 46.176997, -78.857340 46.177464, -78.859435 46.177931, -78.861530 46.178399, -78.863624 46.178866, -78.865719 46.179333, -78.867814 46.179800, -78.869909 46.180267, -78.872004 46.180734, -78.874099 46.181201, -78.876194 46.181668, -78.878290 46.182135, -78.880385 46.182602, -78.882480 46.183069, -78.884575 46.183536, -78.886670 46.184003, -78.888766 46.184469, -78.890861 46.184936, -78.892956 46.185403, -78.895052 46.185869, -78.897147 46.186336, -78.899243 46.186803, -78.901338 46.187269, -78.903434 46.187736, -78.905529 46.188202, -78.907625 46.188668, -78.909721 46.189135, -78.911816 46.189601, -78.913912 46.190067, -78.916008 46.190534, -78.918103 46.191000, -78.920199 46.191466, -78.922295 46.191932, -78.924391 46.192398, -78.926487 46.192864, -78.928583 46.193330, -78.930679 46.193796, -78.932775 46.194262, -78.934871 46.194728, -78.936967 46.195194, -78.939063 46.195660, -78.941159 46.196126, -78.943256 46.196591, -78.945352 46.197057, -78.947448 46.197523, -78.949545 46.197988, -78.951641 46.198454, -78.953737 46.198920, -78.955834 46.199385, -78.957930 46.199851, -78.960027 46.200316, -78.962123 46.200781, -78.964220 46.201247, -78.966316 46.201712, -78.968413 46.202177, -78.970510 46.202643, -78.972606 46.203108, -78.974703 46.203573, -78.976800 46.204038, -78.978897 46.204503, -78.980994 46.204968, -78.983091 46.205433, -78.985187 46.205898, -78.987284 46.206363, -78.989381 46.206828, -78.991478 46.207293, -78.993576 46.207758, -78.995673 46.208223, -78.997770 46.208688, -78.999867 46.209152, -79.001964 46.209617, -79.004061 46.210082, -79.006159 46.210546, -79.008256 46.211011, -79.010353 46.211475, -79.012451 46.211940, -79.014548 46.212404, -79.016646 46.212869, -79.018743 46.213333, -79.020841 46.213797, -79.022938 46.214262, -79.025036 46.214726, -79.027133 46.215190, -79.029231 46.215654, -79.031329 46.216119, -79.033427 46.216583, -79.035524 46.217047, -79.037622 46.217511, -79.039720 46.217975, -79.041818 46.218439, -79.043916 46.218903, -79.046014 46.219366, -79.048112 46.219830, -79.050210 46.220294, -79.052308 46.220758, -79.054406 46.221222, -79.056504 46.221685, -79.058602 46.222149, -79.060700 46.222613, -79.062799 46.223076, -79.064897 46.223540, -79.066995 46.224003, -79.069094 46.224467, -79.071192 46.224930, -79.073290 46.225393, -79.075389 46.225857, -79.077487 46.226320, -79.079586 46.226783, -79.081684 46.227246, -79.083783 46.227710, -79.085882 46.228173, -79.087980 46.228636, -79.090079 46.229099, -79.092178 46.229562, -79.094277 46.230025, -79.096375 46.230488, -79.098474 46.230951, -79.100573 46.231414, -79.102672 46.231877, -79.104771 46.232339, -79.106870 46.232802, -79.108969 46.233265, -79.111068 46.233728, -79.113167 46.234190, -79.115266 46.234653, -79.117365 46.235115, -79.119465 46.235578, -79.121564 46.236040, -79.123663 46.236503, -79.125762 46.236965, -79.127862 46.237428, -79.129961 46.237890, -79.132060 46.238352, -79.134160 46.238815, -79.136259 46.239277, -79.138359 46.239739, -79.140458 46.240201, -79.142558 46.240663, -79.144658 46.241125, -79.146757 46.241587, -79.148857 46.242049, -79.150957 46.242511, -79.153056 46.242973, -79.155156 46.243435, -79.157256 46.243897, -79.159356 46.244359, -79.161456 46.244821, -79.163556 46.245282, -79.165656 46.245744, -79.167756 46.246206, -79.169856 46.246667, -79.171956 46.247129, -79.174056 46.247590, -79.176156 46.248052, -79.178256 46.248513, -79.180357 46.248975, -79.182457 46.249436, -79.184557 46.249897, -79.186657 46.250359, -79.188758 46.250820, -79.190858 46.251281, -79.192959 46.251742, -79.195059 46.252203, -79.197160 46.252665, -79.199260 46.253126, -79.201361 46.253587, -79.203461 46.254048, -79.205562 46.254509, -79.207663 46.254970, -79.209763 46.255430, -79.211864 46.255891, -79.213965 46.256352, -79.216066 46.256813, -79.218167 46.257274, -79.220267 46.257734, -79.222368 46.258195, -79.224469 46.258656, -79.226570 46.259116, -79.228671 46.259577, -79.230772 46.260037, -79.232874 46.260498, -79.234975 46.260958, -79.237076 46.261418, -79.239177 46.261879, -79.241278 46.262339, -79.243380 46.262799, -79.245481 46.263260, -79.247582 46.263720, -79.249684 46.264180, -79.251785 46.264640, -79.253887 46.265100, -79.255988 46.265560, -79.258090 46.266020, -79.260191 46.266480, -79.262293 46.266940, -79.264394 46.267400, -79.266496 46.267860, -79.268598 46.268319, -79.270699 46.268779, -79.272801 46.269239, -79.274903 46.269699, -79.277005 46.270158, -79.279107 46.270618, -79.281209 46.271077, -79.283311 46.271537, -79.285413 46.271996, -79.287515 46.272456, -79.289617 46.272915, -79.291719 46.273375, -79.293821 46.273834, -79.295923 46.274293, -79.298025 46.274753, -79.300127 46.275212, -79.302230 46.275671, -79.304332 46.276130, -79.306434 46.276589, -79.308537 46.277048, -79.310639 46.277507, -79.312742 46.277966, -79.314844 46.278425, -79.316947 46.278884, -79.319049 46.279343, -79.321152 46.279802, -79.323254 46.280261, -79.325357 46.280720, -79.327460 46.281178, -79.329562 46.281637, -79.331665 46.282096, -79.333768 46.282554, -79.335871 46.283013, -79.337974 46.283471, -79.340077 46.283930, -79.342179 46.284388, -79.344282 46.284847, -79.346385 46.285305, -79.348489 46.285763, -79.350592 46.286222, -79.352695 46.286680, -79.354798 46.287138, -79.356901 46.287596, -79.359004 46.288054, -79.361107 46.288513, -79.363211 46.288971, -79.365314 46.289429, -79.367417 46.289887, -79.369521 46.290345, -79.371624 46.290803, -79.373728 46.291260, -79.375831 46.291718, -79.377935 46.292176, -79.380038 46.292634, -79.382142 46.293091, -79.384246 46.293549, -79.386349 46.294007, -79.388453 46.294464, -79.390557 46.294922, -79.392660 46.295380, -79.394764 46.295837, -79.396868 46.296294, -79.398972 46.296752, -79.401076 46.297209, -79.403180 46.297667, -79.405284 46.298124, -79.407388 46.298581, -79.409492 46.299038, -79.411596 46.299496, -79.413700 46.299953, -79.415804 46.300410, -79.417909 46.300867, -79.420013 46.301324, -79.422117 46.301781, -79.424221 46.302238, -79.426326 46.302695, -79.428430 46.303152, -79.430535 46.303608, -79.432639 46.304065, -79.434743 46.304522, -79.436848 46.304979, -79.438953 46.305435, -79.441057 46.305892, -79.443162 46.306349, -79.445266 46.306805, -79.447371 46.307262, -79.449476 46.307718, -79.451581 46.308175, -79.453685 46.308631, -79.455790 46.309087, -79.457895 46.309544, -79.460000 46.310000, -79.462170 46.310272, -79.464340 46.310543, -79.466511 46.310815, -79.468681 46.311086, -79.470851 46.311358, -79.473022 46.311629, -79.475192 46.311900, -79.477362 46.312172, -79.479533 46.312443, -79.481703 46.312714, -79.483874 46.312985, -79.486044 46.313256, -79.488215 46.313528, -79.490385 46.313799, -79.492556 46.314070, -79.494726 46.314341, -79.496897 46.314612, -79.499067 46.314882, -79.501238 46.315153, -79.503409 46.315424, -79.505579 46.315695, -79.507750 46.315966, -79.509921 46.316236, -79.512091 46.316507, -79.514262 46.316778, -79.516433 46.317048, -79.518604 46.317319, -79.520774 46.317589, -79.522945 46.317860, -79.525116 46.318130, -79.527287 46.318400, -79.529458 46.318671, -79.531629 46.318941, -79.533800 46.319211, -79.535971 46.319482, -79.538142 46.319752, -79.540313 46.320022, -79.542484 46.320292, -79.544655 46.320562, -79.546826 46.320832, -79.548997 46.321102, -79.551168 46.321372, -79.553339 46.321642, -79.555510 46.321911, -79.557681 46.322181, -79.559853 46.322451, -79.562024 46.322721, -79.564195 46.322990, -79.566366 46.323260, -79.568538 46.323530, -79.570709 46.323799, -79.572880 46.324069, -79.575051 46.324338, -79.577223 46.324608, -79.579394 46.324877, -79.581566 46.325146, -79.583737 46.325416, -79.585908 46.325685, -79.588080 46.325954, -79.590251 46.326223, -79.592423 46.326492, -79.594594 46.326761, -79.596766 46.327030, -79.598938 46.327299, -79.601109 46.327568, -79.603281 46.327837, -79.605452 46.328106, -79.607624 46.328375, -79.609796 46.328644, -79.611968 46.328913, -79.614139 46.329181, -79.616311 46.329450, -79.618483 46.329719, -79.620655 46.329987, -79.622826 46.330256, -79.624998 46.330524, -79.627170 46.330793, -79.629342 46.331061, -79.631514 46.331330, -79.633686 46.331598, -79.635858 46.331866, -79.638030 46.332135, -79.640202 46.332403, -79.642374 46.332671, -79.644546 46.332939, -79.646718 46.333207, -79.648890 46.333475, -79.651062 46.333743, -79.653234 46.334011, -79.655406 46.334279, -79.657578 46.334547, -79.659750 46.334815, -79.661923 46.335083, -79.664095 46.335351, -79.666267 46.335618, -79.668439 46.335886, -79.670612 46.336154, -79.672784 46.336421, -79.674956 46.336689, -79.677129 46.336956, -79.679301 46.337224, -79.681473 46.337491, -79.683646 46.337759, -79.685818 46.338026, -79.687991 46.338294, -79.690163 46.338561, -79.692335 46.338828, -79.694508 46.339095, -79.696681 46.339362, -79.698853 46.339630, -79.701026 46.339897, -79.703198 46.340164, -79.705371 46.340431, -79.707544 46.340698, -79.709716 46.340964, -79.711889 46.341231, -79.714062 46.341498, -79.716234 46.341765, -79.718407 46.342032, -79.720580 46.342298, -79.722753 46.342565, -79.724925 46.342832, -79.727098 46.343098, -79.729271 46.343365, -79.731444 46.343631, -79.733617 46.343898, -79.735790 46.344164, -79.737963 46.344431, -79.740136 46.344697, -79.742309 46.344963, -79.744482 46.345229, -79.746655 46.345496, -79.748828 46.345762, -79.751001 46.346028, -79.753174 46.346294, -79.755347 46.346560, -79.757520 46.346826, -79.759693 46.347092, -79.761866 46.347358, -79.764040 46.347624, -79.766213 46.347890, -79.768386 46.348156, -79.770559 46.348421, -79.772733 46.348687, -79.774906 46.348953, -79.777079 46.349218, -79.779252 46.349484, -79.781426 46.349750, -79.783599 46.350015, -79.785773 46.350281, -79.787946 46.350546, -79.790120 46.350811, -79.792293 46.351077, -79.794466 46.351342, -79.796640 46.351607, -79.798813 46.351872, -79.800987 46.352138, -79.803161 46.352403, -79.805334 46.352668, -79.807508 46.352933, -79.809681 46.353198, -79.811855 46.353463, -79.814029 46.353728, -79.816202 46.353993, -79.818376 46.354258, -79.820550 46.354522, -79.822724 46.354787, -79.824897 46.355052, -79.827071 46.355317, -79.829245 46.355581, -79.831419 46.355846, -79.833593 46.356110, -79.835767 46.356375, -79.837941 46.356639, -79.840115 46.356904, -79.842288 46.357168, -79.844462 46.357433, -79.846636 46.357697, -79.848810 46.357961, -79.850984 46.358226, -79.853159 46.358490, -79.855333 46.358754, -79.857507 46.359018, -79.859681 46.359282, -79.861855 46.359546, -79.864029 46.359810, -79.866203 46.360074, -79.868377 46.360338, -79.870552 46.360602, -79.872726 46.360866, -79.874900 46.361129, -79.877075 46.361393, -79.879249 46.361657, -79.881423 46.361921, -79.883597 46.362184, -79.885772 46.362448, -79.887946 46.362711, -79.890121 46.362975, -79.892295 46.363238, -79.894470 46.363502, -79.896644 46.363765, -79.898819 46.364028, -79.900993 46.364292, -79.903168 46.364555, -79.905342 46.364818, -79.907517 46.365081, -79.909691 46.365344, -79.911866 46.365607, -79.914041 46.365870, -79.916215 46.366133, -79.918390 46.366396, -79.920565 46.366659, -79.922739 46.366922, -79.924914 46.367185, -79.927089 46.367448, -79.929264 46.367711, -79.931438 46.367973, -79.933613 46.368236, -79.935788 46.368499, -79.937963 46.368761, -79.940138 46.369024, -79.942313 46.369286, -79.944488 46.369549, -79.946663 46.369811, -79.948838 46.370074, -79.951013 46.370336, -79.953188 46.370598, -79.955363 46.370860, -79.957538 46.371123, -79.959713 46.371385, -79.961888 46.371647, -79.964063 46.371909, -79.966238 46.372171, -79.968413 46.372433, -79.970589 46.372695, -79.972764 46.372957, -79.974939 46.373219, -79.977114 46.373481, -79.979290 46.373743, -79.981465 46.374004, -79.983640 46.374266, -79.985815 46.374528, -79.987991 46.374789, -79.990166 46.375051, -79.992342 46.375312, -79.994517 46.375574, -79.996692 46.375835, -79.998868 46.376097, -80.001043 46.376358, -80.003219 46.376620, -80.005394 46.376881, -80.007570 46.377142, -80.009745 46.377403, -80.011921 46.377665, -80.014097 46.377926, -80.016272 46.378187, -80.018448 46.378448, -80.020624 46.378709, -80.022799 46.378970, -80.024975 46.379231, -80.027151 46.379492, -80.029326 46.379753, -80.031502 46.380013, -80.033678 46.380274, -80.035854 46.380535, -80.038030 46.380796, -80.040206 46.381056, -80.042381 46.381317, -80.044557 46.381577, -80.046733 46.381838, -80.048909 46.382098, -80.051085 46.382359, -80.053261 46.382619, -80.055437 46.382880, -80.057613 46.383140, -80.059789 46.383400, -80.061965 46.383661, -80.064141 46.383921, -80.066317 46.384181, -80.068493 46.384441, -80.070670 46.384701, -80.072846 46.384961, -80.075022 46.385221, -80.077198 46.385481, -80.079374 46.385741, -80.081551 46.386001, -80.083727 46.386261, -80.085903 46.386520, -80.088080 46.386780, -80.090256 46.387040, -80.092432 46.387299, -80.094609 46.387559, -80.096785 46.387819, -80.098961 46.388078, -80.101138 46.388338, -80.103314 46.388597, -80.105491 46.388857, -80.107667 46.389116, -80.109844 46.389375, -80.112020 46.389635, -80.114197 46.389894, -80.116373 46.390153, -80.118550 46.390412, -80.120727 46.390671, -80.122903 46.390930, -80.125080 46.391189, -80.127257 46.391448, -80.129433 46.391707, -80.131610 46.391966, -80.133787 46.392225, -80.135964 46.392484, -80.138140 46.392743, -80.140317 46.393002, -80.142494 46.393260, -80.144671 46.393519, -80.146848 46.393778, -80.149025 46.394036, -80.151201 46.394295, -80.153378 46.394553, -80.155555 46.394812, -80.157732 46.395070, -80.159909 46.395328, -80.162086 46.395587, -80.164263 46.395845, -80.166440 46.396103, -80.168617 46.396362, -80.170795 46.396620, -80.172972 46.396878, -80.175149 46.397136, -80.177326 46.397394, -80.179503 46.397652, -80.181680 46.397910, -80.183858 46.398168, -80.186035 46.398426, -80.188212 46.398684, -80.190389 46.398941, -80.192567 46.399199, -80.194744 46.399457, -80.196921 46.399715, -80.199099 46.399972, -80.201276 46.400230, -80.203453 46.400487, -80.205631 46.400745, -80.207808 46.401002, -80.209986 46.401260, -80.212163 46.401517, -80.214341 46.401774, -80.216518 46.402032, -80.218696 46.402289, -80.220873 46.402546, -80.223051 46.402803, -80.225229 46.403061, -80.227406 46.403318, -80.229584 46.403575, -80.231761 46.403832, -80.233939 46.404089, -80.236117 46.404346, -80.238295 46.404603, -80.240472 46.404859, -80.242650 46.405116, -80.244828 46.405373, -80.247006 46.405630, -80.249184 46.405886, -80.251361 46.406143, -80.253539 46.406400, -80.255717 46.406656, -80.257895 46.406913, -80.260073 46.407169, -80.262251 46.407426, -80.264429 46.407682, -80.266607 46.407938, -80.268785 46.408195, -80.270963 46.408451, -80.273141 46.408707, -80.275319 46.408963, -80.277497 46.409219, -80.279675 46.409476, -80.281854 46.409732, -80.284032 46.409988, -80.286210 46.410244, -80.288388 46.410500, -80.290566 46.410755, -80.292745 46.411011, -80.294923 46.411267, -80.297101 46.411523, -80.299279 46.411779, -80.301458 46.412034, -80.303636 46.412290, -80.305814 46.412546, -80.307993 46.412801, -80.310171 46.413057, -80.312350 46.413312, -80.314528 46.413568, -80.316707 46.413823, -80.318885 46.414078, -80.321064 46.414334, -80.323242 46.414589, -80.325421 46.414844, -80.327599 46.415099, -80.329778 46.415355, -80.331956 46.415610, -80.334135 46.415865, -80.336314 46.416120, -80.338492 46.416375, -80.340671 46.416630, -80.342850 46.416885, -80.345028 46.417140, -80.347207 46.417394, -80.349386 46.417649, -80.351565 46.417904, -80.353744 46.418159, -80.355922 46.418413, -80.358101 46.418668, -80.360280 46.418922, -80.362459 46.419177, -80.364638 46.419431, -80.366817 46.419686, -80.368996 46.419940, -80.371175 46.420195, -80.373354 46.420449, -80.375533 46.420703, -80.377712 46.420958, -80.379891 46.421212, -80.382070 46.421466, -80.384249 46.421720, -80.386428 46.421974, -80.388607 46.422228, -80.390787 46.422482, -80.392966 46.422736, -80.395145 46.422990, -80.397324 46.423244, -80.399503 46.423498, -80.401683 46.423751, -80.403862 46.424005, -80.406041 46.424259, -80.408221 46.424513, -80.410400 46.424766, -80.412579 46.425020, -80.414759 46.425273, -80.416938 46.425527, -80.419117 46.425780, -80.421297 46.426034, -80.423476 46.426287, -80.425656 46.426540, -80.427835 46.426794, -80.430015 46.427047, -80.432194 46.427300, -80.434374 46.427553, -80.436554 46.427806, -80.438733 46.428060, -80.440913 46.428313, -80.443092 46.428566, -80.445272 46.428819, -80.447452 46.429071, -80.449631 46.429324, -80.451811 46.429577, -80.453991 46.429830, -80.456171 46.430083, -80.458350 46.430335, -80.460530 46.430588, -80.462710 46.430841, -80.464890 46.431093, -80.467070 46.431346, -80.469250 46.431598, -80.471430 46.431851, -80.473610 46.432103, -80.475789 46.432356, -80.477969 46.432608, -80.480149 46.432860, -80.482329 46.433113, -80.484509 46.433365, -80.486690 46.433617, -80.488870 46.433869, -80.491050 46.434121, -80.493230 46.434373, -80.495410 46.434625, -80.497590 46.434877, -80.499770 46.435129, -80.501950 46.435381, -80.504131 46.435633, -80.506311 46.435885, -80.508491 46.436136, -80.510671 46.436388, -80.512852 46.436640, -80.515032 46.436891, -80.517212 46.437143, -80.519393 46.437395, -80.521573 46.437646, -80.523753 46.437898, -80.525934 46.438149, -80.528114 46.438400, -80.530295 46.438652, -80.532475 46.438903, -80.534656 46.439154, -80.536836 46.439405, -80.539017 46.439657, -80.541197 46.439908, -80.543378 46.440159, -80.545558 46.440410, -80.547739 46.440661, -80.549920 46.440912, -80.552100 46.441163, -80.554281 46.441414, -80.556462 46.441665, -80.558642 46.441915, -80.560823 46.442166, -80.563004 46.442417, -80.565185 46.442668, -80.567366 46.442918, -80.569546 46.443169, -80.571727 46.443419, -80.573908 46.443670, -80.576089 46.443920, -80.578270 46.444171, -80.580451 46.444421, -80.582632 46.444672, -80.584813 46.444922, -80.586994 46.445172, -80.589175 46.445422, -80.591356 46.445672, -80.593537 46.445923, -80.595718 46.446173, -80.597899 46.446423, -80.600080 46.446673, -80.602261 46.446923, -80.604442 46.447173, -80.606623 46.447423, -80.608804 46.447672, -80.610986 46.447922, -80.613167 46.448172, -80.615348 46.448422, -80.617529 46.448671, -80.619711 46.448921, -80.621892 46.449171, -80.624073 46.449420, -80.626255 46.449670, -80.628436 46.449919, -80.630617 46.450169, -80.632799 46.450418, -80.634980 46.450667, -80.637161 46.450917, -80.639343 46.451166, -80.641524 46.451415, -80.643706 46.451664, -80.645887 46.451914, -80.648069 46.452163, -80.650251 46.452412, -80.652432 46.452661, -80.654614 46.452910, -80.656795 46.453159, -80.658977 46.453408, -80.661159 46.453656, -80.663340 46.453905, -80.665522 46.454154, -80.667704 46.454403, -80.669885 46.454652, -80.672067 46.454900, -80.674249 46.455149, -80.676431 46.455397, -80.678613 46.455646, -80.680794 46.455894, -80.682976 46.456143, -80.685158 46.456391, -80.687340 46.456640, -80.689522 46.456888, -80.691704 46.457136, -80.693886 46.457384, -80.696068 46.457633, -80.698250 46.457881, -80.700432 46.458129, -80.702614 46.458377, -80.704796 46.458625, -80.706978 46.458873, -80.709160 46.459121, -80.711342 46.459369, -80.713524 46.459617, -80.715706 46.459864, -80.717889 46.460112, -80.720071 46.460360, -80.722253 46.460608, -80.724435 46.460855, -80.726617 46.461103, -80.728800 46.461350, -80.730982 46.461598, -80.733164 46.461846, -80.735347 46.462093, -80.737529 46.462340, -80.739711 46.462588, -80.741894 46.462835, -80.744076 46.463082, -80.746259 46.463330, -80.748441 46.463577, -80.750623 46.463824, -80.752806 46.464071, -80.754988 46.464318, -80.757171 46.464565, -80.759354 46.464812, -80.761536 46.465059, -80.763719 46.465306, -80.765901 46.465553, -80.768084 46.465800, -80.770267 46.466046, -80.772449 46.466293, -80.774632 46.466540, -80.776815 46.466787, -80.778997 46.467033, -80.781180 46.467280, -80.783363 46.467526, -80.785546 46.467773, -80.787728 46.468019, -80.789911 46.468266, -80.792094 46.468512, -80.794277 46.468758, -80.796460 46.469005, -80.798643 46.469251, -80.800826 46.469497, -80.803009 46.469743, -80.805192 46.469989, -80.807375 46.470235, -80.809558 46.470481, -80.811741 46.470727, -80.813924 46.470973, -80.816107 46.471219, -80.818290 46.471465, -80.820473 46.471711, -80.822656 46.471957, -80.824839 46.472203, -80.827022 46.472448, -80.829206 46.472694, -80.831389 46.472939, -80.833572 46.473185, -80.835755 46.473431, -80.837938 46.473676, -80.840122 46.473922, -80.842305 46.474167, -80.844488 46.474412, -80.846672 46.474658, -80.848855 46.474903, -80.851038 46.475148, -80.853222 46.475393, -80.855405 46.475639, -80.857589 46.475884, -80.859772 46.476129, -80.861956 46.476374, -80.864139 46.476619, -80.866323 46.476864, -80.868506 46.477109, -80.870690 46.477354, -80.872873 46.477598, -80.875057 46.477843, -80.877240 46.478088, -80.879424 46.478333, -80.881608 46.478577, -80.883791 46.478822, -80.885975 46.479066, -80.888159 46.479311, -80.890343 46.479556, -80.892526 46.479800, -80.894710 46.480044, -80.896894 46.480289, -80.899078 46.480533, -80.901262 46.480777, -80.903445 46.481022, -80.905629 46.481266, -80.907813 46.481510, -80.909997 46.481754, -80.912181 46.481998, -80.914365 46.482242, -80.916549 46.482486, -80.918733 46.482730, -80.920917 46.482974, -80.923101 46.483218, -80.925285 46.483462, -80.927469 46.483706, -80.929653 46.483949, -80.931837 46.484193, -80.934021 46.484437, -80.936205 46.484680, -80.938390 46.484924, -80.940574 46.485167, -80.942758 46.485411, -80.944942 46.485654, -80.947126 46.485898, -80.949311 46.486141, -80.951495 46.486385, -80.953679 46.486628, -80.955864 46.486871, -80.958048 46.487114, -80.960232 46.487357, -80.962417 46.487601, -80.964601 46.487844, -80.966785 46.488087, -80.968970 46.488330, -80.971154 46.488573, -80.973339 46.488816, -80.975523 46.489058, -80.977708 46.489301, -80.979892 46.489544, -80.982077 46.489787, -80.984262 46.490030, -80.986446 46.490272, -80.988631 46.490515, -80.990815 46.490757, -80.993000 46.491000), (-79.381000 43.645000, -79.381354 43.645862, -79.381709 43.646723, -79.382063 43.647585, -79.382417 43.648446, -79.382772 43.649308, -79.383126 43.650170, -79.383481 43.651031, -79.383835 43.651893, -79.384189 43.652754, -79.384544 43.653616, -79.384898 43.654477, -79.385253 43.655339, -79.385607 43.656201, -79.385962 43.657062, -79.386316 43.657924, -79.386671 43.658785, -79.387025 43.659647, -79.387380 43.660508, -79.387734 43.661370, -79.388089 43.662232, -79.388443 43.663093, -79.388798 43.663955, -79.389152 43.664816, -79.389507 43.665678, -79.389861 43.666539, -79.390216 43.667401, -79.390571 43.668263, -79.390925 43.669124, -79.391280 43.669986, -79.391635 43.670847, -79.391989 43.671709, -79.392344 43.672570, -79.392698 43.673432, -79.393053 43.674293, -79.393408 43.675155, -79.393763 43.676017, -79.394117 43.676878, -79.394472 43.677740, -79.394827 43.678601, -79.395181 43.679463, -79.395536 43.680324, -79.395891 43.681186, -79.396246 43.682047, -79.396600 43.682909, -79.396955 43.683771, -79.397310 43.684632, -79.397665 43.685494, -79.398020 43.686355, -79.398374 43.687217, -79.398729 43.688078, -79.399084 43.688940, -79.399439 43.689801, -79.399794 43.690663, -79.400149 43.691524, -79.400504 43.692386, -79.400859 43.693247, -79.401213 43.694109, -79.401568 43.694970, -79.401923 43.695832, -79.402278 43.696694, -79.402633 43.697555, -79.402988 43.698417, -79.403343 43.699278, -79.403698 43.700140, -79.404053 43.701001, -79.404408 43.701863, -79.404763 43.702724, -79.405118 43.703586, -79.405473 43.704447, -79.405828 43.705309, -79.406183 43.706170, -79.406538 43.707032, -79.406893 43.707893, -79.407248 43.708755, -79.407603 43.709616, -79.407959 43.710478, -79.408314 43.711339, -79.408669 43.712201, -79.409024 43.713062, -79.409379 43.713924, -79.409734 43.714785, -79.410089 43.715647, -79.410445 43.716508, -79.410800 43.717370, -79.411155 43.718231, -79.411510 43.719093, -79.411865 43.719954, -79.412221 43.720816, -79.412576 43.721677, -79.412931 43.722539, -79.413286 43.723400, -79.413642 43.724262, -79.413997 43.725123, -79.414352 43.725985, -79.414707 43.726846, -79.415063 43.727708, -79.415418 43.728569, -79.415773 43.729431, -79.416129 43.730292, -79.416484 43.731154, -79.416839 43.732015, -79.417195 43.732877, -79.417550 43.733738, -79.417906 43.734600, -79.418261 43.735461, -79.418616 43.736323, -79.418972 43.737184, -79.419327 43.738046, -79.419683 43.738907, -79.420038 43.739768, -79.420394 43.740630, -79.420749 43.741491, -79.421104 43.742353, -79.421460 43.743214, -79.421815 43.744076, -79.422171 43.744937, -79.422527 43.745799, -79.422882 43.746660, -79.423238 43.747522, -79.423593 43.748383, -79.423949 43.749245, -79.424304 43.750106, -79.424660 43.750968, -79.425015 43.751829, -79.425371 43.752690, -79.425727 43.753552, -79.426082 43.754413, -79.426438 43.755275, -79.426794 43.756136, -79.427149 43.756998, -79.427505 43.757859, -79.427861 43.758721, -79.428216 43.759582, -79.428572 43.760443, -79.428928 43.761305, -79.429283 43.762166, -79.429639 43.763028, -79.429995 43.763889, -79.430351 43.764751, -79.430706 43.765612, -79.431062 43.766474, -79.431418 43.767335, -79.431774 43.768196, -79.432129 43.769058, -79.432485 43.769919, -79.432841 43.770781, -79.433197 43.771642, -79.433553 43.772504, -79.433909 43.773365, -79.434264 43.774226, -79.434620 43.775088, -79.434976 43.775949, -79.435332 43.776811, -79.435688 43.777672, -79.436044 43.778534, -79.436400 43.779395, -79.436756 43.780256, -79.437112 43.781118, -79.437468 43.781979, -79.437824 43.782841, -79.438180 43.783702, -79.438536 43.784564, -79.438891 43.785425, -79.439247 43.786286, -79.439604 43.787148, -79.439960 43.788009, -79.440316 43.788871, -79.440672 43.789732, -79.441028 43.790593, -79.441384 43.791455, -79.441740 43.792316, -79.442096 43.793178, -79.442452 43.794039, -79.442808 43.794900, -79.443164 43.795762, -79.443520 43.796623, -79.443876 43.797485, -79.444233 43.798346, -79.444589 43.799207, -79.444945 43.800069, -79.445301 43.800930, -79.445657 43.801792, -79.446013 43.802653, -79.446370 43.803514, -79.446726 43.804376, -79.447082 43.805237, -79.447438 43.806099, -79.447795 43.806960, -79.448151 43.807821, -79.448507 43.808683, -79.448863 43.809544, -79.449220 43.810405, -79.449576 43.811267, -79.449932 43.812128, -79.450289 43.812990, -79.450645 43.813851, -79.451001 43.814712, -79.451358 43.815574, -79.451714 43.816435, -79.452070 43.817296, -79.452427 43.818158, -79.452783 43.819019, -79.453140 43.819881, -79.453496 43.820742, -79.453852 43.821603, -79.454209 43.822465, -79.454565 43.823326, -79.454922 43.824187, -79.455278 43.825049, -79.455635 43.825910, -79.455991 43.826771, -79.456348 43.827633, -79.456704 43.828494, -79.457061 43.829356, -79.457417 43.830217, -79.457774 43.831078, -79.458130 43.831940, -79.458487 43.832801, -79.458843 43.833662, -79.459200 43.834524, -79.459557 43.835385, -79.459913 43.836246, -79.460270 43.837108, -79.460626 43.837969, -79.460983 43.838830, -79.461340 43.839692, -79.461696 43.840553, -79.462053 43.841414, -79.462410 43.842276, -79.462766 43.843137, -79.463123 43.843998, -79.463480 43.844860, -79.463836 43.845721, -79.464193 43.846582, -79.464550 43.847444, -79.464907 43.848305, -79.465263 43.849166, -79.465620 43.850028, -79.465977 43.850889, -79.466334 43.851750, -79.466690 43.852612, -79.467047 43.853473, -79.467404 43.854334, -79.467761 43.855196, -79.468118 43.856057, -79.468475 43.856918, -79.468831 43.857780, -79.469188 43.858641, -79.469545 43.859502, -79.469902 43.860364, -79.470259 43.861225, -79.470616 43.862086, -79.470973 43.862948, -79.471330 43.863809, -79.471687 43.864670, -79.472044 43.865532, -79.472401 43.866393, -79.472758 43.867254, -79.473114 43.868115, -79.473471 43.868977, -79.473828 43.869838, -79.474185 43.870699, -79.474542 43.871561, -79.474900 43.872422, -79.475257 43.873283, -79.475614 43.874145, -79.475971 43.875006, -79.476328 43.875867, -79.476685 43.876728, -79.477042 43.877590, -79.477399 43.878451, -79.477756 43.879312, -79.478113 43.880174, -79.478470 43.881035, -79.478828 43.881896, -79.479185 43.882757, -79.479542 43.883619, -79.479899 43.884480, -79.480256 43.885341, -79.480613 43.886203, -79.480971 43.887064, -79.481328 43.887925, -79.481685 43.888786, -79.482042 43.889648, -79.482400 43.890509, -79.482757 43.891370, -79.483114 43.892232, -79.483471 43.893093, -79.483829 43.893954, -79.484186 43.894815, -79.484543 43.895677, -79.484901 43.896538, -79.485258 43.897399, -79.485615 43.898260, -79.485973 43.899122, -79.486330 43.899983, -79.486687 43.900844, -79.487045 43.901706, -79.487402 43.902567, -79.487759 43.903428, -79.488117 43.904289, -79.488474 43.905151, -79.488832 43.906012, -79.489189 43.906873, -79.489547 43.907734, -79.489904 43.908596, -79.490262 43.909457, -79.490619 43.910318, -79.490977 43.911179, -79.491334 43.912041, -79.491692 43.912902, -79.492049 43.913763, -79.492407 43.914624, -79.492764 43.915486, -79.493122 43.916347, -79.493479 43.917208, -79.493837 43.918069, -79.494195 43.918931, -79.494552 43.919792, -79.494910 43.920653, -79.495267 43.921514, -79.495625 43.922376, -79.495983 43.923237, -79.496340 43.924098, -79.496698 43.924959, -79.497056 43.925820, -79.497413 43.926682, -79.497771 43.927543, -79.498129 43.928404, -79.498486 43.929265, -79.498844 43.930127, -79.499202 43.930988, -79.499560 43.931849, -79.499917 43.932710, -79.500275 43.933572, -79.500633 43.934433, -79.500991 43.935294, -79.501348 43.936155, -79.501706 43.937016, -79.502064 43.937878, -79.502422 43.938739, -79.502780 43.939600, -79.503138 43.940461, -79.503495 43.941322, -79.503853 43.942184, -79.504211 43.943045, -79.504569 43.943906, -79.504927 43.944767, -79.505285 43.945629, -79.505643 43.946490, -79.506001 43.947351, -79.506359 43.948212, -79.506717 43.949073, -79.507075 43.949935, -79.507433 43.950796, -79.507791 43.951657, -79.508149 43.952518, -79.508507 43.953379, -79.508865 43.954241, -79.509223 43.955102, -79.509581 43.955963, -79.509939 43.956824, -79.510297 43.957685, -79.510655 43.958546, -79.511013 43.959408, -79.511371 43.960269, -79.511729 43.961130, -79.512087 43.961991, -79.512445 43.962852, -79.512803 43.963714, -79.513162 43.964575, -79.513520 43.965436, -79.513878 43.966297, -79.514236 43.967158, -79.514594 43.968019, -79.514952 43.968881, -79.515311 43.969742, -79.515669 43.970603, -79.516027 43.971464, -79.516385 43.972325, -79.516743 43.973187, -79.517102 43.974048, -79.517460 43.974909, -79.517818 43.975770, -79.518177 43.976631, -79.518535 43.977492, -79.518893 43.978354, -79.519251 43.979215, -79.519610 43.980076, -79.519968 43.980937, -79.520326 43.981798, -79.520685 43.982659, -79.521043 43.983520, -79.521402 43.984382, -79.521760 43.985243, -79.522118 43.986104, -79.522477 43.986965, -79.522835 43.987826, -79.523194 43.988687, -79.523552 43.989549, -79.523910 43.990410, -79.524269 43.991271, -79.524627 43.992132, -79.524986 43.992993, -79.525344 43.993854, -79.525703 43.994715, -79.526061 43.995577, -79.526420 43.996438, -79.526778 43.997299, -79.527137 43.998160, -79.527496 43.999021, -79.527854 43.999882, -79.528213 44.000743, -79.528571 44.001605, -79.528930 44.002466, -79.529288 44.003327, -79.529647 44.004188, -79.530006 44.005049, -79.530364 44.005910, -79.530723 44.006771, -79.531082 44.007632, -79.531440 44.008494, -79.531799 44.009355, -79.532158 44.010216, -79.532516 44.011077, -79.532875 44.011938, -79.533234 44.012799, -79.533593 44.013660, -79.533951 44.014521, -79.534310 44.015383, -79.534669 44.016244, -79.535028 44.017105, -79.535386 44.017966, -79.535745 44.018827, -79.536104 44.019688, -79.536463 44.020549, -79.536822 44.021410, -79.537180 44.022271, -79.537539 44.023133, -79.537898 44.023994, -79.538257 44.024855, -79.538616 44.025716, -79.538975 44.026577, -79.539334 44.027438, -79.539693 44.028299, -79.540051 44.029160, -79.540410 44.030021, -79.540769 44.030882, -79.541128 44.031744, -79.541487 44.032605, -79.541846 44.033466, -79.542205 44.034327, -79.542564 44.035188, -79.542923 44.036049, -79.543282 44.036910, -79.543641 44.037771, -79.544000 44.038632, -79.544359 44.039493, -79.544718 44.040354, -79.545077 44.041215, -79.545437 44.042077, -79.545796 44.042938, -79.546155 44.043799, -79.546514 44.044660, -79.546873 44.045521, -79.547232 44.046382, -79.547591 44.047243, -79.547950 44.048104, -79.548309 44.048965, -79.548669 44.049826, -79.549028 44.050687, -79.549387 44.051548, -79.549746 44.052409, -79.550105 44.053271, -79.550465 44.054132, -79.550824 44.054993, -79.551183 44.055854, -79.551542 44.056715, -79.551902 44.057576, -79.552261 44.058437, -79.552620 44.059298, -79.552979 44.060159, -79.553339 44.061020, -79.553698 44.061881, -79.554057 44.062742, -79.554417 44.063603, -79.554776 44.064464, -79.555135 44.065325, -79.555495 44.066186, -79.555854 44.067047, -79.556214 44.067908, -79.556573 44.068770, -79.556932 44.069631, -79.557292 44.070492, -79.557651 44.071353, -79.558011 44.072214, -79.558370 44.073075, -79.558730 44.073936, -79.559089 44.074797, -79.559449 44.075658, -79.559808 44.076519, -79.560168 44.077380, -79.560527 44.078241, -79.560887 44.079102, -79.561246 44.079963, -79.561606 44.080824, -79.561965 44.081685, -79.562325 44.082546, -79.562684 44.083407, -79.563044 44.084268, -79.563404 44.085129, -79.563763 44.085990, -79.564123 44.086851, -79.564482 44.087712, -79.564842 44.088573, -79.565202 44.089434, -79.565561 44.090295, -79.565921 44.091156, -79.566281 44.092017, -79.566640 44.092878, -79.567000 44.093739, -79.567360 44.094600, -79.567720 44.095461, -79.568079 44.096322, -79.568439 44.097183, -79.568799 44.098044, -79.569159 44.098905, -79.569518 44.099766, -79.569878 44.100627, -79.570238 44.101488, -79.570598 44.102349, -79.570958 44.103210, -79.571317 44.104071, -79.571677 44.104932, -79.572037 44.105793, -79.572397 44.106654, -79.572757 44.107515, -79.573117 44.108376, -79.573477 44.109237, -79.573836 44.110098, -79.574196 44.110959, -79.574556 44.111820, -79.574916 44.112681, -79.575276 44.113542, -79.575636 44.114403, -79.575996 44.115264, -79.576356 44.116125, -79.576716 44.116986, -79.577076 44.117847, -79.577436 44.118708, -79.577796 44.119569, -79.578156 44.120430, -79.578516 44.121291, -79.578876 44.122152, -79.579236 44.123013, -79.579596 44.123874, -79.579956 44.124735, -79.580316 44.125596, -79.580677 44.126457, -79.581037 44.127318, -79.581397 44.128179, -79.581757 44.129040, -79.582117 44.129901, -79.582477 44.130762, -79.582837 44.131623, -79.583198 44.132484, -79.583558 44.133345, -79.583918 44.134206, -79.584278 44.135067, -79.584638 44.135928, -79.584999 44.136789, -79.585359 44.137650, -79.585719 44.138511, -79.586079 44.139371, -79.586440 44.140232, -79.586800 44.141093, -79.587160 44.141954, -79.587520 44.142815, -79.587881 44.143676, -79.588241 44.144537, -79.588601 44.145398, -79.588962 44.146259, -79.589322 44.147120, -79.589682 44.147981, -79.590043 44.148842, -79.590403 44.149703, -79.590764 44.150564, -79.591124 44.151425, -79.591484 44.152286, -79.591845 44.153147, -79.592205 44.154008, -79.592566 44.154868, -79.592926 44.155729, -79.593287 44.156590, -79.593647 44.157451, -79.594008 44.158312, -79.594368 44.159173, -79.594729 44.160034, -79.595089 44.160895, -79.595450 44.161756, -79.595810 44.162617, -79.596171 44.163478, -79.596531 44.164339, -79.596892 44.165200, -79.597253 44.166060, -79.597613 44.166921, -79.597974 44.167782, -79.598334 44.168643, -79.598695 44.169504, -79.599056 44.170365, -79.599416 44.171226, -79.599777 44.172087, -79.600138 44.172948, -79.600498 44.173809, -79.600859 44.174670, -79.601220 44.175531, -79.601580 44.176391, -79.601941 44.177252, -79.602302 44.178113, -79.602663 44.178974, -79.603023 44.179835, -79.603384 44.180696, -79.603745 44.181557, -79.604106 44.182418, -79.604466 44.183279, -79.604827 44.184140, -79.605188 44.185000, -79.605549 44.185861, -79.605910 44.186722, -79.606271 44.187583, -79.606631 44.188444, -79.606992 44.189305, -79.607353 44.190166, -79.607714 44.191027, -79.608075 44.191888, -79.608436 44.192748, -79.608797 44.193609, -79.609158 44.194470, -79.609519 44.195331, -79.609880 44.196192, -79.610241 44.197053, -79.610602 44.197914, -79.610963 44.198775, -79.611324 44.199635, -79.611685 44.200496, -79.612046 44.201357, -79.612407 44.202218, -79.612768 44.203079, -79.613129 44.203940, -79.613490 44.204801, -79.613851 44.205662, -79.614212 44.206522, -79.614573 44.207383, -79.614934 44.208244, -79.615295 44.209105, -79.615656 44.209966, -79.616017 44.210827, -79.616379 44.211688, -79.616740 44.212548, -79.617101 44.213409, -79.617462 44.214270, -79.617823 44.215131, -79.618184 44.215992, -79.618546 44.216853, -79.618907 44.217714, -79.619268 44.218574, -79.619629 44.219435, -79.619991 44.220296, -79.620352 44.221157, -79.620713 44.222018, -79.621074 44.222879, -79.621436 44.223739, -79.621797 44.224600, -79.622158 44.225461, -79.622520 44.226322, -79.622881 44.227183, -79.623242 44.228044, -79.623604 44.228904, -79.623965 44.229765, -79.624326 44.230626, -79.624688 44.231487, -79.625049 44.232348, -79.625411 44.233209, -79.625772 44.234069, -79.626133 44.234930, -79.626495 44.235791, -79.626856 44.236652, -79.627218 44.237513, -79.627579 44.238374, -79.627941 44.239234, -79.628302 44.240095, -79.628664 44.240956, -79.629025 44.241817, -79.629387 44.242678, -79.629748 44.243539, -79.630110 44.244399, -79.630471 44.245260, -79.630833 44.246121, -79.631195 44.246982, -79.631556 44.247843, -79.631918 44.248703, -79.632279 44.249564, -79.632641 44.250425, -79.633003 44.251286, -79.633364 44.252147, -79.633726 44.253007, -79.634088 44.253868, -79.634449 44.254729, -79.634811 44.255590, -79.635173 44.256451, -79.635534 44.257311, -79.635896 44.258172, -79.636258 44.259033, -79.636619 44.259894, -79.636981 44.260755, -79.637343 44.261615, -79.637705 44.262476, -79.638066 44.263337, -79.638428 44.264198, -79.638790 44.265059, -79.639152 44.265919, -79.639514 44.266780, -79.639876 44.267641, -79.640237 44.268502, -79.640599 44.269362, -79.640961 44.270223, -79.641323 44.271084, -79.641685 44.271945, -79.642047 44.272806, -79.642409 44.273666, -79.642771 44.274527, -79.643132 44.275388, -79.643494 44.276249, -79.643856 44.277109, -79.644218 44.277970, -79.644580 44.278831, -79.644942 44.279692, -79.645304 44.280553, -79.645666 44.281413, -79.646028 44.282274, -79.646390 44.283135, -79.646752 44.283996, -79.647114 44.284856, -79.647476 44.285717, -79.647838 44.286578, -79.648201 44.287439, -79.648563 44.288299, -79.648925 44.289160, -79.649287 44.290021, -79.649649 44.290882, -79.650011 44.291742, -79.650373 44.292603, -79.650735 44.293464, -79.651098 44.294325, -79.651460 44.295185, -79.651822 44.296046, -79.652184 44.296907, -79.652546 44.297768, -79.652908 44.298628, -79.653271 44.299489, -79.653633 44.300350, -79.653995 44.301211, -79.654357 44.302071, -79.654720 44.302932, -79.655082 44.303793, -79.655444 44.304654, -79.655807 44.305514, -79.656169 44.306375, -79.656531 44.307236, -79.656894 44.308096, -79.657256 44.308957, -79.657618 44.309818, -79.657981 44.310679, -79.658343 44.311539, -79.658705 44.312400, -79.659068 44.313261, -79.659430 44.314122, -79.659793 44.314982, -79.660155 44.315843, -79.660517 44.316704, -79.660880 44.317564, -79.661242 44.318425, -79.661605 44.319286, -79.661967 44.320147, -79.662330 44.321007, -79.662692 44.321868, -79.663055 44.322729, -79.663417 44.323589, -79.663780 44.324450, -79.664142 44.325311, -79.664505 44.326172, -79.664867 44.327032, -79.665230 44.327893, -79.665593 44.328754, -79.665955 44.329614, -79.666318 44.330475, -79.666680 44.331336, -79.667043 44.332196, -79.667406 44.333057, -79.667768 44.333918, -79.668131 44.334779, -79.668494 44.335639, -79.668856 44.336500, -79.669219 44.337361, -79.669582 44.338221, -79.669944 44.339082, -79.670307 44.339943, -79.670670 44.340803, -79.671033 44.341664, -79.671395 44.342525, -79.671758 44.343385, -79.672121 44.344246, -79.672484 44.345107, -79.672847 44.345967, -79.673209 44.346828, -79.673572 44.347689, -79.673935 44.348549, -79.674298 44.349410, -79.674661 44.350271, -79.675024 44.351132, -79.675386 44.351992, -79.675749 44.352853, -79.676112 44.353714, -79.676475 44.354574, -79.676838 44.355435, -79.677201 44.356296, -79.677564 44.357156, -79.677927 44.358017, -79.678290 44.358878, -79.678653 44.359738, -79.679016 44.360599, -79.679379 44.361460, -79.679742 44.362320, -79.680105 44.363181, -79.680468 44.364041, -79.680831 44.364902, -79.681194 44.365763, -79.681557 44.366623, -79.681920 44.367484, -79.682283 44.368345, -79.682646 44.369205, -79.683009 44.370066, -79.683372 44.370927, -79.683735 44.371787, -79.684099 44.372648, -79.684462 44.373509, -79.684825 44.374369, -79.685188 44.375230, -79.685551 44.376091, -79.685914 44.376951, -79.686278 44.377812, -79.686641 44.378672, -79.687004 44.379533, -79.687367 44.380394, -79.687730 44.381254, -79.688094 44.382115, -79.688457 44.382976, -79.688820 44.383836, -79.689183 44.384697, -79.689547 44.385558, -79.689910 44.386418, -79.690273 44.387279, -79.690637 44.388139, -79.691000 44.389000, -79.691308 44.389871, -79.691615 44.390743, -79.691923 44.391614, -79.692230 44.392485, -79.692538 44.393357, -79.692846 44.394228, -79.693153 44.395100, -79.693461 44.395971, -79.693769 44.396842, -79.694076 44.397714, -79.694384 44.398585, -79.694692 44.399456, -79.694999 44.400328, -79.695307 44.401199, -79.695615 44.402071, -79.695922 44.402942, -79.696230 44.403813, -79.696538 44.404685, -79.696846 44.405556, -79.697153 44.406427, -79.697461 44.407299, -79.697769 44.408170, -79.698077 44.409041, -79.698385 44.409913, -79.698692 44.410784, -79.699000 44.411655, -79.699308 44.412527, -79.699616 44.413398, -79.699924 44.414269, -79.700231 44.415141, -79.700539 44.416012, -79.700847 44.416884, -79.701155 44.417755, -79.701463 44.418626, -79.701771 44.419498, -79.702079 44.420369, -79.702387 44.421240, -79.702695 44.422112, -79.703003 44.422983, -79.703310 44.423854, -79.703618 44.424726, -79.703926 44.425597, -79.704234 44.426468, -79.704542 44.427340, -79.704850 44.428211, -79.705158 44.429082, -79.705466 44.429954, -79.705774 44.430825, -79.706082 44.431696, -79.706390 44.432568, -79.706698 44.433439, -79.707006 44.434310, -79.707315 44.435182, -79.707623 44.436053, -79.707931 44.436924, -79.708239 44.437796, -79.708547 44.438667, -79.708855 44.439538, -79.709163 44.440410, -79.709471 44.441281, -79.709779 44.442152, -79.710088 44.443024, -79.710396 44.443895, -79.710704 44.444766, -79.711012 44.445638, -79.711320 44.446509, -79.711628 44.447380, -79.711937 44.448251, -79.712245 44.449123, -79.712553 44.449994, -79.712861 44.450865, -79.713169 44.451737, -79.713478 44.452608, -79.713786 44.453479, -79.714094 44.454351, -79.714402 44.455222, -79.714711 44.456093, -79.715019 44.456965, -79.715327 44.457836, -79.715636 44.458707, -79.715944 44.459579, -79.716252 44.460450, -79.716561 44.461321, -79.716869 44.462192, -79.717177 44.463064, -79.717486 44.463935, -79.717794 44.464806, -79.718102 44.465678, -79.718411 44.466549, -79.718719 44.467420, -79.719028 44.468292, -79.719336 44.469163, -79.719644 44.470034, -79.719953 44.470905, -79.720261 44.471777, -79.720570 44.472648, -79.720878 44.473519, -79.721187 44.474391, -79.721495 44.475262, -79.721804 44.476133, -79.722112 44.477004, -79.722421 44.477876, -79.722729 44.478747, -79.723038 44.479618, -79.723346 44.480490, -79.723655 44.481361, -79.723963 44.482232, -79.724272 44.483103, -79.724581 44.483975, -79.724889 44.484846, -79.725198 44.485717, -79.725506 44.486589, -79.725815 44.487460, -79.726124 44.488331, -79.726432 44.489202, -79.726741 44.490074, -79.727050 44.490945, -79.727358 44.491816, -79.727667 44.492688, -79.727976 44.493559, -79.728284 44.494430, -79.728593 44.495301, -79.728902 44.496173, -79.729210 44.497044, -79.729519 44.497915, -79.729828 44.498786, -79.730137 44.499658, -79.730445 44.500529, -79.730754 44.501400, -79.731063 44.502272, -79.731372 44.503143, -79.731680 44.504014, -79.731989 44.504885, -79.732298 44.505757, -79.732607 44.506628, -79.732916 44.507499, -79.733224 44.508370, -79.733533 44.509242, -79.733842 44.510113, -79.734151 44.510984, -79.734460 44.511855, -79.734769 44.512727, -79.735078 44.513598, -79.735387 44.514469, -79.735695 44.515340, -79.736004 44.516212, -79.736313 44.517083, -79.736622 44.517954, -79.736931 44.518825, -79.737240 44.519697, -79.737549 44.520568, -79.737858 44.521439, -79.738167 44.522310, -79.738476 44.523182, -79.738785 44.524053, -79.739094 44.524924, -79.739403 44.525795, -79.739712 44.526667, -79.740021 44.527538, -79.740330 44.528409, -79.740639 44.529280, -79.740948 44.530152, -79.741257 44.531023, -79.741566 44.531894, -79.741876 44.532765, -79.742185 44.533637, -79.742494 44.534508, -79.742803 44.535379, -79.743112 44.536250, -79.743421 44.537121, -79.743730 44.537993, -79.744039 44.538864, -79.744349 44.539735, -79.744658 44.540606, -79.744967 44.541478, -79.745276 44.542349, -79.745585 44.543220, -79.745895 44.544091, -79.746204 44.544963, -79.746513 44.545834, -79.746822 44.546705, -79.747132 44.547576, -79.747441 44.548447, -79.747750 44.549319, -79.748059 44.550190, -79.748369 44.551061, -79.748678 44.551932, -79.748987 44.552804, -79.749297 44.553675, -79.749606 44.554546, -79.749915 44.555417, -79.750225 44.556288, -79.750534 44.557160, -79.750843 44.558031, -79.751153 44.558902, -79.751462 44.559773, -79.751771 44.560644, -79.752081 44.561516, -79.752390 44.562387, -79.752700 44.563258, -79.753009 44.564129, -79.753318 44.565000, -79.753628 44.565872, -79.753937 44.566743, -79.754247 44.567614, -79.754556 44.568485, -79.754866 44.569357, -79.755175 44.570228, -79.755485 44.571099, -79.755794 44.571970, -79.756104 44.572841, -79.756413 44.573713, -79.756723 44.574584, -79.757032 44.575455, -79.757342 44.576326, -79.757652 44.577197, -79.757961 44.578068, -79.758271 44.578940, -79.758580 44.579811, -79.758890 44.580682, -79.759200 44.581553, -79.759509 44.582424, -79.759819 44.583296, -79.760128 44.584167, -79.760438 44.585038, -79.760748 44.585909, -79.761057 44.586780, -79.761367 44.587652, -79.761677 44.588523, -79.761986 44.589394, -79.762296 44.590265, -79.762606 44.591136, -79.762916 44.592007, -79.763225 44.592879, -79.763535 44.593750, -79.763845 44.594621, -79.764155 44.595492, -79.764464 44.596363, -79.764774 44.597235, -79.765084 44.598106, -79.765394 44.598977, -79.765703 44.599848, -79.766013 44.600719, -79.766323 44.601590, -79.766633 44.602462, -79.766943 44.603333, -79.767253 44.604204, -79.767563 44.605075, -79.767872 44.605946, -79.768182 44.606817, -79.768492 44.607689, -79.768802 44.608560, -79.769112 44.609431, -79.769422 44.610302, -79.769732 44.611173, -79.770042 44.612044, -79.770352 44.612916, -79.770662 44.613787, -79.770972 44.614658, -79.771282 44.615529, -79.771592 44.616400, -79.771902 44.617271, -79.772212 44.618142, -79.772522 44.619014, -79.772832 44.619885, -79.773142 44.620756, -79.773452 44.621627, -79.773762 44.622498, -79.774072 44.623369, -79.774382 44.624241, -79.774692 44.625112, -79.775002 44.625983, -79.775312 44.626854, -79.775622 44.627725, -79.775932 44.628596, -79.776242 44.629467, -79.776553 44.630339, -79.776863 44.631210, -79.777173 44.632081, -79.777483 44.632952, -79.777793 44.633823, -79.778103 44.634694, -79.778414 44.635565, -79.778724 44.636437, -79.779034 44.637308, -79.779344 44.638179, -79.779654 44.639050, -79.779965 44.639921, -79.780275 44.640792, -79.780585 44.641663, -79.780895 44.642534, -79.781206 44.643406, -79.781516 44.644277, -79.781826 44.645148, -79.782137 44.646019, -79.782447 44.646890, -79.782757 44.647761, -79.783067 44.648632, -79.783378 44.649503, -79.783688 44.650375, -79.783999 44.651246, -79.784309 44.652117, -79.784619 44.652988, -79.784930 44.653859, -79.785240 44.654730, -79.785550 44.655601, -79.785861 44.656472, -79.786171 44.657344, -79.786482 44.658215, -79.786792 44.659086, -79.787103 44.659957, -79.787413 44.660828, -79.787724 44.661699, -79.788034 44.662570, -79.788344 44.663441, -79.788655 44.664312, -79.788965 44.665184, -79.789276 44.666055, -79.789587 44.666926, -79.789897 44.667797, -79.790208 44.668668, -79.790518 44.669539, -79.790829 44.670410, -79.791139 44.671281, -79.791450 44.672152, -79.791760 44.673024, -79.792071 44.673895, -79.792382 44.674766, -79.792692 44.675637, -79.793003 44.676508, -79.793314 44.677379, -79.793624 44.678250, -79.793935 44.679121, -79.794245 44.679992, -79.794556 44.680863, -79.794867 44.681735, -79.795178 44.682606, -79.795488 44.683477, -79.795799 44.684348, -79.796110 44.685219, -79.796420 44.686090, -79.796731 44.686961, -79.797042 44.687832, -79.797353 44.688703, -79.797663 44.689574, -79.797974 44.690445, -79.798285 44.691316, -79.798596 44.692188, -79.798907 44.693059, -79.799217 44.693930, -79.799528 44.694801, -79.799839 44.695672, -79.800150 44.696543, -79.800461 44.697414, -79.800772 44.698285, -79.801082 44.699156, -79.801393 44.700027, -79.801704 44.700898, -79.802015 44.701769, -79.802326 44.702641, -79.802637 44.703512, -79.802948 44.704383, -79.803259 44.705254, -79.803570 44.706125, -79.803881 44.706996, -79.804192 44.707867, -79.804503 44.708738, -79.804814 44.709609, -79.805125 44.710480, -79.805436 44.711351, -79.805747 44.712222, -79.806058 44.713093, -79.806369 44.713964, -79.806680 44.714835, -79.806991 44.715707, -79.807302 44.716578, -79.807613 44.717449, -79.807924 44.718320, -79.808235 44.719191, -79.808546 44.720062, -79.808857 44.720933, -79.809168 44.721804, -79.809479 44.722675, -79.809791 44.723546, -79.810102 44.724417, -79.810413 44.725288, -79.810724 44.726159, -79.811035 44.727030, -79.811346 44.727901, -79.811658 44.728772, -79.811969 44.729643, -79.812280 44.730514, -79.812591 44.731385, -79.812902 44.732256, -79.813214 44.733128, -79.813525 44.733999, -79.813836 44.734870, -79.814147 44.735741, -79.814459 44.736612, -79.814770 44.737483, -79.815081 44.738354, -79.815393 44.739225, -79.815704 44.740096, -79.816015 44.740967, -79.816326 44.741838, -79.816638 44.742709, -79.816949 44.743580, -79.817261 44.744451, -79.817572 44.745322, -79.817883 44.746193, -79.818195 44.747064, -79.818506 44.747935, -79.818817 44.748806, -79.819129 44.749677, -79.819440 44.750548, -79.819752 44.751419, -79.820063 44.752290, -79.820375 44.753161, -79.820686 44.754032, -79.820998 44.754903, -79.821309 44.755774, -79.821621 44.756645, -79.821932 44.757516, -79.822244 44.758387, -79.822555 44.759258, -79.822867 44.760129, -79.823178 44.761000, -79.823490 44.761872, -79.823801 44.762743, -79.824113 44.763614, -79.824424 44.764485, -79.824736 44.765356, -79.825047 44.766227, -79.825359 44.767098, -79.825671 44.767969, -79.825982 44.768840, -79.826294 44.769711, -79.826606 44.770582, -79.826917 44.771453, -79.827229 44.772324, -79.827541 44.773195, -79.827852 44.774066, -79.828164 44.774937, -79.828476 44.775808, -79.828787 44.776679, -79.829099 44.777550, -79.829411 44.778421, -79.829722 44.779292, -79.830034 44.780163, -79.830346 44.781034, -79.830658 44.781905, -79.830969 44.782776, -79.831281 44.783647, -79.831593 44.784518, -79.831905 44.785389, -79.832217 44.786260, -79.832528 44.787131, -79.832840 44.788002, -79.833152 44.788873, -79.833464 44.789744, -79.833776 44.790615, -79.834088 44.791486, -79.834400 44.792357, -79.834711 44.793228, -79.835023 44.794099, -79.835335 44.794969, -79.835647 44.795840, -79.835959 44.796711, -79.836271 44.797582, -79.836583 44.798453, -79.836895 44.799324, -79.837207 44.800195, -79.837519 44.801066, -79.837831 44.801937, -79.838143 44.802808, -79.838455 44.803679, -79.838767 44.804550, -79.839079 44.805421, -79.839391 44.806292, -79.839703 44.807163, -79.840015 44.808034, -79.840327 44.808905, -79.840639 44.809776, -79.840951 44.810647, -79.841263 44.811518, -79.841575 44.812389, -79.841887 44.813260, -79.842199 44.814131, -79.842512 44.815002, -79.842824 44.815873, -79.843136 44.816744, -79.843448 44.817615, -79.843760 44.818486, -79.844072 44.819357, -79.844384 44.820228, -79.844697 44.821099, -79.845009 44.821970, -79.845321 44.822841, -79.845633 44.823711, -79.845946 44.824582, -79.846258 44.825453, -79.846570 44.826324, -79.846882 44.827195, -79.847194 44.828066, -79.847507 44.828937, -79.847819 44.829808, -79.848131 44.830679, -79.848444 44.831550, -79.848756 44.832421, -79.849068 44.833292, -79.849381 44.834163, -79.849693 44.835034, -79.850005 44.835905, -79.850318 44.836776, -79.850630 44.837647, -79.850942 44.838518, -79.851255 44.839389, -79.851567 44.840259, -79.851880 44.841130, -79.852192 44.842001, -79.852504 44.842872, -79.852817 44.843743, -79.853129 44.844614, -79.853442 44.845485, -79.853754 44.846356, -79.854067 44.847227, -79.854379 44.848098, -79.854692 44.848969, -79.855004 44.849840, -79.855317 44.850711, -79.855629 44.851582, -79.855942 44.852453, -79.856254 44.853323, -79.856567 44.854194, -79.856879 44.855065, -79.857192 44.855936, -79.857504 44.856807, -79.857817 44.857678, -79.858130 44.858549, -79.858442 44.859420, -79.858755 44.860291, -79.859067 44.861162, -79.859380 44.862033, -79.859693 44.862904, -79.860005 44.863775, -79.860318 44.864645, -79.860631 44.865516, -79.860943 44.866387, -79.861256 44.867258, -79.861569 44.868129, -79.861881 44.869000, -79.862194 44.869871, -79.862507 44.870742, -79.862820 44.871613, -79.863132 44.872484, -79.863445 44.873355, -79.863758 44.874225, -79.864071 44.875096, -79.864383 44.875967, -79.864696 44.876838, -79.865009 44.877709, -79.865322 44.878580, -79.865635 44.879451, -79.865947 44.880322, -79.866260 44.881193, -79.866573 44.882064, -79.866886 44.882934, -79.867199 44.883805, -79.867512 44.884676, -79.867825 44.885547, -79.868137 44.886418, -79.868450 44.887289, -79.868763 44.888160, -79.869076 44.889031, -79.869389 44.889902, -79.869702 44.890772, -79.870015 44.891643, -79.870328 44.892514, -79.870641 44.893385, -79.870954 44.894256, -79.871267 44.895127, -79.871580 44.895998, -79.871893 44.896869, -79.872206 44.897740, -79.872519 44.898610, -79.872832 44.899481, -79.873145 44.900352, -79.873458 44.901223, -79.873771 44.902094, -79.874084 44.902965, -79.874397 44.903836, -79.874710 44.904707, -79.875023 44.905577, -79.875337 44.906448, -79.875650 44.907319, -79.875963 44.908190, -79.876276 44.909061, -79.876589 44.909932, -79.876902 44.910803, -79.877215 44.911674, -79.877529 44.912544, -79.877842 44.913415, -79.878155 44.914286, -79.878468 44.915157, -79.878781 44.916028, -79.879095 44.916899, -79.879408 44.917770, -79.879721 44.918641, -79.880034 44.919511, -79.880348 44.920382, -79.880661 44.921253, -79.880974 44.922124, -79.881287 44.922995, -79.881601 44.923866, -79.881914 44.924737, -79.882227 44.925607, -79.882541 44.926478, -79.882854 44.927349, -79.883167 44.928220, -79.883481 44.929091, -79.883794 44.929962, -79.884108 44.930833, -79.884421 44.931703, -79.884734 44.932574, -79.885048 44.933445, -79.885361 44.934316, -79.885675 44.935187, -79.885988 44.936058, -79.886301 44.936928, -79.886615 44.937799, -79.886928 44.938670, -79.887242 44.939541, -79.887555 44.940412, -79.887869 44.941283, -79.888182 44.942153, -79.888496 44.943024, -79.888809 44.943895, -79.889123 44.944766, -79.889436 44.945637, -79.889750 44.946508, -79.890063 44.947378, -79.890377 44.948249, -79.890691 44.949120, -79.891004 44.949991, -79.891318 44.950862, -79.891631 44.951733, -79.891945 44.952603, -79.892259 44.953474, -79.892572 44.954345, -79.892886 44.955216, -79.893200 44.956087, -79.893513 44.956958, -79.893827 44.957828, -79.894141 44.958699, -79.894454 44.959570, -79.894768 44.960441, -79.895082 44.961312, -79.895395 44.962183, -79.895709 44.963053, -79.896023 44.963924, -79.896337 44.964795, -79.896650 44.965666, -79.896964 44.966537, -79.897278 44.967407, -79.897592 44.968278, -79.897906 44.969149, -79.898219 44.970020, -79.898533 44.970891, -79.898847 44.971762, -79.899161 44.972632, -79.899475 44.973503, -79.899788 44.974374, -79.900102 44.975245, -79.900416 44.976116, -79.900730 44.976986, -79.901044 44.977857, -79.901358 44.978728, -79.901672 44.979599, -79.901986 44.980470, -79.902300 44.981340, -79.902614 44.982211, -79.902928 44.983082, -79.903241 44.983953, -79.903555 44.984824, -79.903869 44.985694, -79.904183 44.986565, -79.904497 44.987436, -79.904811 44.988307, -79.905125 44.989178, -79.905439 44.990048, -79.905753 44.990919, -79.906068 44.991790, -79.906382 44.992661, -79.906696 44.993531, -79.907010 44.994402, -79.907324 44.995273, -79.907638 44.996144, -79.907952 44.997015, -79.908266 44.997885, -79.908580 44.998756, -79.908894 44.999627, -79.909208 45.000498, -79.909523 45.001369, -79.909837 45.002239, -79.910151 45.003110, -79.910465 45.003981, -79.910779 45.004852, -79.911094 45.005722, -79.911408 45.006593, -79.911722 45.007464, -79.912036 45.008335, -79.912350 45.009206, -79.912665 45.010076, -79.912979 45.010947, -79.913293 45.011818, -79.913607 45.012689, -79.913922 45.013559, -79.914236 45.014430, -79.914550 45.015301, -79.914865 45.016172, -79.915179 45.017042, -79.915493 45.017913, -79.915808 45.018784, -79.916122 45.019655, -79.916436 45.020526, -79.916751 45.021396, -79.917065 45.022267, -79.917379 45.023138, -79.917694 45.024009, -79.918008 45.024879, -79.918323 45.025750, -79.918637 45.026621, -79.918952 45.027492, -79.919266 45.028362, -79.919580 45.029233, -79.919895 45.030104, -79.920209 45.030975, -79.920524 45.031845, -79.920838 45.032716, -79.921153 45.033587, -79.921467 45.034458, -79.921782 45.035328, -79.922096 45.036199, -79.922411 45.037070, -79.922726 45.037941, -79.923040 45.038811, -79.923355 45.039682, -79.923669 45.040553, -79.923984 45.041424, -79.924298 45.042294, -79.924613 45.043165, -79.924928 45.044036, -79.925242 45.044906, -79.925557 45.045777, -79.925872 45.046648, -79.926186 45.047519, -79.926501 45.048389, -79.926816 45.049260, -79.927130 45.050131, -79.927445 45.051002, -79.927760 45.051872, -79.928074 45.052743, -79.928389 45.053614, -79.928704 45.054485, -79.929019 45.055355, -79.929333 45.056226, -79.929648 45.057097, -79.929963 45.057967, -79.930278 45.058838, -79.930592 45.059709, -79.930907 45.060580, -79.931222 45.061450, -79.931537 45.062321, -79.931852 45.063192, -79.932166 45.064063, -79.932481 45.064933, -79.932796 45.065804, -79.933111 45.066675, -79.933426 45.067545, -79.933741 45.068416, -79.934056 45.069287, -79.934371 45.070158, -79.934686 45.071028, -79.935000 45.071899, -79.935315 45.072770, -79.935630 45.073640, -79.935945 45.074511, -79.936260 45.075382, -79.936575 45.076252, -79.936890 45.077123, -79.937205 45.077994, -79.937520 45.078865, -79.937835 45.079735, -79.938150 45.080606, -79.938465 45.081477, -79.938780 45.082347, -79.939095 45.083218, -79.939410 45.084089, -79.939725 45.084960, -79.940041 45.085830, -79.940356 45.086701, -79.940671 45.087572, -79.940986 45.088442, -79.941301 45.089313, -79.941616 45.090184, -79.941931 45.091054, -79.942246 45.091925, -79.942561 45.092796, -79.942877 45.093666, -79.943192 45.094537, -79.943507 45.095408, -79.943822 45.096278, -79.944137 45.097149, -79.944453 45.098020, -79.944768 45.098891, -79.945083 45.099761, -79.945398 45.100632, -79.945714 45.101503, -79.946029 45.102373, -79.946344 45.103244, -79.946659 45.104115, -79.946975 45.104985, -79.947290 45.105856, -79.947605 45.106727, -79.947921 45.107597, -79.948236 45.108468, -79.948551 45.109339, -79.948867 45.110209, -79.949182 45.111080, -79.949497 45.111951, -79.949813 45.112821, -79.950128 45.113692, -79.950443 45.114563, -79.950759 45.115433, -79.951074 45.116304, -79.951390 45.117175, -79.951705 45.118045, -79.952021 45.118916, -79.952336 45.119787, -79.952651 45.120657, -79.952967 45.121528, -79.953282 45.122399, -79.953598 45.123269, -79.953913 45.124140, -79.954229 45.125011, -79.954544 45.125881, -79.954860 45.126752, -79.955176 45.127623, -79.955491 45.128493, -79.955807 45.129364, -79.956122 45.130235, -79.956438 45.131105, -79.956753 45.131976, -79.957069 45.132847, -79.957385 45.133717, -79.957700 45.134588, -79.958016 45.135459, -79.958331 45.136329, -79.958647 45.137200, -79.958963 45.138070, -79.959278 45.138941, -79.959594 45.139812, -79.959910 45.140682, -79.960225 45.141553, -79.960541 45.142424, -79.960857 45.143294, -79.961173 45.144165, -79.961488 45.145036, -79.961804 45.145906, -79.962120 45.146777, -79.962436 45.147647, -79.962751 45.148518, -79.963067 45.149389, -79.963383 45.150259, -79.963699 45.151130, -79.964015 45.152001, -79.964330 45.152871, -79.964646 45.153742, -79.964962 45.154613, -79.965278 45.155483, -79.965594 45.156354, -79.965910 45.157224, -79.966225 45.158095, -79.966541 45.158966, -79.966857 45.159836, -79.967173 45.160707, -79.967489 45.161578, -79.967805 45.162448, -79.968121 45.163319, -79.968437 45.164189, -79.968753 45.165060, -79.969069 45.165931, -79.969385 45.166801, -79.969701 45.167672, -79.970017 45.168542, -79.970333 45.169413, -79.970649 45.170284, -79.970965 45.171154, -79.971281 45.172025, -79.971597 45.172896, -79.971913 45.173766, -79.972229 45.174637, -79.972545 45.175507, -79.972861 45.176378, -79.973177 45.177249, -79.973493 45.178119, -79.973809 45.178990, -79.974126 45.179860, -79.974442 45.180731, -79.974758 45.181602, -79.975074 45.182472, -79.975390 45.183343, -79.975706 45.184213, -79.976022 45.185084, -79.976339 45.185955, -79.976655 45.186825, -79.976971 45.187696, -79.977287 45.188566, -79.977603 45.189437, -79.977920 45.190308, -79.978236 45.191178, -79.978552 45.192049, -79.978868 45.192919, -79.979185 45.193790, -79.979501 45.194661, -79.979817 45.195531, -79.980134 45.196402, -79.980450 45.197272, -79.980766 45.198143, -79.981083 45.199013, -79.981399 45.199884, -79.981715 45.200755, -79.982032 45.201625, -79.982348 45.202496, -79.982664 45.203366, -79.982981 45.204237, -79.983297 45.205108, -79.983614 45.205978, -79.983930 45.206849, -79.984246 45.207719, -79.984563 45.208590, -79.984879 45.209460, -79.985196 45.210331, -79.985512 45.211202, -79.985829 45.212072, -79.986145 45.212943, -79.986462 45.213813, -79.986778 45.214684, -79.987095 45.215554, -79.987411 45.216425, -79.987728 45.217296, -79.988044 45.218166, -79.988361 45.219037, -79.988677 45.219907, -79.988994 45.220778, -79.989311 45.221648, -79.989627 45.222519, -79.989944 45.223389, -79.990260 45.224260, -79.990577 45.225131, -79.990894 45.226001, -79.991210 45.226872, -79.991527 45.227742, -79.991844 45.228613, -79.992160 45.229483, -79.992477 45.230354, -79.992794 45.231224, -79.993110 45.232095, -79.993427 45.232966, -79.993744 45.233836, -79.994060 45.234707, -79.994377 45.235577, -79.994694 45.236448, -79.995011 45.237318, -79.995327 45.238189, -79.995644 45.239059, -79.995961 45.239930, -79.996278 45.240800, -79.996595 45.241671, -79.996911 45.242542, -79.997228 45.243412, -79.997545 45.244283, -79.997862 45.245153, -79.998179 45.246024, -79.998496 45.246894, -79.998813 45.247765, -79.999129 45.248635, -79.999446 45.249506, -79.999763 45.250376, -80.000080 45.251247, -80.000397 45.252117, -80.000714 45.252988, -80.001031 45.253858, -80.001348 45.254729, -80.001665 45.255600, -80.001982 45.256470, -80.002299 45.257341, -80.002616 45.258211, -80.002933 45.259082, -80.003250 45.259952, -80.003567 45.260823, -80.003884 45.261693, -80.004201 45.262564, -80.004518 45.263434, -80.004835 45.264305, -80.005152 45.265175, -80.005469 45.266046, -80.005786 45.266916, -80.006103 45.267787, -80.006420 45.268657, -80.006738 45.269528, -80.007055 45.270398, -80.007372 45.271269, -80.007689 45.272139, -80.008006 45.273010, -80.008323 45.273880, -80.008640 45.274751, -80.008958 45.275621, -80.009275 45.276492, -80.009592 45.277362, -80.009909 45.278233, -80.010226 45.279103, -80.010544 45.279974, -80.010861 45.280844, -80.011178 45.281715, -80.011495 45.282585, -80.011813 45.283456, -80.012130 45.284326, -80.012447 45.285197, -80.012765 45.286067, -80.013082 45.286938, -80.013399 45.287808, -80.013717 45.288679, -80.014034 45.289549, -80.014351 45.290420, -80.014669 45.291290, -80.014986 45.292161, -80.015303 45.293031, -80.015621 45.293902, -80.015938 45.294772, -80.016256 45.295643, -80.016573 45.296513, -80.016890 45.297384, -80.017208 45.298254, -80.017525 45.299125, -80.017843 45.299995, -80.018160 45.300866, -80.018478 45.301736, -80.018795 45.302607, -80.019113 45.303477, -80.019430 45.304348, -80.019748 45.305218, -80.020065 45.306089, -80.020383 45.306959, -80.020700 45.307830, -80.021018 45.308700, -80.021335 45.309571, -80.021653 45.310441, -80.021971 45.311311, -80.022288 45.312182, -80.022606 45.313052, -80.022923 45.313923, -80.023241 45.314793, -80.023559 45.315664, -80.023876 45.316534, -80.024194 45.317405, -80.024512 45.318275, -80.024829 45.319146, -80.025147 45.320016, -80.025465 45.320887, -80.025782 45.321757, -80.026100 45.322627, -80.026418 45.323498, -80.026736 45.324368, -80.027053 45.325239, -80.027371 45.326109, -80.027689 45.326980, -80.028007 45.327850, -80.028324 45.328721, -80.028642 45.329591, -80.028960 45.330462, -80.029278 45.331332, -80.029596 45.332202, -80.029913 45.333073, -80.030231 45.333943, -80.030549 45.334814, -80.030867 45.335684, -80.031185 45.336555, -80.031503 45.337425, -80.031821 45.338296, -80.032138 45.339166, -80.032456 45.340036, -80.032774 45.340907, -80.033092 45.341777, -80.033410 45.342648, -80.033728 45.343518, -80.034046 45.344389, -80.034364 45.345259, -80.034682 45.346130, -80.035000 45.347000, -80.035637 45.347779, -80.036274 45.348559, -80.036911 45.349338, -80.037549 45.350117, -80.038186 45.350897, -80.038823 45.351676, -80.039460 45.352455, -80.040098 45.353235, -80.040735 45.354014, -80.041372 45.354793, -80.042009 45.355572, -80.042647 45.356352, -80.043284 45.357131, -80.043922 45.357910, -80.044559 45.358690, -80.045196 45.359469, -80.045834 45.360248, -80.046471 45.361027, -80.047109 45.361807, -80.047746 45.362586, -80.048384 45.363365, -80.049021 45.364144, -80.049659 45.364924, -80.050296 45.365703, -80.050934 45.366482, -80.051571 45.367261, -80.052209 45.368041, -80.052846 45.368820, -80.053484 45.369599, -80.054122 45.370378, -80.054759 45.371157, -80.055397 45.371937, -80.056035 45.372716, -80.056672 45.373495, -80.057310 45.374274, -80.057948 45.375053, -80.058586 45.375833, -80.059224 45.376612, -80.059861 45.377391, -80.060499 45.378170, -80.061137 45.378949, -80.061775 45.379729, -80.062413 45.380508, -80.063051 45.381287, -80.063689 45.382066, -80.064326 45.382845, -80.064964 45.383624, -80.065602 45.384404, -80.066240 45.385183, -80.066878 45.385962, -80.067516 45.386741, -80.068154 45.387520, -80.068792 45.388299, -80.069430 45.389078, -80.070069 45.389858, -80.070707 45.390637, -80.071345 45.391416, -80.071983 45.392195, -80.072621 45.392974, -80.073259 45.393753, -80.073897 45.394532, -80.074536 45.395311, -80.075174 45.396091, -80.075812 45.396870, -80.076450 45.397649, -80.077089 45.398428, -80.077727 45.399207, -80.078365 45.399986, -80.079004 45.400765, -80.079642 45.401544, -80.080280 45.402323, -80.080919 45.403102, -80.081557 45.403881, -80.082196 45.404660, -80.082834 45.405440, -80.083472 45.406219, -80.084111 45.406998, -80.084749 45.407777, -80.085388 45.408556, -80.086026 45.409335, -80.086665 45.410114, -80.087304 45.410893, -80.087942 45.411672, -80.088581 45.412451, -80.089219 45.413230, -80.089858 45.414009, -80.090497 45.414788, -80.091135 45.415567, -80.091774 45.416346, -80.092413 45.417125, -80.093051 45.417904, -80.093690 45.418683, -80.094329 45.419462, -80.094968 45.420241, -80.095606 45.421020, -80.096245 45.421799, -80.096884 45.422578, -80.097523 45.423357, -80.098162 45.424136, -80.098801 45.424915, -80.099440 45.425694, -80.100078 45.426473, -80.100717 45.427252, -80.101356 45.428031, -80.101995 45.428810, -80.102634 45.429589, -80.103273 45.430368, -80.103912 45.431147, -80.104551 45.431926, -80.105190 45.432704, -80.105829 45.433483, -80.106469 45.434262, -80.107108 45.435041, -80.107747 45.435820, -80.108386 45.436599, -80.109025 45.437378, -80.109664 45.438157, -80.110303 45.438936, -80.110943 45.439715, -80.111582 45.440494, -80.112221 45.441273, -80.112860 45.442051, -80.113500 45.442830, -80.114139 45.443609, -80.114778 45.444388, -80.115418 45.445167, -80.116057 45.445946, -80.116696 45.446725, -80.117336 45.447504, -80.117975 45.448282, -80.118615 45.449061, -80.119254 45.449840, -80.119893 45.450619, -80.120533 45.451398, -80.121172 45.452177, -80.121812 45.452956, -80.122452 45.453734, -80.123091 45.454513, -80.123731 45.455292, -80.124370 45.456071, -80.125010 45.456850, -80.125649 45.457629, -80.126289 45.458407, -80.126929 45.459186, -80.127568 45.459965, -80.128208 45.460744, -80.128848 45.461523, -80.129488 45.462301, -80.130127 45.463080, -80.130767 45.463859, -80.131407 45.464638, -80.132047 45.465417, -80.132686 45.466195, -80.133326 45.466974, -80.133966 45.467753, -80.134606 45.468532, -80.135246 45.469311, -80.135886 45.470089, -80.136526 45.470868, -80.137166 45.471647, -80.137806 45.472426, -80.138446 45.473204, -80.139086 45.473983, -80.139726 45.474762, -80.140366 45.475541, -80.141006 45.476319, -80.141646 45.477098, -80.142286 45.477877, -80.142926 45.478656, -80.143566 45.479434, -80.144206 45.480213, -80.144846 45.480992, -80.145486 45.481770, -80.146127 45.482549, -80.146767 45.483328, -80.147407 45.484106, -80.148047 45.484885, -80.148687 45.485664, -80.149328 45.486443, -80.149968 45.487221, -80.150608 45.488000, -80.151249 45.488779, -80.151889 45.489557, -80.152529 45.490336, -80.153170 45.491115, -80.153810 45.491893, -80.154451 45.492672, -80.155091 45.493451, -80.155731 45.494229, -80.156372 45.495008, -80.157012 45.495787, -80.157653 45.496565, -80.158293 45.497344, -80.158934 45.498123, -80.159575 45.498901, -80.160215 45.499680, -80.160856 45.500458, -80.161496 45.501237, -80.162137 45.502016, -80.162778 45.502794, -80.163418 45.503573, -80.164059 45.504352, -80.164700 45.505130, -80.165340 45.505909, -80.165981 45.506687, -80.166622 45.507466, -80.167263 45.508244, -80.167903 45.509023, -80.168544 45.509802, -80.169185 45.510580, -80.169826 45.511359, -80.170467 45.512137, -80.171108 45.512916, -80.171748 45.513695, -80.172389 45.514473, -80.173030 45.515252, -80.173671 45.516030, -80.174312 45.516809, -80.174953 45.517587, -80.175594 45.518366, -80.176235 45.519144, -80.176876 45.519923, -80.177517 45.520701, -80.178158 45.521480, -80.178799 45.522259, -80.179441 45.523037, -80.180082 45.523816, -80.180723 45.524594, -80.181364 45.525373, -80.182005 45.526151, -80.182646 45.526930, -80.183288 45.527708, -80.183929 45.528487, -80.184570 45.529265, -80.185211 45.530044, -80.185853 45.530822, -80.186494 45.531601, -80.187135 45.532379, -80.187777 45.533158, -80.188418 45.533936, -80.189059 45.534714, -80.189701 45.535493, -80.190342 45.536271, -80.190984 45.537050, -80.191625 45.537828, -80.192266 45.538607, -80.192908 45.539385, -80.193549 45.540164, -80.194191 45.540942, -80.194832 45.541721, -80.195474 45.542499, -80.196116 45.543277, -80.196757 45.544056, -80.197399 45.544834, -80.198040 45.545613, -80.198682 45.546391, -80.199324 45.547169, -80.199965 45.547948, -80.200607 45.548726, -80.201249 45.549505, -80.201890 45.550283, -80.202532 45.551061, -80.203174 45.551840, -80.203816 45.552618, -80.204458 45.553397, -80.205099 45.554175, -80.205741 45.554953, -80.206383 45.555732, -80.207025 45.556510, -80.207667 45.557289, -80.208309 45.558067, -80.208951 45.558845, -80.209593 45.559624, -80.210235 45.560402, -80.210877 45.561180, -80.211519 45.561959, -80.212161 45.562737, -80.212803 45.563515, -80.213445 45.564294, -80.214087 45.565072, -80.214729 45.565850, -80.215371 45.566629, -80.216013 45.567407, -80.216655 45.568185, -80.217297 45.568964, -80.217939 45.569742, -80.218582 45.570520, -80.219224 45.571298, -80.219866 45.572077, -80.220508 45.572855, -80.221151 45.573633, -80.221793 45.574412, -80.222435 45.575190, -80.223077 45.575968, -80.223720 45.576746, -80.224362 45.577525, -80.225005 45.578303, -80.225647 45.579081, -80.226289 45.579860, -80.226932 45.580638, -80.227574 45.581416, -80.228217 45.582194, -80.228859 45.582973, -80.229502 45.583751, -80.230144 45.584529, -80.230787 45.585307, -80.231429 45.586085, -80.232072 45.586864, -80.232714 45.587642, -80.233357 45.588420, -80.234000 45.589198, -80.234642 45.589977, -80.235285 45.590755, -80.235928 45.591533, -80.236570 45.592311, -80.237213 45.593089, -80.237856 45.593868, -80.238498 45.594646, -80.239141 45.595424, -80.239784 45.596202, -80.240427 45.596980, -80.241070 45.597759, -80.241712 45.598537, -80.242355 45.599315, -80.242998 45.600093, -80.243641 45.600871, -80.244284 45.601649, -80.244927 45.602428, -80.245570 45.603206, -80.246213 45.603984, -80.246856 45.604762, -80.247499 45.605540, -80.248142 45.606318, -80.248785 45.607096, -80.249428 45.607875, -80.250071 45.608653, -80.250714 45.609431, -80.251357 45.610209, -80.252000 45.610987, -80.252643 45.611765, -80.253286 45.612543, -80.253930 45.613321, -80.254573 45.614099, -80.255216 45.614878, -80.255859 45.615656, -80.256502 45.616434, -80.257146 45.617212, -80.257789 45.617990, -80.258432 45.618768, -80.259076 45.619546, -80.259719 45.620324, -80.260362 45.621102, -80.261006 45.621880, -80.261649 45.622658, -80.262292 45.623436, -80.262936 45.624214, -80.263579 45.624993, -80.264223 45.625771, -80.264866 45.626549, -80.265510 45.627327, -80.266153 45.628105, -80.266797 45.628883, -80.267440 45.629661, -80.268084 45.630439, -80.268727 45.631217, -80.269371 45.631995, -80.270015 45.632773, -80.270658 45.633551, -80.271302 45.634329, -80.271946 45.635107, -80.272589 45.635885, -80.273233 45.636663, -80.273877 45.637441, -80.274520 45.638219, -80.275164 45.638997, -80.275808 45.639775, -80.276452 45.640553, -80.277096 45.641331, -80.277739 45.642109, -80.278383 45.642887, -80.279027 45.643665, -80.279671 45.644443, -80.280315 45.645221, -80.280959 45.645999, -80.281603 45.646776, -80.282247 45.647554, -80.282891 45.648332, -80.283535 45.649110, -80.284179 45.649888, -80.284823 45.650666, -80.285467 45.651444, -80.286111 45.652222, -80.286755 45.653000, -80.287399 45.653778, -80.288043 45.654556, -80.288687 45.655334, -80.289331 45.656112, -80.289976 45.656890, -80.290620 45.657667, -80.291264 45.658445, -80.291908 45.659223, -80.292552 45.660001, -80.293197 45.660779, -80.293841 45.661557, -80.294485 45.662335, -80.295130 45.663113, -80.295774 45.663890, -80.296418 45.664668, -80.297063 45.665446, -80.297707 45.666224, -80.298351 45.667002, -80.298996 45.667780, -80.299640 45.668558, -80.300285 45.669335, -80.300929 45.670113, -80.301574 45.670891, -80.302218 45.671669, -80.302863 45.672447, -80.303507 45.673225, -80.304152 45.674002, -80.304796 45.674780, -80.305441 45.675558, -80.306086 45.676336, -80.306730 45.677114, -80.307375 45.677892, -80.308020 45.678669, -80.308664 45.679447, -80.309309 45.680225, -80.309954 45.681003, -80.310599 45.681781, -80.311243 45.682558, -80.311888 45.683336, -80.312533 45.684114, -80.313178 45.684892, -80.313823 45.685669, -80.314467 45.686447, -80.315112 45.687225, -80.315757 45.688003, -80.316402 45.688780, -80.317047 45.689558, -80.317692 45.690336, -80.318337 45.691114, -80.318982 45.691891, -80.319627 45.692669, -80.320272 45.693447, -80.320917 45.694225, -80.321562 45.695002, -80.322207 45.695780, -80.322852 45.696558, -80.323497 45.697336, -80.324142 45.698113, -80.324787 45.698891, -80.325433 45.699669, -80.326078 45.700446, -80.326723 45.701224, -80.327368 45.702002, -80.328013 45.702779, -80.328659 45.703557, -80.329304 45.704335, -80.329949 45.705112, -80.330594 45.705890, -80.331240 45.706668, -80.331885 45.707445, -80.332531 45.708223, -80.333176 45.709001, -80.333821 45.709778, -80.334467 45.710556, -80.335112 45.711334, -80.335758 45.712111, -80.336403 45.712889, -80.337048 45.713667, -80.337694 45.714444, -80.338340 45.715222, -80.338985 45.716000, -80.339631 45.716777, -80.340276 45.717555, -80.340922 45.718332, -80.341567 45.719110, -80.342213 45.719888, -80.342859 45.720665, -80.343504 45.721443, -80.344150 45.722220, -80.344796 45.722998, -80.345441 45.723776, -80.346087 45.724553, -80.346733 45.725331, -80.347379 45.726108, -80.348024 45.726886, -80.348670 45.727664, -80.349316 45.728441, -80.349962 45.729219, -80.350608 45.729996, -80.351254 45.730774, -80.351899 45.731551, -80.352545 45.732329, -80.353191 45.733106, -80.353837 45.733884, -80.354483 45.734662, -80.355129 45.735439, -80.355775 45.736217, -80.356421 45.736994, -80.357067 45.737772, -80.357713 45.738549, -80.358359 45.739327, -80.359006 45.740104, -80.359652 45.740882, -80.360298 45.741659, -80.360944 45.742437, -80.361590 45.743214, -80.362236 45.743992, -80.362882 45.744769, -80.363529 45.745547, -80.364175 45.746324, -80.364821 45.747102, -80.365467 45.747879, -80.366114 45.748657, -80.366760 45.749434, -80.367406 45.750212, -80.368053 45.750989, -80.368699 45.751767, -80.369345 45.752544, -80.369992 45.753321, -80.370638 45.754099, -80.371285 45.754876, -80.371931 45.755654, -80.372578 45.756431, -80.373224 45.757209, -80.373871 45.757986, -80.374517 45.758763, -80.375164 45.759541, -80.375810 45.760318, -80.376457 45.761096, -80.377103 45.761873, -80.377750 45.762651, -80.378397 45.763428, -80.379043 45.764205, -80.379690 45.764983, -80.380337 45.765760, -80.380983 45.766538, -80.381630 45.767315, -80.382277 45.768092, -80.382924 45.768870, -80.383570 45.769647, -80.384217 45.770424, -80.384864 45.771202, -80.385511 45.771979, -80.386158 45.772757, -80.386804 45.773534, -80.387451 45.774311, -80.388098 45.775089, -80.388745 45.775866, -80.389392 45.776643, -80.390039 45.777421, -80.390686 45.778198, -80.391333 45.778975, -80.391980 45.779753, -80.392627 45.780530, -80.393274 45.781307, -80.393921 45.782085, -80.394568 45.782862, -80.395215 45.783639, -80.395862 45.784417, -80.396510 45.785194, -80.397157 45.785971, -80.397804 45.786748, -80.398451 45.787526, -80.399098 45.788303, -80.399746 45.789080, -80.400393 45.789858, -80.401040 45.790635, -80.401687 45.791412, -80.402335 45.792189, -80.402982 45.792967, -80.403629 45.793744, -80.404277 45.794521, -80.404924 45.795298, -80.405571 45.796076, -80.406219 45.796853, -80.406866 45.797630, -80.407514 45.798407, -80.408161 45.799185, -80.408809 45.799962, -80.409456 45.800739, -80.410104 45.801516, -80.410751 45.802294, -80.411399 45.803071, -80.412046 45.803848, -80.412694 45.804625, -80.413342 45.805402, -80.413989 45.806180, -80.414637 45.806957, -80.415284 45.807734, -80.415932 45.808511, -80.416580 45.809288, -80.417228 45.810066, -80.417875 45.810843, -80.418523 45.811620, -80.419171 45.812397, -80.419819 45.813174, -80.420466 45.813952, -80.421114 45.814729, -80.421762 45.815506, -80.422410 45.816283, -80.423058 45.817060, -80.423706 45.817837, -80.424354 45.818614, -80.425002 45.819392, -80.425649 45.820169, -80.426297 45.820946, -80.426945 45.821723, -80.427593 45.822500, -80.428241 45.823277, -80.428889 45.824054, -80.429538 45.824831, -80.430186 45.825609, -80.430834 45.826386, -80.431482 45.827163, -80.432130 45.827940, -80.432778 45.828717, -80.433426 45.829494, -80.434074 45.830271, -80.434723 45.831048, -80.435371 45.831825, -80.436019 45.832602, -80.436667 45.833380, -80.437316 45.834157, -80.437964 45.834934, -80.438612 45.835711, -80.439261 45.836488, -80.439909 45.837265, -80.440557 45.838042, -80.441206 45.838819, -80.441854 45.839596, -80.442503 45.840373, -80.443151 45.841150, -80.443799 45.841927, -80.444448 45.842704, -80.445096 45.843481, -80.445745 45.844258, -80.446393 45.845035, -80.447042 45.845812, -80.447691 45.846589, -80.448339 45.847366, -80.448988 45.848143, -80.449636 45.848920, -80.450285 45.849697, -80.450934 45.850474, -80.451582 45.851251, -80.452231 45.852028, -80.452880 45.852805, -80.453528 45.853582, -80.454177 45.854359, -80.454826 45.855136, -80.455475 45.855913, -80.456124 45.856690, -80.456772 45.857467, -80.457421 45.858244, -80.458070 45.859021, -80.458719 45.859798, -80.459368 45.860575, -80.460017 45.861352, -80.460666 45.862129, -80.461315 45.862906, -80.461964 45.863683, -80.462613 45.864460, -80.463262 45.865237, -80.463911 45.866013, -80.464560 45.866790, -80.465209 45.867567, -80.465858 45.868344, -80.466507 45.869121, -80.467156 45.869898, -80.467805 45.870675, -80.468454 45.871452, -80.469103 45.872229, -80.469753 45.873006, -80.470402 45.873782, -80.471051 45.874559, -80.471700 45.875336, -80.472349 45.876113, -80.472999 45.876890, -80.473648 45.877667, -80.474297 45.878444, -80.474947 45.879221, -80.475596 45.879997, -80.476245 45.880774, -80.476895 45.881551, -80.477544 45.882328, -80.478194 45.883105, -80.478843 45.883882, -80.479492 45.884658, -80.480142 45.885435, -80.480791 45.886212, -80.481441 45.886989, -80.482090 45.887766, -80.482740 45.888543, -80.483390 45.889319, -80.484039 45.890096, -80.484689 45.890873, -80.485338 45.891650, -80.485988 45.892427, -80.486638 45.893203, -80.487287 45.893980, -80.487937 45.894757, -80.488587 45.895534, -80.489236 45.896311, -80.489886 45.897087, -80.490536 45.897864, -80.491186 45.898641, -80.491836 45.899418, -80.492485 45.900194, -80.493135 45.900971, -80.493785 45.901748, -80.494435 45.902525, -80.495085 45.903301, -80.495735 45.904078, -80.496385 45.904855, -80.497035 45.905632, -80.497685 45.906408, -80.498334 45.907185, -80.498984 45.907962, -80.499635 45.908738, -80.500285 45.909515, -80.500935 45.910292, -80.501585 45.911069, -80.502235 45.911845, -80.502885 45.912622, -80.503535 45.913399, -80.504185 45.914175, -80.504835 45.914952, -80.505485 45.915729, -80.506136 45.916505, -80.506786 45.917282, -80.507436 45.918059, -80.508086 45.918836, -80.508737 45.919612, -80.509387 45.920389, -80.510037 45.921166, -80.510688 45.921942, -80.511338 45.922719, -80.511988 45.923495, -80.512639 45.924272, -80.513289 45.925049, -80.513940 45.925825, -80.514590 45.926602, -80.515240 45.927379, -80.515891 45.928155, -80.516541 45.928932, -80.517192 45.929709, -80.517842 45.930485, -80.518493 45.931262, -80.519144 45.932038, -80.519794 45.932815, -80.520445 45.933592, -80.521095 45.934368, -80.521746 45.935145, -80.522397 45.935921, -80.523047 45.936698, -80.523698 45.937475, -80.524349 45.938251, -80.524999 45.939028, -80.525650 45.939804, -80.526301 45.940581, -80.526952 45.941357, -80.527602 45.942134, -80.528253 45.942911, -80.528904 45.943687, -80.529555 45.944464, -80.530206 45.945240, -80.530857 45.946017, -80.531508 45.946793, -80.532159 45.947570, -80.532810 45.948346, -80.533461 45.949123, -80.534111 45.949899, -80.534762 45.950676, -80.535414 45.951452, -80.536065 45.952229, -80.536716 45.953005, -80.537367 45.953782, -80.538018 45.954558, -80.538669 45.955335, -80.539320 45.956111, -80.539971 45.956888, -80.540622 45.957664, -80.541274 45.958441, -80.541925 45.959217, -80.542576 45.959994, -80.543227 45.960770, -80.543878 45.961547, -80.544530 45.962323, -80.545181 45.963100, -80.545832 45.963876, -80.546484 45.964653, -80.547135 45.965429, -80.547786 45.966206, -80.548438 45.966982, -80.549089 45.967758, -80.549741 45.968535, -80.550392 45.969311, -80.551043 45.970088, -80.551695 45.970864, -80.552346 45.971641, -80.552998 45.972417, -80.553649 45.973193, -80.554301 45.973970, -80.554953 45.974746, -80.555604 45.975523, -80.556256 45.976299, -80.556907 45.977075, -80.557559 45.977852, -80.558211 45.978628, -80.558862 45.979405, -80.559514 45.980181, -80.560166 45.980957, -80.560818 45.981734, -80.561469 45.982510, -80.562121 45.983286, -80.562773 45.984063, -80.563425 45.984839, -80.564076 45.985615, -80.564728 45.986392, -80.565380 45.987168, -80.566032 45.987945, -80.566684 45.988721, -80.567336 45.989497, -80.567988 45.990274, -80.568640 45.991050, -80.569292 45.991826, -80.569944 45.992603, -80.570596 45.993379, -80.571248 45.994155, -80.571900 45.994931, -80.572552 45.995708, -80.573204 45.996484, -80.573856 45.997260, -80.574508 45.998037, -80.575160 45.998813, -80.575812 45.999589, -80.576465 46.000366, -80.577117 46.001142, -80.577769 46.001918, -80.578421 46.002694, -80.579073 46.003471, -80.579726 46.004247, -80.580378 46.005023, -80.581030 46.005799, -80.581683 46.006576, -80.582335 46.007352, -80.582987 46.008128, -80.583640 46.008904, -80.584292 46.009681, -80.584944 46.010457, -80.585597 46.011233, -80.586249 46.012009, -80.586902 46.012786, -80.587554 46.013562, -80.588207 46.014338, -80.588859 46.015114, -80.589512 46.015890, -80.590164 46.016667, -80.590817 46.017443, -80.591470 46.018219, -80.592122 46.018995, -80.592775 46.019771, -80.593427 46.020548, -80.594080 46.021324, -80.594733 46.022100, -80.595385 46.022876, -80.596038 46.023652, -80.596691 46.024428, -80.597344 46.025205, -80.597996 46.025981, -80.598649 46.026757, -80.599302 46.027533, -80.599955 46.028309, -80.600608 46.029085, -80.601261 46.029862, -80.601913 46.030638, -80.602566 46.031414, -80.603219 46.032190, -80.603872 46.032966, -80.604525 46.033742, -80.605178 46.034518, -80.605831 46.035294, -80.606484 46.036071, -80.607137 46.036847, -80.607790 46.037623, -80.608443 46.038399, -80.609096 46.039175, -80.609750 46.039951, -80.610403 46.040727, -80.611056 46.041503, -80.611709 46.042279, -80.612362 46.043055, -80.613015 46.043831, -80.613669 46.044608, -80.614322 46.045384, -80.614975 46.046160, -80.615628 46.046936, -80.616282 46.047712, -80.616935 46.048488, -80.617588 46.049264, -80.618242 46.050040, -80.618895 46.050816, -80.619548 46.051592, -80.620202 46.052368, -80.620855 46.053144, -80.621509 46.053920, -80.622162 46.054696, -80.622815 46.055472, -80.623469 46.056248, -80.624122 46.057024, -80.624776 46.057800, -80.625430 46.058576, -80.626083 46.059352, -80.626737 46.060128, -80.627390 46.060904, -80.628044 46.061680, -80.628698 46.062456, -80.629351 46.063232, -80.630005 46.064008, -80.630659 46.064784, -80.631312 46.065560, -80.631966 46.066336, -80.632620 46.067112, -80.633274 46.067888, -80.633927 46.068664, -80.634581 46.069440, -80.635235 46.070216, -80.635889 46.070992, -80.636543 46.071768, -80.637197 46.072544, -80.637850 46.073320, -80.638504 46.074096, -80.639158 46.074871, -80.639812 46.075647, -80.640466 46.076423, -80.641120 46.077199, -80.641774 46.077975, -80.642428 46.078751, -80.643082 46.079527, -80.643736 46.080303, -80.644390 46.081079, -80.645044 46.081855, -80.645699 46.082631, -80.646353 46.083406, -80.647007 46.084182, -80.647661 46.084958, -80.648315 46.085734, -80.648969 46.086510, -80.649624 46.087286, -80.650278 46.088062, -80.650932 46.088837, -80.651586 46.089613, -80.652241 46.090389, -80.652895 46.091165, -80.653549 46.091941, -80.654204 46.092717, -80.654858 46.093493, -80.655513 46.094268, -80.656167 46.095044, -80.656821 46.095820, -80.657476 46.096596, -80.658130 46.097372, -80.658785 46.098148, -80.659439 46.098923, -80.660094 46.099699, -80.660748 46.100475, -80.661403 46.101251, -80.662057 46.102027, -80.662712 46.102802, -80.663367 46.103578, -80.664021 46.104354, -80.664676 46.105130, -80.665331 46.105905, -80.665985 46.106681, -80.666640 46.107457, -80.667295 46.108233, -80.667949 46.109009, -80.668604 46.109784, -80.669259 46.110560, -80.669914 46.111336, -80.670569 46.112112, -80.671223 46.112887, -80.671878 46.113663, -80.672533 46.114439, -80.673188 46.115214, -80.673843 46.115990, -80.674498 46.116766, -80.675153 46.117542, -80.675808 46.118317, -80.676463 46.119093, -80.677118 46.119869, -80.677773 46.120645, -80.678428 46.121420, -80.679083 46.122196, -80.679738 46.122972, -80.680393 46.123747, -80.681048 46.124523, -80.681703 46.125299, -80.682358 46.126074, -80.683014 46.126850, -80.683669 46.127626, -80.684324 46.128401, -80.684979 46.129177, -80.685634 46.129953, -80.686290 46.130728, -80.686945 46.131504, -80.687600 46.132280, -80.688256 46.133055, -80.688911 46.133831, -80.689566 46.134607, -80.690222 46.135382, -80.690877 46.136158, -80.691532 46.136933, -80.692188 46.137709, -80.692843 46.138485, -80.693499 46.139260, -80.694154 46.140036, -80.694810 46.140812, -80.695465 46.141587, -80.696121 46.142363, -80.696776 46.143138, -80.697432 46.143914, -80.698088 46.144690, -80.698743 46.145465, -80.699399 46.146241, -80.700054 46.147016, -80.700710 46.147792, -80.701366 46.148567, -80.702021 46.149343, -80.702677 46.150119, -80.703333 46.150894, -80.703989 46.151670, -80.704644 46.152445, -80.705300 46.153221, -80.705956 46.153996, -80.706612 46.154772, -80.707268 46.155547, -80.707924 46.156323, -80.708579 46.157098, -80.709235 46.157874, -80.709891 46.158650, -80.710547 46.159425, -80.711203 46.160201, -80.711859 46.160976, -80.712515 46.161752, -80.713171 46.162527, -80.713827 46.163303, -80.714483 46.164078, -80.715139 46.164854, -80.715795 46.165629, -80.716452 46.166405, -80.717108 46.167180, -80.717764 46.167956, -80.718420 46.168731, -80.719076 46.169506, -80.719732 46.170282, -80.720389 46.171057, -80.721045 46.171833, -80.721701 46.172608, -80.722357 46.173384, -80.723014 46.174159, -80.723670 46.174935, -80.724326 46.175710, -80.724983 46.176486, -80.725639 46.177261, -80.726295 46.178036, -80.726952 46.178812, -80.727608 46.179587, -80.728265 46.180363, -80.728921 46.181138, -80.729578 46.181913, -80.730234 46.182689, -80.730891 46.183464, -80.731547 46.184240, -80.732204 46.185015, -80.732860 46.185790, -80.733517 46.186566, -80.734173 46.187341, -80.734830 46.188117, -80.735487 46.188892, -80.736143 46.189667, -80.736800 46.190443, -80.737457 46.191218, -80.738113 46.191993, -80.738770 46.192769, -80.739427 46.193544, -80.740084 46.194320, -80.740741 46.195095, -80.741397 46.195870, -80.742054 46.196646, -80.742711 46.197421, -80.743368 46.198196, -80.744025 46.198972, -80.744682 46.199747, -80.745339 46.200522, -80.745996 46.201297, -80.746653 46.202073, -80.747310 46.202848, -80.747967 46.203623, -80.748624 46.204399, -80.749281 46.205174, -80.749938 46.205949, -80.750595 46.206725, -80.751252 46.207500, -80.751909 46.208275, -80.752566 46.209050, -80.753223 46.209826, -80.753880 46.210601, -80.754537 46.211376, -80.755195 46.212152, -80.755852 46.212927, -80.756509 46.213702, -80.757166 46.214477, -80.757824 46.215253, -80.758481 46.216028, -80.759138 46.216803, -80.759796 46.217578, -80.760453 46.218354, -80.761110 46.219129, -80.761768 46.219904, -80.762425 46.220679, -80.763083 46.221454, -80.763740 46.222230, -80.764397 46.223005, -80.765055 46.223780, -80.765712 46.224555, -80.766370 46.225330, -80.767027 46.226106, -80.767685 46.226881, -80.768343 46.227656, -80.769000 46.228431, -80.769658 46.229206, -80.770315 46.229982, -80.770973 46.230757, -80.771631 46.231532, -80.772288 46.232307, -80.772946 46.233082, -80.773604 46.233857, -80.774262 46.234633, -80.774919 46.235408, -80.775577 46.236183, -80.776235 46.236958, -80.776893 46.237733, -80.777551 46.238508, -80.778208 46.239283, -80.778866 46.240058, -80.779524 46.240834, -80.780182 46.241609, -80.780840 46.242384, -80.781498 46.243159, -80.782156 46.243934, -80.782814 46.244709, -80.783472 46.245484, -80.784130 46.246259, -80.784788 46.247034, -80.785446 46.247810, -80.786104 46.248585, -80.786762 46.249360, -80.787420 46.250135, -80.788078 46.250910, -80.788737 46.251685, -80.789395 46.252460, -80.790053 46.253235, -80.790711 46.254010, -80.791369 46.254785, -80.792028 46.255560, -80.792686 46.256335, -80.793344 46.257110, -80.794002 46.257885, -80.794661 46.258660, -80.795319 46.259435, -80.795977 46.260210, -80.796636 46.260986, -80.797294 46.261761, -80.797953 46.262536, -80.798611 46.263311, -80.799269 46.264086, -80.799928 46.264861, -80.800586 46.265636, -80.801245 46.266411, -80.801903 46.267186, -80.802562 46.267961, -80.803221 46.268736, -80.803879 46.269511, -80.804538 46.270286, -80.805196 46.271061, -80.805855 46.271835, -80.806514 46.272610, -80.807172 46.273385, -80.807831 46.274160, -80.808490 46.274935, -80.809148 46.275710, -80.809807 46.276485, -80.810466 46.277260, -80.811125 46.278035, -80.811783 46.278810, -80.812442 46.279585, -80.813101 46.280360, -80.813760 46.281135, -80.814419 46.281910, -80.815078 46.282685, -80.815737 46.283460, -80.816396 46.284235, -80.817055 46.285009, -80.817714 46.285784, -80.818373 46.286559, -80.819032 46.287334, -80.819691 46.288109, -80.820350 46.288884, -80.821009 46.289659, -80.821668 46.290434, -80.822327 46.291209, -80.822986 46.291983, -80.823645 46.292758, -80.824304 46.293533, -80.824963 46.294308, -80.825623 46.295083, -80.826282 46.295858, -80.826941 46.296633, -80.827600 46.297407, -80.828260 46.298182, -80.828919 46.298957, -80.829578 46.299732, -80.830237 46.300507, -80.830897 46.301282, -80.831556 46.302056, -80.832216 46.302831, -80.832875 46.303606, -80.833534 46.304381, -80.834194 46.305156, -80.834853 46.305931, -80.835513 46.306705, -80.836172 46.307480, -80.836832 46.308255, -80.837491 46.309030, -80.838151 46.309805, -80.838810 46.310579, -80.839470 46.311354, -80.840130 46.312129, -80.840789 46.312904, -80.841449 46.313678, -80.842108 46.314453, -80.842768 46.315228, -80.843428 46.316003, -80.844088 46.316777, -80.844747 46.317552, -80.845407 46.318327, -80.846067 46.319102, -80.846727 46.319876, -80.847386 46.320651, -80.848046 46.321426, -80.848706 46.322201, -80.849366 46.322975, -80.850026 46.323750, -80.850686 46.324525, -80.851346 46.325299, -80.852006 46.326074, -80.852666 46.326849, -80.853325 46.327624, -80.853985 46.328398, -80.854646 46.329173, -80.855306 46.329948, -80.855966 46.330722, -80.856626 46.331497, -80.857286 46.332272, -80.857946 46.333046, -80.858606 46.333821, -80.859266 46.334596, -80.859926 46.335370, -80.860586 46.336145, -80.861247 46.336920, -80.861907 46.337694, -80.862567 46.338469, -80.863227 46.339244, -80.863888 46.340018, -80.864548 46.340793, -80.865208 46.341568, -80.865869 46.342342, -80.866529 46.343117, -80.867189 46.343891, -80.867850 46.344666, -80.868510 46.345441, -80.869171 46.346215, -80.869831 46.346990, -80.870491 46.347764, -80.871152 46.348539, -80.871812 46.349314, -80.872473 46.350088, -80.873133 46.350863, -80.873794 46.351637, -80.874455 46.352412, -80.875115 46.353187, -80.875776 46.353961, -80.876436 46.354736, -80.877097 46.355510, -80.877758 46.356285, -80.878418 46.357059, -80.879079 46.357834, -80.879740 46.358608, -80.880401 46.359383, -80.881061 46.360158, -80.881722 46.360932, -80.882383 46.361707, -80.883044 46.362481, -80.883705 46.363256, -80.884365 46.364030, -80.885026 46.364805, -80.885687 46.365579, -80.886348 46.366354, -80.887009 46.367128, -80.887670 46.367903, -80.888331 46.368677, -80.888992 46.369452, -80.889653 46.370226, -80.890314 46.371001, -80.890975 46.371775, -80.891636 46.372550, -80.892297 46.373324, -80.892958 46.374099, -80.893619 46.374873, -80.894281 46.375648, -80.894942 46.376422, -80.895603 46.377196, -80.896264 46.377971, -80.896925 46.378745, -80.897587 46.379520, -80.898248 46.380294, -80.898909 46.381069, -80.899570 46.381843, -80.900232 46.382618, -80.900893 46.383392, -80.901554 46.384166, -80.902216 46.384941, -80.902877 46.385715, -80.903538 46.386490, -80.904200 46.387264, -80.904861 46.388038, -80.905523 46.388813, -80.906184 46.389587, -80.906846 46.390362, -80.907507 46.391136, -80.908169 46.391910, -80.908830 46.392685, -80.909492 46.393459, -80.910153 46.394234, -80.910815 46.395008, -80.911477 46.395782, -80.912138 46.396557, -80.912800 46.397331, -80.913462 46.398105, -80.914123 46.398880, -80.914785 46.399654, -80.915447 46.400428, -80.916109 46.401203, -80.916770 46.401977, -80.917432 46.402751, -80.918094 46.403526, -80.918756 46.404300, -80.919418 46.405074, -80.920080 46.405849, -80.920741 46.406623, -80.921403 46.407397, -80.922065 46.408172, -80.922727 46.408946, -80.923389 46.409720, -80.924051 46.410494, -80.924713 46.411269, -80.925375 46.412043, -80.926037 46.412817, -80.926699 46.413592, -80.927361 46.414366, -80.928023 46.415140, -80.928686 46.415914, -80.929348 46.416689, -80.930010 46.417463, -80.930672 46.418237, -80.931334 46.419011, -80.931996 46.419786, -80.932659 46.420560, -80.933321 46.421334, -80.933983 46.422108, -80.934645 46.422883, -80.935308 46.423657, -80.935970 46.424431, -80.936632 46.425205, -80.937295 46.425980, -80.937957 46.426754, -80.938619 46.427528, -80.939282 46.428302, -80.939944 46.429076, -80.940607 46.429851, -80.941269 46.430625, -80.941932 46.431399, -80.942594 46.432173, -80.943257 46.432947, -80.943919 46.433721, -80.944582 46.434496, -80.945244 46.435270, -80.945907 46.436044, -80.946570 46.436818, -80.947232 46.437592, -80.947895 46.438366, -80.948558 46.439141, -80.949220 46.439915, -80.949883 46.440689, -80.950546 46.441463, -80.951209 46.442237, -80.951871 46.443011, -80.952534 46.443785, -80.953197 46.444560, -80.953860 46.445334, -80.954523 46.446108, -80.955185 46.446882, -80.955848 46.447656, -80.956511 46.448430, -80.957174 46.449204, -80.957837 46.449978, -80.958500 46.450752, -80.959163 46.451527, -80.959826 46.452301, -80.960489 46.453075, -80.961152 46.453849, -80.961815 46.454623, -80.962478 46.455397, -80.963141 46.456171, -80.963804 46.456945, -80.964468 46.457719, -80.965131 46.458493, -80.965794 46.459267, -80.966457 46.460041, -80.967120 46.460815, -80.967784 46.461589, -80.968447 46.462363, -80.969110 46.463137, -80.969773 46.463911, -80.970437 46.464685, -80.971100 46.465459, -80.971763 46.466233, -80.972427 46.467007, -80.973090 46.467782, -80.973753 46.468556, -80.974417 46.469330, -80.975080 46.470104, -80.975744 46.470878, -80.976407 46.471651, -80.977071 46.472425, -80.977734 46.473199, -80.978398 46.473973, -80.979061 46.474747, -80.979725 46.475521, -80.980388 46.476295, -80.981052 46.477069, -80.981716 46.477843, -80.982379 46.478617, -80.983043 46.479391, -80.983707 46.480165, -80.984370 46.480939, -80.985034 46.481713, -80.985698 46.482487, -80.986361 46.483261, -80.987025 46.484035, -80.987689 46.484809, -80.988353 46.485583, -80.989017 46.486357, -80.989680 46.487130, -80.990344 46.487904, -80.991008 46.488678, -80.991672 46.489452, -80.992336 46.490226, -80.993000 46.491000), (-80.993000 46.491000, -81.002680 46.496126, -81.012362 46.501251, -81.022045 46.506375, -81.031730 46.511499, -81.041417 46.516622, -81.051106 46.521743, -81.060797 46.526864, -81.070490 46.531985, -81.080184 46.537104, -81.089881 46.542223, -81.099579 46.547340, -81.109279 46.552457, -81.118980 46.557573, -81.128684 46.562689, -81.138389 46.567803, -81.148097 46.572917, -81.157806 46.578030, -81.167517 46.583142, -81.177229 46.588253, -81.186944 46.593363, -81.196660 46.598473, -81.206379 46.603582, -81.216099 46.608689, -81.225821 46.613797, -81.235544 46.618903, -81.245270 46.624008, -81.254997 46.629113, -81.264727 46.634217, -81.274458 46.639320, -81.284191 46.644422, -81.293925 46.649523, -81.303662 46.654623, -81.313400 46.659723, -81.323141 46.664822, -81.332883 46.669920, -81.342627 46.675017, -81.352372 46.680113, -81.362120 46.685209, -81.371869 46.690304, -81.381621 46.695398, -81.391374 46.700491, -81.401129 46.705583, -81.410886 46.710674, -81.420644 46.715765, -81.430405 46.720854, -81.440167 46.725943, -81.449931 46.731031, -81.459697 46.736119, -81.469465 46.741205, -81.479235 46.746291, -81.489006 46.751375, -81.498780 46.756459, -81.508555 46.761542, -81.518332 46.766624, -81.528111 46.771706, -81.537892 46.776786, -81.547674 46.781866, -81.557459 46.786945, -81.567245 46.792023, -81.577033 46.797100, -81.586823 46.802177, -81.596615 46.807252, -81.606409 46.812327, -81.616204 46.817401, -81.626002 46.822474, -81.635801 46.827546, -81.645602 46.832618, -81.655405 46.837688, -81.665210 46.842758, -81.675017 46.847827, -81.684825 46.852895, -81.694635 46.857962, -81.704448 46.863028, -81.714262 46.868094, -81.724078 46.873159, -81.733895 46.878222, -81.743715 46.883285, -81.753536 46.888348, -81.763360 46.893409, -81.773185 46.898469, -81.783012 46.903529, -81.792841 46.908588, -81.802671 46.913646, -81.812504 46.918703, -81.822339 46.923759, -81.832175 46.928815, -81.842013 46.933869, -81.851853 46.938923, -81.861695 46.943976, -81.871539 46.949028, -81.881384 46.954079, -81.891232 46.959130, -81.901081 46.964179, -81.910932 46.969228, -81.920785 46.974276, -81.930640 46.979323, -81.940497 46.984369, -81.950355 46.989414, -81.960216 46.994459, -81.970078 46.999502, -81.979942 47.004545, -81.989808 47.009587, -81.999676 47.014628, -82.009546 47.019668, -82.019418 47.024708, -82.029291 47.029746, -82.039167 47.034784, -82.049044 47.039821, -82.058923 47.044857, -82.068804 47.049892, -82.078687 47.054926, -82.088571 47.059959, -82.098458 47.064992, -82.108346 47.070024, -82.118237 47.075055, -82.128129 47.080085, -82.138023 47.085114, -82.147919 47.090142, -82.157817 47.095170, -82.167716 47.100196, -82.177618 47.105222, -82.187521 47.110247, -82.197426 47.115271, -82.207334 47.120294, -82.217243 47.125316, -82.227153 47.130338, -82.237066 47.135359, -82.246981 47.140378, -82.256897 47.145397, -82.266816 47.150415, -82.276736 47.155433, -82.286658 47.160449, -82.296582 47.165464, -82.306508 47.170479, -82.316435 47.175493, -82.326365 47.180506, -82.336296 47.185518, -82.346230 47.190529, -82.356165 47.195539, -82.366102 47.200549, -82.376041 47.205558, -82.385982 47.210565, -82.395925 47.215572, -82.405869 47.220578, -82.415816 47.225583, -82.425764 47.230588, -82.435714 47.235591, -82.445666 47.240594, -82.455620 47.245596, -82.465576 47.250597, -82.475534 47.255597, -82.485494 47.260596, -82.495455 47.265594, -82.505419 47.270591, -82.515384 47.275588, -82.525351 47.280584, -82.535320 47.285579, -82.545291 47.290573, -82.555264 47.295566, -82.565239 47.300558, -82.575215 47.305549, -82.585194 47.310540, -82.595174 47.315529, -82.605156 47.320518, -82.615140 47.325506, -82.625126 47.330493, -82.635114 47.335479, -82.645104 47.340465, -82.655096 47.345449, -82.665089 47.350433, -82.675085 47.355415, -82.685082 47.360397, -82.695081 47.365378, -82.705082 47.370358, -82.715085 47.375338, -82.725090 47.380316, -82.735097 47.385293, -82.745105 47.390270, -82.755116 47.395246, -82.765128 47.400221, -82.775143 47.405195, -82.785159 47.410168, -82.795177 47.415140, -82.805197 47.420111, -82.815219 47.425082, -82.825243 47.430052, -82.835268 47.435020, -82.845296 47.439988, -82.855326 47.444955, -82.865357 47.449921, -82.875390 47.454887, -82.885425 47.459851, -82.895462 47.464815, -82.905501 47.469777, -82.915542 47.474739, -82.925585 47.479700, -82.935629 47.484660, -82.945676 47.489619, -82.955724 47.494577, -82.965775 47.499535, -82.975827 47.504491, -82.985881 47.509447, -82.995937 47.514401, -83.005995 47.519355, -83.016055 47.524308, -83.026117 47.529260, -83.036180 47.534212, -83.046246 47.539162, -83.056313 47.544111, -83.066382 47.549060, -83.076454 47.554008, -83.086527 47.558955, -83.096602 47.563900, -83.106679 47.568846, -83.116758 47.573790, -83.126838 47.578733, -83.136921 47.583675, -83.147005 47.588617, -83.157092 47.593558, -83.167180 47.598497, -83.177270 47.603436, -83.187363 47.608374, -83.197457 47.613311, -83.207553 47.618247, -83.217651 47.623183, -83.227750 47.628117, -83.237852 47.633051, -83.247956 47.637983, -83.258061 47.642915, -83.268168 47.647846, -83.278278 47.652776, -83.288389 47.657705, -83.298502 47.662633, -83.308617 47.667561, -83.318734 47.672487, -83.328853 47.677413, -83.338974 47.682337, -83.349097 47.687261, -83.359221 47.692184, -83.369348 47.697106, -83.379476 47.702027, -83.389606 47.706947, -83.399739 47.711867, -83.409873 47.716785, -83.420009 47.721703, -83.430147 47.726619, -83.440287 47.731535, -83.450429 47.736450, -83.460572 47.741364, -83.470718 47.746277, -83.480865 47.751189, -83.491015 47.756100, -83.501166 47.761011, -83.511320 47.765920, -83.521475 47.770829, -83.531632 47.775737, -83.541791 47.780643, -83.551952 47.785549, -83.562115 47.790454, -83.572280 47.795358, -83.582447 47.800262, -83.592615 47.805164, -83.602786 47.810065, -83.612958 47.814966, -83.623133 47.819866, -83.633309 47.824764, -83.643487 47.829662, -83.653667 47.834559, -83.663849 47.839455, -83.674033 47.844350, -83.684219 47.849244, -83.694407 47.854138, -83.704597 47.859030, -83.714789 47.863922, -83.724982 47.868812, -83.735178 47.873702, -83.745375 47.878591, -83.755575 47.883479, -83.765776 47.888366, -83.775979 47.893252, -83.786185 47.898137, -83.796392 47.903021, -83.806601 47.907905, -83.816812 47.912787, -83.827025 47.917669, -83.837239 47.922549, -83.847456 47.927429, -83.857675 47.932308, -83.867895 47.937186, -83.878118 47.942063, -83.888342 47.946939, -83.898569 47.951814, -83.908797 47.956689, -83.919027 47.961562, -83.929259 47.966435, -83.939494 47.971306, -83.949730 47.976177, -83.959968 47.981047, -83.970207 47.985916, -83.980449 47.990784, -83.990693 47.995651, -84.000939 48.000517, -84.011186 48.005382, -84.021436 48.010246, -84.031687 48.015110, -84.041941 48.019972, -84.052196 48.024834, -84.062453 48.029694, -84.072713 48.034554, -84.082974 48.039413, -84.093237 48.044271, -84.103502 48.049128, -84.113769 48.053984, -84.124038 48.058839, -84.134309 48.063693, -84.144582 48.068547, -84.154856 48.073399, -84.165133 48.078251, -84.175411 48.083101, -84.185692 48.087951, -84.195974 48.092800, -84.206259 48.097648, -84.216545 48.102495, -84.226834 48.107341, -84.237124 48.112186, -84.247416 48.117030, -84.257710 48.121873, -84.268006 48.126715, -84.278304 48.131557, -84.288604 48.136397, -84.298906 48.141237, -84.309210 48.146076, -84.319515 48.150913, -84.329823 48.155750, -84.340133 48.160586, -84.350444 48.165421, -84.360758 48.170255, -84.371073 48.175088, -84.381391 48.179920, -84.391710 48.184752, -84.402032 48.189582, -84.412355 48.194411, -84.422680 48.199240, -84.433007 48.204068, -84.443336 48.208894, -84.453667 48.213720, -84.464000 48.218545, -84.474335 48.223369, -84.484672 48.228192, -84.495011 48.233014, -84.505352 48.237835, -84.515695 48.242655, -84.526039 48.247474, -84.536386 48.252292, -84.546734 48.257110, -84.557085 48.261926, -84.567438 48.266742, -84.577792 48.271556, -84.588148 48.276370, -84.598507 48.281183, -84.608867 48.285995, -84.619229 48.290805, -84.629593 48.295615, -84.639960 48.300424, -84.650328 48.305233, -84.660698 48.310040, -84.671070 48.314846, -84.681444 48.319651, -84.691820 48.324456, -84.702197 48.329259, -84.712577 48.334061, -84.722959 48.338863, -84.733343 48.343664, -84.743729 48.348463, -84.754116 48.353262, -84.764506 48.358060, -84.774897 48.362857, -84.785291 48.367653, -84.795686 48.372448, -84.806084 48.377242, -84.816483 48.382035, -84.826885 48.386827, -84.837288 48.391618, -84.847693 48.396409, -84.858100 48.401198, -84.868510 48.405987, -84.878921 48.410774, -84.889334 48.415561, -84.899749 48.420346, -84.910166 48.425131, -84.920585 48.429915, -84.931006 48.434697, -84.941429 48.439479, -84.951854 48.444260, -84.962281 48.449040, -84.972709 48.453819, -84.983140 48.458597, -84.993573 48.463374, -85.004008 48.468151, -85.014444 48.472926, -85.024883 48.477700, -85.035323 48.482474, -85.045766 48.487246, -85.056210 48.492018, -85.066657 48.496788, -85.077105 48.501558, -85.087556 48.506326, -85.098008 48.511094, -85.108463 48.515861, -85.118919 48.520627, -85.129377 48.525392, -85.139837 48.530155, -85.150300 48.534918, -85.160764 48.539680, -85.171230 48.544441, -85.181698 48.549202, -85.192168 48.553961, -85.202640 48.558719, -85.213114 48.563476, -85.223590 48.568233, -85.234068 48.572988, -85.244548 48.577742, -85.255030 48.582496, -85.265514 48.587248, -85.276000 48.592000, -85.288653 48.591544, -85.301307 48.591086, -85.313959 48.590627, -85.326612 48.590166, -85.339265 48.589704, -85.351917 48.589241, -85.364569 48.588777, -85.377221 48.588311, -85.389872 48.587843, -85.402523 48.587374, -85.415175 48.586904, -85.427825 48.586432, -85.440476 48.585960, -85.453126 48.585485, -85.465776 48.585009, -85.478426 48.584532, -85.491076 48.584054, -85.503725 48.583574, -85.516375 48.583093, -85.529023 48.582610, -85.541672 48.582126, -85.554321 48.581640, -85.566969 48.581154, -85.579617 48.580665, -85.592264 48.580176, -85.604912 48.579685, -85.617559 48.579193, -85.630206 48.578699, -85.642853 48.578204, -85.655499 48.577707, -85.668145 48.577209, -85.680791 48.576710, -85.693437 48.576209, -85.706083 48.575707, -85.718728 48.575204, -85.731373 48.574699, -85.744018 48.574193, -85.756662 48.573685, -85.769306 48.573176, -85.781950 48.572666, -85.794594 48.572154, -85.807237 48.571641, -85.819880 48.571126, -85.832523 48.570611, -85.845166 48.570093, -85.857808 48.569575, -85.870451 48.569055, -85.883093 48.568533, -85.895734 48.568010, -85.908376 48.567486, -85.921017 48.566960, -85.933657 48.566434, -85.946298 48.565905, -85.958938 48.565375, -85.971578 48.564844, -85.984218 48.564312, -85.996858 48.563778, -86.009497 48.563243, -86.022136 48.562706, -86.034775 48.562168, -86.047413 48.561629, -86.060051 48.561088, -86.072689 48.560546, -86.085327 48.560002, -86.097964 48.559457, -86.110601 48.558911, -86.123238 48.558363, -86.135875 48.557814, -86.148511 48.557263, -86.161147 48.556712, -86.173783 48.556158, -86.186418 48.555604, -86.199053 48.555048, -86.211688 48.554490, -86.224323 48.553931, -86.236957 48.553371, -86.249591 48.552810, -86.262225 48.552247, -86.274858 48.551683, -86.287491 48.551117, -86.300124 48.550550, -86.312757 48.549981, -86.325389 48.549411, -86.338021 48.548840, -86.350653 48.548268, -86.363285 48.547694, -86.375916 48.547118, -86.388547 48.546542, -86.401177 48.545963, -86.413808 48.545384, -86.426438 48.544803, -86.439068 48.544221, -86.451697 48.543637, -86.464326 48.543052, -86.476955 48.542466, -86.489584 48.541878, -86.502212 48.541289, -86.514840 48.540698, -86.527468 48.540106, -86.540095 48.539513, -86.552722 48.538918, -86.565349 48.538322, -86.577976 48.537725, -86.590602 48.537126, -86.603228 48.536526, -86.615853 48.535924, -86.628479 48.535321, -86.641104 48.534717, -86.653728 48.534111, -86.666353 48.533504, -86.678977 48.532895, -86.691601 48.532285, -86.704224 48.531674, -86.716847 48.531061, -86.729470 48.530447, -86.742093 48.529832, -86.754715 48.529215, -86.767337 48.528597, -86.779959 48.527978, -86.792580 48.527357, -86.805201 48.526734, -86.817822 48.526111, -86.830442 48.525486, -86.843063 48.524859, -86.855682 48.524231, -86.868302 48.523602, -86.880921 48.522972, -86.893540 48.522340, -86.906158 48.521706, -86.918777 48.521072, -86.931395 48.520435, -86.944012 48.519798, -86.956629 48.519159, -86.969246 48.518519, -86.981863 48.517877, -86.994479 48.517234, -87.007095 48.516590, -87.019711 48.515944, -87.032326 48.515297, -87.044941 48.514649, -87.057556 48.513999, -87.070170 48.513347, -87.082785 48.512695, -87.095398 48.512041, -87.108012 48.511385, -87.120625 48.510729, -87.133237 48.510070, -87.145850 48.509411, -87.158462 48.508750, -87.171074 48.508088, -87.183685 48.507424, -87.196296 48.506759, -87.208907 48.506093, -87.221518 48.505425, -87.234128 48.504756, -87.246737 48.504085, -87.259347 48.503413, -87.271956 48.502740, -87.284565 48.502065, -87.297173 48.501389, -87.309781 48.500712, -87.322389 48.500033, -87.334997 48.499353, -87.347604 48.498671, -87.360210 48.497988, -87.372817 48.497304, -87.385423 48.496618, -87.398029 48.495931, -87.410634 48.495243, -87.423239 48.494553, -87.435844 48.493862, -87.448448 48.493169, -87.461052 48.492475, -87.473656 48.491780, -87.486259 48.491083, -87.498862 48.490385, -87.511465 48.489686, -87.524067 48.488985, -87.536669 48.488283, -87.549270 48.487579, -87.561872 48.486874, -87.574473 48.486168, -87.587073 48.485460, -87.599673 48.484751, -87.612273 48.484040, -87.624873 48.483329, -87.637472 48.482615, -87.650070 48.481901, -87.662669 48.481185, -87.675267 48.480467, -87.687865 48.479749, -87.700462 48.479029, -87.713059 48.478307, -87.725655 48.477584, -87.738252 48.476860, -87.750848 48.476135, -87.763443 48.475408, -87.776038 48.474679, -87.788633 48.473950, -87.801228 48.473219, -87.813822 48.472486, -87.826415 48.471752, -87.839009 48.471017, -87.851602 48.470281, -87.864194 48.469543, -87.876787 48.468803, -87.889379 48.468063, -87.901970 48.467320, -87.914561 48.466577, -87.927152 48.465832, -87.939743 48.465086, -87.952333 48.464338, -87.964922 48.463590, -87.977512 48.462839, -87.990100 48.462088, -88.002689 48.461335, -88.015277 48.460580, -88.027865 48.459824, -88.040452 48.459067, -88.053040 48.458309, -88.065626 48.457549, -88.078213 48.456787, -88.090798 48.456025, -88.103384 48.455261, -88.115969 48.454495, -88.128554 48.453729, -88.141138 48.452960, -88.153722 48.452191, -88.166306 48.451420, -88.178889 48.450648, -88.191472 48.449874, -88.204055 48.449099, -88.216637 48.448323, -88.229219 48.447545, -88.241800 48.446766, -88.254381 48.445985, -88.266961 48.445203, -88.279542 48.444420, -88.292121 48.443636, -88.304701 48.442850, -88.317280 48.442062, -88.329858 48.441274, -88.342437 48.440483, -88.355015 48.439692, -88.367592 48.438899, -88.380169 48.438105, -88.392746 48.437309, -88.405322 48.436512, -88.417898 48.435714, -88.430473 48.434914, -88.443048 48.434113, -88.455623 48.433311, -88.468197 48.432507, -88.480771 48.431702, -88.493345 48.430895, -88.505918 48.430088, -88.518491 48.429278, -88.531063 48.428468, -88.543635 48.427656, -88.556206 48.426842, -88.568777 48.426028, -88.581348 48.425211, -88.593918 48.424394, -88.606488 48.423575, -88.619058 48.422755, -88.631627 48.421933, -88.644195 48.421110, -88.656764 48.420286, -88.669332 48.419460, -88.681899 48.418633, -88.694466 48.417805, -88.707033 48.416975, -88.719599 48.416144, -88.732165 48.415311, -88.744730 48.414477, -88.757295 48.413642, -88.769859 48.412805, -88.782424 48.411967, -88.794987 48.411128, -88.807551 48.410287, -88.820114 48.409445, -88.832676 48.408602, -88.845238 48.407757, -88.857800 48.406911, -88.870361 48.406063, -88.882922 48.405214, -88.895482 48.404364, -88.908042 48.403512, -88.920602 48.402659, -88.933161 48.401805, -88.945720 48.400949, -88.958278 48.400092, -88.970836 48.399233, -88.983393 48.398373, -88.995950 48.397512, -89.008507 48.396649, -89.021063 48.395785, -89.033619 48.394920, -89.046174 48.394053, -89.058729 48.393185, -89.071283 48.392316, -89.083837 48.391445, -89.096391 48.390573, -89.108944 48.389699, -89.121497 48.388824, -89.134049 48.387948, -89.146601 48.387070, -89.159152 48.386191, -89.171703 48.385311, -89.184254 48.384429, -89.196804 48.383546, -89.209354 48.382662, -89.221903 48.381776, -89.234452 48.380889, -89.247000 48.380000, -89.258552 48.383411, -89.270105 48.386821, -89.281660 48.390230, -89.293216 48.393638, -89.304774 48.397045, -89.316334 48.400450, -89.327895 48.403854, -89.339457 48.407258, -89.351022 48.410660, -89.362587 48.414060, -89.374154 48.417460, -89.385723 48.420859, -89.397294 48.424256, -89.408865 48.427652, -89.420439 48.431047, -89.432014 48.434441, -89.443590 48.437834, -89.455168 48.441225, -89.466748 48.444616, -89.478329 48.448005, -89.489912 48.451393, -89.501496 48.454780, -89.513082 48.458166, -89.524669 48.461550, -89.536258 48.464933, -89.547848 48.468316, -89.559440 48.471697, -89.571034 48.475077, -89.582629 48.478455, -89.594226 48.481833, -89.605824 48.485209, -89.617423 48.488585, -89.629025 48.491959, -89.640627 48.495332, -89.652232 48.498703, -89.663838 48.502074, -89.675445 48.505444, -89.687054 48.508812, -89.698664 48.512179, -89.710276 48.515545, -89.721890 48.518910, -89.733505 48.522273, -89.745122 48.525636, -89.756740 48.528997, -89.768360 48.532357, -89.779981 48.535716, -89.791604 48.539074, -89.803228 48.542430, -89.814854 48.545785, -89.826482 48.549140, -89.838111 48.552493, -89.849741 48.555845, -89.861373 48.559195, -89.873007 48.562545, -89.884642 48.565893, -89.896279 48.569240, -89.907917 48.572587, -89.919557 48.575931, -89.931198 48.579275, -89.942841 48.582618, -89.954485 48.585959, -89.966131 48.589299, -89.977779 48.592638, -89.989428 48.595976, -90.001078 48.599312, -90.012730 48.602648, -90.024384 48.605982, -90.036039 48.609315, -90.047696 48.612647, -90.059354 48.615978, -90.071014 48.619308, -90.082675 48.622636, -90.094338 48.625963, -90.106003 48.629289, -90.117669 48.632614, -90.129336 48.635938, -90.141005 48.639260, -90.152676 48.642582, -90.164348 48.645902, -90.176021 48.649221, -90.187696 48.652539, -90.199373 48.655855, -90.211051 48.659171, -90.222731 48.662485, -90.234413 48.665798, -90.246095 48.669110, -90.257780 48.672421, -90.269466 48.675730, -90.281153 48.679038, -90.292842 48.682346, -90.304533 48.685652, -90.316225 48.688956, -90.327918 48.692260, -90.339613 48.695562, -90.351310 48.698864, -90.363008 48.702164, -90.374708 48.705463, -90.386409 48.708760, -90.398112 48.712057, -90.409816 48.715352, -90.421522 48.718646, -90.433230 48.721939, -90.444938 48.725231, -90.456649 48.728522, -90.468361 48.731811, -90.480074 48.735099, -90.491789 48.738386, -90.503506 48.741672, -90.515224 48.744957, -90.526944 48.748240, -90.538665 48.751522, -90.550388 48.754803, -90.562112 48.758083, -90.573838 48.761362, -90.585565 48.764639, -90.597294 48.767916, -90.609024 48.771191, -90.620756 48.774465, -90.632490 48.777738, -90.644225 48.781009, -90.655961 48.784280, -90.667699 48.787549, -90.679439 48.790817, -90.691180 48.794083, -90.702922 48.797349, -90.714666 48.800613, -90.726412 48.803877, -90.738159 48.807139, -90.749908 48.810400, -90.761658 48.813659, -90.773410 48.816918, -90.785163 48.820175, -90.796918 48.823431, -90.808674 48.826686, -90.820432 48.829939, -90.832192 48.833192, -90.843953 48.836443, -90.855715 48.839693, -90.867479 48.842942, -90.879245 48.846190, -90.891012 48.849436, -90.902780 48.852681, -90.914550 48.855925, -90.926322 48.859168, -90.938095 48.862410, -90.949870 48.865651, -90.961646 48.868890, -90.973424 48.872128, -90.985203 48.875365, -90.996984 48.878600, -91.008766 48.881835, -91.020550 48.885068, -91.032335 48.888300, -91.044122 48.891531, -91.055910 48.894761, -91.067700 48.897989, -91.079492 48.901217, -91.091285 48.904443, -91.103079 48.907668, -91.114875 48.910891, -91.126672 48.914114, -91.138472 48.917335, -91.150272 48.920555, -91.162074 48.923774, -91.173878 48.926992, -91.185683 48.930208, -91.197490 48.933423, -91.209298 48.936637, -91.221107 48.939850, -91.232919 48.943062, -91.244731 48.946272, -91.256546 48.949481, -91.268361 48.952689, -91.280179 48.955896, -91.291997 48.959102, -91.303818 48.962306, -91.315640 48.965509, -91.327463 48.968711, -91.339288 48.971912, -91.351114 48.975112, -91.362942 48.978310, -91.374772 48.981507, -91.386602 48.984703, -91.398435 48.987898, -91.410269 48.991091, -91.422104 48.994284, -91.433941 48.997475, -91.445780 49.000664, -91.457620 49.003853, -91.469462 49.007041, -91.481305 49.010227, -91.493149 49.013412, -91.504995 49.016596, -91.516843 49.019778, -91.528692 49.022960, -91.540543 49.026140, -91.552395 49.029319, -91.564249 49.032497, -91.576104 49.035673, -91.587961 49.038848, -91.599819 49.042022, -91.611679 49.045195, -91.623540 49.048367, -91.635403 49.051537, -91.647267 49.054707, -91.659133 49.057875, -91.671000 49.061042, -91.682869 49.064207, -91.694739 49.067372, -91.706611 49.070535, -91.718484 49.073697, -91.730359 49.076857, -91.742235 49.080017, -91.754113 49.083175, -91.765993 49.086332, -91.777874 49.089488, -91.789756 49.092643, -91.801640 49.095796, -91.813525 49.098948, -91.825412 49.102099, -91.837301 49.105249, -91.849191 49.108397, -91.861082 49.111545, -91.872975 49.114691, -91.884870 49.117836, -91.896766 49.120979, -91.908663 49.124122, -91.920562 49.127263, -91.932463 49.130403, -91.944365 49.133542, -91.956268 49.136679, -91.968173 49.139816, -91.980080 49.142951, -91.991988 49.146084, -92.003898 49.149217, -92.015809 49.152348, -92.027721 49.155479, -92.039635 49.158608, -92.051551 49.161735, -92.063468 49.164862, -92.075386 49.167987, -92.087307 49.171111, -92.099228 49.174234, -92.111151 49.177356, -92.123076 49.180476, -92.135002 49.183595, -92.146930 49.186713, -92.158859 49.189830, -92.170789 49.192945, -92.182721 49.196059, -92.194655 49.199172, -92.206590 49.202284, -92.218527 49.205395, -92.230465 49.208504, -92.242405 49.211612, -92.254346 49.214719, -92.266288 49.217824, -92.278233 49.220929, -92.290178 49.224032, -92.302125 49.227134, -92.314074 49.230235, -92.326024 49.233334, -92.337976 49.236432, -92.349929 49.239529, -92.361883 49.242625, -92.373840 49.245719, -92.385797 49.248813, -92.397756 49.251905, -92.409717 49.254996, -92.421679 49.258085, -92.433643 49.261174, -92.445608 49.264261, -92.457574 49.267346, -92.469543 49.270431, -92.481512 49.273515, -92.493483 49.276597, -92.505456 49.279678, -92.517430 49.282757, -92.529406 49.285836, -92.541383 49.288913, -92.553361 49.291989, -92.565341 49.295064, -92.577323 49.298137, -92.589306 49.301209, -92.601290 49.304280, -92.613277 49.307350, -92.625264 49.310419, -92.637253 49.313486, -92.649244 49.316552, -92.661236 49.319617, -92.673229 49.322681, -92.685224 49.325743, -92.697221 49.328804, -92.709219 49.331864, -92.721218 49.334923, -92.733219 49.337980, -92.745222 49.341036, -92.757226 49.344091, -92.769231 49.347145, -92.781238 49.350197, -92.793246 49.353248, -92.805256 49.356298, -92.817268 49.359347, -92.829281 49.362394, -92.841295 49.365440, -92.853311 49.368485, -92.865328 49.371529, -92.877347 49.374571, -92.889367 49.377613, -92.901389 49.380652, -92.913412 49.383691, -92.925437 49.386729, -92.937464 49.389765, -92.949491 49.392800, -92.961521 49.395834, -92.973551 49.398866, -92.985584 49.401897, -92.997617 49.404927, -93.009652 49.407956, -93.021689 49.410983, -93.033727 49.414010, -93.045767 49.417035, -93.057808 49.420058, -93.069851 49.423081, -93.081895 49.426102, -93.093940 49.429122, -93.105987 49.432141, -93.118036 49.435158, -93.130086 49.438174, -93.142138 49.441189, -93.154191 49.444203, -93.166245 49.447215, -93.178301 49.450227, -93.190358 49.453237, -93.202417 49.456245, -93.214478 49.459253, -93.226540 49.462259, -93.238603 49.465264, -93.250668 49.468268, -93.262734 49.471270, -93.274802 49.474271, -93.286871 49.477271, -93.298942 49.480270, -93.311014 49.483267, -93.323088 49.486263, -93.335163 49.489258, -93.347240 49.492252, -93.359318 49.495244, -93.371397 49.498235, -93.383479 49.501225, -93.395561 49.504214, -93.407645 49.507201, -93.419731 49.510187, -93.431818 49.513172, -93.443906 49.516156, -93.455996 49.519138, -93.468088 49.522119, -93.480180 49.525099, -93.492275 49.528077, -93.504371 49.531055, -93.516468 49.534031, -93.528567 49.537005, -93.540667 49.539979, -93.552769 49.542951, -93.564872 49.545922, -93.576977 49.548892, -93.589083 49.551860, -93.601190 49.554827, -93.613299 49.557793, -93.625410 49.560758, -93.637522 49.563721, -93.649636 49.566683, -93.661751 49.569644, -93.673867 49.572604, -93.685985 49.575562, -93.698104 49.578519, -93.710225 49.581475, -93.722347 49.584429, -93.734471 49.587383, -93.746596 49.590335, -93.758723 49.593285, -93.770851 49.596235, -93.782981 49.599183, -93.795112 49.602130, -93.807245 49.605076, -93.819379 49.608020, -93.831514 49.610963, -93.843651 49.613905, -93.855790 49.616846, -93.867930 49.619785, -93.880071 49.622723, -93.892214 49.625660, -93.904358 49.628595, -93.916504 49.631529, -93.928651 49.634462, -93.940800 49.637394, -93.952950 49.640324, -93.965102 49.643254, -93.977255 49.646182, -93.989409 49.649108, -94.001565 49.652033, -94.013723 49.654958, -94.025882 49.657880, -94.038042 49.660802, -94.050204 49.663722, -94.062367 49.666641, -94.074532 49.669559, -94.086698 49.672475, -94.098866 49.675390, -94.111035 49.678304, -94.123206 49.681217, -94.135378 49.684128, -94.147551 49.687038, -94.159726 49.689947, -94.171903 49.692854, -94.184080 49.695761, -94.196260 49.698665, -94.208441 49.701569, -94.220623 49.704471, -94.232807 49.707373, -94.244992 49.710272, -94.257178 49.713171, -94.269366 49.716068, -94.281556 49.718964, -94.293747 49.721859, -94.305939 49.724752, -94.318133 49.727644, -94.330329 49.730535, -94.342525 49.733425, -94.354724 49.736313, -94.366923 49.739200, -94.379124 49.742086, -94.391327 49.744970, -94.403531 49.747854, -94.415737 49.750736, -94.427944 49.753616, -94.440152 49.756495, -94.452362 49.759374, -94.464573 49.762250, -94.476786 49.765126, -94.489000 49.768000, -94.501936 49.768735, -94.514872 49.769468, -94.527809 49.770200, -94.540746 49.770931, -94.553684 49.771660, -94.566622 49.772388, -94.579560 49.773114, -94.592499 49.773839, -94.605438 49.774562, -94.618377 49.775284, -94.631317 49.776005, -94.644257 49.776724, -94.657198 49.777442, -94.670139 49.778158, -94.683080 49.778872, -94.696022 49.779586, -94.708964 49.780298, -94.721907 49.781008, -94.734850 49.781717, -94.747793 49.782425, -94.760737 49.783131, -94.773681 49.783835, -94.786625 49.784538, -94.799570 49.785240, -94.812515 49.785941, -94.825461 49.786639, -94.838407 49.787337, -94.851353 49.788033, -94.864300 49.788727, -94.877247 49.789421, -94.890194 49.790112, -94.903142 49.790802, -94.916090 49.791491, -94.929038 49.792179, -94.941987 49.792865, -94.954936 49.793549, -94.967886 49.794232, -94.980836 49.794914, -94.993786 49.795594, -95.006737 49.796272, -95.019688 49.796950, -95.032640 49.797625, -95.045591 49.798300, -95.058544 49.798973, -95.071496 49.799644, -95.084449 49.800314, -95.097402 49.800983, -95.110356 49.801650, -95.123310 49.802316, -95.136264 49.802980, -95.149219 49.803643, -95.162174 49.804304, -95.175129 49.804964, -95.188085 49.805622, -95.201041 49.806279, -95.213997 49.806935, -95.226954 49.807589, -95.239911 49.808242, -95.252868 49.808893, -95.265826 49.809543, -95.278784 49.810191, -95.291743 49.810838, -95.304702 49.811484, -95.317661 49.812128, -95.330620 49.812770, -95.343580 49.813411, -95.356541 49.814051, -95.369501 49.814689, -95.382462 49.815326, -95.395423 49.815962, -95.408385 49.816596, -95.421347 49.817228, -95.434309 49.817859, -95.447272 49.818489, -95.460235 49.819117, -95.473198 49.819743, -95.486162 49.820369, -95.499125 49.820992, -95.512090 49.821615, -95.525054 49.822236, -95.538019 49.822855, -95.550985 49.823473, -95.563950 49.824090, -95.576916 49.824705, -95.589882 49.825318, -95.602849 49.825931, -95.615816 49.826541, -95.628783 49.827151, -95.641751 49.827759, -95.654719 49.828365, -95.667687 49.828970, -95.680655 49.829574, -95.693624 49.830176, -95.706594 49.830776, -95.719563 49.831376, -95.732533 49.831973, -95.745503 49.832570, -95.758474 49.833165, -95.771444 49.833758, -95.784415 49.834350, -95.797387 49.834940, -95.810359 49.835530, -95.823331 49.836117, -95.836303 49.836703, -95.849276 49.837288, -95.862249 49.837871, -95.875222 49.838453, -95.888196 49.839034, -95.901170 49.839613, -95.914144 49.840190, -95.927119 49.840766, -95.940093 49.841341, -95.953069 49.841914, -95.966044 49.842485, -95.979020 49.843056, -95.991996 49.843625, -96.004972 49.844192, -96.017949 49.844758, -96.030926 49.845322, -96.043903 49.845885, -96.056881 49.846447, -96.069859 49.847007, -96.082837 49.847566, -96.095816 49.848123, -96.108795 49.848679, -96.121774 49.849233, -96.134753 49.849786, -96.147733 49.850337, -96.160713 49.850887, -96.173693 49.851436, -96.186674 49.851983, -96.199655 49.852528, -96.212636 49.853072, -96.225617 49.853615, -96.238599 49.854156, -96.251581 49.854696, -96.264563 49.855235, -96.277546 49.855772, -96.290529 49.856307, -96.303512 49.856841, -96.316496 49.857374, -96.329479 49.857905, -96.342463 49.858434, -96.355448 49.858963, -96.368432 49.859489, -96.381417 49.860015, -96.394403 49.860539, -96.407388 49.861061, -96.420374 49.861582, -96.433360 49.862102, -96.446346 49.862620, -96.459333 49.863136, -96.472320 49.863651, -96.485307 49.864165, -96.498294 49.864677, -96.511282 49.865188, -96.524270 49.865698, -96.537258 49.866205, -96.550247 49.866712, -96.563235 49.867217, -96.576225 49.867720, -96.589214 49.868223, -96.602203 49.868723, -96.615193 49.869222, -96.628183 49.869720, -96.641174 49.870216, -96.654165 49.870711, -96.667156 49.871205, -96.680147 49.871697, -96.693138 49.872187, -96.706130 49.872676, -96.719122 49.873164, -96.732114 49.873650, -96.745107 49.874135, -96.758100 49.874618, -96.771093 49.875100, -96.784086 49.875580, -96.797079 49.876059, -96.810073 49.876536, -96.823067 49.877012, -96.836062 49.877487, -96.849056 49.877960, -96.862051 49.878432, -96.875046 49.878902, -96.888041 49.879370, -96.901037 49.879838, -96.914033 49.880303, -96.927029 49.880768, -96.940025 49.881231, -96.953022 49.881692, -96.966019 49.882152, -96.979016 49.882611, -96.992013 49.883068, -97.005011 49.883523, -97.018009 49.883978, -97.031007 49.884430, -97.044005 49.884882, -97.057004 49.885332, -97.070002 49.885780, -97.083001 49.886227, -97.096001 49.886672, -97.109000 49.887116, -97.122000 49.887559, -97.135000 49.888000, -97.148046 49.887954, -97.161092 49.887906, -97.174137 49.887856, -97.187183 49.887805, -97.200229 49.887753, -97.213275 49.887699, -97.226320 49.887644, -97.239366 49.887587, -97.252412 49.887529, -97.265457 49.887469, -97.278503 49.887408, -97.291548 49.887346, -97.304594 49.887282, -97.317639 49.887216, -97.330684 49.887149, -97.343730 49.887081, -97.356775 49.887011, -97.369820 49.886940, -97.382866 49.886867, -97.395911 49.886793, -97.408956 49.886717, -97.422001 49.886640, -97.435046 49.886561, -97.448091 49.886481, -97.461136 49.886399, -97.474181 49.886316, -97.487226 49.886232, -97.500271 49.886146, -97.513316 49.886058, -97.526361 49.885969, -97.539405 49.885879, -97.552450 49.885787, -97.565495 49.885694, -97.578539 49.885599, -97.591584 49.885503, -97.604628 49.885405, -97.617673 49.885306, -97.630717 49.885205, -97.643761 49.885103, -97.656806 49.885000, -97.669850 49.884895, -97.682894 49.884788, -97.695938 49.884680, -97.708982 49.884571, -97.722026 49.884460, -97.735070 49.884348, -97.748114 49.884234, -97.761158 49.884119, -97.774201 49.884002, -97.787245 49.883884, -97.800289 49.883764, -97.813332 49.883643, -97.826376 49.883520, -97.839419 49.883396, -97.852462 49.883271, -97.865506 49.883144, -97.878549 49.883015, -97.891592 49.882886, -97.904635 49.882754, -97.917678 49.882621, -97.930721 49.882487, -97.943764 49.882351, -97.956806 49.882214, -97.969849 49.882076, -97.982892 49.881935, -97.995934 49.881794, -98.008977 49.881651, -98.022019 49.881506, -98.035061 49.881360, -98.048104 49.881213, -98.061146 49.881064, -98.074188 49.880914, -98.087230 49.880762, -98.100272 49.880608, -98.113313 49.880454, -98.126355 49.880297, -98.139397 49.880140, -98.152438 49.879981, -98.165480 49.879820, -98.178521 49.879658, -98.191563 49.879494, -98.204604 49.879329, -98.217645 49.879163, -98.230686 49.878995, -98.243727 49.878826, -98.256768 49.878655, -98.269808 49.878483, -98.282849 49.878309, -98.295890 49.878134, -98.308930 49.877957, -98.321970 49.877779, -98.335011 49.877599, -98.348051 49.877418, -98.361091 49.877235, -98.374131 49.877051, -98.387171 49.876866, -98.400211 49.876679, -98.413250 49.876491, -98.426290 49.876301, -98.439329 49.876109, -98.452369 49.875917, -98.465408 49.875722, -98.478447 49.875527, -98.491486 49.875330, -98.504525 49.875131, -98.517564 49.874931, -98.530603 49.874729, -98.543641 49.874526, -98.556680 49.874322, -98.569718 49.874116, -98.582757 49.873908, -98.595795 49.873700, -98.608833 49.873489, -98.621871 49.873277, -98.634909 49.873064, -98.647946 49.872850, -98.660984 49.872633, -98.674021 49.872416, -98.687059 49.872197, -98.700096 49.871976, -98.713133 49.871754, -98.726170 49.871531, -98.739207 49.871306, -98.752244 49.871079, -98.765280 49.870851, -98.778317 49.870622, -98.791353 49.870391, -98.804390 49.870159, -98.817426 49.869925, -98.830462 49.869690, -98.843498 49.869453, -98.856534 49.869215, -98.869569 49.868976, -98.882605 49.868735, -98.895640 49.868492, -98.908675 49.868248, -98.921710 49.868003, -98.934745 49.867756, -98.947780 49.867508, -98.960815 49.867258, -98.973850 49.867007, -98.986884 49.866754, -98.999918 49.866500, -99.012952 49.866244, -99.025986 49.865987, -99.039020 49.865728, -99.052054 49.865468, -99.065088 49.865207, -99.078121 49.864944, -99.091154 49.864680, -99.104188 49.864414, -99.117221 49.864146, -99.130254 49.863878, -99.143286 49.863607, -99.156319 49.863336, -99.169351 49.863062, -99.182384 49.862788, -99.195416 49.862512, -99.208448 49.862234, -99.221480 49.861955, -99.234511 49.861675, -99.247543 49.861393, -99.260574 49.861109, -99.273606 49.860824, -99.286637 49.860538, -99.299668 49.860250, -99.312698 49.859961, -99.325729 49.859670, -99.338760 49.859378, -99.351790 49.859085, -99.364820 49.858790, -99.377850 49.858493, -99.390880 49.858195, -99.403910 49.857896, -99.416939 49.857595, -99.429968 49.857292, -99.442998 49.856988, -99.456027 49.856683, -99.469055 49.856376, -99.482084 49.856068, -99.495113 49.855758, -99.508141 49.855447, -99.521169 49.855135, -99.534197 49.854821, -99.547225 49.854505, -99.560253 49.854188, -99.573280 49.853870, -99.586308 49.853550, -99.599335 49.853228, -99.612362 49.852906, -99.625389 49.852581, -99.638415 49.852256, -99.651442 49.851928, -99.664468 49.851600, -99.677494 49.851270, -99.690520 49.850938, -99.703546 49.850605, -99.716571 49.850271, -99.729597 49.849935, -99.742622 49.849597, -99.755647 49.849258, -99.768672 49.848918, -99.781696 49.848576, -99.794721 49.848233, -99.807745 49.847888, -99.820769 49.847542, -99.833793 49.847194, -99.846817 49.846845, -99.859841 49.846495, -99.872864 49.846143, -99.885887 49.845789, -99.898910 49.845434, -99.911933 49.845078, -99.924955 49.844720, -99.937978 49.844361, -99.951000 49.844000, -99.963659 49.845937, -99.976319 49.847873, -99.988980 49.849807, -100.001642 49.851740, -100.014304 49.853671, -100.026968 49.855601, -100.039633 49.857530, -100.052299 49.859457, -100.064966 49.861383, -100.077634 49.863308, -100.090303 49.865231, -100.102973 49.867152, -100.115644 49.869073, -100.128316 49.870992, -100.140989 49.872910, -100.153663 49.874826, -100.166338 49.876741, -100.179014 49.878654, -100.191691 49.880566, -100.204369 49.882477, -100.217048 49.884386, -100.229728 49.886294, -100.242409 49.888201, -100.255091 49.890106, -100.267774 49.892010, -100.280458 49.893912, -100.293143 49.895813, -100.305829 49.897713, -100.318516 49.899611, -100.331204 49.901508, -100.343893 49.903404, -100.356584 49.905298, -100.369275 49.907191, -100.381967 49.909082, -100.394660 49.910972, -100.407354 49.912860, -100.420049 49.914748, -100.432745 49.916633, -100.445442 49.918518, -100.458140 49.920401, -100.470839 49.922283, -100.483538 49.924163, -100.496239 49.926042, -100.508941 49.927919, -100.521644 49.929795, -100.534348 49.931670, -100.547053 49.933543, -100.559759 49.935415, -100.572466 49.937286, -100.585174 49.939155, -100.597883 49.941023, -100.610592 49.942889, -100.623303 49.944754, -100.636015 49.946618, -100.648728 49.948480, -100.661442 49.950341, -100.674156 49.952200, -100.686872 49.954058, -100.699589 49.955915, -100.712307 49.957770, -100.725025 49.959624, -100.737745 49.961477, -100.750466 49.963328, -100.763187 49.965178, -100.775910 49.967026, -100.788633 49.968873, -100.801358 49.970718, -100.814083 49.972562, -100.826810 49.974405, -100.839537 49.976247, -100.852266 49.978087, -100.864995 49.979925, -100.877726 49.981762, -100.890457 49.983598, -100.903189 49.985432, -100.915923 49.987265, -100.928657 49.989097, -100.941392 49.990927, -100.954128 49.992756, -100.966865 49.994584, -100.979604 49.996410, -100.992343 49.998234, -101.005083 50.000057, -101.017824 50.001879, -101.030566 50.003700, -101.043309 50.005519, -101.056053 50.007337, -101.068798 50.009153, -101.081544 50.010968, -101.094290 50.012781, -101.107038 50.014593, -101.119787 50.016404, -101.132537 50.018213, -101.145287 50.020021, -101.158039 50.021828, -101.170792 50.023633, -101.183545 50.025436, -101.196300 50.027239, -101.209055 50.029040, -101.221812 50.030839, -101.234569 50.032637, -101.247327 50.034434, -101.260087 50.036229, -101.272847 50.038023, -101.285608 50.039816, -101.298370 50.041607, -101.311133 50.043396, -101.323897 50.045185, -101.336662 50.046972, -101.349428 50.048757, -101.362195 50.050541, -101.374963 50.052324, -101.387732 50.054105, -101.400501 50.055885, -101.413272 50.057664, -101.426044 50.059441, -101.438816 50.061216, -101.451590 50.062991, -101.464364 50.064764, -101.477140 50.066535, -101.489916 50.068305, -101.502693 50.070074, -101.515472 50.071841, -101.528251 50.073607, -101.541031 50.075372, -101.553812 50.077135, -101.566594 50.078896, -101.579377 50.080657, -101.592161 50.082416, -101.604946 50.084173, -101.617732 50.085929, -101.630518 50.087684, -101.643306 50.089437, -101.656094 50.091189, -101.668884 50.092939, -101.681674 50.094688, -101.694466 50.096436, -101.707258 50.098182, -101.720051 50.099927, -101.732845 50.101670, -101.745641 50.103412, -101.758437 50.105153, -101.771233 50.106892, -101.784031 50.108630, -101.796830 50.110366, -101.809630 50.112101, -101.822431 50.113835, -101.835232 50.115567, -101.848035 50.117298, -101.860838 50.119027, -101.873643 50.120755, -101.886448 50.122482, -101.899254 50.124207, -101.912061 50.125931, -101.924869 50.127653, -101.937678 50.129374, -101.950488 50.131093, -101.963299 50.132811, -101.976111 50.134528, -101.988923 50.136243, -102.001737 50.137957, -102.014551 50.139670, -102.027367 50.141381, -102.040183 50.143090, -102.053000 50.144798, -102.065819 50.146505, -102.078638 50.148211, -102.091458 50.149915, -102.104279 50.151617, -102.117100 50.153318, -102.129923 50.155018, -102.142747 50.156716, -102.155571 50.158413, -102.168397 50.160109, -102.181223 50.161803, -102.194051 50.163496, -102.206879 50.165187, -102.219708 50.166877, -102.232538 50.168565, -102.245369 50.170252, -102.258201 50.171938, -102.271033 50.173622, -102.283867 50.175305, -102.296701 50.176986, -102.309537 50.178666, -102.322373 50.180345, -102.335210 50.182022, -102.348049 50.183698, -102.360888 50.185372, -102.373728 50.187045, -102.386568 50.188716, -102.399410 50.190386, -102.412253 50.192055, -102.425096 50.193722, -102.437941 50.195388, -102.450786 50.197052, -102.463632 50.198715, -102.476479 50.200377, -102.489327 50.202037, -102.502176 50.203696, -102.515026 50.205353, -102.527877 50.207009, -102.540728 50.208663, -102.553581 50.210317, -102.566434 50.211968, -102.579288 50.213618, -102.592144 50.215267, -102.605000 50.216915, -102.617856 50.218561, -102.630714 50.220205, -102.643573 50.221848, -102.656433 50.223490, -102.669293 50.225130, -102.682154 50.226769, -102.695017 50.228407, -102.707880 50.230043, -102.720744 50.231677, -102.733608 50.233310, -102.746474 50.234942, -102.759341 50.236573, -102.772208 50.238201, -102.785077 50.239829, -102.797946 50.241455, -102.810816 50.243080, -102.823687 50.244703, -102.836559 50.246325, -102.849432 50.247945, -102.862306 50.249564, -102.875180 50.251182, -102.888055 50.252798, -102.900932 50.254413, -102.913809 50.256026, -102.926687 50.257638, -102.939566 50.259248, -102.952446 50.260857, -102.965326 50.262465, -102.978208 50.264071, -102.991090 50.265676, -103.003973 50.267279, -103.016857 50.268881, -103.029742 50.270481, -103.042628 50.272081, -103.055515 50.273678, -103.068402 50.275274, -103.081291 50.276869, -103.094180 50.278463, -103.107070 50.280054, -103.119961 50.281645, -103.132853 50.283234, -103.145746 50.284822, -103.158639 50.286408, -103.171534 50.287993, -103.184429 50.289576, -103.197325 50.291158, -103.210222 50.292739, -103.223120 50.294318, -103.236019 50.295895, -103.248919 50.297472, -103.261819 50.299046, -103.274720 50.300620, -103.287623 50.302192, -103.300526 50.303762, -103.313429 50.305331, -103.326334 50.306899, -103.339240 50.308465, -103.352146 50.310030, -103.365053 50.311593, -103.377961 50.313155, -103.390870 50.314716, -103.403780 50.316275, -103.416691 50.317833, -103.429602 50.319389, -103.442515 50.320944, -103.455428 50.322497, -103.468342 50.324049, -103.481257 50.325600, -103.494172 50.327149, -103.507089 50.328696, -103.520006 50.330243, -103.532925 50.331787, -103.545844 50.333331, -103.558764 50.334873, -103.571684 50.336413, -103.584606 50.337952, -103.597528 50.339490, -103.610452 50.341026, -103.623376 50.342561, -103.636301 50.344094, -103.649227 50.345626, -103.662153 50.347157, -103.675081 50.348686, -103.688009 50.350213, -103.700938 50.351739, -103.713868 50.353264, -103.726799 50.354787, -103.739730 50.356309, -103.752663 50.357830, -103.765596 50.359349, -103.778530 50.360866, -103.791465 50.362383, -103.804401 50.363897, -103.817337 50.365410, -103.830274 50.366922, -103.843213 50.368433, -103.856152 50.369942, -103.869092 50.371449, -103.882032 50.372955, -103.894974 50.374460, -103.907916 50.375963, -103.920859 50.377465, -103.933803 50.378965, -103.946748 50.380464, -103.959693 50.381962, -103.972640 50.383458, -103.985587 50.384952, -103.998535 50.386445, -104.011484 50.387937, -104.024434 50.389428, -104.037384 50.390916, -104.050335 50.392404, -104.063287 50.393890, -104.076240 50.395374, -104.089194 50.396857, -104.102149 50.398339, -104.115104 50.399819, -104.128060 50.401298, -104.141017 50.402775, -104.153975 50.404251, -104.166933 50.405726, -104.179893 50.407199, -104.192853 50.408670, -104.205814 50.410141, -104.218776 50.411609, -104.231738 50.413076, -104.244702 50.414542, -104.257666 50.416007, -104.270631 50.417470, -104.283597 50.418931, -104.296563 50.420391, -104.309531 50.421850, -104.322499 50.423307, -104.335468 50.424763, -104.348438 50.426217, -104.361408 50.427670, -104.374380 50.429121, -104.387352 50.430571, -104.400325 50.432020, -104.413299 50.433467, -104.426273 50.434913, -104.439249 50.436357, -104.452225 50.437800, -104.465202 50.439241, -104.478179 50.440681, -104.491158 50.442119, -104.504137 50.443556, -104.517117 50.444992, -104.530098 50.446426, -104.543080 50.447858, -104.556062 50.449290, -104.569046 50.450719, -104.582030 50.452148, -104.595014 50.453575, -104.608000 50.455000, -104.621114 50.454191, -104.634227 50.453381, -104.647340 50.452569, -104.660453 50.451756, -104.673565 50.450941, -104.686676 50.450125, -104.699787 50.449307, -104.712898 50.448488, -104.726008 50.447667, -104.739118 50.446845, -104.752227 50.446021, -104.765336 50.445196, -104.778444 50.444370, -104.791552 50.443542, -104.804660 50.442712, -104.817767 50.441881, -104.830873 50.441049, -104.843979 50.440215, -104.857085 50.439379, -104.870190 50.438543, -104.883295 50.437704, -104.896399 50.436864, -104.909503 50.436023, -104.922606 50.435180, -104.935709 50.434336, -104.948811 50.433490, -104.961913 50.432643, -104.975014 50.431795, -104.988115 50.430945, -105.001216 50.430093, -105.014316 50.429240, -105.027415 50.428385, -105.040514 50.427529, -105.053613 50.426672, -105.066711 50.425813, -105.079809 50.424953, -105.092906 50.424091, -105.106002 50.423227, -105.119099 50.422363, -105.132194 50.421496, -105.145290 50.420629, -105.158384 50.419759, -105.171479 50.418889, -105.184572 50.418017, -105.197666 50.417143, -105.210759 50.416268, -105.223851 50.415391, -105.236943 50.414513, -105.250034 50.413634, -105.263125 50.412753, -105.276215 50.411870, -105.289305 50.410986, -105.302395 50.410101, -105.315484 50.409214, -105.328572 50.408326, -105.341660 50.407436, -105.354748 50.406545, -105.367835 50.405652, -105.380921 50.404758, -105.394007 50.403862, -105.407093 50.402965, -105.420178 50.402067, -105.433262 50.401167, -105.446346 50.400265, -105.459430 50.399362, -105.472513 50.398458, -105.485595 50.397552, -105.498677 50.396644, -105.511759 50.395735, -105.524840 50.394825, -105.537920 50.393913, -105.551000 50.393000, -105.564130 50.392389, -105.577259 50.391777, -105.590388 50.391163, -105.603517 50.390548, -105.616645 50.389931, -105.629773 50.389313, -105.642901 50.388694, -105.656028 50.388072, -105.669155 50.387450, -105.682281 50.386826, -105.695408 50.386200, -105.708534 50.385573, -105.721659 50.384945, -105.734784 50.384315, -105.747909 50.383683, -105.761034 50.383050, -105.774158 50.382416, -105.787282 50.381780, -105.800405 50.381143, -105.813528 50.380504, -105.826651 50.379863, -105.839774 50.379222, -105.852896 50.378578, -105.866017 50.377934, -105.879139 50.377287, -105.892260 50.376640, -105.905380 50.375991, -105.918500 50.375340, -105.931620 50.374688, -105.944740 50.374034, -105.957859 50.373379, -105.970978 50.372723, -105.984096 50.372065, -105.997214 50.371405, -106.010332 50.370744, -106.023449 50.370082, -106.036566 50.369418, -106.049683 50.368752, -106.062799 50.368085, -106.075915 50.367417, -106.089031 50.366747, -106.102146 50.366076, -106.115261 50.365403, -106.128375 50.364729, -106.141489 50.364053, -106.154603 50.363376, -106.167716 50.362697, -106.180829 50.362017, -106.193941 50.361335, -106.207054 50.360652, -106.220165 50.359968, -106.233277 50.359282, -106.246388 50.358594, -106.259498 50.357905, -106.272609 50.357215, -106.285718 50.356523, -106.298828 50.355829, -106.311937 50.355134, -106.325046 50.354438, -106.338154 50.353740, -106.351262 50.353041, -106.364370 50.352340, -106.377477 50.351638, -106.390584 50.350934, -106.403690 50.350229, -106.416796 50.349522, -106.429902 50.348814, -106.443007 50.348105, -106.456112 50.347393, -106.469216 50.346681, -106.482320 50.345967, -106.495424 50.345251, -106.508527 50.344534, -106.521630 50.343816, -106.534732 50.343096, -106.547834 50.342375, -106.560936 50.341652, -106.574037 50.340927, -106.587138 50.340201, -106.600239 50.339474, -106.613339 50.338745, -106.626438 50.338015, -106.639538 50.337283, -106.652637 50.336550, -106.665735 50.335816, -106.678833 50.335080, -106.691931 50.334342, -106.705028 50.333603, -106.718125 50.332862, -106.731221 50.332120, -106.744317 50.331377, -106.757413 50.330632, -106.770508 50.329886, -106.783603 50.329138, -106.796697 50.328388, -106.809791 50.327637, -106.822885 50.326885, -106.835978 50.326131, -106.849070 50.325376, -106.862163 50.324619, -106.875255 50.323861, -106.888346 50.323102, -106.901437 50.322340, -106.914528 50.321578, -106.927618 50.320814, -106.940708 50.320048, -106.953797 50.319281, -106.966886 50.318513, -106.979974 50.317743, -106.993062 50.316972, -107.006150 50.316199, -107.019237 50.315424, -107.032324 50.314648, -107.045410 50.313871, -107.058496 50.313092, -107.071582 50.312312, -107.084667 50.311531, -107.097752 50.310747, -107.110836 50.309963, -107.123920 50.309177, -107.137003 50.308389, -107.150086 50.307600, -107.163168 50.306810, -107.176251 50.306018, -107.189332 50.305224, -107.202413 50.304429, -107.215494 50.303633, -107.228574 50.302835, -107.241654 50.302036, -107.254734 50.301235, -107.267813 50.300433, -107.280891 50.299629, -107.293969 50.298824, -107.307047 50.298017, -107.320124 50.297209, -107.333201 50.296400, -107.346277 50.295589, -107.359353 50.294776, -107.372429 50.293962, -107.385504 50.293147, -107.398578 50.292330, -107.411652 50.291511, -107.424726 50.290692, -107.437799 50.289870, -107.450872 50.289047, -107.463944 50.288223, -107.477016 50.287397, -107.490087 50.286570, -107.503158 50.285742, -107.516229 50.284912, -107.529299 50.284080, -107.542368 50.283247, -107.555437 50.282413, -107.568506 50.281577, -107.581574 50.280739, -107.594642 50.279900, -107.607709 50.279060, -107.620776 50.278218, -107.633842 50.277375, -107.646908 50.276530, -107.659973 50.275684, -107.673038 50.274836, -107.686103 50.273987, -107.699167 50.273136, -107.712230 50.272284, -107.725293 50.271431, -107.738356 50.270576, -107.751418 50.269719, -107.764480 50.268861, -107.777541 50.268002, -107.790602 50.267141, -107.803662 50.266279, -107.816722 50.265415, -107.829781 50.264550, -107.842840 50.263683, -107.855898 50.262815, -107.868956 50.261945, -107.882013 50.261074, -107.895070 50.260202, -107.908127 50.259328, -107.921183 50.258452, -107.934238 50.257575, -107.947293 50.256697, -107.960348 50.255817, -107.973402 50.254936, -107.986455 50.254053, -107.999508 50.253168, -108.012561 50.252283, -108.025613 50.251396, -108.038665 50.250507, -108.051716 50.249617, -108.064766 50.248725, -108.077817 50.247832, -108.090866 50.246938, -108.103915 50.246042, -108.116964 50.245144, -108.130012 50.244246, -108.143060 50.243345, -108.156107 50.242443, -108.169154 50.241540, -108.182200 50.240635, -108.195246 50.239729, -108.208291 50.238822, -108.221336 50.237912, -108.234380 50.237002, -108.247424 50.236090, -108.260467 50.235176, -108.273510 50.234262, -108.286552 50.233345, -108.299593 50.232427, -108.312635 50.231508, -108.325675 50.230587, -108.338716 50.229665, -108.351755 50.228741, -108.364794 50.227816, -108.377833 50.226889, -108.390871 50.225961, -108.403909 50.225032, -108.416946 50.224101, -108.429983 50.223168, -108.443019 50.222235, -108.456055 50.221299, -108.469090 50.220362, -108.482124 50.219424, -108.495158 50.218484, -108.508192 50.217543, -108.521225 50.216600, -108.534258 50.215656, -108.547290 50.214711, -108.560321 50.213764, -108.573352 50.212815, -108.586383 50.211865, -108.599413 50.210914, -108.612442 50.209961, -108.625471 50.209007, -108.638500 50.208051, -108.651527 50.207094, -108.664555 50.206135, -108.677582 50.205175, -108.690608 50.204213, -108.703634 50.203250, -108.716659 50.202286, -108.729684 50.201320, -108.742708 50.200352, -108.755732 50.199384, -108.768755 50.198413, -108.781777 50.197441, -108.794799 50.196468, -108.807821 50.195493, -108.820842 50.194517, -108.833863 50.193540, -108.846882 50.192561, -108.859902 50.191580, -108.872921 50.190598, -108.885939 50.189615, -108.898957 50.188630, -108.911974 50.187643, -108.924991 50.186656, -108.938007 50.185666, -108.951023 50.184676, -108.964038 50.183684, -108.977053 50.182690, -108.990067 50.181695, -109.003080 50.180698, -109.016093 50.179700, -109.029105 50.178701, -109.042117 50.177700, -109.055129 50.176698, -109.068139 50.175694, -109.081150 50.174689, -109.094159 50.173682, -109.107168 50.172674, -109.120177 50.171664, -109.133185 50.170653, -109.146193 50.169641, -109.159199 50.168627, -109.172206 50.167611, -109.185212 50.166595, -109.198217 50.165576, -109.211222 50.164556, -109.224226 50.163535, -109.237229 50.162513, -109.250232 50.161488, -109.263235 50.160463, -109.276237 50.159436, -109.289238 50.158407, -109.302239 50.157377, -109.315239 50.156346, -109.328239 50.155313, -109.341238 50.154279, -109.354237 50.153243, -109.367235 50.152206, -109.380232 50.151167, -109.393229 50.150127, -109.406225 50.149086, -109.419221 50.148043, -109.432216 50.146998, -109.445211 50.145953, -109.458205 50.144905, -109.471198 50.143856, -109.484191 50.142806, -109.497184 50.141755, -109.510175 50.140701, -109.523167 50.139647, -109.536157 50.138591, -109.549147 50.137533, -109.562137 50.136474, -109.575125 50.135414, -109.588114 50.134352, -109.601102 50.133289, -109.614089 50.132224, -109.627075 50.131158, -109.640061 50.130090, -109.653047 50.129021, -109.666032 50.127951, -109.679016 50.126879, -109.691999 50.125805, -109.704983 50.124731, -109.717965 50.123654, -109.730947 50.122577, -109.743928 50.121497, -109.756909 50.120417, -109.769889 50.119335, -109.782869 50.118251, -109.795848 50.117166, -109.808826 50.116080, -109.821804 50.114992, -109.834781 50.113902, -109.847758 50.112812, -109.860734 50.111720, -109.873709 50.110626, -109.886684 50.109531, -109.899658 50.108434, -109.912632 50.107336, -109.925605 50.106237, -109.938578 50.105136, -109.951550 50.104034, -109.964521 50.102930, -109.977492 50.101825, -109.990462 50.100718, -110.003431 50.099610, -110.016400 50.098500, -110.029368 50.097389, -110.042336 50.096277, -110.055303 50.095163, -110.068270 50.094047, -110.081235 50.092931, -110.094201 50.091812, -110.107165 50.090693, -110.120129 50.089572, -110.133093 50.088449, -110.146056 50.087325, -110.159018 50.086200, -110.171980 50.085073, -110.184941 50.083944, -110.197901 50.082815, -110.210861 50.081683, -110.223820 50.080551, -110.236778 50.079417, -110.249736 50.078281, -110.262694 50.077144, -110.275650 50.076006, -110.288607 50.074866, -110.301562 50.073725, -110.314517 50.072582, -110.327471 50.071438, -110.340425 50.070292, -110.353378 50.069145, -110.366330 50.067996, -110.379282 50.066846, -110.392233 50.065695, -110.405184 50.064542, -110.418134 50.063388, -110.431083 50.062232, -110.444032 50.061075, -110.456980 50.059916, -110.469927 50.058756, -110.482874 50.057595, -110.495820 50.056432, -110.508766 50.055268, -110.521710 50.054102, -110.534655 50.052935, -110.547598 50.051766, -110.560541 50.050596, -110.573484 50.049424, -110.586426 50.048251, -110.599367 50.047077, -110.612307 50.045901, -110.625247 50.044724, -110.638186 50.043545, -110.651125 50.042365, -110.664063 50.041183, -110.677000 50.040000, -110.688693 50.043721, -110.700387 50.047442, -110.712083 50.051161, -110.723781 50.054878, -110.735481 50.058595, -110.747182 50.062310, -110.758886 50.066025, -110.770591 50.069738, -110.782298 50.073450, -110.794007 50.077161, -110.805718 50.080870, -110.817430 50.084579, -110.829144 50.088286, -110.840860 50.091992, -110.852578 50.095697, -110.864298 50.099400, -110.876020 50.103103, -110.887743 50.106804, -110.899468 50.110504, -110.911195 50.114203, -110.922924 50.117901, -110.934654 50.121598, -110.946387 50.125293, -110.958121 50.128987, -110.969857 50.132680, -110.981595 50.136372, -110.993335 50.140063, -111.005076 50.143753, -111.016819 50.147441, -111.028564 50.151128, -111.040311 50.154814, -111.052060 50.158499, -111.063811 50.162182, -111.075563 50.165865, -111.087317 50.169546, -111.099073 50.173226, -111.110831 50.176905, -111.122590 50.180582, -111.134352 50.184259, -111.146115 50.187934, -111.157880 50.191608, -111.169647 50.195281, -111.181415 50.198953, -111.193186 50.202623, -111.204958 50.206293, -111.216732 50.209961, -111.228508 50.213628, -111.240286 50.217294, -111.252065 50.220958, -111.263846 50.224622, -111.275629 50.228284, -111.287414 50.231945, -111.299201 50.235605, -111.310990 50.239263, -111.322780 50.242921, -111.334572 50.246577, -111.346366 50.250232, -111.358162 50.253886, -111.369959 50.257538, -111.381759 50.261190, -111.393560 50.264840, -111.405363 50.268489, -111.417168 50.272137, -111.428974 50.275784, -111.440783 50.279429, -111.452593 50.283074, -111.464405 50.286717, -111.476219 50.290359, -111.488035 50.293999, -111.499852 50.297639, -111.511671 50.301277, -111.523492 50.304914, -111.535315 50.308550, -111.547140 50.312185, -111.558966 50.315818, -111.570795 50.319451, -111.582625 50.323082, -111.594457 50.326712, -111.606291 50.330340, -111.618126 50.333968, -111.629963 50.337594, -111.641803 50.341219, -111.653644 50.344843, -111.665486 50.348466, -111.677331 50.352087, -111.689177 50.355707, -111.701026 50.359327, -111.712876 50.362944, -111.724727 50.366561, -111.736581 50.370177, -111.748436 50.373791, -111.760294 50.377404, -111.772153 50.381016, -111.784013 50.384626, -111.795876 50.388236, -111.807741 50.391844, -111.819607 50.395451, -111.831475 50.399057, -111.843345 50.402662, -111.855216 50.406265, -111.867090 50.409867, -111.878965 50.413468, -111.890842 50.417068, -111.902721 50.420666, -111.914602 50.424264, -111.926484 50.427860, -111.938369 50.431455, -111.950255 50.435049, -111.962143 50.438641, -111.974032 50.442232, -111.985924 50.445823, -111.997817 50.449411, -112.009712 50.452999, -112.021609 50.456586, -112.033508 50.460171, -112.045409 50.463755, -112.057311 50.467338, -112.069215 50.470919, -112.081121 50.474500, -112.093029 50.478079, -112.104938 50.481657, -112.116850 50.485234, -112.128763 50.488809, -112.140678 50.492383, -112.152595 50.495957, -112.164513 50.499528, -112.176434 50.503099, -112.188356 50.506669, -112.200280 50.510237, -112.212206 50.513804, -112.224133 50.517370, -112.236063 50.520934, -112.247994 50.524497, -112.259927 50.528060, -112.271861 50.531621, -112.283798 50.535180, -112.295736 50.538739, -112.307677 50.542296, -112.319619 50.545852, -112.331562 50.549407, -112.343508 50.552960, -112.355455 50.556513, -112.367405 50.560064, -112.379356 50.563614, -112.391308 50.567162, -112.403263 50.570710, -112.415219 50.574256, -112.427178 50.577801, -112.439138 50.581345, -112.451099 50.584888, -112.463063 50.588429, -112.475028 50.591969, -112.486996 50.595508, -112.498965 50.599046, -112.510935 50.602582, -112.522908 50.606117, -112.534882 50.609651, -112.546859 50.613184, -112.558837 50.616716, -112.570816 50.620246, -112.582798 50.623775, -112.594781 50.627303, -112.606767 50.630830, -112.618754 50.634355, -112.630742 50.637879, -112.642733 50.641402, -112.654725 50.644924, -112.666720 50.648444, -112.678715 50.651963, -112.690713 50.655481, -112.702713 50.658998, -112.714714 50.662514, -112.726717 50.666028, -112.738722 50.669541, -112.750729 50.673053, -112.762738 50.676564, -112.774748 50.680073, -112.786760 50.683581, -112.798774 50.687088, -112.810790 50.690594, -112.822807 50.694098, -112.834827 50.697601, -112.846848 50.701103, -112.858871 50.704604, -112.870895 50.708104, -112.882922 50.711602, -112.894950 50.715099, -112.906980 50.718595, -112.919012 50.722089, -112.931046 50.725582, -112.943081 50.729075, -112.955119 50.732565, -112.967158 50.736055, -112.979199 50.739543, -112.991241 50.743030, -113.003286 50.746516, -113.015332 50.750001, -113.027380 50.753484, -113.039430 50.756966, -113.051481 50.760447, -113.063535 50.763927, -113.075590 50.767405, -113.087647 50.770883, -113.099706 50.774359, -113.111766 50.777833, -113.123829 50.781307, -113.135893 50.784779, -113.147959 50.788250, -113.160027 50.791720, -113.172096 50.795188, -113.184167 50.798655, -113.196241 50.802121, -113.208316 50.805586, -113.220392 50.809049, -113.232471 50.812512, -113.244551 50.815973, -113.256633 50.819432, -113.268717 50.822891, -113.280803 50.826348, -113.292890 50.829804, -113.304979 50.833259, -113.317070 50.836712, -113.329163 50.840165, -113.341258 50.843616, -113.353354 50.847065, -113.365452 50.850514, -113.377552 50.853961, -113.389654 50.857407, -113.401758 50.860852, -113.413863 50.864295, -113.425970 50.867738, -113.438079 50.871179, -113.450190 50.874618, -113.462302 50.878057, -113.474416 50.881494, -113.486532 50.884930, -113.498650 50.888365, -113.510770 50.891798, -113.522891 50.895230, -113.535015 50.898661, -113.547140 50.902091, -113.559266 50.905519, -113.571395 50.908947, -113.583525 50.912373, -113.595657 50.915797, -113.607791 50.919221, -113.619927 50.922643, -113.632065 50.926064, -113.644204 50.929483, -113.656345 50.932902, -113.668488 50.936319, -113.680632 50.939735, -113.692779 50.943149, -113.704927 50.946563, -113.717077 50.949975, -113.729229 50.953386, -113.741382 50.956795, -113.753538 50.960203, -113.765695 50.963610, -113.777854 50.967016, -113.790014 50.970421, -113.802177 50.973824, -113.814341 50.977226, -113.826507 50.980627, -113.838675 50.984026, -113.850844 50.987424, -113.863016 50.990821, -113.875189 50.994217, -113.887364 50.997611, -113.899541 51.001005, -113.911719 51.004396, -113.923899 51.007787, -113.936082 51.011176, -113.948265 51.014564, -113.960451 51.017951, -113.972638 51.021337, -113.984828 51.024721, -113.997019 51.028104, -114.009211 51.031486, -114.021406 51.034866, -114.033602 51.038245, -114.045800 51.041623, -114.058000 51.045000, -114.071118 51.046241, -114.084237 51.047480, -114.097357 51.048717, -114.110477 51.049953, -114.123598 51.051188, -114.136719 51.052421, -114.149842 51.053653, -114.162965 51.054883, -114.176089 51.056112, -114.189213 51.057339, -114.202338 51.058565, -114.215464 51.059789, -114.228591 51.061012, -114.241718 51.062234, -114.254846 51.063454, -114.267974 51.064672, -114.281104 51.065889, -114.294234 51.067105, -114.307364 51.068319, -114.320496 51.069531, -114.333628 51.070742, -114.346760 51.071952, -114.359894 51.073160, -114.373028 51.074367, -114.386163 51.075572, -114.399298 51.076776, -114.412434 51.077978, -114.425571 51.079179, -114.438709 51.080378, -114.451847 51.081576, -114.464986 51.082773, -114.478125 51.083968, -114.491266 51.085161, -114.504407 51.086353, -114.517548 51.087544, -114.530690 51.088733, -114.543833 51.089920, -114.556977 51.091106, -114.570121 51.092291, -114.583266 51.093474, -114.596412 51.094656, -114.609558 51.095836, -114.622705 51.097015, -114.635853 51.098192, -114.649001 51.099368, -114.662150 51.100542, -114.675300 51.101715, -114.688450 51.102886, -114.701601 51.104056, -114.714753 51.105225, -114.727905 51.106391, -114.741058 51.107557, -114.754212 51.108721, -114.767366 51.109883, -114.780521 51.111044, -114.793677 51.112204, -114.806833 51.113362, -114.819990 51.114519, -114.833148 51.115674, -114.846306 51.116827, -114.859465 51.117980, -114.872624 51.119130, -114.885785 51.120279, -114.898945 51.121427, -114.912107 51.122573, -114.925269 51.123718, -114.938432 51.124862, -114.951595 51.126003, -114.964760 51.127144, -114.977924 51.128283, -114.991090 51.129420, -115.004256 51.130556, -115.017423 51.131690, -115.030590 51.132823, -115.043758 51.133955, -115.056927 51.135085, -115.070096 51.136213, -115.083266 51.137340, -115.096437 51.138466, -115.109608 51.139590, -115.122780 51.140713, -115.135952 51.141834, -115.149126 51.142953, -115.162299 51.144072, -115.175474 51.145188, -115.188649 51.146303, -115.201825 51.147417, -115.215001 51.148529, -115.228178 51.149640, -115.241356 51.150749, -115.254534 51.151857, -115.267713 51.152964, -115.280892 51.154068, -115.294072 51.155172, -115.307253 51.156274, -115.320435 51.157374, -115.333617 51.158473, -115.346799 51.159570, -115.359983 51.160666, -115.373167 51.161761, -115.386351 51.162854, -115.399536 51.163945, -115.412722 51.165035, -115.425909 51.166124, -115.439096 51.167211, -115.452283 51.168297, -115.465472 51.169381, -115.478660 51.170463, -115.491850 51.171544, -115.505040 51.172624, -115.518231 51.173702, -115.531422 51.174779, -115.544614 51.175854, -115.557807 51.176928, -115.571000 51.178000, -115.583374 51.180994, -115.595750 51.183986, -115.608127 51.186978, -115.620506 51.189968, -115.632886 51.192956, -115.645268 51.195944, -115.657652 51.198930, -115.670038 51.201914, -115.682424 51.204898, -115.694813 51.207880, -115.707203 51.210861, -115.719595 51.213840, -115.731988 51.216818, -115.744383 51.219795, -115.756780 51.222771, -115.769178 51.225745, -115.781577 51.228718, -115.793979 51.231690, -115.806382 51.234660, -115.818786 51.237629, -115.831192 51.240597, -115.843600 51.243563, -115.856010 51.246528, -115.868420 51.249492, -115.880833 51.252454, -115.893247 51.255415, -115.905663 51.258375, -115.918080 51.261334, -115.930499 51.264291, -115.942920 51.267247, -115.955342 51.270201, -115.967766 51.273155, -115.980191 51.276107, -115.992618 51.279057, -116.005046 51.282006, -116.017476 51.284954, -116.029908 51.287901, -116.042341 51.290846, -116.054776 51.293791, -116.067213 51.296733, -116.079651 51.299675, -116.092091 51.302615, -116.104532 51.305554, -116.116975 51.308491, -116.129419 51.311427, -116.141865 51.314362, -116.154313 51.317295, -116.166762 51.320228, -116.179213 51.323158, -116.191665 51.326088, -116.204119 51.329016, -116.216575 51.331943, -116.229032 51.334869, -116.241491 51.337793, -116.253951 51.340716, -116.266413 51.343637, -116.278877 51.346558, -116.291342 51.349477, -116.303809 51.352394, -116.316277 51.355311, -116.328747 51.358226, -116.341219 51.361139, -116.353692 51.364052, -116.366166 51.366963, -116.378642 51.369872, -116.391120 51.372781, -116.403600 51.375688, -116.416081 51.378594, -116.428563 51.381498, -116.441047 51.384401, -116.453533 51.387303, -116.466021 51.390203, -116.478509 51.393102, -116.491000 51.396000, -116.503552 51.393472, -116.516103 51.390943, -116.528652 51.388412, -116.541200 51.385880, -116.553747 51.383347, -116.566292 51.380813, -116.578835 51.378277, -116.591378 51.375739, -116.603919 51.373201, -116.616458 51.370661, -116.628997 51.368120, -116.641533 51.365577, -116.654069 51.363033, -116.666603 51.360488, -116.679135 51.357941, -116.691667 51.355393, -116.704196 51.352844, -116.716725 51.350293, -116.729252 51.347741, -116.741778 51.345188, -116.754302 51.342633, -116.766825 51.340077, -116.779346 51.337520, -116.791866 51.334961, -116.804385 51.332401, -116.816902 51.329840, -116.829418 51.327277, -116.841932 51.324713, -116.854445 51.322148, -116.866957 51.319581, -116.879467 51.317013, -116.891976 51.314444, -116.904484 51.311873, -116.916990 51.309301, -116.929494 51.306728, -116.941998 51.304153, -116.954500 51.301577, -116.967000 51.299000, -116.979494 51.296034, -116.991986 51.293067, -117.004476 51.290099, -117.016965 51.287129, -117.029453 51.284158, -117.041938 51.281186, -117.054422 51.278212, -117.066905 51.275237, -117.079386 51.272261, -117.091865 51.269284, -117.104343 51.266305, -117.116819 51.263324, -117.129293 51.260343, -117.141766 51.257360, -117.154237 51.254376, -117.166706 51.251390, -117.179174 51.248403, -117.191641 51.245415, -117.204105 51.242425, -117.216568 51.239434, -117.229030 51.236442, -117.241489 51.233449, -117.253948 51.230454, -117.266404 51.227458, -117.278859 51.224460, -117.291312 51.221461, -117.303764 51.218461, -117.316214 51.215460, -117.328663 51.212457, -117.341109 51.209453, -117.353555 51.206448, -117.365998 51.203441, -117.378440 51.200433, -117.390880 51.197423, -117.403319 51.194413, -117.415756 51.191401, -117.428192 51.188387, -117.440625 51.185373, -117.453058 51.182357, -117.465488 51.179340, -117.477917 51.176321, -117.490344 51.173301, -117.502770 51.170280, -117.515194 51.167257, -117.527617 51.164233, -117.540037 51.161208, -117.552457 51.158182, -117.564874 51.155154, -117.577290 51.152125, -117.589704 51.149094, -117.602117 51.146063, -117.614528 51.143030, -117.626937 51.139995, -117.639345 51.136960, -117.651751 51.133923, -117.664156 51.130884, -117.676558 51.127845, -117.688960 51.124804, -117.701359 51.121761, -117.713757 51.118718, -117.726154 51.115673, -117.738548 51.112627, -117.750941 51.109579, -117.763333 51.106531, -117.775722 51.103480, -117.788111 51.100429, -117.800497 51.097376, -117.812882 51.094322, -117.825265 51.091267, -117.837647 51.088210, -117.850027 51.085152, -117.862405 51.082093, -117.874782 51.079033, -117.887157 51.075971, -117.899530 51.072907, -117.911902 51.069843, -117.924272 51.066777, -117.936641 51.063710, -117.949008 51.060642, -117.961373 51.057572, -117.973736 51.054501, -117.986098 51.051429, -117.998459 51.048355, -118.010817 51.045280, -118.023174 51.042204, -118.035530 51.039126, -118.047883 51.036047, -118.060235 51.032967, -118.072586 51.029886, -118.084935 51.026803, -118.097282 51.023719, -118.109627 51.020634, -118.121971 51.017547, -118.134313 51.014459, -118.146654 51.011370, -118.158993 51.008279, -118.171330 51.005188, -118.183666 51.002094, -118.196000 50.999000, -118.209009 50.997148, -118.222017 50.995294, -118.235025 50.993439, -118.248031 50.991583, -118.261036 50.989725, -118.274040 50.987865, -118.287043 50.986004, -118.300045 50.984142, -118.313046 50.982278, -118.326046 50.980413, -118.339045 50.978546, -118.352042 50.976678, -118.365039 50.974809, -118.378035 50.972938, -118.391029 50.971065, -118.404023 50.969191, -118.417016 50.967316, -118.430007 50.965439, -118.442998 50.963561, -118.455987 50.961682, -118.468975 50.959801, -118.481963 50.957918, -118.494949 50.956034, -118.507934 50.954149, -118.520918 50.952262, -118.533901 50.950374, -118.546883 50.948484, -118.559864 50.946593, -118.572844 50.944700, -118.585823 50.942806, -118.598801 50.940911, -118.611778 50.939014, -118.624753 50.937116, -118.637728 50.935216, -118.650701 50.933315, -118.663674 50.931412, -118.676645 50.929508, -118.689616 50.927602, -118.702585 50.925695, -118.715553 50.923787, -118.728521 50.921877, -118.741487 50.919966, -118.754452 50.918053, -118.767416 50.916139, -118.780379 50.914224, -118.793341 50.912307, -118.806301 50.910388, -118.819261 50.908468, -118.832220 50.906547, -118.845177 50.904624, -118.858134 50.902700, -118.871089 50.900775, -118.884044 50.898847, -118.896997 50.896919, -118.909949 50.894989, -118.922900 50.893058, -118.935850 50.891125, -118.948799 50.889191, -118.961747 50.887255, -118.974694 50.885318, -118.987640 50.883380, -119.000585 50.881440, -119.013528 50.879498, -119.026471 50.877555, -119.039412 50.875611, -119.052353 50.873666, -119.065292 50.871719, -119.078230 50.869770, -119.091167 50.867820, -119.104103 50.865869, -119.117038 50.863916, -119.129972 50.861962, -119.142905 50.860006, -119.155837 50.858049, -119.168767 50.856090, -119.181697 50.854130, -119.194625 50.852169, -119.207553 50.850206, -119.220479 50.848242, -119.233404 50.846276, -119.246328 50.844309, -119.259251 50.842341, -119.272173 50.840371, -119.285094 50.838399, -119.298014 50.836427, -119.310932 50.834452, -119.323850 50.832477, -119.336766 50.830500, -119.349682 50.828521, -119.362596 50.826541, -119.375509 50.824560, -119.388421 50.822577, -119.401332 50.820593, -119.414242 50.818607, -119.427151 50.816620, -119.440058 50.814632, -119.452965 50.812642, -119.465871 50.810650, -119.478775 50.808658, -119.491678 50.806663, -119.504580 50.804668, -119.517481 50.802671, -119.530381 50.800672, -119.543280 50.798673, -119.556178 50.796671, -119.569075 50.794669, -119.581970 50.792664, -119.594865 50.790659, -119.607758 50.788652, -119.620650 50.786644, -119.633541 50.784634, -119.646431 50.782622, -119.659320 50.780610, -119.672208 50.778596, -119.685095 50.776580, -119.697980 50.774563, -119.710865 50.772545, -119.723748 50.770525, -119.736630 50.768504, -119.749512 50.766481, -119.762392 50.764457, -119.775270 50.762432, -119.788148 50.760405, -119.801025 50.758377, -119.813900 50.756347, -119.826775 50.754316, -119.839648 50.752284, -119.852520 50.750250, -119.865391 50.748214, -119.878261 50.746178, -119.891130 50.744139, -119.903998 50.742100, -119.916865 50.740059, -119.929730 50.738016, -119.942594 50.735972, -119.955458 50.733927, -119.968320 50.731881, -119.981181 50.729832, -119.994041 50.727783, -120.006899 50.725732, -120.019757 50.723680, -120.032613 50.721626, -120.045469 50.719571, -120.058323 50.717514, -120.071176 50.715456, -120.084028 50.713397, -120.096879 50.711336, -120.109729 50.709274, -120.122577 50.707210, -120.135425 50.705145, -120.148271 50.703079, -120.161116 50.701011, -120.173960 50.698941, -120.186803 50.696871, -120.199645 50.694799, -120.212485 50.692725, -120.225325 50.690650, -120.238163 50.688574, -120.251001 50.686496, -120.263837 50.684417, -120.276672 50.682336, -120.289505 50.680254, -120.302338 50.678171, -120.315170 50.676086, -120.328000 50.674000, -120.334496 50.666690, -120.340989 50.659379, -120.347481 50.652068, -120.353970 50.644756, -120.360458 50.637445, -120.366943 50.630133, -120.373427 50.622820, -120.379908 50.615507, -120.386388 50.608194, -120.392865 50.600880, -120.399341 50.593566, -120.405814 50.586252, -120.412285 50.578937, -120.418755 50.571622, -120.425222 50.564307, -120.431688 50.556991, -120.438151 50.549675, -120.444612 50.542359, -120.451072 50.535042, -120.457529 50.527725, -120.463984 50.520407, -120.470438 50.513089, -120.476889 50.505771, -120.483338 50.498453, -120.489786 50.491134, -120.496231 50.483814, -120.502674 50.476495, -120.509116 50.469175, -120.515555 50.461854, -120.521993 50.454533, -120.528428 50.447212, -120.534861 50.439891, -120.541293 50.432569, -120.547722 50.425247, -120.554150 50.417924, -120.560575 50.410602, -120.566999 50.403278, -120.573420 50.395955, -120.579839 50.388631, -120.586257 50.381307, -120.592673 50.373982, -120.599086 50.366657, -120.605498 50.359332, -120.611907 50.352006, -120.618315 50.344680, -120.624720 50.337354, -120.631124 50.330027, -120.637526 50.322700, -120.643925 50.315372, -120.650323 50.308045, -120.656719 50.300716, -120.663113 50.293388, -120.669505 50.286059, -120.675894 50.278730, -120.682282 50.271400, -120.688668 50.264070, -120.695052 50.256740, -120.701434 50.249410, -120.707814 50.242079, -120.714192 50.234747, -120.720568 50.227416, -120.726943 50.220084, -120.733315 50.212751, -120.739685 50.205419, -120.746053 50.198086, -120.752420 50.190752, -120.758784 50.183419, -120.765146 50.176085, -120.771507 50.168750, -120.777865 50.161415, -120.784222 50.154080, -120.790576 50.146745, -120.796929 50.139409, -120.803280 50.132073, -120.809628 50.124736, -120.815975 50.117399, -120.822320 50.110062, -120.828663 50.102725, -120.835004 50.095387, -120.841343 50.088049, -120.847680 50.080710, -120.854015 50.073371, -120.860349 50.066032, -120.866680 50.058692, -120.873009 50.051352, -120.879337 50.044012, -120.885662 50.036671, -120.891986 50.029330, -120.898307 50.021989, -120.904627 50.014647, -120.910945 50.007305, -120.917260 49.999963, -120.923574 49.992620, -120.929886 49.985277, -120.936196 49.977934, -120.942504 49.970590, -120.948811 49.963246, -120.955115 49.955902, -120.961417 49.948557, -120.967718 49.941212, -120.974016 49.933866, -120.980313 49.926520, -120.986607 49.919174, -120.992900 49.911828, -120.999191 49.904481, -121.005480 49.897134, -121.011767 49.889786, -121.018052 49.882439, -121.024335 49.875091, -121.030616 49.867742, -121.036895 49.860393, -121.043173 49.853044, -121.049448 49.845694, -121.055722 49.838345, -121.061994 49.830994, -121.068263 49.823644, -121.074531 49.816293, -121.080797 49.808942, -121.087061 49.801590, -121.093324 49.794238, -121.099584 49.786886, -121.105842 49.779534, -121.112099 49.772181, -121.118353 49.764827, -121.124606 49.757474, -121.130857 49.750120, -121.137106 49.742766, -121.143353 49.735411, -121.149598 49.728056, -121.155841 49.720701, -121.162082 49.713345, -121.168322 49.705990, -121.174559 49.698633, -121.180795 49.691277, -121.187029 49.683920, -121.193261 49.676562, -121.199491 49.669205, -121.205719 49.661847, -121.211945 49.654489, -121.218169 49.647130, -121.224392 49.639771, -121.230612 49.632412, -121.236831 49.625052, -121.243048 49.617692, -121.249263 49.610332, -121.255476 49.602972, -121.261687 49.595611, -121.267896 49.588249, -121.274104 49.580888, -121.280309 49.573526, -121.286513 49.566164, -121.292715 49.558801, -121.298915 49.551438, -121.305113 49.544075, -121.311309 49.536711, -121.317503 49.529347, -121.323696 49.521983, -121.329887 49.514619, -121.336075 49.507254, -121.342262 49.499888, -121.348447 49.492523, -121.354630 49.485157, -121.360812 49.477791, -121.366991 49.470424, -121.373169 49.463057, -121.379345 49.455690, -121.385518 49.448323, -121.391690 49.440955, -121.397861 49.433587, -121.404029 49.426218, -121.410195 49.418849, -121.416360 49.411480, -121.422523 49.404110, -121.428684 49.396741, -121.434843 49.389370, -121.441000 49.382000, -121.453804 49.381253, -121.466608 49.380504, -121.479411 49.379753, -121.492214 49.379002, -121.505016 49.378248, -121.517818 49.377494, -121.530620 49.376738, -121.543421 49.375980, -121.556222 49.375222, -121.569023 49.374461, -121.581823 49.373700, -121.594622 49.372937, -121.607422 49.372172, -121.620221 49.371406, -121.633019 49.370639, -121.645817 49.369870, -121.658615 49.369100, -121.671412 49.368329, -121.684209 49.367556, -121.697006 49.366782, -121.709802 49.366006, -121.722597 49.365229, -121.735393 49.364450, -121.748187 49.363670, -121.760982 49.362889, -121.773776 49.362106, -121.786570 49.361322, -121.799363 49.360536, -121.812156 49.359749, -121.824948 49.358960, -121.837740 49.358170, -121.850532 49.357379, -121.863323 49.356586, -121.876114 49.355792, -121.888904 49.354997, -121.901694 49.354200, -121.914484 49.353402, -121.927273 49.352602, -121.940061 49.351801, -121.952850 49.350998, -121.965638 49.350194, -121.978425 49.349389, -121.991212 49.348582, -122.003999 49.347774, -122.016785 49.346964, -122.029571 49.346153, -122.042356 49.345341, -122.055141 49.344527, -122.067925 49.343711, -122.080710 49.342895, -122.093493 49.342077, -122.106276 49.341257, -122.119059 49.340436, -122.131842 49.339614, -122.144624 49.338790, -122.157405 49.337965, -122.170186 49.337138, -122.182967 49.336310, -122.195747 49.335481, -122.208527 49.334650, -122.221306 49.333818, -122.234085 49.332985, -122.246864 49.332150, -122.259642 49.331313, -122.272419 49.330475, -122.285197 49.329636, -122.297973 49.328795, -122.310750 49.327953, -122.323526 49.327110, -122.336301 49.326265, -122.349076 49.325419, -122.361851 49.324571, -122.374625 49.323722, -122.387398 49.322872, -122.400172 49.322020, -122.412944 49.321166, -122.425717 49.320312, -122.438489 49.319456, -122.451260 49.318598, -122.464031 49.317739, -122.476802 49.316879, -122.489572 49.316017, -122.502342 49.315154, -122.515111 49.314289, -122.527880 49.313423, -122.540648 49.312556, -122.553416 49.311687, -122.566183 49.310817, -122.578950 49.309945, -122.591717 49.309072, -122.604483 49.308198, -122.617249 49.307322, -122.630014 49.306445, -122.642779 49.305566, -122.655543 49.304686, -122.668307 49.303805, -122.681070 49.302922, -122.693833 49.302038, -122.706595 49.301152, -122.719357 49.300265, -122.732119 49.299376, -122.744880 49.298487, -122.757641 49.297595, -122.770401 49.296703, -122.783160 49.295809, -122.795920 49.294913, -122.808678 49.294016, -122.821437 49.293118, -122.834194 49.292218, -122.846952 49.291317, -122.859709 49.290414, -122.872465 49.289511, -122.885221 49.288605, -122.897977 49.287699, -122.910732 49.286790, -122.923486 49.285881, -122.936240 49.284970, -122.948994 49.284058, -122.961747 49.283144, -122.974500 49.282229, -122.987252 49.281312, -123.000003 49.280394, -123.012755 49.279475, -123.025505 49.278554, -123.038256 49.277632, -123.051006 49.276708, -123.063755 49.275783, -123.076504 49.274857, -123.089252 49.273929, -123.102000 49.273000))
