MULTILINESTRING ((0.100000 49.490000, 0.099351 49.490638, 0.098701 49.491275, 0.098050 49.491914, 0.097400 49.492552, 0.096748 49.493191, 0.096097 49.493830, 0.095445 49.494470, 0.094792 49.495110, 0.094139 49.495750, 0.093486 49.496390, 0.092832 49.497031, 0.092178 49.497672, 0.091523 49.498314, 0.090868 49.498956, 0.090213 49.499598, 0.089557 49.500240, 0.088901 49.500883, 0.088244 49.501526, 0.087587 49.502169, 0.086929 49.502813, 0.086271 49.503457, 0.085613 49.504102, 0.084954 49.504746, 0.084294 49.505391, 0.083635 49.506037, 0.082974 49.506682, 0.082314 49.507328, 0.081653 49.507975, 0.080992 49.508621, 0.080330 49.509268, 0.079667 49.509915, 0.079005 49.510563, 0.078342 49.511211, 0.077678 49.511859, 0.077014 49.512508, 0.076350 49.513157, 0.075685 49.513806, 0.075020 49.514455, 0.074355 49.515105, 0.073689 49.515755, 0.073022 49.516406, 0.072355 49.517056, 0.071688 49.517707, 0.071020 49.518359, 0.070352 49.519010, 0.069684 49.519662, 0.069015 49.520315, 0.068346 49.520967, 0.067676 49.521620, 0.067006 49.522273, 0.066335 49.522927, 0.065664 49.523581, 0.064993 49.524235, 0.064321 49.524890, 0.063649 49.525544, 0.062977 49.526199, 0.062304 49.526855, 0.061630 49.527511, 0.060956 49.528167, 0.060282 49.528823, 0.059608 49.529480, 0.058933 49.530137, 0.058257 49.530794, 0.057581 49.531451, 0.056905 49.532109, 0.056229 49.532767, 0.055551 49.533426, 0.054874 49.534085, 0.054196 49.534744, 0.053518 49.535403, 0.052839 49.536063, 0.052160 49.536723, 0.051481 49.537383, 0.050801 49.538044, 0.050121 49.538705, 0.049440 49.539366, 0.048759 49.540028, 0.048078 49.540689, 0.047396 49.541352, 0.046713 49.542014, 0.046031 49.542677, 0.045348 49.543340, 0.044664 49.544003, 0.043981 49.544667, 0.043296 49.545331, 0.042612 49.545995, 0.041927 49.546659, 0.041241 49.547324, 0.040555 49.547989, 0.039869 49.548655, 0.039183 49.549321, 0.038496 49.549987, 0.037808 49.550653, 0.037121 49.551320, 0.036432 49.551986, 0.035744 49.552654, 0.035055 49.553321, 0.034366 49.553989, 0.033676 49.554657, 0.032986 49.555325, 0.032295 49.555994, 0.031604 49.556663, 0.030913 49.557332, 0.030221 49.558002, 0.029529 49.558672, 0.028837 49.559342, 0.028144 49.560012, 0.027451 49.560683, 0.026757 49.561354, 0.026063 49.562026, 0.025369 49.562697, 0.024674 49.563369, 0.023979 49.564041, 0.023284 49.564714, 0.022588 49.565387, 0.021891 49.566060, 0.021195 49.566733, 0.020498 49.567407, 0.019800 49.568080, 0.019103 49.568755, 0.018404 49.569429, 0.017706 49.570104, 0.017007 49.570779, 0.016308 49.571454, 0.015608 49.572130, 0.014908 49.572806, 0.014207 49.573482, 0.013507 49.574159, 0.012805 49.574836, 0.012104 49.575513, 0.011402 49.576190, 0.010699 49.576868, 0.009997 49.577546, 0.009294 49.578224, 0.008590 49.578902, 0.007886 49.579581, 0.007182 49.580260, 0.006478 49.580939, 0.005773 49.581619, 0.005067 49.582299, 0.004362 49.582979, 0.003656 49.583660, 0.002949 49.584340, 0.002242 49.585021, 0.001535 49.585703, 0.000828 49.586384, 0.000120 49.587066, -0.000588 49.587748, -0.001297 49.588431, -0.002006 49.589113, -0.002715 49.589796, -0.003425 49.590479, -0.004135 49.591163, -0.004846 49.591847, -0.005557 49.592531, -0.006268 49.593215, -0.006979 49.593900, -0.007691 49.594585, -0.008404 49.595270, -0.009116 49.595955, -0.009829 49.596641, -0.010543 49.597327, -0.011256 49.598013, -0.011971 49.598700, -0.012685 49.599387, -0.013400 49.600074, -0.014115 49.600761, -0.014831 49.601449, -0.015546 49.602137, -0.016263 49.602825, -0.016979 49.603513, -0.017696 49.604202, -0.018414 49.604891, -0.019131 49.605580, -0.019849 49.606270, -0.020568 49.606959, -0.021287 49.607649, -0.022006 49.608340, -0.022725 49.609030, -0.023445 49.609721, -0.024165 49.610412, -0.024886 49.611104, -0.025607 49.611795, -0.026328 49.612487, -0.027049 49.613179, -0.027771 49.613872, -0.028494 49.614565, -0.029216 49.615258, -0.029939 49.615951, -0.030663 49.616644, -0.031386 49.617338, -0.032110 49.618032, -0.032835 49.618726, -0.033559 49.619421, -0.034284 49.620116, -0.035010 49.620811, -0.035736 49.621506, -0.036462 49.622202, -0.037188 49.622898, -0.037915 49.623594, -0.038642 49.624290, -0.039370 49.624987, -0.040098 49.625684, -0.040826 49.626381, -0.041554 49.627078, -0.042283 49.627776, -0.043012 49.628474, -0.043742 49.629172, -0.044472 49.629871, -0.045202 49.630569, -0.045933 49.631268, -0.046664 49.631967, -0.047395 49.632667, -0.048126 49.633367, -0.048858 49.634067, -0.049591 49.634767, -0.050323 49.635467, -0.051056 49.636168, -0.051789 49.636869, -0.052523 49.637570, -0.053257 49.638272, -0.053991 49.638974, -0.054726 49.639676, -0.055461 49.640378, -0.056196 49.641081, -0.056932 49.641783, -0.057668 49.642486, -0.058404 49.643190, -0.059141 49.643893, -0.059878 49.644597, -0.060615 49.645301, -0.061353 49.646005, -0.062091 49.646710, -0.062829 49.647414, -0.063568 49.648120, -0.064307 49.648825, -0.065046 49.649530, -0.065785 49.650236, -0.066525 49.650942, -0.067266 49.651648, -0.068006 49.652355, -0.068747 49.653062, -0.069488 49.653769, -0.070230 49.654476, -0.070972 49.655183, -0.071714 49.655891, -0.072457 49.656599, -0.073200 49.657307, -0.073943 49.658016, -0.074686 49.658724, -0.075430 49.659433, -0.076174 49.660143, -0.076919 49.660852, -0.077664 49.661562, -0.078409 49.662272, -0.079154 49.662982, -0.079900 49.663692, -0.080646 49.664403, -0.081392 49.665114, -0.082139 49.665825, -0.082886 49.666536, -0.083633 49.667248, -0.084381 49.667960, -0.085129 49.668672, -0.085877 49.669384, -0.086626 49.670096, -0.087375 49.670809, -0.088124 49.671522, -0.088874 49.672236, -0.089624 49.672949, -0.090374 49.673663, -0.091125 49.674377, -0.091875 49.675091, -0.092626 49.675805, -0.093378 49.676520, -0.094130 49.677235, -0.094882 49.677950, -0.095634 49.678665, -0.096387 49.679381, -0.097140 49.680097, -0.097893 49.680813, -0.098647 49.681529, -0.099401 49.682246, -0.100155 49.682963, -0.100910 49.683680, -0.101664 49.684397, -0.102420 49.685114, -0.103175 49.685832, -0.103931 49.686550, -0.104687 49.687268, -0.105443 49.687986, -0.106200 49.688705, -0.106957 49.689424, -0.107714 49.690143, -0.108472 49.690862, -0.109230 49.691582, -0.109988 49.692302, -0.110747 49.693021, -0.111505 49.693742, -0.112265 49.694462, -0.113024 49.695183, -0.113784 49.695904, -0.114544 49.696625, -0.115304 49.697346, -0.116065 49.698068, -0.116826 49.698789, -0.117587 49.699511, -0.118348 49.700234, -0.119110 49.700956, -0.119872 49.701679, -0.120635 49.702402, -0.121397 49.703125, -0.122160 49.703848, -0.122924 49.704572, -0.123687 49.705295, -0.124451 49.706019, -0.125215 49.706744, -0.125980 49.707468, -0.126745 49.708193, -0.127510 49.708918, -0.128275 49.709643, -0.129041 49.710368, -0.129806 49.711094, -0.130573 49.711819, -0.131339 49.712545, -0.132106 49.713272, -0.132873 49.713998, -0.133640 49.714725, -0.134408 49.715451, -0.135176 49.716178, -0.135944 49.716906, -0.136713 49.717633, -0.137482 49.718361, -0.138251 49.719089, -0.139020 49.719817, -0.139790 49.720545, -0.140560 49.721274, -0.141330 49.722003, -0.142101 49.722732, -0.142871 49.723461, -0.143642 49.724190, -0.144414 49.724920, -0.145185 49.725650, -0.145957 49.726380, -0.146730 49.727110, -0.147502 49.727840, -0.148275 49.728571, -0.149048 49.729302, -0.149821 49.730033, -0.150595 49.730764, -0.151369 49.731496, -0.152143 49.732228, -0.152917 49.732959, -0.153692 49.733692, -0.154467 49.734424, -0.155242 49.735156, -0.156018 49.735889, -0.156794 49.736622, -0.157570 49.737355, -0.158346 49.738089, -0.159123 49.738822, -0.159900 49.739556, -0.160677 49.740290, -0.161455 49.741024, -0.162232 49.741759, -0.163010 49.742493, -0.163789 49.743228, -0.164567 49.743963, -0.165346 49.744698, -0.166125 49.745434, -0.166904 49.746169, -0.167684 49.746905, -0.168464 49.747641, -0.169244 49.748377, -0.170025 49.749114, -0.170805 49.749850, -0.171586 49.750587, -0.172368 49.751324, -0.173149 49.752061, -0.173931 49.752799, -0.174713 49.753536, -0.175495 49.754274, -0.176278 49.755012, -0.177061 49.755750, -0.177844 49.756489, -0.178627 49.757227, -0.179411 49.757966, -0.180195 49.758705, -0.180979 49.759444, -0.181763 49.760184, -0.182548 49.760923, -0.183333 49.761663, -0.184118 49.762403, -0.184903 49.763143, -0.185689 49.763884, -0.186475 49.764624, -0.187261 49.765365, -0.188048 49.766106, -0.188835 49.766847, -0.189622 49.767588, -0.190409 49.768330, -0.191196 49.769071, -0.191984 49.769813, -0.192772 49.770555, -0.193560 49.771298, -0.194349 49.772040, -0.195138 49.772783, -0.195927 49.773526, -0.196716 49.774269, -0.197506 49.775012, -0.198295 49.775755, -0.199085 49.776499, -0.199876 49.777243, -0.200666 49.777987, -0.201457 49.778731, -0.202248 49.779475, -0.203039 49.780220, -0.203831 49.780964, -0.204623 49.781709, -0.205415 49.782454, -0.206207 49.783200, -0.206999 49.783945, -0.207792 49.784691, -0.208585 49.785436, -0.209379 49.786182, -0.210172 49.786929, -0.210966 49.787675, -0.211760 49.788422, -0.212554 49.789168, -0.213349 49.789915, -0.214143 49.790662, -0.214938 49.791410, -0.215734 49.792157, -0.216529 49.792905, -0.217325 49.793653, -0.218121 49.794401, -0.218917 49.795149, -0.219713 49.795897, -0.220510 49.796646, -0.221307 49.797394, -0.222104 49.798143, -0.222901 49.798892, -0.223699 49.799642, -0.224497 49.800391, -0.225295 49.801141, -0.226093 49.801890, -0.226892 49.802640, -0.227690 49.803390, -0.228490 49.804141, -0.229289 49.804891, -0.230088 49.805642, -0.230888 49.806393, -0.231688 49.807144, -0.232488 49.807895, -0.233289 49.808646, -0.234089 49.809398, -0.234890 49.810149, -0.235691 49.810901, -0.236493 49.811653, -0.237294 49.812406, -0.238096 49.813158, -0.238898 49.813911, -0.239700 49.814663, -0.240503 49.815416, -0.241305 49.816169, -0.242108 49.816922, -0.242912 49.817676, -0.243715 49.818429, -0.244519 49.819183, -0.245322 49.819937, -0.246127 49.820691, -0.246931 49.821445, -0.247735 49.822200, -0.248540 49.822954, -0.249345 49.823709, -0.250150 49.824464, -0.250956 49.825219, -0.251761 49.825974, -0.252567 49.826730, -0.253373 49.827485, -0.254180 49.828241, -0.254986 49.828997, -0.255793 49.829753, -0.256600 49.830509, -0.257407 49.831266, -0.258214 49.832022, -0.259022 49.832779, -0.259830 49.833536, -0.260638 49.834293, -0.261446 49.835050, -0.262255 49.835807, -0.263063 49.836565, -0.263872 49.837323, -0.264681 49.838080, -0.265491 49.838838, -0.266300 49.839597, -0.267110 49.840355, -0.267920 49.841113, -0.268730 49.841872, -0.269541 49.842631, -0.270351 49.843390, -0.271162 49.844149, -0.271973 49.844908, -0.272784 49.845668, -0.273596 49.846427, -0.274407 49.847187, -0.275219 49.847947, -0.276031 49.848707, -0.276844 49.849467, -0.277656 49.850227, -0.278469 49.850988, -0.279282 49.851748, -0.280095 49.852509, -0.280908 49.853270, -0.281722 49.854031, -0.282535 49.854793, -0.283349 49.855554, -0.284163 49.856316, -0.284978 49.857077, -0.285792 49.857839, -0.286607 49.858601, -0.287422 49.859363, -0.288237 49.860126, -0.289053 49.860888, -0.289868 49.861651, -0.290684 49.862414, -0.291500 49.863177, -0.292316 49.863940, -0.293132 49.864703, -0.293949 49.865466, -0.294766 49.866230, -0.295582 49.866994, -0.296400 49.867757, -0.297217 49.868521, -0.298034 49.869285, -0.298852 49.870050, -0.299670 49.870814, -0.300488 49.871579, -0.301307 49.872343, -0.302125 49.873108, -0.302944 49.873873, -0.303763 49.874638, -0.304582 49.875403, -0.305401 49.876169, -0.306220 49.876934, -0.307040 49.877700, -0.307860 49.878466, -0.308680 49.879232, -0.309500 49.879998, -0.310321 49.880764, -0.311141 49.881531, -0.311962 49.882297, -0.312783 49.883064, -0.313604 49.883831, -0.314425 49.884598, -0.315247 49.885365, -0.316069 49.886132, -0.316891 49.886899, -0.317713 49.887667, -0.318535 49.888435, -0.319357 49.889202, -0.320180 49.889970, -0.321003 49.890738, -0.321826 49.891507, -0.322649 49.892275, -0.323472 49.893043, -0.324296 49.893812, -0.325120 49.894581, -0.325944 49.895350, -0.326768 49.896119, -0.327592 49.896888, -0.328416 49.897657, -0.329241 49.898426, -0.330066 49.899196, -0.330891 49.899966, -0.331716 49.900735, -0.332541 49.901505, -0.333367 49.902275, -0.334193 49.903046, -0.335018 49.903816, -0.335845 49.904586, -0.336671 49.905357, -0.337497 49.906128, -0.338324 49.906899, -0.339150 49.907669, -0.339977 49.908441, -0.340804 49.909212, -0.341632 49.909983, -0.342459 49.910755, -0.343287 49.911526, -0.344115 49.912298, -0.344942 49.913070, -0.345771 49.913842, -0.346599 49.914614, -0.347427 49.915386, -0.348256 49.916159, -0.349085 49.916931, -0.349914 49.917704, -0.350743 49.918477, -0.351572 49.919249, -0.352401 49.920022, -0.353231 49.920796, -0.354061 49.921569, -0.354891 49.922342, -0.355721 49.923116, -0.356551 49.923889, -0.357382 49.924663, -0.358212 49.925437, -0.359043 49.926211, -0.359874 49.926985, -0.360705 49.927759, -0.361536 49.928533, -0.362368 49.929308, -0.363199 49.930082, -0.364031 49.930857, -0.364863 49.931632, -0.365695 49.932407, -0.366527 49.933182, -0.367359 49.933957, -0.368192 49.934732, -0.369025 49.935508, -0.369857 49.936283, -0.370690 49.937059, -0.371524 49.937835, -0.372357 49.938611, -0.373190 49.939387, -0.374024 49.940163, -0.374858 49.940939, -0.375692 49.941715, -0.376526 49.942492, -0.377360 49.943268, -0.378194 49.944045, -0.379029 49.944822, -0.379863 49.945598, -0.380698 49.946375, -0.381533 49.947153, -0.382368 49.947930, -0.383203 49.948707, -0.384039 49.949485, -0.384874 49.950262, -0.385710 49.951040, -0.386546 49.951818, -0.387382 49.952595, -0.388218 49.953373, -0.389054 49.954152, -0.389891 49.954930, -0.390727 49.955708, -0.391564 49.956487, -0.392401 49.957265, -0.393238 49.958044, -0.394075 49.958822, -0.394913 49.959601, -0.395750 49.960380, -0.396588 49.961159, -0.397425 49.961938, -0.398263 49.962718, -0.399101 49.963497, -0.399939 49.964277, -0.400778 49.965056, -0.401616 49.965836, -0.402455 49.966616, -0.403293 49.967396, -0.404132 49.968176, -0.404971 49.968956, -0.405810 49.969736, -0.406649 49.970516, -0.407489 49.971297, -0.408328 49.972077, -0.409168 49.972858, -0.410008 49.973639, -0.410848 49.974419, -0.411688 49.975200, -0.412528 49.975981, -0.413368 49.976762, -0.414209 49.977544, -0.415049 49.978325, -0.415890 49.979106, -0.416731 49.979888, -0.417572 49.980669, -0.418413 49.981451, -0.419254 49.982233, -0.420095 49.983015, -0.420937 49.983797, -0.421779 49.984579, -0.422620 49.985361, -0.423462 49.986143, -0.424304 49.986926, -0.425146 49.987708, -0.425989 49.988491, -0.426831 49.989273, -0.427673 49.990056, -0.428516 49.990839, -0.429359 49.991622, -0.430202 49.992405, -0.431045 49.993188, -0.431888 49.993971, -0.432731 49.994754, -0.433574 49.995538, -0.434418 49.996321, -0.435261 49.997105, -0.436105 49.997889, -0.436949 49.998672, -0.437793 49.999456, -0.438637 50.000240, -0.439481 50.001024, -0.440326 50.001808, -0.441170 50.002592, -0.442014 50.003377, -0.442859 50.004161, -0.443704 50.004945, -0.444549 50.005730, -0.445394 50.006515, -0.446239 50.007299, -0.447084 50.008084, -0.447930 50.008869, -0.448775 50.009654, -0.449621 50.010439, -0.450466 50.011224, -0.451312 50.012009, -0.452158 50.012795, -0.453004 50.013580, -0.453850 50.014365, -0.454696 50.015151, -0.455543 50.015937, -0.456389 50.016722, -0.457236 50.017508, -0.458082 50.018294, -0.458929 50.019080, -0.459776 50.019866, -0.460623 50.020652, -0.461470 50.021438, -0.462317 50.022225, -0.463165 50.023011, -0.464012 50.023797, -0.464860 50.024584, -0.465707 50.025370, -0.466555 50.026157, -0.467403 50.026944, -0.468251 50.027731, -0.469099 50.028518, -0.469947 50.029305, -0.470795 50.030092, -0.471643 50.030879, -0.472492 50.031666, -0.473340 50.032453, -0.474189 50.033241, -0.475038 50.034028, -0.475887 50.034815, -0.476735 50.035603, -0.477584 50.036391, -0.478434 50.037178, -0.479283 50.037966, -0.480132 50.038754, -0.480982 50.039542, -0.481831 50.040330, -0.482681 50.041118, -0.483530 50.041906, -0.484380 50.042694, -0.485230 50.043483, -0.486080 50.044271, -0.486930 50.045060, -0.487780 50.045848, -0.488630 50.046637, -0.489481 50.047425, -0.490331 50.048214, -0.491182 50.049003, -0.492032 50.049792, -0.492883 50.050580, -0.493734 50.051369, -0.494585 50.052158, -0.495436 50.052948, -0.496287 50.053737, -0.497138 50.054526, -0.497989 50.055315, -0.498840 50.056105, -0.499692 50.056894, -0.500543 50.057684, -0.501395 50.058473, -0.502246 50.059263, -0.503098 50.060052, -0.503950 50.060842, -0.504802 50.061632, -0.505654 50.062422, -0.506506 50.063212, -0.507358 50.064002, -0.508210 50.064792, -0.509062 50.065582, -0.509915 50.066372, -0.510767 50.067162, -0.511620 50.067953, -0.512472 50.068743, -0.513325 50.069534, -0.514178 50.070324, -0.515031 50.071115, -0.515884 50.071905, -0.516737 50.072696, -0.517590 50.073486, -0.518443 50.074277, -0.519296 50.075068, -0.520149 50.075859, -0.521003 50.076650, -0.521856 50.077441, -0.522710 50.078232, -0.523563 50.079023, -0.524417 50.079814, -0.525271 50.080605, -0.526124 50.081397, -0.526978 50.082188, -0.527832 50.082979, -0.528686 50.083771, -0.529540 50.084562, -0.530394 50.085354, -0.531249 50.086145, -0.532103 50.086937, -0.532957 50.087729, -0.533812 50.088521, -0.534666 50.089312, -0.535521 50.090104, -0.536375 50.090896, -0.537230 50.091688, -0.538085 50.092480, -0.538939 50.093272, -0.539794 50.094064, -0.540649 50.094856, -0.541504 50.095648, -0.542359 50.096441, -0.543214 50.097233, -0.544070 50.098025, -0.544925 50.098818, -0.545780 50.099610, -0.546635 50.100403, -0.547491 50.101195, -0.548346 50.101988, -0.549202 50.102780, -0.550057 50.103573, -0.550913 50.104366, -0.551769 50.105158, -0.552624 50.105951, -0.553480 50.106744, -0.554336 50.107537, -0.555192 50.108330, -0.556048 50.109123, -0.556904 50.109916, -0.557760 50.110709, -0.558616 50.111502, -0.559472 50.112295, -0.560329 50.113088, -0.561185 50.113881, -0.562041 50.114674, -0.562898 50.115468, -0.563754 50.116261, -0.564611 50.117054, -0.565467 50.117848, -0.566324 50.118641, -0.567180 50.119435, -0.568037 50.120228, -0.568894 50.121022, -0.569750 50.121815, -0.570607 50.122609, -0.571464 50.123403, -0.572321 50.124196, -0.573178 50.124990, -0.574035 50.125784, -0.574892 50.126578, -0.575749 50.127371, -0.576606 50.128165, -0.577463 50.128959, -0.578321 50.129753, -0.579178 50.130547, -0.580035 50.131341, -0.580893 50.132135, -0.581750 50.132929, -0.582607 50.133723, -0.583465 50.134517, -0.584322 50.135312, -0.585180 50.136106, -0.586037 50.136900, -0.586895 50.137694, -0.587753 50.138489, -0.588610 50.139283, -0.589468 50.140077, -0.590326 50.140872, -0.591184 50.141666, -0.592041 50.142460, -0.592899 50.143255, -0.593757 50.144049, -0.594615 50.144844, -0.595473 50.145638, -0.596331 50.146433, -0.597189 50.147228, -0.598047 50.148022, -0.598905 50.148817, -0.599763 50.149612, -0.600621 50.150406, -0.601480 50.151201, -0.602338 50.151996, -0.603196 50.152790, -0.604054 50.153585, -0.604913 50.154380, -0.605771 50.155175, -0.606629 50.155970, -0.607488 50.156765, -0.608346 50.157560, -0.609204 50.158354, -0.610063 50.159149, -0.610921 50.159944, -0.611780 50.160739, -0.612638 50.161534, -0.613497 50.162329, -0.614355 50.163124, -0.615214 50.163920, -0.616072 50.164715, -0.616931 50.165510, -0.617790 50.166305, -0.618648 50.167100, -0.619507 50.167895, -0.620366 50.168690, -0.621224 50.169486, -0.622083 50.170281, -0.622942 50.171076, -0.623801 50.171871, -0.624659 50.172666, -0.625518 50.173462, -0.626377 50.174257, -0.627236 50.175052, -0.628095 50.175848, -0.628954 50.176643, -0.629812 50.177438, -0.630671 50.178234, -0.631530 50.179029, -0.632389 50.179824, -0.633248 50.180620, -0.634107 50.181415, -0.634966 50.182211, -0.635825 50.183006, -0.636684 50.183802, -0.637543 50.184597, -0.638402 50.185392, -0.639261 50.186188, -0.640120 50.186983, -0.640979 50.187779, -0.641838 50.188574, -0.642697 50.189370, -0.643556 50.190165, -0.644415 50.190961, -0.645274 50.191756, -0.646133 50.192552, -0.646992 50.193348, -0.647851 50.194143, -0.648710 50.194939, -0.649569 50.195734, -0.650428 50.196530, -0.651287 50.197325, -0.652146 50.198121, -0.653005 50.198916, -0.653864 50.199712, -0.654723 50.200508, -0.655582 50.201303, -0.656442 50.202099, -0.657301 50.202894, -0.658160 50.203690, -0.659019 50.204486, -0.659878 50.205281, -0.660737 50.206077, -0.661596 50.206873, -0.662455 50.207668, -0.663314 50.208464, -0.664173 50.209259, -0.665032 50.210055, -0.665891 50.210851, -0.666750 50.211646, -0.667609 50.212442, -0.668468 50.213237, -0.669327 50.214033, -0.670186 50.214829, -0.671045 50.215624, -0.671904 50.216420, -0.672763 50.217215, -0.673622 50.218011, -0.674481 50.218807, -0.675339 50.219602, -0.676198 50.220398, -0.677057 50.221193, -0.677916 50.221989, -0.678775 50.222784, -0.679634 50.223580, -0.680493 50.224376, -0.681351 50.225171, -0.682210 50.225967, -0.683069 50.226762, -0.683928 50.227558, -0.684787 50.228353, -0.685645 50.229149, -0.686504 50.229944, -0.687363 50.230740, -0.688221 50.231535, -0.689080 50.232331, -0.689939 50.233126, -0.690797 50.233922, -0.691656 50.234717, -0.692514 50.235513, -0.693373 50.236308, -0.694232 50.237103, -0.695090 50.237899, -0.695949 50.238694, -0.696807 50.239489, -0.697665 50.240285, -0.698524 50.241080, -0.699382 50.241876, -0.700241 50.242671, -0.701099 50.243466, -0.701957 50.244261, -0.702816 50.245057, -0.703674 50.245852, -0.704532 50.246647, -0.705390 50.247442, -0.706248 50.248238, -0.707107 50.249033, -0.707965 50.249828, -0.708823 50.250623, -0.709681 50.251418, -0.710539 50.252214, -0.711397 50.253009, -0.712255 50.253804, -0.713113 50.254599, -0.713971 50.255394, -0.714828 50.256189, -0.715686 50.256984, -0.716544 50.257779, -0.717402 50.258574, -0.718259 50.259369, -0.719117 50.260164, -0.719975 50.260959, -0.720832 50.261754, -0.721690 50.262548, -0.722548 50.263343, -0.723405 50.264138, -0.724262 50.264933, -0.725120 50.265728, -0.725977 50.266522, -0.726835 50.267317, -0.727692 50.268112, -0.728549 50.268906, -0.729406 50.269701, -0.730264 50.270496, -0.731121 50.271290, -0.731978 50.272085, -0.732835 50.272880, -0.733692 50.273674, -0.734549 50.274469, -0.735406 50.275263, -0.736262 50.276057, -0.737119 50.276852, -0.737976 50.277646, -0.738833 50.278441, -0.739689 50.279235, -0.740546 50.280029, -0.741403 50.280823, -0.742259 50.281618, -0.743116 50.282412, -0.743972 50.283206, -0.744828 50.284000, -0.745685 50.284794, -0.746541 50.285588, -0.747397 50.286382, -0.748253 50.287176, -0.749110 50.287970, -0.749966 50.288764, -0.750822 50.289558, -0.751678 50.290352, -0.752533 50.291146, -0.753389 50.291940, -0.754245 50.292734, -0.755101 50.293527, -0.755957 50.294321, -0.756812 50.295115, -0.757668 50.295908, -0.758523 50.296702, -0.759379 50.297496, -0.760234 50.298289, -0.761089 50.299083, -0.761945 50.299876, -0.762800 50.300669, -0.763655 50.301463, -0.764510 50.302256, -0.765365 50.303049, -0.766220 50.303843, -0.767075 50.304636, -0.767930 50.305429, -0.768785 50.306222, -0.769639 50.307015, -0.770494 50.307808, -0.771348 50.308601, -0.772203 50.309394, -0.773057 50.310187, -0.773912 50.310980, -0.774766 50.311773, -0.775620 50.312566, -0.776474 50.313359, -0.777329 50.314151, -0.778183 50.314944, -0.779037 50.315737, -0.779890 50.316529, -0.780744 50.317322, -0.781598 50.318114, -0.782452 50.318907, -0.783305 50.319699, -0.784159 50.320491, -0.785012 50.321284, -0.785866 50.322076, -0.786719 50.322868, -0.787572 50.323660, -0.788425 50.324452, -0.789278 50.325245, -0.790131 50.326037, -0.790984 50.326829, -0.791837 50.327620, -0.792690 50.328412, -0.793543 50.329204, -0.794395 50.329996, -0.795248 50.330788, -0.796100 50.331579, -0.796953 50.332371, -0.797805 50.333162, -0.798657 50.333954, -0.799509 50.334745, -0.800361 50.335537, -0.801213 50.336328, -0.802065 50.337120, -0.802917 50.337911, -0.803769 50.338702, -0.804621 50.339493, -0.805472 50.340284, -0.806324 50.341075, -0.807175 50.341866, -0.808026 50.342657, -0.808877 50.343448, -0.809729 50.344239, -0.810580 50.345030, -0.811431 50.345820, -0.812281 50.346611, -0.813132 50.347401, -0.813983 50.348192, -0.814833 50.348982, -0.815684 50.349773, -0.816534 50.350563, -0.817385 50.351353, -0.818235 50.352144, -0.819085 50.352934, -0.819935 50.353724, -0.820785 50.354514, -0.821635 50.355304, -0.822485 50.356094, -0.823334 50.356884, -0.824184 50.357674, -0.825033 50.358463, -0.825883 50.359253, -0.826732 50.360043, -0.827581 50.360832, -0.828430 50.361622, -0.829279 50.362411, -0.830128 50.363200, -0.830977 50.363990, -0.831826 50.364779, -0.832674 50.365568, -0.833523 50.366357, -0.834371 50.367146, -0.835219 50.367935, -0.836067 50.368724, -0.836916 50.369513, -0.837764 50.370302, -0.838611 50.371090, -0.839459 50.371879, -0.840307 50.372667, -0.841154 50.373456, -0.842002 50.374244, -0.842849 50.375033, -0.843696 50.375821, -0.844544 50.376609, -0.845391 50.377397, -0.846237 50.378185, -0.847084 50.378973, -0.847931 50.379761, -0.848778 50.380549, -0.849624 50.381337, -0.850470 50.382125, -0.851317 50.382912, -0.852163 50.383700, -0.853009 50.384487, -0.853855 50.385275, -0.854701 50.386062, -0.855546 50.386849, -0.856392 50.387637, -0.857237 50.388424, -0.858083 50.389211, -0.858928 50.389998, -0.859773 50.390785, -0.860618 50.391571, -0.861463 50.392358, -0.862308 50.393145, -0.863152 50.393931, -0.863997 50.394718, -0.864841 50.395504, -0.865685 50.396291, -0.866530 50.397077, -0.867374 50.397863, -0.868218 50.398649, -0.869061 50.399435, -0.869905 50.400221, -0.870749 50.401007, -0.871592 50.401793, -0.872435 50.402579, -0.873279 50.403364, -0.874122 50.404150, -0.874965 50.404935, -0.875807 50.405721, -0.876650 50.406506, -0.877493 50.407291, -0.878335 50.408076, -0.879177 50.408861, -0.880020 50.409646, -0.880862 50.410431, -0.881704 50.411216, -0.882545 50.412001, -0.883387 50.412785, -0.884228 50.413570, -0.885070 50.414354, -0.885911 50.415139, -0.886752 50.415923, -0.887593 50.416707, -0.888434 50.417491, -0.889275 50.418275, -0.890116 50.419059, -0.890956 50.419843, -0.891796 50.420627, -0.892637 50.421411, -0.893477 50.422194, -0.894317 50.422978, -0.895156 50.423761, -0.895996 50.424545, -0.896836 50.425328, -0.897675 50.426111, -0.898514 50.426894, -0.899353 50.427677, -0.900192 50.428460, -0.901031 50.429243, -0.901870 50.430025, -0.902708 50.430808, -0.903547 50.431590, -0.904385 50.432373, -0.905223 50.433155, -0.906061 50.433937, -0.906899 50.434719, -0.907737 50.435501, -0.908574 50.436283, -0.909411 50.437065, -0.910249 50.437847, -0.911086 50.438628, -0.911923 50.439410, -0.912760 50.440191, -0.913596 50.440973, -0.914433 50.441754, -0.915269 50.442535, -0.916105 50.443316, -0.916941 50.444097, -0.917777 50.444878, -0.918613 50.445659, -0.919449 50.446440, -0.920284 50.447220, -0.921120 50.448001, -0.921955 50.448781, -0.922790 50.449561, -0.923625 50.450341, -0.924459 50.451121, -0.925294 50.451901, -0.926128 50.452681, -0.926962 50.453461, -0.927797 50.454241, -0.928630 50.455020, -0.929464 50.455800, -0.930298 50.456579, -0.931131 50.457358, -0.931965 50.458137, -0.932798 50.458916, -0.933631 50.459695, -0.934464 50.460474, -0.935296 50.461253, -0.936129 50.462031, -0.936961 50.462810, -0.937793 50.463588, -0.938625 50.464367, -0.939457 50.465145, -0.940289 50.465923, -0.941120 50.466701, -0.941952 50.467479, -0.942783 50.468256, -0.943614 50.469034, -0.944445 50.469811, -0.945275 50.470589, -0.946106 50.471366, -0.946936 50.472143, -0.947766 50.472920, -0.948596 50.473697, -0.949426 50.474474, -0.950256 50.475251, -0.951086 50.476028, -0.951915 50.476804, -0.952744 50.477581, -0.953573 50.478357, -0.954402 50.479133, -0.955231 50.479909, -0.956059 50.480685, -0.956887 50.481461, -0.957715 50.482237, -0.958543 50.483012, -0.959371 50.483788, -0.960199 50.484563, -0.961026 50.485339, -0.961854 50.486114, -0.962681 50.486889, -0.963508 50.487664, -0.964334 50.488439, -0.965161 50.489213, -0.965987 50.489988, -0.966813 50.490762, -0.967639 50.491537, -0.968465 50.492311, -0.969291 50.493085, -0.970116 50.493859, -0.970942 50.494633, -0.971767 50.495406, -0.972592 50.496180, -0.973416 50.496954, -0.974241 50.497727, -0.975065 50.498500, -0.975890 50.499273, -0.976714 50.500046, -0.977537 50.500819, -0.978361 50.501592, -0.979185 50.502365, -0.980008 50.503137, -0.980831 50.503910, -0.981654 50.504682, -0.982476 50.505454, -0.983299 50.506226, -0.984121 50.506998, -0.984943 50.507770, -0.985765 50.508541, -0.986587 50.509313, -0.987409 50.510084, -0.988230 50.510855, -0.989051 50.511627, -0.989872 50.512398, -0.990693 50.513168, -0.991514 50.513939, -0.992334 50.514710, -0.993154 50.515480, -0.993974 50.516251, -0.994794 50.517021, -0.995614 50.517791, -0.996433 50.518561, -0.997252 50.519331, -0.998071 50.520101, -0.998890 50.520870, -0.999709 50.521640, -1.000527 50.522409, -1.001345 50.523178, -1.002163 50.523947, -1.002981 50.524716, -1.003799 50.525485, -1.004616 50.526254, -1.005433 50.527022, -1.006250 50.527791, -1.007067 50.528559, -1.007884 50.529327, -1.008700 50.530095, -1.009516 50.530863, -1.010332 50.531631, -1.011148 50.532398, -1.011964 50.533166, -1.012779 50.533933, -1.013594 50.534700, -1.014409 50.535467, -1.015224 50.536234, -1.016039 50.537001, -1.016853 50.537767, -1.017667 50.538534, -1.018481 50.539300, -1.019295 50.540066, -1.020108 50.540833, -1.020921 50.541598, -1.021734 50.542364, -1.022547 50.543130, -1.023360 50.543895, -1.024172 50.544661, -1.024985 50.545426, -1.025797 50.546191, -1.026608 50.546956, -1.027420 50.547721, -1.028231 50.548485, -1.029042 50.549250, -1.029853 50.550014, -1.030664 50.550779, -1.031474 50.551543, -1.032285 50.552307, -1.033095 50.553070, -1.033905 50.553834, -1.034714 50.554598, -1.035523 50.555361, -1.036333 50.556124, -1.037142 50.556887, -1.037950 50.557650, -1.038759 50.558413, -1.039567 50.559176, -1.040375 50.559938, -1.041183 50.560700, -1.041990 50.561462, -1.042798 50.562225, -1.043605 50.562986, -1.044412 50.563748, -1.045219 50.564510, -1.046025 50.565271, -1.046831 50.566032, -1.047637 50.566794, -1.048443 50.567555, -1.049248 50.568315, -1.050054 50.569076, -1.050859 50.569837, -1.051664 50.570597, -1.052468 50.571357, -1.053273 50.572117, -1.054077 50.572877, -1.054881 50.573637, -1.055684 50.574397, -1.056488 50.575156, -1.057291 50.575915, -1.058094 50.576674, -1.058897 50.577433, -1.059699 50.578192, -1.060502 50.578951, -1.061304 50.579709, -1.062105 50.580468, -1.062907 50.581226, -1.063708 50.581984, -1.064509 50.582742, -1.065310 50.583500, -1.066111 50.584257, -1.066911 50.585015, -1.067711 50.585772, -1.068511 50.586529, -1.069311 50.587286, -1.070110 50.588043, -1.070909 50.588799, -1.071708 50.589556, -1.072507 50.590312, -1.073305 50.591068, -1.074104 50.591824, -1.074901 50.592580, -1.075699 50.593336, -1.076497 50.594091, -1.077294 50.594847, -1.078091 50.595602, -1.078887 50.596357, -1.079684 50.597112, -1.080480 50.597866, -1.081276 50.598621, -1.082072 50.599375, -1.082867 50.600129, -1.083662 50.600883, -1.084457 50.601637, -1.085252 50.602391, -1.086046 50.603144, -1.086840 50.603898, -1.087634 50.604651, -1.088428 50.605404, -1.089222 50.606157, -1.090015 50.606909, -1.090808 50.607662, -1.091600 50.608414, -1.092393 50.609167, -1.093185 50.609919, -1.093977 50.610670, -1.094768 50.611422, -1.095560 50.612174, -1.096351 50.612925, -1.097142 50.613676, -1.097932 50.614427, -1.098722 50.615178, -1.099513 50.615928, -1.100302 50.616679, -1.101092 50.617429, -1.101881 50.618179, -1.102670 50.618929, -1.103459 50.619679, -1.104247 50.620429, -1.105036 50.621178, -1.105824 50.621927, -1.106611 50.622676, -1.107399 50.623425, -1.108186 50.624174, -1.108973 50.624923, -1.109759 50.625671, -1.110546 50.626419, -1.111332 50.627167, -1.112118 50.627915, -1.112903 50.628663, -1.113688 50.629410, -1.114473 50.630157, -1.115258 50.630905, -1.116043 50.631652, -1.116827 50.632398, -1.117611 50.633145, -1.118394 50.633891, -1.119178 50.634638, -1.119961 50.635384, -1.120744 50.636130, -1.121526 50.636875, -1.122308 50.637621, -1.123090 50.638366, -1.123872 50.639111, -1.124654 50.639856, -1.125435 50.640601, -1.126216 50.641346, -1.126996 50.642090, -1.127777 50.642834, -1.128557 50.643578, -1.129336 50.644322, -1.130116 50.645066, -1.130895 50.645809, -1.131674 50.646553, -1.132453 50.647296, -1.133231 50.648039, -1.134009 50.648781, -1.134787 50.649524, -1.135564 50.650266, -1.136341 50.651009, -1.137118 50.651751, -1.137895 50.652492, -1.138671 50.653234, -1.139447 50.653975, -1.140223 50.654717, -1.140999 50.655458, -1.141774 50.656199, -1.142549 50.656939, -1.143323 50.657680, -1.144098 50.658420, -1.144872 50.659160, -1.145646 50.659900, -1.146419 50.660640, -1.147192 50.661379, -1.147965 50.662119, -1.148738 50.662858, -1.149510 50.663597, -1.150282 50.664336, -1.151054 50.665074, -1.151825 50.665813, -1.152596 50.666551, -1.153367 50.667289, -1.154137 50.668027, -1.154908 50.668764, -1.155678 50.669502, -1.156447 50.670239, -1.157217 50.670976, -1.157986 50.671713, -1.158754 50.672449, -1.159523 50.673186, -1.160291 50.673922, -1.161059 50.674658, -1.161826 50.675394, -1.162593 50.676129, -1.163360 50.676865, -1.164127 50.677600, -1.164893 50.678335, -1.165659 50.679070, -1.166425 50.679805, -1.167190 50.680539, -1.167955 50.681273, -1.168720 50.682007, -1.169485 50.682741, -1.170249 50.683475, -1.171013 50.684208, -1.171776 50.684941, -1.172540 50.685674, -1.173303 50.686407, -1.174065 50.687140, -1.174827 50.687872, -1.175589 50.688604, -1.176351 50.689336, -1.177113 50.690068, -1.177874 50.690800, -1.178634 50.691531, -1.179395 50.692262, -1.180155 50.692993, -1.180915 50.693724, -1.181674 50.694455, -1.182433 50.695185, -1.183192 50.695915, -1.183951 50.696645, -1.184709 50.697375, -1.185467 50.698104, -1.186225 50.698834, -1.186982 50.699563, -1.187739 50.700292, -1.188495 50.701021, -1.189252 50.701749, -1.190008 50.702477, -1.190763 50.703205, -1.191519 50.703933, -1.192274 50.704661, -1.193029 50.705388, -1.193783 50.706115, -1.194537 50.706842, -1.195291 50.707569, -1.196044 50.708296, -1.196797 50.709022, -1.197550 50.709748, -1.198302 50.710474, -1.199055 50.711200, -1.199806 50.711926, -1.200558 50.712651, -1.201309 50.713376, -1.202060 50.714101, -1.202810 50.714825, -1.203560 50.715550, -1.204310 50.716274, -1.205060 50.716998, -1.205809 50.717722, -1.206558 50.718446, -1.207306 50.719169, -1.208054 50.719892, -1.208802 50.720615, -1.209550 50.721338, -1.210297 50.722060, -1.211043 50.722782, -1.211790 50.723504, -1.212536 50.724226, -1.213282 50.724948, -1.214027 50.725669, -1.214773 50.726390, -1.215517 50.727111, -1.216262 50.727832, -1.217006 50.728553, -1.217750 50.729273, -1.218493 50.729993, -1.219236 50.730713, -1.219979 50.731432, -1.220721 50.732152, -1.221463 50.732871, -1.222205 50.733590, -1.222947 50.734308, -1.223688 50.735027, -1.224428 50.735745, -1.225169 50.736463, -1.225909 50.737181, -1.226648 50.737899, -1.227388 50.738616, -1.228127 50.739333, -1.228865 50.740050, -1.229604 50.740767, -1.230341 50.741483, -1.231079 50.742199, -1.231816 50.742915, -1.232553 50.743631, -1.233290 50.744347, -1.234026 50.745062, -1.234762 50.745777, -1.235497 50.746492, -1.236232 50.747207, -1.236967 50.747921, -1.237701 50.748635, -1.238436 50.749349, -1.239169 50.750063, -1.239903 50.750776, -1.240636 50.751489, -1.241368 50.752202, -1.242101 50.752915, -1.242832 50.753628, -1.243564 50.754340, -1.244295 50.755052, -1.245026 50.755764, -1.245757 50.756475, -1.246487 50.757187, -1.247217 50.757898, -1.247946 50.758609, -1.248675 50.759319, -1.249404 50.760030, -1.250132 50.760740, -1.250860 50.761450, -1.251588 50.762160, -1.252315 50.762869, -1.253042 50.763578, -1.253768 50.764287, -1.254494 50.764996, -1.255220 50.765705, -1.255946 50.766413, -1.256671 50.767121, -1.257395 50.767829, -1.258120 50.768536, -1.258844 50.769244, -1.259567 50.769951, -1.260290 50.770658, -1.261013 50.771364, -1.261736 50.772071, -1.262458 50.772777, -1.263179 50.773483, -1.263901 50.774188, -1.264622 50.774894, -1.265342 50.775599, -1.266063 50.776304, -1.266783 50.777008, -1.267502 50.777713, -1.268221 50.778417, -1.268940 50.779121, -1.269658 50.779824, -1.270376 50.780528, -1.271094 50.781231, -1.271811 50.781934, -1.272528 50.782637, -1.273244 50.783339, -1.273960 50.784041, -1.274676 50.784743, -1.275392 50.785445, -1.276106 50.786146, -1.276821 50.786848, -1.277535 50.787549, -1.278249 50.788249, -1.278963 50.788950, -1.279676 50.789650, -1.280388 50.790350, -1.281100 50.791050, -1.281812 50.791749, -1.282524 50.792448, -1.283235 50.793147, -1.283946 50.793846, -1.284656 50.794544, -1.285366 50.795243, -1.286076 50.795941, -1.286785 50.796638, -1.287494 50.797336, -1.288202 50.798033, -1.288910 50.798730, -1.289618 50.799426, -1.290325 50.800123, -1.291032 50.800819, -1.291738 50.801515, -1.292444 50.802211, -1.293150 50.802906, -1.293855 50.803601, -1.294560 50.804296, -1.295265 50.804991, -1.295969 50.805685, -1.296672 50.806379, -1.297376 50.807073, -1.298079 50.807767, -1.298781 50.808460, -1.299483 50.809153, -1.300185 50.809846, -1.300886 50.810539, -1.301587 50.811231, -1.302288 50.811923, -1.302988 50.812615, -1.303687 50.813306, -1.304387 50.813997, -1.305086 50.814688, -1.305784 50.815379, -1.306482 50.816070, -1.307180 50.816760, -1.307877 50.817450, -1.308574 50.818140, -1.309271 50.818829, -1.309967 50.819518, -1.310662 50.820207, -1.311358 50.820896, -1.312053 50.821584, -1.312747 50.822272, -1.313441 50.822960, -1.314135 50.823648, -1.314828 50.824335, -1.315521 50.825022, -1.316213 50.825709, -1.316905 50.826395, -1.317597 50.827081, -1.318288 50.827767, -1.318979 50.828453, -1.319669 50.829139, -1.320359 50.829824, -1.321048 50.830509, -1.321738 50.831193, -1.322426 50.831878, -1.323115 50.832562, -1.323802 50.833246, -1.324490 50.833929, -1.325177 50.834612, -1.325864 50.835295, -1.326550 50.835978, -1.327236 50.836661, -1.327921 50.837343, -1.328606 50.838025, -1.329290 50.838706, -1.329974 50.839388, -1.330658 50.840069, -1.331341 50.840750, -1.332024 50.841430, -1.332707 50.842111, -1.333389 50.842791, -1.334070 50.843470, -1.334751 50.844150, -1.335432 50.844829, -1.336112 50.845508, -1.336792 50.846187, -1.337472 50.846865, -1.338151 50.847543, -1.338829 50.848221, -1.339508 50.848898, -1.340185 50.849576, -1.340863 50.850253, -1.341539 50.850929, -1.342216 50.851606, -1.342892 50.852282, -1.343567 50.852958, -1.344243 50.853633, -1.344917 50.854308, -1.345592 50.854984, -1.346266 50.855658, -1.346939 50.856333, -1.347612 50.857007, -1.348285 50.857681, -1.348957 50.858354, -1.349628 50.859028, -1.350300 50.859701, -1.350970 50.860373, -1.351641 50.861046, -1.352311 50.861718, -1.352980 50.862390, -1.353649 50.863062, -1.354318 50.863733, -1.354986 50.864404, -1.355654 50.865075, -1.356321 50.865745, -1.356988 50.866415, -1.357654 50.867085, -1.358320 50.867755, -1.358986 50.868424, -1.359651 50.869093, -1.360316 50.869762, -1.360980 50.870431, -1.361644 50.871099, -1.362307 50.871767, -1.362970 50.872434, -1.363632 50.873102, -1.364294 50.873769, -1.364956 50.874435, -1.365617 50.875102, -1.366278 50.875768, -1.366938 50.876434, -1.367597 50.877099, -1.368257 50.877765, -1.368916 50.878430, -1.369574 50.879094, -1.370232 50.879759, -1.370889 50.880423, -1.371546 50.881087, -1.372203 50.881750, -1.372859 50.882414, -1.373515 50.883077, -1.374170 50.883739, -1.374825 50.884402, -1.375479 50.885064, -1.376133 50.885725, -1.376786 50.886387, -1.377439 50.887048, -1.378092 50.887709, -1.378744 50.888369, -1.379395 50.889030, -1.380046 50.889690, -1.380697 50.890349, -1.381347 50.891009, -1.381997 50.891668, -1.382646 50.892327, -1.383295 50.892985, -1.383943 50.893643, -1.384591 50.894301, -1.385239 50.894959, -1.385886 50.895616, -1.386532 50.896273, -1.387178 50.896930, -1.387824 50.897586, -1.388469 50.898242, -1.389113 50.898898, -1.389758 50.899554, -1.390401 50.900209, -1.391044 50.900864, -1.391687 50.901518, -1.392329 50.902172, -1.392971 50.902826, -1.393613 50.903480, -1.394253 50.904133, -1.394894 50.904787, -1.395534 50.905439, -1.396173 50.906092, -1.396812 50.906744, -1.397451 50.907396, -1.398089 50.908047, -1.398726 50.908698, -1.399363 50.909349, -1.400000 50.910000, -1.400624 50.910642, -1.401225 50.911267, -1.401803 50.911876, -1.402358 50.912470, -1.402890 50.913047, -1.403400 50.913608, -1.403887 50.914154, -1.404352 50.914684, -1.404795 50.915199, -1.405215 50.915697, -1.405613 50.916181, -1.405990 50.916649, -1.406344 50.917102, -1.406677 50.917539, -1.406988 50.917962, -1.407278 50.918369, -1.407547 50.918761, -1.407794 50.919139, -1.408020 50.919502, -1.408225 50.919850, -1.408409 50.920183, -1.408572 50.920502, -1.408715 50.920806, -1.408837 50.921096, -1.408939 50.921372, -1.409020 50.921633, -1.409081 50.921880, -1.409122 50.922113, -1.409144 50.922333, -1.409145 50.922538, -1.409126 50.922729, -1.409088 50.922907, -1.409031 50.923071, -1.408954 50.923221, -1.408858 50.923358, -1.408742 50.923482, -1.408608 50.923592, -1.408455 50.923689, -1.408283 50.923772, -1.408092 50.923843, -1.407883 50.923900, -1.407655 50.923945, -1.407409 50.923977, -1.407144 50.923996, -1.406862 50.924002, -1.406561 50.923995, -1.406243 50.923976, -1.405907 50.923945, -1.405553 50.923901, -1.405182 50.923845, -1.404794 50.923777, -1.404388 50.923697, -1.403965 50.923604, -1.403525 50.923500, -1.403068 50.923383, -1.402594 50.923255, -1.402104 50.923115, -1.401597 50.922964, -1.401073 50.922800, -1.400533 50.922626, -1.399977 50.922440, -1.399405 50.922242, -1.398817 50.922034, -1.398213 50.921814, -1.397593 50.921583, -1.396958 50.921341, -1.396307 50.921089, -1.395640 50.920825, -1.394959 50.920550, -1.394262 50.920265, -1.393550 50.919970, -1.392823 50.919663, -1.392082 50.919347, -1.391325 50.919020, -1.390555 50.918682, -1.389769 50.918335, -1.388970 50.917977, -1.388156 50.917610, -1.387328 50.917232, -1.386486 50.916844, -1.385630 50.916447, -1.384760 50.916040, -1.383877 50.915623, -1.382980 50.915197, -1.382070 50.914761, -1.381147 50.914316, -1.380210 50.913862, -1.379260 50.913398, -1.378298 50.912925, -1.377322 50.912443, -1.376334 50.911952, -1.375333 50.911453, -1.374320 50.910944, -1.373295 50.910426, -1.372257 50.909900, -1.371207 50.909366, -1.370145 50.908822, -1.369072 50.908271, -1.367986 50.907711, -1.366889 50.907143, -1.365781 50.906566, -1.364660 50.905982, -1.363529 50.905389, -1.362387 50.904789, -1.361233 50.904180, -1.360069 50.903564, -1.358893 50.902940, -1.357707 50.902309, -1.356511 50.901670, -1.355304 50.901023, -1.354087 50.900369, -1.352859 50.899708, -1.351621 50.899040, -1.350374 50.898364, -1.349116 50.897681, -1.347849 50.896992, -1.346572 50.896295, -1.345285 50.895592, -1.343990 50.894882, -1.342684 50.894165, -1.341370 50.893442, -1.340047 50.892712, -1.338714 50.891976, -1.337373 50.891233, -1.336023 50.890484, -1.334665 50.889729, -1.333298 50.888968, -1.331923 50.888201, -1.330540 50.887428, -1.329148 50.886649, -1.327748 50.885865, -1.326341 50.885074, -1.324926 50.884278, -1.323503 50.883477, -1.322073 50.882670, -1.320635 50.881857, -1.319190 50.881040, -1.317738 50.880217, -1.316278 50.879389, -1.314812 50.878556, -1.313339 50.877718, -1.311860 50.876875, -1.310373 50.876028, -1.308881 50.875175, -1.307381 50.874318, -1.305876 50.873457, -1.304365 50.872591, -1.302847 50.871720, -1.301324 50.870845, -1.299795 50.869966, -1.298260 50.869083, -1.296720 50.868196, -1.295174 50.867305, -1.293623 50.866409, -1.292067 50.865510, -1.290506 50.864608, -1.288939 50.863701, -1.287368 50.862791, -1.285793 50.861877, -1.284212 50.860960, -1.282628 50.860040, -1.281039 50.859117, -1.279445 50.858190, -1.277848 50.857260, -1.276246 50.856327, -1.274641 50.855391, -1.273032 50.854452, -1.271419 50.853511, -1.269802 50.852566, -1.268183 50.851619, -1.266560 50.850670, -1.264933 50.849718, -1.263304 50.848764, -1.261672 50.847807, -1.260036 50.846848, -1.258399 50.845888, -1.256758 50.844925, -1.255115 50.843960, -1.253470 50.842993, -1.251822 50.842024, -1.250172 50.841054, -1.248521 50.840081, -1.246867 50.839108, -1.245212 50.838133, -1.243554 50.837156, -1.241896 50.836178, -1.240236 50.835199, -1.238574 50.834219, -1.236911 50.833237, -1.235248 50.832255, -1.233583 50.831272, -1.231917 50.830287, -1.230251 50.829302, -1.228584 50.828317, -1.226917 50.827330, -1.225249 50.826344, -1.223581 50.825357, -1.221912 50.824369, -1.220244 50.823381, -1.218576 50.822393, -1.216908 50.821405, -1.215240 50.820417, -1.213573 50.819429, -1.211906 50.818441, -1.210240 50.817453, -1.208574 50.816465, -1.206910 50.815478, -1.205246 50.814491, -1.203584 50.813505, -1.201923 50.812520, -1.200263 50.811535, -1.198605 50.810551, -1.196948 50.809567, -1.195293 50.808585, -1.193640 50.807604, -1.191988 50.806624, -1.190339 50.805645, -1.188692 50.804667, -1.187047 50.803690, -1.185405 50.802715, -1.183765 50.801742, -1.182127 50.800770, -1.180493 50.799800, -1.178861 50.798831, -1.177232 50.797865, -1.175607 50.796900, -1.173984 50.795937, -1.172365 50.794977, -1.170749 50.794018, -1.169137 50.793062, -1.167529 50.792108, -1.165924 50.791156, -1.164323 50.790207, -1.162727 50.789261, -1.161134 50.788317, -1.159545 50.787375, -1.157961 50.786437, -1.156382 50.785502, -1.154807 50.784569, -1.153236 50.783640, -1.151671 50.782713, -1.150110 50.781790, -1.148555 50.780870, -1.147005 50.779954, -1.145460 50.779041, -1.143920 50.778131, -1.142386 50.777225, -1.140857 50.776323, -1.139334 50.775425, -1.137818 50.774530, -1.136307 50.773640, -1.134802 50.772753, -1.133303 50.771871, -1.131811 50.770993, -1.130325 50.770119, -1.128846 50.769249, -1.127373 50.768384, -1.125907 50.767523, -1.124448 50.766667, -1.122996 50.765815, -1.121551 50.764969, -1.120113 50.764127, -1.118683 50.763290, -1.117260 50.762458, -1.115845 50.761631, -1.114437 50.760809, -1.113038 50.759993, -1.111646 50.759182, -1.110262 50.758376, -1.108887 50.757576, -1.107519 50.756781, -1.106160 50.755992, -1.104810 50.755209, -1.103468 50.754431, -1.102135 50.753660, -1.100811 50.752894, -1.099496 50.752135, -1.098189 50.751381, -1.096892 50.750634, -1.095605 50.749893, -1.094326 50.749159, -1.093058 50.748431, -1.091799 50.747709, -1.090549 50.746994, -1.089310 50.746286, -1.088080 50.745585, -1.086861 50.744890, -1.085652 50.744203, -1.084453 50.743522, -1.083265 50.742849, -1.082087 50.742183, -1.080920 50.741524, -1.079764 50.740872, -1.078619 50.740228, -1.077484 50.739592, -1.076361 50.738963, -1.075249 50.738341, -1.074149 50.737728, -1.073060 50.737122, -1.071982 50.736525, -1.070917 50.735935, -1.069863 50.735353, -1.068821 50.734780, -1.067791 50.734215, -1.066773 50.733658, -1.065768 50.733109, -1.064775 50.732569, -1.063794 50.732038, -1.062827 50.731515, -1.061871 50.731001, -1.060929 50.730496, -1.060000 50.730000), (-1.400000 50.910000, -1.382700 50.901660, -1.361761 50.892754, -1.337815 50.883355, -1.311496 50.873542, -1.283436 50.863391, -1.254265 50.852978, -1.224615 50.842383, -1.195115 50.831683, -1.166396 50.820957, -1.139084 50.810286, -1.113808 50.799749, -1.091194 50.789428, -1.071870 50.779402, -1.056460 50.769754, -1.045589 50.760565, -1.039883 50.751914, -1.039966 50.743884, -1.046464 50.736553, -1.060000 50.730000, -1.077533 50.723769, -1.095181 50.717504, -1.112942 50.711205, -1.130814 50.704873, -1.148797 50.698508, -1.166889 50.692111, -1.185089 50.685683, -1.203395 50.679223, -1.221807 50.672733, -1.240322 50.666213, -1.258939 50.659665, -1.277658 50.653087, -1.296477 50.646481, -1.315394 50.639848, -1.334408 50.633187, -1.353518 50.626501, -1.372722 50.619788, -1.392020 50.613050, -1.411410 50.606288, -1.430890 50.599501, -1.450460 50.592691, -1.470117 50.585858, -1.489861 50.579003, -1.509690 50.572126, -1.529604 50.565227, -1.549600 50.558308, -1.569677 50.551369, -1.589835 50.544410, -1.610072 50.537433, -1.630385 50.530437, -1.650776 50.523423, -1.671241 50.516393, -1.691779 50.509346, -1.712390 50.502282, -1.733072 50.495204, -1.753824 50.488110, -1.774644 50.481003, -1.795531 50.473881, -1.816485 50.466747, -1.837502 50.459600, -1.858583 50.452442, -1.879727 50.445272, -1.900930 50.438092, -1.922194 50.430901, -1.943515 50.423701, -1.964894 50.416492, -1.986328 50.409275, -2.007816 50.402050, -2.029358 50.394818, -2.050951 50.387579, -2.072595 50.380335, -2.094289 50.373085, -2.116030 50.365831, -2.137818 50.358572, -2.159652 50.351310, -2.181530 50.344045, -2.203451 50.336778, -2.225414 50.329509, -2.247417 50.322239, -2.269460 50.314969, -2.291540 50.307699, -2.313658 50.300429, -2.335811 50.293161, -2.357998 50.285895, -2.380219 50.278632, -2.402471 50.271371, -2.424754 50.264115, -2.447066 50.256863, -2.469407 50.249616, -2.491774 50.242374, -2.514167 50.235139, -2.536584 50.227911, -2.559025 50.220690, -2.581488 50.213478, -2.603971 50.206274, -2.626474 50.199079, -2.648996 50.191895, -2.671534 50.184721, -2.694089 50.177558, -2.716658 50.170408, -2.739241 50.163269, -2.761836 50.156144, -2.784442 50.149033, -2.807059 50.141936, -2.829684 50.134854, -2.852316 50.127788, -2.874955 50.120738, -2.897599 50.113705, -2.920247 50.106689, -2.942897 50.099692, -2.965549 50.092713, -2.988202 50.085754, -3.010854 50.078815, -3.033503 50.071897, -3.056150 50.065000, -3.078792 50.058125, -3.101429 50.051273, -3.124059 50.044444, -3.146681 50.037639, -3.169295 50.030858, -3.191898 50.024103, -3.214489 50.017374, -3.237068 50.010671, -3.259634 50.003995, -3.282184 49.997347, -3.304719 49.990728, -3.327236 49.984138, -3.349735 49.977577, -3.372215 49.971047, -3.394674 49.964548, -3.417111 49.958080, -3.439525 49.951645, -3.461915 49.945243, -3.484280 49.938875, -3.506619 49.932541, -3.528930 49.926242, -3.551212 49.919979, -3.573465 49.913751, -3.595687 49.907561, -3.617877 49.901409, -3.640033 49.895295, -3.662155 49.889220, -3.684242 49.883184, -3.706293 49.877189, -3.728305 49.871234, -3.750279 49.865322, -3.772213 49.859451, -3.794106 49.853624, -3.815956 49.847840, -3.837763 49.842100, -3.859526 49.836406, -3.881244 49.830757, -3.902915 49.825154, -3.924538 49.819598, -3.946112 49.814090, -3.967636 49.808630, -3.989109 49.803220, -4.010530 49.797859, -4.031898 49.792548, -4.053211 49.787288, -4.074469 49.782080, -4.095670 49.776924, -4.116814 49.771822, -4.137899 49.766773, -4.158924 49.761778, -4.179888 49.756839, -4.200790 49.751955, -4.221629 49.747128, -4.242403 49.742358, -4.263113 49.737646, -4.283755 49.732992, -4.304331 49.728398, -4.324838 49.723863, -4.345275 49.719389, -4.365641 49.714976, -4.385936 49.710626, -4.406157 49.706337, -4.426305 49.702113, -4.446378 49.697952, -4.466374 49.693856, -4.486293 49.689825, -4.506134 49.685860, -4.525896 49.681962, -4.545577 49.678132, -4.565176 49.674369, -4.584693 49.670676, -4.604126 49.667052, -4.623475 49.663498, -4.642737 49.660016, -4.661913 49.656605, -4.681001 49.653266, -4.700000 49.650000, -4.719124 49.646958, -4.738515 49.644295, -4.758168 49.642001, -4.778074 49.640069, -4.798229 49.638489, -4.818624 49.637251, -4.839254 49.636347, -4.860110 49.635769, -4.881187 49.635505, -4.902478 49.635549, -4.923975 49.635891, -4.945673 49.636521, -4.967564 49.637431, -4.989641 49.638612, -5.011898 49.640054, -5.034328 49.641750, -5.056924 49.643689, -5.079679 49.645863, -5.102587 49.648262, -5.125639 49.650879, -5.148831 49.653703, -5.172154 49.656727, -5.195601 49.659940, -5.219167 49.663334, -5.242844 49.666901, -5.266624 49.670630, -5.290502 49.674514, -5.314470 49.678543, -5.338521 49.682708, -5.362648 49.687001, -5.386844 49.691413, -5.411102 49.695934, -5.435415 49.700556, -5.459776 49.705269, -5.484179 49.710066, -5.508615 49.714937, -5.533078 49.719873, -5.557560 49.724866, -5.582055 49.729906, -5.606556 49.734985, -5.631054 49.740094, -5.655544 49.745224, -5.680018 49.750367, -5.704468 49.755513, -5.728887 49.760653, -5.753269 49.765779, -5.777605 49.770883, -5.801889 49.775955, -5.826114 49.780986, -5.850271 49.785968, -5.874354 49.790892, -5.898355 49.795750, -5.922267 49.800532, -5.946082 49.805230, -5.969794 49.809834, -5.993394 49.814337, -6.016876 49.818730, -6.040231 49.823004, -6.063453 49.827149, -6.086534 49.831158, -6.109466 49.835022, -6.132241 49.838732, -6.154854 49.842280, -6.177295 49.845656, -6.199557 49.848851, -6.221633 49.851859, -6.243515 49.854668, -6.265196 49.857272, -6.286668 49.859661, -6.307923 49.861826, -6.328953 49.863760, -6.349752 49.865452, -6.370311 49.866896, -6.390623 49.868081, -6.410681 49.868999, -6.430475 49.869641, -6.450000 49.870000, -6.469334 49.870209, -6.488686 49.870412, -6.508056 49.870607, -6.527443 49.870795, -6.546847 49.870976, -6.566269 49.871151, -6.585709 49.871318, -6.605166 49.871478, -6.624641 49.871631, -6.644132 49.871776, -6.663642 49.871915, -6.683168 49.872047, -6.702712 49.872172, -6.722273 49.872289, -6.741852 49.872400, -6.761447 49.872503, -6.781060 49.872600, -6.800690 49.872689, -6.820337 49.872772, -6.840001 49.872847, -6.859682 49.872915, -6.879380 49.872976, -6.899095 49.873030, -6.918827 49.873077, -6.938576 49.873117, -6.958342 49.873149, -6.978124 49.873175, -6.997924 49.873193, -7.017740 49.873205, -7.037573 49.873209, -7.057423 49.873207, -7.077290 49.873197, -7.097173 49.873180, -7.117073 49.873156, -7.136989 49.873125, -7.156922 49.873086, -7.176871 49.873041, -7.196838 49.872989, -7.216820 49.872929, -7.236819 49.872863, -7.256834 49.872789, -7.276866 49.872708, -7.296914 49.872620, -7.316979 49.872525, -7.337059 49.872423, -7.357156 49.872314, -7.377270 49.872197, -7.397399 49.872074, -7.417545 49.871943, -7.437706 49.871806, -7.457884 49.871661, -7.478078 49.871509, -7.498288 49.871350, -7.518514 49.871184, -7.538755 49.871010, -7.559013 49.870830, -7.579287 49.870642, -7.599577 49.870448, -7.619882 49.870246, -7.640203 49.870037, -7.660540 49.869821, -7.680893 49.869598, -7.701261 49.869368, -7.721645 49.869130, -7.742045 49.868886, -7.762461 49.868634, -7.782892 49.868375, -7.803338 49.868109, -7.823800 49.867836, -7.844278 49.867556, -7.864771 49.867269, -7.885279 49.866974, -7.905803 49.866673, -7.926342 49.866364, -7.946897 49.866048, -7.967467 49.865725, -7.988052 49.865395, -8.008652 49.865058, -8.029267 49.864713, -8.049898 49.864362, -8.070544 49.864003, -8.091205 49.863637, -8.111881 49.863264, -8.132572 49.862884, -8.153278 49.862497, -8.173999 49.862102, -8.194735 49.861701, -8.215486 49.861292, -8.236251 49.860876, -8.257032 49.860453, -8.277827 49.860023, -8.298637 49.859586, -8.319462 49.859142, -8.340302 49.858690, -8.361156 49.858231, -8.382025 49.857766, -8.402908 49.857293, -8.423806 49.856813, -8.444719 49.856325, -8.465646 49.855831, -8.486588 49.855329, -8.507544 49.854821, -8.528514 49.854305, -8.549499 49.853782, -8.570499 49.853252, -8.591512 49.852714, -8.612540 49.852170, -8.633582 49.851618, -8.654638 49.851059, -8.675709 49.850494, -8.696794 49.849921, -8.717892 49.849340, -8.739005 49.848753, -8.760132 49.848158, -8.781273 49.847557, -8.802428 49.846948, -8.823597 49.846332, -8.844780 49.845709, -8.865977 49.845079, -8.887187 49.844441, -8.908412 49.843797, -8.929650 49.843145, -8.950902 49.842486, -8.972168 49.841820, -8.993447 49.841147, -9.014740 49.840467, -9.036047 49.839780, -9.057367 49.839085, -9.078701 49.838383, -9.100048 49.837675, -9.121409 49.836959, -9.142783 49.836236, -9.164171 49.835505, -9.185572 49.834768, -9.206987 49.834023, -9.228415 49.833272, -9.249856 49.832513, -9.271310 49.831747, -9.292778 49.830974, -9.314259 49.830193, -9.335753 49.829406, -9.357260 49.828611, -9.378780 49.827810, -9.400314 49.827001, -9.421860 49.826185, -9.443419 49.825362, -9.464992 49.824531, -9.486577 49.823694, -9.508175 49.822850, -9.529786 49.821998, -9.551410 49.821139, -9.573047 49.820273, -9.594696 49.819400, -9.616359 49.818520, -9.638033 49.817633, -9.659721 49.816738, -9.681421 49.815837, -9.703134 49.814928, -9.724859 49.814012, -9.746597 49.813089, -9.768348 49.812159, -9.790111 49.811222, -9.811886 49.810277, -9.833674 49.809326, -9.855474 49.808367, -9.877286 49.807402, -9.899111 49.806429, -9.920948 49.805449, -9.942797 49.804462, -9.964659 49.803467, -9.986532 49.802466, -10.008418 49.801458, -10.030316 49.800442, -10.052226 49.799420, -10.074148 49.798390, -10.096082 49.797353, -10.118028 49.796309, -10.139985 49.795258, -10.161955 49.794200, -10.183937 49.793134, -10.205930 49.792062, -10.227936 49.790982, -10.249953 49.789896, -10.271981 49.788802, -10.294022 49.787701, -10.316074 49.786593, -10.338138 49.785478, -10.360213 49.784356, -10.382300 49.783227, -10.404399 49.782091, -10.426509 49.780947, -10.448630 49.779797, -10.470763 49.778639, -10.492908 49.777475, -10.515063 49.776303, -10.537230 49.775124, -10.559409 49.773938, -10.581598 49.772745, -10.603799 49.771545, -10.626011 49.770338, -10.648234 49.769124, -10.670469 49.767903, -10.692714 49.766674, -10.714971 49.765439, -10.737238 49.764196, -10.759517 49.762947, -10.781806 49.761690, -10.804107 49.760427, -10.826418 49.759156, -10.848740 49.757878, -10.871073 49.756593, -10.893417 49.755301, -10.915772 49.754002, -10.938137 49.752696, -10.960513 49.751383, -10.982900 49.750063, -11.005297 49.748736, -11.027705 49.747402, -11.050124 49.746061, -11.072553 49.744713, -11.094992 49.743357, -11.117442 49.741995, -11.139903 49.740626, -11.162373 49.739249, -11.184855 49.737866, -11.207346 49.736475, -11.229848 49.735078, -11.252360 49.733673, -11.274882 49.732262, -11.297415 49.730843, -11.319958 49.729418, -11.342510 49.727985, -11.365073 49.726546, -11.387646 49.725099, -11.410229 49.723646, -11.432822 49.722185, -11.455425 49.720718, -11.478038 49.719243, -11.500661 49.717762, -11.523294 49.716273, -11.545936 49.714778, -11.568589 49.713275, -11.591251 49.711766, -11.613922 49.710249, -11.636604 49.708726, -11.659295 49.707195, -11.681996 49.705658, -11.704706 49.704114, -11.727426 49.702562, -11.750156 49.701004, -11.772895 49.699439, -11.795643 49.697866, -11.818401 49.696287, -11.841168 49.694701, -11.863945 49.693108, -11.886731 49.691508, -11.909526 49.689901, -11.932330 49.688287, -11.955144 49.686666, -11.977967 49.685039, -12.000799 49.683404, -12.023640 49.681762, -12.046490 49.680114, -12.069350 49.678458, -12.092218 49.676796, -12.115096 49.675127, -12.137982 49.673450, -12.160877 49.671767, -12.183781 49.670077, -12.206694 49.668380, -12.229616 49.666676, -12.252547 49.664966, -12.275486 49.663248, -12.298434 49.661523, -12.321391 49.659792, -12.344357 49.658054, -12.367331 49.656308, -12.390314 49.654556, -12.413305 49.652797, -12.436305 49.651032, -12.459313 49.649259, -12.482330 49.647479, -12.505355 49.645693, -12.528389 49.643900, -12.551431 49.642100, -12.574481 49.640293, -12.597539 49.638479, -12.620606 49.636658, -12.643681 49.634831, -12.666765 49.632996, -12.689856 49.631155, -12.712956 49.629307, -12.736063 49.627452, -12.759179 49.625591, -12.782303 49.623722, -12.805434 49.621847, -12.828574 49.619965, -12.851722 49.618076, -12.874877 49.616181, -12.898041 49.614278, -12.921212 49.612369, -12.944391 49.610453, -12.967578 49.608530, -12.990772 49.606600, -13.013974 49.604664, -13.037184 49.602721, -13.060402 49.600771, -13.083627 49.598814, -13.106860 49.596851, -13.130100 49.594880, -13.153348 49.592903, -13.176603 49.590920, -13.199866 49.588929, -13.223136 49.586932, -13.246413 49.584928, -13.269698 49.582917, -13.292990 49.580900, -13.316289 49.578876, -13.339596 49.576845, -13.362909 49.574807, -13.386230 49.572763, -13.409558 49.570712, -13.432893 49.568654, -13.456236 49.566590, -13.479585 49.564519, -13.502941 49.562441, -13.526305 49.560357, -13.549675 49.558266, -13.573052 49.556168, -13.596436 49.554063, -13.619827 49.551952, -13.643224 49.549834, -13.666629 49.547710, -13.690040 49.545579, -13.713458 49.543441, -13.736882 49.541297, -13.760313 49.539146, -13.783751 49.536988, -13.807196 49.534824, -13.830647 49.532653, -13.854104 49.530475, -13.877568 49.528291, -13.901038 49.526100, -13.924515 49.523903, -13.947998 49.521699, -13.971488 49.519488, -13.994984 49.517271, -14.018486 49.515047, -14.041994 49.512817, -14.065509 49.510580, -14.089030 49.508337, -14.112557 49.506087, -14.136090 49.503830, -14.159629 49.501567, -14.183174 49.499297, -14.206726 49.497021, -14.230283 49.494738, -14.253846 49.492449, -14.277416 49.490153, -14.300991 49.487851, -14.324572 49.485542, -14.348158 49.483227, -14.371751 49.480905, -14.395349 49.478576, -14.418953 49.476241, -14.442563 49.473900, -14.466179 49.471552, -14.489800 49.469198, -14.513426 49.466837, -14.537059 49.464470, -14.560697 49.462096, -14.584340 49.459716, -14.607989 49.457329, -14.631643 49.454936, -14.655303 49.452536, -14.678968 49.450130, -14.702638 49.447718, -14.726314 49.445299, -14.749995 49.442874, -14.773681 49.440442, -14.797373 49.438004, -14.821070 49.435560, -14.844771 49.433109, -14.868478 49.430652, -14.892191 49.428188, -14.915908 49.425718, -14.939630 49.423241, -14.963357 49.420759, -14.987089 49.418270, -15.010826 49.415774, -15.034568 49.413272, -15.058315 49.410764, -15.082067 49.408250, -15.105823 49.405729, -15.129585 49.403202, -15.153351 49.400668, -15.177121 49.398128, -15.200897 49.395582, -15.224677 49.393030, -15.248462 49.390471, -15.272251 49.387906, -15.296045 49.385335, -15.319843 49.382757, -15.343646 49.380173, -15.367453 49.377583, -15.391265 49.374987, -15.415081 49.372384, -15.438902 49.369776, -15.462727 49.367161, -15.486556 49.364539, -15.510389 49.361912, -15.534227 49.359278, -15.558069 49.356638, -15.581915 49.353992, -15.605765 49.351340, -15.629619 49.348681, -15.653478 49.346016, -15.677340 49.343345, -15.701207 49.340668, -15.725077 49.337985, -15.748952 49.335296, -15.772830 49.332600, -15.796712 49.329898, -15.820598 49.327190, -15.844488 49.324476, -15.868382 49.321756, -15.892280 49.319030, -15.916181 49.316298, -15.940086 49.313559, -15.963995 49.310815, -15.987907 49.308064, -16.011823 49.305307, -16.035742 49.302545, -16.059666 49.299776, -16.083592 49.297001, -16.107522 49.294220, -16.131456 49.291433, -16.155393 49.288640, -16.179333 49.285841, -16.203277 49.283035, -16.227224 49.280224, -16.251175 49.277407, -16.275128 49.274584, -16.299085 49.271755, -16.323046 49.268919, -16.347009 49.266078, -16.370975 49.263231, -16.394945 49.260378, -16.418918 49.257519, -16.442894 49.254654, -16.466873 49.251783, -16.490854 49.248906, -16.514839 49.246023, -16.538827 49.243134, -16.562818 49.240239, -16.586811 49.237339, -16.610808 49.234432, -16.634807 49.231520, -16.658809 49.228601, -16.682814 49.225677, -16.706821 49.222747, -16.730832 49.219811, -16.754845 49.216869, -16.778860 49.213922, -16.802878 49.210968, -16.826899 49.208009, -16.850922 49.205043, -16.874948 49.202072, -16.898977 49.199096, -16.923007 49.196113, -16.947041 49.193125, -16.971076 49.190130, -16.995114 49.187130, -17.019155 49.184125, -17.043197 49.181113, -17.067242 49.178096, -17.091289 49.175073, -17.115339 49.172044, -17.139390 49.169009, -17.163444 49.165969, -17.187500 49.162923, -17.211558 49.159871, -17.235618 49.156814, -17.259680 49.153751, -17.283744 49.150682, -17.307811 49.147607, -17.331879 49.144527, -17.355949 49.141441, -17.380021 49.138350, -17.404094 49.135253, -17.428170 49.132150, -17.452247 49.129042, -17.476327 49.125927, -17.500408 49.122808, -17.524490 49.119683, -17.548575 49.116552, -17.572661 49.113415, -17.596749 49.110273, -17.620838 49.107126, -17.644929 49.103972, -17.669021 49.100814, -17.693115 49.097649, -17.717211 49.094480, -17.741307 49.091304, -17.765406 49.088123, -17.789505 49.084937, -17.813607 49.081745, -17.837709 49.078548, -17.861813 49.075345, -17.885918 49.072137, -17.910024 49.068923, -17.934132 49.065703, -17.958241 49.062479, -17.982350 49.059248, -18.006462 49.056013, -18.030574 49.052772, -18.054687 49.049525, -18.078801 49.046273, -18.102917 49.043016, -18.127033 49.039753, -18.151150 49.036485, -18.175269 49.033212, -18.199388 49.029933, -18.223508 49.026649, -18.247629 49.023359, -18.271751 49.020064, -18.295873 49.016764, -18.319997 49.013459, -18.344121 49.010148, -18.368246 49.006832, -18.392371 49.003510, -18.416497 49.000183, -18.440624 48.996851, -18.464752 48.993514, -18.488880 48.990172, -18.513008 48.986824, -18.537137 48.983471, -18.561267 48.980112, -18.585397 48.976749, -18.609528 48.973380, -18.633659 48.970006, -18.657790 48.966627, -18.681921 48.963243, -18.706053 48.959853, -18.730186 48.956459, -18.754318 48.953059, -18.778451 48.949654, -18.802584 48.946244, -18.826717 48.942829, -18.850851 48.939408, -18.874984 48.935983, -18.899118 48.932552, -18.923252 48.929117, -18.947385 48.925676, -18.971519 48.922230, -18.995653 48.918779, -19.019787 48.915323, -19.043920 48.911862, -19.068054 48.908396, -19.092188 48.904925, -19.116321 48.901449, -19.140454 48.897968, -19.164587 48.894482, -19.188720 48.890991, -19.212853 48.887495, -19.236985 48.883994, -19.261117 48.880488, -19.285249 48.876977, -19.309380 48.873461, -19.333511 48.869940, -19.357641 48.866415, -19.381771 48.862884, -19.405901 48.859348, -19.430030 48.855808, -19.454159 48.852263, -19.478287 48.848713, -19.502415 48.845158, -19.526542 48.841598, -19.550668 48.838033, -19.574794 48.834463, -19.598919 48.830889, -19.623043 48.827310, -19.647167 48.823726, -19.671289 48.820137, -19.695412 48.816544, -19.719533 48.812945, -19.743653 48.809342, -19.767773 48.805734, -19.791892 48.802122, -19.816010 48.798504, -19.840126 48.794882, -19.864242 48.791256, -19.888357 48.787624, -19.912471 48.783988, -19.936584 48.780347, -19.960696 48.776702, -19.984807 48.773052, -20.008916 48.769397, -20.033025 48.765737, -20.057132 48.762073, -20.081238 48.758405, -20.105343 48.754731, -20.129447 48.751053, -20.153549 48.747371, -20.177651 48.743684, -20.201750 48.739992, -20.225849 48.736296, -20.249946 48.732595, -20.274042 48.728890, -20.298136 48.725180, -20.322229 48.721466, -20.346320 48.717747, -20.370410 48.714024, -20.394499 48.710296, -20.418585 48.706564, -20.442671 48.702827, -20.466754 48.699086, -20.490836 48.695341, -20.514917 48.691591, -20.538995 48.687836, -20.563073 48.684077, -20.587148 48.680314, -20.611221 48.676546, -20.635293 48.672774, -20.659363 48.668998, -20.683431 48.665217, -20.707498 48.661432, -20.731562 48.657643, -20.755625 48.653849, -20.779686 48.650051, -20.803744 48.646249, -20.827801 48.642442, -20.851856 48.638631, -20.875909 48.634816, -20.899959 48.630997, -20.924008 48.627173, -20.948055 48.623345, -20.972099 48.619513, -20.996141 48.615677, -21.020181 48.611836, -21.044219 48.607991, -21.068255 48.604143, -21.092289 48.600290, -21.116320 48.596432, -21.140349 48.592571, -21.164376 48.588705, -21.188400 48.584836, -21.212422 48.580962, -21.236442 48.577084, -21.260459 48.573202, -21.284474 48.569316, -21.308486 48.565426, -21.332496 48.561532, -21.356504 48.557634, -21.380509 48.553732, -21.404511 48.549825, -21.428511 48.545915, -21.452508 48.542001, -21.476502 48.538083, -21.500494 48.534160, -21.524484 48.530234, -21.548470 48.526304, -21.572454 48.522370, -21.596436 48.518432, -21.620414 48.514490, -21.644390 48.510544, -21.668363 48.506594, -21.692333 48.502641, -21.716300 48.498683, -21.740264 48.494722, -21.764226 48.490757, -21.788184 48.486788, -21.812140 48.482815, -21.836092 48.478838, -21.860042 48.474858, -21.883989 48.470873, -21.907932 48.466885, -21.931873 48.462893, -21.955811 48.458898, -21.979745 48.454898, -22.003676 48.450895, -22.027605 48.446888, -22.051530 48.442878, -22.075451 48.438864, -22.099370 48.434846, -22.123286 48.430824, -22.147198 48.426799, -22.171107 48.422770, -22.195012 48.418737, -22.218914 48.414701, -22.242813 48.410661, -22.266709 48.406618, -22.290601 48.402571, -22.314490 48.398520, -22.338375 48.394466, -22.362257 48.390409, -22.386136 48.386347, -22.410011 48.382283, -22.433882 48.378214, -22.457750 48.374142, -22.481615 48.370067, -22.505475 48.365988, -22.529333 48.361906, -22.553186 48.357820, -22.577036 48.353731, -22.600882 48.349638, -22.624725 48.345542, -22.648564 48.341443, -22.672399 48.337340, -22.696230 48.333234, -22.720058 48.329124, -22.743882 48.325011, -22.767702 48.320895, -22.791518 48.316775, -22.815331 48.312652, -22.839139 48.308525, -22.862944 48.304396, -22.886744 48.300263, -22.910541 48.296127, -22.934334 48.291987, -22.958122 48.287844, -22.981907 48.283698, -23.005688 48.279549, -23.029465 48.275397, -23.053237 48.271241, -23.077006 48.267082, -23.100770 48.262920, -23.124531 48.258755, -23.148287 48.254586, -23.172039 48.250415, -23.195787 48.246240, -23.219530 48.242062, -23.243270 48.237881, -23.267005 48.233698, -23.290736 48.229510, -23.314462 48.225320, -23.338185 48.221127, -23.361903 48.216931, -23.385616 48.212732, -23.409326 48.208529, -23.433030 48.204324, -23.456731 48.200116, -23.480427 48.195904, -23.504119 48.191690, -23.527806 48.187473, -23.551488 48.183253, -23.575166 48.179030, -23.598840 48.174804, -23.622509 48.170575, -23.646174 48.166343, -23.669833 48.162108, -23.693489 48.157871, -23.717139 48.153630, -23.740785 48.149387, -23.764427 48.145141, -23.788064 48.140892, -23.811695 48.136640, -23.835323 48.132386, -23.858945 48.128128, -23.882563 48.123868, -23.906176 48.119605, -23.929784 48.115340, -23.953388 48.111071, -23.976986 48.106800, -24.000580 48.102527, -24.024169 48.098250, -24.047753 48.093971, -24.071332 48.089689, -24.094906 48.085405, -24.118475 48.081118, -24.142039 48.076828, -24.165598 48.072536, -24.189152 48.068241, -24.212701 48.063943, -24.236245 48.059643, -24.259785 48.055341, -24.283318 48.051035, -24.306847 48.046728, -24.330371 48.042417, -24.353890 48.038105, -24.377403 48.033789, -24.400912 48.029472, -24.424415 48.025151, -24.447913 48.020829, -24.471405 48.016504, -24.494893 48.012176, -24.518375 48.007846, -24.541852 48.003514, -24.565323 47.999179, -24.588790 47.994842, -24.612251 47.990502, -24.635706 47.986160, -24.659156 47.981816, -24.682601 47.977470, -24.706041 47.973121, -24.729475 47.968770, -24.752903 47.964416, -24.776327 47.960060, -24.799744 47.955702, -24.823156 47.951342, -24.846563 47.946980, -24.869964 47.942615, -24.893360 47.938248, -24.916750 47.933879, -24.940134 47.929508, -24.963513 47.925134, -24.986886 47.920758, -25.010254 47.916381, -25.033616 47.912001, -25.056972 47.907619, -25.080323 47.903235, -25.103668 47.898848, -25.127007 47.894460, -25.150341 47.890070, -25.173668 47.885677, -25.196990 47.881283, -25.220307 47.876887, -25.243617 47.872488, -25.266922 47.868088, -25.290220 47.863685, -25.313513 47.859281, -25.336800 47.854874, -25.360082 47.850466, -25.383357 47.846056, -25.406626 47.841644, -25.429890 47.837229, -25.453147 47.832814, -25.476399 47.828396, -25.499644 47.823976, -25.522884 47.819554, -25.546117 47.815131, -25.569345 47.810706, -25.592566 47.806279, -25.615782 47.801850, -25.638991 47.797419, -25.662194 47.792987, -25.685391 47.788553, -25.708583 47.784117, -25.731767 47.779679, -25.754946 47.775240, -25.778119 47.770799, -25.801285 47.766356, -25.824445 47.761912, -25.847599 47.757466, -25.870747 47.753018, -25.893888 47.748569, -25.917024 47.744118, -25.940153 47.739666, -25.963275 47.735212, -25.986392 47.730756, -26.009502 47.726299, -26.032605 47.721840, -26.055703 47.717380, -26.078794 47.712918, -26.101878 47.708454, -26.124956 47.703989, -26.148028 47.699523, -26.171094 47.695055, -26.194152 47.690586, -26.217205 47.686115, -26.240251 47.681643, -26.263290 47.677170, -26.286323 47.672695, -26.309350 47.668218, -26.332370 47.663741, -26.355383 47.659262, -26.378390 47.654781, -26.401390 47.650299, -26.424384 47.645816, -26.447371 47.641332, -26.470351 47.636846, -26.493325 47.632359, -26.516292 47.627871, -26.539252 47.623382, -26.562206 47.618891, -26.585153 47.614399, -26.608094 47.609906, -26.631027 47.605412, -26.653954 47.600916, -26.676875 47.596420, -26.699788 47.591922, -26.722695 47.587423, -26.745594 47.582923, -26.768487 47.578422, -26.791374 47.573920, -26.814253 47.569416, -26.837126 47.564912, -26.859991 47.560407, -26.882850 47.555900, -26.905702 47.551393, -26.928547 47.546884, -26.951385 47.542375, -26.974217 47.537864, -26.997041 47.533353, -27.019858 47.528840, -27.042668 47.524327, -27.065472 47.519813, -27.088268 47.515298, -27.111058 47.510781, -27.133840 47.506265, -27.156615 47.501747, -27.179384 47.497228, -27.202145 47.492708, -27.224899 47.488188, -27.247646 47.483667, -27.270386 47.479145, -27.293119 47.474622, -27.315844 47.470099, -27.338563 47.465574, -27.361274 47.461049, -27.383979 47.456524, -27.406676 47.451997, -27.429366 47.447470, -27.452048 47.442942, -27.474724 47.438413, -27.497392 47.433884, -27.520053 47.429354, -27.542707 47.424824, -27.565353 47.420293, -27.587993 47.415761, -27.610625 47.411229, -27.633249 47.406696, -27.655867 47.402163, -27.678477 47.397629, -27.701079 47.393094, -27.723675 47.388559, -27.746263 47.384024, -27.768843 47.379488, -27.791416 47.374951, -27.813982 47.370414, -27.836541 47.365877, -27.859092 47.361339, -27.881635 47.356801, -27.904171 47.352262, -27.926700 47.347723, -27.949221 47.343184, -27.971735 47.338644, -27.994241 47.334104, -28.016740 47.329563, -28.039231 47.325023, -28.061715 47.320482, -28.084191 47.315940, -28.106659 47.311399, -28.129120 47.306857, -28.151574 47.302315, -28.174020 47.297772, -28.196458 47.293230, -28.218889 47.288687, -28.241312 47.284144, -28.263727 47.279601, -28.286135 47.275057, -28.308535 47.270514, -28.330927 47.265970, -28.353312 47.261427, -28.375689 47.256883, -28.398059 47.252339, -28.420420 47.247795, -28.442774 47.243251, -28.465121 47.238707, -28.487459 47.234163, -28.509790 47.229619, -28.532113 47.225075, -28.554428 47.220530, -28.576736 47.215986, -28.599036 47.211442, -28.621328 47.206898, -28.643612 47.202354, -28.665888 47.197811, -28.688156 47.193267, -28.710417 47.188723, -28.732670 47.184180, -28.754915 47.179636, -28.777152 47.175093, -28.799381 47.170550, -28.821602 47.166007, -28.843815 47.161465, -28.866021 47.156922, -28.888218 47.152380, -28.910408 47.147838, -28.932589 47.143296, -28.954763 47.138755, -28.976929 47.134214, -28.999086 47.129673, -29.021236 47.125132, -29.043378 47.120592, -29.065512 47.116052, -29.087637 47.111513, -29.109755 47.106974, -29.131865 47.102435, -29.153966 47.097897, -29.176060 47.093359, -29.198145 47.088821, -29.220223 47.084284, -29.242292 47.079748, -29.264354 47.075212, -29.286407 47.070676, -29.308452 47.066141, -29.330489 47.061606, -29.352518 47.057072, -29.374538 47.052539, -29.396551 47.048006, -29.418555 47.043473, -29.440552 47.038941, -29.462540 47.034410, -29.484520 47.029880, -29.506491 47.025350, -29.528455 47.020821, -29.550410 47.016292, -29.572357 47.011764, -29.594296 47.007237, -29.616227 47.002710, -29.638149 46.998184, -29.660063 46.993659, -29.681969 46.989135, -29.703867 46.984611, -29.725756 46.980089, -29.747637 46.975567, -29.769510 46.971045, -29.791374 46.966525, -29.813230 46.962006, -29.835078 46.957487, -29.856918 46.952969, -29.878749 46.948452, -29.900572 46.943936, -29.922386 46.939421, -29.944192 46.934907, -29.965990 46.930394, -29.987779 46.925881, -30.009560 46.921370, -30.031333 46.916860, -30.053097 46.912350, -30.074853 46.907842, -30.096600 46.903335, -30.118339 46.898829, -30.140070 46.894323, -30.161792 46.889819, -30.183505 46.885316, -30.205211 46.880814, -30.226907 46.876314, -30.248596 46.871814, -30.270275 46.867315, -30.291947 46.862818, -30.313609 46.858322, -30.335264 46.853827, -30.356909 46.849333, -30.378547 46.844840, -30.400175 46.840349, -30.421796 46.835859, -30.443407 46.831370, -30.465010 46.826883, -30.486605 46.822396, -30.508191 46.817911, -30.529768 46.813428, -30.551337 46.808945, -30.572898 46.804464, -30.594449 46.799985, -30.615992 46.795507, -30.637527 46.791030, -30.659053 46.786554, -30.680570 46.782080, -30.702079 46.777608, -30.723579 46.773137, -30.745070 46.768667, -30.766553 46.764199, -30.788027 46.759732, -30.809492 46.755267, -30.830949 46.750804, -30.852397 46.746342, -30.873836 46.741881, -30.895267 46.737422, -30.916689 46.732965, -30.938103 46.728509, -30.959507 46.724055, -30.980903 46.719603, -31.002290 46.715152, -31.023669 46.710703, -31.045039 46.706255, -31.066400 46.701809, -31.087752 46.697365, -31.109095 46.692923, -31.130430 46.688482, -31.151756 46.684043, -31.173073 46.679606, -31.194382 46.675171, -31.215682 46.670737, -31.236973 46.666305, -31.258255 46.661875, -31.279528 46.657447, -31.300793 46.653021, -31.322048 46.648597, -31.343295 46.644174, -31.364533 46.639754, -31.385762 46.635335, -31.406983 46.630918, -31.428194 46.626503, -31.449397 46.622090, -31.470591 46.617679, -31.491776 46.613270, -31.512952 46.608863, -31.534120 46.604459, -31.555278 46.600056, -31.576428 46.595655, -31.597568 46.591256, -31.618700 46.586859, -31.639823 46.582465, -31.660937 46.578072, -31.682042 46.573682, -31.703138 46.569293, -31.724226 46.564907, -31.745304 46.560523, -31.766374 46.556142, -31.787434 46.551762, -31.808486 46.547385, -31.829528 46.543009, -31.850562 46.538636, -31.871587 46.534266, -31.892602 46.529897, -31.913609 46.525531, -31.934607 46.521167, -31.955596 46.516806, -31.976576 46.512447, -31.997547 46.508090, -32.018509 46.503735, -32.039462 46.499383, -32.060406 46.495033, -32.081341 46.490686, -32.102267 46.486341, -32.123184 46.481998, -32.144092 46.477658, -32.164991 46.473321, -32.185881 46.468985, -32.206762 46.464653, -32.227633 46.460322, -32.248496 46.455995, -32.269350 46.451670, -32.290195 46.447347, -32.311031 46.443027, -32.331857 46.438710, -32.352675 46.434395, -32.373483 46.430082, -32.394283 46.425773, -32.415073 46.421466, -32.435855 46.417161, -32.456627 46.412860, -32.477390 46.408561, -32.498144 46.404264, -32.518889 46.399971, -32.539625 46.395680, -32.560352 46.391392, -32.581070 46.387106, -32.601778 46.382824, -32.622478 46.378544, -32.643168 46.374267, -32.663850 46.369993, -32.684522 46.365721, -32.705185 46.361453, -32.725839 46.357187, -32.746484 46.352924, -32.767119 46.348664, -32.787746 46.344407, -32.808363 46.340153, -32.828971 46.335902, -32.849571 46.331653, -32.870160 46.327408, -32.890741 46.323166, -32.911313 46.318926, -32.931875 46.314690, -32.952429 46.310457, -32.972973 46.306226, -32.993508 46.301999, -33.014034 46.297775, -33.034550 46.293554, -33.055058 46.289336, -33.075556 46.285121, -33.096045 46.280909, -33.116525 46.276701, -33.136996 46.272495, -33.157457 46.268293, -33.177909 46.264094, -33.198352 46.259898, -33.218786 46.255705, -33.239211 46.251515, -33.259626 46.247329, -33.280033 46.243146, -33.300430 46.238966, -33.320817 46.234790, -33.341196 46.230617, -33.361565 46.226447, -33.381926 46.222281, -33.402276 46.218117, -33.422618 46.213958, -33.442951 46.209801, -33.463274 46.205648, -33.483588 46.201499, -33.503892 46.197352, -33.524188 46.193210, -33.544474 46.189070, -33.564751 46.184934, -33.585019 46.180802, -33.605277 46.176673, -33.625527 46.172548, -33.645767 46.168426, -33.665997 46.164307, -33.686219 46.160193, -33.706431 46.156081, -33.726634 46.151974, -33.746827 46.147870, -33.767012 46.143769, -33.787187 46.139673, -33.807353 46.135579, -33.827509 46.131490, -33.847656 46.127404, -33.867794 46.123322, -33.887923 46.119244, -33.908042 46.115169, -33.928152 46.111098, -33.948253 46.107031, -33.968345 46.102967, -33.988427 46.098907, -34.008500 46.094851, -34.028563 46.090799, -34.048618 46.086751, -34.068663 46.082706, -34.088699 46.078666, -34.108725 46.074629, -34.128742 46.070596, -34.148750 46.066567, -34.168748 46.062542, -34.188738 46.058521, -34.208717 46.054504, -34.228688 46.050490, -34.248649 46.046481, -34.268601 46.042476, -34.288544 46.038474, -34.308477 46.034477, -34.328401 46.030484, -34.348316 46.026495, -34.368221 46.022509, -34.388117 46.018528, -34.408004 46.014551, -34.427881 46.010578, -34.447749 46.006609, -34.467608 46.002645, -34.487457 45.998684, -34.507297 45.994728, -34.527128 45.990776, -34.546949 45.986828, -34.566761 45.982884, -34.586564 45.978944, -34.606357 45.975009, -34.626141 45.971078, -34.645916 45.967151, -34.665681 45.963228, -34.685437 45.959310, -34.705184 45.955396, -34.724921 45.951486, -34.744649 45.947581, -34.764368 45.943680, -34.784077 45.939783, -34.803777 45.935891, -34.823467 45.932003, -34.843149 45.928120, -34.862821 45.924241, -34.882483 45.920366, -34.902136 45.916496, -34.921780 45.912630, -34.941415 45.908769, -34.961040 45.904913, -34.980656 45.901060, -35.000262 45.897213, -35.019859 45.893370, -35.039447 45.889531, -35.059025 45.885697, -35.078594 45.881868, -35.098154 45.878043, -35.117704 45.874223, -35.137245 45.870408, -35.156777 45.866597, -35.176299 45.862790, -35.195812 45.858989, -35.215316 45.855192, -35.234810 45.851400, -35.254295 45.847613, -35.273770 45.843830, -35.293236 45.840052, -35.312693 45.836279, -35.332141 45.832511, -35.351579 45.828747, -35.371008 45.824988, -35.390427 45.821234, -35.409837 45.817485, -35.429238 45.813741, -35.448629 45.810002, -35.468011 45.806267, -35.487384 45.802538, -35.506747 45.798813, -35.526101 45.795093, -35.545445 45.791378, -35.564781 45.787669, -35.584106 45.783964, -35.603423 45.780264, -35.622730 45.776569, -35.642028 45.772879, -35.661316 45.769194, -35.680596 45.765514, -35.699865 45.761840, -35.719126 45.758170, -35.738377 45.754506, -35.757618 45.750846, -35.776851 45.747192, -35.796074 45.743543, -35.815288 45.739899, -35.834492 45.736260, -35.853687 45.732626, -35.872873 45.728997, -35.892049 45.725374, -35.911216 45.721756, -35.930373 45.718143, -35.949522 45.714536, -35.968661 45.710933, -35.987790 45.707336, -36.006910 45.703745, -36.026021 45.700158, -36.045123 45.696577, -36.064215 45.693001, -36.083298 45.689431, -36.102372 45.685866, -36.121436 45.682306, -36.140491 45.678752, -36.159536 45.675203, -36.178573 45.671660, -36.197600 45.668122, -36.216617 45.664590, -36.235626 45.661063, -36.254625 45.657541, -36.273614 45.654025, -36.292594 45.650515, -36.311565 45.647010, -36.330527 45.643510, -36.349479 45.640017, -36.368422 45.636528, -36.387356 45.633046, -36.406281 45.629569, -36.425196 45.626097, -36.444101 45.622631, -36.462998 45.619171, -36.481885 45.615717, -36.500763 45.612268, -36.519631 45.608825, -36.538491 45.605388, -36.557341 45.601956, -36.576181 45.598530, -36.595013 45.595110, -36.613835 45.591696, -36.632647 45.588287, -36.651451 45.584884, -36.670245 45.581487, -36.689030 45.578096, -36.707805 45.574711, -36.726572 45.571331, -36.745329 45.567958, -36.764076 45.564590, -36.782815 45.561228, -36.801544 45.557873, -36.820264 45.554523, -36.838974 45.551179, -36.857675 45.547841, -36.876367 45.544509, -36.895050 45.541183, -36.913724 45.537863, -36.932388 45.534549, -36.951043 45.531241, -36.969689 45.527939, -36.988325 45.524643, -37.006952 45.521353, -37.025570 45.518070, -37.044179 45.514792, -37.062778 45.511521, -37.081368 45.508256, -37.099949 45.504996, -37.118521 45.501743, -37.137083 45.498497, -37.155636 45.495256, -37.174180 45.492022, -37.192715 45.488794, -37.211240 45.485572, -37.229756 45.482356, -37.248263 45.479147, -37.266761 45.475944, -37.285250 45.472747, -37.303729 45.469557, -37.322199 45.466373, -37.340660 45.463195, -37.359112 45.460024, -37.377554 45.456859, -37.395987 45.453700, -37.414411 45.450548, -37.432826 45.447402, -37.451231 45.444263, -37.469628 45.441130, -37.488015 45.438004, -37.506393 45.434884, -37.524762 45.431770, -37.543121 45.428664, -37.561472 45.425563, -37.579813 45.422469, -37.598145 45.419382, -37.616468 45.416301, -37.634781 45.413227, -37.653086 45.410160, -37.671381 45.407099, -37.689667 45.404045, -37.707944 45.400997, -37.726212 45.397956, -37.744471 45.394922, -37.762720 45.391894, -37.780961 45.388873, -37.799192 45.385859, -37.817414 45.382852, -37.835627 45.379851, -37.853831 45.376857, -37.872025 45.373870, -37.890211 45.370890, -37.908387 45.367916, -37.926554 45.364949, -37.944712 45.361990, -37.962861 45.359037, -37.981001 45.356090, -37.999132 45.353151, -38.017253 45.350219, -38.035366 45.347293, -38.053469 45.344375, -38.071563 45.341463, -38.089648 45.338559, -38.107724 45.335661, -38.125791 45.332770, -38.143849 45.329887, -38.161898 45.327010, -38.179938 45.324141, -38.197968 45.321278, -38.215990 45.318423, -38.234002 45.315574, -38.252006 45.312733, -38.270000 45.309899, -38.287985 45.307072, -38.305961 45.304252, -38.323928 45.301439, -38.341886 45.298633, -38.359835 45.295835, -38.377775 45.293044, -38.395706 45.290260, -38.413628 45.287483, -38.431541 45.284713, -38.449445 45.281951, -38.467339 45.279196, -38.485225 45.276448, -38.503102 45.273708, -38.520969 45.270974, -38.538828 45.268249, -38.556678 45.265530, -38.574518 45.262819, -38.592350 45.260115, -38.610172 45.257419, -38.627986 45.254730, -38.645791 45.252049, -38.663586 45.249375, -38.681373 45.246708, -38.699151 45.244049, -38.716919 45.241397, -38.734679 45.238753, -38.752430 45.236116, -38.770171 45.233487, -38.787904 45.230866, -38.805628 45.228252, -38.823343 45.225645, -38.841049 45.223046, -38.858746 45.220455, -38.876434 45.217871, -38.894113 45.215295, -38.911783 45.212727, -38.929444 45.210166, -38.947097 45.207613, -38.964740 45.205068, -38.982374 45.202530, -39.000000 45.200000, -39.017610 45.197478, -39.035231 45.194958, -39.052862 45.192442, -39.070502 45.189928, -39.088153 45.187418, -39.105814 45.184910, -39.123485 45.182405, -39.141166 45.179903, -39.158857 45.177404, -39.176558 45.174908, -39.194269 45.172414, -39.211990 45.169924, -39.229721 45.167436, -39.247462 45.164951, -39.265214 45.162469, -39.282975 45.159990, -39.300746 45.157513, -39.318527 45.155040, -39.336318 45.152569, -39.354119 45.150100, -39.371930 45.147635, -39.389751 45.145172, -39.407582 45.142712, -39.425423 45.140255, -39.443274 45.137801, -39.461135 45.135349, -39.479005 45.132900, -39.496886 45.130453, -39.514776 45.128009, -39.532677 45.125568, -39.550587 45.123130, -39.568507 45.120694, -39.586437 45.118260, -39.604377 45.115830, -39.622327 45.113402, -39.640287 45.110976, -39.658256 45.108554, -39.676236 45.106133, -39.694225 45.103716, -39.712224 45.101300, -39.730233 45.098888, -39.748251 45.096478, -39.766280 45.094070, -39.784318 45.091665, -39.802366 45.089263, -39.820424 45.086863, -39.838492 45.084465, -39.856569 45.082070, -39.874656 45.079677, -39.892753 45.077287, -39.910860 45.074899, -39.928977 45.072514, -39.947103 45.070131, -39.965239 45.067751, -39.983384 45.065373, -40.001540 45.062997, -40.019705 45.060624, -40.037879 45.058253, -40.056064 45.055884, -40.074258 45.053518, -40.092462 45.051154, -40.110675 45.048793, -40.128898 45.046434, -40.147131 45.044077, -40.165374 45.041722, -40.183626 45.039370, -40.201887 45.037020, -40.220159 45.034672, -40.238440 45.032327, -40.256730 45.029984, -40.275031 45.027643, -40.293340 45.025304, -40.311660 45.022968, -40.329989 45.020633, -40.348327 45.018301, -40.366675 45.015971, -40.385033 45.013644, -40.403400 45.011318, -40.421777 45.008995, -40.440163 45.006674, -40.458559 45.004355, -40.476964 45.002038, -40.495379 44.999723, -40.513803 44.997410, -40.532237 44.995100, -40.550680 44.992791, -40.569133 44.990485, -40.587595 44.988180, -40.606067 44.985878, -40.624548 44.983578, -40.643039 44.981280, -40.661539 44.978984, -40.680048 44.976690, -40.698567 44.974398, -40.717095 44.972108, -40.735633 44.969820, -40.754180 44.967534, -40.772737 44.965249, -40.791302 44.962967, -40.809878 44.960687, -40.828462 44.958409, -40.847056 44.956133, -40.865660 44.953858, -40.884272 44.951586, -40.902894 44.949315, -40.921526 44.947047, -40.940166 44.944780, -40.958816 44.942515, -40.977476 44.940252, -40.996144 44.937991, -41.014822 44.935732, -41.033509 44.933475, -41.052206 44.931219, -41.070911 44.928965, -41.089626 44.926713, -41.108350 44.924463, -41.127084 44.922215, -41.145827 44.919968, -41.164578 44.917724, -41.183339 44.915481, -41.202110 44.913239, -41.220889 44.911000, -41.239678 44.908762, -41.258476 44.906526, -41.277283 44.904292, -41.296099 44.902059, -41.314924 44.899828, -41.333759 44.897599, -41.352602 44.895371, -41.371455 44.893145, -41.390317 44.890921, -41.409188 44.888699, -41.428068 44.886478, -41.446957 44.884259, -41.465855 44.882041, -41.484763 44.879825, -41.503679 44.877610, -41.522605 44.875397, -41.541539 44.873186, -41.560483 44.870977, -41.579435 44.868768, -41.598397 44.866562, -41.617368 44.864357, -41.636347 44.862153, -41.655336 44.859951, -41.674333 44.857751, -41.693340 44.855552, -41.712356 44.853355, -41.731380 44.851159, -41.750414 44.848964, -41.769456 44.846771, -41.788508 44.844580, -41.807568 44.842390, -41.826637 44.840201, -41.845715 44.838014, -41.864802 44.835828, -41.883898 44.833644, -41.903003 44.831461, -41.922117 44.829279, -41.941239 44.827099, -41.960371 44.824920, -41.979511 44.822743, -41.998660 44.820567, -42.017818 44.818392, -42.036985 44.816219, -42.056161 44.814047, -42.075345 44.811876, -42.094538 44.809707, -42.113740 44.807538, -42.132951 44.805372, -42.152171 44.803206, -42.171399 44.801042, -42.190636 44.798879, -42.209882 44.796717, -42.229136 44.794557, -42.248399 44.792398, -42.267671 44.790240, -42.286952 44.788083, -42.306241 44.785927, -42.325539 44.783773, -42.344846 44.781620, -42.364161 44.779468, -42.383485 44.777317, -42.402818 44.775167, -42.422159 44.773019, -42.441509 44.770871, -42.460868 44.768725, -42.480235 44.766580, -42.499611 44.764436, -42.518995 44.762293, -42.538388 44.760152, -42.557789 44.758011, -42.577199 44.755871, -42.596618 44.753733, -42.616045 44.751596, -42.635481 44.749459, -42.654925 44.747324, -42.674378 44.745190, -42.693839 44.743056, -42.713309 44.740924, -42.732787 44.738793, -42.752274 44.736663, -42.771769 44.734534, -42.791272 44.732405, -42.810784 44.730278, -42.830305 44.728152, -42.849834 44.726026, -42.869371 44.723902, -42.888917 44.721779, -42.908471 44.719656, -42.928033 44.717535, -42.947604 44.715414, -42.967184 44.713294, -42.986771 44.711175, -43.006367 44.709057, -43.025972 44.706940, -43.045584 44.704824, -43.065205 44.702708, -43.084834 44.700594, -43.104472 44.698480, -43.124118 44.696367, -43.143772 44.694255, -43.163434 44.692144, -43.183105 44.690034, -43.202784 44.687924, -43.222471 44.685815, -43.242166 44.683707, -43.261870 44.681600, -43.281582 44.679493, -43.301302 44.677388, -43.321030 44.675283, -43.340766 44.673178, -43.360511 44.671075, -43.380264 44.668972, -43.400024 44.666870, -43.419793 44.664768, -43.439570 44.662668, -43.459356 44.660567, -43.479149 44.658468, -43.498950 44.656369, -43.518760 44.654271, -43.538577 44.652174, -43.558403 44.650077, -43.578237 44.647981, -43.598078 44.645885, -43.617928 44.643790, -43.637786 44.641696, -43.657652 44.639602, -43.677526 44.637509, -43.697407 44.635417, -43.717297 44.633325, -43.737195 44.631233, -43.757100 44.629143, -43.777014 44.627052, -43.796936 44.624962, -43.816865 44.622873, -43.836803 44.620784, -43.856748 44.618696, -43.876701 44.616608, -43.896662 44.614521, -43.916631 44.612434, -43.936608 44.610348, -43.956593 44.608262, -43.976585 44.606177, -43.996586 44.604092, -44.016594 44.602008, -44.036610 44.599924, -44.056634 44.597840, -44.076665 44.595757, -44.096704 44.593674, -44.116752 44.591592, -44.136806 44.589510, -44.156869 44.587428, -44.176939 44.585347, -44.197017 44.583266, -44.217103 44.581185, -44.237197 44.579105, -44.257298 44.577025, -44.277407 44.574946, -44.297523 44.572867, -44.317647 44.570788, -44.337779 44.568709, -44.357918 44.566631, -44.378065 44.564553, -44.398220 44.562475, -44.418382 44.560398, -44.438552 44.558321, -44.458730 44.556244, -44.478915 44.554167, -44.499107 44.552091, -44.519307 44.550014, -44.539515 44.547938, -44.559730 44.545863, -44.579953 44.543787, -44.600183 44.541712, -44.620420 44.539637, -44.640665 44.537562, -44.660918 44.535487, -44.681178 44.533412, -44.701445 44.531338, -44.721720 44.529263, -44.742003 44.527189, -44.762292 44.525115, -44.782589 44.523041, -44.802894 44.520967, -44.823206 44.518893, -44.843525 44.516820, -44.863851 44.514746, -44.884185 44.512673, -44.904526 44.510599, -44.924875 44.508526, -44.945231 44.506453, -44.965594 44.504379, -44.985964 44.502306, -45.006342 44.500233, -45.026727 44.498160, -45.047119 44.496087, -45.067518 44.494014, -45.087925 44.491941, -45.108339 44.489868, -45.128760 44.487794, -45.149188 44.485721, -45.169623 44.483648, -45.190066 44.481575, -45.210515 44.479502, -45.230972 44.477428, -45.251436 44.475355, -45.271907 44.473281, -45.292385 44.471208, -45.312870 44.469134, -45.333363 44.467061, -45.353862 44.464987, -45.374368 44.462913, -45.394882 44.460839, -45.415402 44.458765, -45.435930 44.456690, -45.456464 44.454616, -45.477006 44.452541, -45.497554 44.450466, -45.518110 44.448391, -45.538672 44.446316, -45.559241 44.444241, -45.579817 44.442166, -45.600401 44.440090, -45.620991 44.438014, -45.641588 44.435938, -45.662191 44.433862, -45.682802 44.431785, -45.703420 44.429708, -45.724044 44.427631, -45.744675 44.425554, -45.765313 44.423476, -45.785958 44.421398, -45.806610 44.419320, -45.827268 44.417242, -45.847933 44.415163, -45.868605 44.413084, -45.889284 44.411005, -45.909969 44.408925, -45.930661 44.406845, -45.951360 44.404765, -45.972066 44.402684, -45.992778 44.400604, -46.013497 44.398522, -46.034222 44.396441, -46.054954 44.394358, -46.075693 44.392276, -46.096439 44.390193, -46.117191 44.388110, -46.137949 44.386026, -46.158714 44.383942, -46.179486 44.381858, -46.200264 44.379773, -46.221049 44.377688, -46.241840 44.375602, -46.262638 44.373516, -46.283443 44.371429, -46.304253 44.369342, -46.325071 44.367255, -46.345894 44.365167, -46.366725 44.363078, -46.387561 44.360989, -46.408404 44.358900, -46.429254 44.356810, -46.450110 44.354719, -46.470972 44.352628, -46.491841 44.350537, -46.512716 44.348445, -46.533597 44.346352, -46.554484 44.344259, -46.575378 44.342165, -46.596279 44.340071, -46.617185 44.337976, -46.638098 44.335880, -46.659017 44.333784, -46.679943 44.331688, -46.700874 44.329590, -46.721812 44.327493, -46.742756 44.325394, -46.763706 44.323295, -46.784662 44.321195, -46.805625 44.319095, -46.826594 44.316994, -46.847569 44.314892, -46.868550 44.312790, -46.889537 44.310687, -46.910530 44.308583, -46.931529 44.306479, -46.952534 44.304374, -46.973546 44.302268, -46.994563 44.300162, -47.015587 44.298054, -47.036616 44.295946, -47.057652 44.293838, -47.078693 44.291728, -47.099741 44.289618, -47.120794 44.287508, -47.141854 44.285396, -47.162919 44.283284, -47.183990 44.281170, -47.205068 44.279057, -47.226151 44.276942, -47.247240 44.274826, -47.268334 44.272710, -47.289435 44.270593, -47.310542 44.268475, -47.331654 44.266356, -47.352772 44.264237, -47.373896 44.262117, -47.395026 44.259995, -47.416161 44.257873, -47.437303 44.255750, -47.458450 44.253627, -47.479602 44.251502, -47.500761 44.249376, -47.521925 44.247250, -47.543095 44.245123, -47.564270 44.242995, -47.585452 44.240866, -47.606638 44.238736, -47.627831 44.236605, -47.649029 44.234473, -47.670233 44.232340, -47.691442 44.230206, -47.712657 44.228072, -47.733877 44.225936, -47.755103 44.223800, -47.776335 44.221662, -47.797572 44.219523, -47.818814 44.217384, -47.840062 44.215244, -47.861315 44.213102, -47.882574 44.210960, -47.903839 44.208816, -47.925108 44.206672, -47.946384 44.204526, -47.967664 44.202380, -47.988950 44.200232, -48.010242 44.198084, -48.031538 44.195934, -48.052840 44.193783, -48.074148 44.191632, -48.095460 44.189479, -48.116778 44.187325, -48.138102 44.185170, -48.159430 44.183014, -48.180764 44.180857, -48.202103 44.178698, -48.223447 44.176539, -48.244797 44.174379, -48.266151 44.172217, -48.287511 44.170054, -48.308876 44.167890, -48.330246 44.165726, -48.351622 44.163559, -48.373002 44.161392, -48.394388 44.159224, -48.415778 44.157054, -48.437174 44.154883, -48.458575 44.152711, -48.479980 44.150538, -48.501391 44.148364, -48.522807 44.146188, -48.544228 44.144012, -48.565654 44.141834, -48.587085 44.139655, -48.608520 44.137474, -48.629961 44.135293, -48.651407 44.133110, -48.672857 44.130926, -48.694313 44.128740, -48.715773 44.126554, -48.737238 44.124366, -48.758708 44.122177, -48.780183 44.119986, -48.801663 44.117795, -48.823147 44.115602, -48.844637 44.113407, -48.866131 44.111212, -48.887630 44.109015, -48.909133 44.106817, -48.930641 44.104617, -48.952154 44.102416, -48.973672 44.100214, -48.995194 44.098011, -49.016722 44.095806, -49.038253 44.093600, -49.059790 44.091392, -49.081331 44.089183, -49.102876 44.086973, -49.124426 44.084761, -49.145981 44.082548, -49.167540 44.080334, -49.189104 44.078118, -49.210673 44.075901, -49.232245 44.073682, -49.253823 44.071462, -49.275405 44.069241, -49.296991 44.067018, -49.318582 44.064794, -49.340177 44.062568, -49.361777 44.060341, -49.383381 44.058112, -49.404989 44.055882, -49.426602 44.053651, -49.448219 44.051418, -49.469840 44.049183, -49.491466 44.046947, -49.513096 44.044710, -49.534731 44.042471, -49.556369 44.040231, -49.578012 44.037989, -49.599659 44.035745, -49.621311 44.033500, -49.642966 44.031254, -49.664626 44.029006, -49.686290 44.026757, -49.707958 44.024506, -49.729631 44.022253, -49.751307 44.019999, -49.772988 44.017743, -49.794672 44.015486, -49.816361 44.013227, -49.838054 44.010967, -49.859751 44.008705, -49.881452 44.006441, -49.903157 44.004176, -49.924866 44.001910, -49.946578 43.999641, -49.968295 43.997371, -49.990016 43.995100, -50.011741 43.992827, -50.033470 43.990552, -50.055202 43.988276, -50.076939 43.985998, -50.098679 43.983718, -50.120423 43.981437, -50.142171 43.979154, -50.163923 43.976869, -50.185679 43.974583, -50.207438 43.972295, -50.229202 43.970005, -50.250969 43.967714, -50.272739 43.965421, -50.294514 43.963127, -50.316292 43.960830, -50.338074 43.958532, -50.359859 43.956232, -50.381649 43.953931, -50.403442 43.951628, -50.425238 43.949323, -50.447038 43.947016, -50.468842 43.944708, -50.490649 43.942398, -50.512460 43.940086, -50.534274 43.937773, -50.556092 43.935457, -50.577914 43.933140, -50.599739 43.930821, -50.621567 43.928501, -50.643399 43.926178, -50.665234 43.923854, -50.687073 43.921528, -50.708915 43.919201, -50.730760 43.916871, -50.752609 43.914540, -50.774462 43.912207, -50.796317 43.909872, -50.818176 43.907535, -50.840038 43.905196, -50.861904 43.902856, -50.883773 43.900514, -50.905645 43.898170, -50.927520 43.895824, -50.949398 43.893476, -50.971280 43.891126, -50.993165 43.888775, -51.015053 43.886421, -51.036944 43.884066, -51.058839 43.881709, -51.080736 43.879350, -51.102637 43.876989, -51.124540 43.874627, -51.146447 43.872262, -51.168357 43.869896, -51.190270 43.867527, -51.212186 43.865157, -51.234105 43.862785, -51.256026 43.860411, -51.277951 43.858034, -51.299879 43.855656, -51.321810 43.853277, -51.343743 43.850895, -51.365680 43.848511, -51.387619 43.846125, -51.409562 43.843737, -51.431507 43.841348, -51.453455 43.838956, -51.475405 43.836563, -51.497359 43.834167, -51.519315 43.831769, -51.541274 43.829370, -51.563236 43.826968, -51.585201 43.824565, -51.607168 43.822160, -51.629138 43.819752, -51.651110 43.817343, -51.673086 43.814931, -51.695064 43.812518, -51.717044 43.810102, -51.739027 43.807685, -51.761013 43.805265, -51.783001 43.802843, -51.804992 43.800420, -51.826985 43.797994, -51.848981 43.795566, -51.870980 43.793137, -51.892980 43.790705, -51.914984 43.788271, -51.936989 43.785835, -51.958998 43.783397, -51.981008 43.780957, -52.003021 43.778515, -52.025036 43.776071, -52.047054 43.773624, -52.069074 43.771176, -52.091097 43.768725, -52.113121 43.766273, -52.135148 43.763818, -52.157177 43.761361, -52.179209 43.758902, -52.201242 43.756441, -52.223278 43.753978, -52.245316 43.751513, -52.267357 43.749046, -52.289399 43.746576, -52.311444 43.744104, -52.333490 43.741631, -52.355539 43.739155, -52.377590 43.736677, -52.399643 43.734196, -52.421698 43.731714, -52.443755 43.729229, -52.465814 43.726743, -52.487875 43.724254, -52.509938 43.721762, -52.532003 43.719269, -52.554070 43.716774, -52.576139 43.714276, -52.598209 43.711776, -52.620282 43.709274, -52.642356 43.706770, -52.664433 43.704264, -52.686511 43.701755, -52.708591 43.699244, -52.730673 43.696731, -52.752756 43.694216, -52.774842 43.691698, -52.796929 43.689179, -52.819017 43.686657, -52.841108 43.684132, -52.863200 43.681606, -52.885294 43.679077, -52.907389 43.676546, -52.929486 43.674013, -52.951585 43.671478, -52.973686 43.668940, -52.995787 43.666400, -53.017891 43.663858, -53.039996 43.661313, -53.062102 43.658767, -53.084210 43.656217, -53.106320 43.653666, -53.128431 43.651113, -53.150543 43.648557, -53.172657 43.645998, -53.194772 43.643438, -53.216889 43.640875, -53.239007 43.638310, -53.261126 43.635743, -53.283247 43.633173, -53.305369 43.630601, -53.327493 43.628027, -53.349617 43.625450, -53.371743 43.622871, -53.393870 43.620290, -53.415998 43.617706, -53.438128 43.615120, -53.460259 43.612532, -53.482391 43.609941, -53.504524 43.607348, -53.526658 43.604753, -53.548793 43.602155, -53.570930 43.599555, -53.593067 43.596952, -53.615206 43.594348, -53.637345 43.591740, -53.659486 43.589131, -53.681627 43.586519, -53.703770 43.583905, -53.725913 43.581288, -53.748058 43.578669, -53.770203 43.576048, -53.792349 43.573424, -53.814497 43.570797, -53.836645 43.568169, -53.858794 43.565538, -53.880943 43.562904, -53.903094 43.560269, -53.925245 43.557630, -53.947397 43.554990, -53.969550 43.552347, -53.991704 43.549701, -54.013858 43.547053, -54.036013 43.544403, -54.058169 43.541750, -54.080325 43.539095, -54.102482 43.536437, -54.124640 43.533777, -54.146798 43.531115, -54.168957 43.528450, -54.191116 43.525782, -54.213276 43.523112, -54.235436 43.520440, -54.257597 43.517765, -54.279758 43.515088, -54.301920 43.512408, -54.324083 43.509726, -54.346245 43.507042, -54.368409 43.504355, -54.390572 43.501665, -54.412736 43.498973, -54.434900 43.496278, -54.457065 43.493581, -54.479230 43.490882, -54.501395 43.488180, -54.523561 43.485475, -54.545726 43.482768, -54.567892 43.480059, -54.590059 43.477347, -54.612225 43.474633, -54.634392 43.471916, -54.656558 43.469196, -54.678725 43.466474, -54.700892 43.463750, -54.723060 43.461023, -54.745227 43.458293, -54.767394 43.455561, -54.789561 43.452826, -54.811729 43.450089, -54.833896 43.447350, -54.856063 43.444607, -54.878231 43.441863, -54.900398 43.439115, -54.922565 43.436366, -54.944732 43.433613, -54.966899 43.430858, -54.989066 43.428101, -55.011233 43.425341, -55.033399 43.422579, -55.055566 43.419813, -55.077732 43.417046, -55.099898 43.414276, -55.122063 43.411503, -55.144229 43.408728, -55.166394 43.405950, -55.188559 43.403169, -55.210723 43.400386, -55.232887 43.397601, -55.255051 43.394812, -55.277214 43.392022, -55.299377 43.389228, -55.321540 43.386432, -55.343702 43.383634, -55.365864 43.380833, -55.388025 43.378029, -55.410186 43.375223, -55.432346 43.372414, -55.454505 43.369603, -55.476664 43.366789, -55.498823 43.363972, -55.520981 43.361153, -55.543138 43.358331, -55.565295 43.355506, -55.587451 43.352679, -55.609606 43.349850, -55.631760 43.347017, -55.653914 43.344182, -55.676067 43.341345, -55.698220 43.338505, -55.720371 43.335662, -55.742522 43.332816, -55.764672 43.329968, -55.786821 43.327118, -55.808970 43.324264, -55.831117 43.321409, -55.853263 43.318550, -55.875409 43.315689, -55.897554 43.312825, -55.919697 43.309959, -55.941840 43.307089, -55.963982 43.304218, -55.986123 43.301343, -56.008262 43.298466, -56.030401 43.295587, -56.052538 43.292704, -56.074675 43.289819, -56.096810 43.286932, -56.118944 43.284041, -56.141077 43.281149, -56.163209 43.278253, -56.185340 43.275355, -56.207469 43.272454, -56.229598 43.269550, -56.251725 43.266644, -56.273850 43.263735, -56.295975 43.260824, -56.318098 43.257909, -56.340220 43.254992, -56.362340 43.252073, -56.384459 43.249151, -56.406577 43.246226, -56.428693 43.243298, -56.450808 43.240368, -56.472921 43.237435, -56.495033 43.234499, -56.517143 43.231561, -56.539252 43.228620, -56.561360 43.225676, -56.583465 43.222730, -56.605570 43.219781, -56.627672 43.216829, -56.649773 43.213874, -56.671872 43.210917, -56.693970 43.207957, -56.716066 43.204995, -56.738160 43.202030, -56.760253 43.199062, -56.782344 43.196091, -56.804433 43.193118, -56.826520 43.190142, -56.848606 43.187163, -56.870690 43.184182, -56.892772 43.181197, -56.914852 43.178211, -56.936930 43.175221, -56.959006 43.172229, -56.981080 43.169234, -57.003153 43.166236, -57.025223 43.163236, -57.047292 43.160233, -57.069358 43.157227, -57.091423 43.154218, -57.113485 43.151207, -57.135546 43.148193, -57.157604 43.145176, -57.179660 43.142157, -57.201714 43.139135, -57.223766 43.136110, -57.245816 43.133083, -57.267864 43.130052, -57.289909 43.127019, -57.311952 43.123984, -57.333993 43.120945, -57.356032 43.117904, -57.378068 43.114860, -57.400102 43.111813, -57.422134 43.108764, -57.444164 43.105712, -57.466191 43.102657, -57.488215 43.099600, -57.510238 43.096539, -57.532257 43.093476, -57.554275 43.090411, -57.576290 43.087342, -57.598302 43.084271, -57.620312 43.081197, -57.642320 43.078120, -57.664325 43.075041, -57.686327 43.071959, -57.708327 43.068874, -57.730324 43.065786, -57.752319 43.062696, -57.774310 43.059603, -57.796300 43.056507, -57.818286 43.053408, -57.840270 43.050307, -57.862251 43.047203, -57.884230 43.044096, -57.906205 43.040987, -57.928178 43.037874, -57.950148 43.034759, -57.972115 43.031641, -57.994079 43.028521, -58.016041 43.025398, -58.037999 43.022272, -58.059955 43.019143, -58.081908 43.016011, -58.103858 43.012877, -58.125804 43.009740, -58.147748 43.006601, -58.169689 43.003458, -58.191627 43.000313, -58.213561 42.997165, -58.235493 42.994014, -58.257422 42.990861, -58.279347 42.987704, -58.301269 42.984546, -58.323188 42.981384, -58.345104 42.978219, -58.367017 42.975052, -58.388927 42.971882, -58.410833 42.968710, -58.432736 42.965534, -58.454636 42.962356, -58.476532 42.959175, -58.498425 42.955991, -58.520315 42.952805, -58.542202 42.949616, -58.564085 42.946424, -58.585964 42.943229, -58.607841 42.940032, -58.629713 42.936831, -58.651583 42.933629, -58.673449 42.930423, -58.695311 42.927214, -58.717170 42.924003, -58.739025 42.920789, -58.760877 42.917573, -58.782725 42.914353, -58.804569 42.911131, -58.826410 42.907906, -58.848248 42.904679, -58.870081 42.901448, -58.891911 42.898215, -58.913737 42.894979, -58.935560 42.891741, -58.957378 42.888499, -58.979193 42.885255, -59.001005 42.882008, -59.022812 42.878759, -59.044615 42.875506, -59.066415 42.872251, -59.088211 42.868993, -59.110003 42.865733, -59.131791 42.862469, -59.153575 42.859203, -59.175355 42.855935, -59.197131 42.852663, -59.218903 42.849389, -59.240671 42.846112, -59.262435 42.842832, -59.284195 42.839549, -59.305951 42.836264, -59.327703 42.832976, -59.349451 42.829686, -59.371195 42.826392, -59.392934 42.823096, -59.414669 42.819797, -59.436400 42.816495, -59.458127 42.813191, -59.479850 42.809884, -59.501568 42.806574, -59.523282 42.803261, -59.544992 42.799946, -59.566697 42.796628, -59.588399 42.793307, -59.610095 42.789984, -59.631788 42.786657, -59.653476 42.783328, -59.675159 42.779997, -59.696838 42.776662, -59.718513 42.773325, -59.740183 42.769985, -59.761848 42.766643, -59.783510 42.763297, -59.805166 42.759949, -59.826818 42.756599, -59.848465 42.753245, -59.870108 42.749889, -59.891746 42.746530, -59.913380 42.743168, -59.935009 42.739804, -59.956633 42.736437, -59.978252 42.733067, -59.999867 42.729695, -60.021477 42.726319, -60.043082 42.722941, -60.064682 42.719561, -60.086278 42.716177, -60.107868 42.712791, -60.129454 42.709403, -60.151035 42.706011, -60.172611 42.702617, -60.194183 42.699220, -60.215749 42.695821, -60.237310 42.692418, -60.258866 42.689013, -60.280418 42.685606, -60.301964 42.682195, -60.323505 42.678782, -60.345041 42.675366, -60.366572 42.671948, -60.388098 42.668527, -60.409619 42.665103, -60.431135 42.661676, -60.452645 42.658247, -60.474151 42.654815, -60.495651 42.651381, -60.517146 42.647943, -60.538636 42.644504, -60.560120 42.641061, -60.581599 42.637616, -60.603073 42.634168, -60.624542 42.630717, -60.646005 42.627264, -60.667463 42.623808, -60.688915 42.620349, -60.710362 42.616887, -60.731804 42.613423, -60.753240 42.609957, -60.774671 42.606487, -60.796096 42.603015, -60.817515 42.599541, -60.838930 42.596063, -60.860338 42.592583, -60.881741 42.589101, -60.903139 42.585615, -60.924530 42.582127, -60.945917 42.578637, -60.967297 42.575143, -60.988672 42.571647, -61.010041 42.568149, -61.031405 42.564647, -61.052762 42.561144, -61.074114 42.557637, -61.095460 42.554128, -61.116801 42.550616, -61.138135 42.547102, -61.159464 42.543585, -61.180787 42.540065, -61.202104 42.536542, -61.223415 42.533017, -61.244720 42.529490, -61.266020 42.525960, -61.287313 42.522427, -61.308600 42.518891, -61.329882 42.515353, -61.351157 42.511812, -61.372426 42.508269, -61.393689 42.504723, -61.414947 42.501175, -61.436198 42.497623, -61.457442 42.494070, -61.478681 42.490513, -61.499914 42.486954, -61.521140 42.483393, -61.542360 42.479828, -61.563574 42.476262, -61.584782 42.472692, -61.605984 42.469120, -61.627179 42.465546, -61.648368 42.461968, -61.669550 42.458389, -61.690727 42.454806, -61.711897 42.451221, -61.733060 42.447634, -61.754217 42.444044, -61.775368 42.440451, -61.796512 42.436856, -61.817650 42.433258, -61.838781 42.429658, -61.859906 42.426055, -61.881024 42.422449, -61.902136 42.418841, -61.923241 42.415231, -61.944339 42.411617, -61.965431 42.408002, -61.986517 42.404383, -62.007595 42.400762, -62.028667 42.397139, -62.049733 42.393513, -62.070791 42.389885, -62.091843 42.386253, -62.112888 42.382620, -62.133927 42.378984, -62.154958 42.375345, -62.175983 42.371704, -62.197001 42.368060, -62.218012 42.364414, -62.239016 42.360765, -62.260014 42.357114, -62.281004 42.353460, -62.301987 42.349804, -62.322964 42.346145, -62.343934 42.342484, -62.364896 42.338820, -62.385852 42.335153, -62.406800 42.331485, -62.427742 42.327813, -62.448676 42.324139, -62.469604 42.320463, -62.490524 42.316784, -62.511437 42.313103, -62.532343 42.309419, -62.553242 42.305733, -62.574133 42.302044, -62.595018 42.298353, -62.615895 42.294659, -62.636765 42.290963, -62.657627 42.287264, -62.678483 42.283563, -62.699331 42.279859, -62.720172 42.276153, -62.741005 42.272445, -62.761831 42.268734, -62.782650 42.265020, -62.803461 42.261304, -62.824265 42.257586, -62.845061 42.253865, -62.865850 42.250142, -62.886631 42.246416, -62.907405 42.242688, -62.928171 42.238957, -62.948930 42.235224, -62.969681 42.231489, -62.990425 42.227751, -63.011161 42.224011, -63.031889 42.220268, -63.052610 42.216523, -63.073323 42.212776, -63.094029 42.209026, -63.114726 42.205274, -63.135416 42.201519, -63.156099 42.197762, -63.176773 42.194002, -63.197440 42.190240, -63.218098 42.186476, -63.238750 42.182710, -63.259393 42.178940, -63.280028 42.175169, -63.300655 42.171395, -63.321275 42.167619, -63.341887 42.163841, -63.362490 42.160060, -63.383086 42.156276, -63.403674 42.152491, -63.424253 42.148703, -63.444825 42.144912, -63.465389 42.141120, -63.485944 42.137325, -63.506492 42.133527, -63.527031 42.129728, -63.547563 42.125926, -63.568086 42.122121, -63.588601 42.118314, -63.609108 42.114505, -63.629606 42.110694, -63.650097 42.106880, -63.670579 42.103064, -63.691053 42.099246, -63.711518 42.095425, -63.731976 42.091602, -63.752425 42.087777, -63.772865 42.083950, -63.793298 42.080120, -63.813721 42.076288, -63.834137 42.072453, -63.854544 42.068617, -63.874943 42.064778, -63.895333 42.060936, -63.915715 42.057093, -63.936088 42.053247, -63.956453 42.049399, -63.976809 42.045549, -63.997157 42.041696, -64.017496 42.037841, -64.037826 42.033984, -64.058148 42.030125, -64.078462 42.026263, -64.098766 42.022399, -64.119062 42.018533, -64.139349 42.014665, -64.159628 42.010794, -64.179898 42.006922, -64.200159 42.003047, -64.220411 41.999170, -64.240655 41.995290, -64.260890 41.991409, -64.281116 41.987525, -64.301333 41.983639, -64.321541 41.979750, -64.341740 41.975860, -64.361931 41.971967, -64.382112 41.968073, -64.402285 41.964176, -64.422448 41.960276, -64.442603 41.956375, -64.462749 41.952472, -64.482885 41.948566, -64.503013 41.944658, -64.523132 41.940748, -64.543241 41.936836, -64.563341 41.932922, -64.583433 41.929005, -64.603515 41.925087, -64.623588 41.921166, -64.643652 41.917243, -64.663706 41.913318, -64.683752 41.909391, -64.703788 41.905461, -64.723815 41.901530, -64.743833 41.897597, -64.763841 41.893661, -64.783840 41.889723, -64.803830 41.885783, -64.823811 41.881841, -64.843782 41.877897, -64.863744 41.873951, -64.883696 41.870003, -64.903639 41.866053, -64.923572 41.862101, -64.943496 41.858146, -64.963411 41.854190, -64.983316 41.850231, -65.003211 41.846270, -65.023098 41.842308, -65.042974 41.838343, -65.062841 41.834376, -65.082698 41.830407, -65.102546 41.826436, -65.122384 41.822464, -65.142213 41.818489, -65.162031 41.814512, -65.181840 41.810533, -65.201640 41.806552, -65.221430 41.802569, -65.241210 41.798584, -65.260980 41.794596, -65.280740 41.790607, -65.300491 41.786616, -65.320232 41.782623, -65.339963 41.778628, -65.359684 41.774631, -65.379395 41.770632, -65.399096 41.766631, -65.418788 41.762628, -65.438469 41.758624, -65.458141 41.754617, -65.477803 41.750608, -65.497454 41.746597, -65.517096 41.742584, -65.536728 41.738570, -65.556349 41.734553, -65.575961 41.730535, -65.595562 41.726514, -65.615154 41.722492, -65.634735 41.718467, -65.654306 41.714441, -65.673867 41.710413, -65.693418 41.706383, -65.712959 41.702351, -65.732489 41.698317, -65.752010 41.694282, -65.771520 41.690244, -65.791019 41.686204, -65.810509 41.682163, -65.829988 41.678120, -65.849457 41.674075, -65.868915 41.670028, -65.888364 41.665979, -65.907801 41.661928, -65.927229 41.657876, -65.946646 41.653821, -65.966052 41.649765, -65.985449 41.645707, -66.004834 41.641647, -66.024209 41.637585, -66.043574 41.633522, -66.062928 41.629456, -66.082272 41.625389, -66.101605 41.621320, -66.120928 41.617249, -66.140240 41.613177, -66.159541 41.609102, -66.178832 41.605026, -66.198112 41.600948, -66.217381 41.596868, -66.236640 41.592787, -66.255888 41.588703, -66.275125 41.584618, -66.294352 41.580532, -66.313568 41.576443, -66.332773 41.572353, -66.351967 41.568261, -66.371151 41.564167, -66.390323 41.560071, -66.409485 41.555974, -66.428636 41.551875, -66.447776 41.547774, -66.466905 41.543672, -66.486023 41.539568, -66.505131 41.535462, -66.524227 41.531354, -66.543312 41.527245, -66.562387 41.523134, -66.581450 41.519022, -66.600503 41.514907, -66.619544 41.510791, -66.638574 41.506674, -66.657594 41.502554, -66.676602 41.498433, -66.695599 41.494311, -66.714585 41.490187, -66.733559 41.486061, -66.752523 41.481933, -66.771475 41.477804, -66.790416 41.473673, -66.809346 41.469541, -66.828265 41.465407, -66.847172 41.461271, -66.866069 41.457134, -66.884954 41.452995, -66.903827 41.448854, -66.922689 41.444712, -66.941540 41.440569, -66.960380 41.436423, -66.979208 41.432277, -66.998025 41.428128, -67.016830 41.423978, -67.035624 41.419827, -67.054407 41.415674, -67.073178 41.411519, -67.091937 41.407363, -67.110685 41.403205, -67.129422 41.399046, -67.148147 41.394885, -67.166860 41.390723, -67.185562 41.386559, -67.204252 41.382394, -67.222931 41.378227, -67.241598 41.374059, -67.260254 41.369889, -67.278897 41.365718, -67.297529 41.361545, -67.316150 41.357371, -67.334758 41.353195, -67.353355 41.349018, -67.371940 41.344839, -67.390514 41.340659, -67.409075 41.336477, -67.427625 41.332294, -67.446163 41.328110, -67.464690 41.323924, -67.483204 41.319736, -67.501706 41.315547, -67.520197 41.311357, -67.538676 41.307166, -67.557142 41.302972, -67.575597 41.298778, -67.594040 41.294582, -67.612471 41.290385, -67.630890 41.286186, -67.649297 41.281986, -67.667692 41.277785, -67.686075 41.273582, -67.704445 41.269378, -67.722804 41.265172, -67.741151 41.260966, -67.759485 41.256757, -67.777808 41.252548, -67.796118 41.248337, -67.814416 41.244125, -67.832702 41.239911, -67.850976 41.235696, -67.869237 41.231480, -67.887486 41.227263, -67.905723 41.223044, -67.923948 41.218824, -67.942161 41.214602, -67.960361 41.210380, -67.978549 41.206156, -67.996724 41.201931, -68.014888 41.197704, -68.033038 41.193476, -68.051177 41.189247, -68.069303 41.185017, -68.087417 41.180785, -68.105518 41.176553, -68.123607 41.172319, -68.141683 41.168083, -68.159747 41.163847, -68.177798 41.159609, -68.195837 41.155370, -68.213863 41.151130, -68.231877 41.146889, -68.249878 41.142646, -68.267867 41.138402, -68.285843 41.134158, -68.303806 41.129911, -68.321757 41.125664, -68.339695 41.121416, -68.357621 41.117166, -68.375534 41.112915, -68.393434 41.108664, -68.411321 41.104410, -68.429196 41.100156, -68.447058 41.095901, -68.464907 41.091645, -68.482743 41.087387, -68.500567 41.083128, -68.518377 41.078868, -68.536175 41.074608, -68.553960 41.070346, -68.571733 41.066082, -68.589492 41.061818, -68.607238 41.057553, -68.624972 41.053287, -68.642693 41.049019, -68.660400 41.044751, -68.678095 41.040481, -68.695777 41.036211, -68.713445 41.031939, -68.731101 41.027666, -68.748744 41.023393, -68.766374 41.019118, -68.783990 41.014842, -68.801594 41.010565, -68.819184 41.006288, -68.836761 41.002009, -68.854326 40.997729, -68.871877 40.993448, -68.889415 40.989167, -68.906939 40.984884, -68.924451 40.980600, -68.941949 40.976315, -68.959434 40.972030, -68.976906 40.967743, -68.994365 40.963456, -69.011810 40.959167, -69.029242 40.954878, -69.046661 40.950587, -69.064067 40.946296, -69.081459 40.942004, -69.098838 40.937711, -69.116203 40.933417, -69.133555 40.929122, -69.150894 40.924826, -69.168219 40.920529, -69.185531 40.916231, -69.202829 40.911933, -69.220114 40.907634, -69.237386 40.903333, -69.254644 40.899032, -69.271888 40.894730, -69.289119 40.890427, -69.306337 40.886124, -69.323540 40.881819, -69.340731 40.877514, -69.357907 40.873208, -69.375070 40.868901, -69.392220 40.864593, -69.409356 40.860285, -69.426478 40.855975, -69.443586 40.851665, -69.460681 40.847354, -69.477762 40.843042, -69.494830 40.838730, -69.511884 40.834417, -69.528924 40.830102, -69.545950 40.825788, -69.562962 40.821472, -69.579961 40.817156, -69.596946 40.812839, -69.613917 40.808521, -69.630874 40.804203, -69.647817 40.799883, -69.664747 40.795563, -69.681662 40.791243, -69.698564 40.786921, -69.715452 40.782599, -69.732326 40.778277, -69.749186 40.773953, -69.766032 40.769629, -69.782864 40.765304, -69.799682 40.760979, -69.816486 40.756653, -69.833276 40.752326, -69.850051 40.747999, -69.866813 40.743671, -69.883561 40.739342, -69.900295 40.735013, -69.917015 40.730683, -69.933720 40.726353, -69.950411 40.722021, -69.967089 40.717690, -69.983752 40.713357, -70.000401 40.709024, -70.017035 40.704691, -70.033656 40.700357, -70.050262 40.696022, -70.066854 40.691687, -70.083432 40.687351, -70.099996 40.683015, -70.116545 40.678678, -70.133080 40.674341, -70.149601 40.670003, -70.166107 40.665664, -70.182599 40.661325, -70.199077 40.656986, -70.215540 40.652646, -70.231989 40.648305, -70.248424 40.643964, -70.264844 40.639623, -70.281249 40.635281, -70.297641 40.630938, -70.314017 40.626596, -70.330380 40.622252, -70.346727 40.617908, -70.363061 40.613564, -70.379380 40.609219, -70.395684 40.604874, -70.411974 40.600528, -70.428249 40.596182, -70.444509 40.591836, -70.460755 40.587489, -70.476987 40.583142, -70.493203 40.578794, -70.509405 40.574446, -70.525593 40.570098, -70.541766 40.565749, -70.557924 40.561400, -70.574067 40.557050, -70.590196 40.552700, -70.606310 40.548350, -70.622409 40.543999, -70.638494 40.539648, -70.654563 40.535297, -70.670618 40.530945, -70.686659 40.526593, -70.702684 40.522241, -70.718694 40.517888, -70.734690 40.513535, -70.750671 40.509182, -70.766637 40.504828, -70.782588 40.500475, -70.798524 40.496120, -70.814445 40.491766, -70.830352 40.487411, -70.846243 40.483057, -70.862119 40.478701, -70.877981 40.474346, -70.893827 40.469990, -70.909659 40.465634, -70.925475 40.461278, -70.941277 40.456922, -70.957063 40.452566, -70.972834 40.448209, -70.988591 40.443852, -71.004332 40.439495, -71.020058 40.435137, -71.035769 40.430780, -71.051465 40.426422, -71.067145 40.422064, -71.082811 40.417706, -71.098461 40.413348, -71.114097 40.408990, -71.129717 40.404631, -71.145321 40.400272, -71.160911 40.395914, -71.176485 40.391555, -71.192044 40.387196, -71.207588 40.382837, -71.223116 40.378477, -71.238630 40.374118, -71.254128 40.369759, -71.269610 40.365399, -71.285077 40.361039, -71.300529 40.356680, -71.315966 40.352320, -71.331387 40.347960, -71.346793 40.343600, -71.362183 40.339240, -71.377558 40.334880, -71.392917 40.330520, -71.408261 40.326160, -71.423590 40.321800, -71.438903 40.317440, -71.454200 40.313080, -71.469482 40.308720, -71.484749 40.304360, -71.500000 40.300000, -71.515420 40.295705, -71.531029 40.291584, -71.546825 40.287635, -71.562804 40.283857, -71.578964 40.280247, -71.595301 40.276803, -71.611813 40.273523, -71.628496 40.270404, -71.645347 40.267446, -71.662364 40.264645, -71.679544 40.262000, -71.696882 40.259509, -71.714377 40.257169, -71.732026 40.254978, -71.749824 40.252935, -71.767771 40.251037, -71.785861 40.249282, -71.804093 40.247669, -71.822463 40.246195, -71.840969 40.244858, -71.859607 40.243656, -71.878374 40.242587, -71.897267 40.241649, -71.916284 40.240840, -71.935422 40.240157, -71.954676 40.239600, -71.974045 40.239166, -71.993525 40.238852, -72.013113 40.238657, -72.032806 40.238579, -72.052602 40.238616, -72.072497 40.238765, -72.092488 40.239025, -72.112572 40.239394, -72.132746 40.239869, -72.153007 40.240450, -72.173353 40.241133, -72.193779 40.241916, -72.214283 40.242798, -72.234862 40.243777, -72.255513 40.244851, -72.276233 40.246017, -72.297018 40.247274, -72.317867 40.248620, -72.338774 40.250052, -72.359739 40.251569, -72.380756 40.253169, -72.401824 40.254850, -72.422940 40.256609, -72.444100 40.258445, -72.465300 40.260356, -72.486539 40.262340, -72.507813 40.264395, -72.529119 40.266519, -72.550453 40.268710, -72.571813 40.270966, -72.593196 40.273285, -72.614598 40.275665, -72.636017 40.278104, -72.657448 40.280601, -72.678890 40.283152, -72.700338 40.285757, -72.721790 40.288414, -72.743243 40.291119, -72.764693 40.293873, -72.786138 40.296671, -72.807574 40.299514, -72.828997 40.302398, -72.850406 40.305322, -72.871796 40.308283, -72.893165 40.311281, -72.914509 40.314312, -72.935825 40.317375, -72.957109 40.320469, -72.978360 40.323591, -72.999573 40.326738, -73.020745 40.329911, -73.041873 40.333105, -73.062955 40.336320, -73.083985 40.339554, -73.104963 40.342805, -73.125883 40.346070, -73.146743 40.349348, -73.167540 40.352637, -73.188270 40.355935, -73.208931 40.359240, -73.229518 40.362551, -73.250029 40.365865, -73.270460 40.369180, -73.290809 40.372495, -73.311071 40.375808, -73.331244 40.379116, -73.351324 40.382419, -73.371308 40.385713, -73.391193 40.388998, -73.410975 40.392271, -73.430652 40.395530, -73.450219 40.398774, -73.469673 40.402000, -73.489012 40.405207, -73.508231 40.408393, -73.527328 40.411556, -73.546299 40.414694, -73.565141 40.417805, -73.583851 40.420888, -73.602425 40.423940, -73.620859 40.426960, -73.639151 40.429946, -73.657297 40.432896, -73.675294 40.435807, -73.693139 40.438679, -73.710828 40.441510, -73.728357 40.444297, -73.745724 40.447038, -73.762924 40.449732, -73.779956 40.452377, -73.796814 40.454972, -73.813497 40.457513, -73.830000 40.460000, -73.845339 40.463531, -73.859546 40.469217, -73.872708 40.476855, -73.884909 40.486244, -73.896234 40.497183, -73.906768 40.509469, -73.916595 40.522902, -73.925800 40.537279, -73.934466 40.552398, -73.942677 40.568057, -73.950519 40.584056, -73.958074 40.600191, -73.965427 40.616261, -73.972661 40.632064, -73.979862 40.647398, -73.987112 40.662060, -73.994496 40.675849, -74.002097 40.688563, -74.010000 40.700000))
