MULTILINESTRING ((-4.140000 50.370000, -4.168087 50.328768, -4.196126 50.287528, -4.224116 50.246282, -4.252058 50.205030, -4.279951 50.163770, -4.307797 50.122504, -4.335594 50.081232, -4.363344 50.039952, -4.391045 49.998666, -4.418700 49.957374, -4.446307 49.916075, -4.473866 49.874769, -4.501379 49.833457, -4.528844 49.792139, -4.556263 49.750814, -4.583635 49.709482, -4.610961 49.668144, -4.638240 49.626800, -4.665473 49.585449, -4.692659 49.544092, -4.719800 49.502728, -4.746895 49.461358, -4.773944 49.419982, -4.800948 49.378600, -4.827906 49.337211, -4.854819 49.295816, -4.881687 49.254415, -4.908509 49.213007, -4.935287 49.171593, -4.962020 49.130173, -4.988708 49.088747, -5.015352 49.047315, -5.041952 49.005877, -5.068507 48.964433, -5.095018 48.922982, -5.121485 48.881526, -5.147908 48.840063, -5.174288 48.798594, -5.200624 48.757120, -5.226917 48.715639, -5.253166 48.674152, -5.279372 48.632660, -5.305535 48.591161, -5.331655 48.549657, -5.357732 48.508147, -5.383767 48.466630, -5.409758 48.425108, -5.435708 48.383581, -5.461615 48.342047, -5.487480 48.300507, -5.513303 48.258962, -5.539084 48.217411, -5.564823 48.175854, -5.590521 48.134291, -5.616177 48.092723, -5.641791 48.051149, -5.667364 48.009570, -5.692896 47.967984, -5.718387 47.926393, -5.743837 47.884797, -5.769246 47.843194, -5.794615 47.801586, -5.819942 47.759973, -5.845230 47.718354, -5.870476 47.676730, -5.895683 47.635099, -5.920850 47.593464, -5.945976 47.551823, -5.971063 47.510176, -5.996109 47.468524, -6.021116 47.426867, -6.046084 47.385204, -6.071012 47.343536, -6.095901 47.301862, -6.120751 47.260183, -6.145561 47.218498, -6.170333 47.176809, -6.195065 47.135114, -6.219759 47.093413, -6.244414 47.051707, -6.269031 47.009996, -6.293609 46.968280, -6.318149 46.926559, -6.342651 46.884832, -6.367115 46.843100, -6.391540 46.801363, -6.415928 46.759620, -6.440278 46.717873, -6.464591 46.676120, -6.488866 46.634362, -6.513103 46.592599, -6.537303 46.550831, -6.561466 46.509058, -6.585592 46.467280, -6.609681 46.425496, -6.633733 46.383708, -6.657748 46.341915, -6.681726 46.300116, -6.705668 46.258313, -6.729573 46.216504, -6.753442 46.174691, -6.777275 46.132872, -6.801071 46.091049, -6.824832 46.049221, -6.848556 46.007388, -6.872245 45.965550, -6.895898 45.923707, -6.919515 45.881859, -6.943097 45.840006, -6.966643 45.798149, -6.990154 45.756286, -7.013629 45.714419, -7.037070 45.672547, -7.060475 45.630671, -7.083846 45.588789, -7.107181 45.546903, -7.130482 45.505012, -7.153748 45.463116, -7.176980 45.421216, -7.200177 45.379310, -7.223340 45.337401, -7.246468 45.295486, -7.269563 45.253567, -7.292623 45.211643, -7.315649 45.169715, -7.338642 45.127781, -7.361601 45.085844, -7.384526 45.043901, -7.407417 45.001955, -7.430275 44.960003, -7.453099 44.918047, -7.475891 44.876087, -7.498649 44.834122, -7.521373 44.792152, -7.544065 44.750178, -7.566724 44.708199, -7.589350 44.666216, -7.611943 44.624229, -7.634504 44.582237, -7.657032 44.540241, -7.679528 44.498240, -7.701991 44.456235, -7.724422 44.414225, -7.746821 44.372211, -7.769187 44.330193, -7.791522 44.288170, -7.813824 44.246143, -7.836095 44.204111, -7.858334 44.162076, -7.880541 44.120036, -7.902717 44.077991, -7.924862 44.035943, -7.946974 43.993890, -7.969056 43.951833, -7.991106 43.909771, -8.013125 43.867706, -8.035114 43.825636, -8.057071 43.783562, -8.078997 43.741484, -8.100892 43.699401, -8.122757 43.657315, -8.144591 43.615224, -8.166395 43.573129, -8.188168 43.531030, -8.209911 43.488927, -8.231623 43.446820, -8.253305 43.404708, -8.274957 43.362593, -8.296579 43.320473, -8.318171 43.278350, -8.339734 43.236222, -8.361266 43.194090, -8.382769 43.151954, -8.404242 43.109815, -8.425685 43.067671, -8.447099 43.025523, -8.468484 42.983371, -8.489840 42.941216, -8.511166 42.899056, -8.532463 42.856892, -8.553731 42.814725, -8.574970 42.772553, -8.596180 42.730378, -8.617361 42.688198, -8.638513 42.646015, -8.659637 42.603828, -8.680732 42.561637, -8.701799 42.519442, -8.722837 42.477243, -8.743847 42.435041, -8.764829 42.392834, -8.785782 42.350624, -8.806708 42.308410, -8.827605 42.266192, -8.848474 42.223970, -8.869315 42.181745, -8.890129 42.139516, -8.910915 42.097283, -8.931673 42.055046, -8.952404 42.012806, -8.973107 41.970562, -8.993782 41.928314, -9.014431 41.886062, -9.035051 41.843807, -9.055645 41.801548, -9.076212 41.759285, -9.096751 41.717019, -9.117264 41.674749, -9.137749 41.632476, -9.158208 41.590199, -9.178640 41.547918, -9.199045 41.505633, -9.219424 41.463345, -9.239776 41.421054, -9.260101 41.378758, -9.280401 41.336460, -9.300673 41.294157, -9.320920 41.251851, -9.341140 41.209542, -9.361334 41.167229, -9.381502 41.124913, -9.401645 41.082593, -9.421761 41.040269, -9.441851 40.997942, -9.461916 40.955612, -9.481954 40.913278, -9.501968 40.870940, -9.521955 40.828599, -9.541917 40.786255, -9.561854 40.743907, -9.581765 40.701556, -9.601651 40.659201, -9.621512 40.616843, -9.641347 40.574482, -9.661158 40.532117, -9.680943 40.489749, -9.700704 40.447378, -9.720439 40.405003, -9.740150 40.362624, -9.759836 40.320243, -9.779497 40.277858, -9.799134 40.235470, -9.818746 40.193078, -9.838333 40.150683, -9.857896 40.108285, -9.877435 40.065884, -9.896950 40.023479, -9.916440 39.981071, -9.935906 39.938660, -9.955348 39.896245, -9.974766 39.853827, -9.994159 39.811406, -10.013529 39.768982, -10.032875 39.726555, -10.052198 39.684124, -10.071496 39.641690, -10.090771 39.599253, -10.110022 39.556813, -10.129250 39.514370, -10.148454 39.471923, -10.167635 39.429473, -10.186792 39.387021, -10.205927 39.344565, -10.225038 39.302106, -10.244125 39.259643, -10.263190 39.217178, -10.282232 39.174710, -10.301250 39.132238, -10.320246 39.089763, -10.339219 39.047286, -10.358169 39.004805, -10.377096 38.962321, -10.396001 38.919834, -10.414883 38.877344, -10.433742 38.834851, -10.452579 38.792355, -10.471393 38.749856, -10.490185 38.707354, -10.508955 38.664849, -10.527702 38.622341, -10.546428 38.579830, -10.565131 38.537316, -10.583812 38.494799, -10.602471 38.452279, -10.621108 38.409756, -10.639723 38.367231, -10.658316 38.324702, -10.676887 38.282170, -10.695437 38.239635, -10.713965 38.197098, -10.732471 38.154557, -10.750956 38.112014, -10.769419 38.069468, -10.787861 38.026919, -10.806281 37.984367, -10.824680 37.941812, -10.843058 37.899254, -10.861414 37.856693, -10.879749 37.814130, -10.898063 37.771564, -10.916357 37.728995, -10.934629 37.686423, -10.952880 37.643848, -10.971110 37.601270, -10.989319 37.558690, -11.007508 37.516107, -11.025675 37.473521, -11.043822 37.430932, -11.061949 37.388341, -11.080055 37.345746, -11.098140 37.303149, -11.116205 37.260550, -11.134249 37.217947, -11.152273 37.175342, -11.170277 37.132734, -11.188260 37.090123, -11.206224 37.047510, -11.224167 37.004894, -11.242090 36.962275, -11.259993 36.919654, -11.277875 36.877029, -11.295738 36.834403, -11.313581 36.791773, -11.331405 36.749141, -11.349208 36.706506, -11.366992 36.663869, -11.384756 36.621228, -11.402500 36.578586, -11.420225 36.535940, -11.437930 36.493292, -11.455616 36.450642, -11.473282 36.407988, -11.490929 36.365333, -11.508557 36.322674, -11.526165 36.280013, -11.543754 36.237350, -11.561324 36.194683, -11.578874 36.152015, -11.596406 36.109343, -11.613919 36.066670, -11.631412 36.023993, -11.648887 35.981314, -11.666343 35.938633, -11.683780 35.895949, -11.701198 35.853263, -11.718597 35.810574, -11.735978 35.767882, -11.753340 35.725188, -11.770683 35.682492, -11.788008 35.639793, -11.805315 35.597091, -11.822602 35.554387, -11.839872 35.511681, -11.857123 35.468972, -11.874356 35.426261, -11.891571 35.383547, -11.908767 35.340831, -11.925945 35.298112, -11.943105 35.255391, -11.960247 35.212668, -11.977371 35.169942, -11.994477 35.127214, -12.011565 35.084483, -12.028635 35.041750, -12.045687 34.999014, -12.062722 34.956277, -12.079739 34.913536, -12.096738 34.870794, -12.113719 34.828049, -12.130683 34.785301, -12.147629 34.742552, -12.164557 34.699800, -12.181468 34.657045, -12.198362 34.614289, -12.215238 34.571530, -12.232097 34.528768, -12.248939 34.486005, -12.265763 34.443239, -12.282571 34.400471, -12.299361 34.357700, -12.316133 34.314927, -12.332889 34.272152, -12.349628 34.229375, -12.366350 34.186595, -12.383054 34.143813, -12.399742 34.101029, -12.416413 34.058243, -12.433067 34.015454, -12.449705 33.972663, -12.466326 33.929870, -12.482930 33.887074, -12.499517 33.844277, -12.516088 33.801477, -12.532642 33.758675, -12.549179 33.715871, -12.565700 33.673064, -12.582205 33.630255, -12.598693 33.587445, -12.615165 33.544632, -12.631621 33.501816, -12.648060 33.458999, -12.664484 33.416179, -12.680890 33.373358, -12.697281 33.330534, -12.713656 33.287708, -12.730015 33.244880, -12.746357 33.202049, -12.762684 33.159217, -12.778995 33.116382, -12.795289 33.073546, -12.811568 33.030707, -12.827831 32.987866, -12.844079 32.945023, -12.860310 32.902178, -12.876526 32.859330, -12.892726 32.816481, -12.908911 32.773630, -12.925080 32.730776, -12.941233 32.687921, -12.957371 32.645063, -12.973494 32.602203, -12.989601 32.559342, -13.005693 32.516478, -13.021769 32.473612, -13.037830 32.430744, -13.053876 32.387874, -13.069907 32.345002, -13.085922 32.302128, -13.101922 32.259252, -13.117908 32.216374, -13.133878 32.173494, -13.149833 32.130612, -13.165773 32.087728, -13.181698 32.044842, -13.197608 32.001954, -13.213503 31.959064, -13.229384 31.916172, -13.245250 31.873278, -13.261100 31.830382, -13.276937 31.787485, -13.292758 31.744585, -13.308565 31.701683, -13.324357 31.658779, -13.340135 31.615874, -13.355898 31.572966, -13.371647 31.530056, -13.387381 31.487145, -13.403100 31.444232, -13.418806 31.401316, -13.434497 31.358399, -13.450173 31.315480, -13.465836 31.272559, -13.481484 31.229636, -13.497118 31.186711, -13.512737 31.143784, -13.528343 31.100856, -13.543935 31.057925, -13.559512 31.014993, -13.575075 30.972059, -13.590625 30.929123, -13.606160 30.886185, -13.621682 30.843245, -13.637189 30.800303, -13.652683 30.757360, -13.668163 30.714414, -13.683629 30.671467, -13.699082 30.628518, -13.714521 30.585567, -13.729946 30.542615, -13.745357 30.499660, -13.760755 30.456704, -13.776139 30.413746, -13.791510 30.370786, -13.806867 30.327824, -13.822211 30.284861, -13.837541 30.241896, -13.852858 30.198929, -13.868162 30.155960, -13.883452 30.112989, -13.898729 30.070017, -13.913992 30.027043, -13.929243 29.984067, -13.944480 29.941089, -13.959704 29.898110, -13.974915 29.855129, -13.990113 29.812146, -14.005298 29.769161, -14.020469 29.726175, -14.035628 29.683187, -14.050774 29.640197, -14.065907 29.597206, -14.081027 29.554212, -14.096134 29.511217, -14.111228 29.468221, -14.126310 29.425222, -14.141379 29.382222, -14.156435 29.339221, -14.171478 29.296217, -14.186509 29.253212, -14.201527 29.210205, -14.216532 29.167197, -14.231525 29.124187, -14.246505 29.081175, -14.261473 29.038161, -14.276428 28.995146, -14.291371 28.952130, -14.306302 28.909111, -14.321220 28.866091, -14.336126 28.823069, -14.351019 28.780046, -14.365900 28.737021, -14.380769 28.693994, -14.395626 28.650966, -14.410470 28.607936, -14.425303 28.564905, -14.440123 28.521872, -14.454931 28.478837, -14.469727 28.435801, -14.484511 28.392763, -14.499283 28.349723, -14.514043 28.306682, -14.528791 28.263640, -14.543528 28.220595, -14.558252 28.177550, -14.572965 28.134502, -14.587665 28.091453, -14.602354 28.048403, -14.617031 28.005351, -14.631697 27.962297, -14.646350 27.919242, -14.660992 27.876185, -14.675623 27.833127, -14.690242 27.790067, -14.704849 27.747005, -14.719445 27.703943, -14.734029 27.660878, -14.748602 27.617812, -14.763163 27.574745, -14.777713 27.531676, -14.792251 27.488605, -14.806778 27.445533, -14.821294 27.402460, -14.835798 27.359385, -14.850291 27.316308, -14.864773 27.273230, -14.879244 27.230150, -14.893703 27.187069, -14.908151 27.143987, -14.922589 27.100903, -14.937015 27.057818, -14.951430 27.014731, -14.965833 26.971642, -14.980226 26.928552, -14.994608 26.885461, -15.008979 26.842368, -15.023339 26.799274, -15.037688 26.756179, -15.052026 26.713082, -15.066354 26.669983, -15.080670 26.626883, -15.094976 26.583782, -15.109271 26.540679, -15.123555 26.497575, -15.137829 26.454469, -15.152092 26.411362, -15.166344 26.368253, -15.180585 26.325143, -15.194816 26.282032, -15.209037 26.238919, -15.223247 26.195805, -15.237446 26.152690, -15.251635 26.109573, -15.265813 26.066455, -15.279981 26.023335, -15.294139 25.980214, -15.308286 25.937091, -15.322423 25.893968, -15.336549 25.850842, -15.350665 25.807716, -15.364771 25.764588, -15.378867 25.721459, -15.392952 25.678328, -15.407027 25.635196, -15.421092 25.592063, -15.435147 25.548928, -15.449192 25.505792, -15.463227 25.462655, -15.477252 25.419516, -15.491266 25.376376, -15.505271 25.333235, -15.519266 25.290092, -15.533250 25.246948, -15.547225 25.203803, -15.561190 25.160656, -15.575145 25.117508, -15.589090 25.074359, -15.603025 25.031209, -15.616951 24.988057, -15.630867 24.944904, -15.644773 24.901749, -15.658669 24.858594, -15.672555 24.815437, -15.686432 24.772279, -15.700300 24.729119, -15.714157 24.685958, -15.728005 24.642796, -15.741844 24.599633, -15.755673 24.556468, -15.769492 24.513302, -15.783302 24.470135, -15.797103 24.426967, -15.810894 24.383797, -15.824675 24.340626, -15.838447 24.297454, -15.852210 24.254281, -15.865964 24.211106, -15.879708 24.167930, -15.893443 24.124753, -15.907169 24.081575, -15.920885 24.038396, -15.934592 23.995215, -15.948290 23.952033, -15.961979 23.908850, -15.975659 23.865665, -15.989329 23.822480, -16.002991 23.779293, -16.016643 23.736105, -16.030286 23.692916, -16.043921 23.649725, -16.057546 23.606534, -16.071162 23.563341, -16.084770 23.520147, -16.098368 23.476952, -16.111958 23.433756, -16.125538 23.390558, -16.139110 23.347360, -16.152673 23.304160, -16.166227 23.260959, -16.179773 23.217757, -16.193309 23.174553, -16.206837 23.131349, -16.220356 23.088143, -16.233867 23.044936, -16.247369 23.001728, -16.260862 22.958519, -16.274346 22.915309, -16.287822 22.872098, -16.301290 22.828885, -16.314749 22.785672, -16.328199 22.742457, -16.341641 22.699241, -16.355074 22.656024, -16.368499 22.612806, -16.381916 22.569587, -16.395324 22.526367, -16.408723 22.483145, -16.422115 22.439923, -16.435498 22.396699, -16.448872 22.353474, -16.462239 22.310248, -16.475597 22.267021, -16.488946 22.223793, -16.502288 22.180564, -16.515621 22.137334, -16.528947 22.094103, -16.542264 22.050870, -16.555573 22.007637, -16.568873 21.964402, -16.582166 21.921167, -16.595451 21.877930, -16.608727 21.834692, -16.621996 21.791454, -16.635256 21.748214, -16.648509 21.704973, -16.661754 21.661731, -16.674990 21.618488, -16.688219 21.575244, -16.701440 21.531999, -16.714653 21.488753, -16.727858 21.445506, -16.741055 21.402257, -16.754245 21.359008, -16.767426 21.315758, -16.780600 21.272507, -16.793767 21.229254, -16.806925 21.186001, -16.820076 21.142747, -16.833219 21.099491, -16.846354 21.056235, -16.859482 21.012977, -16.872602 20.969719, -16.885715 20.926460, -16.898820 20.883199, -16.911918 20.839938, -16.925008 20.796676, -16.938090 20.753412, -16.951165 20.710148, -16.964233 20.666882, -16.977293 20.623616, -16.990345 20.580349, -17.003391 20.537080, -17.016428 20.493811, -17.029459 20.450541, -17.042482 20.407270, -17.055498 20.363998, -17.068507 20.320724, -17.081508 20.277450, -17.094502 20.234175, -17.107489 20.190899, -17.120468 20.147622, -17.133441 20.104344, -17.146406 20.061065, -17.159364 20.017786, -17.172315 19.974505, -17.185259 19.931223, -17.198196 19.887940, -17.211125 19.844657, -17.224048 19.801372, -17.236964 19.758087, -17.249872 19.714801, -17.262774 19.671513, -17.275668 19.628225, -17.288556 19.584936, -17.301437 19.541646, -17.314311 19.498355, -17.327178 19.455063, -17.340038 19.411770, -17.352891 19.368477, -17.365738 19.325182, -17.378577 19.281887, -17.391410 19.238590, -17.404236 19.195293, -17.417056 19.151995, -17.429868 19.108696, -17.442674 19.065396, -17.455473 19.022095, -17.468266 18.978793, -17.481052 18.935491, -17.493831 18.892187, -17.506604 18.848883, -17.519370 18.805578, -17.532129 18.762272, -17.544882 18.718965, -17.557629 18.675657, -17.570368 18.632349, -17.583102 18.589039, -17.595829 18.545729, -17.608549 18.502418, -17.621263 18.459106, -17.633971 18.415793, -17.646672 18.372479, -17.659367 18.329164, -17.672056 18.285849, -17.684738 18.242533, -17.697414 18.199216, -17.710083 18.155898, -17.722746 18.112579, -17.735403 18.069259, -17.748054 18.025939, -17.760699 17.982618, -17.773337 17.939296, -17.785969 17.895973, -17.798595 17.852649, -17.811215 17.809325, -17.823829 17.765999, -17.836436 17.722673, -17.849038 17.679346, -17.861633 17.636019, -17.874223 17.592690, -17.886806 17.549361, -17.899383 17.506031, -17.911955 17.462700, -17.924520 17.419368, -17.937079 17.376036, -17.949633 17.332702, -17.962180 17.289368, -17.974722 17.246034, -17.987258 17.202698, -17.999787 17.159362, -18.012311 17.116024, -18.024830 17.072687, -18.037342 17.029348, -18.049849 16.986008, -18.062349 16.942668, -18.074844 16.899327, -18.087334 16.855986, -18.099817 16.812643, -18.112295 16.769300, -18.124767 16.725956, -18.137234 16.682611, -18.149694 16.639266, -18.162150 16.595919, -18.174599 16.552573, -18.187043 16.509225, -18.199482 16.465876, -18.211915 16.422527, -18.224342 16.379177, -18.236764 16.335827, -18.249180 16.292475, -18.261591 16.249123, -18.273996 16.205771, -18.286396 16.162417, -18.298790 16.119063, -18.311179 16.075708, -18.323563 16.032352, -18.335941 15.988996, -18.348314 15.945639, -18.360681 15.902281, -18.373044 15.858922, -18.385400 15.815563, -18.397752 15.772203, -18.410098 15.728843, -18.422439 15.685482, -18.434775 15.642120, -18.447106 15.598757, -18.459431 15.555394, -18.471751 15.512030, -18.484066 15.468665, -18.496376 15.425299, -18.508680 15.381933, -18.520980 15.338567, -18.533274 15.295199, -18.545564 15.251831, -18.557848 15.208462, -18.570127 15.165093, -18.582401 15.121723, -18.594671 15.078352, -18.606935 15.034981, -18.619194 14.991609, -18.631448 14.948236, -18.643697 14.904863, -18.655942 14.861489, -18.668181 14.818114, -18.680416 14.774739, -18.692645 14.731363, -18.704870 14.687986, -18.717090 14.644609, -18.729305 14.601231, -18.741515 14.557852, -18.753721 14.514473, -18.765921 14.471093, -18.778117 14.427713, -18.790308 14.384332, -18.802495 14.340950, -18.814676 14.297568, -18.826853 14.254185, -18.839026 14.210802, -18.851193 14.167418, -18.863356 14.124033, -18.875515 14.080647, -18.887668 14.037262, -18.899817 13.993875, -18.911962 13.950488, -18.924102 13.907100, -18.936237 13.863712, -18.948368 13.820323, -18.960495 13.776933, -18.972617 13.733543, -18.984734 13.690152, -18.996847 13.646761, -19.008955 13.603369, -19.021059 13.559976, -19.033159 13.516583, -19.045254 13.473190, -19.057345 13.429795, -19.069431 13.386401, -19.081514 13.343005, -19.093591 13.299609, -19.105665 13.256213, -19.117734 13.212815, -19.129799 13.169418, -19.141859 13.126020, -19.153915 13.082621, -19.165967 13.039221, -19.178015 12.995821, -19.190059 12.952421, -19.202098 12.909020, -19.214134 12.865618, -19.226165 12.822216, -19.238191 12.778814, -19.250214 12.735410, -19.262233 12.692007, -19.274248 12.648602, -19.286258 12.605197, -19.298264 12.561792, -19.310267 12.518386, -19.322265 12.474980, -19.334259 12.431573, -19.346250 12.388165, -19.358236 12.344757, -19.370218 12.301349, -19.382197 12.257940, -19.394171 12.214530, -19.406142 12.171120, -19.418108 12.127709, -19.430071 12.084298, -19.442030 12.040887, -19.453985 11.997474, -19.465936 11.954062, -19.477883 11.910649, -19.489826 11.867235, -19.501766 11.823821, -19.513702 11.780406, -19.525634 11.736991, -19.537562 11.693575, -19.549487 11.650159, -19.561408 11.606742, -19.573325 11.563325, -19.585238 11.519908, -19.597148 11.476490, -19.609054 11.433071, -19.620957 11.389652, -19.632856 11.346232, -19.644751 11.302812, -19.656642 11.259392, -19.668531 11.215971, -19.680415 11.172549, -19.692296 11.129128, -19.704173 11.085705, -19.716047 11.042282, -19.727917 10.998859, -19.739784 10.955435, -19.751648 10.912011, -19.763507 10.868586, -19.775364 10.825161, -19.787217 10.781736, -19.799066 10.738310, -19.810912 10.694883, -19.822755 10.651456, -19.834595 10.608029, -19.846431 10.564601, -19.858263 10.521173, -19.870093 10.477744, -19.881919 10.434315, -19.893741 10.390885, -19.905561 10.347455, -19.917377 10.304025, -19.929190 10.260594, -19.941000 10.217163, -19.952806 10.173731, -19.964609 10.130299, -19.976409 10.086866, -19.988206 10.043433, -20.000000 10.000000, -19.992621 9.955686, -19.985245 9.911372, -19.977870 9.867058, -19.970497 9.822744, -19.963127 9.778430, -19.955758 9.734115, -19.948391 9.689801, -19.941026 9.645486, -19.933663 9.601171, -19.926302 9.556856, -19.918943 9.512540, -19.911586 9.468225, -19.904231 9.423909, -19.896877 9.379594, -19.889526 9.335278, -19.882176 9.290962, -19.874828 9.246646, -19.867483 9.202329, -19.860138 9.158013, -19.852796 9.113696, -19.845456 9.069379, -19.838117 9.025062, -19.830780 8.980745, -19.823445 8.936428, -19.816112 8.892111, -19.808781 8.847793, -19.801451 8.803475, -19.794123 8.759158, -19.786797 8.714840, -19.779472 8.670522, -19.772150 8.626203, -19.764829 8.581885, -19.757509 8.537567, -19.750192 8.493248, -19.742876 8.448929, -19.735562 8.404610, -19.728249 8.360291, -19.720938 8.315972, -19.713629 8.271653, -19.706321 8.227333, -19.699015 8.183014, -19.691711 8.138694, -19.684408 8.094374, -19.677107 8.050054, -19.669808 8.005734, -19.662510 7.961414, -19.655213 7.917094, -19.647919 7.872773, -19.640625 7.828452, -19.633334 7.784132, -19.626044 7.739811, -19.618755 7.695490, -19.611468 7.651169, -19.604182 7.606848, -19.596898 7.562526, -19.589616 7.518205, -19.582335 7.473883, -19.575055 7.429561, -19.567777 7.385240, -19.560500 7.340918, -19.553225 7.296596, -19.545951 7.252273, -19.538679 7.207951, -19.531408 7.163629, -19.524139 7.119306, -19.516870 7.074984, -19.509604 7.030661, -19.502338 6.986338, -19.495074 6.942015, -19.487812 6.897692, -19.480551 6.853369, -19.473291 6.809045, -19.466032 6.764722, -19.458775 6.720399, -19.451519 6.676075, -19.444265 6.631751, -19.437011 6.587427, -19.429760 6.543103, -19.422509 6.498779, -19.415259 6.454455, -19.408011 6.410131, -19.400764 6.365807, -19.393519 6.321482, -19.386274 6.277158, -19.379031 6.232833, -19.371789 6.188508, -19.364549 6.144183, -19.357309 6.099858, -19.350071 6.055533, -19.342834 6.011208, -19.335598 5.966883, -19.328363 5.922558, -19.321130 5.878232, -19.313897 5.833907, -19.306666 5.789581, -19.299436 5.745255, -19.292207 5.700930, -19.284979 5.656604, -19.277752 5.612278, -19.270526 5.567952, -19.263302 5.523626, -19.256078 5.479299, -19.248856 5.434973, -19.241634 5.390647, -19.234414 5.346320, -19.227194 5.301994, -19.219976 5.257667, -19.212759 5.213340, -19.205543 5.169013, -19.198328 5.124687, -19.191113 5.080360, -19.183900 5.036032, -19.176688 4.991705, -19.169477 4.947378, -19.162266 4.903051, -19.155057 4.858723, -19.147849 4.814396, -19.140641 4.770068, -19.133435 4.725741, -19.126229 4.681413, -19.119024 4.637085, -19.111820 4.592758, -19.104618 4.548430, -19.097416 4.504102, -19.090214 4.459774, -19.083014 4.415446, -19.075815 4.371117, -19.068616 4.326789, -19.061419 4.282461, -19.054222 4.238132, -19.047026 4.193804, -19.039830 4.149476, -19.032636 4.105147, -19.025442 4.060818, -19.018250 4.016490, -19.011057 3.972161, -19.003866 3.927832, -18.996676 3.883503, -18.989486 3.839174, -18.982297 3.794845, -18.975109 3.750516, -18.967921 3.706187, -18.960734 3.661858, -18.953548 3.617528, -18.946363 3.573199, -18.939178 3.528870, -18.931994 3.484540, -18.924811 3.440211, -18.917628 3.395881, -18.910446 3.351552, -18.903265 3.307222, -18.896084 3.262892, -18.888904 3.218563, -18.881724 3.174233, -18.874545 3.129903, -18.867367 3.085573, -18.860190 3.041243, -18.853012 2.996913, -18.845836 2.952583, -18.838660 2.908253, -18.831485 2.863923, -18.824310 2.819593, -18.817136 2.775263, -18.809962 2.730932, -18.802789 2.686602, -18.795616 2.642272, -18.788444 2.597941, -18.781272 2.553611, -18.774101 2.509281, -18.766931 2.464950, -18.759760 2.420619, -18.752591 2.376289, -18.745421 2.331958, -18.738253 2.287628, -18.731084 2.243297, -18.723916 2.198966, -18.716749 2.154635, -18.709582 2.110305, -18.702415 2.065974, -18.695249 2.021643, -18.688083 1.977312, -18.680918 1.932981, -18.673752 1.888650, -18.666588 1.844319, -18.659423 1.799988, -18.652259 1.755657, -18.645096 1.711326, -18.637932 1.666995, -18.630769 1.622664, -18.623606 1.578333, -18.616444 1.534002, -18.609282 1.489670, -18.602120 1.445339, -18.594958 1.401008, -18.587797 1.356677, -18.580636 1.312346, -18.573475 1.268014, -18.566315 1.223683, -18.559154 1.179352, -18.551994 1.135020, -18.544834 1.090689, -18.537675 1.046357, -18.530515 1.002026, -18.523356 0.957695, -18.516197 0.913363, -18.509038 0.869032, -18.501879 0.824700, -18.494721 0.780369, -18.487563 0.736037, -18.480404 0.691706, -18.473246 0.647374, -18.466088 0.603043, -18.458930 0.558711, -18.451772 0.514380, -18.444615 0.470048, -18.437457 0.425717, -18.430300 0.381385, -18.423142 0.337053, -18.415985 0.292722, -18.408828 0.248390, -18.401670 0.204059, -18.394513 0.159727, -18.387356 0.115396, -18.380199 0.071064, -18.373042 0.026732, -18.365884 -0.017599, -18.358727 -0.061931, -18.351570 -0.106262, -18.344413 -0.150594, -18.337256 -0.194926, -18.330098 -0.239257, -18.322941 -0.283589, -18.315784 -0.327920, -18.308626 -0.372252, -18.301469 -0.416583, -18.294311 -0.460915, -18.287154 -0.505247, -18.279996 -0.549578, -18.272838 -0.593910, -18.265680 -0.638241, -18.258522 -0.682573, -18.251364 -0.726904, -18.244205 -0.771236, -18.237047 -0.815567, -18.229888 -0.859899, -18.222729 -0.904230, -18.215570 -0.948561, -18.208411 -0.992893, -18.201252 -1.037224, -18.194092 -1.081556, -18.186932 -1.125887, -18.179772 -1.170218, -18.172612 -1.214550, -18.165451 -1.258881, -18.158291 -1.303212, -18.151130 -1.347544, -18.143969 -1.391875, -18.136807 -1.436206, -18.129645 -1.480537, -18.122483 -1.524869, -18.115321 -1.569200, -18.108158 -1.613531, -18.100995 -1.657862, -18.093832 -1.702193, -18.086668 -1.746524, -18.079504 -1.790855, -18.072340 -1.835186, -18.065175 -1.879517, -18.058010 -1.923848, -18.050845 -1.968179, -18.043679 -2.012510, -18.036513 -2.056841, -18.029346 -2.101172, -18.022179 -2.145502, -18.015012 -2.189833, -18.007844 -2.234164, -18.000676 -2.278495, -17.993507 -2.322825, -17.986338 -2.367156, -17.979168 -2.411486, -17.971998 -2.455817, -17.964828 -2.500148, -17.957657 -2.544478, -17.950485 -2.588808, -17.943313 -2.633139, -17.936140 -2.677469, -17.928967 -2.721799, -17.921794 -2.766130, -17.914620 -2.810460, -17.907445 -2.854790, -17.900270 -2.899120, -17.893094 -2.943450, -17.885918 -2.987780, -17.878741 -3.032110, -17.871563 -3.076440, -17.864385 -3.120770, -17.857206 -3.165100, -17.850027 -3.209430, -17.842847 -3.253760, -17.835666 -3.298089, -17.828485 -3.342419, -17.821303 -3.386749, -17.814121 -3.431078, -17.806937 -3.475408, -17.799754 -3.519737, -17.792569 -3.564066, -17.785384 -3.608396, -17.778198 -3.652725, -17.771011 -3.697054, -17.763824 -3.741383, -17.756636 -3.785712, -17.749447 -3.830041, -17.742257 -3.874370, -17.735067 -3.918699, -17.727876 -3.963028, -17.720684 -4.007357, -17.713491 -4.051686, -17.706298 -4.096014, -17.699103 -4.140343, -17.691908 -4.184671, -17.684712 -4.229000, -17.677516 -4.273328, -17.670318 -4.317657, -17.663120 -4.361985, -17.655921 -4.406313, -17.648720 -4.450641, -17.641520 -4.494969, -17.634318 -4.539297, -17.627115 -4.583625, -17.619911 -4.627953, -17.612707 -4.672281, -17.605502 -4.716608, -17.598295 -4.760936, -17.591088 -4.805264, -17.583880 -4.849591, -17.576671 -4.893918, -17.569460 -4.938246, -17.562249 -4.982573, -17.555037 -5.026900, -17.547824 -5.071227, -17.540610 -5.115554, -17.533395 -5.159881, -17.526179 -5.204208, -17.518962 -5.248535, -17.511744 -5.292861, -17.504525 -5.337188, -17.497305 -5.381515, -17.490084 -5.425841, -17.482862 -5.470167, -17.475638 -5.514494, -17.468414 -5.558820, -17.461188 -5.603146, -17.453962 -5.647472, -17.446734 -5.691798, -17.439505 -5.736123, -17.432275 -5.780449, -17.425044 -5.824775, -17.417812 -5.869100, -17.410579 -5.913426, -17.403344 -5.957751, -17.396108 -6.002076, -17.388872 -6.046402, -17.381634 -6.090727, -17.374394 -6.135052, -17.367154 -6.179376, -17.359912 -6.223701, -17.352669 -6.268026, -17.345425 -6.312350, -17.338180 -6.356675, -17.330933 -6.400999, -17.323685 -6.445324, -17.316436 -6.489648, -17.309186 -6.533972, -17.301934 -6.578296, -17.294681 -6.622620, -17.287427 -6.666943, -17.280171 -6.711267, -17.272914 -6.755591, -17.265656 -6.799914, -17.258397 -6.844237, -17.251136 -6.888560, -17.243873 -6.932884, -17.236610 -6.977207, -17.229345 -7.021529, -17.222078 -7.065852, -17.214810 -7.110175, -17.207541 -7.154497, -17.200271 -7.198820, -17.192999 -7.243142, -17.185725 -7.287464, -17.178450 -7.331786, -17.171174 -7.376108, -17.163896 -7.420430, -17.156617 -7.464752, -17.149336 -7.509074, -17.142054 -7.553395, -17.134770 -7.597716, -17.127485 -7.642038, -17.120198 -7.686359, -17.112910 -7.730680, -17.105620 -7.775001, -17.098328 -7.819321, -17.091036 -7.863642, -17.083741 -7.907963, -17.076445 -7.952283, -17.069147 -7.996603, -17.061848 -8.040923, -17.054547 -8.085243, -17.047245 -8.129563, -17.039941 -8.173883, -17.032635 -8.218203, -17.025328 -8.262522, -17.018019 -8.306841, -17.010709 -8.351161, -17.003397 -8.395480, -16.996083 -8.439799, -16.988767 -8.484117, -16.981450 -8.528436, -16.974131 -8.572755, -16.966810 -8.617073, -16.959488 -8.661391, -16.952164 -8.705709, -16.944838 -8.750027, -16.937510 -8.794345, -16.930181 -8.838663, -16.922850 -8.882980, -16.915517 -8.927298, -16.908182 -8.971615, -16.900846 -9.015932, -16.893508 -9.060249, -16.886168 -9.104566, -16.878826 -9.148883, -16.871482 -9.193199, -16.864137 -9.237515, -16.856789 -9.281832, -16.849440 -9.326148, -16.842089 -9.370464, -16.834736 -9.414780, -16.827381 -9.459095, -16.820024 -9.503411, -16.812665 -9.547726, -16.805305 -9.592041, -16.797942 -9.636356, -16.790578 -9.680671, -16.783212 -9.724986, -16.775843 -9.769300, -16.768473 -9.813615, -16.761101 -9.857929, -16.753726 -9.902243, -16.746350 -9.946557, -16.738972 -9.990870, -16.731592 -10.035184, -16.724209 -10.079497, -16.716825 -10.123811, -16.709439 -10.168124, -16.702050 -10.212437, -16.694660 -10.256749, -16.687267 -10.301062, -16.679873 -10.345374, -16.672476 -10.389687, -16.665077 -10.433999, -16.657676 -10.478311, -16.650273 -10.522622, -16.642868 -10.566934, -16.635461 -10.611245, -16.628051 -10.655557, -16.620640 -10.699868, -16.613226 -10.744179, -16.605810 -10.788489, -16.598392 -10.832800, -16.590971 -10.877110, -16.583549 -10.921420, -16.576124 -10.965730, -16.568697 -11.010040, -16.561268 -11.054350, -16.553837 -11.098659, -16.546403 -11.142968, -16.538967 -11.187277, -16.531529 -11.231586, -16.524088 -11.275895, -16.516645 -11.320204, -16.509200 -11.364512, -16.501753 -11.408820, -16.494303 -11.453128, -16.486851 -11.497436, -16.479396 -11.541743, -16.471940 -11.586051, -16.464481 -11.630358, -16.457019 -11.674665, -16.449555 -11.718972, -16.442089 -11.763278, -16.434620 -11.807585, -16.427149 -11.851891, -16.419675 -11.896197, -16.412199 -11.940503, -16.404721 -11.984809, -16.397240 -12.029114, -16.389757 -12.073419, -16.382271 -12.117724, -16.374782 -12.162029, -16.367292 -12.206334, -16.359798 -12.250638, -16.352302 -12.294943, -16.344804 -12.339247, -16.337303 -12.383550, -16.329800 -12.427854, -16.322294 -12.472157, -16.314785 -12.516461, -16.307274 -12.560764, -16.299760 -12.605066, -16.292244 -12.649369, -16.284725 -12.693671, -16.277203 -12.737974, -16.269679 -12.782276, -16.262152 -12.826577, -16.254623 -12.870879, -16.247091 -12.915180, -16.239556 -12.959481, -16.232018 -13.003782, -16.224478 -13.048083, -16.216935 -13.092383, -16.209389 -13.136683, -16.201841 -13.180983, -16.194290 -13.225283, -16.186736 -13.269583, -16.179180 -13.313882, -16.171620 -13.358181, -16.164058 -13.402480, -16.156493 -13.446779, -16.148926 -13.491077, -16.141355 -13.535375, -16.133782 -13.579673, -16.126206 -13.623971, -16.118627 -13.668269, -16.111045 -13.712566, -16.103460 -13.756863, -16.095872 -13.801160, -16.088282 -13.845456, -16.080689 -13.889753, -16.073092 -13.934049, -16.065493 -13.978345, -16.057891 -14.022640, -16.050286 -14.066936, -16.042678 -14.111231, -16.035067 -14.155526, -16.027453 -14.199821, -16.019836 -14.244115, -16.012216 -14.288409, -16.004593 -14.332703, -15.996968 -14.376997, -15.989339 -14.421291, -15.981707 -14.465584, -15.974072 -14.509877, -15.966434 -14.554170, -15.958793 -14.598462, -15.951148 -14.642754, -15.943501 -14.687046, -15.935851 -14.731338, -15.928197 -14.775630, -15.920541 -14.819921, -15.912881 -14.864212, -15.905218 -14.908503, -15.897552 -14.952793, -15.889883 -14.997083, -15.882210 -15.041373, -15.874535 -15.085663, -15.866856 -15.129953, -15.859174 -15.174242, -15.851489 -15.218531, -15.843800 -15.262819, -15.836109 -15.307108, -15.828414 -15.351396, -15.820715 -15.395684, -15.813014 -15.439971, -15.805309 -15.484259, -15.797601 -15.528546, -15.789890 -15.572833, -15.782175 -15.617119, -15.774457 -15.661406, -15.766735 -15.705692, -15.759011 -15.749977, -15.751283 -15.794263, -15.743551 -15.838548, -15.735816 -15.882833, -15.728078 -15.927118, -15.720336 -15.971402, -15.712591 -16.015686, -15.704842 -16.059970, -15.697090 -16.104253, -15.689335 -16.148537, -15.681576 -16.192820, -15.673814 -16.237102, -15.666048 -16.281385, -15.658278 -16.325667, -15.650505 -16.369949, -15.642729 -16.414230, -15.634949 -16.458512, -15.627165 -16.502793, -15.619378 -16.547073, -15.611587 -16.591354, -15.603793 -16.635634, -15.595995 -16.679914, -15.588194 -16.724193, -15.580388 -16.768473, -15.572580 -16.812752, -15.564767 -16.857030, -15.556951 -16.901309, -15.549131 -16.945587, -15.541308 -16.989864, -15.533481 -17.034142, -15.525650 -17.078419, -15.517815 -17.122696, -15.509977 -17.166972, -15.502135 -17.211249, -15.494289 -17.255525, -15.486440 -17.299800, -15.478586 -17.344076, -15.470729 -17.388351, -15.462868 -17.432626, -15.455003 -17.476900, -15.447135 -17.521174, -15.439262 -17.565448, -15.431386 -17.609721, -15.423506 -17.653995, -15.415622 -17.698267, -15.407734 -17.742540, -15.399842 -17.786812, -15.391947 -17.831084, -15.384047 -17.875356, -15.376143 -17.919627, -15.368236 -17.963898, -15.360324 -18.008169, -15.352409 -18.052439, -15.344489 -18.096709, -15.336566 -18.140979, -15.328638 -18.185248, -15.320707 -18.229517, -15.312771 -18.273786, -15.304832 -18.318054, -15.296888 -18.362322, -15.288940 -18.406590, -15.280989 -18.450857, -15.273033 -18.495124, -15.265073 -18.539391, -15.257108 -18.583658, -15.249140 -18.627924, -15.241168 -18.672189, -15.233191 -18.716455, -15.225210 -18.760720, -15.217225 -18.804985, -15.209236 -18.849249, -15.201243 -18.893513, -15.193245 -18.937777, -15.185243 -18.982040, -15.177237 -19.026303, -15.169227 -19.070566, -15.161212 -19.114828, -15.153193 -19.159090, -15.145170 -19.203352, -15.137142 -19.247613, -15.129110 -19.291874, -15.121074 -19.336134, -15.113034 -19.380395, -15.104989 -19.424654, -15.096939 -19.468914, -15.088885 -19.513173, -15.080827 -19.557432, -15.072765 -19.601690, -15.064698 -19.645948, -15.056626 -19.690206, -15.048550 -19.734463, -15.040470 -19.778720, -15.032385 -19.822977, -15.024295 -19.867233, -15.016201 -19.911489, -15.008103 -19.955745, -15.000000 -20.000000, -14.959877 -20.024396, -14.919741 -20.048783, -14.879593 -20.073161, -14.839433 -20.097529, -14.799260 -20.121889, -14.759074 -20.146240, -14.718876 -20.170581, -14.678666 -20.194913, -14.638443 -20.219237, -14.598207 -20.243551, -14.557959 -20.267856, -14.517698 -20.292151, -14.477424 -20.316438, -14.437138 -20.340715, -14.396839 -20.364983, -14.356528 -20.389242, -14.316204 -20.413491, -14.275867 -20.437731, -14.235517 -20.461962, -14.195155 -20.486184, -14.154780 -20.510396, -14.114392 -20.534599, -14.073991 -20.558793, -14.033578 -20.582977, -13.993152 -20.607152, -13.952713 -20.631317, -13.912261 -20.655473, -13.871796 -20.679620, -13.831318 -20.703757, -13.790828 -20.727884, -13.750324 -20.752003, -13.709808 -20.776111, -13.669279 -20.800211, -13.628736 -20.824300, -13.588181 -20.848380, -13.547613 -20.872451, -13.507032 -20.896512, -13.466438 -20.920563, -13.425830 -20.944605, -13.385210 -20.968638, -13.344577 -20.992660, -13.303930 -21.016673, -13.263271 -21.040676, -13.222598 -21.064670, -13.181912 -21.088654, -13.141214 -21.112628, -13.100502 -21.136593, -13.059776 -21.160548, -13.019038 -21.184493, -12.978287 -21.208428, -12.937522 -21.232354, -12.896744 -21.256269, -12.855953 -21.280175, -12.815148 -21.304071, -12.774330 -21.327958, -12.733499 -21.351834, -12.692655 -21.375700, -12.651797 -21.399557, -12.610926 -21.423404, -12.570042 -21.447241, -12.529144 -21.471068, -12.488233 -21.494885, -12.447309 -21.518691, -12.406371 -21.542488, -12.365419 -21.566275, -12.324455 -21.590053, -12.283477 -21.613819, -12.242485 -21.637576, -12.201480 -21.661323, -12.160461 -21.685060, -12.119429 -21.708787, -12.078383 -21.732503, -12.037324 -21.756210, -11.996251 -21.779906, -11.955165 -21.803593, -11.914065 -21.827269, -11.872951 -21.850935, -11.831824 -21.874590, -11.790683 -21.898236, -11.749529 -21.921871, -11.708361 -21.945496, -11.667179 -21.969111, -11.625983 -21.992715, -11.584774 -22.016309, -11.543551 -22.039893, -11.502314 -22.063467, -11.461064 -22.087030, -11.419800 -22.110583, -11.378522 -22.134125, -11.337230 -22.157658, -11.295924 -22.181179, -11.254605 -22.204691, -11.213272 -22.228192, -11.171925 -22.251682, -11.130564 -22.275162, -11.089189 -22.298631, -11.047800 -22.322090, -11.006397 -22.345539, -10.964981 -22.368977, -10.923550 -22.392404, -10.882106 -22.415821, -10.840647 -22.439228, -10.799175 -22.462623, -10.757688 -22.486008, -10.716188 -22.509383, -10.674673 -22.532747, -10.633145 -22.556100, -10.591602 -22.579443, -10.550045 -22.602775, -10.508474 -22.626096, -10.466890 -22.649406, -10.425291 -22.672706, -10.383677 -22.695995, -10.342050 -22.719273, -10.300409 -22.742541, -10.258753 -22.765797, -10.217083 -22.789043, -10.175399 -22.812278, -10.133701 -22.835502, -10.091988 -22.858716, -10.050262 -22.881918, -10.008521 -22.905110, -9.966765 -22.928290, -9.924996 -22.951460, -9.883212 -22.974619, -9.841414 -22.997767, -9.799601 -23.020903, -9.757774 -23.044029, -9.715933 -23.067144, -9.674078 -23.090248, -9.632208 -23.113341, -9.590323 -23.136423, -9.548424 -23.159493, -9.506511 -23.182553, -9.464583 -23.205601, -9.422641 -23.228639, -9.380685 -23.251665, -9.338713 -23.274680, -9.296728 -23.297684, -9.254728 -23.320677, -9.212713 -23.343659, -9.170684 -23.366629, -9.128640 -23.389588, -9.086582 -23.412536, -9.044509 -23.435473, -9.002421 -23.458398, -8.960319 -23.481312, -8.918202 -23.504215, -8.876071 -23.527106, -8.833925 -23.549986, -8.791764 -23.572855, -8.749589 -23.595712, -8.707398 -23.618558, -8.665194 -23.641393, -8.622974 -23.664216, -8.580740 -23.687028, -8.538491 -23.709828, -8.496227 -23.732617, -8.453948 -23.755394, -8.411655 -23.778160, -8.369347 -23.800914, -8.327024 -23.823657, -8.284686 -23.846388, -8.242333 -23.869107, -8.199965 -23.891815, -8.157583 -23.914512, -8.115186 -23.937196, -8.072773 -23.959870, -8.030346 -23.982531, -7.987904 -24.005181, -7.945447 -24.027819, -7.902975 -24.050445, -7.860488 -24.073060, -7.817986 -24.095663, -7.775469 -24.118254, -7.732937 -24.140834, -7.690391 -24.163401, -7.647829 -24.185957, -7.605251 -24.208501, -7.562659 -24.231033, -7.520052 -24.253553, -7.477430 -24.276062, -7.434793 -24.298558, -7.392140 -24.321043, -7.349472 -24.343516, -7.306790 -24.365977, -7.264092 -24.388425, -7.221379 -24.410862, -7.178650 -24.433287, -7.135907 -24.455700, -7.093148 -24.478101, -7.050374 -24.500490, -7.007585 -24.522866, -6.964781 -24.545231, -6.921961 -24.567584, -6.879126 -24.589924, -6.836276 -24.612253, -6.793411 -24.634569, -6.750530 -24.656873, -6.707634 -24.679165, -6.664722 -24.701445, -6.621796 -24.723712, -6.578853 -24.745967, -6.535896 -24.768210, -6.492923 -24.790441, -6.449935 -24.812660, -6.406931 -24.834866, -6.363912 -24.857060, -6.320877 -24.879242, -6.277827 -24.901411, -6.234762 -24.923568, -6.191681 -24.945712, -6.148584 -24.967844, -6.105472 -24.989964, -6.062345 -25.012071, -6.019202 -25.034166, -5.976043 -25.056249, -5.932869 -25.078319, -5.889679 -25.100376, -5.846474 -25.122421, -5.803253 -25.144453, -5.760017 -25.166473, -5.716765 -25.188480, -5.673497 -25.210475, -5.630214 -25.232457, -5.586915 -25.254427, -5.543600 -25.276384, -5.500270 -25.298328, -5.456924 -25.320259, -5.413562 -25.342178, -5.370185 -25.364084, -5.326792 -25.385978, -5.283383 -25.407859, -5.239958 -25.429727, -5.196518 -25.451582, -5.153062 -25.473424, -5.109590 -25.495254, -5.066102 -25.517071, -5.022599 -25.538875, -4.979079 -25.560666, -4.935544 -25.582444, -4.891993 -25.604209, -4.848426 -25.625962, -4.804844 -25.647701, -4.761245 -25.669428, -4.717630 -25.691141, -4.674000 -25.712842, -4.630354 -25.734530, -4.586691 -25.756204, -4.543013 -25.777866, -4.499319 -25.799514, -4.455609 -25.821150, -4.411883 -25.842772, -4.368141 -25.864382, -4.324383 -25.885978, -4.280609 -25.907561, -4.236819 -25.929131, -4.193013 -25.950688, -4.149191 -25.972231, -4.105353 -25.993762, -4.061498 -26.015279, -4.017628 -26.036783, -3.973742 -26.058274, -3.929839 -26.079751, -3.885921 -26.101215, -3.841986 -26.122666, -3.798035 -26.144103, -3.754068 -26.165528, -3.710085 -26.186938, -3.666086 -26.208336, -3.622070 -26.229720, -3.578038 -26.251090, -3.533991 -26.272448, -3.489927 -26.293791, -3.445846 -26.315122, -3.401750 -26.336438, -3.357637 -26.357742, -3.313508 -26.379032, -3.269363 -26.400308, -3.225201 -26.421570, -3.181023 -26.442820, -3.136829 -26.464055, -3.092619 -26.485277, -3.048392 -26.506485, -3.004149 -26.527680, -2.959890 -26.548861, -2.915614 -26.570028, -2.871322 -26.591182, -2.827013 -26.612322, -2.782688 -26.633448, -2.738347 -26.654561, -2.693989 -26.675659, -2.649615 -26.696744, -2.605225 -26.717816, -2.560818 -26.738873, -2.516395 -26.759916, -2.471955 -26.780946, -2.427499 -26.801962, -2.383026 -26.822964, -2.338537 -26.843952, -2.294031 -26.864926, -2.249509 -26.885886, -2.204970 -26.906832, -2.160415 -26.927764, -2.115843 -26.948682, -2.071254 -26.969586, -2.026650 -26.990476, -1.982028 -27.011352, -1.937390 -27.032215, -1.892736 -27.053062, -1.848064 -27.073896, -1.803376 -27.094716, -1.758672 -27.115522, -1.713951 -27.136313, -1.669213 -27.157090, -1.624459 -27.177853, -1.579688 -27.198602, -1.534900 -27.219337, -1.490096 -27.240057, -1.445275 -27.260763, -1.400437 -27.281455, -1.355583 -27.302132, -1.310712 -27.322796, -1.265824 -27.343444, -1.220920 -27.364079, -1.175998 -27.384699, -1.131060 -27.405305, -1.086106 -27.425896, -1.041134 -27.446473, -0.996146 -27.467036, -0.951141 -27.487584, -0.906119 -27.508117, -0.861080 -27.528636, -0.816025 -27.549141, -0.770952 -27.569631, -0.725863 -27.590106, -0.680757 -27.610567, -0.635634 -27.631013, -0.590495 -27.651445, -0.545338 -27.671862, -0.500165 -27.692264, -0.454974 -27.712652, -0.409767 -27.733025, -0.364543 -27.753383, -0.319302 -27.773727, -0.274044 -27.794056, -0.228769 -27.814370, -0.183478 -27.834670, -0.138169 -27.854954, -0.092843 -27.875224, -0.047501 -27.895479, -0.002141 -27.915719, 0.043236 -27.935944, 0.088629 -27.956155, 0.134040 -27.976350, 0.179467 -27.996531, 0.224912 -28.016696, 0.270373 -28.036847, 0.315852 -28.056983, 0.361348 -28.077103, 0.406860 -28.097209, 0.452390 -28.117300, 0.497937 -28.137376, 0.543501 -28.157436, 0.589082 -28.177482, 0.634680 -28.197512, 0.680295 -28.217527, 0.725927 -28.237527, 0.771576 -28.257512, 0.817243 -28.277482, 0.862926 -28.297437, 0.908627 -28.317376, 0.954345 -28.337300, 1.000080 -28.357209, 1.045832 -28.377103, 1.091601 -28.396982, 1.137387 -28.416845, 1.183191 -28.436692, 1.229012 -28.456525, 1.274850 -28.476342, 1.320705 -28.496144, 1.366577 -28.515930, 1.412467 -28.535701, 1.458374 -28.555456, 1.504298 -28.575196, 1.550239 -28.594921, 1.596197 -28.614630, 1.642173 -28.634324, 1.688166 -28.654002, 1.734176 -28.673664, 1.780204 -28.693311, 1.826249 -28.712942, 1.872311 -28.732558, 1.918390 -28.752158, 1.964487 -28.771743, 2.010601 -28.791312, 2.056732 -28.810865, 2.102880 -28.830402, 2.149046 -28.849924, 2.195230 -28.869430, 2.241430 -28.888921, 2.287648 -28.908395, 2.333883 -28.927854, 2.380136 -28.947297, 2.426406 -28.966724, 2.472693 -28.986135, 2.518998 -29.005531, 2.565320 -29.024910, 2.611659 -29.044274, 2.658016 -29.063622, 2.704390 -29.082954, 2.750782 -29.102270, 2.797191 -29.121569, 2.843617 -29.140853, 2.890061 -29.160121, 2.936523 -29.179373, 2.983001 -29.198609, 3.029497 -29.217829, 3.076011 -29.237033, 3.122542 -29.256220, 3.169091 -29.275392, 3.215657 -29.294547, 3.262240 -29.313686, 3.308841 -29.332809, 3.355459 -29.351916, 3.402095 -29.371007, 3.448749 -29.390081, 3.495419 -29.409139, 3.542108 -29.428181, 3.588814 -29.447207, 3.635537 -29.466216, 3.682278 -29.485209, 3.729036 -29.504186, 3.775812 -29.523146, 3.822605 -29.542090, 3.869416 -29.561017, 3.916245 -29.579928, 3.963091 -29.598823, 4.009955 -29.617701, 4.056836 -29.636563, 4.103734 -29.655408, 4.150651 -29.674237, 4.197584 -29.693049, 4.244536 -29.711844, 4.291505 -29.730624, 4.338491 -29.749386, 4.385495 -29.768132, 4.432517 -29.786861, 4.479556 -29.805574, 4.526613 -29.824270, 4.573688 -29.842949, 4.620780 -29.861611, 4.667890 -29.880257, 4.715017 -29.898886, 4.762162 -29.917498, 4.809325 -29.936094, 4.856505 -29.954673, 4.903703 -29.973235, 4.950918 -29.991780, 4.998151 -30.010308, 5.045402 -30.028819, 5.092670 -30.047314, 5.139956 -30.065791, 5.187260 -30.084252, 5.234581 -30.102696, 5.281920 -30.121123, 5.329277 -30.139532, 5.376651 -30.157925, 5.424043 -30.176301, 5.471453 -30.194660, 5.518880 -30.213001, 5.566325 -30.231326, 5.613788 -30.249633, 5.661268 -30.267924, 5.708766 -30.286197, 5.756282 -30.304453, 5.803815 -30.322692, 5.851366 -30.340913, 5.898935 -30.359118, 5.946522 -30.377305, 5.994126 -30.395475, 6.041748 -30.413628, 6.089387 -30.431763, 6.137045 -30.449881, 6.184720 -30.467982, 6.232413 -30.486066, 6.280123 -30.504132, 6.327851 -30.522180, 6.375597 -30.540212, 6.423361 -30.558226, 6.471142 -30.576222, 6.518941 -30.594201, 6.566758 -30.612163, 6.614593 -30.630107, 6.662445 -30.648033, 6.710315 -30.665942, 6.758203 -30.683834, 6.806109 -30.701708, 6.854032 -30.719564, 6.901973 -30.737403, 6.949932 -30.755224, 6.997908 -30.773027, 7.045902 -30.790813, 7.093914 -30.808581, 7.141944 -30.826331, 7.189992 -30.844064, 7.238057 -30.861778, 7.286140 -30.879476, 7.334241 -30.897155, 7.382359 -30.914816, 7.430496 -30.932460, 7.478650 -30.950086, 7.526822 -30.967694, 7.575011 -30.985284, 7.623219 -31.002856, 7.671444 -31.020411, 7.719687 -31.037947, 7.767947 -31.055466, 7.816226 -31.072966, 7.864522 -31.090448, 7.912836 -31.107913, 7.961167 -31.125359, 8.009517 -31.142788, 8.057884 -31.160198, 8.106269 -31.177590, 8.154672 -31.194965, 8.203092 -31.212321, 8.251531 -31.229658, 8.299987 -31.246978, 8.348461 -31.264280, 8.396952 -31.281563, 8.445462 -31.298828, 8.493989 -31.316075, 8.542534 -31.333304, 8.591096 -31.350514, 8.639677 -31.367706, 8.688275 -31.384880, 8.736891 -31.402035, 8.785525 -31.419172, 8.834176 -31.436291, 8.882846 -31.453391, 8.931533 -31.470473, 8.980238 -31.487536, 9.028960 -31.504581, 9.077701 -31.521608, 9.126459 -31.538616, 9.175234 -31.555606, 9.224028 -31.572577, 9.272839 -31.589529, 9.321669 -31.606463, 9.370516 -31.623378, 9.419380 -31.640275, 9.468263 -31.657153, 9.517163 -31.674013, 9.566081 -31.690853, 9.615016 -31.707676, 9.663970 -31.724479, 9.712941 -31.741264, 9.761930 -31.758030, 9.810936 -31.774777, 9.859961 -31.791506, 9.909003 -31.808215, 9.958062 -31.824906, 10.007140 -31.841578, 10.056235 -31.858231, 10.105348 -31.874866, 10.154479 -31.891481, 10.203628 -31.908078, 10.252794 -31.924655, 10.301978 -31.941214, 10.351179 -31.957754, 10.400399 -31.974274, 10.449636 -31.990776, 10.498890 -32.007259, 10.548163 -32.023723, 10.597453 -32.040167, 10.646761 -32.056593, 10.696086 -32.072999, 10.745430 -32.089387, 10.794791 -32.105755, 10.844169 -32.122104, 10.893566 -32.138434, 10.942980 -32.154744, 10.992411 -32.171036, 11.041861 -32.187308, 11.091328 -32.203561, 11.140812 -32.219795, 11.190315 -32.236009, 11.239835 -32.252205, 11.289372 -32.268380, 11.338928 -32.284537, 11.388501 -32.300674, 11.438091 -32.316792, 11.487700 -32.332890, 11.537326 -32.348969, 11.586969 -32.365029, 11.636630 -32.381069, 11.686309 -32.397089, 11.736006 -32.413090, 11.785720 -32.429072, 11.835451 -32.445034, 11.885200 -32.460976, 11.934967 -32.476899, 11.984752 -32.492803, 12.034554 -32.508686, 12.084373 -32.524550, 12.134211 -32.540395, 12.184066 -32.556220, 12.233938 -32.572025, 12.283828 -32.587810, 12.333735 -32.603576, 12.383660 -32.619322, 12.433603 -32.635048, 12.483563 -32.650754, 12.533541 -32.666441, 12.583536 -32.682108, 12.633549 -32.697755, 12.683579 -32.713382, 12.733627 -32.728989, 12.783693 -32.744576, 12.833775 -32.760144, 12.883876 -32.775691, 12.933994 -32.791219, 12.984129 -32.806727, 13.034282 -32.822214, 13.084452 -32.837682, 13.134640 -32.853129, 13.184845 -32.868557, 13.235068 -32.883964, 13.285308 -32.899352, 13.335566 -32.914719, 13.385841 -32.930066, 13.436133 -32.945393, 13.486443 -32.960700, 13.536771 -32.975987, 13.587116 -32.991254, 13.637478 -33.006500, 13.687857 -33.021726, 13.738254 -33.036932, 13.788669 -33.052117, 13.839100 -33.067283, 13.889550 -33.082428, 13.940016 -33.097552, 13.990500 -33.112657, 14.041001 -33.127741, 14.091520 -33.142804, 14.142055 -33.157847, 14.192609 -33.172870, 14.243179 -33.187873, 14.293767 -33.202854, 14.344372 -33.217816, 14.394995 -33.232757, 14.445634 -33.247677, 14.496291 -33.262577, 14.546966 -33.277456, 14.597657 -33.292315, 14.648366 -33.307153, 14.699092 -33.321971, 14.749835 -33.336768, 14.800596 -33.351544, 14.851374 -33.366300, 14.902169 -33.381035, 14.952981 -33.395749, 15.003810 -33.410443, 15.054657 -33.425115, 15.105520 -33.439768, 15.156401 -33.454399, 15.207299 -33.469009, 15.258215 -33.483599, 15.309147 -33.498168, 15.360097 -33.512716, 15.411063 -33.527243, 15.462047 -33.541750, 15.513048 -33.556235, 15.564066 -33.570699, 15.615101 -33.585143, 15.666153 -33.599566, 15.717222 -33.613967, 15.768308 -33.628348, 15.819411 -33.642707, 15.870532 -33.657046, 15.921669 -33.671363, 15.972823 -33.685660, 16.023995 -33.699935, 16.075183 -33.714190, 16.126388 -33.728423, 16.177611 -33.742635, 16.228850 -33.756826, 16.280106 -33.770995, 16.331379 -33.785144, 16.382670 -33.799271, 16.433977 -33.813377, 16.485300 -33.827462, 16.536641 -33.841525, 16.587999 -33.855568, 16.639374 -33.869589, 16.690765 -33.883588, 16.742173 -33.897567, 16.793599 -33.911523, 16.845041 -33.925459, 16.896499 -33.939373, 16.947975 -33.953266, 16.999467 -33.967137, 17.050977 -33.980987, 17.102503 -33.994815, 17.154045 -34.008622, 17.205605 -34.022408, 17.257181 -34.036171, 17.308774 -34.049914, 17.360384 -34.063635, 17.412010 -34.077334, 17.463653 -34.091011, 17.515313 -34.104667, 17.566989 -34.118302, 17.618683 -34.131914, 17.670392 -34.145505, 17.722119 -34.159075, 17.773862 -34.172622, 17.825621 -34.186148, 17.877397 -34.199652, 17.929190 -34.213135, 17.980999 -34.226595, 18.032825 -34.240034, 18.084667 -34.253451, 18.136526 -34.266846, 18.188402 -34.280220, 18.240294 -34.293571, 18.292202 -34.306901, 18.344127 -34.320209, 18.396068 -34.333494, 18.448026 -34.346758, 18.500000 -34.360000, 18.546005 -34.384075, 18.592036 -34.408132, 18.638094 -34.432172, 18.684178 -34.456195, 18.730289 -34.480201, 18.776426 -34.504189, 18.822590 -34.528160, 18.868780 -34.552113, 18.914997 -34.576049, 18.961241 -34.599968, 19.007511 -34.623869, 19.053808 -34.647753, 19.100131 -34.671619, 19.146482 -34.695468, 19.192859 -34.719299, 19.239262 -34.743112, 19.285693 -34.766908, 19.332150 -34.790686, 19.378634 -34.814447, 19.425145 -34.838190, 19.471682 -34.861915, 19.518247 -34.885623, 19.564838 -34.909313, 19.611456 -34.932984, 19.658102 -34.956639, 19.704774 -34.980275, 19.751473 -35.003893, 19.798198 -35.027494, 19.844951 -35.051076, 19.891731 -35.074641, 19.938538 -35.098188, 19.985372 -35.121716, 20.032233 -35.145227, 20.079121 -35.168720, 20.126037 -35.192194, 20.172979 -35.215651, 20.219948 -35.239089, 20.266945 -35.262509, 20.313969 -35.285911, 20.361020 -35.309295, 20.408098 -35.332660, 20.455203 -35.356007, 20.502336 -35.379336, 20.549495 -35.402647, 20.596682 -35.425939, 20.643897 -35.449213, 20.691138 -35.472469, 20.738407 -35.495706, 20.785704 -35.518925, 20.833028 -35.542125, 20.880379 -35.565307, 20.927757 -35.588470, 20.975163 -35.611614, 21.022596 -35.634740, 21.070057 -35.657848, 21.117545 -35.680937, 21.165061 -35.704007, 21.212604 -35.727058, 21.260175 -35.750091, 21.307773 -35.773105, 21.355399 -35.796100, 21.403052 -35.819077, 21.450733 -35.842034, 21.498442 -35.864973, 21.546178 -35.887893, 21.593942 -35.910794, 21.641733 -35.933676, 21.689552 -35.956539, 21.737399 -35.979384, 21.785273 -36.002209, 21.833176 -36.025015, 21.881105 -36.047802, 21.929063 -36.070570, 21.977049 -36.093319, 22.025062 -36.116049, 22.073103 -36.138759, 22.121171 -36.161450, 22.169268 -36.184123, 22.217393 -36.206775, 22.265545 -36.229409, 22.313725 -36.252023, 22.361933 -36.274618, 22.410169 -36.297194, 22.458433 -36.319750, 22.506725 -36.342287, 22.555044 -36.364804, 22.603392 -36.387302, 22.651768 -36.409781, 22.700171 -36.432240, 22.748603 -36.454679, 22.797063 -36.477099, 22.845551 -36.499499, 22.894066 -36.521879, 22.942610 -36.544240, 22.991182 -36.566581, 23.039782 -36.588903, 23.088410 -36.611205, 23.137066 -36.633487, 23.185751 -36.655749, 23.234463 -36.677991, 23.283204 -36.700214, 23.331973 -36.722416, 23.380770 -36.744599, 23.429595 -36.766762, 23.478449 -36.788905, 23.527330 -36.811027, 23.576240 -36.833130, 23.625179 -36.855213, 23.674145 -36.877276, 23.723140 -36.899318, 23.772163 -36.921341, 23.821214 -36.943343, 23.870294 -36.965325, 23.919402 -36.987287, 23.968539 -37.009229, 24.017703 -37.031150, 24.066897 -37.053051, 24.116118 -37.074932, 24.165368 -37.096792, 24.214646 -37.118632, 24.263953 -37.140452, 24.313288 -37.162251, 24.362652 -37.184030, 24.412044 -37.205788, 24.461465 -37.227526, 24.510914 -37.249243, 24.560391 -37.270940, 24.609898 -37.292616, 24.659432 -37.314271, 24.708995 -37.335906, 24.758587 -37.357520, 24.808207 -37.379113, 24.857856 -37.400686, 24.907534 -37.422238, 24.957240 -37.443769, 25.006974 -37.465279, 25.056737 -37.486768, 25.106529 -37.508237, 25.156350 -37.529684, 25.206199 -37.551111, 25.256077 -37.572517, 25.305983 -37.593901, 25.355918 -37.615265, 25.405882 -37.636607, 25.455875 -37.657929, 25.505896 -37.679229, 25.555946 -37.700508, 25.606024 -37.721766, 25.656132 -37.743003, 25.706268 -37.764219, 25.756433 -37.785413, 25.806626 -37.806586, 25.856849 -37.827738, 25.907100 -37.848869, 25.957380 -37.869978, 26.007689 -37.891066, 26.058027 -37.912132, 26.108393 -37.933177, 26.158788 -37.954200, 26.209212 -37.975202, 26.259665 -37.996182, 26.310147 -38.017141, 26.360658 -38.038078, 26.411198 -38.058994, 26.461766 -38.079887, 26.512363 -38.100760, 26.562990 -38.121610, 26.613645 -38.142439, 26.664329 -38.163246, 26.715042 -38.184031, 26.765784 -38.204794, 26.816555 -38.225536, 26.867354 -38.246256, 26.918183 -38.266953, 26.969041 -38.287629, 27.019928 -38.308283, 27.070843 -38.328915, 27.121788 -38.349524, 27.172762 -38.370112, 27.223764 -38.390678, 27.274796 -38.411221, 27.325857 -38.431743, 27.376946 -38.452242, 27.428065 -38.472719, 27.479213 -38.493174, 27.530389 -38.513606, 27.581595 -38.534017, 27.632830 -38.554405, 27.684094 -38.574770, 27.735387 -38.595113, 27.786709 -38.615434, 27.838060 -38.635733, 27.889440 -38.656009, 27.940849 -38.676262, 27.992288 -38.696493, 28.043755 -38.716701, 28.095252 -38.736887, 28.146777 -38.757051, 28.198332 -38.777191, 28.249916 -38.797309, 28.301529 -38.817404, 28.353171 -38.837477, 28.404842 -38.857527, 28.456542 -38.877554, 28.508272 -38.897558, 28.560030 -38.917539, 28.611818 -38.937498, 28.663635 -38.957433, 28.715481 -38.977346, 28.767356 -38.997235, 28.819260 -39.017102, 28.871194 -39.036946, 28.923156 -39.056767, 28.975148 -39.076564, 29.027169 -39.096339, 29.079219 -39.116090, 29.131298 -39.135818, 29.183407 -39.155523, 29.235545 -39.175205, 29.287711 -39.194864, 29.339907 -39.214499, 29.392133 -39.234111, 29.444387 -39.253700, 29.496670 -39.273265, 29.548983 -39.292807, 29.601325 -39.312325, 29.653696 -39.331820, 29.706097 -39.351292, 29.758526 -39.370740, 29.810985 -39.390164, 29.863473 -39.409565, 29.915990 -39.428942, 29.968536 -39.448296, 30.021112 -39.467626, 30.073716 -39.486932, 30.126350 -39.506215, 30.179013 -39.525474, 30.231706 -39.544709, 30.284427 -39.563920, 30.337178 -39.583108, 30.389958 -39.602271, 30.442767 -39.621411, 30.495605 -39.640527, 30.548473 -39.659619, 30.601370 -39.678687, 30.654295 -39.697730, 30.707251 -39.716750, 30.760235 -39.735746, 30.813248 -39.754718, 30.866291 -39.773665, 30.919363 -39.792588, 30.972464 -39.811488, 31.025594 -39.830363, 31.078754 -39.849213, 31.131942 -39.868040, 31.185160 -39.886842, 31.238407 -39.905620, 31.291683 -39.924373, 31.344989 -39.943102, 31.398323 -39.961807, 31.451687 -39.980487, 31.505080 -39.999142, 31.558502 -40.017773, 31.611953 -40.036380, 31.665433 -40.054962, 31.718943 -40.073520, 31.772481 -40.092052, 31.826049 -40.110560, 31.879646 -40.129044, 31.933272 -40.147503, 31.986927 -40.165937, 32.040611 -40.184346, 32.094325 -40.202730, 32.148067 -40.221090, 32.201839 -40.239424, 32.255640 -40.257734, 32.309470 -40.276019, 32.363329 -40.294279, 32.417217 -40.312514, 32.471134 -40.330724, 32.525080 -40.348908, 32.579056 -40.367068, 32.633060 -40.385203, 32.687094 -40.403312, 32.741156 -40.421397, 32.795248 -40.439456, 32.849368 -40.457490, 32.903518 -40.475499, 32.957697 -40.493482, 33.011905 -40.511440, 33.066141 -40.529373, 33.120407 -40.547280, 33.174702 -40.565162, 33.229026 -40.583019, 33.283378 -40.600850, 33.337760 -40.618655, 33.392171 -40.636435, 33.446611 -40.654190, 33.501079 -40.671919, 33.555577 -40.689622, 33.610104 -40.707300, 33.664659 -40.724952, 33.719244 -40.742578, 33.773857 -40.760179, 33.828499 -40.777754, 33.883170 -40.795303, 33.937870 -40.812826, 33.992599 -40.830323, 34.047357 -40.847795, 34.102144 -40.865240, 34.156959 -40.882660, 34.211804 -40.900054, 34.266677 -40.917422, 34.321579 -40.934763, 34.376509 -40.952079, 34.431469 -40.969368, 34.486457 -40.986632, 34.541475 -41.003869, 34.596521 -41.021080, 34.651595 -41.038265, 34.706699 -41.055424, 34.761831 -41.072556, 34.816992 -41.089663, 34.872181 -41.106742, 34.927400 -41.123796, 34.982647 -41.140823, 35.037922 -41.157824, 35.093227 -41.174798, 35.148560 -41.191746, 35.203921 -41.208667, 35.259311 -41.225562, 35.314730 -41.242430, 35.370178 -41.259272, 35.425654 -41.276087, 35.481158 -41.292875, 35.536691 -41.309637, 35.592253 -41.326372, 35.647843 -41.343080, 35.703462 -41.359761, 35.759109 -41.376416, 35.814785 -41.393044, 35.870489 -41.409645, 35.926221 -41.426219, 35.981982 -41.442766, 36.037772 -41.459287, 36.093590 -41.475780, 36.149436 -41.492246, 36.205310 -41.508686, 36.261213 -41.525098, 36.317145 -41.541483, 36.373104 -41.557841, 36.429092 -41.574172, 36.485108 -41.590476, 36.541153 -41.606752, 36.597226 -41.623002, 36.653327 -41.639224, 36.709456 -41.655418, 36.765614 -41.671586, 36.821799 -41.687726, 36.878013 -41.703839, 36.934255 -41.719924, 36.990525 -41.735982, 37.046823 -41.752012, 37.103150 -41.768015, 37.159504 -41.783990, 37.215887 -41.799938, 37.272297 -41.815858, 37.328736 -41.831751, 37.385202 -41.847616, 37.441697 -41.863453, 37.498220 -41.879263, 37.554770 -41.895045, 37.611348 -41.910799, 37.667955 -41.926525, 37.724589 -41.942224, 37.781251 -41.957895, 37.837941 -41.973537, 37.894659 -41.989152, 37.951404 -42.004739, 38.008178 -42.020298, 38.064979 -42.035829, 38.121808 -42.051332, 38.178664 -42.066807, 38.235549 -42.082254, 38.292460 -42.097673, 38.349400 -42.113064, 38.406367 -42.128426, 38.463362 -42.143760, 38.520385 -42.159066, 38.577435 -42.174344, 38.634512 -42.189594, 38.691617 -42.204815, 38.748750 -42.220008, 38.805910 -42.235172, 38.863097 -42.250309, 38.920312 -42.265416, 38.977555 -42.280496, 39.034824 -42.295546, 39.092122 -42.310569, 39.149446 -42.325562, 39.206798 -42.340528, 39.264177 -42.355464, 39.321583 -42.370372, 39.379016 -42.385251, 39.436477 -42.400102, 39.493965 -42.414924, 39.551480 -42.429717, 39.609022 -42.444482, 39.666591 -42.459217, 39.724188 -42.473924, 39.781811 -42.488602, 39.839461 -42.503251, 39.897139 -42.517871, 39.954843 -42.532462, 40.012574 -42.547025, 40.070333 -42.561558, 40.128118 -42.576062, 40.185930 -42.590537, 40.243768 -42.604984, 40.301634 -42.619401, 40.359526 -42.633788, 40.417445 -42.648147, 40.475391 -42.662477, 40.533364 -42.676777, 40.591363 -42.691048, 40.649389 -42.705290, 40.707441 -42.719502, 40.765520 -42.733686, 40.823626 -42.747839, 40.881758 -42.761964, 40.939916 -42.776059, 40.998101 -42.790125, 41.056313 -42.804161, 41.114550 -42.818167, 41.172815 -42.832144, 41.231105 -42.846092, 41.289422 -42.860010, 41.347765 -42.873898, 41.406134 -42.887757, 41.464530 -42.901586, 41.522951 -42.915385, 41.581399 -42.929155, 41.639873 -42.942895, 41.698373 -42.956605, 41.756899 -42.970285, 41.815451 -42.983936, 41.874029 -42.997556, 41.932633 -43.011147, 41.991263 -43.024708, 42.049919 -43.038239, 42.108601 -43.051740, 42.167308 -43.065211, 42.226041 -43.078651, 42.284800 -43.092062, 42.343585 -43.105443, 42.402395 -43.118794, 42.461231 -43.132114, 42.520093 -43.145405, 42.578980 -43.158665, 42.637893 -43.171895, 42.696831 -43.185095, 42.755794 -43.198264, 42.814784 -43.211403, 42.873798 -43.224512, 42.932838 -43.237591, 42.991903 -43.250639, 43.050993 -43.263657, 43.110109 -43.276644, 43.169250 -43.289601, 43.228416 -43.302527, 43.287607 -43.315423, 43.346824 -43.328288, 43.406065 -43.341123, 43.465331 -43.353927, 43.524623 -43.366701, 43.583939 -43.379444, 43.643280 -43.392156, 43.702646 -43.404838, 43.762037 -43.417489, 43.821453 -43.430109, 43.880894 -43.442698, 43.940359 -43.455257, 43.999849 -43.467784, 44.059363 -43.480281, 44.118902 -43.492747, 44.178466 -43.505182, 44.238054 -43.517586, 44.297667 -43.529959, 44.357304 -43.542302, 44.416965 -43.554613, 44.476651 -43.566893, 44.536361 -43.579142, 44.596095 -43.591360, 44.655854 -43.603547, 44.715637 -43.615703, 44.775444 -43.627827, 44.835275 -43.639921, 44.895130 -43.651983, 44.955009 -43.664014, 45.014912 -43.676013, 45.074839 -43.687982, 45.134790 -43.699919, 45.194765 -43.711825, 45.254763 -43.723699, 45.314786 -43.735542, 45.374832 -43.747353, 45.434901 -43.759134, 45.494995 -43.770882, 45.555112 -43.782599, 45.615252 -43.794285, 45.675416 -43.805939, 45.735603 -43.817561, 45.795814 -43.829152, 45.856048 -43.840711, 45.916306 -43.852239, 45.976587 -43.863735, 46.036891 -43.875199, 46.097218 -43.886632, 46.157568 -43.898032, 46.217941 -43.909401, 46.278338 -43.920739, 46.338757 -43.932044, 46.399199 -43.943317, 46.459665 -43.954559, 46.520153 -43.965769, 46.580663 -43.976947, 46.641197 -43.988093, 46.701753 -43.999207, 46.762332 -44.010288, 46.822934 -44.021338, 46.883558 -44.032356, 46.944205 -44.043342, 47.004874 -44.054296, 47.065565 -44.065217, 47.126279 -44.076107, 47.187015 -44.086964, 47.247774 -44.097789, 47.308555 -44.108582, 47.369358 -44.119343, 47.430183 -44.130071, 47.491030 -44.140767, 47.551899 -44.151431, 47.612790 -44.162062, 47.673703 -44.172662, 47.734637 -44.183228, 47.795594 -44.193763, 47.856572 -44.204265, 47.917573 -44.214734, 47.978594 -44.225171, 48.039638 -44.235576, 48.100703 -44.245948, 48.161789 -44.256287, 48.222897 -44.266594, 48.284026 -44.276868, 48.345177 -44.287110, 48.406349 -44.297319, 48.467542 -44.307495, 48.528756 -44.317639, 48.589992 -44.327750, 48.651248 -44.337828, 48.712526 -44.347874, 48.773825 -44.357887, 48.835144 -44.367867, 48.896484 -44.377814, 48.957846 -44.387728, 49.019228 -44.397610, 49.080630 -44.407458, 49.142053 -44.417274, 49.203497 -44.427057, 49.264962 -44.436806, 49.326447 -44.446523, 49.387952 -44.456207, 49.449478 -44.465858, 49.511024 -44.475476, 49.572590 -44.485060, 49.634176 -44.494612, 49.695783 -44.504130, 49.757409 -44.513616, 49.819056 -44.523068, 49.880723 -44.532487, 49.942409 -44.541873, 50.004116 -44.551226, 50.065842 -44.560545, 50.127588 -44.569831, 50.189354 -44.579084, 50.251139 -44.588304, 50.312944 -44.597490, 50.374768 -44.606643, 50.436612 -44.615763, 50.498475 -44.624849, 50.560358 -44.633902, 50.622260 -44.642921, 50.684181 -44.651907, 50.746121 -44.660859, 50.808080 -44.669778, 50.870058 -44.678664, 50.932056 -44.687516, 50.994072 -44.696334, 51.056107 -44.705119, 51.118161 -44.713870, 51.180233 -44.722588, 51.242325 -44.731271, 51.304435 -44.739922, 51.366563 -44.748538, 51.428710 -44.757121, 51.490875 -44.765671, 51.553059 -44.774186, 51.615261 -44.782668, 51.677481 -44.791116, 51.739720 -44.799530, 51.801976 -44.807910, 51.864251 -44.816257, 51.926544 -44.824570, 51.988854 -44.832848, 52.051183 -44.841093, 52.113529 -44.849304, 52.175893 -44.857481, 52.238274 -44.865624, 52.300674 -44.873734, 52.363090 -44.881809, 52.425525 -44.889850, 52.487976 -44.897857, 52.550446 -44.905830, 52.612932 -44.913769, 52.675436 -44.921674, 52.737956 -44.929545, 52.800494 -44.937382, 52.863049 -44.945184, 52.925621 -44.952953, 52.988210 -44.960687, 53.050815 -44.968387, 53.113438 -44.976053, 53.176077 -44.983684, 53.238733 -44.991282, 53.301405 -44.998845, 53.364094 -45.006374, 53.426799 -45.013868, 53.489521 -45.021328, 53.552259 -45.028754, 53.615013 -45.036146, 53.677783 -45.043503, 53.740570 -45.050826, 53.803372 -45.058114, 53.866191 -45.065368, 53.929025 -45.072587, 53.991875 -45.079772, 54.054741 -45.086923, 54.117623 -45.094039, 54.180520 -45.101120, 54.243433 -45.108167, 54.306362 -45.115179, 54.369305 -45.122157, 54.432265 -45.129101, 54.495239 -45.136009, 54.558229 -45.142883, 54.621234 -45.149723, 54.684254 -45.156527, 54.747289 -45.163297, 54.810339 -45.170033, 54.873403 -45.176734, 54.936483 -45.183400, 54.999577 -45.190031, 55.062686 -45.196627, 55.125810 -45.203189, 55.188948 -45.209716, 55.252101 -45.216208, 55.315268 -45.222666, 55.378449 -45.229088, 55.441644 -45.235476, 55.504854 -45.241829, 55.568078 -45.248147, 55.631316 -45.254430, 55.694567 -45.260678, 55.757833 -45.266891, 55.821112 -45.273069, 55.884406 -45.279213, 55.947713 -45.285321, 56.011033 -45.291395, 56.074367 -45.297433, 56.137714 -45.303436, 56.201075 -45.309405, 56.264449 -45.315338, 56.327837 -45.321237, 56.391237 -45.327100, 56.454651 -45.332928, 56.518077 -45.338721, 56.581517 -45.344479, 56.644969 -45.350202, 56.708435 -45.355889, 56.771913 -45.361542, 56.835403 -45.367159, 56.898906 -45.372741, 56.962422 -45.378288, 57.025950 -45.383800, 57.089490 -45.389277, 57.153043 -45.394718, 57.216608 -45.400124, 57.280185 -45.405495, 57.343774 -45.410830, 57.407375 -45.416131, 57.470988 -45.421395, 57.534613 -45.426625, 57.598249 -45.431819, 57.661898 -45.436978, 57.725557 -45.442102, 57.789229 -45.447190, 57.852911 -45.452243, 57.916606 -45.457260, 57.980311 -45.462242, 58.044028 -45.467189, 58.107756 -45.472100, 58.171494 -45.476976, 58.235244 -45.481816, 58.299005 -45.486621, 58.362777 -45.491390, 58.426559 -45.496124, 58.490352 -45.500823, 58.554156 -45.505485, 58.617970 -45.510113, 58.681795 -45.514705, 58.745630 -45.519261, 58.809475 -45.523781, 58.873330 -45.528267, 58.937196 -45.532716, 59.001072 -45.537130, 59.064958 -45.541508, 59.128853 -45.545851, 59.192759 -45.550158, 59.256674 -45.554430, 59.320599 -45.558665, 59.384533 -45.562865, 59.448477 -45.567030, 59.512431 -45.571159, 59.576394 -45.575252, 59.640366 -45.579309, 59.704347 -45.583331, 59.768338 -45.587317, 59.832337 -45.591267, 59.896346 -45.595181, 59.960363 -45.599060, 60.024389 -45.602903, 60.088424 -45.606710, 60.152468 -45.610482, 60.216520 -45.614217, 60.280580 -45.617917, 60.344649 -45.621581, 60.408727 -45.625209, 60.472812 -45.628802, 60.536906 -45.632358, 60.601008 -45.635879, 60.665118 -45.639364, 60.729236 -45.642813, 60.793361 -45.646226, 60.857495 -45.649603, 60.921636 -45.652945, 60.985785 -45.656250, 61.049941 -45.659520, 61.114105 -45.662753, 61.178276 -45.665951, 61.242454 -45.669113, 61.306640 -45.672238, 61.370833 -45.675328, 61.435033 -45.678382, 61.499239 -45.681400, 61.563453 -45.684382, 61.627674 -45.687328, 61.691901 -45.690238, 61.756135 -45.693112, 61.820375 -45.695950, 61.884622 -45.698752, 61.948875 -45.701518, 62.013135 -45.704248, 62.077400 -45.706942, 62.141672 -45.709600, 62.205950 -45.712222, 62.270234 -45.714808, 62.334524 -45.717358, 62.398820 -45.719872, 62.463122 -45.722349, 62.527429 -45.724791, 62.591742 -45.727196, 62.656060 -45.729566, 62.720384 -45.731899, 62.784713 -45.734196, 62.849047 -45.736458, 62.913386 -45.738683, 62.977731 -45.740872, 63.042080 -45.743024, 63.106435 -45.745141, 63.170794 -45.747222, 63.235158 -45.749266, 63.299527 -45.751274, 63.363900 -45.753246, 63.428278 -45.755182, 63.492660 -45.757082, 63.557046 -45.758946, 63.621437 -45.760773, 63.685832 -45.762564, 63.750231 -45.764320, 63.814634 -45.766039, 63.879042 -45.767721, 63.943452 -45.769368, 64.007867 -45.770978, 64.072285 -45.772552, 64.136707 -45.774090, 64.201133 -45.775592, 64.265562 -45.777058, 64.329994 -45.778487, 64.394429 -45.779880, 64.458868 -45.781237, 64.523310 -45.782558, 64.587754 -45.783842, 64.652202 -45.785090, 64.716652 -45.786302, 64.781106 -45.787478, 64.845562 -45.788618, 64.910020 -45.789721, 64.974481 -45.790788, 65.038945 -45.791819, 65.103411 -45.792813, 65.167879 -45.793772, 65.232349 -45.794694, 65.296821 -45.795579, 65.361296 -45.796429, 65.425772 -45.797242, 65.490250 -45.798019, 65.554730 -45.798760, 65.619211 -45.799464, 65.683695 -45.800132, 65.748179 -45.800764, 65.812665 -45.801360, 65.877153 -45.801919, 65.941641 -45.802442, 66.006131 -45.802929, 66.070622 -45.803379, 66.135114 -45.803794, 66.199607 -45.804172, 66.264100 -45.804513, 66.328595 -45.804819, 66.393090 -45.805088, 66.457585 -45.805320, 66.522082 -45.805517, 66.586578 -45.805677, 66.651075 -45.805801, 66.715572 -45.805889, 66.780069 -45.805940, 66.844567 -45.805955, 66.909064 -45.805934, 66.973561 -45.805876, 67.038059 -45.805783, 67.102555 -45.805653, 67.167052 -45.805486, 67.231548 -45.805284, 67.296044 -45.805045, 67.360539 -45.804769, 67.425033 -45.804458, 67.489526 -45.804110, 67.554019 -45.803726, 67.618511 -45.803306, 67.683001 -45.802849, 67.747491 -45.802356, 67.811980 -45.801827, 67.876467 -45.801261, 67.940953 -45.800660, 68.005437 -45.800022, 68.069920 -45.799347, 68.134401 -45.798637, 68.198881 -45.797890, 68.263358 -45.797107, 68.327834 -45.796288, 68.392308 -45.795432, 68.456780 -45.794540, 68.521250 -45.793612, 68.585718 -45.792647, 68.650183 -45.791647, 68.714646 -45.790610, 68.779107 -45.789537, 68.843565 -45.788427, 68.908021 -45.787282, 68.972474 -45.786100, 69.036924 -45.784882, 69.101371 -45.783627, 69.165815 -45.782337, 69.230256 -45.781010, 69.294694 -45.779647, 69.359129 -45.778248, 69.423561 -45.776812, 69.487989 -45.775340, 69.552414 -45.773833, 69.616835 -45.772288, 69.681253 -45.770708, 69.745667 -45.769092, 69.810077 -45.767439, 69.874484 -45.765750, 69.938886 -45.764025, 70.003284 -45.762264, 70.067679 -45.760466, 70.132069 -45.758633, 70.196455 -45.756763, 70.260836 -45.754857, 70.325213 -45.752915, 70.389586 -45.750937, 70.453954 -45.748922, 70.518317 -45.746872, 70.582675 -45.744785, 70.647029 -45.742662, 70.711377 -45.740504, 70.775721 -45.738308, 70.840060 -45.736077, 70.904393 -45.733810, 70.968721 -45.731507, 71.033044 -45.729167, 71.097361 -45.726792, 71.161673 -45.724380, 71.225979 -45.721932, 71.290280 -45.719449, 71.354575 -45.716929, 71.418864 -45.714373, 71.483147 -45.711781, 71.547424 -45.709153, 71.611694 -45.706489, 71.675959 -45.703789, 71.740218 -45.701053, 71.804470 -45.698281, 71.868716 -45.695472, 71.932955 -45.692628, 71.997188 -45.689748, 72.061414 -45.686832, 72.125633 -45.683880, 72.189846 -45.680892, 72.254051 -45.677868, 72.318250 -45.674808, 72.382441 -45.671712, 72.446626 -45.668580, 72.510803 -45.665412, 72.574973 -45.662208, 72.639135 -45.658969, 72.703290 -45.655693, 72.767438 -45.652381, 72.831578 -45.649034, 72.895710 -45.645651, 72.959834 -45.642231, 73.023951 -45.638776, 73.088059 -45.635286, 73.152160 -45.631759, 73.216252 -45.628196, 73.280336 -45.624598, 73.344412 -45.620963, 73.408480 -45.617293, 73.472539 -45.613587, 73.536590 -45.609846, 73.600632 -45.606068, 73.664665 -45.602255, 73.728690 -45.598406, 73.792706 -45.594521, 73.856713 -45.590601, 73.920711 -45.586644, 73.984700 -45.582652, 74.048680 -45.578625, 74.112650 -45.574561, 74.176611 -45.570462, 74.240563 -45.566327, 74.304506 -45.562157, 74.368439 -45.557951, 74.432362 -45.553709, 74.496275 -45.549431, 74.560179 -45.545118, 74.624073 -45.540770, 74.687957 -45.536385, 74.751831 -45.531965, 74.815695 -45.527510, 74.879549 -45.523019, 74.943393 -45.518492, 75.007226 -45.513930, 75.071049 -45.509332, 75.134861 -45.504699, 75.198663 -45.500030, 75.262454 -45.495325, 75.326235 -45.490585, 75.390005 -45.485810, 75.453764 -45.480999, 75.517512 -45.476153, 75.581249 -45.471271, 75.644975 -45.466354, 75.708689 -45.461401, 75.772393 -45.456413, 75.836085 -45.451390, 75.899766 -45.446331, 75.963435 -45.441237, 76.027093 -45.436107, 76.090739 -45.430942, 76.154374 -45.425742, 76.217997 -45.420507, 76.281608 -45.415236, 76.345207 -45.409930, 76.408794 -45.404588, 76.472369 -45.399211, 76.535932 -45.393799, 76.599482 -45.388352, 76.663020 -45.382869, 76.726546 -45.377352, 76.790060 -45.371799, 76.853561 -45.366211, 76.917049 -45.360587, 76.980525 -45.354929, 77.043988 -45.349235, 77.107439 -45.343507, 77.170876 -45.337743, 77.234300 -45.331944, 77.297712 -45.326110, 77.361110 -45.320240, 77.424495 -45.314336, 77.487867 -45.308397, 77.551226 -45.302423, 77.614571 -45.296413, 77.677902 -45.290369, 77.741221 -45.284290, 77.804525 -45.278175, 77.867816 -45.272026, 77.931093 -45.265842, 77.994356 -45.259623, 78.057606 -45.253368, 78.120841 -45.247079, 78.184063 -45.240756, 78.247270 -45.234397, 78.310463 -45.228003, 78.373642 -45.221575, 78.436806 -45.215112, 78.499957 -45.208613, 78.563092 -45.202081, 78.626213 -45.195513, 78.689320 -45.188911, 78.752412 -45.182273, 78.815489 -45.175602, 78.878551 -45.168895, 78.941598 -45.162154, 79.004631 -45.155378, 79.067648 -45.148567, 79.130651 -45.141722, 79.193638 -45.134842, 79.256610 -45.127927, 79.319566 -45.120978, 79.382508 -45.113995, 79.445433 -45.106976, 79.508344 -45.099924, 79.571238 -45.092836, 79.634117 -45.085714, 79.696981 -45.078558, 79.759828 -45.071367, 79.822660 -45.064142, 79.885476 -45.056882, 79.948276 -45.049588, 80.011059 -45.042260, 80.073827 -45.034897, 80.136578 -45.027499, 80.199314 -45.020068, 80.262033 -45.012602, 80.324735 -45.005102, 80.387421 -44.997567, 80.450091 -44.989998, 80.512743 -44.982395, 80.575380 -44.974757, 80.637999 -44.967086, 80.700602 -44.959380, 80.763188 -44.951640, 80.825757 -44.943866, 80.888309 -44.936057, 80.950844 -44.928215, 81.013362 -44.920338, 81.075863 -44.912428, 81.138346 -44.904483, 81.200812 -44.896504, 81.263261 -44.888491, 81.325692 -44.880444, 81.388106 -44.872363, 81.450502 -44.864248, 81.512881 -44.856099, 81.575242 -44.847917, 81.637585 -44.839700, 81.699911 -44.831449, 81.762218 -44.823165, 81.824508 -44.814846, 81.886779 -44.806494, 81.949033 -44.798108, 82.011268 -44.789688, 82.073485 -44.781234, 82.135684 -44.772747, 82.197865 -44.764226, 82.260027 -44.755671, 82.322171 -44.747082, 82.384296 -44.738460, 82.446403 -44.729804, 82.508491 -44.721114, 82.570560 -44.712391, 82.632611 -44.703634, 82.694643 -44.694843, 82.756656 -44.686019, 82.818650 -44.677162, 82.880625 -44.668271, 82.942581 -44.659346, 83.004518 -44.650388, 83.066436 -44.641396, 83.128335 -44.632371, 83.190214 -44.623313, 83.252074 -44.614221, 83.313914 -44.605096, 83.375735 -44.595937, 83.437537 -44.586745, 83.499319 -44.577520, 83.561081 -44.568261, 83.622824 -44.558970, 83.684547 -44.549645, 83.746250 -44.540286, 83.807933 -44.530895, 83.869596 -44.521470, 83.931240 -44.512012, 83.992863 -44.502521, 84.054466 -44.492997, 84.116049 -44.483440, 84.177612 -44.473850, 84.239155 -44.464226, 84.300677 -44.454570, 84.362179 -44.444880, 84.423660 -44.435158, 84.485121 -44.425403, 84.546561 -44.415614, 84.607981 -44.405793, 84.669380 -44.395939, 84.730759 -44.386052, 84.792116 -44.376132, 84.853453 -44.366179, 84.914769 -44.356194, 84.976064 -44.346175, 85.037338 -44.336124, 85.098591 -44.326041, 85.159823 -44.315924, 85.221034 -44.305775, 85.282223 -44.295593, 85.343392 -44.285378, 85.404539 -44.275131, 85.465664 -44.264851, 85.526769 -44.254539, 85.587851 -44.244194, 85.648913 -44.233816, 85.709952 -44.223406, 85.770971 -44.212964, 85.831967 -44.202489, 85.892942 -44.191981, 85.953895 -44.181442, 86.014826 -44.170869, 86.075735 -44.160265, 86.136622 -44.149628, 86.197488 -44.138959, 86.258331 -44.128257, 86.319152 -44.117523, 86.379951 -44.106757, 86.440728 -44.095959, 86.501483 -44.085128, 86.562215 -44.074265, 86.622926 -44.063371, 86.683613 -44.052443, 86.744279 -44.041484, 86.804922 -44.030493, 86.865542 -44.019470, 86.926140 -44.008415, 86.986715 -43.997327, 87.047267 -43.986208, 87.107797 -43.975057, 87.168304 -43.963873, 87.228788 -43.952658, 87.289249 -43.941411, 87.349688 -43.930132, 87.410103 -43.918821, 87.470496 -43.907479, 87.530865 -43.896105, 87.591212 -43.884698, 87.651535 -43.873261, 87.711835 -43.861791, 87.772112 -43.850290, 87.832365 -43.838757, 87.892595 -43.827192, 87.952802 -43.815596, 88.012986 -43.803968, 88.073146 -43.792309, 88.133282 -43.780618, 88.193395 -43.768895, 88.253484 -43.757141, 88.313550 -43.745356, 88.373592 -43.733539, 88.433610 -43.721691, 88.493605 -43.709811, 88.553576 -43.697900, 88.613522 -43.685958, 88.673445 -43.673984, 88.733344 -43.661979, 88.793220 -43.649943, 88.853071 -43.637875, 88.912898 -43.625777, 88.972700 -43.613647, 89.032479 -43.601486, 89.092234 -43.589294, 89.151964 -43.577070, 89.211670 -43.564816, 89.271352 -43.552531, 89.331009 -43.540214, 89.390642 -43.527867, 89.450250 -43.515488, 89.509834 -43.503079, 89.569394 -43.490639, 89.628929 -43.478168, 89.688439 -43.465665, 89.747925 -43.453133, 89.807386 -43.440569, 89.866822 -43.427974, 89.926234 -43.415349, 89.985620 -43.402693, 90.044982 -43.390006, 90.104319 -43.377289, 90.163631 -43.364541, 90.222918 -43.351762, 90.282181 -43.338952, 90.341418 -43.326112, 90.400630 -43.313242, 90.459817 -43.300341, 90.518979 -43.287409, 90.578115 -43.274447, 90.637227 -43.261455, 90.696313 -43.248432, 90.755374 -43.235379, 90.814409 -43.222295, 90.873419 -43.209181, 90.932404 -43.196037, 90.991364 -43.182862, 91.050297 -43.169657, 91.109206 -43.156422, 91.168089 -43.143157, 91.226946 -43.129861, 91.285778 -43.116536, 91.344584 -43.103180, 91.403364 -43.089794, 91.462118 -43.076378, 91.520847 -43.062932, 91.579550 -43.049456, 91.638228 -43.035950, 91.696879 -43.022414, 91.755505 -43.008848, 91.814104 -42.995252, 91.872678 -42.981627, 91.931225 -42.967971, 91.989747 -42.954286, 92.048243 -42.940571, 92.106712 -42.926826, 92.165156 -42.913051, 92.223573 -42.899247, 92.281964 -42.885413, 92.340329 -42.871549, 92.398667 -42.857656, 92.456980 -42.843733, 92.515266 -42.829780, 92.573525 -42.815798, 92.631759 -42.801786, 92.689966 -42.787745, 92.748146 -42.773675, 92.806300 -42.759575, 92.864428 -42.745445, 92.922529 -42.731287, 92.980603 -42.717098, 93.038651 -42.702881, 93.096673 -42.688634, 93.154667 -42.674358, 93.212635 -42.660053, 93.270576 -42.645718, 93.328491 -42.631355, 93.386379 -42.616962, 93.444240 -42.602540, 93.502074 -42.588089, 93.559882 -42.573609, 93.617662 -42.559100, 93.675416 -42.544561, 93.733143 -42.529994, 93.790842 -42.515398, 93.848515 -42.500773, 93.906161 -42.486119, 93.963780 -42.471436, 94.021371 -42.456724, 94.078936 -42.441984, 94.136474 -42.427215, 94.193984 -42.412417, 94.251467 -42.397590, 94.308923 -42.382734, 94.366352 -42.367850, 94.423754 -42.352937, 94.481128 -42.337996, 94.538475 -42.323026, 94.595795 -42.308027, 94.653088 -42.293000, 94.710353 -42.277945, 94.767590 -42.262861, 94.824801 -42.247748, 94.881983 -42.232607, 94.939139 -42.217438, 94.996267 -42.202240, 95.053367 -42.187014, 95.110440 -42.171760, 95.167485 -42.156477, 95.224503 -42.141166, 95.281493 -42.125827, 95.338456 -42.110460, 95.395391 -42.095065, 95.452298 -42.079641, 95.509178 -42.064189, 95.566030 -42.048710, 95.622854 -42.033202, 95.679650 -42.017666, 95.736419 -42.002102, 95.793160 -41.986511, 95.849873 -41.970891, 95.906558 -41.955243, 95.963215 -41.939568, 96.019845 -41.923865, 96.076447 -41.908134, 96.133020 -41.892375, 96.189566 -41.876588, 96.246084 -41.860774, 96.302574 -41.844932, 96.359036 -41.829062, 96.415469 -41.813165, 96.471875 -41.797240, 96.528253 -41.781288, 96.584603 -41.765308, 96.640924 -41.749300, 96.697218 -41.733265, 96.753483 -41.717203, 96.809720 -41.701113, 96.865929 -41.684995, 96.922110 -41.668851, 96.978263 -41.652679, 97.034387 -41.636479, 97.090484 -41.620252, 97.146552 -41.603999, 97.202591 -41.587717, 97.258603 -41.571409, 97.314586 -41.555074, 97.370541 -41.538711, 97.426467 -41.522321, 97.482366 -41.505904, 97.538235 -41.489460, 97.594077 -41.472990, 97.649890 -41.456492, 97.705674 -41.439967, 97.761431 -41.423415, 97.817158 -41.406836, 97.872858 -41.390231, 97.928529 -41.373598, 97.984171 -41.356939, 98.039785 -41.340253, 98.095370 -41.323540, 98.150927 -41.306801, 98.206455 -41.290035, 98.261955 -41.273242, 98.317426 -41.256422, 98.372869 -41.239576, 98.428283 -41.222703, 98.483668 -41.205804, 98.539025 -41.188878, 98.594353 -41.171926, 98.649652 -41.154947, 98.704923 -41.137942, 98.760165 -41.120911, 98.815379 -41.103853, 98.870563 -41.086768, 98.925719 -41.069658, 98.980847 -41.052521, 99.035945 -41.035358, 99.091015 -41.018168, 99.146056 -41.000953, 99.201068 -40.983711, 99.256052 -40.966443, 99.311007 -40.949149, 99.365933 -40.931829, 99.420830 -40.914483, 99.475698 -40.897111, 99.530537 -40.879713, 99.585348 -40.862289, 99.640130 -40.844839, 99.694883 -40.827363, 99.749607 -40.809861, 99.804302 -40.792333, 99.858968 -40.774780, 99.913606 -40.757201, 99.968214 -40.739596, 100.022794 -40.721965, 100.077344 -40.704309, 100.131866 -40.686627, 100.186359 -40.668919, 100.240822 -40.651186, 100.295257 -40.633427, 100.349663 -40.615643, 100.404040 -40.597833, 100.458388 -40.579997, 100.512707 -40.562137, 100.566996 -40.544250, 100.621257 -40.526339, 100.675489 -40.508402, 100.729692 -40.490439, 100.783866 -40.472451, 100.838011 -40.454439, 100.892126 -40.436400, 100.946213 -40.418337, 101.000271 -40.400248, 101.054299 -40.382134, 101.108299 -40.363996, 101.162269 -40.345832, 101.216210 -40.327642, 101.270123 -40.309428, 101.324006 -40.291189, 101.377860 -40.272925, 101.431685 -40.254636, 101.485481 -40.236322, 101.539247 -40.217983, 101.592985 -40.199619, 101.646694 -40.181231, 101.700373 -40.162817, 101.754023 -40.144379, 101.807644 -40.125916, 101.861236 -40.107429, 101.914799 -40.088916, 101.968333 -40.070380, 102.021837 -40.051818, 102.075313 -40.033232, 102.128759 -40.014621, 102.182176 -39.995986, 102.235564 -39.977326, 102.288923 -39.958642, 102.342252 -39.939933, 102.395553 -39.921200, 102.448824 -39.902442, 102.502066 -39.883660, 102.555279 -39.864854, 102.608463 -39.846024, 102.661617 -39.827169, 102.714742 -39.808290, 102.767839 -39.789386, 102.820905 -39.770459, 102.873943 -39.751507, 102.926952 -39.732532, 102.979931 -39.713532, 103.032881 -39.694508, 103.085802 -39.675460, 103.138694 -39.656388, 103.191557 -39.637292, 103.244390 -39.618172, 103.297194 -39.599029, 103.349969 -39.579861, 103.402715 -39.560670, 103.455431 -39.541454, 103.508119 -39.522215, 103.560777 -39.502952, 103.613406 -39.483666, 103.666006 -39.464355, 103.718576 -39.445021, 103.771118 -39.425664, 103.823630 -39.406282, 103.876113 -39.386877, 103.928567 -39.367449, 103.980991 -39.347997, 104.033387 -39.328521, 104.085753 -39.309022, 104.138090 -39.289500, 104.190398 -39.269954, 104.242676 -39.250385, 104.294926 -39.230792, 104.347146 -39.211176, 104.399337 -39.191537, 104.451499 -39.171875, 104.503631 -39.152189, 104.555735 -39.132480, 104.607809 -39.112748, 104.659855 -39.092992, 104.711871 -39.073214, 104.763857 -39.053413, 104.815815 -39.033588, 104.867744 -39.013740, 104.919643 -38.993870, 104.971513 -38.973976, 105.023354 -38.954060, 105.075166 -38.934120, 105.126949 -38.914158, 105.178703 -38.894173, 105.230427 -38.874165, 105.282122 -38.854134, 105.333789 -38.834080, 105.385426 -38.814004, 105.437034 -38.793905, 105.488613 -38.773783, 105.540162 -38.753639, 105.591683 -38.733471, 105.643175 -38.713282, 105.694637 -38.693070, 105.746071 -38.672835, 105.797475 -38.652578, 105.848850 -38.632298, 105.900196 -38.611996, 105.951513 -38.591671, 106.002801 -38.571324, 106.054060 -38.550955, 106.105290 -38.530563, 106.156491 -38.510149, 106.207663 -38.489712, 106.258806 -38.469254, 106.309920 -38.448773, 106.361004 -38.428270, 106.412060 -38.407745, 106.463087 -38.387198, 106.514085 -38.366628, 106.565053 -38.346037, 106.615993 -38.325423, 106.666904 -38.304788, 106.717786 -38.284130, 106.768638 -38.263451, 106.819462 -38.242749, 106.870257 -38.222026, 106.921023 -38.201281, 106.971760 -38.180514, 107.022468 -38.159725, 107.073147 -38.138914, 107.123798 -38.118082, 107.174419 -38.097227, 107.225012 -38.076352, 107.275575 -38.055454, 107.326110 -38.034535, 107.376616 -38.013594, 107.427093 -37.992632, 107.477541 -37.971648, 107.527960 -37.950642, 107.578350 -37.929615, 107.628712 -37.908567, 107.679045 -37.887497, 107.729349 -37.866406, 107.779624 -37.845293, 107.829870 -37.824159, 107.880088 -37.803003, 107.930277 -37.781827, 107.980437 -37.760629, 108.030568 -37.739409, 108.080670 -37.718169, 108.130744 -37.696907, 108.180789 -37.675624, 108.230806 -37.654321, 108.280793 -37.632996, 108.330752 -37.611649, 108.380682 -37.590282, 108.430584 -37.568894, 108.480457 -37.547485, 108.530301 -37.526055, 108.580117 -37.504604, 108.629904 -37.483132, 108.679662 -37.461639, 108.729392 -37.440125, 108.779093 -37.418590, 108.828766 -37.397035, 108.878410 -37.375459, 108.928025 -37.353862, 108.977612 -37.332245, 109.027170 -37.310606, 109.076700 -37.288948, 109.126201 -37.267268, 109.175674 -37.245568, 109.225118 -37.223847, 109.274534 -37.202106, 109.323922 -37.180344, 109.373280 -37.158562, 109.422611 -37.136759, 109.471913 -37.114936, 109.521186 -37.093093, 109.570431 -37.071229, 109.619648 -37.049345, 109.668837 -37.027440, 109.717996 -37.005515, 109.767128 -36.983570, 109.816231 -36.961605, 109.865306 -36.939619, 109.914353 -36.917614, 109.963371 -36.895588, 110.012361 -36.873542, 110.061323 -36.851476, 110.110256 -36.829390, 110.159161 -36.807283, 110.208038 -36.785157, 110.256887 -36.763011, 110.305708 -36.740845, 110.354500 -36.718659, 110.403264 -36.696453, 110.452000 -36.674227, 110.500708 -36.651981, 110.549387 -36.629716, 110.598039 -36.607430, 110.646662 -36.585125, 110.695257 -36.562801, 110.743825 -36.540456, 110.792364 -36.518092, 110.840875 -36.495708, 110.889358 -36.473304, 110.937813 -36.450881, 110.986240 -36.428439, 111.034639 -36.405977, 111.083009 -36.383495, 111.131352 -36.360994, 111.179667 -36.338473, 111.227955 -36.315933, 111.276214 -36.293373, 111.324445 -36.270794, 111.372648 -36.248196, 111.420824 -36.225579, 111.468971 -36.202942, 111.517091 -36.180286, 111.565183 -36.157610, 111.613247 -36.134916, 111.661283 -36.112202, 111.709292 -36.089469, 111.757272 -36.066717, 111.805225 -36.043945, 111.853151 -36.021155, 111.901048 -35.998346, 111.948918 -35.975517, 111.996760 -35.952670, 112.044574 -35.929804, 112.092361 -35.906918, 112.140120 -35.884014, 112.187852 -35.861091, 112.235555 -35.838149, 112.283232 -35.815188, 112.330880 -35.792209, 112.378502 -35.769210, 112.426095 -35.746193, 112.473661 -35.723157, 112.521200 -35.700102, 112.568711 -35.677029, 112.616194 -35.653937, 112.663650 -35.630826, 112.711079 -35.607697, 112.758480 -35.584549, 112.805854 -35.561383, 112.853201 -35.538198, 112.900520 -35.514995, 112.947811 -35.491773, 112.995076 -35.468533, 113.042313 -35.445274, 113.089523 -35.421997, 113.136705 -35.398702, 113.183860 -35.375388, 113.230988 -35.352056, 113.278089 -35.328706, 113.325162 -35.305337, 113.372209 -35.281950, 113.419228 -35.258545, 113.466220 -35.235122, 113.513185 -35.211681, 113.560122 -35.188221, 113.607033 -35.164744, 113.653916 -35.141248, 113.700773 -35.117734, 113.747602 -35.094203, 113.794405 -35.070653, 113.841180 -35.047085, 113.887928 -35.023499, 113.934650 -34.999896, 113.981344 -34.976274, 114.028012 -34.952635, 114.074652 -34.928978, 114.121266 -34.905303, 114.167853 -34.881610, 114.214413 -34.857900, 114.260946 -34.834172, 114.307452 -34.810426, 114.353931 -34.786662, 114.400384 -34.762881, 114.446810 -34.739082, 114.493209 -34.715265, 114.539582 -34.691431, 114.585927 -34.667580, 114.632246 -34.643710, 114.678539 -34.619824, 114.724805 -34.595920, 114.771044 -34.571998, 114.817256 -34.548059, 114.863442 -34.524103, 114.909601 -34.500129, 114.955734 -34.476138, 115.001840 -34.452129, 115.047920 -34.428103, 115.093973 -34.404060, 115.140000 -34.380000, 115.186118 -34.403738, 115.232262 -34.427460, 115.278432 -34.451163, 115.324628 -34.474850, 115.370851 -34.498519, 115.417100 -34.522171, 115.463375 -34.545805, 115.509676 -34.569422, 115.556004 -34.593021, 115.602358 -34.616603, 115.648738 -34.640167, 115.695145 -34.663713, 115.741578 -34.687242, 115.788038 -34.710754, 115.834524 -34.734248, 115.881036 -34.757724, 115.927575 -34.781182, 115.974140 -34.804623, 116.020732 -34.828046, 116.067350 -34.851451, 116.113994 -34.874838, 116.160666 -34.898208, 116.207364 -34.921559, 116.254088 -34.944893, 116.300839 -34.968209, 116.347617 -34.991507, 116.394421 -35.014787, 116.441252 -35.038049, 116.488109 -35.061293, 116.534993 -35.084519, 116.581904 -35.107727, 116.628842 -35.130917, 116.675806 -35.154089, 116.722797 -35.177243, 116.769815 -35.200378, 116.816860 -35.223495, 116.863931 -35.246595, 116.911029 -35.269675, 116.958155 -35.292738, 117.005306 -35.315782, 117.052485 -35.338808, 117.099691 -35.361816, 117.146924 -35.384805, 117.194183 -35.407776, 117.241470 -35.430729, 117.288783 -35.453663, 117.336123 -35.476578, 117.383491 -35.499475, 117.430885 -35.522354, 117.478306 -35.545214, 117.525755 -35.568055, 117.573230 -35.590878, 117.620733 -35.613682, 117.668262 -35.636468, 117.715819 -35.659235, 117.763403 -35.681983, 117.811014 -35.704712, 117.858652 -35.727423, 117.906317 -35.750115, 117.954010 -35.772788, 118.001729 -35.795442, 118.049476 -35.818077, 118.097250 -35.840694, 118.145051 -35.863291, 118.192880 -35.885870, 118.240736 -35.908430, 118.288619 -35.930970, 118.336529 -35.953492, 118.384467 -35.975994, 118.432432 -35.998478, 118.480424 -36.020942, 118.528444 -36.043387, 118.576491 -36.065813, 118.624566 -36.088220, 118.672668 -36.110608, 118.720797 -36.132976, 118.768954 -36.155326, 118.817138 -36.177655, 118.865349 -36.199966, 118.913589 -36.222257, 118.961855 -36.244529, 119.010149 -36.266781, 119.058471 -36.289014, 119.106820 -36.311228, 119.155197 -36.333422, 119.203601 -36.355597, 119.252033 -36.377752, 119.300493 -36.399887, 119.348980 -36.422003, 119.397494 -36.444099, 119.446037 -36.466176, 119.494607 -36.488233, 119.543204 -36.510270, 119.591829 -36.532288, 119.640482 -36.554286, 119.689163 -36.576264, 119.737871 -36.598222, 119.786607 -36.620160, 119.835371 -36.642079, 119.884163 -36.663977, 119.932982 -36.685856, 119.981829 -36.707715, 120.030704 -36.729554, 120.079607 -36.751373, 120.128537 -36.773171, 120.177495 -36.794950, 120.226482 -36.816709, 120.275495 -36.838447, 120.324537 -36.860166, 120.373607 -36.881864, 120.422705 -36.903542, 120.471830 -36.925200, 120.520983 -36.946838, 120.570165 -36.968455, 120.619374 -36.990052, 120.668611 -37.011629, 120.717876 -37.033186, 120.767169 -37.054722, 120.816490 -37.076237, 120.865839 -37.097732, 120.915216 -37.119207, 120.964621 -37.140661, 121.014054 -37.162095, 121.063516 -37.183508, 121.113005 -37.204901, 121.162522 -37.226273, 121.212067 -37.247624, 121.261640 -37.268955, 121.311242 -37.290265, 121.360871 -37.311555, 121.410529 -37.332823, 121.460214 -37.354071, 121.509928 -37.375298, 121.559670 -37.396504, 121.609440 -37.417690, 121.659239 -37.438854, 121.709065 -37.459998, 121.758920 -37.481120, 121.808802 -37.502222, 121.858713 -37.523303, 121.908652 -37.544363, 121.958620 -37.565401, 122.008615 -37.586419, 122.058639 -37.607415, 122.108691 -37.628391, 122.158771 -37.649345, 122.208880 -37.670278, 122.259017 -37.691190, 122.309182 -37.712081, 122.359375 -37.732950, 122.409597 -37.753798, 122.459847 -37.774625, 122.510125 -37.795430, 122.560432 -37.816214, 122.610766 -37.836977, 122.661130 -37.857718, 122.711521 -37.878437, 122.761941 -37.899136, 122.812389 -37.919812, 122.862866 -37.940467, 122.913371 -37.961101, 122.963904 -37.981713, 123.014466 -38.002303, 123.065056 -38.022872, 123.115674 -38.043419, 123.166321 -38.063944, 123.216996 -38.084448, 123.267700 -38.104929, 123.318432 -38.125389, 123.369193 -38.145827, 123.419982 -38.166244, 123.470799 -38.186638, 123.521645 -38.207010, 123.572520 -38.227361, 123.623422 -38.247690, 123.674354 -38.267996, 123.725313 -38.288281, 123.776302 -38.308543, 123.827318 -38.328783, 123.878363 -38.349002, 123.929437 -38.369198, 123.980539 -38.389372, 124.031670 -38.409524, 124.082829 -38.429653, 124.134017 -38.449760, 124.185233 -38.469845, 124.236478 -38.489908, 124.287751 -38.509948, 124.339053 -38.529966, 124.390383 -38.549962, 124.441742 -38.569935, 124.493129 -38.589886, 124.544545 -38.609814, 124.595990 -38.629720, 124.647463 -38.649603, 124.698965 -38.669463, 124.750495 -38.689301, 124.802054 -38.709117, 124.853641 -38.728910, 124.905257 -38.748680, 124.956902 -38.768427, 125.008575 -38.788152, 125.060276 -38.807853, 125.112007 -38.827532, 125.163765 -38.847189, 125.215553 -38.866822, 125.267369 -38.886432, 125.319214 -38.906020, 125.371087 -38.925585, 125.422989 -38.945126, 125.474919 -38.964645, 125.526878 -38.984141, 125.578866 -39.003613, 125.630882 -39.023063, 125.682927 -39.042489, 125.735000 -39.061892, 125.787102 -39.081272, 125.839233 -39.100629, 125.891393 -39.119963, 125.943581 -39.139273, 125.995797 -39.158560, 126.048042 -39.177824, 126.100316 -39.197064, 126.152619 -39.216282, 126.204950 -39.235475, 126.257309 -39.254645, 126.309698 -39.273792, 126.362115 -39.292915, 126.414560 -39.312015, 126.467034 -39.331092, 126.519537 -39.350144, 126.572068 -39.369173, 126.624628 -39.388179, 126.677217 -39.407160, 126.729834 -39.426119, 126.782480 -39.445053, 126.835155 -39.463963, 126.887858 -39.482850, 126.940590 -39.501713, 126.993350 -39.520553, 127.046139 -39.539368, 127.098957 -39.558159, 127.151803 -39.576927, 127.204677 -39.595670, 127.257581 -39.614390, 127.310513 -39.633086, 127.363473 -39.651757, 127.416463 -39.670405, 127.469480 -39.689028, 127.522527 -39.707627, 127.575602 -39.726203, 127.628705 -39.744754, 127.681837 -39.763280, 127.734998 -39.781783, 127.788187 -39.800261, 127.841405 -39.818715, 127.894652 -39.837145, 127.947927 -39.855550, 128.001230 -39.873931, 128.054562 -39.892287, 128.107923 -39.910619, 128.161312 -39.928927, 128.214730 -39.947210, 128.268176 -39.965468, 128.321651 -39.983702, 128.375155 -40.001912, 128.428687 -40.020096, 128.482247 -40.038257, 128.535836 -40.056392, 128.589453 -40.074503, 128.643099 -40.092589, 128.696774 -40.110650, 128.750477 -40.128687, 128.804208 -40.146698, 128.857968 -40.164685, 128.911756 -40.182647, 128.965573 -40.200584, 129.019419 -40.218496, 129.073292 -40.236383, 129.127195 -40.254245, 129.181125 -40.272083, 129.235085 -40.289895, 129.289072 -40.307682, 129.343088 -40.325443, 129.397132 -40.343180, 129.451205 -40.360892, 129.505306 -40.378578, 129.559436 -40.396239, 129.613594 -40.413875, 129.667780 -40.431486, 129.721995 -40.449071, 129.776238 -40.466631, 129.830509 -40.484166, 129.884809 -40.501675, 129.939137 -40.519159, 129.993494 -40.536617, 130.047879 -40.554050, 130.102292 -40.571457, 130.156733 -40.588839, 130.211203 -40.606195, 130.265700 -40.623526, 130.320227 -40.640831, 130.374781 -40.658110, 130.429364 -40.675364, 130.483975 -40.692592, 130.538614 -40.709794, 130.593281 -40.726970, 130.647977 -40.744121, 130.702700 -40.761246, 130.757452 -40.778345, 130.812232 -40.795418, 130.867041 -40.812465, 130.921877 -40.829486, 130.976742 -40.846481, 131.031634 -40.863450, 131.086555 -40.880393, 131.141504 -40.897310, 131.196481 -40.914201, 131.251486 -40.931066, 131.306519 -40.947905, 131.361580 -40.964717, 131.416670 -40.981504, 131.471787 -40.998264, 131.526932 -41.014997, 131.582106 -41.031705, 131.637307 -41.048386, 131.692536 -41.065041, 131.747793 -41.081669, 131.803078 -41.098272, 131.858391 -41.114847, 131.913732 -41.131396, 131.969101 -41.147919, 132.024498 -41.164415, 132.079923 -41.180885, 132.135375 -41.197328, 132.190856 -41.213744, 132.246364 -41.230134, 132.301900 -41.246497, 132.357464 -41.262833, 132.413055 -41.279143, 132.468675 -41.295426, 132.524322 -41.311682, 132.579997 -41.327911, 132.635699 -41.344113, 132.691429 -41.360289, 132.747187 -41.376438, 132.802973 -41.392559, 132.858786 -41.408654, 132.914627 -41.424722, 132.970496 -41.440763, 133.026392 -41.456777, 133.082316 -41.472763, 133.138267 -41.488723, 133.194246 -41.504655, 133.250252 -41.520561, 133.306286 -41.536439, 133.362347 -41.552290, 133.418436 -41.568113, 133.474553 -41.583910, 133.530696 -41.599679, 133.586867 -41.615420, 133.643066 -41.631135, 133.699292 -41.646822, 133.755545 -41.662481, 133.811826 -41.678114, 133.868134 -41.693718, 133.924469 -41.709295, 133.980832 -41.724845, 134.037222 -41.740367, 134.093639 -41.755862, 134.150083 -41.771329, 134.206555 -41.786768, 134.263053 -41.802180, 134.319579 -41.817564, 134.376132 -41.832920, 134.432712 -41.848248, 134.489319 -41.863549, 134.545954 -41.878822, 134.602615 -41.894067, 134.659303 -41.909284, 134.716019 -41.924473, 134.772761 -41.939634, 134.829530 -41.954768, 134.886327 -41.969873, 134.943150 -41.984951, 135.000000 -42.000000, 135.059575 -41.993396, 135.119137 -41.986762, 135.178687 -41.980097, 135.238224 -41.973401, 135.297749 -41.966674, 135.357261 -41.959917, 135.416761 -41.953129, 135.476247 -41.946310, 135.535722 -41.939460, 135.595183 -41.932580, 135.654631 -41.925669, 135.714067 -41.918728, 135.773489 -41.911756, 135.832899 -41.904753, 135.892295 -41.897719, 135.951679 -41.890655, 136.011049 -41.883561, 136.070406 -41.876435, 136.129750 -41.869280, 136.189080 -41.862093, 136.248397 -41.854876, 136.307701 -41.847629, 136.366991 -41.840351, 136.426268 -41.833043, 136.485531 -41.825704, 136.544780 -41.818335, 136.604016 -41.810935, 136.663238 -41.803505, 136.722447 -41.796045, 136.781641 -41.788554, 136.840822 -41.781032, 136.899989 -41.773481, 136.959142 -41.765899, 137.018281 -41.758286, 137.077405 -41.750644, 137.136516 -41.742971, 137.195612 -41.735268, 137.254695 -41.727534, 137.313763 -41.719770, 137.372817 -41.711976, 137.431856 -41.704152, 137.490881 -41.696298, 137.549892 -41.688413, 137.608888 -41.680498, 137.667869 -41.672553, 137.726836 -41.664578, 137.785789 -41.656573, 137.844726 -41.648537, 137.903649 -41.640472, 137.962557 -41.632376, 138.021451 -41.624251, 138.080329 -41.616095, 138.139193 -41.607909, 138.198041 -41.599694, 138.256875 -41.591448, 138.315693 -41.583172, 138.374497 -41.574866, 138.433285 -41.566531, 138.492058 -41.558165, 138.550816 -41.549770, 138.609558 -41.541344, 138.668286 -41.532889, 138.726997 -41.524404, 138.785694 -41.515889, 138.844375 -41.507344, 138.903040 -41.498769, 138.961690 -41.490165, 139.020324 -41.481531, 139.078943 -41.472867, 139.137546 -41.464173, 139.196133 -41.455449, 139.254704 -41.446696, 139.313260 -41.437913, 139.371800 -41.429101, 139.430324 -41.420258, 139.488831 -41.411387, 139.547323 -41.402485, 139.605799 -41.393554, 139.664259 -41.384593, 139.722702 -41.375603, 139.781129 -41.366583, 139.839541 -41.357533, 139.897935 -41.348454, 139.956314 -41.339346, 140.014676 -41.330208, 140.073022 -41.321041, 140.131351 -41.311844, 140.189664 -41.302617, 140.247961 -41.293362, 140.306240 -41.284077, 140.364504 -41.274762, 140.422750 -41.265418, 140.480980 -41.256045, 140.539193 -41.246642, 140.597389 -41.237211, 140.655569 -41.227749, 140.713732 -41.218259, 140.771877 -41.208739, 140.830006 -41.199190, 140.888118 -41.189612, 140.946213 -41.180005, 141.004290 -41.170368, 141.062351 -41.160703, 141.120395 -41.151008, 141.178421 -41.141284, 141.236430 -41.131531, 141.294422 -41.121749, 141.352396 -41.111937, 141.410353 -41.102097, 141.468293 -41.092228, 141.526215 -41.082329, 141.584120 -41.072402, 141.642007 -41.062446, 141.699877 -41.052460, 141.757729 -41.042446, 141.815564 -41.032403, 141.873381 -41.022331, 141.931180 -41.012230, 141.988961 -41.002100, 142.046725 -40.991942, 142.104471 -40.981754, 142.162199 -40.971538, 142.219909 -40.961293, 142.277601 -40.951019, 142.335275 -40.940717, 142.392931 -40.930385, 142.450569 -40.920025, 142.508189 -40.909637, 142.565791 -40.899219, 142.623375 -40.888773, 142.680940 -40.878299, 142.738487 -40.867796, 142.796016 -40.857264, 142.853527 -40.846703, 142.911019 -40.836114, 142.968493 -40.825497, 143.025949 -40.814851, 143.083386 -40.804176, 143.140804 -40.793474, 143.198204 -40.782742, 143.255586 -40.771982, 143.312949 -40.761194, 143.370293 -40.750377, 143.427618 -40.739532, 143.484925 -40.728659, 143.542213 -40.717757, 143.599482 -40.706827, 143.656733 -40.695869, 143.713964 -40.684883, 143.771177 -40.673868, 143.828371 -40.662825, 143.885546 -40.651753, 143.942701 -40.640654, 143.999838 -40.629526, 144.056956 -40.618371, 144.114054 -40.607187, 144.171134 -40.595975, 144.228194 -40.584735, 144.285235 -40.573466, 144.342257 -40.562170, 144.399260 -40.550846, 144.456243 -40.539494, 144.513207 -40.528114, 144.570152 -40.516705, 144.627077 -40.505269, 144.683983 -40.493805, 144.740869 -40.482313, 144.797736 -40.470793, 144.854583 -40.459246, 144.911411 -40.447670, 144.968219 -40.436067, 145.025008 -40.424436, 145.081777 -40.412777, 145.138526 -40.401090, 145.195255 -40.389376, 145.251965 -40.377634, 145.308655 -40.365864, 145.365325 -40.354066, 145.421975 -40.342241, 145.478605 -40.330389, 145.535216 -40.318508, 145.591806 -40.306600, 145.648377 -40.294665, 145.704927 -40.282702, 145.761458 -40.270711, 145.817968 -40.258693, 145.874459 -40.246648, 145.930929 -40.234575, 145.987379 -40.222474, 146.043809 -40.210346, 146.100219 -40.198191, 146.156608 -40.186009, 146.212977 -40.173799, 146.269326 -40.161561, 146.325654 -40.149297, 146.381963 -40.137005, 146.438250 -40.124686, 146.494518 -40.112339, 146.550764 -40.099966, 146.606991 -40.087565, 146.663197 -40.075137, 146.719382 -40.062682, 146.775547 -40.050200, 146.831691 -40.037690, 146.887815 -40.025154, 146.943918 -40.012591, 147.000000 -40.000000, 147.049552 -39.976734, 147.099070 -39.953446, 147.148555 -39.930138, 147.198005 -39.906808, 147.247422 -39.883457, 147.296806 -39.860086, 147.346156 -39.836693, 147.395472 -39.813280, 147.444754 -39.789846, 147.494003 -39.766391, 147.543219 -39.742915, 147.592400 -39.719418, 147.641549 -39.695901, 147.690664 -39.672363, 147.739745 -39.648804, 147.788793 -39.625225, 147.837808 -39.601625, 147.886789 -39.578004, 147.935736 -39.554363, 147.984651 -39.530702, 148.033532 -39.507020, 148.082379 -39.483317, 148.131194 -39.459594, 148.179975 -39.435851, 148.228723 -39.412087, 148.277437 -39.388303, 148.326119 -39.364498, 148.374767 -39.340674, 148.423382 -39.316829, 148.471964 -39.292964, 148.520513 -39.269079, 148.569028 -39.245173, 148.617511 -39.221248, 148.665961 -39.197302, 148.714377 -39.173336, 148.762761 -39.149351, 148.811111 -39.125345, 148.859429 -39.101319, 148.907713 -39.077274, 148.955965 -39.053208, 149.004184 -39.029123, 149.052370 -39.005018, 149.100523 -38.980893, 149.148644 -38.956748, 149.196731 -38.932584, 149.244786 -38.908400, 149.292808 -38.884196, 149.340797 -38.859972, 149.388754 -38.835729, 149.436678 -38.811466, 149.484569 -38.787184, 149.532428 -38.762882, 149.580254 -38.738561, 149.628047 -38.714220, 149.675808 -38.689860, 149.723537 -38.665480, 149.771232 -38.641081, 149.818896 -38.616662, 149.866527 -38.592225, 149.914125 -38.567768, 149.961692 -38.543291, 150.009225 -38.518796, 150.056727 -38.494281, 150.104196 -38.469747, 150.151633 -38.445194, 150.199037 -38.420622, 150.246409 -38.396031, 150.293749 -38.371421, 150.341057 -38.346791, 150.388333 -38.322143, 150.435576 -38.297476, 150.482788 -38.272789, 150.529967 -38.248084, 150.577114 -38.223360, 150.624229 -38.198618, 150.671313 -38.173856, 150.718364 -38.149075, 150.765383 -38.124276, 150.812370 -38.099458, 150.859325 -38.074622, 150.906249 -38.049766, 150.953140 -38.024893, 151.000000 -38.000000, 151.024322 -37.959501, 151.048616 -37.918996, 151.072885 -37.878487, 151.097126 -37.837972, 151.121341 -37.797453, 151.145529 -37.756928, 151.169691 -37.716399, 151.193826 -37.675865, 151.217935 -37.635326, 151.242018 -37.594782, 151.266074 -37.554233, 151.290104 -37.513679, 151.314108 -37.473120, 151.338087 -37.432557, 151.362039 -37.391988, 151.385965 -37.351415, 151.409865 -37.310837, 151.433740 -37.270255, 151.457589 -37.229667, 151.481412 -37.189075, 151.505210 -37.148477, 151.528982 -37.107876, 151.552728 -37.067269, 151.576450 -37.026658, 151.600145 -36.986042, 151.623816 -36.945421, 151.647461 -36.904795, 151.671081 -36.864165, 151.694676 -36.823530, 151.718246 -36.782891, 151.741791 -36.742247, 151.765312 -36.701598, 151.788807 -36.660945, 151.812277 -36.620287, 151.835723 -36.579624, 151.859144 -36.538957, 151.882540 -36.498285, 151.905912 -36.457609, 151.929259 -36.416928, 151.952582 -36.376243, 151.975881 -36.335553, 151.999155 -36.294859, 152.022404 -36.254160, 152.045630 -36.213456, 152.068832 -36.172748, 152.092009 -36.132036, 152.115162 -36.091319, 152.138292 -36.050598, 152.161397 -36.009872, 152.184479 -35.969142, 152.207537 -35.928407, 152.230571 -35.887668, 152.253581 -35.846925, 152.276568 -35.806177, 152.299531 -35.765425, 152.322471 -35.724669, 152.345387 -35.683908, 152.368279 -35.643143, 152.391149 -35.602373, 152.413995 -35.561599, 152.436818 -35.520821, 152.459618 -35.480039, 152.482394 -35.439252, 152.505148 -35.398461, 152.527878 -35.357666, 152.550586 -35.316866, 152.573270 -35.276063, 152.595932 -35.235255, 152.618571 -35.194442, 152.641187 -35.153626, 152.663781 -35.112805, 152.686352 -35.071981, 152.708900 -35.031152, 152.731426 -34.990319, 152.753930 -34.949481, 152.776411 -34.908640, 152.798869 -34.867794, 152.821306 -34.826945, 152.843720 -34.786091, 152.866112 -34.745233, 152.888481 -34.704371, 152.910829 -34.663505, 152.933155 -34.622635, 152.955458 -34.581761, 152.977740 -34.540882, 153.000000 -34.500000, 152.949917 -34.482853, 152.899854 -34.465686, 152.849812 -34.448498, 152.799791 -34.431290, 152.749790 -34.414062, 152.699810 -34.396813, 152.649851 -34.379544, 152.599912 -34.362254, 152.549994 -34.344945, 152.500096 -34.327615, 152.450219 -34.310265, 152.400363 -34.292894, 152.350527 -34.275504, 152.300712 -34.258093, 152.250917 -34.240662, 152.201143 -34.223211, 152.151390 -34.205740, 152.101658 -34.188249, 152.051946 -34.170738, 152.002254 -34.153207, 151.952584 -34.135656, 151.902933 -34.118084, 151.853304 -34.100493, 151.803695 -34.082882, 151.754107 -34.065251, 151.704540 -34.047600, 151.654993 -34.029929, 151.605466 -34.012238, 151.555961 -33.994528, 151.506476 -33.976797, 151.457012 -33.959047, 151.407568 -33.941277, 151.358145 -33.923487, 151.308743 -33.905678, 151.259361 -33.887849, 151.210000 -33.870000), (151.210000 -33.870000, 151.240986 -33.906875, 151.271999 -33.943743, 151.303038 -33.980602, 151.334105 -34.017454, 151.365199 -34.054298, 151.396319 -34.091134, 151.427467 -34.127963, 151.458642 -34.164783, 151.489844 -34.201596, 151.521073 -34.238400, 151.552330 -34.275197, 151.583614 -34.311986, 151.614925 -34.348767, 151.646264 -34.385540, 151.677631 -34.422305, 151.709025 -34.459061, 151.740446 -34.495810, 151.771896 -34.532551, 151.803373 -34.569284, 151.834878 -34.606008, 151.866411 -34.642725, 151.897972 -34.679433, 151.929560 -34.716134, 151.961177 -34.752826, 151.992822 -34.789510, 152.024495 -34.826185, 152.056197 -34.862853, 152.087926 -34.899512, 152.119684 -34.936163, 152.151470 -34.972806, 152.183285 -35.009440, 152.215128 -35.046066, 152.247000 -35.082684, 152.278901 -35.119294, 152.310830 -35.155895, 152.342788 -35.192488, 152.374775 -35.229072, 152.406790 -35.265648, 152.438835 -35.302215, 152.470908 -35.338774, 152.503010 -35.375325, 152.535142 -35.411867, 152.567303 -35.448400, 152.599493 -35.484925, 152.631712 -35.521442, 152.663960 -35.557949, 152.696238 -35.594449, 152.728545 -35.630939, 152.760882 -35.667421, 152.793249 -35.703895, 152.825645 -35.740359, 152.858070 -35.776815, 152.890526 -35.813263, 152.923011 -35.849701, 152.955526 -35.886131, 152.988071 -35.922552, 153.020646 -35.958964, 153.053251 -35.995368, 153.085887 -36.031762, 153.118552 -36.068148, 153.151248 -36.104525, 153.183974 -36.140893, 153.216730 -36.177252, 153.249516 -36.213602, 153.282334 -36.249943, 153.315181 -36.286275, 153.348059 -36.322598, 153.380968 -36.358913, 153.413908 -36.395218, 153.446878 -36.431514, 153.479880 -36.467801, 153.512912 -36.504079, 153.545975 -36.540348, 153.579069 -36.576607, 153.612194 -36.612858, 153.645351 -36.649099, 153.678538 -36.685331, 153.711757 -36.721554, 153.745007 -36.757768, 153.778289 -36.793972, 153.811602 -36.830168, 153.844947 -36.866353, 153.878323 -36.902530, 153.911731 -36.938697, 153.945171 -36.974855, 153.978642 -37.011003, 154.012145 -37.047142, 154.045681 -37.083272, 154.079248 -37.119392, 154.112847 -37.155503, 154.146478 -37.191604, 154.180142 -37.227696, 154.213837 -37.263778, 154.247565 -37.299850, 154.281326 -37.335913, 154.315119 -37.371967, 154.348944 -37.408011, 154.382802 -37.444045, 154.416692 -37.480069, 154.450615 -37.516084, 154.484571 -37.552089, 154.518560 -37.588084, 154.552582 -37.624070, 154.586636 -37.660046, 154.620724 -37.696012, 154.654844 -37.731968, 154.688998 -37.767914, 154.723185 -37.803851, 154.757406 -37.839777, 154.791659 -37.875694, 154.825946 -37.911601, 154.860267 -37.947497, 154.894621 -37.983384, 154.929009 -38.019261, 154.963430 -38.055128, 154.997885 -38.090984, 155.032374 -38.126831, 155.066897 -38.162668, 155.101454 -38.198494, 155.136045 -38.234310, 155.170670 -38.270116, 155.205329 -38.305912, 155.240022 -38.341698, 155.274750 -38.377474, 155.309512 -38.413239, 155.344308 -38.448994, 155.379139 -38.484739, 155.414004 -38.520473, 155.448904 -38.556197, 155.483839 -38.591911, 155.518808 -38.627614, 155.553813 -38.663307, 155.588852 -38.698989, 155.623926 -38.734661, 155.659036 -38.770322, 155.694180 -38.805973, 155.729360 -38.841614, 155.764574 -38.877243, 155.799824 -38.912863, 155.835110 -38.948471, 155.870431 -38.984069, 155.905788 -39.019657, 155.941180 -39.055233, 155.976608 -39.090799, 156.012071 -39.126354, 156.047570 -39.161899, 156.083106 -39.197432, 156.118677 -39.232955, 156.154284 -39.268467, 156.189928 -39.303968, 156.225607 -39.339459, 156.261323 -39.374938, 156.297075 -39.410407, 156.332863 -39.445864, 156.368688 -39.481311, 156.404550 -39.516746, 156.440448 -39.552171, 156.476383 -39.587584, 156.512354 -39.622986, 156.548362 -39.658378, 156.584407 -39.693758, 156.620490 -39.729127, 156.656609 -39.764485, 156.692765 -39.799831, 156.728958 -39.835166, 156.765189 -39.870491, 156.801457 -39.905803, 156.837763 -39.941105, 156.874106 -39.976395, 156.910486 -40.011674, 156.946904 -40.046941, 156.983360 -40.082197, 157.019854 -40.117442, 157.056385 -40.152675, 157.092954 -40.187896, 157.129562 -40.223107, 157.166207 -40.258305, 157.202890 -40.293492, 157.239612 -40.328667, 157.276372 -40.363831, 157.313171 -40.398983, 157.350007 -40.434124, 157.386883 -40.469252, 157.423797 -40.504369, 157.460749 -40.539475, 157.497741 -40.574568, 157.534771 -40.609650, 157.571840 -40.644719, 157.608948 -40.679777, 157.646095 -40.714823, 157.683281 -40.749858, 157.720506 -40.784880, 157.757771 -40.819890, 157.795075 -40.854888, 157.832419 -40.889874, 157.869802 -40.924848, 157.907224 -40.959810, 157.944686 -40.994760, 157.982188 -41.029698, 158.019730 -41.064624, 158.057312 -41.099537, 158.094933 -41.134438, 158.132595 -41.169327, 158.170297 -41.204204, 158.208039 -41.239068, 158.245821 -41.273920, 158.283643 -41.308760, 158.321506 -41.343587, 158.359410 -41.378402, 158.397354 -41.413204, 158.435339 -41.447994, 158.473365 -41.482771, 158.511431 -41.517536, 158.549538 -41.552289, 158.587687 -41.587028, 158.625876 -41.621755, 158.664106 -41.656470, 158.702378 -41.691171, 158.740691 -41.725860, 158.779046 -41.760537, 158.817442 -41.795200, 158.855879 -41.829851, 158.894358 -41.864489, 158.932879 -41.899114, 158.971441 -41.933726, 159.010046 -41.968325, 159.048692 -42.002911, 159.087381 -42.037485, 159.126111 -42.072045, 159.164884 -42.106592, 159.203699 -42.141127, 159.242556 -42.175648, 159.281456 -42.210156, 159.320398 -42.244650, 159.359383 -42.279132, 159.398411 -42.313600, 159.437481 -42.348056, 159.476594 -42.382497, 159.515750 -42.416926, 159.554950 -42.451341, 159.594192 -42.485743, 159.633477 -42.520131, 159.672806 -42.554507, 159.712178 -42.588868, 159.751593 -42.623216, 159.791052 -42.657551, 159.830555 -42.691872, 159.870101 -42.726179, 159.909691 -42.760473, 159.949325 -42.794753, 159.989002 -42.829019, 160.028724 -42.863272, 160.068490 -42.897511, 160.108300 -42.931736, 160.148154 -42.965948, 160.188053 -43.000145, 160.227996 -43.034329, 160.267983 -43.068499, 160.308015 -43.102654, 160.348092 -43.136796, 160.388214 -43.170924, 160.428380 -43.205038, 160.468592 -43.239138, 160.508848 -43.273223, 160.549150 -43.307295, 160.589496 -43.341352, 160.629888 -43.375395, 160.670326 -43.409424, 160.710808 -43.443439, 160.751337 -43.477439, 160.791911 -43.511425, 160.832530 -43.545397, 160.873196 -43.579354, 160.913907 -43.613297, 160.954665 -43.647226, 160.995468 -43.681140, 161.036318 -43.715039, 161.077213 -43.748924, 161.118155 -43.782794, 161.159144 -43.816649, 161.200179 -43.850490, 161.241261 -43.884317, 161.282389 -43.918128, 161.323564 -43.951925, 161.364786 -43.985707, 161.406055 -44.019474, 161.447370 -44.053226, 161.488733 -44.086963, 161.530143 -44.120686, 161.571601 -44.154393, 161.613106 -44.188085, 161.654658 -44.221763, 161.696258 -44.255425, 161.737905 -44.289072, 161.779600 -44.322704, 161.821343 -44.356321, 161.863134 -44.389922, 161.904973 -44.423509, 161.946860 -44.457080, 161.988795 -44.490635, 162.030779 -44.524176, 162.072811 -44.557701, 162.114891 -44.591210, 162.157020 -44.624704, 162.199197 -44.658183, 162.241423 -44.691646, 162.283698 -44.725093, 162.326022 -44.758525, 162.368395 -44.791941, 162.410817 -44.825342, 162.453288 -44.858726, 162.495809 -44.892095, 162.538378 -44.925449, 162.580998 -44.958786, 162.623666 -44.992107, 162.666385 -45.025413, 162.709153 -45.058703, 162.751971 -45.091976, 162.794839 -45.125234, 162.837757 -45.158476, 162.880725 -45.191701, 162.923743 -45.224910, 162.966811 -45.258104, 163.009930 -45.291281, 163.053099 -45.324441, 163.096319 -45.357586, 163.139589 -45.390714, 163.182910 -45.423826, 163.226282 -45.456921, 163.269705 -45.490000, 163.313179 -45.523063, 163.356704 -45.556109, 163.400281 -45.589138, 163.443908 -45.622151, 163.487587 -45.655147, 163.531318 -45.688127, 163.575100 -45.721089, 163.618934 -45.754036, 163.662819 -45.786965, 163.706757 -45.819877, 163.750746 -45.852773, 163.794787 -45.885652, 163.838881 -45.918514, 163.883027 -45.951358, 163.927225 -45.984186, 163.971475 -46.016997, 164.015778 -46.049791, 164.060134 -46.082567, 164.104543 -46.115327, 164.149004 -46.148069, 164.193518 -46.180794, 164.238085 -46.213501, 164.282705 -46.246191, 164.327379 -46.278864, 164.372106 -46.311520, 164.416886 -46.344158, 164.461719 -46.376778, 164.506607 -46.409381, 164.551548 -46.441966, 164.596542 -46.474534, 164.641591 -46.507084, 164.686693 -46.539617, 164.731850 -46.572131, 164.777061 -46.604628, 164.822326 -46.637107, 164.867645 -46.669568, 164.913019 -46.702011, 164.958447 -46.734437, 165.003930 -46.766844, 165.049468 -46.799233, 165.095061 -46.831604, 165.140708 -46.863957, 165.186411 -46.896292, 165.232169 -46.928609, 165.277981 -46.960907, 165.323850 -46.993187, 165.369773 -47.025449, 165.415753 -47.057692, 165.461788 -47.089917, 165.507878 -47.122124, 165.554025 -47.154312, 165.600227 -47.186481, 165.646485 -47.218632, 165.692800 -47.250764, 165.739170 -47.282877, 165.785597 -47.314972, 165.832081 -47.347048, 165.878621 -47.379105, 165.925217 -47.411144, 165.971870 -47.443163, 166.018580 -47.475164, 166.065347 -47.507145, 166.112171 -47.539107, 166.159052 -47.571051, 166.205991 -47.602975, 166.252986 -47.634880, 166.300039 -47.666766, 166.347150 -47.698632, 166.394318 -47.730480, 166.441544 -47.762308, 166.488827 -47.794116, 166.536169 -47.825905, 166.583568 -47.857675, 166.631026 -47.889425, 166.678542 -47.921155, 166.726116 -47.952866, 166.773748 -47.984558, 166.821440 -48.016229, 166.869189 -48.047881, 166.916998 -48.079513, 166.964865 -48.111125, 167.012791 -48.142717, 167.060776 -48.174289, 167.108820 -48.205841, 167.156924 -48.237373, 167.205086 -48.268885, 167.253308 -48.300377, 167.301590 -48.331849, 167.349931 -48.363301, 167.398332 -48.394732, 167.446793 -48.426143, 167.495314 -48.457533, 167.543895 -48.488903, 167.592536 -48.520253, 167.641237 -48.551582, 167.689998 -48.582891, 167.738820 -48.614179, 167.787702 -48.645446, 167.836645 -48.676693, 167.885649 -48.707919, 167.934714 -48.739124, 167.983839 -48.770308, 168.033026 -48.801471, 168.082273 -48.832613, 168.131582 -48.863735, 168.180953 -48.894835, 168.230384 -48.925914, 168.279878 -48.956972, 168.329433 -48.988009, 168.379049 -49.019025, 168.428728 -49.050019, 168.478468 -49.080992, 168.528271 -49.111943, 168.578135 -49.142873, 168.628062 -49.173782, 168.678052 -49.204669, 168.728104 -49.235534, 168.778218 -49.266378, 168.828395 -49.297200, 168.878635 -49.328000, 168.928937 -49.358779, 168.979303 -49.389536, 169.029732 -49.420270, 169.080224 -49.450983, 169.130779 -49.481674, 169.181398 -49.512343, 169.232080 -49.542989, 169.282825 -49.573614, 169.333635 -49.604216, 169.384508 -49.634796, 169.435445 -49.665354, 169.486446 -49.695889, 169.537511 -49.726402, 169.588641 -49.756892, 169.639834 -49.787360, 169.691093 -49.817805, 169.742415 -49.848228, 169.793803 -49.878628, 169.845255 -49.909005, 169.896771 -49.939360, 169.948353 -49.969691, 170.000000 -50.000000, 170.058337 -50.024822, 170.116734 -50.049615, 170.175191 -50.074378, 170.233709 -50.099112, 170.292287 -50.123816, 170.350925 -50.148491, 170.409624 -50.173137, 170.468384 -50.197752, 170.527204 -50.222339, 170.586085 -50.246895, 170.645026 -50.271422, 170.704028 -50.295918, 170.763091 -50.320385, 170.822215 -50.344822, 170.881400 -50.369229, 170.940645 -50.393606, 170.999952 -50.417953, 171.059319 -50.442270, 171.118747 -50.466556, 171.178237 -50.490812, 171.237787 -50.515038, 171.297399 -50.539233, 171.357071 -50.563398, 171.416805 -50.587532, 171.476600 -50.611636, 171.536457 -50.635709, 171.596375 -50.659752, 171.656354 -50.683763, 171.716394 -50.707744, 171.776496 -50.731694, 171.836659 -50.755613, 171.896884 -50.779501, 171.957170 -50.803358, 172.017518 -50.827184, 172.077928 -50.850979, 172.138399 -50.874743, 172.198931 -50.898475, 172.259526 -50.922176, 172.320182 -50.945845, 172.380900 -50.969484, 172.441679 -50.993090, 172.502521 -51.016665, 172.563424 -51.040209, 172.624390 -51.063720, 172.685417 -51.087200, 172.746506 -51.110649, 172.807657 -51.134065, 172.868870 -51.157449, 172.930145 -51.180802, 172.991483 -51.204122, 173.052882 -51.227410, 173.114343 -51.250667, 173.175867 -51.273890, 173.237453 -51.297082, 173.299101 -51.320241, 173.360811 -51.343368, 173.422583 -51.366463, 173.484418 -51.389525, 173.546315 -51.412554, 173.608275 -51.435551, 173.670297 -51.458515, 173.732381 -51.481446, 173.794528 -51.504345, 173.856737 -51.527210, 173.919008 -51.550043, 173.981342 -51.572843, 174.043739 -51.595609, 174.106198 -51.618343, 174.168720 -51.641043, 174.231304 -51.663710, 174.293951 -51.686344, 174.356660 -51.708945, 174.419433 -51.731512, 174.482267 -51.754045, 174.545165 -51.776545, 174.608125 -51.799012, 174.671148 -51.821445, 174.734234 -51.843844, 174.797382 -51.866209, 174.860593 -51.888541, 174.923867 -51.910838, 174.987204 -51.933102, 175.050604 -51.955331, 175.114067 -51.977527, 175.177592 -51.999688, 175.241180 -52.021815, 175.304831 -52.043908, 175.368545 -52.065967, 175.432322 -52.087991, 175.496162 -52.109981, 175.560065 -52.131936, 175.624031 -52.153857, 175.688060 -52.175743, 175.752152 -52.197594, 175.816307 -52.219410, 175.880524 -52.241192, 175.944805 -52.262939, 176.009149 -52.284651, 176.073556 -52.306328, 176.138026 -52.327970, 176.202559 -52.349577, 176.267155 -52.371148, 176.331814 -52.392684, 176.396537 -52.414185, 176.461322 -52.435651, 176.526170 -52.457081, 176.591082 -52.478476, 176.656056 -52.499835, 176.721094 -52.521159, 176.786195 -52.542446, 176.851359 -52.563698, 176.916586 -52.584915, 176.981876 -52.606095, 177.047230 -52.627240, 177.112646 -52.648348, 177.178126 -52.669420, 177.243669 -52.690457, 177.309274 -52.711457, 177.374943 -52.732421, 177.440676 -52.753348, 177.506471 -52.774240, 177.572329 -52.795094, 177.638251 -52.815913, 177.704235 -52.836694, 177.770283 -52.857440, 177.836394 -52.878148, 177.902568 -52.898820, 177.968805 -52.919455, 178.035105 -52.940053, 178.101469 -52.960614, 178.167895 -52.981138, 178.234385 -53.001625, 178.300937 -53.022075, 178.367553 -53.042487, 178.434231 -53.062863, 178.500973 -53.083201, 178.567778 -53.103502, 178.634646 -53.123765, 178.701577 -53.143991, 178.768570 -53.164179, 178.835627 -53.184330, 178.902747 -53.204443, 178.969930 -53.224518, 179.037176 -53.244556, 179.104484 -53.264555, 179.171856 -53.284517, 179.239290 -53.304441, 179.306788 -53.324326, 179.374348 -53.344174, 179.441971 -53.363983, 179.509657 -53.383754, 179.577406 -53.403487, 179.645218 -53.423181, 179.713092 -53.442837, 179.781030 -53.462454, 179.849030 -53.482033, 179.917092 -53.501573, 179.985218 -53.521075, 180.000000 -53.525294), (-180.000000 -53.525294, -179.946594 -53.540537, -179.878343 -53.559961, -179.810030 -53.579346, -179.741654 -53.598692, -179.673215 -53.617999, -179.604714 -53.637267, -179.536151 -53.656496, -179.467524 -53.675686, -179.398836 -53.694836, -179.330084 -53.713947, -179.261271 -53.733019, -179.192395 -53.752051, -179.123456 -53.771044, -179.054456 -53.789997, -178.985393 -53.808910, -178.916267 -53.827784, -178.847080 -53.846618, -178.777830 -53.865412, -178.708518 -53.884167, -178.639144 -53.902881, -178.569707 -53.921555, -178.500209 -53.940189, -178.430649 -53.958783, -178.361026 -53.977337, -178.291342 -53.995851, -178.221596 -54.014324, -178.151787 -54.032757, -178.081917 -54.051149, -178.011986 -54.069501, -177.941992 -54.087812, -177.871937 -54.106083, -177.801819 -54.124312, -177.731641 -54.142501, -177.661400 -54.160650, -177.591099 -54.178757, -177.520735 -54.196823, -177.450310 -54.214849, -177.379824 -54.232833, -177.309276 -54.250776, -177.238667 -54.268678, -177.167997 -54.286538, -177.097265 -54.304357, -177.026473 -54.322135, -176.955619 -54.339871, -176.884704 -54.357566, -176.813728 -54.375219, -176.742691 -54.392831, -176.671593 -54.410401, -176.600434 -54.427929, -176.529214 -54.445415, -176.457934 -54.462859, -176.386593 -54.480261, -176.315191 -54.497621, -176.243728 -54.514939, -176.172205 -54.532215, -176.100622 -54.549449, -176.028978 -54.566640, -175.957274 -54.583789, -175.885509 -54.600896, -175.813684 -54.617960, -175.741799 -54.634982, -175.669854 -54.651961, -175.597849 -54.668897, -175.525784 -54.685791, -175.453659 -54.702642, -175.381474 -54.719450, -175.309229 -54.736215, -175.236924 -54.752937, -175.164560 -54.769616, -175.092136 -54.786252, -175.019653 -54.802844, -174.947110 -54.819394, -174.874507 -54.835900, -174.801846 -54.852363, -174.729125 -54.868783, -174.656345 -54.885159, -174.583506 -54.901491, -174.510608 -54.917780, -174.437651 -54.934025, -174.364635 -54.950227, -174.291560 -54.966384, -174.218426 -54.982498, -174.145234 -54.998568, -174.071983 -55.014594, -173.998674 -55.030576, -173.925306 -55.046514, -173.851880 -55.062408, -173.778396 -55.078258, -173.704854 -55.094063, -173.631253 -55.109824, -173.557594 -55.125540, -173.483878 -55.141212, -173.410104 -55.156840, -173.336272 -55.172423, -173.262382 -55.187961, -173.188435 -55.203455, -173.114430 -55.218904, -173.040368 -55.234308, -172.966248 -55.249667, -172.892071 -55.264981, -172.817838 -55.280251, -172.743547 -55.295475, -172.669199 -55.310654, -172.594794 -55.325788, -172.520333 -55.340876, -172.445815 -55.355920, -172.371240 -55.370918, -172.296609 -55.385870, -172.221921 -55.400777, -172.147177 -55.415639, -172.072378 -55.430455, -171.997522 -55.445225, -171.922610 -55.459950, -171.847642 -55.474628, -171.772618 -55.489261, -171.697539 -55.503848, -171.622404 -55.518389, -171.547213 -55.532885, -171.471968 -55.547334, -171.396667 -55.561736, -171.321311 -55.576093, -171.245900 -55.590404, -171.170434 -55.604668, -171.094913 -55.618885, -171.019337 -55.633057, -170.943707 -55.647182, -170.868022 -55.661260, -170.792283 -55.675292, -170.716490 -55.689277, -170.640643 -55.703215, -170.564741 -55.717107, -170.488786 -55.730951, -170.412776 -55.744749, -170.336714 -55.758500, -170.260597 -55.772204, -170.184427 -55.785861, -170.108204 -55.799471, -170.031928 -55.813033, -169.955598 -55.826548, -169.879216 -55.840016, -169.802780 -55.853437, -169.726292 -55.866810, -169.649752 -55.880136, -169.573159 -55.893415, -169.496513 -55.906645, -169.419815 -55.919828, -169.343066 -55.932964, -169.266264 -55.946051, -169.189410 -55.959091, -169.112505 -55.972083, -169.035548 -55.985028, -168.958540 -55.997924, -168.881480 -56.010772, -168.804370 -56.023572, -168.727208 -56.036324, -168.649995 -56.049028, -168.572731 -56.061683, -168.495417 -56.074290, -168.418053 -56.086849, -168.340638 -56.099360, -168.263172 -56.111822, -168.185657 -56.124235, -168.108092 -56.136600, -168.030477 -56.148917, -167.952812 -56.161185, -167.875098 -56.173403, -167.797334 -56.185574, -167.719521 -56.197695, -167.641659 -56.209768, -167.563748 -56.221791, -167.485788 -56.233766, -167.407780 -56.245691, -167.329723 -56.257568, -167.251618 -56.269395, -167.173464 -56.281173, -167.095263 -56.292902, -167.017013 -56.304581, -166.938716 -56.316211, -166.860371 -56.327792, -166.781979 -56.339323, -166.703539 -56.350805, -166.625053 -56.362237, -166.546519 -56.373620, -166.467939 -56.384953, -166.389311 -56.396236, -166.310638 -56.407469, -166.231918 -56.418653, -166.153151 -56.429787, -166.074339 -56.440871, -165.995481 -56.451905, -165.916577 -56.462888, -165.837628 -56.473822, -165.758633 -56.484706, -165.679593 -56.495539, -165.600508 -56.506323, -165.521378 -56.517056, -165.442203 -56.527738, -165.362984 -56.538371, -165.283720 -56.548953, -165.204412 -56.559484, -165.125060 -56.569965, -165.045664 -56.580395, -164.966225 -56.590775, -164.886742 -56.601104, -164.807215 -56.611383, -164.727646 -56.621611, -164.648033 -56.631787, -164.568377 -56.641914, -164.488679 -56.651989, -164.408938 -56.662013, -164.329155 -56.671986, -164.249330 -56.681908, -164.169463 -56.691780, -164.089554 -56.701600, -164.009604 -56.711368, -163.929612 -56.721086, -163.849579 -56.730753, -163.769504 -56.740368, -163.689389 -56.749931, -163.609233 -56.759444, -163.529037 -56.768905, -163.448801 -56.778314, -163.368524 -56.787672, -163.288207 -56.796978, -163.207851 -56.806233, -163.127454 -56.815436, -163.047019 -56.824588, -162.966544 -56.833687, -162.886031 -56.842735, -162.805478 -56.851731, -162.724887 -56.860675, -162.644257 -56.869567, -162.563590 -56.878408, -162.482884 -56.887196, -162.402140 -56.895932, -162.321359 -56.904616, -162.240540 -56.913248, -162.159684 -56.921828, -162.078791 -56.930356, -161.997860 -56.938831, -161.916894 -56.947254, -161.835891 -56.955625, -161.754851 -56.963944, -161.673775 -56.972210, -161.592664 -56.980423, -161.511517 -56.988584, -161.430334 -56.996693, -161.349116 -57.004749, -161.267863 -57.012752, -161.186576 -57.020703, -161.105253 -57.028601, -161.023896 -57.036446, -160.942505 -57.044239, -160.861080 -57.051979, -160.779621 -57.059665, -160.698128 -57.067300, -160.616602 -57.074881, -160.535043 -57.082409, -160.453450 -57.089884, -160.371825 -57.097306, -160.290168 -57.104675, -160.208478 -57.111991, -160.126756 -57.119254, -160.045001 -57.126464, -159.963216 -57.133621, -159.881398 -57.140724, -159.799550 -57.147774, -159.717670 -57.154771, -159.635759 -57.161714, -159.553818 -57.168604, -159.471846 -57.175441, -159.389845 -57.182224, -159.307813 -57.188954, -159.225751 -57.195630, -159.143660 -57.202253, -159.061539 -57.208822, -158.979390 -57.215337, -158.897211 -57.221799, -158.815004 -57.228207, -158.732768 -57.234562, -158.650504 -57.240862, -158.568212 -57.247109, -158.485893 -57.253303, -158.403546 -57.259442, -158.321171 -57.265527, -158.238769 -57.271559, -158.156341 -57.277537, -158.073886 -57.283460, -157.991404 -57.289330, -157.908896 -57.295146, -157.826362 -57.300908, -157.743803 -57.306615, -157.661218 -57.312269, -157.578607 -57.317868, -157.495972 -57.323414, -157.413312 -57.328905, -157.330627 -57.334342, -157.247918 -57.339724, -157.165185 -57.345053, -157.082428 -57.350327, -156.999647 -57.355547, -156.916843 -57.360712, -156.834015 -57.365823, -156.751165 -57.370880, -156.668292 -57.375882, -156.585396 -57.380830, -156.502478 -57.385723, -156.419538 -57.390562, -156.336577 -57.395347, -156.253594 -57.400076, -156.170589 -57.404752, -156.087564 -57.409372, -156.004517 -57.413938, -155.921450 -57.418450, -155.838363 -57.422907, -155.755256 -57.427309, -155.672128 -57.431656, -155.588981 -57.435949, -155.505815 -57.440187, -155.422630 -57.444370, -155.339425 -57.448498, -155.256202 -57.452572, -155.172961 -57.456590, -155.089701 -57.460554, -155.006424 -57.464463, -154.923129 -57.468317, -154.839816 -57.472117, -154.756486 -57.475861, -154.673139 -57.479550, -154.589776 -57.483184, -154.506396 -57.486764, -154.423000 -57.490288, -154.339587 -57.493757, -154.256159 -57.497172, -154.172716 -57.500531, -154.089257 -57.503835, -154.005784 -57.507084, -153.922295 -57.510278, -153.838793 -57.513416, -153.755276 -57.516500, -153.671744 -57.519529, -153.588200 -57.522502, -153.504641 -57.525420, -153.421070 -57.528283, -153.337485 -57.531091, -153.253888 -57.533843, -153.170278 -57.536540, -153.086656 -57.539182, -153.003022 -57.541769, -152.919376 -57.544300, -152.835719 -57.546776, -152.752050 -57.549197, -152.668371 -57.551562, -152.584680 -57.553872, -152.500980 -57.556127, -152.417269 -57.558326, -152.333548 -57.560470, -152.249817 -57.562559, -152.166077 -57.564592, -152.082327 -57.566570, -151.998569 -57.568492, -151.914802 -57.570359, -151.831026 -57.572171, -151.747242 -57.573927, -151.663451 -57.575627, -151.579651 -57.577272, -151.495844 -57.578862, -151.412030 -57.580396, -151.328209 -57.581875, -151.244381 -57.583298, -151.160547 -57.584665, -151.076707 -57.585978, -150.992861 -57.587234, -150.909009 -57.588435, -150.825151 -57.589581, -150.741289 -57.590671, -150.657422 -57.591705, -150.573550 -57.592684, -150.489673 -57.593608, -150.405793 -57.594476, -150.321908 -57.595288, -150.238020 -57.596044, -150.154129 -57.596746, -150.070234 -57.597391, -149.986337 -57.597981, -149.902437 -57.598515, -149.818535 -57.598994, -149.734630 -57.599417, -149.650724 -57.599785, -149.566816 -57.600097, -149.482907 -57.600353, -149.398997 -57.600554, -149.315086 -57.600699, -149.231175 -57.600789, -149.147263 -57.600823, -149.063351 -57.600802, -148.979440 -57.600724, -148.895529 -57.600592, -148.811618 -57.600403, -148.727709 -57.600159, -148.643801 -57.599860, -148.559895 -57.599505, -148.475990 -57.599094, -148.392087 -57.598628, -148.308186 -57.598106, -148.224289 -57.597528, -148.140393 -57.596895, -148.056501 -57.596207, -147.972612 -57.595462, -147.888727 -57.594663, -147.804846 -57.593807, -147.720968 -57.592896, -147.637095 -57.591930, -147.553227 -57.590908, -147.469363 -57.589830, -147.385505 -57.588697, -147.301652 -57.587509, -147.217804 -57.586264, -147.133963 -57.584965, -147.050127 -57.583610, -146.966298 -57.582199, -146.882475 -57.580733, -146.798660 -57.579211, -146.714851 -57.577634, -146.631050 -57.576001, -146.547256 -57.574313, -146.463471 -57.572569, -146.379693 -57.570770, -146.295924 -57.568916, -146.212164 -57.567006, -146.128412 -57.565041, -146.044670 -57.563020, -145.960937 -57.560944, -145.877214 -57.558812, -145.793501 -57.556625, -145.709798 -57.554383, -145.626105 -57.552085, -145.542423 -57.549732, -145.458752 -57.547324, -145.375092 -57.544861, -145.291444 -57.542342, -145.207807 -57.539767, -145.124182 -57.537138, -145.040570 -57.534453, -144.956970 -57.531713, -144.873382 -57.528918, -144.789808 -57.526067, -144.706246 -57.523162, -144.622698 -57.520201, -144.539164 -57.517185, -144.455644 -57.514113, -144.372138 -57.510987, -144.288646 -57.507805, -144.205169 -57.504569, -144.121707 -57.501277, -144.038260 -57.497930, -143.954829 -57.494528, -143.871413 -57.491071, -143.788014 -57.487559, -143.704630 -57.483992, -143.621263 -57.480370, -143.537912 -57.476693, -143.454578 -57.472962, -143.371262 -57.469175, -143.287963 -57.465333, -143.204681 -57.461436, -143.121418 -57.457485, -143.038172 -57.453478, -142.954945 -57.449417, -142.871736 -57.445301, -142.788547 -57.441130, -142.705376 -57.436905, -142.622225 -57.432624, -142.539093 -57.428289, -142.455981 -57.423899, -142.372889 -57.419455, -142.289818 -57.414956, -142.206767 -57.410402, -142.123737 -57.405793, -142.040727 -57.401130, -141.957739 -57.396413, -141.874773 -57.391641, -141.791828 -57.386814, -141.708905 -57.381933, -141.626005 -57.376997, -141.543127 -57.372007, -141.460271 -57.366963, -141.377438 -57.361864, -141.294629 -57.356711, -141.211843 -57.351503, -141.129080 -57.346241, -141.046342 -57.340925, -140.963627 -57.335554, -140.880937 -57.330130, -140.798271 -57.324651, -140.715630 -57.319117, -140.633014 -57.313530, -140.550424 -57.307889, -140.467858 -57.302193, -140.385319 -57.296444, -140.302805 -57.290640, -140.220318 -57.284782, -140.137856 -57.278871, -140.055422 -57.272905, -139.973014 -57.266886, -139.890633 -57.260812, -139.808280 -57.254685, -139.725954 -57.248504, -139.643656 -57.242269, -139.561386 -57.235980, -139.479144 -57.229638, -139.396930 -57.223242, -139.314745 -57.216792, -139.232589 -57.210289, -139.150462 -57.203731, -139.068364 -57.197121, -138.986296 -57.190457, -138.904257 -57.183739, -138.822249 -57.176968, -138.740270 -57.170143, -138.658322 -57.163265, -138.576405 -57.156334, -138.494518 -57.149349, -138.412662 -57.142311, -138.330838 -57.135219, -138.249045 -57.128075, -138.167284 -57.120877, -138.085554 -57.113626, -138.003857 -57.106322, -137.922192 -57.098965, -137.840560 -57.091554, -137.758960 -57.084091, -137.677393 -57.076575, -137.595860 -57.069005, -137.514360 -57.061383, -137.432893 -57.053708, -137.351460 -57.045980, -137.270061 -57.038200, -137.188697 -57.030366, -137.107367 -57.022480, -137.026071 -57.014541, -136.944810 -57.006549, -136.863584 -56.998505, -136.782394 -56.990409, -136.701239 -56.982259, -136.620119 -56.974057, -136.539036 -56.965803, -136.457988 -56.957497, -136.376977 -56.949138, -136.296002 -56.940726, -136.215063 -56.932263, -136.134162 -56.923747, -136.053298 -56.915178, -135.972470 -56.906558, -135.891680 -56.897886, -135.810928 -56.889161, -135.730214 -56.880385, -135.649538 -56.871556, -135.568899 -56.862675, -135.488300 -56.853743, -135.407738 -56.844758, -135.327216 -56.835722, -135.246733 -56.826634, -135.166288 -56.817494, -135.085883 -56.808303, -135.005518 -56.799060, -134.925192 -56.789765, -134.844907 -56.780419, -134.764661 -56.771021, -134.684456 -56.761571, -134.604291 -56.752071, -134.524166 -56.742518, -134.444083 -56.732915, -134.364041 -56.723260, -134.284039 -56.713554, -134.204080 -56.703796, -134.124161 -56.693988, -134.044285 -56.684128, -133.964450 -56.674217, -133.884658 -56.664256, -133.804907 -56.654243, -133.725200 -56.644179, -133.645535 -56.634064, -133.565912 -56.623899, -133.486333 -56.613683, -133.406797 -56.603416, -133.327304 -56.593098, -133.247855 -56.582729, -133.168449 -56.572310, -133.089087 -56.561841, -133.009769 -56.551320, -132.930496 -56.540750, -132.851266 -56.530129, -132.772082 -56.519457, -132.692942 -56.508736, -132.613847 -56.497964, -132.534796 -56.487141, -132.455791 -56.476269, -132.376832 -56.465347, -132.297918 -56.454374, -132.219049 -56.443351, -132.140227 -56.432279, -132.061450 -56.421156, -131.982720 -56.409984, -131.904035 -56.398761, -131.825398 -56.387489, -131.746807 -56.376168, -131.668263 -56.364796, -131.589765 -56.353375, -131.511315 -56.341904, -131.432912 -56.330384, -131.354557 -56.318815, -131.276249 -56.307196, -131.197989 -56.295527, -131.119776 -56.283809, -131.041612 -56.272042, -130.963496 -56.260226, -130.885428 -56.248361, -130.807409 -56.236446, -130.729438 -56.224483, -130.651516 -56.212470, -130.573643 -56.200409, -130.495819 -56.188298, -130.418045 -56.176139, -130.340319 -56.163931, -130.262643 -56.151674, -130.185017 -56.139369, -130.107441 -56.127015, -130.029914 -56.114612, -129.952438 -56.102161, -129.875011 -56.089661, -129.797635 -56.077113, -129.720310 -56.064517, -129.643035 -56.051872, -129.565811 -56.039179, -129.488638 -56.026438, -129.411515 -56.013649, -129.334444 -56.000811, -129.257424 -55.987926, -129.180456 -55.974993, -129.103539 -55.962011, -129.026674 -55.948982, -128.949861 -55.935905, -128.873099 -55.922780, -128.796390 -55.909608, -128.719733 -55.896388, -128.643128 -55.883120, -128.566575 -55.869805, -128.490075 -55.856442, -128.413628 -55.843032, -128.337234 -55.829575, -128.260892 -55.816070, -128.184604 -55.802518, -128.108369 -55.788919, -128.032187 -55.775273, -127.956059 -55.761580, -127.879984 -55.747839, -127.803963 -55.734052, -127.727995 -55.720218, -127.652081 -55.706337, -127.576222 -55.692409, -127.500416 -55.678434, -127.424665 -55.664413, -127.348968 -55.650345, -127.273326 -55.636231, -127.197738 -55.622070, -127.122205 -55.607863, -127.046727 -55.593609, -126.971303 -55.579309, -126.895935 -55.564962, -126.820621 -55.550570, -126.745363 -55.536131, -126.670160 -55.521647, -126.595013 -55.507116, -126.519921 -55.492539, -126.444885 -55.477916, -126.369905 -55.463248, -126.294980 -55.448534, -126.220112 -55.433774, -126.145299 -55.418968, -126.070543 -55.404117, -125.995843 -55.389220, -125.921199 -55.374277, -125.846611 -55.359289, -125.772081 -55.344256, -125.697606 -55.329178, -125.623189 -55.314054, -125.548828 -55.298885, -125.474525 -55.283671, -125.400278 -55.268412, -125.326089 -55.253108, -125.251956 -55.237759, -125.177881 -55.222365, -125.103863 -55.206926, -125.029903 -55.191442, -124.956001 -55.175914, -124.882156 -55.160341, -124.808368 -55.144723, -124.734639 -55.129061, -124.660967 -55.113355, -124.587354 -55.097604, -124.513798 -55.081808, -124.440301 -55.065969, -124.366862 -55.050085, -124.293481 -55.034157, -124.220159 -55.018185, -124.146895 -55.002169, -124.073689 -54.986109, -124.000543 -54.970005, -123.927455 -54.953857, -123.854425 -54.937665, -123.781455 -54.921430, -123.708544 -54.905151, -123.635691 -54.888828, -123.562898 -54.872462, -123.490164 -54.856052, -123.417489 -54.839599, -123.344873 -54.823102, -123.272317 -54.806562, -123.199820 -54.789979, -123.127383 -54.773353, -123.055006 -54.756684, -122.982688 -54.739971, -122.910429 -54.723216, -122.838231 -54.706417, -122.766092 -54.689576, -122.694014 -54.672692, -122.621995 -54.655765, -122.550036 -54.638796, -122.478138 -54.621784, -122.406299 -54.604729, -122.334521 -54.587632, -122.262803 -54.570493, -122.191146 -54.553311, -122.119549 -54.536087, -122.048012 -54.518820, -121.976536 -54.501512, -121.905121 -54.484161, -121.833766 -54.466768, -121.762472 -54.449333, -121.691239 -54.431857, -121.620066 -54.414338, -121.548955 -54.396778, -121.477904 -54.379175, -121.406914 -54.361532, -121.335986 -54.343846, -121.265118 -54.326119, -121.194311 -54.308351, -121.123566 -54.290541, -121.052882 -54.272690, -120.982259 -54.254797, -120.911698 -54.236863, -120.841198 -54.218888, -120.770759 -54.200872, -120.700382 -54.182815, -120.630066 -54.164717, -120.559812 -54.146578, -120.489620 -54.128398, -120.419489 -54.110177, -120.349419 -54.091916, -120.279412 -54.073614, -120.209466 -54.055271, -120.139582 -54.036888, -120.069760 -54.018464, -120.000000 -54.000000, -119.931008 -54.019373, -119.861952 -54.038706, -119.792831 -54.058000, -119.723647 -54.077254, -119.654398 -54.096468, -119.585085 -54.115642, -119.515708 -54.134777, -119.446267 -54.153871, -119.376762 -54.172926, -119.307193 -54.191941, -119.237560 -54.210915, -119.167863 -54.229850, -119.098103 -54.248744, -119.028278 -54.267597, -118.958389 -54.286411, -118.888437 -54.305184, -118.818421 -54.323916, -118.748341 -54.342608, -118.678198 -54.361259, -118.607990 -54.379870, -118.537720 -54.398439, -118.467385 -54.416968, -118.396987 -54.435456, -118.326526 -54.453903, -118.256001 -54.472310, -118.185413 -54.490675, -118.114761 -54.508998, -118.044046 -54.527281, -117.973268 -54.545522, -117.902426 -54.563722, -117.831522 -54.581881, -117.760554 -54.599998, -117.689523 -54.618073, -117.618429 -54.636107, -117.547272 -54.654099, -117.476052 -54.672050, -117.404769 -54.689959, -117.333423 -54.707825, -117.262014 -54.725650, -117.190543 -54.743433, -117.119009 -54.761174, -117.047412 -54.778873, -116.975753 -54.796529, -116.904031 -54.814144, -116.832246 -54.831715, -116.760399 -54.849245, -116.688490 -54.866732, -116.616519 -54.884177, -116.544485 -54.901579, -116.472389 -54.918938, -116.400230 -54.936255, -116.328010 -54.953529, -116.255728 -54.970760, -116.183383 -54.987948, -116.110977 -55.005093, -116.038509 -55.022195, -115.965979 -55.039255, -115.893388 -55.056271, -115.820734 -55.073243, -115.748020 -55.090173, -115.675243 -55.107059, -115.602405 -55.123902, -115.529506 -55.140701, -115.456546 -55.157456, -115.383524 -55.174169, -115.310441 -55.190837, -115.237297 -55.207462, -115.164092 -55.224043, -115.090826 -55.240580, -115.017499 -55.257073, -114.944111 -55.273522, -114.870663 -55.289927, -114.797154 -55.306288, -114.723584 -55.322605, -114.649954 -55.338877, -114.576263 -55.355106, -114.502512 -55.371290, -114.428701 -55.387429, -114.354829 -55.403524, -114.280898 -55.419575, -114.206906 -55.435580, -114.132854 -55.451542, -114.058743 -55.467458, -113.984572 -55.483330, -113.910341 -55.499156, -113.836050 -55.514938, -113.761700 -55.530675, -113.687291 -55.546367, -113.612822 -55.562013, -113.538294 -55.577615, -113.463707 -55.593171, -113.389061 -55.608682, -113.314355 -55.624148, -113.239591 -55.639568, -113.164768 -55.654942, -113.089886 -55.670272, -113.014946 -55.685555, -112.939947 -55.700793, -112.864890 -55.715985, -112.789775 -55.731131, -112.714601 -55.746232, -112.639369 -55.761286, -112.564079 -55.776295, -112.488731 -55.791257, -112.413326 -55.806174, -112.337862 -55.821044, -112.262341 -55.835868, -112.186763 -55.850645, -112.111127 -55.865377, -112.035434 -55.880062, -111.959684 -55.894700, -111.883876 -55.909292, -111.808012 -55.923837, -111.732090 -55.938336, -111.656112 -55.952788, -111.580078 -55.967193, -111.503986 -55.981552, -111.427839 -55.995863, -111.351635 -56.010128, -111.275374 -56.024345, -111.199058 -56.038515, -111.122686 -56.052639, -111.046258 -56.066715, -110.969774 -56.080744, -110.893234 -56.094725, -110.816639 -56.108659, -110.739989 -56.122546, -110.663283 -56.136385, -110.586522 -56.150177, -110.509706 -56.163921, -110.432836 -56.177617, -110.355910 -56.191266, -110.278930 -56.204867, -110.201895 -56.218420, -110.124806 -56.231925, -110.047663 -56.245382, -109.970465 -56.258792, -109.893214 -56.272153, -109.815908 -56.285466, -109.738549 -56.298731, -109.661136 -56.311947, -109.583670 -56.325115, -109.506150 -56.338235, -109.428577 -56.351307, -109.350952 -56.364330, -109.273273 -56.377304, -109.195541 -56.390230, -109.117756 -56.403107, -109.039919 -56.415936, -108.962030 -56.428715, -108.884088 -56.441446, -108.806094 -56.454128, -108.728049 -56.466761, -108.649951 -56.479345, -108.571802 -56.491881, -108.493601 -56.504367, -108.415348 -56.516803, -108.337045 -56.529191, -108.258690 -56.541529, -108.180284 -56.553818, -108.101828 -56.566058, -108.023320 -56.578248, -107.944763 -56.590389, -107.866154 -56.602480, -107.787496 -56.614522, -107.708787 -56.626514, -107.630029 -56.638456, -107.551221 -56.650349, -107.472363 -56.662191, -107.393456 -56.673984, -107.314499 -56.685727, -107.235493 -56.697420, -107.156439 -56.709063, -107.077335 -56.720656, -106.998183 -56.732198, -106.918982 -56.743691, -106.839733 -56.755133, -106.760436 -56.766525, -106.681090 -56.777867, -106.601697 -56.789158, -106.522256 -56.800399, -106.442768 -56.811589, -106.363232 -56.822729, -106.283649 -56.833818, -106.204019 -56.844857, -106.124342 -56.855845, -106.044618 -56.866782, -105.964848 -56.877668, -105.885031 -56.888504, -105.805168 -56.899288, -105.725259 -56.910022, -105.645305 -56.920704, -105.565304 -56.931336, -105.485259 -56.941916, -105.405167 -56.952445, -105.325031 -56.962923, -105.244850 -56.973350, -105.164624 -56.983726, -105.084353 -56.994050, -105.004038 -57.004323, -104.923679 -57.014544, -104.843275 -57.024714, -104.762828 -57.034832, -104.682337 -57.044898, -104.601802 -57.054913, -104.521224 -57.064877, -104.440603 -57.074788, -104.359939 -57.084648, -104.279232 -57.094456, -104.198483 -57.104212, -104.117691 -57.113916, -104.036857 -57.123568, -103.955981 -57.133169, -103.875063 -57.142717, -103.794103 -57.152213, -103.713102 -57.161656, -103.632059 -57.171048, -103.550976 -57.180387, -103.469852 -57.189675, -103.388687 -57.198909, -103.307481 -57.208092, -103.226235 -57.217222, -103.144950 -57.226299, -103.063624 -57.235324, -102.982258 -57.244296, -102.900853 -57.253216, -102.819409 -57.262083, -102.737926 -57.270898, -102.656403 -57.279660, -102.574842 -57.288369, -102.493243 -57.297025, -102.411605 -57.305628, -102.329929 -57.314178, -102.248215 -57.322676, -102.166464 -57.331120, -102.084675 -57.339512, -102.002849 -57.347850, -101.920986 -57.356135, -101.839086 -57.364367, -101.757149 -57.372546, -101.675176 -57.380672, -101.593166 -57.388744, -101.511121 -57.396763, -101.429040 -57.404729, -101.346923 -57.412641, -101.264771 -57.420500, -101.182584 -57.428306, -101.100361 -57.436058, -101.018104 -57.443756, -100.935813 -57.451401, -100.853487 -57.458992, -100.771127 -57.466530, -100.688734 -57.474014, -100.606306 -57.481444, -100.523846 -57.488820, -100.441352 -57.496142, -100.358825 -57.503411, -100.276265 -57.510626, -100.193673 -57.517787, -100.111049 -57.524894, -100.028392 -57.531946, -99.945704 -57.538945, -99.862983 -57.545890, -99.780232 -57.552781, -99.697449 -57.559617, -99.614636 -57.566400, -99.531791 -57.573128, -99.448916 -57.579802, -99.366011 -57.586422, -99.283076 -57.592987, -99.200111 -57.599498, -99.117116 -57.605955, -99.034092 -57.612357, -98.951039 -57.618705, -98.867957 -57.624998, -98.784846 -57.631237, -98.701707 -57.637422, -98.618540 -57.643551, -98.535344 -57.649626, -98.452121 -57.655647, -98.368871 -57.661613, -98.285593 -57.667524, -98.202288 -57.673381, -98.118956 -57.679182, -98.035598 -57.684929, -97.952214 -57.690622, -97.868803 -57.696259, -97.785367 -57.701841, -97.701905 -57.707369, -97.618417 -57.712842, -97.534905 -57.718259, -97.451367 -57.723622, -97.367805 -57.728930, -97.284219 -57.734182, -97.200608 -57.739380, -97.116974 -57.744522, -97.033316 -57.749610, -96.949634 -57.754642, -96.865929 -57.759619, -96.782202 -57.764541, -96.698451 -57.769408, -96.614679 -57.774219, -96.530884 -57.778975, -96.447067 -57.783676, -96.363228 -57.788322, -96.279368 -57.792912, -96.195487 -57.797447, -96.111584 -57.801926, -96.027662 -57.806350, -95.943718 -57.810719, -95.859754 -57.815032, -95.775771 -57.819290, -95.691768 -57.823492, -95.607745 -57.827639, -95.523703 -57.831730, -95.439642 -57.835765, -95.355562 -57.839745, -95.271464 -57.843670, -95.187348 -57.847538, -95.103214 -57.851351, -95.019062 -57.855109, -94.934893 -57.858810, -94.850706 -57.862456, -94.766503 -57.866047, -94.682283 -57.869581, -94.598046 -57.873060, -94.513793 -57.876483, -94.429525 -57.879850, -94.345241 -57.883161, -94.260941 -57.886417, -94.176626 -57.889616, -94.092297 -57.892760, -94.007952 -57.895848, -93.923594 -57.898880, -93.839221 -57.901856, -93.754834 -57.904776, -93.670434 -57.907640, -93.586021 -57.910448, -93.501594 -57.913200, -93.417155 -57.915897, -93.332703 -57.918537, -93.248239 -57.921121, -93.163763 -57.923649, -93.079275 -57.926121, -92.994775 -57.928537, -92.910265 -57.930897, -92.825743 -57.933201, -92.741211 -57.935448, -92.656668 -57.937640, -92.572115 -57.939776, -92.487552 -57.941855, -92.402979 -57.943878, -92.318397 -57.945845, -92.233806 -57.947756, -92.149206 -57.949611, -92.064597 -57.951409, -91.979980 -57.953151, -91.895355 -57.954837, -91.810722 -57.956467, -91.726081 -57.958041, -91.641434 -57.959558, -91.556779 -57.961019, -91.472117 -57.962424, -91.387449 -57.963773, -91.302775 -57.965065, -91.218094 -57.966301, -91.133408 -57.967481, -91.048717 -57.968605, -90.964020 -57.969672, -90.879319 -57.970683, -90.794612 -57.971638, -90.709902 -57.972536, -90.625187 -57.973378, -90.540469 -57.974164, -90.455746 -57.974893, -90.371021 -57.975566, -90.286293 -57.976183, -90.201561 -57.976743, -90.116827 -57.977247, -90.032091 -57.977695, -89.947353 -57.978086, -89.862614 -57.978421, -89.777872 -57.978700, -89.693130 -57.978922, -89.608387 -57.979088, -89.523643 -57.979198, -89.438899 -57.979251, -89.354154 -57.979248, -89.269410 -57.979189, -89.184666 -57.979073, -89.099923 -57.978901, -89.015180 -57.978673, -88.930439 -57.978388, -88.845700 -57.978047, -88.760962 -57.977649, -88.676226 -57.977195, -88.591493 -57.976685, -88.506762 -57.976119, -88.422033 -57.975496, -88.337308 -57.974817, -88.252587 -57.974081, -88.167868 -57.973289, -88.083154 -57.972441, -87.998444 -57.971537, -87.913738 -57.970576, -87.829037 -57.969559, -87.744341 -57.968486, -87.659650 -57.967356, -87.574965 -57.966170, -87.490285 -57.964928, -87.405612 -57.963630, -87.320944 -57.962275, -87.236283 -57.960864, -87.151629 -57.959397, -87.066982 -57.957873, -86.982342 -57.956294, -86.897710 -57.954658, -86.813086 -57.952966, -86.728470 -57.951217, -86.643862 -57.949413, -86.559263 -57.947552, -86.474673 -57.945635, -86.390092 -57.943662, -86.305520 -57.941633, -86.220958 -57.939547, -86.136406 -57.937406, -86.051864 -57.935208, -85.967333 -57.932954, -85.882813 -57.930644, -85.798303 -57.928278, -85.713805 -57.925856, -85.629318 -57.923378, -85.544843 -57.920844, -85.460381 -57.918254, -85.375930 -57.915608, -85.291492 -57.912905, -85.207067 -57.910147, -85.122655 -57.907333, -85.038256 -57.904463, -84.953871 -57.901537, -84.869500 -57.898554, -84.785143 -57.895516, -84.700800 -57.892423, -84.616472 -57.889273, -84.532159 -57.886067, -84.447861 -57.882806, -84.363578 -57.879488, -84.279312 -57.876115, -84.195061 -57.872686, -84.110826 -57.869201, -84.026608 -57.865661, -83.942406 -57.862065, -83.858221 -57.858413, -83.774054 -57.854705, -83.689904 -57.850941, -83.605772 -57.847122, -83.521657 -57.843248, -83.437561 -57.839317, -83.353484 -57.835331, -83.269425 -57.831290, -83.185385 -57.827193, -83.101364 -57.823040, -83.017363 -57.818832, -82.933382 -57.814568, -82.849420 -57.810249, -82.765479 -57.805874, -82.681558 -57.801444, -82.597658 -57.796959, -82.513779 -57.792418, -82.429921 -57.787822, -82.346085 -57.783170, -82.262271 -57.778463, -82.178478 -57.773701, -82.094708 -57.768884, -82.010960 -57.764011, -81.927235 -57.759083, -81.843532 -57.754100, -81.759853 -57.749062, -81.676198 -57.743969, -81.592566 -57.738820, -81.508958 -57.733617, -81.425374 -57.728358, -81.341815 -57.723044, -81.258280 -57.717676, -81.174770 -57.712252, -81.091286 -57.706773, -81.007826 -57.701240, -80.924393 -57.695651, -80.840985 -57.690008, -80.757603 -57.684310, -80.674248 -57.678557, -80.590919 -57.672750, -80.507617 -57.666887, -80.424342 -57.660970, -80.341095 -57.654998, -80.257875 -57.648972, -80.174682 -57.642891, -80.091518 -57.636755, -80.008382 -57.630565, -79.925274 -57.624320, -79.842195 -57.618021, -79.759145 -57.611667, -79.676124 -57.605259, -79.593133 -57.598796, -79.510171 -57.592279, -79.427239 -57.585708, -79.344337 -57.579082, -79.261466 -57.572403, -79.178624 -57.565668, -79.095814 -57.558880, -79.013035 -57.552038, -78.930287 -57.545141, -78.847570 -57.538191, -78.764885 -57.531186, -78.682232 -57.524127, -78.599611 -57.517014, -78.517022 -57.509848, -78.434466 -57.502627, -78.351943 -57.495353, -78.269452 -57.488024, -78.186995 -57.480642, -78.104572 -57.473206, -78.022182 -57.465717, -77.939825 -57.458173, -77.857503 -57.450576, -77.775216 -57.442926, -77.692962 -57.435221, -77.610744 -57.427464, -77.528561 -57.419653, -77.446412 -57.411788, -77.364299 -57.403870, -77.282222 -57.395898, -77.200181 -57.387873, -77.118175 -57.379795, -77.036206 -57.371664, -76.954273 -57.363479, -76.872377 -57.355241, -76.790518 -57.346950, -76.708696 -57.338606, -76.626911 -57.330209, -76.545163 -57.321759, -76.463454 -57.313256, -76.381782 -57.304700, -76.300148 -57.296091, -76.218553 -57.287429, -76.136996 -57.278714, -76.055478 -57.269947, -75.973999 -57.261126, -75.892559 -57.252254, -75.811158 -57.243328, -75.729797 -57.234350, -75.648475 -57.225319, -75.567194 -57.216236, -75.485952 -57.207101, -75.404751 -57.197912, -75.323591 -57.188672, -75.242471 -57.179379, -75.161392 -57.170034, -75.080354 -57.160637, -74.999357 -57.151188, -74.918402 -57.141686, -74.837489 -57.132132, -74.756617 -57.122526, -74.675788 -57.112869, -74.595000 -57.103159, -74.514255 -57.093397, -74.433553 -57.083584, -74.352894 -57.073718, -74.272277 -57.063801, -74.191704 -57.053832, -74.111174 -57.043812, -74.030688 -57.033739, -73.950245 -57.023616, -73.869846 -57.013440, -73.789492 -57.003213, -73.709182 -56.992935, -73.628916 -56.982605, -73.548694 -56.972224, -73.468518 -56.961792, -73.388387 -56.951308, -73.308300 -56.940774, -73.228259 -56.930188, -73.148264 -56.919551, -73.068314 -56.908863, -72.988410 -56.898124, -72.908553 -56.887333, -72.828741 -56.876493, -72.748976 -56.865601, -72.669257 -56.854658, -72.589585 -56.843665, -72.509960 -56.832621, -72.430382 -56.821526, -72.350851 -56.810381, -72.271368 -56.799185, -72.191932 -56.787939, -72.112544 -56.776642, -72.033204 -56.765295, -71.953912 -56.753898, -71.874668 -56.742450, -71.795472 -56.730952, -71.716325 -56.719404, -71.637227 -56.707805, -71.558178 -56.696157, -71.479177 -56.684459, -71.400226 -56.672710, -71.321324 -56.660912, -71.242472 -56.649064, -71.163669 -56.637166, -71.084916 -56.625219, -71.006213 -56.613221, -70.927560 -56.601174, -70.848957 -56.589078, -70.770405 -56.576932, -70.691903 -56.564736, -70.613452 -56.552491, -70.535052 -56.540197, -70.456702 -56.527853, -70.378404 -56.515460, -70.300158 -56.503018, -70.221962 -56.490526, -70.143818 -56.477986, -70.065726 -56.465397, -69.987686 -56.452758, -69.909698 -56.440071, -69.831762 -56.427335, -69.753878 -56.414550, -69.676047 -56.401716, -69.598268 -56.388833, -69.520542 -56.375902, -69.442869 -56.362923, -69.365249 -56.349894, -69.287681 -56.336818, -69.210168 -56.323693, -69.132707 -56.310519, -69.055300 -56.297297, -68.977947 -56.284027, -68.900647 -56.270709, -68.823401 -56.257343, -68.746210 -56.243929, -68.669072 -56.230466, -68.591989 -56.216956, -68.514960 -56.203398, -68.437986 -56.189791, -68.361066 -56.176138, -68.284202 -56.162436, -68.207392 -56.148687, -68.130637 -56.134890, -68.053937 -56.121046, -67.977293 -56.107154, -67.900704 -56.093214, -67.824170 -56.079228, -67.747692 -56.065194, -67.671270 -56.051113, -67.594904 -56.036984, -67.518594 -56.022809, -67.442340 -56.008586, -67.366142 -55.994317, -67.290000 -55.980000, -67.225663 -55.953114, -67.161415 -55.926194, -67.097256 -55.899241, -67.033186 -55.872254, -66.969205 -55.845234, -66.905314 -55.818181, -66.841511 -55.791095, -66.777797 -55.763977, -66.714171 -55.736825, -66.650634 -55.709640, -66.587186 -55.682423, -66.523825 -55.655172, -66.460553 -55.627890, -66.397369 -55.600574, -66.334273 -55.573227, -66.271265 -55.545847, -66.208345 -55.518435, -66.145512 -55.490990, -66.082767 -55.463513, -66.020109 -55.436005, -65.957538 -55.408464, -65.895055 -55.380892, -65.832659 -55.353287, -65.770350 -55.325651, -65.708128 -55.297983, -65.645992 -55.270284, -65.583943 -55.242553, -65.521981 -55.214791, -65.460105 -55.186998, -65.398316 -55.159173, -65.336612 -55.131317, -65.274995 -55.103429, -65.213464 -55.075511, -65.152018 -55.047562, -65.090659 -55.019582, -65.029385 -54.991571, -64.968196 -54.963529, -64.907093 -54.935457, -64.846075 -54.907354, -64.785143 -54.879220, -64.724295 -54.851056, -64.663533 -54.822862, -64.602855 -54.794637, -64.542262 -54.766383, -64.481753 -54.738098, -64.421329 -54.709782, -64.360990 -54.681437, -64.300734 -54.653062, -64.240563 -54.624657, -64.180476 -54.596223, -64.120473 -54.567758, -64.060553 -54.539264, -64.000717 -54.510741, -63.940965 -54.482188, -63.881296 -54.453605, -63.821710 -54.424993, -63.762208 -54.396352, -63.702789 -54.367682, -63.643452 -54.338982, -63.584199 -54.310254, -63.525028 -54.281496, -63.465939 -54.252710, -63.406934 -54.223894, -63.348010 -54.195050, -63.289169 -54.166177, -63.230410 -54.137276, -63.171733 -54.108346, -63.113137 -54.079387, -63.054624 -54.050400, -62.996192 -54.021385, -62.937841 -53.992341, -62.879572 -53.963270, -62.821385 -53.934170, -62.763278 -53.905041, -62.705252 -53.875885, -62.647308 -53.846701, -62.589444 -53.817489, -62.531660 -53.788250, -62.473957 -53.758982, -62.416335 -53.729687, -62.358793 -53.700364, -62.301331 -53.671014, -62.243949 -53.641636, -62.186647 -53.612231, -62.129425 -53.582799, -62.072283 -53.553339, -62.015220 -53.523852, -61.958236 -53.494338, -61.901332 -53.464797, -61.844507 -53.435229, -61.787761 -53.405634, -61.731094 -53.376012, -61.674506 -53.346363, -61.617996 -53.316688, -61.561565 -53.286986, -61.505212 -53.257257, -61.448938 -53.227502, -61.392742 -53.197720, -61.336624 -53.167912, -61.280584 -53.138078, -61.224622 -53.108217, -61.168737 -53.078330, -61.112930 -53.048417, -61.057201 -53.018478, -61.001549 -52.988513, -60.945974 -52.958522, -60.890476 -52.928505, -60.835055 -52.898462, -60.779710 -52.868393, -60.724443 -52.838299, -60.669252 -52.808179, -60.614138 -52.778034, -60.559099 -52.747863, -60.504138 -52.717667, -60.449252 -52.687445, -60.394442 -52.657198, -60.339708 -52.626926, -60.285049 -52.596628, -60.230467 -52.566305, -60.175959 -52.535958, -60.121527 -52.505585, -60.067170 -52.475188, -60.012889 -52.444765, -59.958682 -52.414318, -59.904550 -52.383846, -59.850493 -52.353349, -59.796510 -52.322828, -59.742602 -52.292282, -59.688768 -52.261711, -59.635008 -52.231116, -59.581323 -52.200497, -59.527711 -52.169853, -59.474173 -52.139185, -59.420709 -52.108493, -59.367318 -52.077777, -59.314001 -52.047037, -59.260758 -52.016272, -59.207587 -51.985484, -59.154490 -51.954672, -59.101465 -51.923836, -59.048513 -51.892976, -58.995634 -51.862092, -58.942828 -51.831185, -58.890094 -51.800254, -58.837432 -51.769300, -58.784843 -51.738322, -58.732326 -51.707320, -58.679880 -51.676295, -58.627507 -51.645247, -58.575205 -51.614176, -58.522975 -51.583081, -58.470816 -51.551964, -58.418728 -51.520823, -58.366712 -51.489659, -58.314767 -51.458472, -58.262893 -51.427263, -58.211090 -51.396030, -58.159357 -51.364775, -58.107695 -51.333496, -58.056103 -51.302196, -58.004582 -51.270872, -57.953131 -51.239526, -57.901750 -51.208157, -57.850439 -51.176766, -57.799198 -51.145353, -57.748027 -51.113917, -57.696925 -51.082459, -57.645893 -51.050979, -57.594930 -51.019476, -57.544036 -50.987951, -57.493211 -50.956405, -57.442456 -50.924836, -57.391769 -50.893245, -57.341151 -50.861632, -57.290602 -50.829998, -57.240121 -50.798341, -57.189708 -50.766663, -57.139364 -50.734963, -57.089088 -50.703242, -57.038880 -50.671499, -56.988739 -50.639734, -56.938667 -50.607948, -56.888662 -50.576141, -56.838725 -50.544312, -56.788855 -50.512461, -56.739052 -50.480590, -56.689316 -50.448697, -56.639648 -50.416783, -56.590046 -50.384848, -56.540511 -50.352892, -56.491043 -50.320915, -56.441641 -50.288917, -56.392306 -50.256898, -56.343037 -50.224858, -56.293834 -50.192798, -56.244697 -50.160716, -56.195626 -50.128614, -56.146621 -50.096492, -56.097682 -50.064348, -56.048808 -50.032184, -56.000000 -50.000000, -55.955871 -49.965124, -55.911806 -49.930232, -55.867805 -49.895323, -55.823867 -49.860397, -55.779993 -49.825455, -55.736182 -49.790497, -55.692434 -49.755521, -55.648750 -49.720530, -55.605128 -49.685522, -55.561569 -49.650497, -55.518073 -49.615456, -55.474639 -49.580399, -55.431268 -49.545326, -55.387959 -49.510237, -55.344712 -49.475131, -55.301527 -49.440009, -55.258404 -49.404872, -55.215342 -49.369718, -55.172342 -49.334548, -55.129404 -49.299363, -55.086527 -49.264161, -55.043711 -49.228944, -55.000956 -49.193710, -54.958261 -49.158461, -54.915628 -49.123197, -54.873055 -49.087916, -54.830543 -49.052620, -54.788091 -49.017309, -54.745699 -48.981982, -54.703367 -48.946639, -54.661095 -48.911281, -54.618883 -48.875908, -54.576731 -48.840519, -54.534638 -48.805114, -54.492605 -48.769695, -54.450630 -48.734260, -54.408715 -48.698810, -54.366859 -48.663345, -54.325062 -48.627864, -54.283324 -48.592369, -54.241644 -48.556858, -54.200023 -48.521333, -54.158460 -48.485792, -54.116955 -48.450237, -54.075509 -48.414667, -54.034120 -48.379081, -53.992789 -48.343481, -53.951516 -48.307866, -53.910301 -48.272237, -53.869142 -48.236592, -53.828042 -48.200933, -53.786998 -48.165260, -53.746012 -48.129572, -53.705082 -48.093869, -53.664209 -48.058152, -53.623393 -48.022420, -53.582634 -47.986674, -53.541931 -47.950913, -53.501284 -47.915138, -53.460693 -47.879349, -53.420159 -47.843545, -53.379680 -47.807728, -53.339257 -47.771896, -53.298890 -47.736050, -53.258579 -47.700189, -53.218322 -47.664315, -53.178122 -47.628426, -53.137976 -47.592524, -53.097885 -47.556607, -53.057850 -47.520677, -53.017869 -47.484733, -52.977943 -47.448774, -52.938071 -47.412802, -52.898254 -47.376816, -52.858491 -47.340817, -52.818782 -47.304803, -52.779128 -47.268776, -52.739527 -47.232736, -52.699980 -47.196681, -52.660487 -47.160613, -52.621048 -47.124532, -52.581662 -47.088437, -52.542329 -47.052328, -52.503050 -47.016206, -52.463823 -46.980071, -52.424650 -46.943922, -52.385530 -46.907760, -52.346462 -46.871585, -52.307447 -46.835396, -52.268485 -46.799194, -52.229574 -46.762979, -52.190717 -46.726751, -52.151911 -46.690509, -52.113157 -46.654255, -52.074456 -46.617987, -52.035806 -46.581707, -51.997208 -46.545413, -51.958661 -46.509107, -51.920166 -46.472787, -51.881722 -46.436455, -51.843330 -46.400109, -51.804989 -46.363751, -51.766698 -46.327380, -51.728459 -46.290997, -51.690270 -46.254600, -51.652132 -46.218191, -51.614045 -46.181770, -51.576008 -46.145335, -51.538021 -46.108888, -51.500084 -46.072429, -51.462198 -46.035957, -51.424362 -45.999472, -51.386575 -45.962975, -51.348838 -45.926466, -51.311151 -45.889944, -51.273514 -45.853409, -51.235925 -45.816863, -51.198387 -45.780304, -51.160897 -45.743733, -51.123456 -45.707149, -51.086065 -45.670554, -51.048722 -45.633946, -51.011428 -45.597326, -50.974183 -45.560694, -50.936986 -45.524049, -50.899838 -45.487393, -50.862738 -45.450725, -50.825686 -45.414045, -50.788683 -45.377353, -50.751727 -45.340648, -50.714819 -45.303932, -50.677959 -45.267204, -50.641147 -45.230465, -50.604382 -45.193713, -50.567665 -45.156950, -50.530995 -45.120175, -50.494372 -45.083388, -50.457797 -45.046589, -50.421268 -45.009779, -50.384787 -44.972957, -50.348352 -44.936124, -50.311964 -44.899279, -50.275623 -44.862422, -50.239328 -44.825554, -50.203079 -44.788675, -50.166877 -44.751784, -50.130721 -44.714881, -50.094611 -44.677968, -50.058547 -44.641043, -50.022529 -44.604106, -49.986557 -44.567158, -49.950630 -44.530199, -49.914749 -44.493229, -49.878914 -44.456247, -49.843124 -44.419255, -49.807379 -44.382251, -49.771679 -44.345236, -49.736024 -44.308210, -49.700415 -44.271173, -49.664850 -44.234124, -49.629330 -44.197065, -49.593854 -44.159995, -49.558423 -44.122914, -49.523037 -44.085821, -49.487695 -44.048718, -49.452397 -44.011604, -49.417143 -43.974480, -49.381934 -43.937344, -49.346768 -43.900198, -49.311646 -43.863040, -49.276568 -43.825872, -49.241534 -43.788694, -49.206543 -43.751505, -49.171596 -43.714305, -49.136692 -43.677094, -49.101831 -43.639873, -49.067014 -43.602641, -49.032239 -43.565399, -48.997508 -43.528146, -48.962819 -43.490882, -48.928173 -43.453608, -48.893570 -43.416324, -48.859010 -43.379029, -48.824492 -43.341724, -48.790016 -43.304409, -48.755583 -43.267083, -48.721192 -43.229747, -48.686843 -43.192400, -48.652536 -43.155044, -48.618271 -43.117677, -48.584047 -43.080299, -48.549866 -43.042912, -48.515726 -43.005515, -48.481628 -42.968107, -48.447571 -42.930689, -48.413555 -42.893261, -48.379581 -42.855824, -48.345648 -42.818376, -48.311756 -42.780918, -48.277905 -42.743450, -48.244095 -42.705972, -48.210326 -42.668484, -48.176597 -42.630987, -48.142909 -42.593479, -48.109262 -42.555961, -48.075655 -42.518434, -48.042088 -42.480897, -48.008562 -42.443350, -47.975076 -42.405794, -47.941630 -42.368227, -47.908223 -42.330651, -47.874857 -42.293066, -47.841531 -42.255470, -47.808244 -42.217865, -47.774997 -42.180250, -47.741789 -42.142626, -47.708621 -42.104992, -47.675492 -42.067349, -47.642403 -42.029696, -47.609353 -41.992034, -47.576341 -41.954362, -47.543369 -41.916681, -47.510436 -41.878990, -47.477541 -41.841290, -47.444686 -41.803581, -47.411869 -41.765862, -47.379090 -41.728134, -47.346350 -41.690396, -47.313648 -41.652649, -47.280985 -41.614893, -47.248360 -41.577128, -47.215773 -41.539354, -47.183224 -41.501570, -47.150713 -41.463777, -47.118240 -41.425975, -47.085805 -41.388164, -47.053407 -41.350344, -47.021047 -41.312515, -46.988725 -41.274677, -46.956440 -41.236829, -46.924192 -41.198973, -46.891982 -41.161108, -46.859809 -41.123234, -46.827673 -41.085350, -46.795574 -41.047458, -46.763512 -41.009557, -46.731487 -40.971647, -46.699499 -40.933729, -46.667547 -40.895801, -46.635632 -40.857865, -46.603754 -40.819920, -46.571912 -40.781966, -46.540106 -40.744003, -46.508337 -40.706032, -46.476604 -40.668052, -46.444907 -40.630063, -46.413246 -40.592065, -46.381621 -40.554059, -46.350032 -40.516045, -46.318478 -40.478021, -46.286961 -40.439990, -46.255479 -40.401949, -46.224032 -40.363900, -46.192621 -40.325843, -46.161246 -40.287777, -46.129906 -40.249703, -46.098601 -40.211620, -46.067331 -40.173529, -46.036097 -40.135429, -46.004897 -40.097321, -45.973732 -40.059205, -45.942602 -40.021080, -45.911507 -39.982947, -45.880447 -39.944806, -45.849421 -39.906656, -45.818430 -39.868498, -45.787473 -39.830332, -45.756551 -39.792158, -45.725663 -39.753975, -45.694809 -39.715784, -45.663989 -39.677586, -45.633203 -39.639379, -45.602452 -39.601163, -45.571734 -39.562940, -45.541050 -39.524709, -45.510400 -39.486470, -45.479784 -39.448222, -45.449201 -39.409967, -45.418652 -39.371703, -45.388136 -39.333432, -45.357653 -39.295153, -45.327204 -39.256865, -45.296788 -39.218570, -45.266406 -39.180267, -45.236056 -39.141956, -45.205740 -39.103637, -45.175456 -39.065311, -45.145205 -39.026976, -45.114987 -38.988634, -45.084802 -38.950284, -45.054650 -38.911926, -45.024530 -38.873560, -44.994442 -38.835187, -44.964387 -38.796806, -44.934364 -38.758417, -44.904374 -38.720021, -44.874416 -38.681617, -44.844490 -38.643205, -44.814596 -38.604786, -44.784734 -38.566359, -44.754904 -38.527924, -44.725105 -38.489482, -44.695339 -38.451033, -44.665604 -38.412575, -44.635901 -38.374111, -44.606230 -38.335639, -44.576590 -38.297159, -44.546981 -38.258672, -44.517404 -38.220178, -44.487858 -38.181676, -44.458343 -38.143166, -44.428859 -38.104650, -44.399407 -38.066126, -44.369985 -38.027594, -44.340595 -37.989056, -44.311235 -37.950510, -44.281906 -37.911957, -44.252608 -37.873396, -44.223340 -37.834828, -44.194103 -37.796253, -44.164897 -37.757671, -44.135721 -37.719082, -44.106575 -37.680485, -44.077460 -37.641881, -44.048375 -37.603270, -44.019320 -37.564652, -43.990295 -37.526027, -43.961300 -37.487395, -43.932336 -37.448755, -43.903401 -37.410109, -43.874496 -37.371456, -43.845621 -37.332795, -43.816775 -37.294128, -43.787959 -37.255453, -43.759173 -37.216772, -43.730416 -37.178083, -43.701689 -37.139388, -43.672991 -37.100686, -43.644322 -37.061976, -43.615683 -37.023260, -43.587073 -36.984537, -43.558491 -36.945808, -43.529939 -36.907071, -43.501416 -36.868327, -43.472922 -36.829577, -43.444457 -36.790820, -43.416020 -36.752056, -43.387612 -36.713285, -43.359233 -36.674508, -43.330883 -36.635724, -43.302561 -36.596933, -43.274267 -36.558136, -43.246002 -36.519332, -43.217765 -36.480521, -43.189557 -36.441703, -43.161376 -36.402879, -43.133224 -36.364048, -43.105100 -36.325211, -43.077004 -36.286367, -43.048936 -36.247517, -43.020895 -36.208660, -42.992883 -36.169796, -42.964898 -36.130926, -42.936942 -36.092049, -42.909012 -36.053166, -42.881111 -36.014277, -42.853236 -35.975381, -42.825390 -35.936478, -42.797570 -35.897570, -42.769778 -35.858654, -42.742014 -35.819733, -42.714276 -35.780805, -42.686566 -35.741870, -42.658883 -35.702929, -42.631226 -35.663982, -42.603597 -35.625029, -42.575995 -35.586069, -42.548419 -35.547103, -42.520871 -35.508131, -42.493349 -35.469153, -42.465853 -35.430168, -42.438385 -35.391177, -42.410943 -35.352180, -42.383527 -35.313176, -42.356138 -35.274167, -42.328775 -35.235151, -42.301438 -35.196129, -42.274128 -35.157101, -42.246844 -35.118067, -42.219586 -35.079027, -42.192354 -35.039980, -42.165148 -35.000928, -42.137969 -34.961869, -42.110815 -34.922805, -42.083686 -34.883734, -42.056584 -34.844658, -42.029507 -34.805575, -42.002456 -34.766486, -41.975431 -34.727392, -41.948431 -34.688291, -41.921457 -34.649185, -41.894508 -34.610072, -41.867585 -34.570954, -41.840686 -34.531830, -41.813814 -34.492700, -41.786966 -34.453564, -41.760143 -34.414422, -41.733346 -34.375274, -41.706573 -34.336120, -41.679826 -34.296961, -41.653104 -34.257796, -41.626406 -34.218625, -41.599733 -34.179448, -41.573085 -34.140266, -41.546462 -34.101077, -41.519863 -34.061883, -41.493289 -34.022684, -41.466739 -33.983478, -41.440214 -33.944267, -41.413714 -33.905050, -41.387237 -33.865828, -41.360786 -33.826599, -41.334358 -33.787366, -41.307954 -33.748126, -41.281575 -33.708881, -41.255220 -33.669631, -41.228889 -33.630374, -41.202581 -33.591113, -41.176298 -33.551845, -41.150039 -33.512572, -41.123803 -33.473294, -41.097591 -33.434010, -41.071403 -33.394720, -41.045239 -33.355425, -41.019098 -33.316125, -40.992981 -33.276819, -40.966887 -33.237508, -40.940817 -33.198191, -40.914770 -33.158868, -40.888747 -33.119541, -40.862747 -33.080208, -40.836770 -33.040869, -40.810816 -33.001525, -40.784885 -32.962176, -40.758978 -32.922822, -40.733093 -32.883462, -40.707232 -32.844096, -40.681393 -32.804726, -40.655578 -32.765350, -40.629785 -32.725969, -40.604015 -32.686582, -40.578267 -32.647191, -40.552543 -32.607794, -40.526840 -32.568392, -40.501161 -32.528984, -40.475504 -32.489572, -40.449870 -32.450154, -40.424257 -32.410731, -40.398668 -32.371303, -40.373100 -32.331869, -40.347555 -32.292431, -40.322032 -32.252987, -40.296532 -32.213539, -40.271053 -32.174085, -40.245596 -32.134626, -40.220162 -32.095162, -40.194749 -32.055692, -40.169359 -32.016218, -40.143990 -31.976739, -40.118643 -31.937255, -40.093318 -31.897765, -40.068014 -31.858271, -40.042732 -31.818772, -40.017472 -31.779267, -39.992233 -31.739758, -39.967016 -31.700244, -39.941821 -31.660724, -39.916647 -31.621200, -39.891494 -31.581671, -39.866362 -31.542137, -39.841252 -31.502598, -39.816163 -31.463054, -39.791095 -31.423505, -39.766049 -31.383952, -39.741023 -31.344393, -39.716018 -31.304830, -39.691035 -31.265262, -39.666072 -31.225689, -39.641131 -31.186111, -39.616210 -31.146528, -39.591310 -31.106941, -39.566430 -31.067349, -39.541572 -31.027752, -39.516734 -30.988150, -39.491917 -30.948543, -39.467120 -30.908932, -39.442344 -30.869316, -39.417588 -30.829696, -39.392852 -30.790070, -39.368138 -30.750440, -39.343443 -30.710805, -39.318769 -30.671166, -39.294114 -30.631522, -39.269481 -30.591873, -39.244867 -30.552220, -39.220273 -30.512562, -39.195700 -30.472899, -39.171146 -30.433232, -39.146612 -30.393560, -39.122099 -30.353884, -39.097605 -30.314203, -39.073131 -30.274517, -39.048677 -30.234827, -39.024242 -30.195133, -38.999828 -30.155434, -38.975432 -30.115730, -38.951057 -30.076022, -38.926701 -30.036309, -38.902365 -29.996592, -38.878048 -29.956871, -38.853750 -29.917145, -38.829472 -29.877414, -38.805213 -29.837679, -38.780974 -29.797940, -38.756753 -29.758196, -38.732552 -29.718448, -38.708370 -29.678695, -38.684208 -29.638938, -38.660064 -29.599177, -38.635939 -29.559411, -38.611833 -29.519641, -38.587747 -29.479867, -38.563679 -29.440088, -38.539630 -29.400305, -38.515600 -29.360518, -38.491588 -29.320726, -38.467595 -29.280930, -38.443621 -29.241130, -38.419666 -29.201325, -38.395729 -29.161516, -38.371811 -29.121703, -38.347911 -29.081886, -38.324030 -29.042064, -38.300167 -29.002239, -38.276323 -28.962409, -38.252497 -28.922575, -38.228689 -28.882736, -38.204899 -28.842894, -38.181128 -28.803047, -38.157375 -28.763196, -38.133640 -28.723341, -38.109923 -28.683482, -38.086224 -28.643619, -38.062543 -28.603751, -38.038880 -28.563880, -38.015235 -28.524004, -37.991608 -28.484124, -37.967999 -28.444241, -37.944407 -28.404353, -37.920834 -28.364461, -37.897278 -28.324565, -37.873739 -28.284665, -37.850219 -28.244761, -37.826716 -28.204853, -37.803230 -28.164941, -37.779762 -28.125025, -37.756311 -28.085104, -37.732878 -28.045180, -37.709463 -28.005252, -37.686064 -27.965320, -37.662683 -27.925384, -37.639319 -27.885444, -37.615973 -27.845501, -37.592643 -27.805553, -37.569331 -27.765601, -37.546036 -27.725646, -37.522758 -27.685686, -37.499497 -27.645723, -37.476253 -27.605756, -37.453026 -27.565784, -37.429816 -27.525809, -37.406622 -27.485831, -37.383446 -27.445848, -37.360286 -27.405861, -37.337143 -27.365871, -37.314017 -27.325877, -37.290908 -27.285879, -37.267815 -27.245877, -37.244739 -27.205872, -37.221679 -27.165862, -37.198636 -27.125849, -37.175609 -27.085833, -37.152599 -27.045812, -37.129605 -27.005788, -37.106627 -26.965760, -37.083666 -26.925728, -37.060721 -26.885692, -37.037793 -26.845653, -37.014880 -26.805610, -36.991984 -26.765564, -36.969104 -26.725514, -36.946240 -26.685460, -36.923392 -26.645402, -36.900560 -26.605341, -36.877744 -26.565276, -36.854944 -26.525207, -36.832160 -26.485135, -36.809392 -26.445060, -36.786640 -26.404980, -36.763903 -26.364897, -36.741183 -26.324811, -36.718478 -26.284721, -36.695788 -26.244627, -36.673114 -26.204530, -36.650456 -26.164429, -36.627814 -26.124325, -36.605187 -26.084217, -36.582575 -26.044106, -36.559979 -26.003991, -36.537399 -25.963872, -36.514834 -25.923750, -36.492284 -25.883625, -36.469749 -25.843496, -36.447230 -25.803364, -36.424726 -25.763228, -36.402237 -25.723089, -36.379764 -25.682946, -36.357305 -25.642800, -36.334862 -25.602650, -36.312434 -25.562497, -36.290020 -25.522341, -36.267622 -25.482181, -36.245239 -25.442018, -36.222871 -25.401851, -36.200517 -25.361681, -36.178178 -25.321508, -36.155855 -25.281331, -36.133546 -25.241151, -36.111251 -25.200967, -36.088972 -25.160780, -36.066707 -25.120590, -36.044457 -25.080397, -36.022221 -25.040200, -36.000000 -25.000000, -35.979301 -24.959198, -35.958616 -24.918394, -35.937945 -24.877586, -35.917287 -24.836776, -35.896642 -24.795963, -35.876012 -24.755147, -35.855395 -24.714329, -35.834791 -24.673507, -35.814201 -24.632683, -35.793625 -24.591856, -35.773061 -24.551026, -35.752512 -24.510193, -35.731975 -24.469358, -35.711452 -24.428519, -35.690942 -24.387678, -35.670445 -24.346835, -35.649962 -24.305988, -35.629492 -24.265139, -35.609035 -24.224287, -35.588591 -24.183432, -35.568160 -24.142575, -35.547742 -24.101714, -35.527337 -24.060851, -35.506946 -24.019986, -35.486567 -23.979118, -35.466201 -23.938247, -35.445848 -23.897373, -35.425508 -23.856497, -35.405181 -23.815617, -35.384866 -23.774736, -35.364564 -23.733851, -35.344275 -23.692964, -35.323999 -23.652075, -35.303735 -23.611183, -35.283484 -23.570288, -35.263246 -23.529390, -35.243020 -23.488490, -35.222807 -23.447587, -35.202606 -23.406682, -35.182418 -23.365774, -35.162242 -23.324864, -35.142079 -23.283950, -35.121928 -23.243035, -35.101789 -23.202117, -35.081663 -23.161196, -35.061549 -23.120272, -35.041447 -23.079346, -35.021358 -23.038418, -35.001280 -22.997487, -34.981215 -22.956553, -34.961162 -22.915617, -34.941121 -22.874679, -34.921092 -22.833738, -34.901076 -22.792794, -34.881071 -22.751848, -34.861078 -22.710900, -34.841097 -22.669949, -34.821128 -22.628995, -34.801172 -22.588039, -34.781226 -22.547081, -34.761293 -22.506120, -34.741372 -22.465156, -34.721462 -22.424191, -34.701564 -22.383222, -34.681678 -22.342252, -34.661803 -22.301279, -34.641940 -22.260303, -34.622089 -22.219325, -34.602249 -22.178345, -34.582421 -22.137362, -34.562605 -22.096377, -34.542800 -22.055389, -34.523006 -22.014400, -34.503224 -21.973407, -34.483453 -21.932413, -34.463694 -21.891416, -34.443946 -21.850416, -34.424209 -21.809415, -34.404484 -21.768411, -34.384770 -21.727404, -34.365067 -21.686395, -34.345375 -21.645384, -34.325695 -21.604371, -34.306026 -21.563355, -34.286368 -21.522337, -34.266721 -21.481317, -34.247085 -21.440295, -34.227460 -21.399270, -34.207846 -21.358243, -34.188243 -21.317213, -34.168651 -21.276181, -34.149070 -21.235147, -34.129500 -21.194111, -34.109940 -21.153073, -34.090392 -21.112032, -34.070854 -21.070989, -34.051327 -21.029944, -34.031811 -20.988897, -34.012306 -20.947847, -33.992811 -20.906795, -33.973327 -20.865741, -33.953854 -20.824685, -33.934391 -20.783626, -33.914939 -20.742566, -33.895497 -20.701503, -33.876066 -20.660438, -33.856645 -20.619371, -33.837235 -20.578301, -33.817835 -20.537230, -33.798446 -20.496156, -33.779067 -20.455080, -33.759699 -20.414002, -33.740340 -20.372922, -33.720993 -20.331840, -33.701655 -20.290755, -33.682328 -20.249669, -33.663010 -20.208580, -33.643704 -20.167490, -33.624407 -20.126397, -33.605120 -20.085302, -33.585844 -20.044205, -33.566577 -20.003106, -33.547321 -19.962004, -33.528075 -19.920901, -33.508838 -19.879796, -33.489612 -19.838688, -33.470395 -19.797579, -33.451189 -19.756467, -33.431992 -19.715354, -33.412806 -19.674238, -33.393629 -19.633121, -33.374462 -19.592001, -33.355304 -19.550879, -33.336157 -19.509756, -33.317019 -19.468630, -33.297891 -19.427502, -33.278773 -19.386372, -33.259664 -19.345241, -33.240565 -19.304107, -33.221476 -19.262971, -33.202396 -19.221834, -33.183325 -19.180694, -33.164264 -19.139552, -33.145213 -19.098409, -33.126171 -19.057263, -33.107139 -19.016116, -33.088116 -18.974966, -33.069102 -18.933815, -33.050098 -18.892661, -33.031103 -18.851506, -33.012118 -18.810349, -32.993141 -18.769190, -32.974174 -18.728029, -32.955216 -18.686866, -32.936268 -18.645701, -32.917328 -18.604534, -32.898398 -18.563366, -32.879477 -18.522195, -32.860565 -18.481023, -32.841662 -18.439849, -32.822768 -18.398672, -32.803884 -18.357494, -32.785008 -18.316315, -32.766141 -18.275133, -32.747283 -18.233949, -32.728434 -18.192764, -32.709594 -18.151577, -32.690763 -18.110388, -32.671941 -18.069197, -32.653127 -18.028004, -32.634322 -17.986810, -32.615527 -17.945613, -32.596739 -17.904415, -32.577961 -17.863215, -32.559191 -17.822013, -32.540430 -17.780810, -32.521678 -17.739604, -32.502934 -17.698397, -32.484199 -17.657188, -32.465472 -17.615978, -32.446754 -17.574765, -32.428045 -17.533551, -32.409344 -17.492335, -32.390651 -17.451118, -32.371967 -17.409898, -32.353291 -17.368677, -32.334624 -17.327454, -32.315965 -17.286229, -32.297315 -17.245003, -32.278673 -17.203775, -32.260039 -17.162545, -32.241413 -17.121314, -32.222796 -17.080081, -32.204187 -17.038846, -32.185586 -16.997609, -32.166993 -16.956371, -32.148408 -16.915131, -32.129832 -16.873889, -32.111264 -16.832646, -32.092703 -16.791401, -32.074151 -16.750154, -32.055607 -16.708906, -32.037071 -16.667656, -32.018543 -16.626404, -32.000023 -16.585151, -31.981510 -16.543896, -31.963006 -16.502640, -31.944510 -16.461382, -31.926021 -16.420122, -31.907540 -16.378861, -31.889068 -16.337598, -31.870603 -16.296333, -31.852145 -16.255067, -31.833696 -16.213799, -31.815254 -16.172530, -31.796820 -16.131259, -31.778393 -16.089986, -31.759974 -16.048712, -31.741563 -16.007436, -31.723160 -15.966159, -31.704764 -15.924880, -31.686375 -15.883600, -31.667995 -15.842318, -31.649621 -15.801034, -31.631255 -15.759749, -31.612897 -15.718463, -31.594546 -15.677175, -31.576202 -15.635885, -31.557866 -15.594594, -31.539538 -15.553301, -31.521216 -15.512007, -31.502902 -15.470711, -31.484595 -15.429414, -31.466296 -15.388116, -31.448004 -15.346815, -31.429719 -15.305514, -31.411441 -15.264211, -31.393170 -15.222906, -31.374907 -15.181600, -31.356651 -15.140292, -31.338401 -15.098983, -31.320159 -15.057673, -31.301924 -15.016361, -31.283697 -14.975047, -31.265476 -14.933732, -31.247262 -14.892416, -31.229055 -14.851098, -31.210855 -14.809779, -31.192662 -14.768458, -31.174476 -14.727136, -31.156297 -14.685813, -31.138124 -14.644488, -31.119959 -14.603162, -31.101800 -14.561834, -31.083648 -14.520505, -31.065503 -14.479175, -31.047365 -14.437843, -31.029233 -14.396509, -31.011109 -14.355175, -30.992990 -14.313839, -30.974879 -14.272501, -30.956774 -14.231163, -30.938676 -14.189822, -30.920584 -14.148481, -30.902499 -14.107138, -30.884421 -14.065794, -30.866349 -14.024448, -30.848283 -13.983102, -30.830224 -13.941753, -30.812172 -13.900404, -30.794126 -13.859053, -30.776086 -13.817701, -30.758053 -13.776347, -30.740026 -13.734993, -30.722006 -13.693636, -30.703992 -13.652279, -30.685984 -13.610920, -30.667982 -13.569560, -30.649987 -13.528199, -30.631998 -13.486836, -30.614016 -13.445473, -30.596039 -13.404107, -30.578069 -13.362741, -30.560104 -13.321373, -30.542146 -13.280004, -30.524194 -13.238634, -30.506249 -13.197263, -30.488309 -13.155890, -30.470375 -13.114516, -30.452447 -13.073141, -30.434526 -13.031764, -30.416610 -12.990387, -30.398700 -12.949008, -30.380797 -12.907628, -30.362899 -12.866247, -30.345007 -12.824864, -30.327121 -12.783480, -30.309241 -12.742095, -30.291366 -12.700709, -30.273498 -12.659322, -30.255635 -12.617933, -30.237778 -12.576544, -30.219927 -12.535153, -30.202081 -12.493761, -30.184242 -12.452367, -30.166408 -12.410973, -30.148579 -12.369577, -30.130756 -12.328181, -30.112939 -12.286783, -30.095128 -12.245384, -30.077322 -12.203983, -30.059522 -12.162582, -30.041727 -12.121180, -30.023938 -12.079776, -30.006154 -12.038371, -29.988375 -11.996965, -29.970603 -11.955558, -29.952835 -11.914150, -29.935073 -11.872741, -29.917317 -11.831331, -29.899565 -11.789919, -29.881819 -11.748507, -29.864079 -11.707093, -29.846344 -11.665678, -29.828614 -11.624263, -29.810889 -11.582846, -29.793170 -11.541428, -29.775456 -11.500009, -29.757747 -11.458589, -29.740043 -11.417167, -29.722344 -11.375745, -29.704651 -11.334322, -29.686962 -11.292898, -29.669279 -11.251472, -29.651601 -11.210046, -29.633928 -11.168618, -29.616260 -11.127190, -29.598597 -11.085760, -29.580939 -11.044330, -29.563286 -11.002898, -29.545638 -10.961465, -29.527995 -10.920032, -29.510357 -10.878597, -29.492723 -10.837161, -29.475095 -10.795725, -29.457472 -10.754287, -29.439853 -10.712848, -29.422239 -10.671409, -29.404630 -10.629968, -29.387026 -10.588527, -29.369426 -10.547084, -29.351831 -10.505641, -29.334241 -10.464196, -29.316656 -10.422751, -29.299075 -10.381304, -29.281499 -10.339857, -29.263928 -10.298408, -29.246361 -10.256959, -29.228799 -10.215509, -29.211241 -10.174058, -29.193688 -10.132606, -29.176140 -10.091153, -29.158596 -10.049699, -29.141056 -10.008244, -29.123521 -9.966788, -29.105991 -9.925331, -29.088464 -9.883873, -29.070943 -9.842415, -29.053425 -9.800955, -29.035913 -9.759495, -29.018404 -9.718034, -29.000900 -9.676572, -28.983400 -9.635109, -28.965904 -9.593645, -28.948413 -9.552180, -28.930926 -9.510714, -28.913443 -9.469248, -28.895965 -9.427781, -28.878490 -9.386312, -28.861020 -9.344843, -28.843554 -9.303373, -28.826092 -9.261902, -28.808634 -9.220431, -28.791180 -9.178958, -28.773731 -9.137485, -28.756285 -9.096011, -28.738844 -9.054536, -28.721406 -9.013060, -28.703973 -8.971583, -28.686543 -8.930106, -28.669118 -8.888628, -28.651696 -8.847149, -28.634279 -8.805669, -28.616865 -8.764188, -28.599455 -8.722707, -28.582049 -8.681224, -28.564647 -8.639741, -28.547249 -8.598257, -28.529854 -8.556773, -28.512463 -8.515287, -28.495076 -8.473801, -28.477693 -8.432314, -28.460314 -8.390827, -28.442938 -8.349338, -28.425566 -8.307849, -28.408197 -8.266359, -28.390833 -8.224868, -28.373472 -8.183377, -28.356114 -8.141885, -28.338760 -8.100392, -28.321410 -8.058898, -28.304063 -8.017404, -28.286720 -7.975908, -28.269380 -7.934413, -28.252044 -7.892916, -28.234711 -7.851419, -28.217382 -7.809921, -28.200056 -7.768422, -28.182734 -7.726923, -28.165415 -7.685422, -28.148099 -7.643922, -28.130787 -7.602420, -28.113478 -7.560918, -28.096173 -7.519415, -28.078871 -7.477912, -28.061572 -7.436407, -28.044276 -7.394903, -28.026983 -7.353397, -28.009694 -7.311891, -27.992408 -7.270384, -27.975125 -7.228876, -27.957846 -7.187368, -27.940569 -7.145859, -27.923296 -7.104350, -27.906026 -7.062840, -27.888759 -7.021329, -27.871495 -6.979818, -27.854234 -6.938306, -27.836976 -6.896793, -27.819721 -6.855280, -27.802469 -6.813766, -27.785220 -6.772252, -27.767974 -6.730737, -27.750731 -6.689221, -27.733491 -6.647705, -27.716254 -6.606188, -27.699020 -6.564670, -27.681789 -6.523152, -27.664560 -6.481634, -27.647334 -6.440114, -27.630111 -6.398595, -27.612891 -6.357074, -27.595674 -6.315553, -27.578460 -6.274032, -27.561248 -6.232510, -27.544039 -6.190987, -27.526832 -6.149464, -27.509629 -6.107940, -27.492428 -6.066416, -27.475229 -6.024891, -27.458034 -5.983366, -27.440841 -5.941840, -27.423650 -5.900314, -27.406462 -5.858787, -27.389277 -5.817259, -27.372094 -5.775731, -27.354914 -5.734203, -27.337736 -5.692674, -27.320561 -5.651144, -27.303388 -5.609614, -27.286217 -5.568084, -27.269049 -5.526552, -27.251884 -5.485021, -27.234720 -5.443489, -27.217560 -5.401956, -27.200401 -5.360423, -27.183245 -5.318890, -27.166091 -5.277356, -27.148940 -5.235822, -27.131790 -5.194287, -27.114643 -5.152752, -27.097499 -5.111216, -27.080356 -5.069679, -27.063216 -5.028143, -27.046078 -4.986606, -27.028942 -4.945068, -27.011808 -4.903530, -26.994676 -4.861992, -26.977547 -4.820453, -26.960419 -4.778913, -26.943294 -4.737374, -26.926170 -4.695833, -26.909049 -4.654293, -26.891930 -4.612752, -26.874813 -4.571210, -26.857697 -4.529669, -26.840584 -4.488126, -26.823473 -4.446584, -26.806363 -4.405041, -26.789256 -4.363497, -26.772150 -4.321954, -26.755046 -4.280409, -26.737944 -4.238865, -26.720844 -4.197320, -26.703746 -4.155775, -26.686649 -4.114229, -26.669555 -4.072683, -26.652462 -4.031137, -26.635371 -3.989590, -26.618281 -3.948043, -26.601194 -3.906495, -26.584107 -3.864947, -26.567023 -3.823399, -26.549940 -3.781851, -26.532859 -3.740302, -26.515780 -3.698753, -26.498702 -3.657203, -26.481626 -3.615654, -26.464551 -3.574103, -26.447478 -3.532553, -26.430406 -3.491002, -26.413336 -3.449451, -26.396268 -3.407900, -26.379200 -3.366348, -26.362135 -3.324796, -26.345071 -3.283244, -26.328008 -3.241691, -26.310946 -3.200138, -26.293886 -3.158585, -26.276828 -3.117032, -26.259770 -3.075478, -26.242714 -3.033924, -26.225660 -2.992370, -26.208606 -2.950816, -26.191554 -2.909261, -26.174503 -2.867706, -26.157453 -2.826151, -26.140405 -2.784595, -26.123358 -2.743039, -26.106312 -2.701483, -26.089267 -2.659927, -26.072223 -2.618371, -26.055181 -2.576814, -26.038139 -2.535257, -26.021099 -2.493700, -26.004060 -2.452142, -25.987021 -2.410585, -25.969984 -2.369027, -25.952948 -2.327469, -25.935913 -2.285911, -25.918879 -2.244352, -25.901845 -2.202794, -25.884813 -2.161235, -25.867782 -2.119676, -25.850751 -2.078117, -25.833722 -2.036557, -25.816693 -1.994998, -25.799666 -1.953438, -25.782639 -1.911878, -25.765612 -1.870318, -25.748587 -1.828758, -25.731563 -1.787198, -25.714539 -1.745637, -25.697516 -1.704076, -25.680494 -1.662515, -25.663472 -1.620954, -25.646451 -1.579393, -25.629431 -1.537832, -25.612412 -1.496271, -25.595393 -1.454709, -25.578375 -1.413147, -25.561357 -1.371586, -25.544340 -1.330024, -25.527323 -1.288462, -25.510308 -1.246899, -25.493292 -1.205337, -25.476277 -1.163775, -25.459263 -1.122212, -25.442249 -1.080650, -25.425236 -1.039087, -25.408223 -0.997524, -25.391210 -0.955961, -25.374198 -0.914398, -25.357187 -0.872835, -25.340175 -0.831272, -25.323164 -0.789709, -25.306154 -0.748146, -25.289143 -0.706583, -25.272133 -0.665019, -25.255124 -0.623456, -25.238114 -0.581892, -25.221105 -0.540329, -25.204096 -0.498765, -25.187087 -0.457202, -25.170079 -0.415638, -25.153070 -0.374074, -25.136062 -0.332511, -25.119054 -0.290947, -25.102046 -0.249383, -25.085038 -0.207819, -25.068030 -0.166255, -25.051023 -0.124692, -25.034015 -0.083128, -25.017008 -0.041564, -25.000000 0.000000, -24.990853 0.043995, -24.981706 0.087990, -24.972559 0.131984, -24.963412 0.175979, -24.954265 0.219974, -24.945117 0.263969, -24.935970 0.307964, -24.926823 0.351958, -24.917675 0.395953, -24.908528 0.439948, -24.899380 0.483942, -24.890233 0.527937, -24.881085 0.571932, -24.871937 0.615927, -24.862788 0.659921, -24.853640 0.703916, -24.844492 0.747911, -24.835343 0.791905, -24.826194 0.835900, -24.817045 0.879894, -24.807896 0.923889, -24.798746 0.967884, -24.789596 1.011878, -24.780446 1.055873, -24.771296 1.099867, -24.762146 1.143861, -24.752995 1.187856, -24.743844 1.231850, -24.734692 1.275845, -24.725540 1.319839, -24.716388 1.363833, -24.707236 1.407827, -24.698083 1.451822, -24.688930 1.495816, -24.679777 1.539810, -24.670623 1.583804, -24.661469 1.627798, -24.652314 1.671792, -24.643159 1.715786, -24.634004 1.759780, -24.624848 1.803774, -24.615691 1.847768, -24.606535 1.891761, -24.597377 1.935755, -24.588220 1.979749, -24.579061 2.023742, -24.569903 2.067736, -24.560744 2.111729, -24.551584 2.155723, -24.542424 2.199716, -24.533263 2.243710, -24.524101 2.287703, -24.514939 2.331696, -24.505777 2.375690, -24.496614 2.419683, -24.487450 2.463676, -24.478286 2.507669, -24.469121 2.551662, -24.459956 2.595655, -24.450789 2.639647, -24.441623 2.683640, -24.432455 2.727633, -24.423287 2.771625, -24.414118 2.815618, -24.404949 2.859610, -24.395779 2.903603, -24.386608 2.947595, -24.377436 2.991587, -24.368264 3.035579, -24.359090 3.079571, -24.349917 3.123564, -24.340742 3.167555, -24.331566 3.211547, -24.322390 3.255539, -24.313213 3.299531, -24.304035 3.343522, -24.294857 3.387514, -24.285677 3.431505, -24.276497 3.475497, -24.267316 3.519488, -24.258134 3.563479, -24.248951 3.607470, -24.239767 3.651461, -24.230582 3.695452, -24.221396 3.739443, -24.212210 3.783433, -24.203022 3.827424, -24.193834 3.871414, -24.184644 3.915405, -24.175454 3.959395, -24.166263 4.003385, -24.157070 4.047375, -24.147877 4.091365, -24.138683 4.135355, -24.129487 4.179345, -24.120291 4.223335, -24.111094 4.267324, -24.101895 4.311314, -24.092696 4.355303, -24.083495 4.399292, -24.074293 4.443281, -24.065090 4.487270, -24.055886 4.531259, -24.046681 4.575248, -24.037475 4.619237, -24.028268 4.663225, -24.019059 4.707214, -24.009850 4.751202, -24.000639 4.795190, -23.991427 4.839178, -23.982214 4.883166, -23.972999 4.927154, -23.963784 4.971141, -23.954567 5.015129, -23.945349 5.059116, -23.936129 5.103104, -23.926909 5.147091, -23.917687 5.191078, -23.908464 5.235065, -23.899239 5.279051, -23.890014 5.323038, -23.880786 5.367024, -23.871558 5.411011, -23.862328 5.454997, -23.853097 5.498983, -23.843865 5.542969, -23.834631 5.586955, -23.825396 5.630940, -23.816159 5.674926, -23.806921 5.718911, -23.797681 5.762896, -23.788440 5.806881, -23.779198 5.850866, -23.769954 5.894851, -23.760709 5.938836, -23.751462 5.982820, -23.742214 6.026804, -23.732964 6.070788, -23.723713 6.114772, -23.714460 6.158756, -23.705206 6.202740, -23.695950 6.246723, -23.686693 6.290707, -23.677434 6.334690, -23.668173 6.378673, -23.658911 6.422656, -23.649647 6.466638, -23.640382 6.510621, -23.631115 6.554603, -23.621846 6.598585, -23.612576 6.642567, -23.603304 6.686549, -23.594031 6.730531, -23.584755 6.774512, -23.575478 6.818493, -23.566200 6.862475, -23.556919 6.906455, -23.547637 6.950436, -23.538353 6.994417, -23.529068 7.038397, -23.519780 7.082377, -23.510491 7.126357, -23.501200 7.170337, -23.491908 7.214317, -23.482613 7.258296, -23.473317 7.302276, -23.464019 7.346255, -23.454719 7.390234, -23.445417 7.434212, -23.436113 7.478191, -23.426808 7.522169, -23.417500 7.566147, -23.408191 7.610125, -23.398879 7.654103, -23.389566 7.698080, -23.380251 7.742058, -23.370934 7.786035, -23.361615 7.830012, -23.352294 7.873988, -23.342971 7.917965, -23.333646 7.961941, -23.324319 8.005917, -23.314990 8.049893, -23.305659 8.093869, -23.296326 8.137844, -23.286991 8.181820, -23.277654 8.225795, -23.268315 8.269769, -23.258973 8.313744, -23.249630 8.357718, -23.240284 8.401693, -23.230937 8.445666, -23.221587 8.489640, -23.212235 8.533614, -23.202881 8.577587, -23.193525 8.621560, -23.184166 8.665533, -23.174806 8.709505, -23.165443 8.753478, -23.156078 8.797450, -23.146711 8.841422, -23.137341 8.885393, -23.127970 8.929365, -23.118596 8.973336, -23.109219 9.017307, -23.099841 9.061278, -23.090460 9.105248, -23.081077 9.149218, -23.071691 9.193188, -23.062304 9.237158, -23.052913 9.281128, -23.043521 9.325097, -23.034126 9.369066, -23.024729 9.413035, -23.015329 9.457003, -23.005927 9.500972, -22.996523 9.544940, -22.987116 9.588907, -22.977707 9.632875, -22.968295 9.676842, -22.958881 9.720809, -22.949464 9.764776, -22.940045 9.808742, -22.930623 9.852709, -22.921199 9.896675, -22.911772 9.940640, -22.902343 9.984606, -22.892911 10.028571, -22.883477 10.072536, -22.874040 10.116501, -22.864600 10.160465, -22.855158 10.204429, -22.845713 10.248393, -22.836266 10.292356, -22.826816 10.336320, -22.817363 10.380283, -22.807908 10.424246, -22.798450 10.468208, -22.788990 10.512170, -22.779526 10.556132, -22.770060 10.600094, -22.760591 10.644055, -22.751120 10.688016, -22.741646 10.731977, -22.732169 10.775937, -22.722689 10.819898, -22.713206 10.863857, -22.703721 10.907817, -22.694233 10.951776, -22.684742 10.995735, -22.675248 11.039694, -22.665752 11.083653, -22.656252 11.127611, -22.646750 11.171569, -22.637245 11.215526, -22.627736 11.259483, -22.618225 11.303440, -22.608711 11.347397, -22.599195 11.391353, -22.589675 11.435309, -22.580152 11.479265, -22.570626 11.523220, -22.561098 11.567175, -22.551566 11.611130, -22.542031 11.655085, -22.532493 11.699039, -22.522953 11.742993, -22.513409 11.786946, -22.503862 11.830899, -22.494312 11.874852, -22.484759 11.918805, -22.475203 11.962757, -22.465644 12.006709, -22.456081 12.050661, -22.446516 12.094612, -22.436947 12.138563, -22.427375 12.182514, -22.417801 12.226464, -22.408222 12.270414, -22.398641 12.314363, -22.389057 12.358313, -22.379469 12.402262, -22.369878 12.446210, -22.360284 12.490159, -22.350686 12.534107, -22.341085 12.578054, -22.331481 12.622001, -22.321874 12.665948, -22.312263 12.709895, -22.302649 12.753841, -22.293032 12.797787, -22.283411 12.841733, -22.273787 12.885678, -22.264160 12.929623, -22.254529 12.973567, -22.244895 13.017511, -22.235257 13.061455, -22.225616 13.105398, -22.215971 13.149341, -22.206323 13.193284, -22.196672 13.237226, -22.187017 13.281168, -22.177359 13.325110, -22.167697 13.369051, -22.158031 13.412992, -22.148362 13.456933, -22.138690 13.500873, -22.129014 13.544812, -22.119334 13.588752, -22.109651 13.632691, -22.099964 13.676629, -22.090273 13.720568, -22.080579 13.764506, -22.070881 13.808443, -22.061180 13.852380, -22.051475 13.896317, -22.041766 13.940253, -22.032054 13.984189, -22.022338 14.028125, -22.012618 14.072060, -22.002894 14.115995, -21.993167 14.159929, -21.983436 14.203863, -21.973701 14.247797, -21.963962 14.291730, -21.954219 14.335663, -21.944473 14.379596, -21.934723 14.423528, -21.924969 14.467459, -21.915211 14.511390, -21.905449 14.555321, -21.895684 14.599252, -21.885914 14.643182, -21.876140 14.687111, -21.866363 14.731041, -21.856582 14.774969, -21.846796 14.818898, -21.837007 14.862826, -21.827214 14.906753, -21.817417 14.950681, -21.807615 14.994607, -21.797810 15.038534, -21.788001 15.082459, -21.778188 15.126385, -21.768370 15.170310, -21.758549 15.214235, -21.748723 15.258159, -21.738893 15.302083, -21.729059 15.346006, -21.719221 15.389929, -21.709379 15.433851, -21.699533 15.477773, -21.689682 15.521695, -21.679828 15.565616, -21.669969 15.609537, -21.660106 15.653457, -21.650238 15.697377, -21.640367 15.741296, -21.630491 15.785215, -21.620611 15.829134, -21.610726 15.873052, -21.600837 15.916970, -21.590944 15.960887, -21.581047 16.004803, -21.571145 16.048720, -21.561239 16.092636, -21.551328 16.136551, -21.541414 16.180466, -21.531494 16.224380, -21.521570 16.268294, -21.511642 16.312208, -21.501710 16.356121, -21.491772 16.400033, -21.481831 16.443945, -21.471885 16.487857, -21.461934 16.531768, -21.451979 16.575679, -21.442019 16.619589, -21.432055 16.663499, -21.422086 16.707408, -21.412113 16.751317, -21.402135 16.795225, -21.392152 16.839133, -21.382165 16.883041, -21.372173 16.926947, -21.362176 16.970854, -21.352175 17.014760, -21.342169 17.058665, -21.332158 17.102570, -21.322143 17.146475, -21.312123 17.190378, -21.302098 17.234282, -21.292069 17.278185, -21.282034 17.322087, -21.271995 17.365989, -21.261951 17.409891, -21.251902 17.453792, -21.241848 17.497692, -21.231790 17.541592, -21.221726 17.585491, -21.211658 17.629390, -21.201585 17.673289, -21.191507 17.717187, -21.181424 17.761084, -21.171336 17.804981, -21.161243 17.848877, -21.151145 17.892773, -21.141042 17.936668, -21.130934 17.980563, -21.120821 18.024457, -21.110703 18.068351, -21.100580 18.112244, -21.090451 18.156137, -21.080318 18.200029, -21.070180 18.243921, -21.060036 18.287812, -21.049888 18.331703, -21.039734 18.375593, -21.029575 18.419482, -21.019411 18.463371, -21.009241 18.507259, -20.999067 18.551147, -20.988887 18.595034, -20.978702 18.638921, -20.968512 18.682807, -20.958316 18.726693, -20.948115 18.770578, -20.937909 18.814463, -20.927698 18.858347, -20.917481 18.902230, -20.907259 18.946113, -20.897031 18.989995, -20.886798 19.033877, -20.876560 19.077758, -20.866316 19.121639, -20.856067 19.165519, -20.845812 19.209399, -20.835552 19.253277, -20.825286 19.297156, -20.815015 19.341034, -20.804738 19.384911, -20.794456 19.428787, -20.784168 19.472663, -20.773875 19.516539, -20.763576 19.560414, -20.753271 19.604288, -20.742961 19.648162, -20.732645 19.692035, -20.722323 19.735907, -20.711996 19.779779, -20.701663 19.823651, -20.691325 19.867522, -20.680981 19.911392, -20.670631 19.955261, -20.660275 19.999130, -20.649913 20.042999, -20.639546 20.086866, -20.629173 20.130733, -20.618794 20.174600, -20.608409 20.218466, -20.598018 20.262331, -20.587622 20.306196, -20.577219 20.350060, -20.566811 20.393924, -20.556397 20.437786, -20.545976 20.481649, -20.535550 20.525510, -20.525118 20.569371, -20.514680 20.613232, -20.504236 20.657091, -20.493786 20.700950, -20.483329 20.744809, -20.472867 20.788667, -20.462399 20.832524, -20.451924 20.876381, -20.441444 20.920237, -20.430957 20.964092, -20.420464 21.007947, -20.409965 21.051801, -20.399460 21.095654, -20.388948 21.139507, -20.378430 21.183359, -20.367907 21.227210, -20.357376 21.271061, -20.346840 21.314911, -20.336297 21.358760, -20.325748 21.402609, -20.315193 21.446457, -20.304631 21.490305, -20.294063 21.534152, -20.283488 21.577998, -20.272907 21.621843, -20.262320 21.665688, -20.251726 21.709532, -20.241126 21.753376, -20.230519 21.797219, -20.219906 21.841061, -20.209287 21.884902, -20.198660 21.928743, -20.188027 21.972583, -20.177388 22.016422, -20.166742 22.060261, -20.156090 22.104099, -20.145431 22.147936, -20.134765 22.191773, -20.124092 22.235609, -20.113413 22.279444, -20.102727 22.323279, -20.092035 22.367113, -20.081335 22.410946, -20.070629 22.454778, -20.059917 22.498610, -20.049197 22.542441, -20.038471 22.586271, -20.027737 22.630101, -20.016997 22.673930, -20.006250 22.717758, -19.995497 22.761585, -19.984736 22.805412, -19.973968 22.849238, -19.963194 22.893063, -19.952412 22.936888, -19.941623 22.980712, -19.930828 23.024535, -19.920025 23.068357, -19.909216 23.112179, -19.898399 23.155999, -19.887575 23.199820, -19.876744 23.243639, -19.865906 23.287458, -19.855061 23.331276, -19.844209 23.375093, -19.833350 23.418909, -19.822483 23.462725, -19.811609 23.506540, -19.800728 23.550354, -19.789840 23.594167, -19.778944 23.637980, -19.768041 23.681792, -19.757131 23.725603, -19.746213 23.769413, -19.735288 23.813223, -19.724356 23.857032, -19.713416 23.900840, -19.702469 23.944647, -19.691515 23.988454, -19.680553 24.032259, -19.669583 24.076064, -19.658606 24.119868, -19.647622 24.163672, -19.636630 24.207474, -19.625630 24.251276, -19.614623 24.295077, -19.603608 24.338877, -19.592586 24.382677, -19.581556 24.426475, -19.570518 24.470273, -19.559473 24.514070, -19.548420 24.557866, -19.537359 24.601662, -19.526290 24.645456, -19.515214 24.689250, -19.504130 24.733043, -19.493038 24.776835, -19.481938 24.820626, -19.470831 24.864417, -19.459715 24.908207, -19.448592 24.951996, -19.437461 24.995784, -19.426321 25.039571, -19.415174 25.083357, -19.404019 25.127143, -19.392856 25.170927, -19.381685 25.214711, -19.370506 25.258494, -19.359318 25.302277, -19.348123 25.346058, -19.336920 25.389838, -19.325708 25.433618, -19.314488 25.477397, -19.303260 25.521175, -19.292024 25.564952, -19.280780 25.608728, -19.269528 25.652503, -19.258267 25.696278, -19.246998 25.740052, -19.235720 25.783824, -19.224434 25.827596, -19.213140 25.871367, -19.201838 25.915137, -19.190527 25.958907, -19.179208 26.002675, -19.167880 26.046443, -19.156544 26.090209, -19.145199 26.133975, -19.133846 26.177740, -19.122485 26.221504, -19.111114 26.265267, -19.099736 26.309029, -19.088348 26.352790, -19.076952 26.396551, -19.065547 26.440310, -19.054134 26.484069, -19.042712 26.527826, -19.031281 26.571583, -19.019842 26.615339, -19.008394 26.659094, -18.996937 26.702848, -18.985471 26.746601, -18.973996 26.790353, -18.962513 26.834104, -18.951020 26.877855, -18.939519 26.921604, -18.928009 26.965352, -18.916490 27.009100, -18.904962 27.052847, -18.893425 27.096592, -18.881878 27.140337, -18.870323 27.184081, -18.858759 27.227823, -18.847186 27.271565, -18.835603 27.315306, -18.824012 27.359046, -18.812411 27.402785, -18.800801 27.446523, -18.789182 27.490260, -18.777554 27.533996, -18.765916 27.577731, -18.754269 27.621465, -18.742613 27.665199, -18.730947 27.708931, -18.719273 27.752662, -18.707588 27.796392, -18.695895 27.840122, -18.684192 27.883850, -18.672479 27.927577, -18.660757 27.971303, -18.649025 28.015029, -18.637284 28.058753, -18.625534 28.102476, -18.613773 28.146199, -18.602004 28.189920, -18.590224 28.233640, -18.578435 28.277359, -18.566636 28.321078, -18.554828 28.364795, -18.543010 28.408511, -18.531182 28.452226, -18.519344 28.495941, -18.507496 28.539654, -18.495639 28.583366, -18.483771 28.627077, -18.471894 28.670787, -18.460007 28.714496, -18.448110 28.758204, -18.436203 28.801911, -18.424286 28.845617, -18.412359 28.889322, -18.400422 28.933025, -18.388475 28.976728, -18.376518 29.020430, -18.364551 29.064131, -18.352573 29.107830, -18.340585 29.151529, -18.328588 29.195226, -18.316579 29.238922, -18.304561 29.282618, -18.292532 29.326312, -18.280494 29.370005, -18.268444 29.413697, -18.256385 29.457388, -18.244315 29.501078, -18.232234 29.544767, -18.220143 29.588454, -18.208042 29.632141, -18.195930 29.675826, -18.183808 29.719511, -18.171675 29.763194, -18.159531 29.806876, -18.147377 29.850557, -18.135212 29.894237, -18.123037 29.937916, -18.110850 29.981594, -18.098654 30.025270, -18.086446 30.068946, -18.074227 30.112620, -18.061998 30.156294, -18.049758 30.199966, -18.037507 30.243637, -18.025245 30.287306, -18.012973 30.330975, -18.000689 30.374642, -17.988394 30.418309, -17.976089 30.461974, -17.963772 30.505638, -17.951444 30.549301, -17.939105 30.592963, -17.926755 30.636623, -17.914394 30.680283, -17.902022 30.723941, -17.889638 30.767598, -17.877243 30.811254, -17.864837 30.854908, -17.852420 30.898562, -17.839991 30.942214, -17.827551 30.985865, -17.815100 31.029515, -17.802637 31.073164, -17.790163 31.116812, -17.777677 31.160458, -17.765180 31.204103, -17.752671 31.247747, -17.740151 31.291390, -17.727619 31.335031, -17.715075 31.378671, -17.702520 31.422310, -17.689953 31.465948, -17.677374 31.509585, -17.664784 31.553220, -17.652181 31.596854, -17.639567 31.640487, -17.626942 31.684119, -17.614304 31.727749, -17.601654 31.771379, -17.588993 31.815006, -17.576319 31.858633, -17.563633 31.902258, -17.550936 31.945883, -17.538226 31.989505, -17.525504 32.033127, -17.512771 32.076747, -17.500025 32.120366, -17.487266 32.163984, -17.474496 32.207601, -17.461713 32.251216, -17.448918 32.294830, -17.436111 32.338442, -17.423291 32.382054, -17.410459 32.425664, -17.397615 32.469273, -17.384758 32.512880, -17.371889 32.556486, -17.359007 32.600091, -17.346112 32.643694, -17.333205 32.687297, -17.320286 32.730897, -17.307353 32.774497, -17.294409 32.818095, -17.281451 32.861692, -17.268480 32.905288, -17.255497 32.948882, -17.242501 32.992475, -17.229493 33.036066, -17.216471 33.079656, -17.203436 33.123245, -17.190389 33.166832, -17.177328 33.210419, -17.164255 33.254003, -17.151168 33.297587, -17.138068 33.341168, -17.124955 33.384749, -17.111830 33.428328, -17.098690 33.471906, -17.085538 33.515483, -17.072372 33.559058, -17.059193 33.602631, -17.046001 33.646203, -17.032796 33.689774, -17.019577 33.733344, -17.006344 33.776912, -16.993098 33.820478, -16.979839 33.864044, -16.966566 33.907607, -16.953279 33.951170, -16.939979 33.994731, -16.926666 34.038290, -16.913338 34.081848, -16.899997 34.125405, -16.886642 34.168960, -16.873273 34.212514, -16.859891 34.256066, -16.846494 34.299617, -16.833084 34.343166, -16.819660 34.386714, -16.806222 34.430260, -16.792770 34.473805, -16.779303 34.517349, -16.765823 34.560891, -16.752329 34.604431, -16.738820 34.647970, -16.725297 34.691508, -16.711760 34.735044, -16.698209 34.778578, -16.684643 34.822111, -16.671063 34.865643, -16.657469 34.909173, -16.643860 34.952701, -16.630237 34.996228, -16.616599 35.039754, -16.602947 35.083278, -16.589280 35.126800, -16.575598 35.170321, -16.561902 35.213840, -16.548192 35.257358, -16.534466 35.300874, -16.520726 35.344389, -16.506971 35.387902, -16.493201 35.431414, -16.479416 35.474924, -16.465616 35.518432, -16.451801 35.561939, -16.437971 35.605444, -16.424127 35.648948, -16.410267 35.692450, -16.396392 35.735951, -16.382502 35.779450, -16.368596 35.822947, -16.354676 35.866443, -16.340740 35.909937, -16.326788 35.953429, -16.312822 35.996920, -16.298840 36.040409, -16.284842 36.083897, -16.270829 36.127383, -16.256801 36.170867, -16.242757 36.214350, -16.228697 36.257831, -16.214621 36.301311, -16.200530 36.344788, -16.186424 36.388265, -16.172301 36.431739, -16.158163 36.475212, -16.144008 36.518683, -16.129838 36.562153, -16.115652 36.605620, -16.101450 36.649086, -16.087231 36.692551, -16.072997 36.736014, -16.058747 36.779475, -16.044480 36.822934, -16.030197 36.866392, -16.015898 36.909847, -16.001583 36.953302, -15.987251 36.996754, -15.972903 37.040205, -15.958539 37.083654, -15.944158 37.127101, -15.929760 37.170547, -15.915346 37.213991, -15.900915 37.257433, -15.886468 37.300873, -15.872004 37.344311, -15.857523 37.387748, -15.843025 37.431183, -15.828511 37.474616, -15.813980 37.518048, -15.799432 37.561478, -15.784866 37.604906, -15.770284 37.648332, -15.755685 37.691756, -15.741069 37.735178, -15.726435 37.778599, -15.711784 37.822018, -15.697116 37.865435, -15.682431 37.908850, -15.667728 37.952264, -15.653008 37.995675, -15.638271 38.039085, -15.623516 38.082493, -15.608744 38.125899, -15.593954 38.169303, -15.579146 38.212706, -15.564321 38.256106, -15.549478 38.299505, -15.534617 38.342901, -15.519738 38.386296, -15.504842 38.429689, -15.489927 38.473080, -15.474995 38.516470, -15.460045 38.559857, -15.445076 38.603242, -15.430090 38.646626, -15.415085 38.690007, -15.400062 38.733387, -15.385021 38.776765, -15.369961 38.820141, -15.354883 38.863515, -15.339787 38.906886, -15.324673 38.950256, -15.309539 38.993624, -15.294388 39.036991, -15.279217 39.080355, -15.264028 39.123717, -15.248820 39.167077, -15.233594 39.210435, -15.218349 39.253791, -15.203084 39.297146, -15.187801 39.340498, -15.172499 39.383848, -15.157178 39.427196, -15.141838 39.470542, -15.126479 39.513887, -15.111100 39.557229, -15.095703 39.600569, -15.080286 39.643907, -15.064849 39.687243, -15.049394 39.730577, -15.033919 39.773909, -15.018424 39.817239, -15.002910 39.860567, -14.987376 39.903893, -14.971822 39.947216, -14.956249 39.990538, -14.940656 40.033857, -14.925044 40.077175, -14.909411 40.120490, -14.893758 40.163803, -14.878086 40.207115, -14.862393 40.250424, -14.846681 40.293730, -14.830948 40.337035, -14.815195 40.380338, -14.799422 40.423638, -14.783628 40.466937, -14.767814 40.510233, -14.751979 40.553527, -14.736125 40.596819, -14.720249 40.640108, -14.704353 40.683396, -14.688436 40.726681, -14.672499 40.769964, -14.656541 40.813245, -14.640562 40.856524, -14.624562 40.899800, -14.608541 40.943075, -14.592499 40.986347, -14.576436 41.029617, -14.560352 41.072884, -14.544247 41.116150, -14.528120 41.159413, -14.511972 41.202674, -14.495803 41.245933, -14.479612 41.289189, -14.463400 41.332443, -14.447167 41.375695, -14.430911 41.418944, -14.414635 41.462192, -14.398336 41.505437, -14.382016 41.548679, -14.365673 41.591920, -14.349309 41.635158, -14.332923 41.678393, -14.316515 41.721627, -14.300085 41.764858, -14.283632 41.808086, -14.267157 41.851313, -14.250661 41.894537, -14.234141 41.937758, -14.217600 41.980978, -14.201036 42.024194, -14.184449 42.067409, -14.167840 42.110621, -14.151208 42.153831, -14.134553 42.197038, -14.117876 42.240243, -14.101175 42.283445, -14.084452 42.326645, -14.067706 42.369843, -14.050937 42.413038, -14.034144 42.456231, -14.017329 42.499421, -14.000490 42.542609, -13.983628 42.585794, -13.966742 42.628977, -13.949834 42.672157, -13.932901 42.715335, -13.915945 42.758511, -13.898965 42.801683, -13.881962 42.844854, -13.864935 42.888022, -13.847884 42.931187, -13.830809 42.974350, -13.813710 43.017510, -13.796587 43.060668, -13.779440 43.103823, -13.762269 43.146975, -13.745073 43.190125, -13.727854 43.233273, -13.710609 43.276418, -13.693341 43.319560, -13.676047 43.362700, -13.658730 43.405837, -13.641387 43.448971, -13.624020 43.492103, -13.606628 43.535232, -13.589211 43.578358, -13.571769 43.621482, -13.554302 43.664604, -13.536809 43.707722, -13.519292 43.750838, -13.501750 43.793951, -13.484182 43.837062, -13.466588 43.880169, -13.448970 43.923275, -13.431325 43.966377, -13.413655 44.009477, -13.395960 44.052574, -13.378238 44.095668, -13.360491 44.138759, -13.342718 44.181848, -13.324919 44.224934, -13.307093 44.268017, -13.289242 44.311098, -13.271364 44.354175, -13.253460 44.397250, -13.235530 44.440322, -13.217573 44.483391, -13.199590 44.526458, -13.181580 44.569521, -13.163543 44.612582, -13.145480 44.655640, -13.127390 44.698695, -13.109273 44.741747, -13.091128 44.784797, -13.072957 44.827843, -13.054759 44.870887, -13.036533 44.913927, -13.018280 44.956965, -13.000000 45.000000, -12.955360 45.031774, -12.910670 45.063530, -12.865931 45.095268, -12.821142 45.126990, -12.776303 45.158693, -12.731414 45.190380, -12.686475 45.222048, -12.641486 45.253699, -12.596447 45.285332, -12.551358 45.316948, -12.506218 45.348546, -12.461028 45.380125, -12.415788 45.411688, -12.370497 45.443232, -12.325155 45.474758, -12.279762 45.506266, -12.234319 45.537757, -12.188825 45.569229, -12.143279 45.600683, -12.097683 45.632119, -12.052035 45.663537, -12.006337 45.694937, -11.960587 45.726319, -11.914785 45.757682, -11.868932 45.789027, -11.823027 45.820353, -11.777071 45.851661, -11.731063 45.882951, -11.685003 45.914222, -11.638892 45.945475, -11.592728 45.976709, -11.546512 46.007925, -11.500244 46.039122, -11.453923 46.070300, -11.407551 46.101459, -11.361126 46.132600, -11.314648 46.163722, -11.268118 46.194825, -11.221535 46.225909, -11.174899 46.256974, -11.128211 46.288020, -11.081469 46.319047, -11.034675 46.350056, -10.987827 46.381045, -10.940927 46.412014, -10.893973 46.442965, -10.846965 46.473896, -10.799904 46.504809, -10.752790 46.535701, -10.705622 46.566575, -10.658400 46.597429, -10.611125 46.628263, -10.563795 46.659078, -10.516412 46.689874, -10.468975 46.720650, -10.421483 46.751406, -10.373937 46.782143, -10.326337 46.812860, -10.278683 46.843557, -10.230974 46.874234, -10.183210 46.904892, -10.135392 46.935530, -10.087520 46.966147, -10.039592 46.996745, -9.991609 47.027323, -9.943572 47.057881, -9.895479 47.088418, -9.847331 47.118936, -9.799128 47.149433, -9.750870 47.179910, -9.702556 47.210367, -9.654187 47.240803, -9.605762 47.271219, -9.557282 47.301614, -9.508745 47.331989, -9.460153 47.362344, -9.411505 47.392678, -9.362801 47.422991, -9.314041 47.453284, -9.265224 47.483556, -9.216352 47.513808, -9.167423 47.544038, -9.118437 47.574248, -9.069395 47.604437, -9.020297 47.634605, -8.971141 47.664752, -8.921929 47.694877, -8.872660 47.724982, -8.823334 47.755066, -8.773951 47.785129, -8.724511 47.815170, -8.675014 47.845190, -8.625459 47.875189, -8.575847 47.905166, -8.526178 47.935122, -8.476451 47.965057, -8.426666 47.994970, -8.376824 48.024862, -8.326923 48.054732, -8.276965 48.084580, -8.226949 48.114407, -8.176875 48.144212, -8.126742 48.173995, -8.076551 48.203756, -8.026302 48.233496, -7.975995 48.263214, -7.925629 48.292909, -7.875204 48.322583, -7.824721 48.352234, -7.774179 48.381864, -7.723578 48.411471, -7.672919 48.441056, -7.622200 48.470619, -7.571422 48.500159, -7.520585 48.529677, -7.469688 48.559173, -7.418733 48.588646, -7.367717 48.618097, -7.316643 48.647525, -7.265508 48.676931, -7.214314 48.706314, -7.163060 48.735674, -7.111747 48.765012, -7.060373 48.794326, -7.008939 48.823618, -6.957445 48.852887, -6.905891 48.882133, -6.854277 48.911356, -6.802602 48.940556, -6.750867 48.969733, -6.699071 48.998886, -6.647214 49.028017, -6.595297 49.057124, -6.543319 49.086207, -6.491280 49.115268, -6.439180 49.144305, -6.387019 49.173319, -6.334797 49.202309, -6.282514 49.231275, -6.230169 49.260218, -6.177763 49.289137, -6.125295 49.318033, -6.072766 49.346904, -6.020175 49.375752, -5.967522 49.404576, -5.914808 49.433376, -5.862032 49.462152, -5.809193 49.490904, -5.756293 49.519632, -5.703330 49.548336, -5.650306 49.577015, -5.597218 49.605671, -5.544069 49.634302, -5.490857 49.662908, -5.437582 49.691490, -5.384245 49.720048, -5.330845 49.748582, -5.277382 49.777090, -5.223856 49.805574, -5.170267 49.834034, -5.116615 49.862468, -5.062900 49.890878, -5.009122 49.919263, -4.955280 49.947623, -4.901375 49.975958, -4.847407 50.004268, -4.793374 50.032554, -4.739279 50.060814, -4.685119 50.089048, -4.630896 50.117258, -4.576609 50.145442, -4.522257 50.173601, -4.467842 50.201735, -4.413362 50.229843, -4.358819 50.257926, -4.304211 50.285983, -4.249538 50.314014, -4.194801 50.342020, -4.140000 50.370000))
