MULTILINESTRING ((-6.890000 37.230000, -6.906746 37.217156, -6.923507 37.204232, -6.940282 37.191227, -6.957073 37.178143, -6.973878 37.164980, -6.990698 37.151738, -7.007531 37.138417, -7.024380 37.125018, -7.041242 37.111542, -7.058118 37.097987, -7.075009 37.084356, -7.091913 37.070648, -7.108830 37.056864, -7.125761 37.043004, -7.142706 37.029068, -7.159664 37.015057, -7.176634 37.000971, -7.193618 36.986810, -7.210615 36.972576, -7.227625 36.958268, -7.244647 36.943886, -7.261682 36.929431, -7.278729 36.914904, -7.295788 36.900304, -7.312860 36.885633, -7.329944 36.870890, -7.347039 36.856076, -7.364147 36.841191, -7.381266 36.826236, -7.398397 36.811211, -7.415539 36.796116, -7.432693 36.780951, -7.449858 36.765718, -7.467034 36.750417, -7.484221 36.735047, -7.501419 36.719609, -7.518627 36.704104, -7.535847 36.688532, -7.553077 36.672894, -7.570317 36.657189, -7.587568 36.641418, -7.604829 36.625582, -7.622100 36.609680, -7.639381 36.593714, -7.656672 36.577683, -7.673973 36.561588, -7.691284 36.545430, -7.708604 36.529208, -7.725933 36.512924, -7.743272 36.496576, -7.760620 36.480167, -7.777978 36.463696, -7.795344 36.447164, -7.812719 36.430570, -7.830104 36.413916, -7.847497 36.397201, -7.864898 36.380427, -7.882308 36.363593, -7.899727 36.346700, -7.917154 36.329749, -7.934589 36.312738, -7.952032 36.295670, -7.969483 36.278544, -7.986942 36.261361, -8.004409 36.244121, -8.021884 36.226825, -8.039366 36.209472, -8.056856 36.192064, -8.074353 36.174600, -8.091858 36.157082, -8.109370 36.139509, -8.126889 36.121881, -8.144415 36.104200, -8.161948 36.086465, -8.179488 36.068677, -8.197034 36.050836, -8.214588 36.032943, -8.232148 36.014998, -8.249714 35.997002, -8.267287 35.978954, -8.284866 35.960855, -8.302451 35.942706, -8.320042 35.924507, -8.337640 35.906258, -8.355243 35.887960, -8.372853 35.869613, -8.390468 35.851217, -8.408088 35.832773, -8.425715 35.814281, -8.443346 35.795742, -8.460984 35.777156, -8.478626 35.758523, -8.496274 35.739844, -8.513927 35.721119, -8.531585 35.702348, -8.549248 35.683533, -8.566916 35.664672, -8.584589 35.645767, -8.602267 35.626818, -8.619949 35.607826, -8.637636 35.588790, -8.655327 35.569711, -8.673023 35.550590, -8.690723 35.531426, -8.708428 35.512221, -8.726136 35.492975, -8.743849 35.473687, -8.761566 35.454359, -8.779287 35.434991, -8.797011 35.415582, -8.814740 35.396135, -8.832472 35.376648, -8.850208 35.357122, -8.867948 35.337558, -8.885691 35.317957, -8.903437 35.298317, -8.921187 35.278640, -8.938940 35.258927, -8.956697 35.239177, -8.974456 35.219391, -8.992219 35.199569, -9.009985 35.179712, -9.027753 35.159820, -9.045525 35.139893, -9.063299 35.119932, -9.081076 35.099938, -9.098856 35.079909, -9.116639 35.059848, -9.134424 35.039754, -9.152211 35.019628, -9.170001 34.999470, -9.187793 34.979280, -9.205588 34.959059, -9.223385 34.938808, -9.241184 34.918526, -9.258985 34.898213, -9.276788 34.877872, -9.294593 34.857500, -9.312401 34.837100, -9.330210 34.816672, -9.348020 34.796215, -9.365833 34.775730, -9.383647 34.755218, -9.401463 34.734679, -9.419281 34.714113, -9.437100 34.693521, -9.454920 34.672903, -9.472742 34.652260, -9.490565 34.631591, -9.508390 34.610897, -9.526216 34.590179, -9.544043 34.569437, -9.561871 34.548672, -9.579700 34.527883, -9.597530 34.507071, -9.615362 34.486236, -9.633194 34.465379, -9.651027 34.444501, -9.668861 34.423601, -9.686696 34.402680, -9.704531 34.381738, -9.722367 34.360776, -9.740204 34.339794, -9.758042 34.318793, -9.775880 34.297772, -9.793718 34.276732, -9.811557 34.255674, -9.829396 34.234598, -9.847236 34.213504, -9.865076 34.192393, -9.882917 34.171265, -9.900757 34.150120, -9.918598 34.128959, -9.936439 34.107782, -9.954280 34.086589, -9.972121 34.065382, -9.989963 34.044159, -10.007804 34.022923, -10.025645 34.001672, -10.043486 33.980408, -10.061327 33.959130, -10.079168 33.937839, -10.097009 33.916536, -10.114849 33.895221, -10.132689 33.873894, -10.150529 33.852555, -10.168369 33.831206, -10.186208 33.809846, -10.204047 33.788475, -10.221885 33.767094, -10.239723 33.745704, -10.257560 33.724305, -10.275397 33.702896, -10.293233 33.681480, -10.311069 33.660055, -10.328904 33.638622, -10.346738 33.617182, -10.364572 33.595735, -10.382405 33.574281, -10.400237 33.552821, -10.418069 33.531355, -10.435900 33.509883, -10.453729 33.488406, -10.471558 33.466924, -10.489387 33.445438, -10.507214 33.423948, -10.525040 33.402454, -10.542866 33.380956, -10.560690 33.359456, -10.578513 33.337952, -10.596336 33.316447, -10.614157 33.294939, -10.631977 33.273430, -10.649796 33.251920, -10.667615 33.230409, -10.685432 33.208897, -10.703247 33.187385, -10.721062 33.165874, -10.738875 33.144363, -10.756688 33.122853, -10.774499 33.101344, -10.792309 33.079837, -10.810117 33.058332, -10.827924 33.036829, -10.845730 33.015329, -10.863535 32.993832, -10.881338 32.972338, -10.899140 32.950849, -10.916941 32.929363, -10.934740 32.907882, -10.952538 32.886406, -10.970335 32.864935, -10.988130 32.843470, -11.005924 32.822011, -11.023716 32.800558, -11.041507 32.779111, -11.059296 32.757672, -11.077084 32.736240, -11.094871 32.714816, -11.112656 32.693399, -11.130440 32.671992, -11.148222 32.650593, -11.166002 32.629203, -11.183781 32.607822, -11.201559 32.586452, -11.219335 32.565092, -11.237110 32.543742, -11.254883 32.522403, -11.272654 32.501075, -11.290424 32.479759, -11.308193 32.458455, -11.325960 32.437164, -11.343725 32.415885, -11.361489 32.394619, -11.379251 32.373366, -11.397012 32.352127, -11.414771 32.330902, -11.432529 32.309691, -11.450285 32.288496, -11.468039 32.267315, -11.485792 32.246150, -11.503544 32.225001, -11.521294 32.203867, -11.539042 32.182751, -11.556789 32.161651, -11.574534 32.140568, -11.592278 32.119503, -11.610020 32.098456, -11.627761 32.077427, -11.645500 32.056416, -11.663238 32.035425, -11.680974 32.014453, -11.698709 31.993500, -11.716442 31.972567, -11.734174 31.951655, -11.751904 31.930763, -11.769633 31.909892, -11.787360 31.889043, -11.805086 31.868215, -11.822810 31.847410, -11.840533 31.826626, -11.858255 31.805866, -11.875975 31.785128, -11.893694 31.764414, -11.911411 31.743724, -11.929127 31.723057, -11.946842 31.702416, -11.964555 31.681798, -11.982267 31.661206, -11.999978 31.640640, -12.017687 31.620099, -12.035395 31.599584, -12.053102 31.579096, -12.070808 31.558634, -12.088512 31.538200, -12.106215 31.517793, -12.123917 31.497414, -12.141617 31.477063, -12.159317 31.456741, -12.177015 31.436447, -12.194712 31.416183, -12.212408 31.395948, -12.230103 31.375743, -12.247797 31.355568, -12.265490 31.335423, -12.283182 31.315310, -12.300873 31.295227, -12.318562 31.275176, -12.336251 31.255157, -12.353939 31.235171, -12.371626 31.215216, -12.389312 31.195295, -12.406997 31.175406, -12.424681 31.155552, -12.442365 31.135731, -12.460048 31.115944, -12.477729 31.096192, -12.495411 31.076474, -12.513091 31.056792, -12.530771 31.037145, -12.548450 31.017535, -12.566128 30.997960, -12.583806 30.978422, -12.601483 30.958921, -12.619160 30.939456, -12.636836 30.920030, -12.654511 30.900641, -12.672187 30.881290, -12.689861 30.861978, -12.707536 30.842705, -12.725209 30.823471, -12.742883 30.804276, -12.760556 30.785121, -12.778229 30.766006, -12.795902 30.746932, -12.813575 30.727898, -12.831247 30.708906, -12.848919 30.689955, -12.866591 30.671046, -12.884263 30.652179, -12.901935 30.633354, -12.919607 30.614572, -12.937279 30.595833, -12.954952 30.577138, -12.972624 30.558486, -12.990296 30.539879, -13.007969 30.521315, -13.025642 30.502797, -13.043315 30.484323, -13.060988 30.465895, -13.078662 30.447513, -13.096336 30.429176, -13.114010 30.410886, -13.131685 30.392643, -13.149361 30.374446, -13.167037 30.356297, -13.184714 30.338196, -13.202391 30.320142, -13.220069 30.302137, -13.237748 30.284180, -13.255427 30.266272, -13.273107 30.248414, -13.290788 30.230605, -13.308470 30.212845, -13.326153 30.195137, -13.343837 30.177478, -13.361522 30.159871, -13.379209 30.142314, -13.396896 30.124809, -13.414584 30.107356, -13.432274 30.089955, -13.449965 30.072607, -13.467657 30.055311, -13.485351 30.038069, -13.503046 30.020880, -13.520742 30.003744, -13.538441 29.986663, -13.556140 29.969636, -13.573842 29.952663, -13.591545 29.935746, -13.609249 29.918884, -13.626956 29.902078, -13.644664 29.885328, -13.662374 29.868634, -13.680087 29.851996, -13.697801 29.835416, -13.715517 29.818892, -13.733236 29.802427, -13.750956 29.786019, -13.768679 29.769669, -13.786404 29.753378, -13.804131 29.737146, -13.821861 29.720973, -13.839594 29.704859, -13.857328 29.688806, -13.875066 29.672812, -13.892806 29.656879, -13.910548 29.641006, -13.928294 29.625195, -13.946042 29.609445, -13.963793 29.593756, -13.981547 29.578130, -13.999304 29.562566, -14.017065 29.547065, -14.034828 29.531626, -14.052594 29.516251, -14.070364 29.500940, -14.088137 29.485692, -14.105913 29.470509, -14.123693 29.455390, -14.141476 29.440336, -14.159263 29.425347, -14.177054 29.410424, -14.194848 29.395567, -14.212646 29.380776, -14.230448 29.366051, -14.248254 29.351393, -14.266063 29.336802, -14.283877 29.322278, -14.301695 29.307822, -14.319517 29.293435, -14.337344 29.279115, -14.355174 29.264864, -14.373009 29.250682, -14.390849 29.236570, -14.408693 29.222527, -14.426541 29.208554, -14.444395 29.194651, -14.462253 29.180819, -14.480116 29.167058, -14.497983 29.153368, -14.515856 29.139750, -14.533734 29.126203, -14.551617 29.112728, -14.569505 29.099326, -14.587398 29.085997, -14.605297 29.072741, -14.623201 29.059558, -14.641111 29.046449, -14.659026 29.033414, -14.676947 29.020453, -14.694874 29.007567, -14.712807 28.994756, -14.730745 28.982021, -14.748689 28.969361, -14.766640 28.956777, -14.784596 28.944269, -14.802559 28.931838, -14.820528 28.919484, -14.838504 28.907207, -14.856486 28.895008, -14.874474 28.882886, -14.892470 28.870843, -14.910472 28.858878, -14.928480 28.846992, -14.946496 28.835185, -14.964519 28.823457, -14.982548 28.811810, -15.000585 28.800242, -15.018629 28.788755, -15.036680 28.777349, -15.054739 28.766023, -15.072806 28.754779, -15.090880 28.743617, -15.108961 28.732537, -15.127050 28.721539, -15.145148 28.710624, -15.163253 28.699792, -15.181366 28.689043, -15.199488 28.678377, -15.217617 28.667796, -15.235755 28.657299, -15.253901 28.646887, -15.272056 28.636559, -15.290220 28.626317, -15.308392 28.616160, -15.326573 28.606089, -15.344763 28.596104, -15.362962 28.586206, -15.381170 28.576395, -15.399387 28.566671, -15.417613 28.557034, -15.435849 28.547486, -15.454094 28.538025, -15.472349 28.528653, -15.490614 28.519370, -15.508888 28.510176, -15.527172 28.501071, -15.545467 28.492056, -15.563771 28.483131, -15.582085 28.474297, -15.600410 28.465553, -15.618746 28.456901, -15.637091 28.448340, -15.655448 28.439870, -15.673815 28.431493, -15.692192 28.423208, -15.710581 28.415016, -15.728981 28.406917, -15.747392 28.398912, -15.765814 28.391000, -15.784248 28.383182, -15.802693 28.375459, -15.821150 28.367830, -15.839618 28.360297, -15.858098 28.352859, -15.876590 28.345516, -15.895094 28.338270, -15.913611 28.331120, -15.932139 28.324067, -15.950680 28.317110, -15.969233 28.310252, -15.987799 28.303491, -16.006378 28.296828, -16.024969 28.290263, -16.043574 28.283797, -16.062191 28.277431, -16.080822 28.271163, -16.099466 28.264996, -16.118124 28.258929, -16.136795 28.252962, -16.155479 28.247096, -16.174178 28.241331, -16.192890 28.235667, -16.211616 28.230105, -16.230357 28.224646, -16.249112 28.219289, -16.267881 28.214035, -16.286665 28.208884, -16.305463 28.203836, -16.324276 28.198893, -16.343105 28.194053, -16.361948 28.189319, -16.380806 28.184689, -16.399680 28.180164, -16.418569 28.175745, -16.437473 28.171432, -16.456394 28.167225, -16.475330 28.163125, -16.494282 28.159132, -16.513250 28.155247, -16.532234 28.151469, -16.551235 28.147799, -16.570252 28.144238, -16.589286 28.140785, -16.608337 28.137442, -16.627404 28.134208, -16.646489 28.131083, -16.665590 28.128070, -16.684709 28.125166, -16.703846 28.122374, -16.723000 28.119693, -16.742172 28.117123, -16.761361 28.114666, -16.780569 28.112321, -16.799795 28.110088, -16.819039 28.107969, -16.838302 28.105963, -16.857583 28.104071, -16.876883 28.102293, -16.896202 28.100630, -16.915540 28.099082, -16.934897 28.097649, -16.954273 28.096331, -16.973669 28.095130, -16.993085 28.094045, -17.012520 28.093077, -17.031976 28.092225, -17.051451 28.091492, -17.070947 28.090876, -17.090463 28.090379, -17.110000 28.090000, -17.128905 28.089694, -17.147820 28.089392, -17.166746 28.089095, -17.185682 28.088802, -17.204630 28.088514, -17.223588 28.088231, -17.242556 28.087953, -17.261536 28.087679, -17.280526 28.087410, -17.299526 28.087145, -17.318538 28.086885, -17.337560 28.086629, -17.356593 28.086378, -17.375636 28.086132, -17.394691 28.085890, -17.413756 28.085653, -17.432831 28.085420, -17.451918 28.085192, -17.471015 28.084969, -17.490123 28.084750, -17.509242 28.084535, -17.528371 28.084325, -17.547511 28.084120, -17.566662 28.083919, -17.585823 28.083723, -17.604996 28.083531, -17.624179 28.083343, -17.643373 28.083160, -17.662577 28.082982, -17.681793 28.082808, -17.701019 28.082638, -17.720256 28.082473, -17.739503 28.082313, -17.758762 28.082156, -17.778031 28.082005, -17.797311 28.081857, -17.816601 28.081714, -17.835903 28.081576, -17.855215 28.081442, -17.874538 28.081312, -17.893872 28.081187, -17.913217 28.081066, -17.932572 28.080949, -17.951938 28.080837, -17.971315 28.080729, -17.990703 28.080625, -18.010102 28.080526, -18.029511 28.080431, -18.048931 28.080341, -18.068363 28.080255, -18.087804 28.080173, -18.107257 28.080095, -18.126721 28.080022, -18.146195 28.079953, -18.165680 28.079888, -18.185176 28.079828, -18.204683 28.079772, -18.224200 28.079720, -18.243729 28.079672, -18.263268 28.079629, -18.282818 28.079590, -18.302379 28.079555, -18.321951 28.079524, -18.341534 28.079498, -18.361127 28.079476, -18.380731 28.079458, -18.400347 28.079444, -18.419973 28.079434, -18.439610 28.079429, -18.459257 28.079427, -18.478916 28.079430, -18.498585 28.079437, -18.518266 28.079448, -18.537957 28.079464, -18.557659 28.079483, -18.577372 28.079507, -18.597096 28.079535, -18.616831 28.079567, -18.636576 28.079603, -18.656333 28.079643, -18.676100 28.079687, -18.695878 28.079735, -18.715668 28.079787, -18.735468 28.079844, -18.755279 28.079904, -18.775100 28.079969, -18.794933 28.080037, -18.814777 28.080110, -18.834631 28.080187, -18.854497 28.080268, -18.874373 28.080352, -18.894260 28.080441, -18.914158 28.080534, -18.934068 28.080630, -18.953988 28.080731, -18.973918 28.080836, -18.993860 28.080945, -19.013813 28.081057, -19.033777 28.081174, -19.053751 28.081294, -19.073737 28.081419, -19.093733 28.081547, -19.113741 28.081680, -19.133759 28.081816, -19.153788 28.081956, -19.173828 28.082101, -19.193880 28.082249, -19.213942 28.082401, -19.234015 28.082556, -19.254099 28.082716, -19.274193 28.082880, -19.294299 28.083047, -19.314416 28.083218, -19.334544 28.083394, -19.354683 28.083573, -19.374832 28.083755, -19.394993 28.083942, -19.415164 28.084133, -19.435347 28.084327, -19.455540 28.084525, -19.475745 28.084727, -19.495960 28.084933, -19.516187 28.085142, -19.536424 28.085355, -19.556673 28.085572, -19.576932 28.085793, -19.597202 28.086017, -19.617483 28.086246, -19.637776 28.086478, -19.658079 28.086713, -19.678393 28.086953, -19.698718 28.087196, -19.719054 28.087443, -19.739402 28.087693, -19.759760 28.087948, -19.780129 28.088206, -19.800509 28.088467, -19.820900 28.088732, -19.841302 28.089001, -19.861715 28.089274, -19.882140 28.089550, -19.902575 28.089830, -19.923021 28.090113, -19.943478 28.090401, -19.963946 28.090691, -19.984425 28.090986, -20.004915 28.091284, -20.025416 28.091585, -20.045928 28.091890, -20.066452 28.092199, -20.086986 28.092511, -20.107531 28.092827, -20.128087 28.093146, -20.148654 28.093469, -20.169233 28.093796, -20.189822 28.094126, -20.210422 28.094459, -20.231033 28.094796, -20.251656 28.095136, -20.272289 28.095480, -20.292933 28.095828, -20.313589 28.096179, -20.334255 28.096533, -20.354933 28.096891, -20.375621 28.097253, -20.396321 28.097617, -20.417031 28.097986, -20.437753 28.098357, -20.458485 28.098733, -20.479229 28.099111, -20.499983 28.099493, -20.520749 28.099878, -20.541526 28.100267, -20.562314 28.100659, -20.583112 28.101055, -20.603922 28.101454, -20.624743 28.101856, -20.645575 28.102262, -20.666418 28.102671, -20.687272 28.103083, -20.708137 28.103499, -20.729013 28.103918, -20.749901 28.104340, -20.770799 28.104765, -20.791708 28.105194, -20.812628 28.105627, -20.833560 28.106062, -20.854502 28.106501, -20.875456 28.106943, -20.896420 28.107388, -20.917396 28.107837, -20.938382 28.108289, -20.959380 28.108744, -20.980389 28.109202, -21.001409 28.109663, -21.022439 28.110128, -21.043481 28.110596, -21.064534 28.111067, -21.085598 28.111541, -21.106674 28.112019, -21.127760 28.112500, -21.148857 28.112983, -21.169965 28.113470, -21.191085 28.113961, -21.212215 28.114454, -21.233357 28.114950, -21.254509 28.115450, -21.275673 28.115952, -21.296847 28.116458, -21.318033 28.116967, -21.339230 28.117479, -21.360438 28.117994, -21.381657 28.118512, -21.402887 28.119034, -21.424128 28.119558, -21.445380 28.120085, -21.466643 28.120616, -21.487918 28.121149, -21.509203 28.121686, -21.530499 28.122225, -21.551807 28.122768, -21.573126 28.123313, -21.594455 28.123862, -21.615796 28.124413, -21.637148 28.124968, -21.658511 28.125525, -21.679885 28.126086, -21.701270 28.126649, -21.722666 28.127215, -21.744073 28.127785, -21.765491 28.128357, -21.786920 28.128932, -21.808361 28.129510, -21.829812 28.130091, -21.851275 28.130675, -21.872749 28.131262, -21.894233 28.131851, -21.915729 28.132444, -21.937236 28.133039, -21.958754 28.133638, -21.980283 28.134239, -22.001823 28.134843, -22.023374 28.135450, -22.044936 28.136059, -22.066509 28.136672, -22.088094 28.137287, -22.109689 28.137905, -22.131296 28.138526, -22.152913 28.139150, -22.174542 28.139776, -22.196182 28.140405, -22.217833 28.141037, -22.239494 28.141672, -22.261167 28.142310, -22.282851 28.142950, -22.304547 28.143593, -22.326253 28.144239, -22.347970 28.144887, -22.369698 28.145538, -22.391438 28.146192, -22.413188 28.146848, -22.434950 28.147508, -22.456722 28.148169, -22.478506 28.148834, -22.500301 28.149501, -22.522107 28.150171, -22.543923 28.150843, -22.565751 28.151519, -22.587590 28.152196, -22.609441 28.152877, -22.631302 28.153560, -22.653174 28.154245, -22.675057 28.154933, -22.696952 28.155624, -22.718857 28.156317, -22.740773 28.157013, -22.762701 28.157712, -22.784640 28.158413, -22.806589 28.159116, -22.828550 28.159822, -22.850522 28.160531, -22.872505 28.161242, -22.894499 28.161955, -22.916504 28.162672, -22.938520 28.163390, -22.960547 28.164111, -22.982585 28.164835, -23.004634 28.165561, -23.026694 28.166289, -23.048766 28.167020, -23.070848 28.167754, -23.092941 28.168489, -23.115046 28.169228, -23.137161 28.169968, -23.159288 28.170711, -23.181426 28.171457, -23.203574 28.172205, -23.225734 28.172955, -23.247905 28.173707, -23.270087 28.174462, -23.292279 28.175220, -23.314483 28.175979, -23.336698 28.176741, -23.358924 28.177506, -23.381161 28.178272, -23.403409 28.179041, -23.425668 28.179813, -23.447938 28.180586, -23.470220 28.181362, -23.492512 28.182140, -23.514815 28.182921, -23.537129 28.183703, -23.559455 28.184488, -23.581791 28.185275, -23.604138 28.186065, -23.626497 28.186857, -23.648866 28.187650, -23.671246 28.188447, -23.693638 28.189245, -23.716040 28.190045, -23.738454 28.190848, -23.760878 28.191653, -23.783314 28.192460, -23.805760 28.193269, -23.828218 28.194081, -23.850686 28.194894, -23.873166 28.195710, -23.895656 28.196527, -23.918158 28.197347, -23.940671 28.198169, -23.963194 28.198993, -23.985729 28.199820, -24.008274 28.200648, -24.030831 28.201478, -24.053398 28.202311, -24.075977 28.203145, -24.098567 28.203982, -24.121167 28.204820, -24.143779 28.205661, -24.166401 28.206503, -24.189035 28.207348, -24.211679 28.208195, -24.234335 28.209043, -24.257001 28.209894, -24.279679 28.210747, -24.302367 28.211601, -24.325066 28.212458, -24.347777 28.213316, -24.370498 28.214177, -24.393230 28.215039, -24.415974 28.215904, -24.438728 28.216770, -24.461493 28.217638, -24.484269 28.218508, -24.507056 28.219380, -24.529855 28.220254, -24.552664 28.221130, -24.575484 28.222007, -24.598314 28.222887, -24.621156 28.223768, -24.644009 28.224651, -24.666873 28.225536, -24.689748 28.226423, -24.712633 28.227312, -24.735530 28.228202, -24.758437 28.229095, -24.781356 28.229989, -24.804285 28.230885, -24.827226 28.231782, -24.850177 28.232682, -24.873139 28.233583, -24.896112 28.234486, -24.919096 28.235390, -24.942091 28.236297, -24.965097 28.237205, -24.988113 28.238114, -25.011141 28.239026, -25.034180 28.239939, -25.057229 28.240854, -25.080289 28.241771, -25.103361 28.242689, -25.126443 28.243609, -25.149536 28.244530, -25.172640 28.245453, -25.195754 28.246378, -25.218880 28.247305, -25.242017 28.248233, -25.265164 28.249162, -25.288322 28.250094, -25.311492 28.251026, -25.334672 28.251961, -25.357863 28.252897, -25.381064 28.253834, -25.404277 28.254774, -25.427500 28.255714, -25.450735 28.256656, -25.473980 28.257600, -25.497236 28.258545, -25.520503 28.259492, -25.543781 28.260440, -25.567069 28.261390, -25.590369 28.262341, -25.613679 28.263294, -25.637000 28.264248, -25.660332 28.265204, -25.683675 28.266161, -25.707028 28.267120, -25.730393 28.268080, -25.753768 28.269041, -25.777154 28.270004, -25.800550 28.270968, -25.823958 28.271934, -25.847376 28.272901, -25.870806 28.273869, -25.894246 28.274839, -25.917696 28.275810, -25.941158 28.276782, -25.964630 28.277756, -25.988113 28.278731, -26.011607 28.279708, -26.035112 28.280685, -26.058627 28.281664, -26.082154 28.282645, -26.105691 28.283627, -26.129238 28.284609, -26.152797 28.285594, -26.176366 28.286579, -26.199946 28.287566, -26.223537 28.288554, -26.247138 28.289543, -26.270750 28.290533, -26.294373 28.291525, -26.318007 28.292518, -26.341651 28.293512, -26.365307 28.294507, -26.388972 28.295504, -26.412649 28.296501, -26.436336 28.297500, -26.460034 28.298500, -26.483743 28.299501, -26.507462 28.300503, -26.531192 28.301506, -26.554933 28.302511, -26.578684 28.303516, -26.602446 28.304523, -26.626219 28.305531, -26.650003 28.306540, -26.673797 28.307550, -26.697602 28.308561, -26.721417 28.309573, -26.745243 28.310586, -26.769080 28.311600, -26.792927 28.312615, -26.816785 28.313631, -26.840654 28.314648, -26.864533 28.315666, -26.888423 28.316686, -26.912324 28.317706, -26.936235 28.318727, -26.960157 28.319749, -26.984089 28.320772, -27.008032 28.321796, -27.031986 28.322821, -27.055950 28.323847, -27.079925 28.324873, -27.103911 28.325901, -27.127907 28.326930, -27.151913 28.327959, -27.175930 28.328989, -27.199958 28.330021, -27.223996 28.331053, -27.248045 28.332086, -27.272105 28.333120, -27.296175 28.334154, -27.320255 28.335190, -27.344346 28.336226, -27.368448 28.337263, -27.392560 28.338301, -27.416683 28.339340, -27.440816 28.340379, -27.464960 28.341419, -27.489114 28.342460, -27.513279 28.343502, -27.537454 28.344545, -27.561640 28.345588, -27.585836 28.346632, -27.610043 28.347677, -27.634260 28.348722, -27.658487 28.349768, -27.682726 28.350815, -27.706974 28.351862, -27.731233 28.352911, -27.755503 28.353959, -27.779783 28.355009, -27.804073 28.356059, -27.828374 28.357110, -27.852686 28.358161, -27.877007 28.359213, -27.901339 28.360266, -27.925682 28.361319, -27.950035 28.362373, -27.974399 28.363427, -27.998772 28.364482, -28.023157 28.365538, -28.047551 28.366594, -28.071956 28.367651, -28.096372 28.368708, -28.120797 28.369765, -28.145234 28.370824, -28.169680 28.371882, -28.194137 28.372942, -28.218604 28.374001, -28.243082 28.375062, -28.267570 28.376122, -28.292068 28.377183, -28.316576 28.378245, -28.341095 28.379307, -28.365625 28.380369, -28.390164 28.381432, -28.414714 28.382496, -28.439274 28.383559, -28.463845 28.384624, -28.488425 28.385688, -28.513016 28.386753, -28.537618 28.387818, -28.562229 28.388884, -28.586851 28.389950, -28.611483 28.391016, -28.636125 28.392083, -28.660778 28.393150, -28.685441 28.394217, -28.710114 28.395285, -28.734797 28.396353, -28.759491 28.397421, -28.784194 28.398489, -28.808908 28.399558, -28.833632 28.400627, -28.858367 28.401696, -28.883111 28.402766, -28.907866 28.403836, -28.932631 28.404906, -28.957406 28.405976, -28.982191 28.407046, -29.006987 28.408117, -29.031792 28.409188, -29.056608 28.410258, -29.081434 28.411330, -29.106270 28.412401, -29.131116 28.413472, -29.155972 28.414544, -29.180838 28.415616, -29.205715 28.416687, -29.230601 28.417759, -29.255498 28.418831, -29.280404 28.419903, -29.305321 28.420976, -29.330248 28.422048, -29.355185 28.423120, -29.380132 28.424193, -29.405089 28.425265, -29.430056 28.426338, -29.455033 28.427410, -29.480020 28.428483, -29.505017 28.429555, -29.530024 28.430628, -29.555041 28.431700, -29.580069 28.432773, -29.605106 28.433845, -29.630153 28.434918, -29.655210 28.435990, -29.680277 28.437063, -29.705354 28.438135, -29.730441 28.439207, -29.755538 28.440279, -29.780645 28.441351, -29.805762 28.442423, -29.830889 28.443495, -29.856025 28.444567, -29.881172 28.445639, -29.906328 28.446710, -29.931495 28.447781, -29.956671 28.448853, -29.981857 28.449924, -30.007053 28.450995, -30.032259 28.452065, -30.057475 28.453136, -30.082701 28.454206, -30.107936 28.455276, -30.133181 28.456346, -30.158437 28.457415, -30.183702 28.458485, -30.208976 28.459554, -30.234261 28.460623, -30.259555 28.461691, -30.284860 28.462760, -30.310174 28.463828, -30.335497 28.464895, -30.360831 28.465963, -30.386174 28.467030, -30.411527 28.468097, -30.436890 28.469163, -30.462262 28.470229, -30.487645 28.471295, -30.513037 28.472360, -30.538438 28.473425, -30.563850 28.474490, -30.589271 28.475554, -30.614701 28.476618, -30.640142 28.477682, -30.665592 28.478745, -30.691052 28.479807, -30.716521 28.480869, -30.742000 28.481931, -30.767489 28.482993, -30.792987 28.484053, -30.818495 28.485114, -30.844012 28.486174, -30.869540 28.487233, -30.895076 28.488292, -30.920623 28.489350, -30.946179 28.490408, -30.971744 28.491465, -30.997319 28.492522, -31.022904 28.493579, -31.048498 28.494634, -31.074101 28.495689, -31.099715 28.496744, -31.125337 28.497798, -31.150970 28.498851, -31.176611 28.499904, -31.202262 28.500956, -31.227923 28.502008, -31.253593 28.503059, -31.279273 28.504109, -31.304962 28.505159, -31.330660 28.506208, -31.356368 28.507256, -31.382086 28.508304, -31.407813 28.509351, -31.433549 28.510397, -31.459294 28.511442, -31.485049 28.512487, -31.510814 28.513531, -31.536587 28.514575, -31.562371 28.515617, -31.588163 28.516659, -31.613965 28.517700, -31.639776 28.518741, -31.665596 28.519780, -31.691426 28.520819, -31.717265 28.521857, -31.743114 28.522894, -31.768971 28.523931, -31.794838 28.524966, -31.820714 28.526001, -31.846600 28.527035, -31.872495 28.528068, -31.898399 28.529100, -31.924312 28.530132, -31.950234 28.531162, -31.976166 28.532191, -32.002107 28.533220, -32.028057 28.534248, -32.054016 28.535275, -32.079984 28.536301, -32.105962 28.537326, -32.131949 28.538350, -32.157945 28.539373, -32.183950 28.540395, -32.209964 28.541416, -32.235987 28.542436, -32.262019 28.543455, -32.288061 28.544473, -32.314111 28.545491, -32.340171 28.546507, -32.366239 28.547522, -32.392317 28.548536, -32.418404 28.549549, -32.444500 28.550561, -32.470604 28.551572, -32.496718 28.552582, -32.522841 28.553590, -32.548973 28.554598, -32.575113 28.555605, -32.601263 28.556610, -32.627422 28.557614, -32.653590 28.558617, -32.679766 28.559620, -32.705952 28.560620, -32.732146 28.561620, -32.758350 28.562619, -32.784562 28.563616, -32.810783 28.564612, -32.837013 28.565608, -32.863252 28.566601, -32.889500 28.567594, -32.915756 28.568585, -32.942022 28.569576, -32.968296 28.570565, -32.994579 28.571552, -33.020871 28.572539, -33.047172 28.573524, -33.073481 28.574508, -33.099799 28.575490, -33.126126 28.576472, -33.152462 28.577452, -33.178806 28.578430, -33.205159 28.579408, -33.231521 28.580384, -33.257892 28.581358, -33.284271 28.582332, -33.310659 28.583304, -33.337056 28.584275, -33.363461 28.585244, -33.389875 28.586212, -33.416298 28.587178, -33.442729 28.588143, -33.469169 28.589107, -33.495617 28.590069, -33.522074 28.591030, -33.548540 28.591989, -33.575014 28.592947, -33.601497 28.593904, -33.627988 28.594859, -33.654488 28.595812, -33.680996 28.596764, -33.707513 28.597715, -33.734038 28.598664, -33.760572 28.599611, -33.787115 28.600557, -33.813665 28.601502, -33.840225 28.602445, -33.866792 28.603386, -33.893368 28.604326, -33.919953 28.605264, -33.946546 28.606201, -33.973147 28.607136, -33.999757 28.608070, -34.026375 28.609001, -34.053001 28.609932, -34.079636 28.610860, -34.106279 28.611787, -34.132931 28.612713, -34.159591 28.613637, -34.186259 28.614559, -34.212935 28.615479, -34.239620 28.616398, -34.266313 28.617315, -34.293014 28.618230, -34.319723 28.619144, -34.346441 28.620056, -34.373167 28.620966, -34.399901 28.621875, -34.426643 28.622781, -34.453393 28.623686, -34.480152 28.624590, -34.506919 28.625491, -34.533693 28.626391, -34.560476 28.627289, -34.587268 28.628185, -34.614067 28.629079, -34.640874 28.629972, -34.667690 28.630863, -34.694513 28.631751, -34.721344 28.632638, -34.748184 28.633524, -34.775032 28.634407, -34.801887 28.635288, -34.828751 28.636168, -34.855622 28.637046, -34.882502 28.637922, -34.909390 28.638796, -34.936285 28.639668, -34.963188 28.640538, -34.990100 28.641406, -35.017019 28.642272, -35.043946 28.643136, -35.070881 28.643999, -35.097824 28.644859, -35.124775 28.645718, -35.151734 28.646574, -35.178700 28.647429, -35.205675 28.648281, -35.232657 28.649131, -35.259647 28.649980, -35.286644 28.650826, -35.313650 28.651671, -35.340663 28.652513, -35.367684 28.653353, -35.394713 28.654191, -35.421749 28.655028, -35.448793 28.655862, -35.475845 28.656694, -35.502905 28.657524, -35.529972 28.658351, -35.557047 28.659177, -35.584129 28.660001, -35.611219 28.660822, -35.638317 28.661641, -35.665422 28.662459, -35.692535 28.663274, -35.719655 28.664086, -35.746783 28.664897, -35.773919 28.665705, -35.801062 28.666512, -35.828213 28.667316, -35.855371 28.668118, -35.882536 28.668917, -35.909709 28.669715, -35.936890 28.670510, -35.964078 28.671303, -35.991273 28.672094, -36.018476 28.672882, -36.045686 28.673668, -36.072904 28.674452, -36.100129 28.675234, -36.127361 28.676013, -36.154601 28.676790, -36.181848 28.677565, -36.209102 28.678337, -36.236364 28.679107, -36.263633 28.679875, -36.290909 28.680640, -36.318192 28.681403, -36.345483 28.682164, -36.372781 28.682922, -36.400086 28.683678, -36.427399 28.684432, -36.454718 28.685183, -36.482045 28.685931, -36.509379 28.686678, -36.536720 28.687421, -36.564068 28.688163, -36.591424 28.688902, -36.618786 28.689638, -36.646156 28.690372, -36.673532 28.691104, -36.700916 28.691833, -36.728307 28.692560, -36.755704 28.693284, -36.783109 28.694006, -36.810521 28.694725, -36.837940 28.695441, -36.865365 28.696155, -36.892798 28.696867, -36.920238 28.697576, -36.947684 28.698282, -36.975138 28.698986, -37.002598 28.699688, -37.030066 28.700386, -37.057540 28.701083, -37.085021 28.701776, -37.112509 28.702467, -37.140003 28.703155, -37.167505 28.703841, -37.195013 28.704524, -37.222528 28.705205, -37.250050 28.705883, -37.277579 28.706558, -37.305114 28.707230, -37.332656 28.707900, -37.360205 28.708567, -37.387760 28.709232, -37.415322 28.709894, -37.442891 28.710553, -37.470466 28.711209, -37.498049 28.711863, -37.525637 28.712514, -37.553232 28.713162, -37.580834 28.713807, -37.608443 28.714450, -37.636058 28.715090, -37.663679 28.715727, -37.691307 28.716361, -37.718942 28.716993, -37.746583 28.717622, -37.774230 28.718248, -37.801884 28.718871, -37.829545 28.719491, -37.857211 28.720109, -37.884885 28.720724, -37.912564 28.721335, -37.940250 28.721945, -37.967943 28.722551, -37.995641 28.723154, -38.023346 28.723754, -38.051058 28.724352, -38.078775 28.724947, -38.106499 28.725538, -38.134230 28.726127, -38.161966 28.726713, -38.189709 28.727296, -38.217458 28.727876, -38.245213 28.728453, -38.272974 28.729027, -38.300742 28.729599, -38.328515 28.730167, -38.356295 28.730732, -38.384081 28.731294, -38.411873 28.731854, -38.439671 28.732410, -38.467476 28.732963, -38.495286 28.733514, -38.523102 28.734061, -38.550925 28.734605, -38.578753 28.735146, -38.606587 28.735684, -38.634428 28.736220, -38.662274 28.736752, -38.690126 28.737281, -38.717984 28.737806, -38.745848 28.738329, -38.773718 28.738849, -38.801594 28.739366, -38.829476 28.739879, -38.857363 28.740389, -38.885257 28.740897, -38.913156 28.741401, -38.941061 28.741902, -38.968972 28.742400, -38.996888 28.742894, -39.024811 28.743386, -39.052739 28.743874, -39.080673 28.744359, -39.108612 28.744841, -39.136557 28.745320, -39.164508 28.745796, -39.192464 28.746268, -39.220426 28.746737, -39.248394 28.747203, -39.276367 28.747666, -39.304346 28.748126, -39.332331 28.748582, -39.360321 28.749035, -39.388316 28.749484, -39.416317 28.749931, -39.444324 28.750374, -39.472336 28.750814, -39.500353 28.751250, -39.528376 28.751684, -39.556404 28.752114, -39.584438 28.752540, -39.612477 28.752964, -39.640521 28.753384, -39.668571 28.753800, -39.696626 28.754214, -39.724687 28.754624, -39.752753 28.755030, -39.780824 28.755433, -39.808900 28.755833, -39.836982 28.756230, -39.865068 28.756623, -39.893161 28.757012, -39.921258 28.757399, -39.949360 28.757781, -39.977468 28.758161, -40.005581 28.758537, -40.033698 28.758909, -40.061821 28.759278, -40.089949 28.759644, -40.118083 28.760006, -40.146221 28.760365, -40.174364 28.760720, -40.202512 28.761072, -40.230666 28.761420, -40.258824 28.761765, -40.286987 28.762106, -40.315155 28.762444, -40.343329 28.762778, -40.371507 28.763109, -40.399690 28.763436, -40.427877 28.763760, -40.456070 28.764080, -40.484268 28.764396, -40.512470 28.764709, -40.540677 28.765019, -40.568889 28.765324, -40.597106 28.765627, -40.625328 28.765925, -40.653554 28.766220, -40.681785 28.766512, -40.710020 28.766800, -40.738261 28.767084, -40.766506 28.767364, -40.794755 28.767641, -40.823010 28.767915, -40.851269 28.768184, -40.879532 28.768450, -40.907800 28.768713, -40.936073 28.768971, -40.964350 28.769226, -40.992632 28.769477, -41.020918 28.769725, -41.049209 28.769969, -41.077504 28.770209, -41.105803 28.770446, -41.134107 28.770678, -41.162416 28.770907, -41.190729 28.771133, -41.219046 28.771354, -41.247367 28.771572, -41.275693 28.771786, -41.304023 28.771997, -41.332358 28.772203, -41.360697 28.772406, -41.389040 28.772605, -41.417387 28.772800, -41.445739 28.772991, -41.474094 28.773179, -41.502454 28.773363, -41.530818 28.773543, -41.559187 28.773719, -41.587559 28.773891, -41.615935 28.774060, -41.644316 28.774224, -41.672701 28.774385, -41.701089 28.774542, -41.729482 28.774695, -41.757879 28.774844, -41.786279 28.774990, -41.814684 28.775131, -41.843093 28.775269, -41.871505 28.775402, -41.899922 28.775532, -41.928342 28.775658, -41.956767 28.775780, -41.985195 28.775898, -42.013627 28.776012, -42.042063 28.776122, -42.070503 28.776228, -42.098946 28.776330, -42.127393 28.776429, -42.155844 28.776523, -42.184299 28.776613, -42.212758 28.776700, -42.241220 28.776782, -42.269686 28.776860, -42.298155 28.776935, -42.326628 28.777005, -42.355105 28.777072, -42.383585 28.777134, -42.412069 28.777192, -42.440557 28.777247, -42.469048 28.777297, -42.497542 28.777343, -42.526040 28.777385, -42.554542 28.777424, -42.583047 28.777458, -42.611555 28.777488, -42.640067 28.777514, -42.668582 28.777535, -42.697101 28.777553, -42.725623 28.777567, -42.754148 28.777577, -42.782677 28.777582, -42.811209 28.777583, -42.839744 28.777581, -42.868283 28.777574, -42.896825 28.777563, -42.925370 28.777548, -42.953918 28.777529, -42.982469 28.777505, -43.011024 28.777478, -43.039582 28.777446, -43.068142 28.777410, -43.096706 28.777370, -43.125273 28.777326, -43.153844 28.777277, -43.182417 28.777225, -43.210993 28.777168, -43.239572 28.777107, -43.268155 28.777042, -43.296740 28.776972, -43.325328 28.776899, -43.353919 28.776821, -43.382513 28.776739, -43.411110 28.776652, -43.439710 28.776562, -43.468312 28.776467, -43.496918 28.776368, -43.525526 28.776265, -43.554137 28.776157, -43.582751 28.776045, -43.611367 28.775929, -43.639987 28.775808, -43.668609 28.775684, -43.697234 28.775555, -43.725861 28.775421, -43.754491 28.775284, -43.783124 28.775142, -43.811759 28.774996, -43.840397 28.774845, -43.869037 28.774690, -43.897680 28.774531, -43.926326 28.774367, -43.954974 28.774199, -43.983625 28.774027, -44.012278 28.773850, -44.040933 28.773669, -44.069591 28.773484, -44.098251 28.773294, -44.126914 28.773100, -44.155579 28.772901, -44.184247 28.772698, -44.212916 28.772491, -44.241588 28.772279, -44.270263 28.772063, -44.298939 28.771843, -44.327618 28.771618, -44.356299 28.771388, -44.384983 28.771155, -44.413668 28.770916, -44.442356 28.770674, -44.471046 28.770426, -44.499738 28.770175, -44.528432 28.769919, -44.557128 28.769658, -44.585826 28.769393, -44.614526 28.769124, -44.643228 28.768850, -44.671933 28.768571, -44.700639 28.768288, -44.729347 28.768001, -44.758057 28.767709, -44.786769 28.767413, -44.815483 28.767112, -44.844199 28.766806, -44.872917 28.766496, -44.901636 28.766182, -44.930358 28.765863, -44.959081 28.765539, -44.987806 28.765211, -45.016532 28.764879, -45.045261 28.764541, -45.073991 28.764200, -45.102723 28.763853, -45.131456 28.763502, -45.160191 28.763147, -45.188928 28.762787, -45.217667 28.762422, -45.246406 28.762053, -45.275148 28.761679, -45.303891 28.761301, -45.332636 28.760918, -45.361382 28.760530, -45.390129 28.760138, -45.418878 28.759741, -45.447629 28.759340, -45.476381 28.758934, -45.505134 28.758523, -45.533889 28.758108, -45.562645 28.757688, -45.591402 28.757263, -45.620161 28.756834, -45.648921 28.756400, -45.677682 28.755961, -45.706445 28.755518, -45.735209 28.755070, -45.763974 28.754618, -45.792740 28.754160, -45.821507 28.753699, -45.850276 28.753232, -45.879045 28.752761, -45.907816 28.752285, -45.936588 28.751804, -45.965361 28.751318, -45.994135 28.750828, -46.022910 28.750333, -46.051686 28.749834, -46.080463 28.749329, -46.109241 28.748820, -46.138019 28.748307, -46.166799 28.747788, -46.195580 28.747265, -46.224361 28.746737, -46.253144 28.746204, -46.281927 28.745667, -46.310711 28.745125, -46.339496 28.744577, -46.368281 28.744026, -46.397068 28.743469, -46.425855 28.742908, -46.454642 28.742342, -46.483431 28.741771, -46.512220 28.741195, -46.541010 28.740615, -46.569800 28.740029, -46.598591 28.739439, -46.627382 28.738844, -46.656175 28.738245, -46.684967 28.737640, -46.713760 28.737031, -46.742554 28.736417, -46.771348 28.735798, -46.800143 28.735174, -46.828938 28.734545, -46.857733 28.733912, -46.886529 28.733273, -46.915325 28.732630, -46.944121 28.731982, -46.972918 28.731329, -47.001715 28.730672, -47.030513 28.730009, -47.059310 28.729341, -47.088108 28.728669, -47.116906 28.727992, -47.145705 28.727310, -47.174503 28.726623, -47.203302 28.725931, -47.232100 28.725234, -47.260899 28.724532, -47.289698 28.723826, -47.318497 28.723114, -47.347296 28.722398, -47.376095 28.721677, -47.404894 28.720951, -47.433693 28.720219, -47.462492 28.719483, -47.491291 28.718742, -47.520090 28.717997, -47.548889 28.717246, -47.577687 28.716490, -47.606486 28.715729, -47.635284 28.714964, -47.664082 28.714193, -47.692880 28.713418, -47.721677 28.712637, -47.750475 28.711852, -47.779272 28.711061, -47.808069 28.710266, -47.836865 28.709466, -47.865661 28.708660, -47.894457 28.707850, -47.923252 28.707035, -47.952047 28.706214, -47.980842 28.705389, -48.009636 28.704559, -48.038429 28.703724, -48.067222 28.702884, -48.096015 28.702038, -48.124807 28.701188, -48.153599 28.700333, -48.182389 28.699473, -48.211180 28.698607, -48.239969 28.697737, -48.268758 28.696862, -48.297547 28.695982, -48.326334 28.695096, -48.355121 28.694206, -48.383907 28.693311, -48.412693 28.692410, -48.441478 28.691505, -48.470261 28.690594, -48.499044 28.689679, -48.527827 28.688758, -48.556608 28.687832, -48.585388 28.686902, -48.614168 28.685966, -48.642947 28.685025, -48.671724 28.684079, -48.700501 28.683128, -48.729277 28.682172, -48.758051 28.681211, -48.786825 28.680245, -48.815597 28.679274, -48.844369 28.678298, -48.873139 28.677316, -48.901909 28.676330, -48.930677 28.675338, -48.959444 28.674342, -48.988209 28.673340, -49.016974 28.672333, -49.045737 28.671321, -49.074499 28.670304, -49.103260 28.669282, -49.132020 28.668255, -49.160778 28.667222, -49.189535 28.666185, -49.218290 28.665142, -49.247044 28.664095, -49.275797 28.663042, -49.304548 28.661984, -49.333298 28.660921, -49.362046 28.659852, -49.390793 28.658779, -49.419538 28.657701, -49.448282 28.656617, -49.477024 28.655528, -49.505765 28.654434, -49.534504 28.653335, -49.563241 28.652231, -49.591977 28.651122, -49.620711 28.650007, -49.649443 28.648888, -49.678174 28.647763, -49.706903 28.646633, -49.735630 28.645498, -49.764355 28.644357, -49.793079 28.643212, -49.821801 28.642061, -49.850521 28.640906, -49.879239 28.639745, -49.907955 28.638578, -49.936669 28.637407, -49.965382 28.636231, -49.994092 28.635049, -50.022800 28.633862, -50.051507 28.632670, -50.080211 28.631473, -50.108914 28.630270, -50.137614 28.629063, -50.166312 28.627850, -50.195008 28.626632, -50.223702 28.625409, -50.252394 28.624180, -50.281084 28.622947, -50.309771 28.621708, -50.338457 28.620464, -50.367140 28.619214, -50.395821 28.617960, -50.424499 28.616700, -50.453175 28.615435, -50.481849 28.614165, -50.510521 28.612890, -50.539190 28.611609, -50.567857 28.610324, -50.596521 28.609033, -50.625183 28.607736, -50.653843 28.606435, -50.682500 28.605128, -50.711154 28.603816, -50.739806 28.602499, -50.768456 28.601177, -50.797103 28.599849, -50.825747 28.598516, -50.854389 28.597178, -50.883028 28.595835, -50.911664 28.594486, -50.940298 28.593133, -50.968929 28.591773, -50.997558 28.590409, -51.026183 28.589040, -51.054806 28.587665, -51.083426 28.586285, -51.112044 28.584899, -51.140658 28.583509, -51.169270 28.582113, -51.197879 28.580712, -51.226485 28.579305, -51.255088 28.577894, -51.283688 28.576477, -51.312285 28.575055, -51.340879 28.573627, -51.369470 28.572195, -51.398059 28.570757, -51.426644 28.569313, -51.455226 28.567865, -51.483805 28.566411, -51.512381 28.564952, -51.540953 28.563488, -51.569523 28.562018, -51.598090 28.560543, -51.626653 28.559063, -51.655213 28.557577, -51.683770 28.556087, -51.712323 28.554591, -51.740874 28.553089, -51.769421 28.551583, -51.797964 28.550071, -51.826505 28.548554, -51.855042 28.547031, -51.883575 28.545504, -51.912106 28.543970, -51.940632 28.542432, -51.969156 28.540889, -51.997676 28.539340, -52.026192 28.537785, -52.054705 28.536226, -52.083214 28.534661, -52.111720 28.533091, -52.140222 28.531515, -52.168721 28.529935, -52.197216 28.528349, -52.225707 28.526757, -52.254195 28.525161, -52.282679 28.523559, -52.311159 28.521952, -52.339636 28.520339, -52.368109 28.518721, -52.396578 28.517098, -52.425043 28.515470, -52.453505 28.513836, -52.481962 28.512197, -52.510416 28.510552, -52.538866 28.508903, -52.567312 28.507248, -52.595754 28.505587, -52.624193 28.503922, -52.652627 28.502251, -52.681057 28.500575, -52.709483 28.498893, -52.737905 28.497206, -52.766324 28.495514, -52.794738 28.493816, -52.823148 28.492113, -52.851554 28.490405, -52.879955 28.488692, -52.908353 28.486973, -52.936746 28.485249, -52.965136 28.483519, -52.993521 28.481785, -53.021902 28.480045, -53.050278 28.478299, -53.078650 28.476549, -53.107018 28.474792, -53.135382 28.473031, -53.163741 28.471264, -53.192096 28.469492, -53.220447 28.467715, -53.248793 28.465932, -53.277135 28.464144, -53.305472 28.462351, -53.333805 28.460553, -53.362133 28.458749, -53.390457 28.456939, -53.418776 28.455125, -53.447091 28.453305, -53.475401 28.451480, -53.503707 28.449649, -53.532008 28.447813, -53.560304 28.445972, -53.588595 28.444125, -53.616882 28.442273, -53.645165 28.440416, -53.673442 28.438554, -53.701715 28.436686, -53.729983 28.434813, -53.758246 28.432934, -53.786505 28.431050, -53.814758 28.429161, -53.843007 28.427267, -53.871251 28.425367, -53.899490 28.423462, -53.927724 28.421551, -53.955953 28.419635, -53.984177 28.417714, -54.012397 28.415788, -54.040611 28.413856, -54.068820 28.411919, -54.097024 28.409977, -54.125223 28.408029, -54.153417 28.406076, -54.181606 28.404118, -54.209790 28.402154, -54.237969 28.400185, -54.266142 28.398210, -54.294311 28.396231, -54.322474 28.394246, -54.350632 28.392256, -54.378784 28.390260, -54.406932 28.388259, -54.435074 28.386253, -54.463211 28.384241, -54.491342 28.382224, -54.519469 28.380202, -54.547589 28.378174, -54.575705 28.376142, -54.603815 28.374103, -54.631919 28.372060, -54.660018 28.370011, -54.688112 28.367957, -54.716200 28.365897, -54.744283 28.363833, -54.772360 28.361763, -54.800431 28.359687, -54.828497 28.357606, -54.856558 28.355520, -54.884613 28.353429, -54.912662 28.351332, -54.940705 28.349230, -54.968743 28.347123, -54.996775 28.345011, -55.024801 28.342893, -55.052822 28.340770, -55.080837 28.338641, -55.108846 28.336507, -55.136849 28.334368, -55.164847 28.332224, -55.192839 28.330074, -55.220824 28.327919, -55.248804 28.325759, -55.276778 28.323593, -55.304747 28.321422, -55.332709 28.319246, -55.360665 28.317064, -55.388615 28.314877, -55.416559 28.312685, -55.444498 28.310488, -55.472430 28.308285, -55.500356 28.306077, -55.528276 28.303864, -55.556190 28.301645, -55.584098 28.299421, -55.611999 28.297192, -55.639895 28.294958, -55.667784 28.292718, -55.695667 28.290473, -55.723544 28.288223, -55.751415 28.285967, -55.779279 28.283706, -55.807137 28.281440, -55.834989 28.279168, -55.862834 28.276892, -55.890674 28.274610, -55.918506 28.272322, -55.946333 28.270030, -55.974153 28.267732, -56.001966 28.265429, -56.029773 28.263120, -56.057574 28.260807, -56.085368 28.258488, -56.113156 28.256163, -56.140937 28.253834, -56.168712 28.251499, -56.196480 28.249159, -56.224241 28.246814, -56.251996 28.244463, -56.279744 28.242108, -56.307486 28.239747, -56.335221 28.237380, -56.362949 28.235009, -56.390671 28.232632, -56.418386 28.230250, -56.446094 28.227862, -56.473795 28.225470, -56.501490 28.223072, -56.529177 28.220669, -56.556858 28.218261, -56.584533 28.215847, -56.612200 28.213428, -56.639860 28.211004, -56.667514 28.208575, -56.695160 28.206140, -56.722800 28.203700, -56.750433 28.201255, -56.778059 28.198805, -56.805677 28.196350, -56.833289 28.193889, -56.860894 28.191423, -56.888491 28.188952, -56.916082 28.186475, -56.943666 28.183994, -56.971242 28.181507, -56.998811 28.179015, -57.026373 28.176518, -57.053928 28.174015, -57.081476 28.171507, -57.109017 28.168995, -57.136550 28.166476, -57.164076 28.163953, -57.191595 28.161425, -57.219107 28.158891, -57.246611 28.156352, -57.274108 28.153808, -57.301597 28.151258, -57.329080 28.148704, -57.356554 28.146144, -57.384022 28.143579, -57.411482 28.141009, -57.438935 28.138434, -57.466380 28.135853, -57.493818 28.133267, -57.521248 28.130676, -57.548671 28.128080, -57.576086 28.125479, -57.603493 28.122873, -57.630893 28.120261, -57.658286 28.117644, -57.685671 28.115022, -57.713048 28.112395, -57.740418 28.109763, -57.767780 28.107125, -57.795134 28.104483, -57.822481 28.101835, -57.849820 28.099182, -57.877151 28.096524, -57.904474 28.093861, -57.931790 28.091192, -57.959098 28.088519, -57.986398 28.085840, -58.013690 28.083156, -58.040974 28.080467, -58.068251 28.077773, -58.095519 28.075074, -58.122780 28.072369, -58.150033 28.069660, -58.177278 28.066945, -58.204515 28.064225, -58.231743 28.061500, -58.258964 28.058770, -58.286177 28.056035, -58.313382 28.053295, -58.340579 28.050549, -58.367768 28.047799, -58.394949 28.045043, -58.422121 28.042283, -58.449286 28.039517, -58.476442 28.036746, -58.503590 28.033970, -58.530730 28.031188, -58.557862 28.028402, -58.584985 28.025611, -58.612101 28.022814, -58.639208 28.020013, -58.666307 28.017206, -58.693397 28.014394, -58.720480 28.011578, -58.747554 28.008756, -58.774619 28.005929, -58.801676 28.003097, -58.828725 28.000259, -58.855766 27.997417, -58.882798 27.994570, -58.909822 27.991718, -58.936837 27.988860, -58.963843 27.985998, -58.990842 27.983130, -59.017831 27.980258, -59.044813 27.977380, -59.071785 27.974497, -59.098750 27.971610, -59.125705 27.968717, -59.152652 27.965819, -59.179591 27.962916, -59.206520 27.960008, -59.233441 27.957096, -59.260354 27.954178, -59.287258 27.951255, -59.314153 27.948327, -59.341039 27.945394, -59.367917 27.942456, -59.394786 27.939513, -59.421646 27.936565, -59.448497 27.933611, -59.475340 27.930653, -59.502174 27.927690, -59.528999 27.924722, -59.555815 27.921749, -59.582622 27.918771, -59.609420 27.915788, -59.636210 27.912800, -59.662990 27.909807, -59.689762 27.906809, -59.716524 27.903806, -59.743278 27.900798, -59.770023 27.897785, -59.796758 27.894767, -59.823485 27.891744, -59.850202 27.888716, -59.876911 27.885683, -59.903610 27.882646, -59.930301 27.879603, -59.956982 27.876555, -59.983654 27.873503, -60.010317 27.870445, -60.036971 27.867382, -60.063616 27.864315, -60.090251 27.861243, -60.116877 27.858165, -60.143494 27.855083, -60.170102 27.851996, -60.196701 27.848904, -60.223290 27.845807, -60.249870 27.842705, -60.276440 27.839598, -60.303002 27.836486, -60.329554 27.833369, -60.356096 27.830248, -60.382630 27.827121, -60.409153 27.823990, -60.435668 27.820853, -60.462173 27.817712, -60.488668 27.814566, -60.515154 27.811415, -60.541631 27.808259, -60.568098 27.805098, -60.594556 27.801933, -60.621004 27.798762, -60.647443 27.795587, -60.673872 27.792407, -60.700291 27.789222, -60.726701 27.786032, -60.753101 27.782837, -60.779492 27.779637, -60.805873 27.776433, -60.832244 27.773223, -60.858605 27.770009, -60.884957 27.766790, -60.911300 27.763566, -60.937632 27.760337, -60.963955 27.757104, -60.990268 27.753866, -61.016571 27.750622, -61.042865 27.747374, -61.069148 27.744121, -61.095422 27.740864, -61.121686 27.737601, -61.147940 27.734334, -61.174185 27.731062, -61.200419 27.727785, -61.226644 27.724504, -61.252858 27.721217, -61.279063 27.717926, -61.305258 27.714630, -61.331443 27.711329, -61.357617 27.708024, -61.383782 27.704713, -61.409937 27.701398, -61.436082 27.698078, -61.462217 27.694754, -61.488341 27.691424, -61.514456 27.688090, -61.540560 27.684751, -61.566655 27.681408, -61.592739 27.678059, -61.618813 27.674706, -61.644877 27.671348, -61.670931 27.667986, -61.696975 27.664618, -61.723009 27.661246, -61.749032 27.657870, -61.775045 27.654488, -61.801048 27.651102, -61.827040 27.647711, -61.853023 27.644315, -61.878995 27.640915, -61.904956 27.637510, -61.930908 27.634100, -61.956849 27.630686, -61.982780 27.627267, -62.008700 27.623843, -62.034610 27.620415, -62.060510 27.616982, -62.086399 27.613544, -62.112278 27.610101, -62.138146 27.606654, -62.164004 27.603202, -62.189851 27.599746, -62.215688 27.596285, -62.241515 27.592819, -62.267331 27.589349, -62.293136 27.585874, -62.318931 27.582394, -62.344715 27.578910, -62.370489 27.575421, -62.396252 27.571927, -62.422005 27.568429, -62.447747 27.564926, -62.473478 27.561419, -62.499199 27.557907, -62.524909 27.554390, -62.550608 27.550869, -62.576297 27.547343, -62.601975 27.543813, -62.627642 27.540278, -62.653299 27.536738, -62.678944 27.533194, -62.704579 27.529645, -62.730204 27.526092, -62.755817 27.522534, -62.781420 27.518972, -62.807011 27.515404, -62.832592 27.511833, -62.858163 27.508257, -62.883722 27.504676, -62.909270 27.501091, -62.934808 27.497501, -62.960334 27.493907, -62.985850 27.490308, -63.011355 27.486704, -63.036849 27.483097, -63.062332 27.479484, -63.087804 27.475867, -63.113264 27.472246, -63.138714 27.468620, -63.164153 27.464989, -63.189581 27.461354, -63.214998 27.457715, -63.240404 27.454071, -63.265798 27.450422, -63.291182 27.446769, -63.316555 27.443112, -63.341916 27.439450, -63.367266 27.435784, -63.392605 27.432113, -63.417933 27.428438, -63.443250 27.424758, -63.468556 27.421074, -63.493850 27.417385, -63.519133 27.413692, -63.544405 27.409994, -63.569666 27.406292, -63.594916 27.402586, -63.620154 27.398875, -63.645381 27.395160, -63.670597 27.391440, -63.695801 27.387716, -63.720994 27.383987, -63.746176 27.380254, -63.771346 27.376517, -63.796505 27.372775, -63.821653 27.369029, -63.846789 27.365279, -63.871914 27.361524, -63.897028 27.357765, -63.922130 27.354001, -63.947220 27.350233, -63.972300 27.346460, -63.997367 27.342684, -64.022424 27.338902, -64.047468 27.335117, -64.072502 27.331327, -64.097523 27.327533, -64.122534 27.323734, -64.147532 27.319931, -64.172519 27.316124, -64.197495 27.312313, -64.222459 27.308497, -64.247411 27.304677, -64.272352 27.300852, -64.297281 27.297023, -64.322199 27.293190, -64.347105 27.289353, -64.371999 27.285511, -64.396881 27.281665, -64.421752 27.277814, -64.446612 27.273960, -64.471459 27.270101, -64.496295 27.266238, -64.521119 27.262370, -64.545931 27.258499, -64.570732 27.254623, -64.595521 27.250742, -64.620298 27.246858, -64.645063 27.242969, -64.669816 27.239076, -64.694558 27.235179, -64.719287 27.231277, -64.744005 27.227372, -64.768711 27.223462, -64.793406 27.219547, -64.818088 27.215629, -64.842758 27.211706, -64.867417 27.207780, -64.892063 27.203849, -64.916698 27.199913, -64.941321 27.195974, -64.965932 27.192030, -64.990530 27.188082, -65.015117 27.184130, -65.039692 27.180174, -65.064255 27.176214, -65.088806 27.172249, -65.113345 27.168281, -65.137871 27.164308, -65.162386 27.160331, -65.186889 27.156350, -65.211379 27.152364, -65.235858 27.148375, -65.260324 27.144381, -65.284778 27.140384, -65.309221 27.136382, -65.333651 27.132376, -65.358069 27.128366, -65.382474 27.124351, -65.406868 27.120333, -65.431249 27.116311, -65.455619 27.112284, -65.479976 27.108253, -65.504320 27.104219, -65.528653 27.100180, -65.552973 27.096137, -65.577281 27.092090, -65.601577 27.088039, -65.625861 27.083984, -65.650132 27.079925, -65.674391 27.075861, -65.698638 27.071794, -65.722872 27.067723, -65.747094 27.063647, -65.771304 27.059568, -65.795501 27.055484, -65.819686 27.051397, -65.843859 27.047305, -65.868019 27.043210, -65.892167 27.039110, -65.916303 27.035006, -65.940426 27.030899, -65.964536 27.026787, -65.988635 27.022672, -66.012720 27.018552, -66.036794 27.014428, -66.060854 27.010301, -66.084903 27.006169, -66.108939 27.002033, -66.132962 26.997894, -66.156973 26.993750, -66.180971 26.989603, -66.204957 26.985452, -66.228930 26.981296, -66.252891 26.977137, -66.276839 26.972974, -66.300774 26.968806, -66.324697 26.964635, -66.348608 26.960460, -66.372506 26.956281, -66.396391 26.952098, -66.420263 26.947911, -66.444123 26.943720, -66.467970 26.939526, -66.491805 26.935327, -66.515627 26.931125, -66.539436 26.926918, -66.563232 26.922708, -66.587016 26.918494, -66.610787 26.914276, -66.634545 26.910054, -66.658291 26.905828, -66.682024 26.901599, -66.705744 26.897365, -66.729451 26.893128, -66.753146 26.888887, -66.776828 26.884642, -66.800497 26.880393, -66.824153 26.876140, -66.847796 26.871883, -66.871427 26.867623, -66.895045 26.863359, -66.918650 26.859091, -66.942242 26.854819, -66.965821 26.850543, -66.989387 26.846264, -67.012940 26.841981, -67.036481 26.837694, -67.060009 26.833403, -67.083523 26.829108, -67.107025 26.824810, -67.130514 26.820507, -67.153990 26.816202, -67.177453 26.811892, -67.200903 26.807578, -67.224340 26.803261, -67.247764 26.798940, -67.271175 26.794615, -67.294573 26.790287, -67.317958 26.785955, -67.341330 26.781619, -67.364689 26.777279, -67.388035 26.772936, -67.411367 26.768589, -67.434687 26.764238, -67.457994 26.759883, -67.481288 26.755525, -67.504568 26.751163, -67.527836 26.746797, -67.551090 26.742428, -67.574331 26.738055, -67.597560 26.733678, -67.620775 26.729298, -67.643976 26.724914, -67.667165 26.720526, -67.690341 26.716135, -67.713503 26.711740, -67.736652 26.707341, -67.759788 26.702939, -67.782911 26.698533, -67.806021 26.694123, -67.829117 26.689710, -67.852201 26.685293, -67.875270 26.680873, -67.898327 26.676449, -67.921371 26.672021, -67.944401 26.667590, -67.967418 26.663155, -67.990422 26.658716, -68.013412 26.654274, -68.036389 26.649828, -68.059353 26.645379, -68.082303 26.640926, -68.105240 26.636470, -68.128164 26.632010, -68.151075 26.627546, -68.173972 26.623079, -68.196856 26.618608, -68.219726 26.614134, -68.242583 26.609656, -68.265427 26.605175, -68.288257 26.600690, -68.311074 26.596201, -68.333878 26.591710, -68.356668 26.587214, -68.379444 26.582715, -68.402208 26.578213, -68.424957 26.573707, -68.447694 26.569197, -68.470417 26.564684, -68.493126 26.560168, -68.515822 26.555648, -68.538504 26.551124, -68.561173 26.546597, -68.583829 26.542067, -68.606471 26.537533, -68.629099 26.532995, -68.651714 26.528455, -68.674316 26.523910, -68.696903 26.519362, -68.719478 26.514811, -68.742039 26.510257, -68.764586 26.505699, -68.787119 26.501137, -68.809640 26.496572, -68.832146 26.492004, -68.854639 26.487432, -68.877118 26.482857, -68.899584 26.478278, -68.922036 26.473696, -68.944474 26.469111, -68.966899 26.464522, -68.989310 26.459930, -69.011708 26.455334, -69.034092 26.450735, -69.056462 26.446133, -69.078819 26.441527, -69.101161 26.436918, -69.123491 26.432306, -69.145806 26.427690, -69.168108 26.423071, -69.190396 26.418448, -69.212670 26.413823, -69.234931 26.409194, -69.257178 26.404561, -69.279411 26.399925, -69.301630 26.395286, -69.323836 26.390644, -69.346028 26.385998, -69.368206 26.381349, -69.390371 26.376696, -69.412521 26.372041, -69.434658 26.367382, -69.456781 26.362719, -69.478890 26.358054, -69.500986 26.353385, -69.523067 26.348713, -69.545135 26.344038, -69.567189 26.339359, -69.589229 26.334677, -69.611255 26.329992, -69.633268 26.325303, -69.655266 26.320612, -69.677251 26.315917, -69.699221 26.311219, -69.721178 26.306517, -69.743121 26.301813, -69.765051 26.297105, -69.786966 26.292394, -69.808867 26.287680, -69.830754 26.282962, -69.852628 26.278241, -69.874487 26.273518, -69.896333 26.268790, -69.918165 26.264060, -69.939982 26.259327, -69.961786 26.254590, -69.983576 26.249850, -70.005352 26.245107, -70.027114 26.240361, -70.048861 26.235612, -70.070595 26.230859, -70.092315 26.226104, -70.114021 26.221345, -70.135713 26.216583, -70.157391 26.211818, -70.179055 26.207050, -70.200704 26.202278, -70.222340 26.197504, -70.243962 26.192726, -70.265570 26.187946, -70.287163 26.183162, -70.308743 26.178375, -70.330308 26.173585, -70.351860 26.168792, -70.373397 26.163996, -70.394920 26.159196, -70.416430 26.154394, -70.437925 26.149589, -70.459406 26.144780, -70.480872 26.139969, -70.502325 26.135154, -70.523764 26.130336, -70.545188 26.125515, -70.566599 26.120692, -70.587995 26.115865, -70.609377 26.111035, -70.630745 26.106202, -70.652099 26.101366, -70.673438 26.096527, -70.694764 26.091685, -70.716075 26.086840, -70.737372 26.081992, -70.758655 26.077141, -70.779924 26.072287, -70.801178 26.067429, -70.822418 26.062569, -70.843644 26.057706, -70.864856 26.052840, -70.886054 26.047971, -70.907237 26.043099, -70.928407 26.038224, -70.949561 26.033346, -70.970702 26.028465, -70.991829 26.023581, -71.012941 26.018695, -71.034039 26.013805, -71.055122 26.008912, -71.076192 26.004016, -71.097247 25.999118, -71.118288 25.994216, -71.139314 25.989312, -71.160326 25.984404, -71.181324 25.979494, -71.202308 25.974581, -71.223277 25.969665, -71.244232 25.964746, -71.265173 25.959824, -71.286099 25.954899, -71.307011 25.949971, -71.327909 25.945041, -71.348792 25.940107, -71.369661 25.935171, -71.390516 25.930232, -71.411356 25.925289, -71.432182 25.920345, -71.452994 25.915397, -71.473791 25.910446, -71.494574 25.905492, -71.515342 25.900536, -71.536096 25.895577, -71.556836 25.890615, -71.577561 25.885650, -71.598272 25.880682, -71.618968 25.875712, -71.639650 25.870738, -71.660318 25.865762, -71.680971 25.860783, -71.701609 25.855801, -71.722234 25.850817, -71.742844 25.845829, -71.763439 25.840839, -71.784020 25.835846, -71.804586 25.830851, -71.825138 25.825852, -71.845676 25.820851, -71.866199 25.815847, -71.886708 25.810840, -71.907202 25.805830, -71.927682 25.800818, -71.948147 25.795803, -71.968597 25.790785, -71.989034 25.785764, -72.009455 25.780741, -72.029863 25.775715, -72.050255 25.770686, -72.070633 25.765655, -72.090997 25.760620, -72.111346 25.755583, -72.131681 25.750544, -72.152001 25.745501, -72.172306 25.740456, -72.192597 25.735408, -72.212874 25.730358, -72.233136 25.725305, -72.253383 25.720249, -72.273616 25.715190, -72.293834 25.710129, -72.314038 25.705065, -72.334227 25.699999, -72.354401 25.694930, -72.374561 25.689858, -72.394707 25.684783, -72.414837 25.679706, -72.434953 25.674626, -72.455055 25.669544, -72.475142 25.664458, -72.495214 25.659371, -72.515272 25.654280, -72.535315 25.649187, -72.555344 25.644092, -72.575358 25.638993, -72.595357 25.633893, -72.615341 25.628789, -72.635311 25.623683, -72.655267 25.618574, -72.675208 25.613463, -72.695134 25.608349, -72.715045 25.603233, -72.734942 25.598114, -72.754824 25.592992, -72.774691 25.587868, -72.794544 25.582741, -72.814382 25.577612, -72.834206 25.572480, -72.854015 25.567346, -72.873809 25.562209, -72.893588 25.557069, -72.913353 25.551927, -72.933103 25.546782, -72.952838 25.541635, -72.972559 25.536485, -72.992265 25.531333, -73.011956 25.526179, -73.031632 25.521021, -73.051294 25.515861, -73.070941 25.510699, -73.090574 25.505534, -73.110191 25.500367, -73.129794 25.495197, -73.149382 25.490025, -73.168956 25.484850, -73.188515 25.479673, -73.208059 25.474493, -73.227588 25.469311, -73.247102 25.464126, -73.266602 25.458939, -73.286087 25.453749, -73.305557 25.448557, -73.325013 25.443363, -73.344453 25.438166, -73.363879 25.432966, -73.383290 25.427764, -73.402687 25.422560, -73.422068 25.417353, -73.441435 25.412144, -73.460787 25.406932, -73.480124 25.401718, -73.499447 25.396502, -73.518754 25.391283, -73.538047 25.386062, -73.557325 25.380838, -73.576589 25.375612, -73.595837 25.370383, -73.615071 25.365152, -73.634290 25.359919, -73.653493 25.354683, -73.672683 25.349445, -73.691857 25.344205, -73.711017 25.338962, -73.730161 25.333717, -73.749291 25.328469, -73.768406 25.323219, -73.787506 25.317967, -73.806592 25.312712, -73.825662 25.307455, -73.844718 25.302196, -73.863759 25.296934, -73.882785 25.291670, -73.901796 25.286403, -73.920792 25.281135, -73.939773 25.275864, -73.958740 25.270590, -73.977692 25.265315, -73.996629 25.260037, -74.015550 25.254756, -74.034457 25.249474, -74.053350 25.244189, -74.072227 25.238902, -74.091089 25.233612, -74.109937 25.228320, -74.128770 25.223026, -74.147587 25.217730, -74.166390 25.212431, -74.185178 25.207130, -74.203951 25.201827, -74.222709 25.196521, -74.241453 25.191214, -74.260181 25.185903, -74.278894 25.180591, -74.297593 25.175277, -74.316277 25.169960, -74.334945 25.164641, -74.353599 25.159320, -74.372238 25.153996, -74.390862 25.148670, -74.409471 25.143342, -74.428065 25.138012, -74.446644 25.132680, -74.465209 25.127345, -74.483758 25.122008, -74.502292 25.116669, -74.520812 25.111328, -74.539316 25.105984, -74.557806 25.100639, -74.576280 25.095291, -74.594740 25.089941, -74.613185 25.084588, -74.631614 25.079234, -74.650029 25.073877, -74.668429 25.068518, -74.686814 25.063157, -74.705184 25.057794, -74.723539 25.052429, -74.741879 25.047061, -74.760204 25.041692, -74.778514 25.036320, -74.796809 25.030946, -74.815089 25.025570, -74.833354 25.020192, -74.851604 25.014811, -74.869839 25.009429, -74.888060 25.004044, -74.906265 24.998657, -74.924455 24.993268, -74.942630 24.987877, -74.960790 24.982484, -74.978936 24.977089, -74.997066 24.971691, -75.015181 24.966292, -75.033282 24.960890, -75.051367 24.955487, -75.069437 24.950081, -75.087492 24.944673, -75.105533 24.939263, -75.123558 24.933851, -75.141568 24.928437, -75.159563 24.923020, -75.177543 24.917602, -75.195509 24.912182, -75.213459 24.906759, -75.231394 24.901335, -75.249314 24.895908, -75.267219 24.890480, -75.285109 24.885049, -75.302984 24.879616, -75.320845 24.874181, -75.338690 24.868745, -75.356520 24.863306, -75.374335 24.857865, -75.392134 24.852422, -75.409919 24.846977, -75.427689 24.841530, -75.445444 24.836081, -75.463184 24.830630, -75.480909 24.825177, -75.498618 24.819722, -75.516313 24.814265, -75.533993 24.808805, -75.551657 24.803344, -75.569307 24.797881, -75.586941 24.792416, -75.604561 24.786949, -75.622165 24.781480, -75.639754 24.776009, -75.657329 24.770536, -75.674888 24.765061, -75.692432 24.759584, -75.709961 24.754105, -75.727475 24.748624, -75.744974 24.743141, -75.762458 24.737656, -75.779927 24.732170, -75.797381 24.726681, -75.814819 24.721190, -75.832243 24.715698, -75.849651 24.710203, -75.867045 24.704706, -75.884423 24.699208, -75.901787 24.693708, -75.919135 24.688205, -75.936468 24.682701, -75.953786 24.677195, -75.971089 24.671687, -75.988377 24.666177, -76.005650 24.660665, -76.022908 24.655151, -76.040151 24.649635, -76.057379 24.644117, -76.074591 24.638598, -76.091789 24.633076, -76.108971 24.627553, -76.126138 24.622028, -76.143291 24.616501, -76.160428 24.610972, -76.177550 24.605441, -76.194657 24.599908, -76.211749 24.594373, -76.228825 24.588837, -76.245887 24.583298, -76.262934 24.577758, -76.279965 24.572216, -76.296981 24.566672, -76.313983 24.561126, -76.330969 24.555578, -76.347940 24.550029, -76.364896 24.544477, -76.381837 24.538924, -76.398763 24.533369, -76.415673 24.527812, -76.432569 24.522253, -76.449449 24.516693, -76.466315 24.511130, -76.483165 24.505566, -76.500000 24.500000, -76.514579 24.482569, -76.529155 24.465136, -76.543726 24.447702, -76.558293 24.430267, -76.572856 24.412830, -76.587416 24.395392, -76.601971 24.377953, -76.616522 24.360512, -76.631069 24.343069, -76.645612 24.325626, -76.660151 24.308181, -76.674687 24.290734, -76.689218 24.273286, -76.703745 24.255837, -76.718268 24.238386, -76.732787 24.220934, -76.747303 24.203481, -76.761814 24.186026, -76.776321 24.168570, -76.790824 24.151113, -76.805324 24.133654, -76.819819 24.116194, -76.834310 24.098732, -76.848798 24.081269, -76.863281 24.063805, -76.877761 24.046339, -76.892237 24.028872, -76.906708 24.011404, -76.921176 23.993934, -76.935640 23.976463, -76.950100 23.958990, -76.964556 23.941517, -76.979008 23.924041, -76.993456 23.906565, -77.007901 23.889087, -77.022341 23.871608, -77.036778 23.854127, -77.051210 23.836645, -77.065639 23.819162, -77.080064 23.801677, -77.094485 23.784191, -77.108902 23.766704, -77.123315 23.749216, -77.137724 23.731726, -77.152130 23.714234, -77.166531 23.696742, -77.180929 23.679248, -77.195323 23.661752, -77.209713 23.644256, -77.224099 23.626758, -77.238481 23.609259, -77.252860 23.591758, -77.267234 23.574256, -77.281605 23.556753, -77.295972 23.539248, -77.310335 23.521743, -77.324695 23.504235, -77.339050 23.486727, -77.353402 23.469217, -77.367750 23.451706, -77.382094 23.434193, -77.396434 23.416680, -77.410771 23.399165, -77.425103 23.381648, -77.439432 23.364131, -77.453757 23.346612, -77.468079 23.329091, -77.482396 23.311570, -77.496710 23.294047, -77.511020 23.276523, -77.525326 23.258997, -77.539629 23.241470, -77.553928 23.223942, -77.568223 23.206413, -77.582514 23.188882, -77.596801 23.171350, -77.611085 23.153817, -77.625365 23.136283, -77.639641 23.118747, -77.653914 23.101210, -77.668183 23.083671, -77.682448 23.066132, -77.696709 23.048591, -77.710967 23.031048, -77.725221 23.013505, -77.739471 22.995960, -77.753718 22.978414, -77.767961 22.960867, -77.782200 22.943318, -77.796435 22.925768, -77.810667 22.908217, -77.824895 22.890665, -77.839120 22.873111, -77.853340 22.855556, -77.867557 22.838000, -77.881771 22.820443, -77.895981 22.802884, -77.910187 22.785324, -77.924389 22.767763, -77.938588 22.750200, -77.952783 22.732637, -77.966974 22.715072, -77.981162 22.697505, -77.995346 22.679938, -78.009527 22.662369, -78.023704 22.644799, -78.037877 22.627228, -78.052047 22.609655, -78.066213 22.592082, -78.080375 22.574507, -78.094534 22.556931, -78.108689 22.539353, -78.122841 22.521775, -78.136989 22.504195, -78.151133 22.486613, -78.165274 22.469031, -78.179411 22.451447, -78.193545 22.433863, -78.207675 22.416277, -78.221802 22.398689, -78.235924 22.381101, -78.250044 22.363511, -78.264160 22.345920, -78.278272 22.328328, -78.292380 22.310734, -78.306485 22.293140, -78.320587 22.275544, -78.334685 22.257947, -78.348779 22.240348, -78.362870 22.222749, -78.376958 22.205148, -78.391042 22.187546, -78.405122 22.169943, -78.419199 22.152339, -78.433272 22.134733, -78.447342 22.117126, -78.461408 22.099519, -78.475471 22.081909, -78.489530 22.064299, -78.503586 22.046687, -78.517638 22.029075, -78.531687 22.011461, -78.545732 21.993845, -78.559774 21.976229, -78.573812 21.958612, -78.587847 21.940993, -78.601878 21.923373, -78.615906 21.905752, -78.629930 21.888129, -78.643951 21.870506, -78.657968 21.852881, -78.671982 21.835255, -78.685993 21.817628, -78.700000 21.800000, -78.677445 21.793680, -78.654893 21.787357, -78.632342 21.781030, -78.609793 21.774701, -78.587246 21.768368, -78.564702 21.762033, -78.542159 21.755694, -78.519618 21.749353, -78.497079 21.743008, -78.474543 21.736660, -78.452008 21.730310, -78.429475 21.723956, -78.406944 21.717599, -78.384415 21.711239, -78.361888 21.704876, -78.339364 21.698510, -78.316841 21.692141, -78.294320 21.685769, -78.271801 21.679394, -78.249284 21.673016, -78.226769 21.666634, -78.204256 21.660250, -78.181746 21.653863, -78.159237 21.647473, -78.136730 21.641079, -78.114225 21.634683, -78.091722 21.628284, -78.069221 21.621881, -78.046722 21.615476, -78.024225 21.609067, -78.001730 21.602656, -77.979237 21.596241, -77.956746 21.589824, -77.934257 21.583403, -77.911770 21.576980, -77.889285 21.570553, -77.866802 21.564124, -77.844321 21.557691, -77.821842 21.551255, -77.799366 21.544817, -77.776891 21.538375, -77.754418 21.531930, -77.731946 21.525483, -77.709477 21.519032, -77.687010 21.512578, -77.664545 21.506122, -77.642082 21.499662, -77.619621 21.493199, -77.597162 21.486733, -77.574705 21.480265, -77.552250 21.473793, -77.529797 21.467318, -77.507346 21.460841, -77.484897 21.454360, -77.462450 21.447876, -77.440005 21.441390, -77.417562 21.434900, -77.395121 21.428407, -77.372682 21.421912, -77.350245 21.415413, -77.327810 21.408911, -77.305377 21.402407, -77.282945 21.395899, -77.260516 21.389389, -77.238089 21.382875, -77.215664 21.376359, -77.193241 21.369839, -77.170820 21.363317, -77.148401 21.356791, -77.125984 21.350263, -77.103569 21.343731, -77.081156 21.337197, -77.058744 21.330659, -77.036335 21.324119, -77.013928 21.317576, -76.991523 21.311030, -76.969120 21.304480, -76.946719 21.297928, -76.924320 21.291373, -76.901923 21.284815, -76.879527 21.278254, -76.857134 21.271690, -76.834743 21.265123, -76.812354 21.258553, -76.789967 21.251980, -76.767582 21.245404, -76.745199 21.238825, -76.722817 21.232243, -76.700438 21.225659, -76.678061 21.219071, -76.655686 21.212480, -76.633313 21.205887, -76.610942 21.199290, -76.588572 21.192691, -76.566205 21.186088, -76.543840 21.179483, -76.521477 21.172875, -76.499116 21.166263, -76.476757 21.159649, -76.454399 21.153032, -76.432044 21.146412, -76.409691 21.139789, -76.387340 21.133163, -76.364991 21.126534, -76.342644 21.119903, -76.320298 21.113268, -76.297955 21.106630, -76.275614 21.099990, -76.253275 21.093346, -76.230938 21.086700, -76.208602 21.080051, -76.186269 21.073398, -76.163938 21.066743, -76.141609 21.060085, -76.119282 21.053424, -76.096957 21.046760, -76.074633 21.040093, -76.052312 21.033423, -76.029993 21.026751, -76.007676 21.020075, -75.985361 21.013397, -75.963047 21.006715, -75.940736 21.000031, -75.918427 20.993344, -75.896120 20.986654, -75.873815 20.979961, -75.851511 20.973265, -75.829210 20.966566, -75.806911 20.959864, -75.784614 20.953160, -75.762318 20.946452, -75.740025 20.939742, -75.717734 20.933028, -75.695445 20.926312, -75.673158 20.919593, -75.650872 20.912871, -75.628589 20.906146, -75.606308 20.899418, -75.584029 20.892688, -75.561752 20.885954, -75.539476 20.879218, -75.517203 20.872478, -75.494932 20.865736, -75.472663 20.858991, -75.450395 20.852243, -75.428130 20.845492, -75.405867 20.838739, -75.383606 20.831982, -75.361346 20.825223, -75.339089 20.818460, -75.316834 20.811695, -75.294581 20.804927, -75.272329 20.798156, -75.250080 20.791382, -75.227833 20.784606, -75.205588 20.777826, -75.183344 20.771044, -75.161103 20.764258, -75.138864 20.757470, -75.116627 20.750679, -75.094391 20.743885, -75.072158 20.737089, -75.049927 20.730289, -75.027698 20.723487, -75.005470 20.716681, -74.983245 20.709873, -74.961022 20.703062, -74.938800 20.696248, -74.916581 20.689432, -74.894364 20.682612, -74.872149 20.675790, -74.849935 20.668965, -74.827724 20.662137, -74.805515 20.655306, -74.783307 20.648472, -74.761102 20.641635, -74.738899 20.634796, -74.716697 20.627954, -74.694498 20.621109, -74.672301 20.614261, -74.650105 20.607410, -74.627912 20.600556, -74.605721 20.593700, -74.583531 20.586841, -74.561344 20.579978, -74.539159 20.573114, -74.516975 20.566246, -74.494794 20.559375, -74.472615 20.552502, -74.450437 20.545626, -74.428262 20.538747, -74.406088 20.531865, -74.383917 20.524980, -74.361748 20.518093, -74.339580 20.511202, -74.317415 20.504309, -74.295251 20.497413, -74.273090 20.490514, -74.250931 20.483613, -74.228773 20.476709, -74.206618 20.469801, -74.184464 20.462891, -74.162313 20.455979, -74.140164 20.449063, -74.118016 20.442145, -74.095871 20.435223, -74.073727 20.428299, -74.051586 20.421373, -74.029446 20.414443, -74.007309 20.407511, -73.985173 20.400576, -73.963040 20.393638, -73.940908 20.386697, -73.918779 20.379753, -73.896651 20.372807, -73.874526 20.365858, -73.852402 20.358906, -73.830281 20.351951, -73.808161 20.344994, -73.786044 20.338033, -73.763928 20.331070, -73.741814 20.324104, -73.719703 20.317136, -73.697593 20.310164, -73.675486 20.303190, -73.653380 20.296213, -73.631276 20.289234, -73.609175 20.282251, -73.587075 20.275266, -73.564978 20.268278, -73.542882 20.261287, -73.520788 20.254293, -73.498697 20.247297, -73.476607 20.240298, -73.454519 20.233296, -73.432434 20.226291, -73.410350 20.219284, -73.388268 20.212274, -73.366188 20.205261, -73.344111 20.198245, -73.322035 20.191227, -73.299961 20.184206, -73.277889 20.177182, -73.255820 20.170155, -73.233752 20.163126, -73.211686 20.156093, -73.189622 20.149058, -73.167560 20.142021, -73.145501 20.134980, -73.123443 20.127937, -73.101387 20.120891, -73.079333 20.113842, -73.057281 20.106791, -73.035231 20.099737, -73.013183 20.092680, -72.991137 20.085620, -72.969094 20.078558, -72.947052 20.071493, -72.925012 20.064425, -72.902974 20.057355, -72.880938 20.050281, -72.858904 20.043205, -72.836872 20.036127, -72.814842 20.029045, -72.792814 20.021961, -72.770787 20.014874, -72.748763 20.007784, -72.726741 20.000692, -72.704721 19.993597, -72.682703 19.986499, -72.660687 19.979398, -72.638673 19.972295, -72.616661 19.965189, -72.594650 19.958081, -72.572642 19.950969, -72.550636 19.943855, -72.528632 19.936738, -72.506630 19.929619, -72.484629 19.922497, -72.462631 19.915372, -72.440635 19.908244, -72.418640 19.901114, -72.396648 19.893981, -72.374658 19.886845, -72.352669 19.879707, -72.330683 19.872565, -72.308698 19.865422, -72.286716 19.858275, -72.264736 19.851126, -72.242757 19.843974, -72.220781 19.836819, -72.198806 19.829662, -72.176834 19.822502, -72.154863 19.815339, -72.132894 19.808174, -72.110928 19.801006, -72.088963 19.793835, -72.067001 19.786662, -72.045040 19.779486, -72.023081 19.772307, -72.001125 19.765125, -71.979170 19.757941, -71.957217 19.750755, -71.935266 19.743565, -71.913318 19.736373, -71.891371 19.729178, -71.869426 19.721981, -71.847483 19.714780, -71.825542 19.707578, -71.803603 19.700372, -71.781666 19.693164, -71.759731 19.685953, -71.737798 19.678740, -71.715867 19.671523, -71.693938 19.664305, -71.672011 19.657083, -71.650086 19.649859, -71.628163 19.642632, -71.606242 19.635403, -71.584323 19.628171, -71.562406 19.620936, -71.540491 19.613698, -71.518577 19.606458, -71.496666 19.599216, -71.474757 19.591970, -71.452849 19.584722, -71.430944 19.577472, -71.409041 19.570218, -71.387139 19.562962, -71.365240 19.555704, -71.343342 19.548443, -71.321447 19.541179, -71.299553 19.533912, -71.277662 19.526643, -71.255772 19.519371, -71.233885 19.512097, -71.211999 19.504820, -71.190115 19.497540, -71.168234 19.490258, -71.146354 19.482973, -71.124476 19.475686, -71.102600 19.468395, -71.080727 19.461103, -71.058855 19.453807, -71.036985 19.446509, -71.015117 19.439209, -70.993251 19.431905, -70.971387 19.424599, -70.949525 19.417291, -70.927665 19.409980, -70.905807 19.402666, -70.883951 19.395350, -70.862097 19.388031, -70.840244 19.380709, -70.818394 19.373385, -70.796546 19.366058, -70.774700 19.358729, -70.752855 19.351397, -70.731013 19.344062, -70.709173 19.336725, -70.687334 19.329385, -70.665498 19.322043, -70.643663 19.314698, -70.621831 19.307350, -70.600000 19.300000), (-70.600000 19.300000, -70.588683 19.307161, -70.577359 19.314326, -70.566026 19.321494, -70.554685 19.328666, -70.543336 19.335842, -70.531979 19.343022, -70.520613 19.350205, -70.509240 19.357392, -70.497859 19.364582, -70.486469 19.371777, -70.475072 19.378975, -70.463666 19.386176, -70.452252 19.393381, -70.440831 19.400590, -70.429401 19.407803, -70.417963 19.415019, -70.406517 19.422239, -70.395063 19.429463, -70.383600 19.436690, -70.372130 19.443921, -70.360652 19.451156, -70.349165 19.458394, -70.337671 19.465636, -70.326168 19.472882, -70.314657 19.480131, -70.303139 19.487383, -70.291612 19.494640, -70.280077 19.501900, -70.268534 19.509164, -70.256983 19.516431, -70.245424 19.523702, -70.233857 19.530976, -70.222281 19.538254, -70.210698 19.545536, -70.199107 19.552821, -70.187507 19.560110, -70.175900 19.567403, -70.164284 19.574699, -70.152660 19.581999, -70.141029 19.589302, -70.129389 19.596609, -70.117741 19.603919, -70.106085 19.611233, -70.094421 19.618551, -70.082749 19.625872, -70.071069 19.633196, -70.059381 19.640525, -70.047684 19.647856, -70.035980 19.655192, -70.024268 19.662531, -70.012547 19.669873, -70.000819 19.677219, -69.989082 19.684569, -69.977337 19.691922, -69.965585 19.699278, -69.953824 19.706638, -69.942055 19.714002, -69.930278 19.721369, -69.918493 19.728740, -69.906700 19.736114, -69.894899 19.743492, -69.883090 19.750873, -69.871273 19.758257, -69.859448 19.765646, -69.847615 19.773037, -69.835773 19.780432, -69.823924 19.787831, -69.812067 19.795233, -69.800201 19.802639, -69.788328 19.810048, -69.776446 19.817461, -69.764557 19.824877, -69.752659 19.832296, -69.740753 19.839719, -69.728840 19.847145, -69.716918 19.854575, -69.704988 19.862009, -69.693050 19.869445, -69.681104 19.876886, -69.669150 19.884329, -69.657189 19.891776, -69.645218 19.899227, -69.633240 19.906681, -69.621254 19.914138, -69.609260 19.921599, -69.597258 19.929063, -69.585248 19.936531, -69.573230 19.944002, -69.561203 19.951476, -69.549169 19.958954, -69.537127 19.966436, -69.525076 19.973920, -69.513018 19.981408, -69.500952 19.988900, -69.488877 19.996395, -69.476795 20.003893, -69.464704 20.011394, -69.452606 20.018899, -69.440499 20.026408, -69.428385 20.033919, -69.416262 20.041434, -69.404131 20.048953, -69.391993 20.056475, -69.379846 20.064000, -69.367691 20.071528, -69.355529 20.079060, -69.343358 20.086595, -69.331179 20.094134, -69.318992 20.101675, -69.306798 20.109221, -69.294595 20.116769, -69.282384 20.124321, -69.270165 20.131876, -69.257938 20.139434, -69.245704 20.146996, -69.233461 20.154561, -69.221210 20.162129, -69.208951 20.169701, -69.196684 20.177276, -69.184409 20.184854, -69.172126 20.192436, -69.159835 20.200021, -69.147536 20.207609, -69.135230 20.215200, -69.122915 20.222795, -69.110592 20.230393, -69.098261 20.237994, -69.085922 20.245598, -69.073575 20.253206, -69.061220 20.260817, -69.048857 20.268431, -69.036486 20.276048, -69.024107 20.283669, -69.011720 20.291293, -68.999325 20.298920, -68.986922 20.306550, -68.974512 20.314184, -68.962093 20.321821, -68.949666 20.329461, -68.937231 20.337104, -68.924788 20.344750, -68.912337 20.352400, -68.899878 20.360053, -68.887412 20.367709, -68.874937 20.375368, -68.862454 20.383030, -68.849963 20.390696, -68.837464 20.398365, -68.824958 20.406037, -68.812443 20.413712, -68.799920 20.421390, -68.787390 20.429072, -68.774851 20.436756, -68.762304 20.444444, -68.749750 20.452135, -68.737187 20.459829, -68.724617 20.467526, -68.712038 20.475227, -68.699452 20.482930, -68.686857 20.490637, -68.674255 20.498347, -68.661644 20.506060, -68.649026 20.513776, -68.636400 20.521495, -68.623765 20.529217, -68.611123 20.536943, -68.598473 20.544671, -68.585815 20.552403, -68.573149 20.560137, -68.560474 20.567875, -68.547792 20.575616, -68.535102 20.583360, -68.522404 20.591107, -68.509699 20.598857, -68.496985 20.606610, -68.484263 20.614366, -68.471533 20.622126, -68.458795 20.629888, -68.446050 20.637654, -68.433296 20.645422, -68.420534 20.653194, -68.407765 20.660968, -68.394987 20.668746, -68.382202 20.676526, -68.369409 20.684310, -68.356607 20.692097, -68.343798 20.699887, -68.330981 20.707679, -68.318156 20.715475, -68.305323 20.723274, -68.292482 20.731076, -68.279633 20.738881, -68.266776 20.746688, -68.253911 20.754499, -68.241039 20.762313, -68.228158 20.770130, -68.215269 20.777949, -68.202373 20.785772, -68.189469 20.793598, -68.176556 20.801427, -68.163636 20.809258, -68.150708 20.817093, -68.137772 20.824930, -68.124828 20.832771, -68.111876 20.840614, -68.098916 20.848461, -68.085948 20.856310, -68.072972 20.864162, -68.059989 20.872018, -68.046997 20.879876, -68.033998 20.887737, -68.020990 20.895601, -68.007975 20.903468, -67.994952 20.911338, -67.981921 20.919210, -67.968882 20.927086, -67.955835 20.934964, -67.942780 20.942846, -67.929718 20.950730, -67.916647 20.958617, -67.903569 20.966507, -67.890482 20.974400, -67.877388 20.982296, -67.864286 20.990195, -67.851176 20.998097, -67.838058 21.006001, -67.824932 21.013908, -67.811798 21.021818, -67.798657 21.029731, -67.785507 21.037647, -67.772350 21.045566, -67.759184 21.053487, -67.746011 21.061412, -67.732830 21.069339, -67.719641 21.077269, -67.706444 21.085201, -67.693240 21.093137, -67.680027 21.101075, -67.666807 21.109017, -67.653578 21.116961, -67.640342 21.124907, -67.627098 21.132857, -67.613846 21.140809, -67.600587 21.148765, -67.587319 21.156723, -67.574043 21.164683, -67.560760 21.172647, -67.547469 21.180613, -67.534170 21.188582, -67.520863 21.196554, -67.507548 21.204528, -67.494225 21.212505, -67.480895 21.220485, -67.467556 21.228468, -67.454210 21.236454, -67.440856 21.244442, -67.427494 21.252433, -67.414124 21.260426, -67.400747 21.268423, -67.387361 21.276422, -67.373968 21.284424, -67.360567 21.292428, -67.347158 21.300435, -67.333741 21.308445, -67.320316 21.316458, -67.306884 21.324473, -67.293444 21.332491, -67.279995 21.340511, -67.266540 21.348535, -67.253076 21.356561, -67.239604 21.364589, -67.226125 21.372620, -67.212637 21.380654, -67.199142 21.388691, -67.185639 21.396730, -67.172128 21.404772, -67.158610 21.412816, -67.145083 21.420864, -67.131549 21.428913, -67.118007 21.436966, -67.104457 21.445021, -67.090900 21.453078, -67.077334 21.461138, -67.063761 21.469201, -67.050180 21.477267, -67.036591 21.485335, -67.022994 21.493405, -67.009390 21.501478, -66.995778 21.509554, -66.982158 21.517632, -66.968530 21.525713, -66.954894 21.533797, -66.941251 21.541883, -66.927599 21.549971, -66.913940 21.558062, -66.900273 21.566156, -66.886599 21.574252, -66.872916 21.582351, -66.859226 21.590452, -66.845528 21.598556, -66.831822 21.606662, -66.818109 21.614771, -66.804388 21.622883, -66.790659 21.630997, -66.776922 21.639113, -66.763177 21.647232, -66.749425 21.655353, -66.735665 21.663477, -66.721897 21.671603, -66.708121 21.679732, -66.694338 21.687864, -66.680546 21.695997, -66.666747 21.704134, -66.652941 21.712273, -66.639126 21.720414, -66.625304 21.728557, -66.611474 21.736703, -66.597636 21.744852, -66.583791 21.753003, -66.569938 21.761156, -66.556077 21.769312, -66.542208 21.777471, -66.528331 21.785631, -66.514447 21.793794, -66.500555 21.801960, -66.486656 21.810128, -66.472748 21.818298, -66.458833 21.826471, -66.444910 21.834646, -66.430980 21.842824, -66.417041 21.851004, -66.403095 21.859186, -66.389141 21.867371, -66.375180 21.875558, -66.361211 21.883747, -66.347234 21.891939, -66.333249 21.900133, -66.319257 21.908330, -66.305257 21.916528, -66.291249 21.924730, -66.277233 21.932933, -66.263210 21.941139, -66.249179 21.949347, -66.235141 21.957558, -66.221094 21.965770, -66.207040 21.973985, -66.192979 21.982203, -66.178909 21.990423, -66.164832 21.998645, -66.150747 22.006869, -66.136655 22.015096, -66.122555 22.023325, -66.108447 22.031556, -66.094332 22.039789, -66.080208 22.048025, -66.066077 22.056263, -66.051939 22.064503, -66.037793 22.072746, -66.023639 22.080990, -66.009477 22.089237, -65.995308 22.097487, -65.981131 22.105738, -65.966946 22.113992, -65.952754 22.122248, -65.938554 22.130506, -65.924347 22.138766, -65.910132 22.147029, -65.895909 22.155293, -65.881678 22.163560, -65.867440 22.171830, -65.853194 22.180101, -65.838941 22.188374, -65.824680 22.196650, -65.810411 22.204928, -65.796134 22.213208, -65.781850 22.221490, -65.767559 22.229775, -65.753259 22.238061, -65.738952 22.246350, -65.724638 22.254641, -65.710316 22.262934, -65.695986 22.271229, -65.681648 22.279526, -65.667303 22.287826, -65.652951 22.296127, -65.638590 22.304431, -65.624222 22.312737, -65.609847 22.321044, -65.595464 22.329354, -65.581073 22.337666, -65.566675 22.345981, -65.552269 22.354297, -65.537855 22.362615, -65.523434 22.370936, -65.509005 22.379258, -65.494569 22.387582, -65.480125 22.395909, -65.465673 22.404238, -65.451214 22.412568, -65.436748 22.420901, -65.422273 22.429236, -65.407791 22.437573, -65.393302 22.445912, -65.378805 22.454252, -65.364300 22.462595, -65.349788 22.470940, -65.335268 22.479287, -65.320741 22.487636, -65.306206 22.495987, -65.291664 22.504340, -65.277114 22.512695, -65.262556 22.521052, -65.247991 22.529411, -65.233418 22.537772, -65.218838 22.546134, -65.204250 22.554499, -65.189655 22.562866, -65.175052 22.571235, -65.160441 22.579605, -65.145823 22.587978, -65.131198 22.596353, -65.116565 22.604729, -65.101924 22.613107, -65.087276 22.621488, -65.072621 22.629870, -65.057957 22.638254, -65.043287 22.646640, -65.028608 22.655028, -65.013923 22.663418, -64.999230 22.671810, -64.984529 22.680204, -64.969820 22.688599, -64.955105 22.696997, -64.940381 22.705396, -64.925651 22.713797, -64.910912 22.722200, -64.896166 22.730605, -64.881413 22.739012, -64.866652 22.747420, -64.851884 22.755831, -64.837108 22.764243, -64.822325 22.772657, -64.807534 22.781073, -64.792736 22.789491, -64.777930 22.797910, -64.763117 22.806332, -64.748296 22.814755, -64.733468 22.823180, -64.718633 22.831607, -64.703790 22.840035, -64.688939 22.848466, -64.674081 22.856898, -64.659216 22.865332, -64.644343 22.873767, -64.629462 22.882205, -64.614574 22.890644, -64.599679 22.899085, -64.584776 22.907528, -64.569866 22.915972, -64.554949 22.924418, -64.540023 22.932866, -64.525091 22.941316, -64.510151 22.949767, -64.495204 22.958220, -64.480249 22.966675, -64.465287 22.975132, -64.450317 22.983590, -64.435340 22.992050, -64.420355 23.000511, -64.405364 23.008975, -64.390364 23.017440, -64.375358 23.025906, -64.360343 23.034374, -64.345322 23.042844, -64.330293 23.051316, -64.315257 23.059789, -64.300213 23.068264, -64.285162 23.076741, -64.270103 23.085219, -64.255037 23.093699, -64.239964 23.102180, -64.224883 23.110663, -64.209795 23.119148, -64.194700 23.127634, -64.179597 23.136122, -64.164487 23.144612, -64.149369 23.153103, -64.134244 23.161595, -64.119112 23.170090, -64.103972 23.178586, -64.088825 23.187083, -64.073671 23.195582, -64.058509 23.204083, -64.043340 23.212585, -64.028164 23.221088, -64.012980 23.229594, -63.997789 23.238100, -63.982590 23.246609, -63.967384 23.255118, -63.952171 23.263630, -63.936951 23.272143, -63.921723 23.280657, -63.906488 23.289173, -63.891246 23.297690, -63.875996 23.306209, -63.860739 23.314729, -63.845474 23.323251, -63.830203 23.331775, -63.814924 23.340299, -63.799637 23.348826, -63.784344 23.357353, -63.769043 23.365883, -63.753735 23.374413, -63.738419 23.382945, -63.723096 23.391479, -63.707766 23.400014, -63.692429 23.408550, -63.677084 23.417088, -63.661732 23.425628, -63.646373 23.434168, -63.631007 23.442710, -63.615633 23.451254, -63.600252 23.459799, -63.584864 23.468345, -63.569468 23.476893, -63.554065 23.485442, -63.538655 23.493992, -63.523238 23.502544, -63.507814 23.511097, -63.492382 23.519652, -63.476943 23.528208, -63.461496 23.536765, -63.446043 23.545323, -63.430582 23.553883, -63.415114 23.562445, -63.399639 23.571007, -63.384157 23.579571, -63.368667 23.588136, -63.353170 23.596703, -63.337666 23.605271, -63.322155 23.613840, -63.306636 23.622410, -63.291111 23.630982, -63.275578 23.639555, -63.260038 23.648129, -63.244490 23.656705, -63.228936 23.665282, -63.213374 23.673860, -63.197805 23.682439, -63.182229 23.691020, -63.166646 23.699602, -63.151056 23.708185, -63.135458 23.716769, -63.119853 23.725355, -63.104241 23.733941, -63.088622 23.742529, -63.072996 23.751119, -63.057363 23.759709, -63.041722 23.768301, -63.026074 23.776893, -63.010419 23.785487, -62.994757 23.794082, -62.979088 23.802679, -62.963412 23.811276, -62.947729 23.819875, -62.932038 23.828475, -62.916340 23.837076, -62.900636 23.845678, -62.884924 23.854281, -62.869205 23.862886, -62.853479 23.871491, -62.837745 23.880098, -62.822005 23.888706, -62.806257 23.897315, -62.790503 23.905925, -62.774741 23.914536, -62.758972 23.923148, -62.743197 23.931761, -62.727414 23.940376, -62.711624 23.948991, -62.695826 23.957608, -62.680022 23.966226, -62.664211 23.974844, -62.648393 23.983464, -62.632567 23.992085, -62.616735 24.000707, -62.600895 24.009330, -62.585049 24.017954, -62.569195 24.026579, -62.553334 24.035205, -62.537466 24.043832, -62.521592 24.052460, -62.505710 24.061089, -62.489821 24.069719, -62.473925 24.078350, -62.458022 24.086982, -62.442112 24.095615, -62.426195 24.104249, -62.410271 24.112884, -62.394340 24.121520, -62.378402 24.130157, -62.362457 24.138795, -62.346505 24.147434, -62.330546 24.156073, -62.314580 24.164714, -62.298607 24.173356, -62.282627 24.181998, -62.266640 24.190642, -62.250646 24.199286, -62.234645 24.207932, -62.218637 24.216578, -62.202622 24.225225, -62.186600 24.233873, -62.170571 24.242522, -62.154535 24.251172, -62.138493 24.259822, -62.122443 24.268474, -62.106386 24.277126, -62.090322 24.285780, -62.074252 24.294434, -62.058174 24.303089, -62.042090 24.311745, -62.025998 24.320401, -62.009900 24.329059, -61.993795 24.337717, -61.977683 24.346376, -61.961564 24.355036, -61.945438 24.363697, -61.929305 24.372358, -61.913165 24.381021, -61.897018 24.389684, -61.880864 24.398348, -61.864704 24.407012, -61.848537 24.415678, -61.832362 24.424344, -61.816181 24.433011, -61.799993 24.441679, -61.783798 24.450347, -61.767596 24.459017, -61.751388 24.467687, -61.735172 24.476357, -61.718950 24.485029, -61.702720 24.493701, -61.686484 24.502374, -61.670241 24.511048, -61.653991 24.519722, -61.637735 24.528397, -61.621471 24.537073, -61.605201 24.545749, -61.588924 24.554426, -61.572640 24.563104, -61.556349 24.571782, -61.540051 24.580461, -61.523747 24.589141, -61.507435 24.597821, -61.491117 24.606502, -61.474792 24.615184, -61.458461 24.623866, -61.442122 24.632549, -61.425777 24.641233, -61.409425 24.649917, -61.393066 24.658602, -61.376700 24.667287, -61.360328 24.675973, -61.343949 24.684660, -61.327563 24.693347, -61.311170 24.702035, -61.294771 24.710723, -61.278365 24.719412, -61.261952 24.728101, -61.245532 24.736791, -61.229105 24.745482, -61.212672 24.754173, -61.196232 24.762865, -61.179786 24.771557, -61.163332 24.780250, -61.146872 24.788943, -61.130405 24.797637, -61.113932 24.806331, -61.097451 24.815026, -61.080964 24.823721, -61.064471 24.832417, -61.047970 24.841113, -61.031463 24.849810, -61.014949 24.858507, -60.998429 24.867204, -60.981902 24.875903, -60.965368 24.884601, -60.948828 24.893300, -60.932280 24.902000, -60.915727 24.910700, -60.899166 24.919400, -60.882599 24.928101, -60.866025 24.936802, -60.849445 24.945504, -60.832858 24.954206, -60.816264 24.962908, -60.799664 24.971611, -60.783057 24.980314, -60.766443 24.989018, -60.749823 24.997722, -60.733196 25.006426, -60.716562 25.015131, -60.699922 25.023836, -60.683275 25.032542, -60.666622 25.041248, -60.649962 25.049954, -60.633296 25.058660, -60.616623 25.067367, -60.599943 25.076074, -60.583257 25.084782, -60.566564 25.093490, -60.549864 25.102198, -60.533159 25.110906, -60.516446 25.119615, -60.499727 25.128324, -60.483001 25.137033, -60.466269 25.145743, -60.449530 25.154453, -60.432785 25.163163, -60.416033 25.171873, -60.399275 25.180584, -60.382510 25.189295, -60.365739 25.198006, -60.348961 25.206717, -60.332176 25.215429, -60.315385 25.224141, -60.298588 25.232853, -60.281784 25.241565, -60.264973 25.250278, -60.248156 25.258990, -60.231333 25.267703, -60.214503 25.276416, -60.197667 25.285130, -60.180824 25.293843, -60.163974 25.302557, -60.147119 25.311271, -60.130256 25.319985, -60.113388 25.328699, -60.096512 25.337413, -60.079631 25.346127, -60.062743 25.354842, -60.045848 25.363557, -60.028947 25.372271, -60.012040 25.380986, -59.995126 25.389701, -59.978206 25.398416, -59.961279 25.407132, -59.944346 25.415847, -59.927407 25.424563, -59.910461 25.433278, -59.893508 25.441994, -59.876550 25.450709, -59.859585 25.459425, -59.842613 25.468141, -59.825636 25.476857, -59.808651 25.485573, -59.791661 25.494289, -59.774664 25.503004, -59.757661 25.511721, -59.740651 25.520437, -59.723635 25.529153, -59.706613 25.537869, -59.689584 25.546585, -59.672549 25.555301, -59.655508 25.564017, -59.638460 25.572733, -59.621406 25.581449, -59.604346 25.590165, -59.587279 25.598881, -59.570206 25.607597, -59.553127 25.616313, -59.536042 25.625029, -59.518950 25.633744, -59.501852 25.642460, -59.484747 25.651176, -59.467637 25.659891, -59.450520 25.668607, -59.433397 25.677322, -59.416267 25.686038, -59.399131 25.694753, -59.381989 25.703468, -59.364841 25.712183, -59.347687 25.720898, -59.330526 25.729613, -59.313359 25.738328, -59.296186 25.747042, -59.279006 25.755757, -59.261821 25.764471, -59.244629 25.773185, -59.227431 25.781899, -59.210227 25.790613, -59.193016 25.799327, -59.175799 25.808040, -59.158577 25.816753, -59.141348 25.825466, -59.124112 25.834179, -59.106871 25.842892, -59.089623 25.851605, -59.072370 25.860317, -59.055110 25.869029, -59.037844 25.877741, -59.020571 25.886452, -59.003293 25.895164, -58.986009 25.903875, -58.968718 25.912586, -58.951421 25.921297, -58.934118 25.930007, -58.916809 25.938717, -58.899494 25.947427, -58.882173 25.956137, -58.864846 25.964846, -58.847512 25.973555, -58.830173 25.982264, -58.812827 25.990972, -58.795475 25.999680, -58.778118 26.008388, -58.760754 26.017096, -58.743384 26.025803, -58.726008 26.034510, -58.708626 26.043216, -58.691238 26.051922, -58.673844 26.060628, -58.656443 26.069334, -58.639037 26.078039, -58.621625 26.086744, -58.604207 26.095448, -58.586782 26.104152, -58.569352 26.112856, -58.551915 26.121559, -58.534473 26.130262, -58.517025 26.138964, -58.499570 26.147666, -58.482110 26.156368, -58.464644 26.165069, -58.447171 26.173770, -58.429693 26.182470, -58.412209 26.191170, -58.394719 26.199869, -58.377222 26.208568, -58.359720 26.217267, -58.342212 26.225965, -58.324698 26.234663, -58.307178 26.243360, -58.289652 26.252056, -58.272120 26.260752, -58.254583 26.269448, -58.237039 26.278143, -58.219489 26.286838, -58.201934 26.295532, -58.184372 26.304226, -58.166805 26.312919, -58.149232 26.321612, -58.131653 26.330304, -58.114068 26.338995, -58.096477 26.347686, -58.078880 26.356376, -58.061278 26.365066, -58.043669 26.373756, -58.026055 26.382444, -58.008435 26.391133, -57.990809 26.399820, -57.973177 26.408507, -57.955539 26.417193, -57.937896 26.425879, -57.920247 26.434564, -57.902592 26.443249, -57.884931 26.451933, -57.867264 26.460616, -57.849592 26.469299, -57.831913 26.477981, -57.814229 26.486662, -57.796539 26.495343, -57.778844 26.504023, -57.761142 26.512703, -57.743435 26.521382, -57.725722 26.530060, -57.708003 26.538737, -57.690279 26.547414, -57.672549 26.556090, -57.654813 26.564765, -57.637071 26.573440, -57.619324 26.582114, -57.601571 26.590787, -57.583812 26.599460, -57.566047 26.608131, -57.548277 26.616803, -57.530501 26.625473, -57.512720 26.634142, -57.494932 26.642811, -57.477139 26.651479, -57.459341 26.660147, -57.441536 26.668813, -57.423727 26.677479, -57.405911 26.686144, -57.388090 26.694808, -57.370263 26.703472, -57.352430 26.712134, -57.334592 26.720796, -57.316748 26.729457, -57.298899 26.738117, -57.281044 26.746776, -57.263183 26.755435, -57.245317 26.764093, -57.227445 26.772750, -57.209567 26.781406, -57.191684 26.790061, -57.173795 26.798715, -57.155901 26.807368, -57.138001 26.816021, -57.120096 26.824673, -57.102185 26.833323, -57.084269 26.841973, -57.066347 26.850622, -57.048419 26.859270, -57.030486 26.867918, -57.012547 26.876564, -56.994603 26.885209, -56.976653 26.893854, -56.958698 26.902497, -56.940737 26.911140, -56.922771 26.919782, -56.904800 26.928422, -56.886822 26.937062, -56.868840 26.945701, -56.850852 26.954339, -56.832858 26.962976, -56.814859 26.971611, -56.796854 26.980246, -56.778844 26.988880, -56.760829 26.997513, -56.742808 27.006145, -56.724782 27.014776, -56.706750 27.023406, -56.688713 27.032035, -56.670670 27.040663, -56.652622 27.049289, -56.634569 27.057915, -56.616510 27.066540, -56.598446 27.075164, -56.580376 27.083786, -56.562301 27.092408, -56.544221 27.101028, -56.526135 27.109648, -56.508044 27.118266, -56.489948 27.126883, -56.471846 27.135500, -56.453739 27.144115, -56.435626 27.152729, -56.417509 27.161341, -56.399386 27.169953, -56.381257 27.178564, -56.363123 27.187173, -56.344984 27.195782, -56.326840 27.204389, -56.308690 27.212995, -56.290535 27.221600, -56.272375 27.230204, -56.254210 27.238806, -56.236039 27.247408, -56.217863 27.256008, -56.199682 27.264607, -56.181495 27.273205, -56.163303 27.281802, -56.145106 27.290398, -56.126904 27.298992, -56.108697 27.307585, -56.090484 27.316177, -56.072266 27.324768, -56.054043 27.333357, -56.035814 27.341945, -56.017581 27.350532, -55.999342 27.359118, -55.981098 27.367703, -55.962849 27.376286, -55.944595 27.384868, -55.926336 27.393449, -55.908071 27.402028, -55.889801 27.410606, -55.871526 27.419183, -55.853246 27.427759, -55.834961 27.436333, -55.816671 27.444906, -55.798376 27.453478, -55.780075 27.462048, -55.761770 27.470617, -55.743459 27.479185, -55.725143 27.487751, -55.706822 27.496316, -55.688496 27.504880, -55.670165 27.513442, -55.651829 27.522003, -55.633488 27.530563, -55.615142 27.539121, -55.596791 27.547678, -55.578434 27.556234, -55.560073 27.564788, -55.541706 27.573341, -55.523335 27.581892, -55.504959 27.590442, -55.486577 27.598990, -55.468191 27.607538, -55.449799 27.616083, -55.431403 27.624628, -55.413002 27.633170, -55.394595 27.641712, -55.376184 27.650252, -55.357767 27.658790, -55.339346 27.667327, -55.320920 27.675863, -55.302489 27.684397, -55.284053 27.692930, -55.265612 27.701461, -55.247166 27.709991, -55.228715 27.718519, -55.210259 27.727046, -55.191798 27.735571, -55.173333 27.744095, -55.154862 27.752617, -55.136387 27.761138, -55.117907 27.769657, -55.099421 27.778174, -55.080931 27.786691, -55.062437 27.795205, -55.043937 27.803718, -55.025432 27.812230, -55.006923 27.820739, -54.988409 27.829248, -54.969890 27.837755, -54.951366 27.846260, -54.932837 27.854763, -54.914304 27.863265, -54.895765 27.871766, -54.877222 27.880265, -54.858674 27.888762, -54.840122 27.897258, -54.821564 27.905752, -54.803002 27.914244, -54.784435 27.922735, -54.765863 27.931224, -54.747287 27.939711, -54.728706 27.948197, -54.710120 27.956681, -54.691529 27.965164, -54.672934 27.973645, -54.654334 27.982124, -54.635729 27.990602, -54.617120 27.999077, -54.598505 28.007552, -54.579887 28.016024, -54.561263 28.024495, -54.542635 28.032964, -54.524002 28.041431, -54.505364 28.049897, -54.486722 28.058361, -54.468076 28.066823, -54.449424 28.075284, -54.430768 28.083742, -54.412107 28.092199, -54.393442 28.100655, -54.374772 28.109108, -54.356098 28.117560, -54.337419 28.126010, -54.318735 28.134458, -54.300047 28.142905, -54.281354 28.151349, -54.262656 28.159792, -54.243954 28.168233, -54.225248 28.176673, -54.206537 28.185110, -54.187821 28.193546, -54.169101 28.201980, -54.150376 28.210412, -54.131647 28.218842, -54.112913 28.227270, -54.094175 28.235697, -54.075432 28.244122, -54.056685 28.252544, -54.037934 28.260965, -54.019177 28.269385, -54.000417 28.277802, -53.981652 28.286217, -53.962882 28.294631, -53.944108 28.303042, -53.925330 28.311452, -53.906547 28.319860, -53.887760 28.328266, -53.868968 28.336670, -53.850172 28.345072, -53.831371 28.353472, -53.812566 28.361871, -53.793757 28.370267, -53.774943 28.378662, -53.756125 28.387054, -53.737303 28.395445, -53.718476 28.403833, -53.699645 28.412220, -53.680810 28.420605, -53.661970 28.428988, -53.643125 28.437368, -53.624277 28.445747, -53.605424 28.454124, -53.586567 28.462499, -53.567706 28.470872, -53.548840 28.479243, -53.529970 28.487611, -53.511095 28.495978, -53.492217 28.504343, -53.473334 28.512706, -53.454447 28.521067, -53.435556 28.529425, -53.416660 28.537782, -53.397760 28.546137, -53.378856 28.554489, -53.359948 28.562840, -53.341035 28.571188, -53.322118 28.579535, -53.303197 28.587879, -53.284272 28.596221, -53.265343 28.604562, -53.246409 28.612900, -53.227472 28.621236, -53.208530 28.629570, -53.189584 28.637902, -53.170634 28.646231, -53.151679 28.654559, -53.132721 28.662884, -53.113758 28.671208, -53.094792 28.679529, -53.075821 28.687848, -53.056846 28.696165, -53.037867 28.704480, -53.018884 28.712793, -52.999896 28.721103, -52.980905 28.729411, -52.961910 28.737718, -52.942910 28.746022, -52.923907 28.754323, -52.904899 28.762623, -52.885888 28.770921, -52.866872 28.779216, -52.847852 28.787509, -52.828829 28.795800, -52.809801 28.804088, -52.790769 28.812375, -52.771734 28.820659, -52.752694 28.828941, -52.733650 28.837221, -52.714603 28.845498, -52.695551 28.853774, -52.676496 28.862047, -52.657436 28.870317, -52.638373 28.878586, -52.619305 28.886852, -52.600234 28.895116, -52.581159 28.903378, -52.562079 28.911637, -52.542996 28.919894, -52.523909 28.928149, -52.504818 28.936402, -52.485724 28.944652, -52.466625 28.952900, -52.447523 28.961146, -52.428416 28.969389, -52.409306 28.977630, -52.390192 28.985868, -52.371074 28.994105, -52.351952 29.002339, -52.332827 29.010570, -52.313697 29.018800, -52.294564 29.027027, -52.275427 29.035251, -52.256286 29.043474, -52.237142 29.051693, -52.217994 29.059911, -52.198841 29.068126, -52.179686 29.076339, -52.160526 29.084549, -52.141363 29.092757, -52.122195 29.100962, -52.103025 29.109166, -52.083850 29.117366, -52.064672 29.125565, -52.045490 29.133760, -52.026304 29.141954, -52.007115 29.150145, -51.987921 29.158334, -51.968725 29.166520, -51.949524 29.174703, -51.930320 29.182885, -51.911112 29.191063, -51.891901 29.199240, -51.872686 29.207414, -51.853467 29.215585, -51.834245 29.223754, -51.815019 29.231920, -51.795789 29.240084, -51.776556 29.248246, -51.757319 29.256404, -51.738079 29.264561, -51.718835 29.272715, -51.699588 29.280866, -51.680337 29.289015, -51.661082 29.297162, -51.641824 29.305305, -51.622562 29.313447, -51.603297 29.321585, -51.584028 29.329722, -51.564756 29.337855, -51.545480 29.345986, -51.526201 29.354115, -51.506918 29.362241, -51.487632 29.370364, -51.468342 29.378485, -51.449049 29.386603, -51.429753 29.394719, -51.410452 29.402832, -51.391149 29.410943, -51.371842 29.419051, -51.352531 29.427156, -51.333218 29.435259, -51.313900 29.443359, -51.294580 29.451456, -51.275256 29.459551, -51.255928 29.467643, -51.236597 29.475733, -51.217263 29.483820, -51.197926 29.491904, -51.178585 29.499985, -51.159240 29.508064, -51.139893 29.516141, -51.120542 29.524214, -51.101188 29.532285, -51.081830 29.540354, -51.062469 29.548419, -51.043105 29.556482, -51.023737 29.564542, -51.004366 29.572600, -50.984992 29.580655, -50.965615 29.588707, -50.946234 29.596756, -50.926851 29.604803, -50.907463 29.612847, -50.888073 29.620888, -50.868679 29.628927, -50.849283 29.636963, -50.829883 29.644996, -50.810479 29.653026, -50.791073 29.661054, -50.771663 29.669079, -50.752250 29.677101, -50.732834 29.685120, -50.713415 29.693137, -50.693993 29.701150, -50.674567 29.709161, -50.655139 29.717170, -50.635707 29.725175, -50.616272 29.733178, -50.596834 29.741178, -50.577393 29.749175, -50.557949 29.757169, -50.538502 29.765160, -50.519051 29.773149, -50.499598 29.781135, -50.480141 29.789118, -50.460682 29.797098, -50.441219 29.805075, -50.421753 29.813050, -50.402284 29.821021, -50.382813 29.828990, -50.363338 29.836956, -50.343860 29.844919, -50.324379 29.852879, -50.304895 29.860836, -50.285409 29.868791, -50.265919 29.876743, -50.246426 29.884691, -50.226930 29.892637, -50.207432 29.900580, -50.187930 29.908520, -50.168426 29.916457, -50.148918 29.924391, -50.129408 29.932323, -50.109894 29.940251, -50.090378 29.948177, -50.070859 29.956099, -50.051337 29.964019, -50.031812 29.971935, -50.012284 29.979849, -49.992754 29.987760, -49.973220 29.995668, -49.953684 30.003573, -49.934144 30.011475, -49.914602 30.019374, -49.895057 30.027270, -49.875510 30.035163, -49.855959 30.043053, -49.836406 30.050940, -49.816850 30.058824, -49.797291 30.066705, -49.777729 30.074584, -49.758165 30.082459, -49.738598 30.090331, -49.719028 30.098200, -49.699455 30.106066, -49.679880 30.113929, -49.660302 30.121789, -49.640721 30.129646, -49.621137 30.137500, -49.601551 30.145351, -49.581962 30.153199, -49.562370 30.161044, -49.542776 30.168886, -49.523179 30.176725, -49.503579 30.184561, -49.483977 30.192394, -49.464372 30.200223, -49.444765 30.208050, -49.425154 30.215873, -49.405542 30.223694, -49.385926 30.231511, -49.366308 30.239325, -49.346688 30.247137, -49.327064 30.254945, -49.307439 30.262750, -49.287810 30.270551, -49.268179 30.278350, -49.248546 30.286146, -49.228910 30.293938, -49.209271 30.301728, -49.189630 30.309514, -49.169987 30.317297, -49.150341 30.325077, -49.130692 30.332854, -49.111041 30.340628, -49.091387 30.348398, -49.071731 30.356166, -49.052073 30.363930, -49.032412 30.371691, -49.012748 30.379449, -48.993082 30.387204, -48.973414 30.394956, -48.953743 30.402704, -48.934070 30.410449, -48.914395 30.418191, -48.894717 30.425930, -48.875036 30.433666, -48.855354 30.441398, -48.835669 30.449128, -48.815981 30.456854, -48.796291 30.464576, -48.776599 30.472296, -48.756905 30.480012, -48.737208 30.487726, -48.717509 30.495436, -48.697807 30.503142, -48.678103 30.510846, -48.658397 30.518546, -48.638689 30.526243, -48.618978 30.533937, -48.599265 30.541627, -48.579550 30.549314, -48.559833 30.556998, -48.540113 30.564679, -48.520391 30.572357, -48.500667 30.580031, -48.480940 30.587702, -48.461212 30.595369, -48.441481 30.603033, -48.421748 30.610694, -48.402013 30.618352, -48.382275 30.626007, -48.362536 30.633658, -48.342794 30.641305, -48.323050 30.648950, -48.303304 30.656591, -48.283556 30.664229, -48.263806 30.671863, -48.244054 30.679495, -48.224299 30.687122, -48.204542 30.694747, -48.184784 30.702368, -48.165023 30.709986, -48.145260 30.717600, -48.125495 30.725212, -48.105728 30.732819, -48.085959 30.740424, -48.066188 30.748025, -48.046415 30.755623, -48.026640 30.763217, -48.006863 30.770808, -47.987084 30.778395, -47.967302 30.785979, -47.947519 30.793560, -47.927734 30.801138, -47.907947 30.808712, -47.888158 30.816282, -47.868367 30.823849, -47.848574 30.831413, -47.828779 30.838973, -47.808982 30.846530, -47.789183 30.854084, -47.769383 30.861634, -47.749580 30.869181, -47.729776 30.876724, -47.709969 30.884264, -47.690161 30.891800, -47.670351 30.899333, -47.650539 30.906862, -47.630725 30.914388, -47.610910 30.921911, -47.591092 30.929430, -47.571273 30.936946, -47.551452 30.944458, -47.531629 30.951966, -47.511804 30.959472, -47.491977 30.966973, -47.472149 30.974472, -47.452319 30.981966, -47.432487 30.989458, -47.412653 30.996946, -47.392818 31.004430, -47.372981 31.011911, -47.353142 31.019388, -47.333301 31.026862, -47.313459 31.034332, -47.293615 31.041799, -47.273769 31.049262, -47.253922 31.056722, -47.234073 31.064178, -47.214222 31.071630, -47.194370 31.079080, -47.174516 31.086525, -47.154660 31.093967, -47.134803 31.101406, -47.114944 31.108841, -47.095083 31.116272, -47.075221 31.123700, -47.055357 31.131124, -47.035492 31.138545, -47.015625 31.145962, -46.995756 31.153375, -46.975886 31.160785, -46.956015 31.168192, -46.936141 31.175595, -46.916267 31.182994, -46.896390 31.190389, -46.876513 31.197782, -46.856633 31.205170, -46.836753 31.212555, -46.816870 31.219936, -46.796986 31.227314, -46.777101 31.234688, -46.757214 31.242058, -46.737326 31.249425, -46.717437 31.256788, -46.697546 31.264148, -46.677653 31.271504, -46.657759 31.278856, -46.637864 31.286205, -46.617967 31.293550, -46.598069 31.300891, -46.578169 31.308229, -46.558268 31.315563, -46.538366 31.322893, -46.518462 31.330220, -46.498557 31.337543, -46.478651 31.344863, -46.458743 31.352178, -46.438834 31.359491, -46.418924 31.366799, -46.399012 31.374104, -46.379099 31.381405, -46.359185 31.388702, -46.339269 31.395996, -46.319352 31.403286, -46.299434 31.410572, -46.279515 31.417855, -46.259594 31.425134, -46.239672 31.432409, -46.219749 31.439681, -46.199825 31.446948, -46.179899 31.454213, -46.159972 31.461473, -46.140044 31.468730, -46.120115 31.475983, -46.100185 31.483232, -46.080254 31.490477, -46.060321 31.497719, -46.040387 31.504957, -46.020452 31.512191, -46.000516 31.519422, -45.980579 31.526649, -45.960641 31.533872, -45.940701 31.541091, -45.920761 31.548306, -45.900819 31.555518, -45.880876 31.562726, -45.860933 31.569930, -45.840988 31.577131, -45.821042 31.584328, -45.801095 31.591520, -45.781147 31.598710, -45.761198 31.605895, -45.741248 31.613076, -45.721297 31.620254, -45.701345 31.627428, -45.681392 31.634598, -45.661438 31.641765, -45.641483 31.648927, -45.621527 31.656086, -45.601570 31.663241, -45.581612 31.670392, -45.561653 31.677540, -45.541693 31.684683, -45.521733 31.691823, -45.501771 31.698959, -45.481809 31.706091, -45.461845 31.713219, -45.441881 31.720344, -45.421916 31.727464, -45.401950 31.734581, -45.381983 31.741694, -45.362015 31.748803, -45.342046 31.755908, -45.322077 31.763009, -45.302107 31.770107, -45.282136 31.777200, -45.262164 31.784290, -45.242191 31.791376, -45.222218 31.798458, -45.202243 31.805536, -45.182268 31.812611, -45.162293 31.819681, -45.142316 31.826748, -45.122339 31.833810, -45.102361 31.840869, -45.082382 31.847924, -45.062403 31.854975, -45.042422 31.862022, -45.022441 31.869065, -45.002460 31.876105, -44.982478 31.883140, -44.962495 31.890172, -44.942511 31.897199, -44.922527 31.904223, -44.902542 31.911243, -44.882556 31.918259, -44.862570 31.925271, -44.842583 31.932279, -44.822596 31.939283, -44.802608 31.946283, -44.782619 31.953280, -44.762630 31.960272, -44.742640 31.967260, -44.722650 31.974245, -44.702659 31.981225, -44.682668 31.988202, -44.662676 31.995175, -44.642683 32.002143, -44.622690 32.009108, -44.602697 32.016069, -44.582703 32.023026, -44.562708 32.029978, -44.542713 32.036927, -44.522717 32.043872, -44.502721 32.050813, -44.482725 32.057750, -44.462728 32.064683, -44.442731 32.071612, -44.422733 32.078538, -44.402735 32.085459, -44.382736 32.092376, -44.362737 32.099289, -44.342737 32.106198, -44.322738 32.113103, -44.302737 32.120004, -44.282737 32.126902, -44.262736 32.133795, -44.242734 32.140684, -44.222733 32.147569, -44.202731 32.154450, -44.182728 32.161327, -44.162726 32.168201, -44.142723 32.175070, -44.122720 32.181935, -44.102716 32.188796, -44.082712 32.195653, -44.062708 32.202506, -44.042704 32.209355, -44.022699 32.216200, -44.002694 32.223041, -43.982689 32.229878, -43.962684 32.236711, -43.942678 32.243540, -43.922672 32.250364, -43.902666 32.257185, -43.882660 32.264002, -43.862654 32.270814, -43.842647 32.277623, -43.822640 32.284428, -43.802633 32.291228, -43.782626 32.298024, -43.762619 32.304817, -43.742612 32.311605, -43.722605 32.318389, -43.702597 32.325170, -43.682589 32.331946, -43.662582 32.338718, -43.642574 32.345486, -43.622566 32.352250, -43.602558 32.359009, -43.582550 32.365765, -43.562542 32.372517, -43.542533 32.379264, -43.522525 32.386008, -43.502517 32.392747, -43.482509 32.399482, -43.462501 32.406213, -43.442492 32.412940, -43.422484 32.419663, -43.402476 32.426382, -43.382468 32.433097, -43.362460 32.439808, -43.342451 32.446514, -43.322443 32.453217, -43.302435 32.459915, -43.282427 32.466609, -43.262420 32.473299, -43.242412 32.479985, -43.222404 32.486667, -43.202397 32.493344, -43.182389 32.500018, -43.162382 32.506687, -43.142375 32.513353, -43.122368 32.520014, -43.102361 32.526671, -43.082354 32.533324, -43.062348 32.539973, -43.042341 32.546617, -43.022335 32.553258, -43.002329 32.559894, -42.982323 32.566526, -42.962318 32.573154, -42.942312 32.579778, -42.922307 32.586398, -42.902302 32.593013, -42.882298 32.599625, -42.862293 32.606232, -42.842289 32.612835, -42.822285 32.619434, -42.802282 32.626028, -42.782278 32.632619, -42.762275 32.639205, -42.742273 32.645787, -42.722270 32.652365, -42.702268 32.658939, -42.682267 32.665509, -42.662265 32.672074, -42.642264 32.678636, -42.622264 32.685193, -42.602264 32.691746, -42.582264 32.698294, -42.562264 32.704839, -42.542265 32.711379, -42.522267 32.717915, -42.502268 32.724447, -42.482271 32.730975, -42.462273 32.737499, -42.442276 32.744018, -42.422280 32.750533, -42.402284 32.757044, -42.382288 32.763551, -42.362293 32.770053, -42.342298 32.776552, -42.322304 32.783046, -42.302311 32.789535, -42.282318 32.796021, -42.262325 32.802503, -42.242333 32.808980, -42.222342 32.815453, -42.202351 32.821921, -42.182360 32.828386, -42.162371 32.834846, -42.142381 32.841302, -42.122393 32.847754, -42.102405 32.854202, -42.082417 32.860645, -42.062430 32.867084, -42.042444 32.873519, -42.022458 32.879950, -42.002473 32.886376, -41.982489 32.892798, -41.962505 32.899216, -41.942522 32.905630, -41.922540 32.912039, -41.902558 32.918444, -41.882577 32.924845, -41.862597 32.931242, -41.842618 32.937634, -41.822639 32.944022, -41.802661 32.950406, -41.782683 32.956785, -41.762707 32.963161, -41.742731 32.969532, -41.722756 32.975899, -41.702781 32.982261, -41.682808 32.988619, -41.662835 32.994973, -41.642863 33.001323, -41.622892 33.007668, -41.602921 33.014010, -41.582952 33.020346, -41.562983 33.026679, -41.543015 33.033007, -41.523048 33.039331, -41.503082 33.045651, -41.483116 33.051966, -41.463152 33.058278, -41.443188 33.064584, -41.423226 33.070887, -41.403264 33.077185, -41.383303 33.083479, -41.363343 33.089769, -41.343384 33.096054, -41.323426 33.102336, -41.303469 33.108612, -41.283513 33.114885, -41.263557 33.121153, -41.243603 33.127417, -41.223650 33.133676, -41.203697 33.139932, -41.183746 33.146183, -41.163796 33.152429, -41.143846 33.158672, -41.123898 33.164910, -41.103951 33.171143, -41.084005 33.177373, -41.064059 33.183598, -41.044115 33.189819, -41.024172 33.196035, -41.004230 33.202247, -40.984289 33.208455, -40.964350 33.214659, -40.944411 33.220858, -40.924473 33.227053, -40.904537 33.233243, -40.884601 33.239429, -40.864667 33.245611, -40.844734 33.251789, -40.824802 33.257962, -40.804871 33.264131, -40.784942 33.270295, -40.765013 33.276455, -40.745086 33.282611, -40.725160 33.288763, -40.705235 33.294910, -40.685312 33.301053, -40.665389 33.307191, -40.645468 33.313325, -40.625548 33.319455, -40.605629 33.325580, -40.585712 33.331702, -40.565796 33.337818, -40.545881 33.343931, -40.525967 33.350039, -40.506055 33.356142, -40.486144 33.362242, -40.466234 33.368337, -40.446326 33.374427, -40.426419 33.380514, -40.406513 33.386596, -40.386609 33.392673, -40.366706 33.398746, -40.346804 33.404815, -40.326903 33.410880, -40.307005 33.416940, -40.287107 33.422995, -40.267211 33.429047, -40.247316 33.435094, -40.227423 33.441136, -40.207531 33.447175, -40.187640 33.453209, -40.167751 33.459238, -40.147863 33.465263, -40.127977 33.471284, -40.108092 33.477300, -40.088209 33.483312, -40.068327 33.489320, -40.048447 33.495323, -40.028568 33.501322, -40.008691 33.507317, -39.988815 33.513307, -39.968941 33.519293, -39.949068 33.525274, -39.929197 33.531251, -39.909327 33.537224, -39.889459 33.543192, -39.869593 33.549156, -39.849728 33.555115, -39.829864 33.561070, -39.810002 33.567021, -39.790142 33.572967, -39.770284 33.578909, -39.750427 33.584847, -39.730571 33.590780, -39.710718 33.596709, -39.690866 33.602633, -39.671015 33.608553, -39.651166 33.614469, -39.631319 33.620380, -39.611474 33.626286, -39.591630 33.632189, -39.571788 33.638087, -39.551948 33.643980, -39.532109 33.649869, -39.512272 33.655754, -39.492437 33.661635, -39.472603 33.667511, -39.452771 33.673382, -39.432941 33.679249, -39.413113 33.685112, -39.393287 33.690970, -39.373462 33.696824, -39.353639 33.702674, -39.333818 33.708519, -39.313999 33.714360, -39.294181 33.720196, -39.274366 33.726028, -39.254552 33.731855, -39.234740 33.737678, -39.214929 33.743497, -39.195121 33.749311, -39.175315 33.755121, -39.155510 33.760927, -39.135707 33.766728, -39.115906 33.772524, -39.096107 33.778316, -39.076310 33.784104, -39.056515 33.789888, -39.036722 33.795666, -39.016931 33.801441, -38.997141 33.807211, -38.977354 33.812977, -38.957568 33.818738, -38.937785 33.824495, -38.918003 33.830247, -38.898224 33.835995, -38.878446 33.841739, -38.858670 33.847478, -38.838897 33.853213, -38.819125 33.858943, -38.799356 33.864669, -38.779588 33.870390, -38.759823 33.876107, -38.740059 33.881820, -38.720298 33.887528, -38.700538 33.893232, -38.680781 33.898931, -38.661026 33.904626, -38.641273 33.910317, -38.621522 33.916003, -38.601773 33.921684, -38.582026 33.927361, -38.562281 33.933034, -38.542539 33.938703, -38.522798 33.944366, -38.503060 33.950026, -38.483324 33.955681, -38.463590 33.961332, -38.443858 33.966978, -38.424128 33.972619, -38.404401 33.978257, -38.384675 33.983890, -38.364952 33.989518, -38.345231 33.995142, -38.325513 34.000762, -38.305796 34.006377, -38.286082 34.011987, -38.266370 34.017594, -38.246660 34.023196, -38.226953 34.028793, -38.207247 34.034386, -38.187545 34.039974, -38.167844 34.045559, -38.148145 34.051138, -38.128449 34.056713, -38.108756 34.062284, -38.089064 34.067850, -38.069375 34.073412, -38.049688 34.078970, -38.030004 34.084523, -38.010322 34.090071, -37.990642 34.095616, -37.970964 34.101155, -37.951289 34.106691, -37.931617 34.112221, -37.911947 34.117748, -37.892279 34.123270, -37.872613 34.128787, -37.852950 34.134300, -37.833289 34.139809, -37.813631 34.145313, -37.793975 34.150813, -37.774322 34.156308, -37.754671 34.161799, -37.735023 34.167285, -37.715377 34.172767, -37.695733 34.178245, -37.676092 34.183718, -37.656454 34.189187, -37.636818 34.194651, -37.617184 34.200111, -37.597553 34.205566, -37.577925 34.211017, -37.558299 34.216463, -37.538676 34.221905, -37.519055 34.227343, -37.499436 34.232776, -37.479821 34.238204, -37.460208 34.243629, -37.440597 34.249048, -37.420989 34.254464, -37.401384 34.259875, -37.381781 34.265281, -37.362181 34.270683, -37.342583 34.276081, -37.322988 34.281474, -37.303396 34.286862, -37.283806 34.292247, -37.264219 34.297626, -37.244635 34.303002, -37.225053 34.308373, -37.205474 34.313739, -37.185898 34.319101, -37.166324 34.324459, -37.146753 34.329812, -37.127185 34.335161, -37.107620 34.340505, -37.088057 34.345845, -37.068497 34.351180, -37.048940 34.356511, -37.029385 34.361837, -37.009833 34.367159, -36.990284 34.372477, -36.970738 34.377790, -36.951194 34.383099, -36.931654 34.388403, -36.912116 34.393703, -36.892581 34.398998, -36.873048 34.404289, -36.853519 34.409576, -36.833992 34.414858, -36.814468 34.420136, -36.794947 34.425409, -36.775429 34.430677, -36.755914 34.435942, -36.736402 34.441202, -36.716892 34.446457, -36.697385 34.451708, -36.677881 34.456955, -36.658381 34.462197, -36.638883 34.467434, -36.619388 34.472668, -36.599895 34.477896, -36.580406 34.483121, -36.560920 34.488341, -36.541436 34.493556, -36.521956 34.498767, -36.502479 34.503974, -36.483004 34.509176, -36.463533 34.514374, -36.444064 34.519567, -36.424598 34.524756, -36.405136 34.529940, -36.385676 34.535120, -36.366220 34.540296, -36.346766 34.545467, -36.327316 34.550634, -36.307868 34.555796, -36.288424 34.560954, -36.268983 34.566107, -36.249544 34.571256, -36.230109 34.576401, -36.210677 34.581541, -36.191248 34.586676, -36.171822 34.591808, -36.152399 34.596934, -36.132979 34.602057, -36.113562 34.607175, -36.094149 34.612288, -36.074738 34.617397, -36.055331 34.622502, -36.035927 34.627602, -36.016526 34.632698, -35.997128 34.637789, -35.977733 34.642876, -35.958341 34.647959, -35.938953 34.653037, -35.919568 34.658111, -35.900186 34.663180, -35.880807 34.668245, -35.861432 34.673305, -35.842059 34.678361, -35.822690 34.683412, -35.803324 34.688460, -35.783961 34.693502, -35.764602 34.698541, -35.745246 34.703574, -35.725893 34.708604, -35.706543 34.713629, -35.687197 34.718650, -35.667854 34.723666, -35.648514 34.728677, -35.629178 34.733685, -35.609844 34.738688, -35.590515 34.743686, -35.571188 34.748680, -35.551865 34.753670, -35.532545 34.758655, -35.513228 34.763636, -35.493915 34.768613, -35.474605 34.773585, -35.455299 34.778552, -35.435996 34.783515, -35.416696 34.788474, -35.397400 34.793429, -35.378107 34.798379, -35.358817 34.803324, -35.339531 34.808265, -35.320249 34.813202, -35.300969 34.818134, -35.281693 34.823062, -35.262421 34.827986, -35.243152 34.832905, -35.223887 34.837820, -35.204625 34.842730, -35.185366 34.847636, -35.166111 34.852537, -35.146859 34.857435, -35.127611 34.862327, -35.108367 34.867216, -35.089125 34.872099, -35.069888 34.876979, -35.050654 34.881854, -35.031423 34.886725, -35.012196 34.891591, -34.992973 34.896453, -34.973753 34.901311, -34.954536 34.906164, -34.935324 34.911012, -34.916114 34.915857, -34.896909 34.920697, -34.877707 34.925532, -34.858508 34.930364, -34.839313 34.935190, -34.820122 34.940013, -34.800934 34.944831, -34.781750 34.949644, -34.762570 34.954454, -34.743393 34.959258, -34.724220 34.964059, -34.705051 34.968855, -34.685885 34.973647, -34.666723 34.978434, -34.647564 34.983217, -34.628409 34.987996, -34.609258 34.992770, -34.590111 34.997540, -34.570967 35.002305, -34.551827 35.007066, -34.532691 35.011823, -34.513558 35.016575, -34.494429 35.021323, -34.475304 35.026066, -34.456183 35.030806, -34.437065 35.035540, -34.417951 35.040271, -34.398841 35.044997, -34.379735 35.049719, -34.360632 35.054436, -34.341533 35.059149, -34.322438 35.063858, -34.303347 35.068562, -34.284260 35.073262, -34.265176 35.077957, -34.246097 35.082648, -34.227021 35.087335, -34.207949 35.092018, -34.188880 35.096696, -34.169816 35.101369, -34.150755 35.106039, -34.131699 35.110704, -34.112646 35.115365, -34.093597 35.120021, -34.074552 35.124673, -34.055511 35.129320, -34.036474 35.133964, -34.017440 35.138603, -33.998411 35.143237, -33.979385 35.147867, -33.960364 35.152493, -33.941346 35.157115, -33.922332 35.161732, -33.903323 35.166345, -33.884317 35.170953, -33.865315 35.175557, -33.846317 35.180157, -33.827323 35.184753, -33.808333 35.189344, -33.789347 35.193931, -33.770365 35.198513, -33.751387 35.203091, -33.732413 35.207665, -33.713443 35.212234, -33.694477 35.216800, -33.675515 35.221360, -33.656558 35.225917, -33.637604 35.230469, -33.618654 35.235017, -33.599708 35.239560, -33.580767 35.244099, -33.561829 35.248634, -33.542895 35.253165, -33.523966 35.257691, -33.505041 35.262213, -33.486119 35.266731, -33.467202 35.271244, -33.448289 35.275753, -33.429380 35.280257, -33.410476 35.284758, -33.391575 35.289254, -33.372678 35.293745, -33.353786 35.298233, -33.334898 35.302716, -33.316014 35.307195, -33.297134 35.311669, -33.278258 35.316139, -33.259386 35.320605, -33.240519 35.325067, -33.221656 35.329524, -33.202797 35.333977, -33.183942 35.338426, -33.165091 35.342870, -33.146245 35.347310, -33.127403 35.351746, -33.108565 35.356177, -33.089731 35.360605, -33.070902 35.365027, -33.052077 35.369446, -33.033256 35.373860, -33.014439 35.378270, -32.995626 35.382676, -32.976818 35.387078, -32.958014 35.391475, -32.939215 35.395868, -32.920420 35.400256, -32.901629 35.404641, -32.882842 35.409021, -32.864060 35.413397, -32.845282 35.417768, -32.826508 35.422136, -32.807739 35.426499, -32.788973 35.430857, -32.770213 35.435212, -32.751456 35.439562, -32.732704 35.443908, -32.713957 35.448250, -32.695214 35.452587, -32.676475 35.456920, -32.657740 35.461249, -32.639010 35.465574, -32.620285 35.469894, -32.601563 35.474210, -32.582846 35.478522, -32.564134 35.482830, -32.545426 35.487133, -32.526722 35.491432, -32.508023 35.495727, -32.489328 35.500017, -32.470638 35.504304, -32.451952 35.508586, -32.433271 35.512864, -32.414594 35.517137, -32.395922 35.521407, -32.377254 35.525672, -32.358590 35.529933, -32.339931 35.534190, -32.321277 35.538442, -32.302627 35.542690, -32.283982 35.546934, -32.265341 35.551174, -32.246704 35.555410, -32.228073 35.559641, -32.209445 35.563868, -32.190823 35.568091, -32.172204 35.572309, -32.153591 35.576524, -32.134982 35.580734, -32.116377 35.584940, -32.097777 35.589142, -32.079182 35.593339, -32.060591 35.597533, -32.042005 35.601722, -32.023423 35.605907, -32.004846 35.610088, -31.986274 35.614264, -31.967706 35.618436, -31.949143 35.622605, -31.930584 35.626768, -31.912031 35.630928, -31.893481 35.635084, -31.874937 35.639235, -31.856397 35.643382, -31.837862 35.647525, -31.819331 35.651664, -31.800805 35.655798, -31.782284 35.659929, -31.763767 35.664055, -31.745256 35.668177, -31.726748 35.672295, -31.708246 35.676408, -31.689748 35.680518, -31.671255 35.684623, -31.652767 35.688724, -31.634283 35.692821, -31.615805 35.696914, -31.597331 35.701002, -31.578861 35.705087, -31.560397 35.709167, -31.541937 35.713243, -31.523482 35.717315, -31.505031 35.721383, -31.486586 35.725446, -31.468145 35.729506, -31.449709 35.733561, -31.431278 35.737612, -31.412852 35.741659, -31.394430 35.745702, -31.376013 35.749741, -31.357602 35.753775, -31.339194 35.757806, -31.320792 35.761832, -31.302395 35.765854, -31.284002 35.769872, -31.265614 35.773886, -31.247232 35.777895, -31.228854 35.781901, -31.210480 35.785902, -31.192112 35.789899, -31.173749 35.793893, -31.155390 35.797882, -31.137037 35.801866, -31.118688 35.805847, -31.100344 35.809824, -31.082005 35.813796, -31.063671 35.817765, -31.045342 35.821729, -31.027018 35.825689, -31.008698 35.829645, -30.990384 35.833597, -30.972075 35.837545, -30.953770 35.841488, -30.935471 35.845428, -30.917176 35.849364, -30.898887 35.853295, -30.880602 35.857222, -30.862323 35.861145, -30.844048 35.865064, -30.825778 35.868979, -30.807514 35.872890, -30.789254 35.876797, -30.770999 35.880700, -30.752750 35.884598, -30.734505 35.888493, -30.716266 35.892383, -30.698031 35.896270, -30.679802 35.900152, -30.661577 35.904030, -30.643358 35.907904, -30.625143 35.911774, -30.606934 35.915640, -30.588730 35.919502, -30.570530 35.923360, -30.552336 35.927214, -30.534147 35.931063, -30.515963 35.934909, -30.497784 35.938750, -30.479610 35.942588, -30.461442 35.946421, -30.443278 35.950251, -30.425120 35.954076, -30.406966 35.957897, -30.388818 35.961714, -30.370675 35.965528, -30.352537 35.969337, -30.334404 35.973142, -30.316276 35.976943, -30.298154 35.980740, -30.280036 35.984533, -30.261924 35.988322, -30.243817 35.992107, -30.225715 35.995887, -30.207619 35.999664, -30.189527 36.003437, -30.171441 36.007206, -30.153359 36.010970, -30.135283 36.014731, -30.117213 36.018488, -30.099147 36.022240, -30.081087 36.025989, -30.063032 36.029734, -30.044982 36.033474, -30.026937 36.037211, -30.008898 36.040944, -29.990864 36.044672, -29.972835 36.048397, -29.954811 36.052117, -29.936793 36.055834, -29.918779 36.059546, -29.900772 36.063255, -29.882769 36.066960, -29.864772 36.070660, -29.846780 36.074357, -29.828793 36.078049, -29.810811 36.081738, -29.792835 36.085423, -29.774864 36.089103, -29.756899 36.092780, -29.738939 36.096453, -29.720984 36.100121, -29.703034 36.103786, -29.685090 36.107447, -29.667151 36.111104, -29.649218 36.114756, -29.631289 36.118405, -29.613366 36.122050, -29.595449 36.125691, -29.577537 36.129328, -29.559630 36.132961, -29.541729 36.136590, -29.523833 36.140215, -29.505942 36.143836, -29.488057 36.147454, -29.470177 36.151067, -29.452302 36.154676, -29.434433 36.158281, -29.416570 36.161883, -29.398712 36.165480, -29.380859 36.169074, -29.363011 36.172663, -29.345170 36.176249, -29.327333 36.179831, -29.309502 36.183409, -29.291676 36.186983, -29.273856 36.190553, -29.256041 36.194119, -29.238232 36.197681, -29.220428 36.201239, -29.202630 36.204793, -29.184837 36.208344, -29.167050 36.211890, -29.149268 36.215433, -29.131492 36.218971, -29.113721 36.222506, -29.095956 36.226037, -29.078196 36.229564, -29.060441 36.233087, -29.042692 36.236606, -29.024949 36.240121, -29.007211 36.243633, -28.989479 36.247140, -28.971752 36.250644, -28.954031 36.254143, -28.936316 36.257639, -28.918605 36.261131, -28.900901 36.264619, -28.883202 36.268103, -28.865509 36.271584, -28.847821 36.275060, -28.830138 36.278533, -28.812462 36.282001, -28.794791 36.285466, -28.777125 36.288927, -28.759465 36.292384, -28.741811 36.295837, -28.724162 36.299287, -28.706519 36.302732, -28.688882 36.306174, -28.671250 36.309612, -28.653624 36.313046, -28.636003 36.316476, -28.618388 36.319902, -28.600779 36.323325, -28.583175 36.326743, -28.565577 36.330158, -28.547985 36.333569, -28.530398 36.336976, -28.512817 36.340380, -28.495241 36.343779, -28.477672 36.347175, -28.460108 36.350567, -28.442549 36.353955, -28.424997 36.357339, -28.407450 36.360719, -28.389908 36.364096, -28.372373 36.367468, -28.354843 36.370837, -28.337319 36.374202, -28.319800 36.377564, -28.302287 36.380921, -28.284780 36.384275, -28.267279 36.387625, -28.249784 36.390971, -28.232294 36.394313, -28.214810 36.397652, -28.197331 36.400987, -28.179859 36.404318, -28.162392 36.407645, -28.144931 36.410968, -28.127476 36.414288, -28.110026 36.417604, -28.092582 36.420916, -28.075144 36.424224, -28.057712 36.427529, -28.040286 36.430830, -28.022865 36.434127, -28.005450 36.437420, -27.988041 36.440709, -27.970638 36.443995, -27.953241 36.447277, -27.935849 36.450555, -27.918463 36.453830, -27.901083 36.457101, -27.883709 36.460368, -27.866341 36.463631, -27.848979 36.466890, -27.831622 36.470146, -27.814271 36.473398, -27.796926 36.476646, -27.779587 36.479891, -27.762254 36.483132, -27.744927 36.486369, -27.727605 36.489602, -27.710290 36.492832, -27.692980 36.496058, -27.675676 36.499280, -27.658378 36.502499, -27.641086 36.505713, -27.623800 36.508924, -27.606520 36.512132, -27.589246 36.515336, -27.571977 36.518536, -27.554715 36.521732, -27.537458 36.524924, -27.520207 36.528113, -27.502963 36.531298, -27.485724 36.534480, -27.468491 36.537658, -27.451264 36.540832, -27.434043 36.544002, -27.416828 36.547169, -27.399619 36.550332, -27.382416 36.553492, -27.365218 36.556647, -27.348027 36.559799, -27.330842 36.562948, -27.313663 36.566093, -27.296489 36.569234, -27.279322 36.572371, -27.262161 36.575505, -27.245005 36.578635, -27.227856 36.581761, -27.210712 36.584884, -27.193575 36.588003, -27.176444 36.591119, -27.159318 36.594231, -27.142199 36.597339, -27.125086 36.600443, -27.107979 36.603544, -27.090877 36.606642, -27.073782 36.609735, -27.056693 36.612825, -27.039610 36.615912, -27.022533 36.618994, -27.005462 36.622074, -26.988397 36.625149, -26.971338 36.628221, -26.954285 36.631289, -26.937238 36.634354, -26.920197 36.637415, -26.903162 36.640473, -26.886134 36.643527, -26.869111 36.646577, -26.852095 36.649623, -26.835085 36.652667, -26.818080 36.655706, -26.801082 36.658742, -26.784090 36.661774, -26.767104 36.664803, -26.750124 36.667828, -26.733151 36.670850, -26.716183 36.673868, -26.699221 36.676882, -26.682266 36.679893, -26.665317 36.682900, -26.648374 36.685904, -26.631437 36.688904, -26.614506 36.691900, -26.597581 36.694893, -26.580663 36.697883, -26.563750 36.700869, -26.546844 36.703851, -26.529944 36.706830, -26.513050 36.709805, -26.496162 36.712777, -26.479281 36.715745, -26.462406 36.718709, -26.445536 36.721671, -26.428673 36.724628, -26.411817 36.727582, -26.394966 36.730532, -26.378121 36.733479, -26.361283 36.736423, -26.344451 36.739363, -26.327625 36.742299, -26.310806 36.745232, -26.293992 36.748161, -26.277185 36.751087, -26.260384 36.754009, -26.243589 36.756928, -26.226801 36.759843, -26.210019 36.762755, -26.193243 36.765663, -26.176473 36.768568, -26.159709 36.771469, -26.142952 36.774367, -26.126201 36.777262, -26.109456 36.780152, -26.092718 36.783040, -26.075985 36.785924, -26.059259 36.788804, -26.042540 36.791681, -26.025826 36.794554, -26.009119 36.797424, -25.992418 36.800291, -25.975724 36.803154, -25.959035 36.806013, -25.942353 36.808869, -25.925678 36.811722, -25.909008 36.814571, -25.892345 36.817417, -25.875688 36.820259, -25.859038 36.823098, -25.842394 36.825933, -25.825756 36.828765, -25.809124 36.831594, -25.792499 36.834419, -25.775880 36.837240, -25.759268 36.840058, -25.742661 36.842873, -25.726061 36.845684, -25.709468 36.848492, -25.692881 36.851297, -25.676300 36.854098, -25.659726 36.856895, -25.643157 36.859690, -25.626596 36.862480, -25.610040 36.865268, -25.593491 36.868052, -25.576949 36.870832, -25.560412 36.873610, -25.543882 36.876383, -25.527359 36.879154, -25.510842 36.881921, -25.494331 36.884684, -25.477827 36.887444, -25.461329 36.890201, -25.444837 36.892955, -25.428352 36.895705, -25.411874 36.898451, -25.395401 36.901195, -25.378935 36.903935, -25.362476 36.906671, -25.346023 36.909404, -25.329576 36.912134, -25.313136 36.914861, -25.296702 36.917584, -25.280275 36.920304, -25.263854 36.923020, -25.247440 36.925733, -25.231032 36.928443, -25.214630 36.931149, -25.198235 36.933852, -25.181846 36.936552, -25.165464 36.939248, -25.149088 36.941941, -25.132719 36.944631, -25.116356 36.947317, -25.100000 36.950000, -25.083270 36.952745, -25.066515 36.955497, -25.049736 36.958257, -25.032933 36.961024, -25.016105 36.963798, -24.999254 36.966580, -24.982378 36.969368, -24.965478 36.972164, -24.948554 36.974967, -24.931606 36.977777, -24.914634 36.980595, -24.897638 36.983419, -24.880618 36.986250, -24.863574 36.989088, -24.846506 36.991933, -24.829414 36.994785, -24.812299 36.997644, -24.795160 37.000509, -24.777997 37.003382, -24.760810 37.006261, -24.743600 37.009146, -24.726366 37.012039, -24.709109 37.014937, -24.691828 37.017843, -24.674524 37.020755, -24.657196 37.023673, -24.639845 37.026598, -24.622470 37.029530, -24.605072 37.032467, -24.587651 37.035411, -24.570206 37.038362, -24.552738 37.041318, -24.535247 37.044281, -24.517733 37.047250, -24.500196 37.050225, -24.482635 37.053206, -24.465052 37.056193, -24.447445 37.059187, -24.429816 37.062186, -24.412164 37.065191, -24.394488 37.068202, -24.376790 37.071220, -24.359069 37.074242, -24.341326 37.077271, -24.323559 37.080306, -24.305770 37.083346, -24.287958 37.086392, -24.270124 37.089443, -24.252267 37.092500, -24.234387 37.095563, -24.216485 37.098631, -24.198561 37.101705, -24.180614 37.104784, -24.162644 37.107869, -24.144652 37.110959, -24.126638 37.114055, -24.108602 37.117155, -24.090543 37.120261, -24.072463 37.123373, -24.054360 37.126489, -24.036235 37.129611, -24.018087 37.132738, -23.999918 37.135869, -23.981727 37.139006, -23.963514 37.142148, -23.945279 37.145295, -23.927022 37.148447, -23.908743 37.151604, -23.890442 37.154766, -23.872120 37.157932, -23.853775 37.161104, -23.835410 37.164280, -23.817022 37.167460, -23.798613 37.170646, -23.780182 37.173836, -23.761730 37.177031, -23.743256 37.180230, -23.724761 37.183434, -23.706244 37.186642, -23.687706 37.189855, -23.669147 37.193072, -23.650566 37.196294, -23.631964 37.199520, -23.613341 37.202750, -23.594697 37.205985, -23.576032 37.209224, -23.557345 37.212467, -23.538638 37.215714, -23.519909 37.218966, -23.501159 37.222221, -23.482389 37.225481, -23.463598 37.228744, -23.444785 37.232012, -23.425952 37.235284, -23.407099 37.238559, -23.388224 37.241838, -23.369329 37.245122, -23.350413 37.248409, -23.331477 37.251699, -23.312520 37.254994, -23.293542 37.258292, -23.274544 37.261594, -23.255526 37.264899, -23.236487 37.268208, -23.217428 37.271521, -23.198348 37.274837, -23.179248 37.278157, -23.160128 37.281480, -23.140988 37.284806, -23.121828 37.288136, -23.102647 37.291470, -23.083447 37.294806, -23.064226 37.298146, -23.044986 37.301489, -23.025725 37.304835, -23.006445 37.308184, -22.987145 37.311537, -22.967825 37.314892, -22.948485 37.318251, -22.929126 37.321613, -22.909747 37.324977, -22.890348 37.328345, -22.870930 37.331715, -22.851492 37.335088, -22.832034 37.338465, -22.812558 37.341843, -22.793061 37.345225, -22.773546 37.348610, -22.754011 37.351997, -22.734457 37.355386, -22.714883 37.358779, -22.695290 37.362174, -22.675679 37.365571, -22.656048 37.368971, -22.636398 37.372374, -22.616729 37.375779, -22.597041 37.379186, -22.577334 37.382596, -22.557608 37.386008, -22.537863 37.389422, -22.518100 37.392839, -22.498318 37.396258, -22.478517 37.399679, -22.458697 37.403102, -22.438859 37.406527, -22.419002 37.409954, -22.399127 37.413384, -22.379233 37.416815, -22.359321 37.420249, -22.339390 37.423684, -22.319442 37.427121, -22.299474 37.430560, -22.279489 37.434001, -22.259485 37.437444, -22.239463 37.440889, -22.219423 37.444335, -22.199365 37.447783, -22.179289 37.451232, -22.159195 37.454683, -22.139083 37.458136, -22.118953 37.461591, -22.098806 37.465046, -22.078640 37.468504, -22.058457 37.471963, -22.038256 37.475423, -22.018038 37.478884, -21.997801 37.482347, -21.977548 37.485812, -21.957276 37.489277, -21.936988 37.492744, -21.916682 37.496212, -21.896358 37.499681, -21.876017 37.503151, -21.855659 37.506622, -21.835284 37.510095, -21.814892 37.513568, -21.794482 37.517043, -21.774056 37.520518, -21.753612 37.523994, -21.733151 37.527471, -21.712674 37.530949, -21.692179 37.534428, -21.671668 37.537908, -21.651140 37.541388, -21.630595 37.544869, -21.610034 37.548351, -21.589456 37.551833, -21.568861 37.555316, -21.548250 37.558800, -21.527622 37.562284, -21.506978 37.565769, -21.486317 37.569254, -21.465640 37.572739, -21.444947 37.576225, -21.424238 37.579711, -21.403512 37.583198, -21.382771 37.586685, -21.362013 37.590172, -21.341239 37.593659, -21.320449 37.597147, -21.299643 37.600635, -21.278822 37.604122, -21.257984 37.607610, -21.237131 37.611098, -21.216262 37.614586, -21.195377 37.618074, -21.174477 37.621562, -21.153561 37.625050, -21.132630 37.628538, -21.111683 37.632026, -21.090721 37.635513, -21.069743 37.639000, -21.048750 37.642487, -21.027742 37.645974, -21.006719 37.649460, -20.985680 37.652946, -20.964626 37.656432, -20.943558 37.659917, -20.922474 37.663401, -20.901375 37.666886, -20.880262 37.670369, -20.859133 37.673852, -20.837990 37.677335, -20.816832 37.680817, -20.795659 37.684298, -20.774472 37.687778, -20.753270 37.691258, -20.732054 37.694737, -20.710823 37.698215, -20.689578 37.701693, -20.668319 37.705169, -20.647045 37.708645, -20.625757 37.712120, -20.604454 37.715593, -20.583138 37.719066, -20.561807 37.722538, -20.540463 37.726008, -20.519104 37.729478, -20.497732 37.732946, -20.476346 37.736413, -20.454946 37.739879, -20.433532 37.743344, -20.412104 37.746807, -20.390663 37.750270, -20.369208 37.753730, -20.347740 37.757190, -20.326258 37.760648, -20.304763 37.764105, -20.283255 37.767560, -20.261733 37.771013, -20.240198 37.774465, -20.218650 37.777916, -20.197088 37.781365, -20.175514 37.784812, -20.153926 37.788258, -20.132326 37.791702, -20.110713 37.795144, -20.089087 37.798584, -20.067448 37.802023, -20.045796 37.805459, -20.024132 37.808894, -20.002455 37.812327, -19.980765 37.815758, -19.959063 37.819187, -19.937349 37.822614, -19.915622 37.826039, -19.893883 37.829462, -19.872132 37.832883, -19.850368 37.836302, -19.828593 37.839718, -19.806805 37.843133, -19.785005 37.846545, -19.763193 37.849954, -19.741370 37.853362, -19.719534 37.856767, -19.697687 37.860170, -19.675828 37.863570, -19.653957 37.866968, -19.632075 37.870364, -19.610181 37.873757, -19.588276 37.877147, -19.566359 37.880535, -19.544431 37.883921, -19.522492 37.887303, -19.500541 37.890683, -19.478580 37.894061, -19.456607 37.897436, -19.434623 37.900807, -19.412628 37.904176, -19.390622 37.907543, -19.368606 37.910906, -19.346578 37.914267, -19.324540 37.917624, -19.302491 37.920979, -19.280432 37.924331, -19.258361 37.927679, -19.236281 37.931025, -19.214190 37.934368, -19.192089 37.937707, -19.169977 37.941043, -19.147855 37.944376, -19.125723 37.947706, -19.103581 37.951033, -19.081429 37.954356, -19.059266 37.957677, -19.037094 37.960993, -19.014912 37.964307, -18.992721 37.967617, -18.970519 37.970923, -18.948308 37.974226, -18.926087 37.977526, -18.903857 37.980822, -18.881617 37.984115, -18.859368 37.987404, -18.837110 37.990689, -18.814842 37.993971, -18.792565 37.997249, -18.770279 38.000523, -18.747984 38.003793, -18.725680 38.007060, -18.703366 38.010323, -18.681044 38.013582, -18.658714 38.016838, -18.636374 38.020089, -18.614026 38.023336, -18.591669 38.026580, -18.569304 38.029819, -18.546930 38.033055, -18.524548 38.036286, -18.502157 38.039513, -18.479758 38.042736, -18.457351 38.045955, -18.434936 38.049170, -18.412513 38.052381, -18.390081 38.055587, -18.367642 38.058789, -18.345195 38.061987, -18.322740 38.065181, -18.300277 38.068370, -18.277807 38.071554, -18.255329 38.074735, -18.232844 38.077910, -18.210351 38.081082, -18.187851 38.084248, -18.165343 38.087411, -18.142829 38.090568, -18.120307 38.093721, -18.097777 38.096870, -18.075241 38.100013, -18.052698 38.103153, -18.030148 38.106287, -18.007592 38.109416, -17.985028 38.112541, -17.962458 38.115661, -17.939881 38.118776, -17.917298 38.121886, -17.894708 38.124991, -17.872111 38.128092, -17.849509 38.131187, -17.826900 38.134277, -17.804285 38.137363, -17.781664 38.140443, -17.759037 38.143518, -17.736403 38.146588, -17.713764 38.149653, -17.691119 38.152713, -17.668469 38.155767, -17.645812 38.158816, -17.623151 38.161860, -17.600483 38.164899, -17.577810 38.167932, -17.555132 38.170960, -17.532448 38.173983, -17.509759 38.177000, -17.487065 38.180012, -17.464366 38.183018, -17.441662 38.186019, -17.418953 38.189014, -17.396239 38.192003, -17.373520 38.194987, -17.350796 38.197966, -17.328068 38.200939, -17.305336 38.203906, -17.282598 38.206867, -17.259857 38.209823, -17.237111 38.212772, -17.214360 38.215716, -17.191606 38.218655, -17.168847 38.221587, -17.146084 38.224514, -17.123318 38.227434, -17.100547 38.230349, -17.077773 38.233257, -17.054995 38.236160, -17.032213 38.239057, -17.009428 38.241947, -16.986639 38.244832, -16.963846 38.247710, -16.941051 38.250582, -16.918252 38.253448, -16.895449 38.256308, -16.872644 38.259162, -16.849836 38.262009, -16.827024 38.264850, -16.804210 38.267685, -16.781393 38.270514, -16.758573 38.273336, -16.735751 38.276151, -16.712926 38.278961, -16.690098 38.281763, -16.667268 38.284560, -16.644436 38.287350, -16.621601 38.290133, -16.598764 38.292910, -16.575925 38.295680, -16.553084 38.298443, -16.530241 38.301200, -16.507396 38.303951, -16.484550 38.306694, -16.461701 38.309431, -16.438851 38.312161, -16.416000 38.314884, -16.393147 38.317601, -16.370292 38.320310, -16.347437 38.323013, -16.324580 38.325709, -16.301721 38.328398, -16.278862 38.331080, -16.256002 38.333755, -16.233141 38.336423, -16.210279 38.339084, -16.187416 38.341738, -16.164553 38.344385, -16.141689 38.347025, -16.118824 38.349658, -16.095959 38.352283, -16.073094 38.354901, -16.050229 38.357513, -16.027363 38.360116, -16.004497 38.362713, -15.981631 38.365302, -15.958766 38.367884, -15.935900 38.370459, -15.913035 38.373026, -15.890170 38.375586, -15.867305 38.378139, -15.844441 38.380684, -15.821578 38.383222, -15.798715 38.385752, -15.775852 38.388274, -15.752991 38.390789, -15.730131 38.393297, -15.707271 38.395797, -15.684413 38.398289, -15.661555 38.400773, -15.638699 38.403250, -15.615845 38.405720, -15.592991 38.408181, -15.570140 38.410635, -15.547289 38.413081, -15.524441 38.415519, -15.501594 38.417949, -15.478749 38.420372, -15.455906 38.422786, -15.433065 38.425193, -15.410226 38.427592, -15.387389 38.429983, -15.364555 38.432365, -15.341723 38.434740, -15.318893 38.437107, -15.296066 38.439466, -15.273241 38.441816, -15.250419 38.444159, -15.227600 38.446493, -15.204784 38.448820, -15.181971 38.451138, -15.159160 38.453448, -15.136353 38.455749, -15.113549 38.458043, -15.090749 38.460328, -15.067951 38.462605, -15.045158 38.464873, -15.022367 38.467134, -14.999581 38.469385, -14.976798 38.471629, -14.954019 38.473864, -14.931244 38.476090, -14.908473 38.478309, -14.885706 38.480518, -14.862943 38.482719, -14.840185 38.484912, -14.817431 38.487096, -14.794681 38.489271, -14.771936 38.491438, -14.749196 38.493596, -14.726460 38.495746, -14.703729 38.497887, -14.681003 38.500019, -14.658282 38.502143, -14.635566 38.504257, -14.612855 38.506363, -14.590149 38.508460, -14.567449 38.510549, -14.544754 38.512628, -14.522065 38.514699, -14.499381 38.516761, -14.476703 38.518814, -14.454031 38.520858, -14.431365 38.522893, -14.408705 38.524919, -14.386050 38.526936, -14.363402 38.528944, -14.340761 38.530943, -14.318125 38.532933, -14.295496 38.534914, -14.272874 38.536885, -14.250258 38.538848, -14.227649 38.540801, -14.205046 38.542746, -14.182451 38.544681, -14.159863 38.546607, -14.137281 38.548523, -14.114707 38.550431, -14.092140 38.552329, -14.069581 38.554218, -14.047029 38.556097, -14.024484 38.557967, -14.001947 38.559828, -13.979418 38.561680, -13.956897 38.563522, -13.934383 38.565354, -13.911878 38.567177, -13.889380 38.568991, -13.866891 38.570795, -13.844410 38.572590, -13.821938 38.574375, -13.799474 38.576150, -13.777018 38.577916, -13.754572 38.579673, -13.732134 38.581420, -13.709705 38.583157, -13.687284 38.584884, -13.664873 38.586602, -13.642471 38.588310, -13.620079 38.590009, -13.597695 38.591697, -13.575321 38.593376, -13.552957 38.595045, -13.530602 38.596705, -13.508257 38.598354, -13.485921 38.599994, -13.463596 38.601624, -13.441280 38.603244, -13.418975 38.604854, -13.396680 38.606454, -13.374395 38.608044, -13.352120 38.609624, -13.329856 38.611195, -13.307603 38.612755, -13.285360 38.614305, -13.263128 38.615845, -13.240907 38.617376, -13.218696 38.618896, -13.196497 38.620406, -13.174309 38.621906, -13.152132 38.623395, -13.129967 38.624875, -13.107813 38.626345, -13.085670 38.627804, -13.063539 38.629253, -13.041420 38.630692, -13.019313 38.632120, -12.997217 38.633539, -12.975134 38.634947, -12.953063 38.636345, -12.931004 38.637732, -12.908957 38.639109, -12.886923 38.640476, -12.864901 38.641833, -12.842892 38.643179, -12.820895 38.644514, -12.798911 38.645839, -12.776941 38.647154, -12.754983 38.648459, -12.733038 38.649752, -12.711107 38.651036, -12.689188 38.652309, -12.667283 38.653571, -12.645392 38.654823, -12.623514 38.656064, -12.601650 38.657295, -12.579800 38.658515, -12.557964 38.659724, -12.536141 38.660923, -12.514333 38.662111, -12.492539 38.663289, -12.470759 38.664456, -12.448993 38.665612, -12.427242 38.666757, -12.405506 38.667892, -12.383784 38.669016, -12.362077 38.670129, -12.340385 38.671231, -12.318708 38.672323, -12.297046 38.673404, -12.275399 38.674474, -12.253767 38.675533, -12.232151 38.676581, -12.210550 38.677618, -12.188965 38.678645, -12.167396 38.679660, -12.145842 38.680665, -12.124304 38.681659, -12.102782 38.682642, -12.081276 38.683613, -12.059787 38.684574, -12.038313 38.685524, -12.016856 38.686463, -11.995416 38.687390, -11.973992 38.688307, -11.952585 38.689213, -11.931194 38.690107, -11.909821 38.690991, -11.888464 38.691863, -11.867125 38.692724, -11.845803 38.693574, -11.824497 38.694413, -11.803210 38.695241, -11.781940 38.696057, -11.760687 38.696863, -11.739452 38.697657, -11.718235 38.698440, -11.697036 38.699212, -11.675855 38.699972, -11.654692 38.700721, -11.633547 38.701459, -11.612421 38.702186, -11.591312 38.702901, -11.570223 38.703605, -11.549152 38.704297, -11.528099 38.704979, -11.507066 38.705648, -11.486051 38.706307, -11.465056 38.706954, -11.444079 38.707590, -11.423122 38.708214, -11.402184 38.708827, -11.381265 38.709428, -11.360366 38.710018, -11.339487 38.710596, -11.318627 38.711163, -11.297788 38.711719, -11.276968 38.712263, -11.256168 38.712795, -11.235388 38.713316, -11.214629 38.713825, -11.193890 38.714323, -11.173171 38.714809, -11.152473 38.715284, -11.131795 38.715746, -11.111139 38.716198, -11.090503 38.716637, -11.069888 38.717065, -11.049294 38.717482, -11.028722 38.717887, -11.008170 38.718280, -10.987640 38.718661, -10.967132 38.719031, -10.946645 38.719388, -10.926179 38.719735, -10.905736 38.720069, -10.885314 38.720392, -10.864915 38.720703, -10.844537 38.721002, -10.824182 38.721289, -10.803849 38.721565, -10.783538 38.721828, -10.763250 38.722080, -10.742985 38.722320, -10.722742 38.722549, -10.702522 38.722765, -10.682325 38.722970, -10.662151 38.723162, -10.642000 38.723343, -10.621872 38.723512, -10.601768 38.723669, -10.581687 38.723814, -10.561630 38.723947, -10.541596 38.724068, -10.521586 38.724177, -10.501600 38.724274, -10.481638 38.724360, -10.461700 38.724433, -10.441786 38.724494, -10.421896 38.724543, -10.402031 38.724580, -10.382190 38.724606, -10.362374 38.724619, -10.342582 38.724620, -10.322816 38.724609, -10.303074 38.724586, -10.283357 38.724551, -10.263665 38.724504, -10.243998 38.724444, -10.224357 38.724373, -10.204741 38.724289, -10.185151 38.724194, -10.165586 38.724086, -10.146047 38.723966, -10.126534 38.723834, -10.107046 38.723690, -10.087585 38.723533, -10.068150 38.723365, -10.048741 38.723184, -10.029358 38.722991, -10.010002 38.722786, -9.990673 38.722568, -9.971370 38.722338, -9.952094 38.722097, -9.932844 38.721842, -9.913622 38.721576, -9.894427 38.721297, -9.875259 38.721006, -9.856118 38.720703, -9.837004 38.720388, -9.817918 38.720060, -9.798860 38.719720, -9.779829 38.719367, -9.760826 38.719002, -9.741851 38.718625, -9.722904 38.718236, -9.703985 38.717834, -9.685095 38.717420, -9.666232 38.716993, -9.647398 38.716554, -9.628593 38.716103, -9.609816 38.715639, -9.591068 38.715163, -9.572349 38.714675, -9.553658 38.714174, -9.534997 38.713661, -9.516365 38.713135, -9.497762 38.712597, -9.479188 38.712046, -9.460644 38.711483, -9.442129 38.710908, -9.423645 38.710320, -9.405189 38.709719, -9.386764 38.709106, -9.368369 38.708481, -9.350004 38.707843, -9.331668 38.707193, -9.313364 38.706530, -9.295089 38.705855, -9.276845 38.705167, -9.258632 38.704466, -9.240449 38.703753, -9.222297 38.703028, -9.204176 38.702290, -9.186087 38.701539, -9.168028 38.700776, -9.150000 38.700000, -9.133414 38.689581, -9.116834 38.679160, -9.100258 38.668737, -9.083687 38.658311, -9.067120 38.647883, -9.050559 38.637452, -9.034002 38.627020, -9.017451 38.616584, -9.000904 38.606147, -8.984361 38.595707, -8.967824 38.585265, -8.951291 38.574821, -8.934764 38.564374, -8.918241 38.553925, -8.901723 38.543473, -8.885209 38.533020, -8.868701 38.522564, -8.852197 38.512105, -8.835698 38.501645, -8.819204 38.491182, -8.802714 38.480716, -8.786230 38.470249, -8.769750 38.459779, -8.753275 38.449307, -8.736805 38.438832, -8.720339 38.428355, -8.703879 38.417876, -8.687423 38.407395, -8.670972 38.396911, -8.654525 38.386425, -8.638084 38.375936, -8.621647 38.365446, -8.605215 38.354953, -8.588788 38.344458, -8.572365 38.333960, -8.555947 38.323460, -8.539534 38.312958, -8.523126 38.302454, -8.506722 38.291947, -8.490324 38.281438, -8.473930 38.270927, -8.457540 38.260414, -8.441156 38.249898, -8.424776 38.239380, -8.408401 38.228859, -8.392031 38.218337, -8.375665 38.207812, -8.359304 38.197285, -8.342948 38.186755, -8.326597 38.176224, -8.310250 38.165690, -8.293908 38.155153, -8.277571 38.144615, -8.261238 38.134074, -8.244911 38.123531, -8.228588 38.112986, -8.212269 38.102438, -8.195956 38.091889, -8.179647 38.081337, -8.163343 38.070782, -8.147043 38.060226, -8.130748 38.049667, -8.114458 38.039106, -8.098173 38.028543, -8.081892 38.017977, -8.065616 38.007409, -8.049345 37.996839, -8.033078 37.986267, -8.016816 37.975692, -8.000559 37.965116, -7.984306 37.954537, -7.968058 37.943955, -7.951815 37.933372, -7.935576 37.922786, -7.919343 37.912198, -7.903113 37.901608, -7.886889 37.891016, -7.870669 37.880421, -7.854454 37.869824, -7.838243 37.859225, -7.822037 37.848624, -7.805836 37.838021, -7.789640 37.827415, -7.773448 37.816807, -7.757260 37.806197, -7.741078 37.795585, -7.724900 37.784970, -7.708727 37.774353, -7.692558 37.763734, -7.676394 37.753113, -7.660235 37.742490, -7.644080 37.731864, -7.627930 37.721236, -7.611784 37.710606, -7.595644 37.699974, -7.579507 37.689340, -7.563376 37.678703, -7.547249 37.668064, -7.531126 37.657423, -7.515009 37.646780, -7.498896 37.636135, -7.482787 37.625487, -7.466683 37.614837, -7.450584 37.604185, -7.434490 37.593531, -7.418399 37.582875, -7.402314 37.572216, -7.386233 37.561556, -7.370157 37.550893, -7.354085 37.540228, -7.338018 37.529561, -7.321956 37.518891, -7.305898 37.508220, -7.289845 37.497546, -7.273796 37.486870, -7.257752 37.476192, -7.241713 37.465511, -7.225678 37.454829, -7.209648 37.444144, -7.193622 37.433458, -7.177601 37.422769, -7.161584 37.412078, -7.145572 37.401384, -7.129565 37.390689, -7.113562 37.379992, -7.097564 37.369292, -7.081570 37.358590, -7.065581 37.347886, -7.049596 37.337180, -7.033616 37.326471, -7.017640 37.315761, -7.001669 37.305048, -6.985703 37.294334, -6.969741 37.283617, -6.953784 37.272898, -6.937831 37.262176, -6.921883 37.251453, -6.905939 37.240728, -6.890000 37.230000))
