MULTILINESTRING ((-36.510000 -54.280000, -36.507686 -54.285668, -36.505369 -54.291337, -36.503049 -54.297009, -36.500726 -54.302683, -36.498401 -54.308359, -36.496073 -54.314038, -36.493742 -54.319718, -36.491409 -54.325401, -36.489073 -54.331085, -36.486734 -54.336772, -36.484392 -54.342461, -36.482047 -54.348152, -36.479700 -54.353845, -36.477350 -54.359540, -36.474998 -54.365238, -36.472642 -54.370937, -36.470284 -54.376639, -36.467923 -54.382342, -36.465559 -54.388048, -36.463193 -54.393756, -36.460824 -54.399466, -36.458452 -54.405178, -36.456077 -54.410892, -36.453699 -54.416609, -36.451319 -54.422327, -36.448936 -54.428048, -36.446551 -54.433770, -36.444162 -54.439495, -36.441771 -54.445222, -36.439377 -54.450951, -36.436981 -54.456682, -36.434581 -54.462415, -36.432179 -54.468150, -36.429774 -54.473888, -36.427367 -54.479627, -36.424956 -54.485368, -36.422543 -54.491112, -36.420127 -54.496858, -36.417709 -54.502605, -36.415288 -54.508355, -36.412864 -54.514107, -36.410437 -54.519861, -36.408007 -54.525617, -36.405575 -54.531375, -36.403140 -54.537135, -36.400702 -54.542897, -36.398262 -54.548662, -36.395818 -54.554428, -36.393372 -54.560197, -36.390924 -54.565967, -36.388472 -54.571740, -36.386018 -54.577514, -36.383561 -54.583291, -36.381101 -54.589070, -36.378639 -54.594851, -36.376174 -54.600634, -36.373706 -54.606419, -36.371235 -54.612206, -36.368762 -54.617995, -36.366286 -54.623786, -36.363807 -54.629579, -36.361325 -54.635374, -36.358841 -54.641171, -36.356354 -54.646971, -36.353864 -54.652772, -36.351371 -54.658575, -36.348876 -54.664381, -36.346378 -54.670188, -36.343877 -54.675998, -36.341374 -54.681810, -36.338868 -54.687623, -36.336359 -54.693439, -36.333847 -54.699256, -36.331332 -54.705076, -36.328815 -54.710898, -36.326295 -54.716722, -36.323773 -54.722547, -36.321247 -54.728375, -36.318719 -54.734205, -36.316188 -54.740037, -36.313654 -54.745871, -36.311118 -54.751707, -36.308579 -54.757545, -36.306037 -54.763385, -36.303493 -54.769227, -36.300945 -54.775071, -36.298395 -54.780917, -36.295842 -54.786765, -36.293287 -54.792615, -36.290729 -54.798467, -36.288168 -54.804321, -36.285604 -54.810177, -36.283038 -54.816035, -36.280468 -54.821895, -36.277896 -54.827757, -36.275322 -54.833621, -36.272744 -54.839487, -36.270164 -54.845356, -36.267581 -54.851226, -36.264996 -54.857098, -36.262408 -54.862972, -36.259816 -54.868848, -36.257223 -54.874726, -36.254626 -54.880606, -36.252027 -54.886488, -36.249425 -54.892372, -36.246820 -54.898258, -36.244213 -54.904146, -36.241602 -54.910036, -36.238990 -54.915928, -36.236374 -54.921822, -36.233755 -54.927718, -36.231134 -54.933616, -36.228510 -54.939516, -36.225884 -54.945418, -36.223255 -54.951321, -36.220622 -54.957227, -36.217988 -54.963135, -36.215350 -54.969045, -36.212710 -54.974956, -36.210067 -54.980870, -36.207421 -54.986786, -36.204773 -54.992703, -36.202122 -54.998623, -36.199468 -55.004544, -36.196811 -55.010468, -36.194152 -55.016393, -36.191489 -55.022321, -36.188825 -55.028250, -36.186157 -55.034181, -36.183487 -55.040115, -36.180814 -55.046050, -36.178138 -55.051987, -36.175459 -55.057926, -36.172778 -55.063867, -36.170094 -55.069810, -36.167408 -55.075755, -36.164718 -55.081702, -36.162026 -55.087651, -36.159331 -55.093602, -36.156634 -55.099555, -36.153933 -55.105509, -36.151230 -55.111466, -36.148524 -55.117424, -36.145816 -55.123385, -36.143105 -55.129347, -36.140391 -55.135311, -36.137674 -55.141278, -36.134954 -55.147246, -36.132232 -55.153216, -36.129507 -55.159188, -36.126780 -55.165162, -36.124049 -55.171138, -36.121316 -55.177116, -36.118580 -55.183095, -36.115842 -55.189077, -36.113101 -55.195060, -36.110357 -55.201046, -36.107610 -55.207033, -36.104861 -55.213022, -36.102108 -55.219014, -36.099353 -55.225007, -36.096596 -55.231002, -36.093835 -55.236999, -36.091072 -55.242997, -36.088307 -55.248998, -36.085538 -55.255001, -36.082767 -55.261005, -36.079993 -55.267012, -36.077216 -55.273020, -36.074437 -55.279030, -36.071654 -55.285042, -36.068869 -55.291056, -36.066082 -55.297072, -36.063291 -55.303090, -36.060498 -55.309109, -36.057703 -55.315131, -36.054904 -55.321154, -36.052103 -55.327180, -36.049299 -55.333207, -36.046492 -55.339236, -36.043683 -55.345267, -36.040870 -55.351300, -36.038056 -55.357334, -36.035238 -55.363371, -36.032418 -55.369409, -36.029594 -55.375450, -36.026769 -55.381492, -36.023940 -55.387536, -36.021109 -55.393582, -36.018275 -55.399630, -36.015438 -55.405679, -36.012599 -55.411731, -36.009757 -55.417784, -36.006912 -55.423839, -36.004064 -55.429896, -36.001214 -55.435955, -35.998361 -55.442016, -35.995505 -55.448079, -35.992647 -55.454143, -35.989785 -55.460210, -35.986921 -55.466278, -35.984055 -55.472348, -35.981185 -55.478420, -35.978313 -55.484494, -35.975438 -55.490569, -35.972561 -55.496647, -35.969681 -55.502726, -35.966798 -55.508807, -35.963912 -55.514890, -35.961023 -55.520975, -35.958132 -55.527061, -35.955238 -55.533150, -35.952342 -55.539240, -35.949442 -55.545332, -35.946540 -55.551426, -35.943636 -55.557522, -35.940728 -55.563620, -35.937818 -55.569719, -35.934905 -55.575820, -35.931989 -55.581923, -35.929071 -55.588028, -35.926150 -55.594135, -35.923226 -55.600244, -35.920299 -55.606354, -35.917370 -55.612466, -35.914438 -55.618580, -35.911503 -55.624696, -35.908566 -55.630813, -35.905626 -55.636933, -35.902683 -55.643054, -35.899737 -55.649177, -35.896789 -55.655302, -35.893838 -55.661429, -35.890884 -55.667557, -35.887928 -55.673687, -35.884968 -55.679819, -35.882006 -55.685953, -35.879042 -55.692089, -35.876074 -55.698226, -35.873104 -55.704365, -35.870131 -55.710506, -35.867156 -55.716649, -35.864178 -55.722794, -35.861197 -55.728940, -35.858213 -55.735088, -35.855226 -55.741238, -35.852237 -55.747390, -35.849245 -55.753543, -35.846251 -55.759699, -35.843254 -55.765856, -35.840254 -55.772014, -35.837251 -55.778175, -35.834245 -55.784337, -35.831237 -55.790502, -35.828226 -55.796668, -35.825213 -55.802835, -35.822196 -55.809005, -35.819177 -55.815176, -35.816155 -55.821349, -35.813131 -55.827524, -35.810104 -55.833700, -35.807074 -55.839878, -35.804041 -55.846058, -35.801006 -55.852240, -35.797968 -55.858424, -35.794927 -55.864609, -35.791883 -55.870796, -35.788837 -55.876985, -35.785788 -55.883175, -35.782736 -55.889368, -35.779682 -55.895562, -35.776625 -55.901757, -35.773565 -55.907955, -35.770503 -55.914154, -35.767437 -55.920355, -35.764369 -55.926558, -35.761299 -55.932762, -35.758225 -55.938969, -35.755149 -55.945177, -35.752070 -55.951386, -35.748989 -55.957598, -35.745904 -55.963811, -35.742817 -55.970026, -35.739728 -55.976242, -35.736635 -55.982461, -35.733540 -55.988681, -35.730442 -55.994903, -35.727341 -56.001126, -35.724238 -56.007351, -35.721132 -56.013578, -35.718023 -56.019807, -35.714912 -56.026037, -35.711798 -56.032269, -35.708681 -56.038503, -35.705561 -56.044739, -35.702439 -56.050976, -35.699314 -56.057215, -35.696186 -56.063455, -35.693056 -56.069698, -35.689922 -56.075942, -35.686786 -56.082187, -35.683648 -56.088435, -35.680506 -56.094684, -35.677362 -56.100935, -35.674216 -56.107187, -35.671066 -56.113441, -35.667914 -56.119697, -35.664759 -56.125955, -35.661601 -56.132214, -35.658441 -56.138475, -35.655278 -56.144738, -35.652112 -56.151002, -35.648944 -56.157268, -35.645772 -56.163536, -35.642599 -56.169805, -35.639422 -56.176076, -35.636243 -56.182349, -35.633060 -56.188624, -35.629876 -56.194900, -35.626688 -56.201177, -35.623498 -56.207457, -35.620305 -56.213738, -35.617109 -56.220021, -35.613911 -56.226305, -35.610710 -56.232591, -35.607506 -56.238879, -35.604300 -56.245169, -35.601090 -56.251460, -35.597879 -56.257752, -35.594664 -56.264047, -35.591446 -56.270343, -35.588226 -56.276641, -35.585004 -56.282940, -35.581778 -56.289241, -35.578550 -56.295544, -35.575319 -56.301848, -35.572085 -56.308154, -35.568849 -56.314462, -35.565610 -56.320771, -35.562368 -56.327082, -35.559124 -56.333394, -35.555876 -56.339708, -35.552627 -56.346024, -35.549374 -56.352342, -35.546119 -56.358661, -35.542861 -56.364982, -35.539600 -56.371304, -35.536336 -56.377628, -35.533070 -56.383954, -35.529801 -56.390281, -35.526530 -56.396610, -35.523255 -56.402940, -35.519978 -56.409272, -35.516698 -56.415606, -35.513416 -56.421941, -35.510131 -56.428278, -35.506843 -56.434617, -35.503552 -56.440957, -35.500259 -56.447299, -35.496963 -56.453642, -35.493664 -56.459987, -35.490363 -56.466334, -35.487059 -56.472682, -35.483752 -56.479032, -35.480442 -56.485384, -35.477130 -56.491737, -35.473815 -56.498091, -35.470497 -56.504448, -35.467177 -56.510805, -35.463853 -56.517165, -35.460528 -56.523526, -35.457199 -56.529889, -35.453868 -56.536253, -35.450534 -56.542619, -35.447197 -56.548986, -35.443858 -56.555355, -35.440516 -56.561726, -35.437171 -56.568098, -35.433823 -56.574472, -35.430473 -56.580847, -35.427120 -56.587224, -35.423764 -56.593602, -35.420406 -56.599983, -35.417045 -56.606364, -35.413681 -56.612747, -35.410314 -56.619132, -35.406945 -56.625519, -35.403573 -56.631907, -35.400199 -56.638296, -35.396821 -56.644687, -35.393441 -56.651080, -35.390058 -56.657474, -35.386673 -56.663870, -35.383285 -56.670267, -35.379894 -56.676666, -35.376500 -56.683066, -35.373104 -56.689468, -35.369705 -56.695872, -35.366303 -56.702277, -35.362899 -56.708684, -35.359491 -56.715092, -35.356082 -56.721502, -35.352669 -56.727913, -35.349254 -56.734326, -35.345836 -56.740740, -35.342415 -56.747156, -35.338992 -56.753573, -35.335565 -56.759992, -35.332137 -56.766413, -35.328705 -56.772835, -35.325271 -56.779259, -35.321834 -56.785684, -35.318394 -56.792110, -35.314952 -56.798539, -35.311507 -56.804968, -35.308059 -56.811399, -35.304608 -56.817832, -35.301155 -56.824267, -35.297699 -56.830702, -35.294241 -56.837140, -35.290779 -56.843579, -35.287315 -56.850019, -35.283849 -56.856461, -35.280379 -56.862904, -35.276907 -56.869349, -35.273432 -56.875795, -35.269954 -56.882243, -35.266474 -56.888693, -35.262991 -56.895144, -35.259506 -56.901596, -35.256017 -56.908050, -35.252526 -56.914506, -35.249032 -56.920962, -35.245536 -56.927421, -35.242036 -56.933881, -35.238534 -56.940342, -35.235030 -56.946805, -35.231522 -56.953270, -35.228012 -56.959735, -35.224500 -56.966203, -35.220984 -56.972672, -35.217466 -56.979142, -35.213945 -56.985614, -35.210421 -56.992087, -35.206895 -56.998562, -35.203366 -57.005038, -35.199834 -57.011516, -35.196300 -57.017995, -35.192763 -57.024476, -35.189223 -57.030958, -35.185680 -57.037442, -35.182135 -57.043927, -35.178587 -57.050414, -35.175037 -57.056902, -35.171483 -57.063391, -35.167927 -57.069882, -35.164368 -57.076375, -35.160807 -57.082868, -35.157243 -57.089364, -35.153676 -57.095861, -35.150106 -57.102359, -35.146534 -57.108859, -35.142959 -57.115360, -35.139381 -57.121862, -35.135801 -57.128367, -35.132218 -57.134872, -35.128632 -57.141379, -35.125043 -57.147887, -35.121452 -57.154397, -35.117858 -57.160909, -35.114261 -57.167421, -35.110662 -57.173936, -35.107060 -57.180451, -35.103455 -57.186968, -35.099848 -57.193487, -35.096238 -57.200007, -35.092625 -57.206528, -35.089009 -57.213051, -35.085391 -57.219575, -35.081770 -57.226101, -35.078146 -57.232628, -35.074520 -57.239156, -35.070891 -57.245686, -35.067259 -57.252217, -35.063624 -57.258750, -35.059987 -57.265284, -35.056347 -57.271820, -35.052704 -57.278357, -35.049059 -57.284895, -35.045411 -57.291435, -35.041760 -57.297976, -35.038107 -57.304519, -35.034451 -57.311063, -35.030792 -57.317608, -35.027130 -57.324155, -35.023466 -57.330703, -35.019799 -57.337253, -35.016130 -57.343804, -35.012457 -57.350356, -35.008782 -57.356910, -35.005104 -57.363465, -35.001424 -57.370022, -34.997741 -57.376580, -34.994055 -57.383139, -34.990366 -57.389700, -34.986675 -57.396262, -34.982981 -57.402826, -34.979284 -57.409391, -34.975585 -57.415957, -34.971883 -57.422524, -34.968178 -57.429093, -34.964471 -57.435664, -34.960760 -57.442236, -34.957048 -57.448809, -34.953332 -57.455383, -34.949614 -57.461959, -34.945893 -57.468537, -34.942169 -57.475115, -34.938443 -57.481695, -34.934713 -57.488276, -34.930982 -57.494859, -34.927247 -57.501443, -34.923510 -57.508029, -34.919770 -57.514615, -34.916027 -57.521204, -34.912282 -57.527793, -34.908534 -57.534384, -34.904783 -57.540976, -34.901030 -57.547570, -34.897274 -57.554165, -34.893515 -57.560761, -34.889753 -57.567358, -34.885989 -57.573957, -34.882222 -57.580558, -34.878453 -57.587159, -34.874680 -57.593762, -34.870905 -57.600366, -34.867128 -57.606972, -34.863347 -57.613579, -34.859564 -57.620187, -34.855778 -57.626797, -34.851990 -57.633408, -34.848199 -57.640020, -34.844405 -57.646633, -34.840608 -57.653248, -34.836809 -57.659865, -34.833007 -57.666482, -34.829202 -57.673101, -34.825395 -57.679721, -34.821584 -57.686343, -34.817772 -57.692965, -34.813956 -57.699589, -34.810138 -57.706215, -34.806317 -57.712842, -34.802493 -57.719470, -34.798667 -57.726099, -34.794838 -57.732730, -34.791006 -57.739361, -34.787172 -57.745995, -34.783335 -57.752629, -34.779495 -57.759265, -34.775653 -57.765902, -34.771807 -57.772541, -34.767959 -57.779180, -34.764109 -57.785821, -34.760256 -57.792464, -34.756400 -57.799107, -34.752541 -57.805752, -34.748680 -57.812398, -34.744815 -57.819046, -34.740949 -57.825694, -34.737079 -57.832344, -34.733207 -57.838996, -34.729332 -57.845648, -34.725455 -57.852302, -34.721574 -57.858957, -34.717691 -57.865613, -34.713806 -57.872271, -34.709917 -57.878930, -34.706026 -57.885590, -34.702132 -57.892251, -34.698236 -57.898914, -34.694337 -57.905578, -34.690435 -57.912243, -34.686531 -57.918910, -34.682623 -57.925578, -34.678713 -57.932247, -34.674801 -57.938917, -34.670885 -57.945588, -34.666967 -57.952261, -34.663047 -57.958935, -34.659123 -57.965610, -34.655197 -57.972287, -34.651268 -57.978964, -34.647337 -57.985643, -34.643403 -57.992324, -34.639466 -57.999005, -34.635526 -58.005688, -34.631584 -58.012372, -34.627639 -58.019057, -34.623691 -58.025743, -34.619741 -58.032431, -34.615788 -58.039120, -34.611832 -58.045810, -34.607874 -58.052501, -34.603912 -58.059193, -34.599949 -58.065887, -34.595982 -58.072582, -34.592013 -58.079278, -34.588041 -58.085976, -34.584066 -58.092674, -34.580089 -58.099374, -34.576109 -58.106075, -34.572126 -58.112777, -34.568141 -58.119481, -34.564153 -58.126186, -34.560162 -58.132891, -34.556168 -58.139599, -34.552172 -58.146307, -34.548173 -58.153016, -34.544172 -58.159727, -34.540168 -58.166439, -34.536161 -58.173152, -34.532151 -58.179866, -34.528139 -58.186582, -34.524124 -58.193298, -34.520106 -58.200016, -34.516085 -58.206735, -34.512062 -58.213455, -34.508037 -58.220177, -34.504008 -58.226899, -34.499977 -58.233623, -34.495943 -58.240348, -34.491906 -58.247074, -34.487867 -58.253802, -34.483825 -58.260530, -34.479781 -58.267260, -34.475733 -58.273991, -34.471683 -58.280723, -34.467630 -58.287456, -34.463575 -58.294190, -34.459517 -58.300926, -34.455456 -58.307662, -34.451393 -58.314400, -34.447326 -58.321139, -34.443258 -58.327879, -34.439186 -58.334621, -34.435112 -58.341363, -34.431035 -58.348107, -34.426955 -58.354852, -34.422873 -58.361598, -34.418788 -58.368345, -34.414700 -58.375093, -34.410610 -58.381842, -34.406517 -58.388593, -34.402421 -58.395344, -34.398322 -58.402097, -34.394221 -58.408851, -34.390117 -58.415606, -34.386011 -58.422362, -34.381902 -58.429120, -34.377790 -58.435878, -34.373675 -58.442638, -34.369558 -58.449399, -34.365438 -58.456161, -34.361315 -58.462924, -34.357190 -58.469688, -34.353062 -58.476453, -34.348931 -58.483219, -34.344798 -58.489987, -34.340661 -58.496755, -34.336523 -58.503525, -34.332381 -58.510296, -34.328237 -58.517068, -34.324090 -58.523841, -34.319941 -58.530615, -34.315788 -58.537390, -34.311633 -58.544167, -34.307476 -58.550944, -34.303315 -58.557723, -34.299152 -58.564503, -34.294987 -58.571283, -34.290818 -58.578065, -34.286647 -58.584848, -34.282474 -58.591632, -34.278297 -58.598418, -34.274118 -58.605204, -34.269936 -58.611991, -34.265752 -58.618780, -34.261564 -58.625569, -34.257375 -58.632360, -34.253182 -58.639152, -34.248987 -58.645945, -34.244789 -58.652738, -34.240588 -58.659533, -34.236385 -58.666329, -34.232179 -58.673127, -34.227970 -58.679925, -34.223759 -58.686724, -34.219545 -58.693524, -34.215328 -58.700326, -34.211109 -58.707128, -34.206887 -58.713932, -34.202662 -58.720736, -34.198434 -58.727542, -34.194204 -58.734349, -34.189971 -58.741157, -34.185736 -58.747965, -34.181498 -58.754775, -34.177257 -58.761586, -34.173013 -58.768398, -34.168767 -58.775211, -34.164518 -58.782025, -34.160266 -58.788841, -34.156012 -58.795657, -34.151755 -58.802474, -34.147495 -58.809292, -34.143233 -58.816112, -34.138968 -58.822932, -34.134700 -58.829754, -34.130430 -58.836576, -34.126157 -58.843399, -34.121881 -58.850224, -34.117602 -58.857050, -34.113321 -58.863876, -34.109037 -58.870704, -34.104751 -58.877532, -34.100462 -58.884362, -34.096170 -58.891193, -34.091875 -58.898024, -34.087578 -58.904857, -34.083278 -58.911691, -34.078976 -58.918526, -34.074670 -58.925361, -34.070362 -58.932198, -34.066052 -58.939036, -34.061738 -58.945875, -34.057422 -58.952715, -34.053104 -58.959555, -34.048782 -58.966397, -34.044458 -58.973240, -34.040132 -58.980084, -34.035802 -58.986929, -34.031470 -58.993775, -34.027135 -59.000621, -34.022798 -59.007469, -34.018458 -59.014318, -34.014115 -59.021168, -34.009769 -59.028019, -34.005421 -59.034871, -34.001070 -59.041723, -33.996717 -59.048577, -33.992361 -59.055432, -33.988002 -59.062288, -33.983640 -59.069144, -33.979276 -59.076002, -33.974909 -59.082861, -33.970539 -59.089720, -33.966167 -59.096581, -33.961792 -59.103442, -33.957415 -59.110305, -33.953034 -59.117169, -33.948651 -59.124033, -33.944266 -59.130898, -33.939877 -59.137765, -33.935486 -59.144632, -33.931093 -59.151501, -33.926696 -59.158370, -33.922297 -59.165240, -33.917895 -59.172111, -33.913491 -59.178984, -33.909084 -59.185857, -33.904674 -59.192731, -33.900262 -59.199606, -33.895847 -59.206482, -33.891429 -59.213359, -33.887008 -59.220237, -33.882585 -59.227115, -33.878159 -59.233995, -33.873731 -59.240876, -33.869300 -59.247757, -33.864866 -59.254640, -33.860429 -59.261523, -33.855990 -59.268408, -33.851548 -59.275293, -33.847104 -59.282179, -33.842657 -59.289067, -33.838207 -59.295955, -33.833754 -59.302844, -33.829299 -59.309734, -33.824841 -59.316625, -33.820380 -59.323517, -33.815917 -59.330409, -33.811451 -59.337303, -33.806983 -59.344198, -33.802511 -59.351093, -33.798038 -59.357989, -33.793561 -59.364887, -33.789082 -59.371785, -33.784600 -59.378684, -33.780115 -59.385584, -33.775628 -59.392485, -33.771138 -59.399387, -33.766645 -59.406289, -33.762150 -59.413193, -33.757652 -59.420098, -33.753151 -59.427003, -33.748648 -59.433909, -33.744142 -59.440816, -33.739633 -59.447725, -33.735122 -59.454633, -33.730608 -59.461543, -33.726091 -59.468454, -33.721572 -59.475366, -33.717050 -59.482278, -33.712525 -59.489192, -33.707998 -59.496106, -33.703468 -59.503021, -33.698935 -59.509937, -33.694400 -59.516854, -33.689862 -59.523772, -33.685321 -59.530690, -33.680778 -59.537610, -33.676232 -59.544530, -33.671683 -59.551451, -33.667132 -59.558373, -33.662577 -59.565296, -33.658021 -59.572220, -33.653461 -59.579145, -33.648899 -59.586070, -33.644335 -59.592997, -33.639767 -59.599924, -33.635197 -59.606852, -33.630625 -59.613781, -33.626049 -59.620710, -33.621471 -59.627641, -33.616890 -59.634573, -33.612307 -59.641505, -33.607721 -59.648438, -33.603132 -59.655372, -33.598541 -59.662307, -33.593947 -59.669242, -33.589350 -59.676179, -33.584751 -59.683116, -33.580149 -59.690054, -33.575544 -59.696993, -33.570937 -59.703933, -33.566327 -59.710874, -33.561714 -59.717815, -33.557099 -59.724757, -33.552481 -59.731701, -33.547860 -59.738644, -33.543237 -59.745589, -33.538611 -59.752535, -33.533982 -59.759481, -33.529351 -59.766428, -33.524717 -59.773376, -33.520080 -59.780325, -33.515441 -59.787275, -33.510799 -59.794225, -33.506154 -59.801176, -33.501507 -59.808128, -33.496857 -59.815081, -33.492205 -59.822035, -33.487549 -59.828989, -33.482891 -59.835944, -33.478231 -59.842900, -33.473567 -59.849857, -33.468902 -59.856815, -33.464233 -59.863773, -33.459562 -59.870732, -33.454888 -59.877692, -33.450211 -59.884653, -33.445532 -59.891614, -33.440850 -59.898577, -33.436166 -59.905540, -33.431479 -59.912503, -33.426789 -59.919468, -33.422096 -59.926433, -33.417401 -59.933400, -33.412703 -59.940366, -33.408003 -59.947334, -33.403300 -59.954303, -33.398594 -59.961272, -33.393886 -59.968242, -33.389174 -59.975213, -33.384461 -59.982184, -33.379744 -59.989156, -33.375025 -59.996129, -33.370304 -60.003103, -33.365579 -60.010078, -33.360852 -60.017053, -33.356122 -60.024029, -33.351390 -60.031006, -33.346655 -60.037983, -33.341918 -60.044962, -33.337177 -60.051941, -33.332434 -60.058921, -33.327689 -60.065901, -33.322940 -60.072882, -33.318190 -60.079864, -33.313436 -60.086847, -33.308680 -60.093830, -33.303921 -60.100815, -33.299159 -60.107800, -33.294395 -60.114785, -33.289628 -60.121772, -33.284859 -60.128759, -33.280087 -60.135747, -33.275312 -60.142735, -33.270535 -60.149724, -33.265755 -60.156714, -33.260972 -60.163705, -33.256186 -60.170696, -33.251398 -60.177689, -33.246608 -60.184681, -33.241814 -60.191675, -33.237018 -60.198669, -33.232220 -60.205664, -33.227419 -60.212660, -33.222615 -60.219656, -33.217808 -60.226653, -33.212999 -60.233651, -33.208187 -60.240650, -33.203373 -60.247649, -33.198555 -60.254649, -33.193736 -60.261649, -33.188913 -60.268650, -33.184088 -60.275652, -33.179260 -60.282655, -33.174430 -60.289658, -33.169597 -60.296662, -33.164761 -60.303667, -33.159923 -60.310672, -33.155082 -60.317678, -33.150238 -60.324685, -33.145392 -60.331692, -33.140543 -60.338700, -33.135692 -60.345709, -33.130837 -60.352719, -33.125981 -60.359729, -33.121121 -60.366739, -33.116259 -60.373751, -33.111394 -60.380763, -33.106527 -60.387776, -33.101657 -60.394789, -33.096784 -60.401803, -33.091909 -60.408818, -33.087031 -60.415833, -33.082150 -60.422849, -33.077267 -60.429866, -33.072381 -60.436883, -33.067493 -60.443901, -33.062601 -60.450920, -33.057708 -60.457939, -33.052811 -60.464959, -33.047912 -60.471980, -33.043010 -60.479001, -33.038106 -60.486023, -33.033199 -60.493045, -33.028289 -60.500068, -33.023377 -60.507092, -33.018462 -60.514117, -33.013545 -60.521142, -33.008624 -60.528167, -33.003702 -60.535194, -32.998776 -60.542220, -32.993848 -60.549248, -32.988917 -60.556276, -32.983984 -60.563305, -32.979048 -60.570334, -32.974109 -60.577364, -32.969168 -60.584395, -32.964224 -60.591426, -32.959278 -60.598458, -32.954328 -60.605490, -32.949377 -60.612524, -32.944422 -60.619557, -32.939465 -60.626592, -32.934505 -60.633626, -32.929543 -60.640662, -32.924578 -60.647698, -32.919610 -60.654735, -32.914640 -60.661772, -32.909667 -60.668810, -32.904692 -60.675848, -32.899714 -60.682887, -32.894733 -60.689927, -32.889750 -60.696967, -32.884763 -60.704008, -32.879775 -60.711050, -32.874784 -60.718092, -32.869790 -60.725134, -32.864793 -60.732177, -32.859794 -60.739221, -32.854792 -60.746265, -32.849788 -60.753310, -32.844781 -60.760356, -32.839771 -60.767402, -32.834759 -60.774448, -32.829744 -60.781496, -32.824726 -60.788543, -32.819706 -60.795592, -32.814683 -60.802641, -32.809658 -60.809690, -32.804630 -60.816740, -32.799599 -60.823791, -32.794566 -60.830842, -32.789530 -60.837893, -32.784491 -60.844946, -32.779450 -60.851998, -32.774406 -60.859052, -32.769360 -60.866106, -32.764311 -60.873160, -32.759259 -60.880215, -32.754205 -60.887271, -32.749148 -60.894327, -32.744088 -60.901383, -32.739026 -60.908440, -32.733961 -60.915498, -32.728894 -60.922556, -32.723824 -60.929615, -32.718751 -60.936674, -32.713676 -60.943734, -32.708598 -60.950794, -32.703518 -60.957855, -32.698435 -60.964917, -32.693349 -60.971978, -32.688260 -60.979041, -32.683169 -60.986104, -32.678076 -60.993167, -32.672980 -61.000231, -32.667881 -61.007296, -32.662779 -61.014361, -32.657675 -61.021426, -32.652569 -61.028492, -32.647459 -61.035559, -32.642348 -61.042626, -32.637233 -61.049693, -32.632116 -61.056761, -32.626996 -61.063830, -32.621874 -61.070899, -32.616749 -61.077969, -32.611621 -61.085039, -32.606491 -61.092109, -32.601358 -61.099180, -32.596223 -61.106252, -32.591085 -61.113324, -32.585944 -61.120396, -32.580801 -61.127469, -32.575655 -61.134543, -32.570507 -61.141617, -32.565356 -61.148691, -32.560202 -61.155766, -32.555046 -61.162841, -32.549887 -61.169917, -32.544725 -61.176994, -32.539561 -61.184070, -32.534394 -61.191148, -32.529225 -61.198226, -32.524053 -61.205304, -32.518879 -61.212382, -32.513701 -61.219462, -32.508522 -61.226541, -32.503339 -61.233621, -32.498154 -61.240702, -32.492967 -61.247783, -32.487777 -61.254864, -32.482584 -61.261946, -32.477388 -61.269029, -32.472190 -61.276111, -32.466990 -61.283195, -32.461787 -61.290278, -32.456581 -61.297362, -32.451372 -61.304447, -32.446161 -61.311532, -32.440948 -61.318618, -32.435732 -61.325703, -32.430513 -61.332790, -32.425291 -61.339877, -32.420067 -61.346964, -32.414841 -61.354051, -32.409612 -61.361140, -32.404380 -61.368228, -32.399146 -61.375317, -32.393909 -61.382406, -32.388669 -61.389496, -32.383427 -61.396586, -32.378182 -61.403677, -32.372935 -61.410768, -32.367685 -61.417860, -32.362432 -61.424951, -32.357177 -61.432044, -32.351919 -61.439136, -32.346659 -61.446230, -32.341396 -61.453323, -32.336130 -61.460417, -32.330862 -61.467511, -32.325592 -61.474606, -32.320318 -61.481701, -32.315042 -61.488797, -32.309764 -61.495893, -32.304483 -61.502989, -32.299199 -61.510086, -32.293913 -61.517183, -32.288624 -61.524280, -32.283333 -61.531378, -32.278039 -61.538477, -32.272742 -61.545575, -32.267443 -61.552674, -32.262141 -61.559774, -32.256837 -61.566874, -32.251530 -61.573974, -32.246220 -61.581075, -32.240908 -61.588176, -32.235593 -61.595277, -32.230276 -61.602379, -32.224956 -61.609481, -32.219634 -61.616583, -32.214309 -61.623686, -32.208981 -61.630789, -32.203651 -61.637893, -32.198318 -61.644997, -32.192983 -61.652101, -32.187645 -61.659206, -32.182304 -61.666311, -32.176961 -61.673416, -32.171616 -61.680522, -32.166267 -61.687628, -32.160916 -61.694734, -32.155563 -61.701841, -32.150207 -61.708948, -32.144848 -61.716056, -32.139487 -61.723163, -32.134123 -61.730272, -32.128757 -61.737380, -32.123388 -61.744489, -32.118017 -61.751598, -32.112643 -61.758708, -32.107266 -61.765817, -32.101887 -61.772928, -32.096505 -61.780038, -32.091121 -61.787149, -32.085734 -61.794260, -32.080344 -61.801372, -32.074952 -61.808483, -32.069558 -61.815596, -32.064161 -61.822708, -32.058761 -61.829821, -32.053359 -61.836934, -32.047954 -61.844047, -32.042546 -61.851161, -32.037136 -61.858275, -32.031724 -61.865389, -32.026308 -61.872504, -32.020891 -61.879619, -32.015470 -61.886734, -32.010047 -61.893850, -32.004622 -61.900966, -31.999194 -61.908082, -31.993763 -61.915199, -31.988330 -61.922315, -31.982895 -61.929432, -31.977456 -61.936550, -31.972016 -61.943667, -31.966572 -61.950785, -31.961126 -61.957904, -31.955678 -61.965022, -31.950227 -61.972141, -31.944773 -61.979260, -31.939317 -61.986380, -31.933858 -61.993499, -31.928397 -62.000619, -31.922933 -62.007739, -31.917467 -62.014860, -31.911998 -62.021981, -31.906526 -62.029102, -31.901052 -62.036223, -31.895575 -62.043345, -31.890096 -62.050466, -31.884614 -62.057589, -31.879130 -62.064711, -31.873643 -62.071834, -31.868154 -62.078957, -31.862662 -62.086080, -31.857167 -62.093203, -31.851670 -62.100327, -31.846171 -62.107451, -31.840668 -62.114575, -31.835164 -62.121699, -31.829656 -62.128824, -31.824147 -62.135949, -31.818634 -62.143074, -31.813119 -62.150200, -31.807602 -62.157325, -31.802082 -62.164451, -31.796559 -62.171577, -31.791034 -62.178704, -31.785507 -62.185830, -31.779976 -62.192957, -31.774444 -62.200084, -31.768908 -62.207212, -31.763371 -62.214339, -31.757830 -62.221467, -31.752287 -62.228595, -31.746742 -62.235723, -31.741194 -62.242852, -31.735643 -62.249980, -31.730090 -62.257109, -31.724535 -62.264238, -31.718977 -62.271368, -31.713416 -62.278497, -31.707853 -62.285627, -31.702287 -62.292757, -31.696719 -62.299887, -31.691148 -62.307018, -31.685574 -62.314148, -31.679999 -62.321279, -31.674420 -62.328410, -31.668839 -62.335541, -31.663256 -62.342673, -31.657670 -62.349804, -31.652081 -62.356936, -31.646490 -62.364068, -31.640896 -62.371200, -31.635300 -62.378332, -31.629702 -62.385465, -31.624100 -62.392598, -31.618497 -62.399731, -31.612890 -62.406864, -31.607282 -62.413997, -31.601670 -62.421131, -31.596056 -62.428264, -31.590440 -62.435398, -31.584821 -62.442532, -31.579200 -62.449666, -31.573576 -62.456801, -31.567949 -62.463935, -31.562320 -62.471070, -31.556689 -62.478205, -31.551055 -62.485340, -31.545418 -62.492475, -31.539779 -62.499610, -31.534137 -62.506746, -31.528493 -62.513881, -31.522847 -62.521017, -31.517198 -62.528153, -31.511546 -62.535289, -31.505892 -62.542426, -31.500235 -62.549562, -31.494576 -62.556699, -31.488914 -62.563835, -31.483250 -62.570972, -31.477583 -62.578109, -31.471914 -62.585246, -31.466242 -62.592384, -31.460568 -62.599521, -31.454891 -62.606659, -31.449212 -62.613797, -31.443530 -62.620934, -31.437845 -62.628072, -31.432159 -62.635211, -31.426469 -62.642349, -31.420777 -62.649487, -31.415083 -62.656626, -31.409386 -62.663764, -31.403687 -62.670903, -31.397985 -62.678042, -31.392280 -62.685181, -31.386574 -62.692320, -31.380864 -62.699459, -31.375152 -62.706599, -31.369438 -62.713738, -31.363721 -62.720878, -31.358002 -62.728017, -31.352280 -62.735157, -31.346555 -62.742297, -31.340828 -62.749437, -31.335099 -62.756577, -31.329367 -62.763717, -31.323633 -62.770858, -31.317896 -62.777998, -31.312156 -62.785138, -31.306415 -62.792279, -31.300670 -62.799420, -31.294923 -62.806560, -31.289174 -62.813701, -31.283422 -62.820842, -31.277668 -62.827983, -31.271911 -62.835124, -31.266152 -62.842266, -31.260390 -62.849407, -31.254626 -62.856548, -31.248859 -62.863690, -31.243090 -62.870831, -31.237318 -62.877973, -31.231544 -62.885114, -31.225767 -62.892256, -31.219988 -62.899398, -31.214206 -62.906540, -31.208422 -62.913682, -31.202635 -62.920824, -31.196846 -62.927966, -31.191054 -62.935108, -31.185260 -62.942250, -31.179464 -62.949392, -31.173665 -62.956535, -31.167863 -62.963677, -31.162059 -62.970820, -31.156253 -62.977962, -31.150444 -62.985104, -31.144632 -62.992247, -31.138818 -62.999390, -31.133002 -63.006532, -31.127183 -63.013675, -31.121362 -63.020818, -31.115538 -63.027960, -31.109712 -63.035103, -31.103883 -63.042246, -31.098052 -63.049389, -31.092218 -63.056532, -31.086382 -63.063675, -31.080543 -63.070818, -31.074702 -63.077961, -31.068859 -63.085104, -31.063013 -63.092247, -31.057164 -63.099390, -31.051313 -63.106533, -31.045460 -63.113676, -31.039604 -63.120819, -31.033746 -63.127963, -31.027885 -63.135106, -31.022021 -63.142249, -31.016156 -63.149392, -31.010288 -63.156535, -31.004417 -63.163679, -30.998544 -63.170822, -30.992668 -63.177965, -30.986790 -63.185108, -30.980910 -63.192252, -30.975027 -63.199395, -30.969142 -63.206538, -30.963254 -63.213681, -30.957364 -63.220824, -30.951471 -63.227968, -30.945576 -63.235111, -30.939678 -63.242254, -30.933778 -63.249397, -30.927876 -63.256541, -30.921971 -63.263684, -30.916063 -63.270827, -30.910153 -63.277970, -30.904241 -63.285113, -30.898326 -63.292256, -30.892409 -63.299399, -30.886490 -63.306542, -30.880568 -63.313685, -30.874643 -63.320828, -30.868716 -63.327971, -30.862787 -63.335114, -30.856855 -63.342257, -30.850921 -63.349400, -30.844984 -63.356543, -30.839045 -63.363686, -30.833103 -63.370828, -30.827159 -63.377971, -30.821213 -63.385114, -30.815264 -63.392256, -30.809313 -63.399399, -30.803359 -63.406542, -30.797403 -63.413684, -30.791444 -63.420827, -30.785483 -63.427969, -30.779520 -63.435111, -30.773554 -63.442254, -30.767586 -63.449396, -30.761615 -63.456538, -30.755642 -63.463680, -30.749666 -63.470822, -30.743688 -63.477964, -30.737708 -63.485106, -30.731725 -63.492248, -30.725740 -63.499390, -30.719752 -63.506531, -30.713762 -63.513673, -30.707770 -63.520815, -30.701775 -63.527956, -30.695777 -63.535098, -30.689778 -63.542239, -30.683775 -63.549380, -30.677771 -63.556521, -30.671764 -63.563662, -30.665754 -63.570803, -30.659743 -63.577944, -30.653728 -63.585085, -30.647712 -63.592226, -30.641693 -63.599367, -30.635671 -63.606507, -30.629647 -63.613648, -30.623621 -63.620788, -30.617593 -63.627928, -30.611561 -63.635069, -30.605528 -63.642209, -30.599492 -63.649349, -30.593454 -63.656488, -30.587413 -63.663628, -30.581370 -63.670768, -30.575325 -63.677907, -30.569277 -63.685047, -30.563227 -63.692186, -30.557174 -63.699325, -30.551119 -63.706465, -30.545061 -63.713604, -30.539002 -63.720742, -30.532939 -63.727881, -30.526875 -63.735020, -30.520808 -63.742158, -30.514738 -63.749297, -30.508666 -63.756435, -30.502592 -63.763573, -30.496516 -63.770711, -30.490437 -63.777849, -30.484355 -63.784987, -30.478272 -63.792124, -30.472186 -63.799262, -30.466097 -63.806399, -30.460006 -63.813536, -30.453913 -63.820673, -30.447817 -63.827810, -30.441719 -63.834947, -30.435619 -63.842084, -30.429516 -63.849220, -30.423411 -63.856356, -30.417304 -63.863492, -30.411194 -63.870629, -30.405081 -63.877764, -30.398967 -63.884900, -30.392850 -63.892036, -30.386730 -63.899171, -30.380609 -63.906306, -30.374485 -63.913441, -30.368358 -63.920576, -30.362229 -63.927711, -30.356098 -63.934846, -30.349964 -63.941980, -30.343829 -63.949114, -30.337690 -63.956248, -30.331550 -63.963382, -30.325407 -63.970516, -30.319261 -63.977649, -30.313114 -63.984783, -30.306963 -63.991916, -30.300811 -63.999049, -30.294656 -64.006182, -30.288499 -64.013314, -30.282340 -64.020447, -30.276178 -64.027579, -30.270013 -64.034711, -30.263847 -64.041843, -30.257678 -64.048975, -30.251507 -64.056106, -30.245333 -64.063237, -30.239157 -64.070369, -30.232979 -64.077499, -30.226798 -64.084630, -30.220615 -64.091761, -30.214430 -64.098891, -30.208242 -64.106021, -30.202052 -64.113151, -30.195860 -64.120281, -30.189665 -64.127410, -30.183468 -64.134539, -30.177269 -64.141668, -30.171067 -64.148797, -30.164863 -64.155926, -30.158657 -64.163054, -30.152448 -64.170182, -30.146237 -64.177310, -30.140024 -64.184438, -30.133808 -64.191566, -30.127590 -64.198693, -30.121370 -64.205820, -30.115147 -64.212947, -30.108922 -64.220073, -30.102695 -64.227200, -30.096465 -64.234326, -30.090233 -64.241452, -30.083999 -64.248577, -30.077762 -64.255703, -30.071523 -64.262828, -30.065282 -64.269953, -30.059039 -64.277078, -30.052793 -64.284202, -30.046544 -64.291326, -30.040294 -64.298450, -30.034041 -64.305574, -30.027786 -64.312697, -30.021529 -64.319821, -30.015269 -64.326944, -30.009007 -64.334066, -30.002743 -64.341189, -29.996476 -64.348311, -29.990207 -64.355433, -29.983936 -64.362554, -29.977662 -64.369676, -29.971386 -64.376797, -29.965108 -64.383918, -29.958828 -64.391038, -29.952545 -64.398159, -29.946260 -64.405279, -29.939973 -64.412399, -29.933683 -64.419518, -29.927391 -64.426637, -29.921097 -64.433756, -29.914800 -64.440875, -29.908501 -64.447993, -29.902200 -64.455111, -29.895897 -64.462229, -29.889591 -64.469347, -29.883283 -64.476464, -29.876973 -64.483581, -29.870661 -64.490698, -29.864346 -64.497814, -29.858029 -64.504930, -29.851709 -64.512046, -29.845388 -64.519161, -29.839064 -64.526277, -29.832738 -64.533391, -29.826409 -64.540506, -29.820078 -64.547620, -29.813745 -64.554734, -29.807410 -64.561848, -29.801073 -64.568961, -29.794733 -64.576074, -29.788391 -64.583187, -29.782046 -64.590300, -29.775700 -64.597412, -29.769351 -64.604523, -29.763000 -64.611635, -29.756646 -64.618746, -29.750291 -64.625857, -29.743933 -64.632968, -29.737573 -64.640078, -29.731210 -64.647188, -29.724845 -64.654297, -29.718478 -64.661406, -29.712109 -64.668515, -29.705738 -64.675624, -29.699364 -64.682732, -29.692988 -64.689840, -29.686610 -64.696948, -29.680230 -64.704055, -29.673847 -64.711162, -29.667462 -64.718268, -29.661075 -64.725374, -29.654685 -64.732480, -29.648294 -64.739586, -29.641900 -64.746691, -29.635504 -64.753796, -29.629105 -64.760900, -29.622705 -64.768004, -29.616302 -64.775108, -29.609897 -64.782212, -29.603489 -64.789315, -29.597080 -64.796417, -29.590668 -64.803520, -29.584254 -64.810622, -29.577838 -64.817723, -29.571419 -64.824824, -29.564998 -64.831925, -29.558576 -64.839026, -29.552150 -64.846126, -29.545723 -64.853226, -29.539294 -64.860325, -29.532862 -64.867424, -29.526428 -64.874523, -29.519991 -64.881621, -29.513553 -64.888719, -29.507112 -64.895817, -29.500669 -64.902914, -29.494224 -64.910011, -29.487777 -64.917107, -29.481328 -64.924203, -29.474876 -64.931299, -29.468422 -64.938394, -29.461966 -64.945489, -29.455508 -64.952583, -29.449047 -64.959677, -29.442584 -64.966771, -29.436119 -64.973864, -29.429652 -64.980957, -29.423183 -64.988049, -29.416711 -64.995141, -29.410238 -65.002233, -29.403762 -65.009324, -29.397284 -65.016415, -29.390804 -65.023506, -29.384321 -65.030596, -29.377836 -65.037685, -29.371350 -65.044774, -29.364861 -65.051863, -29.358369 -65.058952, -29.351876 -65.066040, -29.345380 -65.073127, -29.338883 -65.080214, -29.332383 -65.087301, -29.325881 -65.094387, -29.319376 -65.101473, -29.312870 -65.108559, -29.306361 -65.115644, -29.299851 -65.122728, -29.293338 -65.129812, -29.286822 -65.136896, -29.280305 -65.143979, -29.273786 -65.151062, -29.267264 -65.158145, -29.260740 -65.165227, -29.254214 -65.172308, -29.247686 -65.179389, -29.241156 -65.186470, -29.234624 -65.193550, -29.228089 -65.200630, -29.221552 -65.207709, -29.215013 -65.214788, -29.208472 -65.221867, -29.201929 -65.228945, -29.195384 -65.236022, -29.188836 -65.243099, -29.182287 -65.250176, -29.175735 -65.257252, -29.169181 -65.264328, -29.162625 -65.271403, -29.156067 -65.278478, -29.149507 -65.285552, -29.142944 -65.292626, -29.136380 -65.299699, -29.129813 -65.306772, -29.123244 -65.313845, -29.116673 -65.320917, -29.110100 -65.327988, -29.103525 -65.335059, -29.096947 -65.342130, -29.090368 -65.349200, -29.083786 -65.356269, -29.077202 -65.363339, -29.070617 -65.370407, -29.064029 -65.377475, -29.057438 -65.384543, -29.050846 -65.391610, -29.044252 -65.398677, -29.037655 -65.405743, -29.031057 -65.412809, -29.024456 -65.419874, -29.017853 -65.426939, -29.011249 -65.434003, -29.004642 -65.441067, -28.998032 -65.448130, -28.991421 -65.455193, -28.984808 -65.462255, -28.978193 -65.469317, -28.971575 -65.476378, -28.964955 -65.483439, -28.958334 -65.490499, -28.951710 -65.497559, -28.945084 -65.504618, -28.938456 -65.511677, -28.931826 -65.518735, -28.925194 -65.525793, -28.918560 -65.532850, -28.911923 -65.539906, -28.905285 -65.546963, -28.898645 -65.554018, -28.892002 -65.561073, -28.885357 -65.568128, -28.878711 -65.575182, -28.872062 -65.582235, -28.865411 -65.589288, -28.858758 -65.596341, -28.852103 -65.603393, -28.845446 -65.610444, -28.838787 -65.617495, -28.832126 -65.624545, -28.825463 -65.631595, -28.818797 -65.638644, -28.812130 -65.645693, -28.805460 -65.652741, -28.798789 -65.659789, -28.792115 -65.666836, -28.785440 -65.673882, -28.778762 -65.680928, -28.772082 -65.687974, -28.765401 -65.695019, -28.758717 -65.702063, -28.752031 -65.709107, -28.745343 -65.716150, -28.738653 -65.723193, -28.731961 -65.730235, -28.725267 -65.737277, -28.718571 -65.744318, -28.711873 -65.751358, -28.705173 -65.758398, -28.698471 -65.765437, -28.691766 -65.772476, -28.685060 -65.779514, -28.678352 -65.786552, -28.671642 -65.793589, -28.664929 -65.800625, -28.658215 -65.807661, -28.651499 -65.814696, -28.644780 -65.821731, -28.638060 -65.828765, -28.631337 -65.835799, -28.624613 -65.842832, -28.617887 -65.849864, -28.611158 -65.856896, -28.604428 -65.863928, -28.597695 -65.870958, -28.590961 -65.877988, -28.584224 -65.885018, -28.577486 -65.892047, -28.570745 -65.899075, -28.564003 -65.906103, -28.557258 -65.913130, -28.550512 -65.920156, -28.543763 -65.927182, -28.537013 -65.934208, -28.530261 -65.941232, -28.523506 -65.948257, -28.516750 -65.955280, -28.509991 -65.962303, -28.503231 -65.969325, -28.496469 -65.976347, -28.489704 -65.983368, -28.482938 -65.990389, -28.476170 -65.997408, -28.469399 -66.004428, -28.462627 -66.011446, -28.455853 -66.018464, -28.449077 -66.025482, -28.442298 -66.032499, -28.435518 -66.039515, -28.428736 -66.046530, -28.421952 -66.053545, -28.415166 -66.060559, -28.408378 -66.067573, -28.401588 -66.074586, -28.394796 -66.081599, -28.388002 -66.088610, -28.381207 -66.095622, -28.374409 -66.102632, -28.367609 -66.109642, -28.360808 -66.116651, -28.354004 -66.123660, -28.347198 -66.130668, -28.340391 -66.137675, -28.333582 -66.144682, -28.326770 -66.151688, -28.319957 -66.158693, -28.313142 -66.165698, -28.306325 -66.172702, -28.299506 -66.179705, -28.292685 -66.186708, -28.285862 -66.193710, -28.279037 -66.200712, -28.272210 -66.207713, -28.265381 -66.214713, -28.258551 -66.221712, -28.251718 -66.228711, -28.244884 -66.235709, -28.238047 -66.242707, -28.231209 -66.249704, -28.224369 -66.256700, -28.217527 -66.263695, -28.210683 -66.270690, -28.203837 -66.277685, -28.196989 -66.284678, -28.190139 -66.291671, -28.183288 -66.298663, -28.176434 -66.305655, -28.169579 -66.312645, -28.162722 -66.319636, -28.155862 -66.326625, -28.149001 -66.333614, -28.142138 -66.340602, -28.135274 -66.347589, -28.128407 -66.354576, -28.121538 -66.361562, -28.114668 -66.368547, -28.107795 -66.375532, -28.100921 -66.382516, -28.094045 -66.389499, -28.087167 -66.396482, -28.080287 -66.403464, -28.073406 -66.410445, -28.066522 -66.417426, -28.059637 -66.424405, -28.052749 -66.431384, -28.045860 -66.438363, -28.038969 -66.445341, -28.032076 -66.452318, -28.025182 -66.459294, -28.018285 -66.466269, -28.011387 -66.473244, -28.004486 -66.480218, -27.997584 -66.487192, -27.990680 -66.494165, -27.983774 -66.501137, -27.976867 -66.508108, -27.969957 -66.515079, -27.963046 -66.522048, -27.956133 -66.529018, -27.949218 -66.535986, -27.942301 -66.542954, -27.935382 -66.549921, -27.928462 -66.556887, -27.921540 -66.563852, -27.914616 -66.570817, -27.907690 -66.577781, -27.900762 -66.584745, -27.893832 -66.591707, -27.886901 -66.598669, -27.879968 -66.605630, -27.873033 -66.612591, -27.866096 -66.619550, -27.859157 -66.626509, -27.852217 -66.633467, -27.845275 -66.640425, -27.838331 -66.647381, -27.831385 -66.654337, -27.824438 -66.661293, -27.817488 -66.668247, -27.810537 -66.675201, -27.803584 -66.682154, -27.796629 -66.689106, -27.789673 -66.696057, -27.782714 -66.703008, -27.775754 -66.709958, -27.768793 -66.716907, -27.761829 -66.723855, -27.754863 -66.730803, -27.747896 -66.737750, -27.740927 -66.744696, -27.733957 -66.751641, -27.726984 -66.758586, -27.720010 -66.765530, -27.713034 -66.772473, -27.706056 -66.779415, -27.699077 -66.786357, -27.692095 -66.793298, -27.685112 -66.800237, -27.678128 -66.807177, -27.671141 -66.814115, -27.664153 -66.821053, -27.657163 -66.827990, -27.650171 -66.834926, -27.643178 -66.841861, -27.636182 -66.848796, -27.629185 -66.855729, -27.622187 -66.862662, -27.615186 -66.869594, -27.608184 -66.876526, -27.601180 -66.883456, -27.594175 -66.890386, -27.587167 -66.897315, -27.580158 -66.904243, -27.573148 -66.911171, -27.566135 -66.918097, -27.559121 -66.925023, -27.552105 -66.931948, -27.545088 -66.938872, -27.538068 -66.945796, -27.531047 -66.952718, -27.524025 -66.959640, -27.517000 -66.966561, -27.509974 -66.973481, -27.502946 -66.980401, -27.495917 -66.987319, -27.488886 -66.994237, -27.481853 -67.001154, -27.474818 -67.008070, -27.467782 -67.014985, -27.460744 -67.021900, -27.453705 -67.028813, -27.446663 -67.035726, -27.439621 -67.042638, -27.432576 -67.049550, -27.425530 -67.056460, -27.418482 -67.063369, -27.411432 -67.070278, -27.404381 -67.077186, -27.397328 -67.084093, -27.390274 -67.090999, -27.383217 -67.097905, -27.376159 -67.104809, -27.369100 -67.111713, -27.362039 -67.118616, -27.354976 -67.125518, -27.347911 -67.132419, -27.340845 -67.139320, -27.333778 -67.146219, -27.326708 -67.153118, -27.319637 -67.160016, -27.312565 -67.166913, -27.305490 -67.173809, -27.298415 -67.180704, -27.291337 -67.187599, -27.284258 -67.194493, -27.277177 -67.201385, -27.270095 -67.208277, -27.263011 -67.215168, -27.255925 -67.222059, -27.248838 -67.228948, -27.241749 -67.235836, -27.234659 -67.242724, -27.227567 -67.249611, -27.220473 -67.256497, -27.213378 -67.263382, -27.206281 -67.270266, -27.199183 -67.277149, -27.192083 -67.284032, -27.184981 -67.290913, -27.177878 -67.297794, -27.170773 -67.304674, -27.163667 -67.311553, -27.156559 -67.318431, -27.149450 -67.325308, -27.142339 -67.332184, -27.135226 -67.339060, -27.128112 -67.345935, -27.120996 -67.352808, -27.113879 -67.359681, -27.106760 -67.366553, -27.099640 -67.373424, -27.092518 -67.380294, -27.085394 -67.387164, -27.078269 -67.394032, -27.071142 -67.400899, -27.064014 -67.407766, -27.056884 -67.414632, -27.049753 -67.421497, -27.042620 -67.428361, -27.035486 -67.435224, -27.028350 -67.442086, -27.021213 -67.448947, -27.014074 -67.455807, -27.006934 -67.462667, -26.999792 -67.469525, -26.992648 -67.476383, -26.985503 -67.483240, -26.978357 -67.490096, -26.971209 -67.496950, -26.964059 -67.503805, -26.956908 -67.510658, -26.949756 -67.517510, -26.942602 -67.524361, -26.935446 -67.531211, -26.928289 -67.538061, -26.921130 -67.544909, -26.913970 -67.551757, -26.906809 -67.558604, -26.899646 -67.565450, -26.892482 -67.572294, -26.885316 -67.579138, -26.878148 -67.585981, -26.870979 -67.592823, -26.863809 -67.599665, -26.856637 -67.606505, -26.849464 -67.613344, -26.842289 -67.620183, -26.835113 -67.627020, -26.827935 -67.633856, -26.820756 -67.640692, -26.813575 -67.647527, -26.806393 -67.654360, -26.799210 -67.661193, -26.792025 -67.668025, -26.784838 -67.674856, -26.777651 -67.681686, -26.770461 -67.688515, -26.763271 -67.695343, -26.756079 -67.702170, -26.748885 -67.708996, -26.741690 -67.715821, -26.734494 -67.722646, -26.727296 -67.729469, -26.720097 -67.736291, -26.712896 -67.743113, -26.705694 -67.749933, -26.698490 -67.756753, -26.691286 -67.763571, -26.684079 -67.770389, -26.676872 -67.777206, -26.669662 -67.784021, -26.662452 -67.790836, -26.655240 -67.797650, -26.648027 -67.804462, -26.640812 -67.811274, -26.633596 -67.818085, -26.626379 -67.824895, -26.619160 -67.831704, -26.611940 -67.838512, -26.604718 -67.845319, -26.597495 -67.852125, -26.590271 -67.858930, -26.583045 -67.865734, -26.575818 -67.872537, -26.568590 -67.879339, -26.561360 -67.886140, -26.554129 -67.892940, -26.546897 -67.899740, -26.539663 -67.906538, -26.532428 -67.913335, -26.525191 -67.920131, -26.517954 -67.926926, -26.510714 -67.933721, -26.503474 -67.940514, -26.496232 -67.947306, -26.488989 -67.954097, -26.481745 -67.960888, -26.474499 -67.967677, -26.467252 -67.974465, -26.460003 -67.981253, -26.452754 -67.988039, -26.445503 -67.994824, -26.438250 -68.001608, -26.430997 -68.008392, -26.423742 -68.015174, -26.416485 -68.021955, -26.409228 -68.028736, -26.401969 -68.035515, -26.394709 -68.042293, -26.387448 -68.049070, -26.380185 -68.055847, -26.372921 -68.062622, -26.365656 -68.069396, -26.358389 -68.076169, -26.351121 -68.082942, -26.343852 -68.089713, -26.336582 -68.096483, -26.329310 -68.103252, -26.322037 -68.110020, -26.314763 -68.116787, -26.307488 -68.123554, -26.300211 -68.130319, -26.292934 -68.137083, -26.285654 -68.143846, -26.278374 -68.150608, -26.271093 -68.157369, -26.263810 -68.164129, -26.256526 -68.170888, -26.249240 -68.177646, -26.241954 -68.184402, -26.234666 -68.191158, -26.227377 -68.197913, -26.220087 -68.204667, -26.212796 -68.211419, -26.205503 -68.218171, -26.198209 -68.224922, -26.190914 -68.231671, -26.183618 -68.238420, -26.176321 -68.245168, -26.169022 -68.251914, -26.161722 -68.258659, -26.154421 -68.265404, -26.147119 -68.272147, -26.139816 -68.278889, -26.132511 -68.285631, -26.125206 -68.292371, -26.117899 -68.299110, -26.110591 -68.305848, -26.103281 -68.312585, -26.095971 -68.319321, -26.088660 -68.326056, -26.081347 -68.332790, -26.074033 -68.339523, -26.066718 -68.346255, -26.059402 -68.352985, -26.052085 -68.359715, -26.044766 -68.366443, -26.037447 -68.373171, -26.030126 -68.379897, -26.022804 -68.386623, -26.015481 -68.393347, -26.008157 -68.400070, -26.000832 -68.406792, -25.993506 -68.413513, -25.986178 -68.420233, -25.978849 -68.426952, -25.971520 -68.433670, -25.964189 -68.440387, -25.956857 -68.447103, -25.949524 -68.453817, -25.942190 -68.460531, -25.934855 -68.467243, -25.927519 -68.473955, -25.920181 -68.480665, -25.912843 -68.487374, -25.905503 -68.494083, -25.898163 -68.500790, -25.890821 -68.507496, -25.883479 -68.514200, -25.876135 -68.520904, -25.868790 -68.527607, -25.861444 -68.534309, -25.854097 -68.541009, -25.846749 -68.547708, -25.839400 -68.554407, -25.832050 -68.561104, -25.824699 -68.567800, -25.817346 -68.574495, -25.809993 -68.581189, -25.802639 -68.587882, -25.795284 -68.594574, -25.787927 -68.601264, -25.780570 -68.607954, -25.773212 -68.614642, -25.765852 -68.621330, -25.758492 -68.628016, -25.751130 -68.634701, -25.743768 -68.641385, -25.736405 -68.648068, -25.729040 -68.654749, -25.721675 -68.661430, -25.714308 -68.668110, -25.706941 -68.674788, -25.699573 -68.681465, -25.692203 -68.688141, -25.684833 -68.694817, -25.677462 -68.701490, -25.670089 -68.708163, -25.662716 -68.714835, -25.655342 -68.721506, -25.647967 -68.728175, -25.640591 -68.734843, -25.633214 -68.741511, -25.625836 -68.748177, -25.618457 -68.754842, -25.611077 -68.761505, -25.603696 -68.768168, -25.596314 -68.774830, -25.588931 -68.781490, -25.581548 -68.788149, -25.574163 -68.794807, -25.566777 -68.801464, -25.559391 -68.808120, -25.552004 -68.814775, -25.544615 -68.821429, -25.537226 -68.828081, -25.529836 -68.834732, -25.522445 -68.841383, -25.515053 -68.848032, -25.507661 -68.854680, -25.500267 -68.861326, -25.492872 -68.867972, -25.485477 -68.874616, -25.478081 -68.881260, -25.470684 -68.887902, -25.463286 -68.894543, -25.455887 -68.901182, -25.448487 -68.907821, -25.441086 -68.914459, -25.433685 -68.921095, -25.426282 -68.927730, -25.418879 -68.934364, -25.411475 -68.940997, -25.404070 -68.947629, -25.396665 -68.954260, -25.389258 -68.960889, -25.381851 -68.967517, -25.374442 -68.974144, -25.367033 -68.980770, -25.359623 -68.987395, -25.352213 -68.994018, -25.344801 -69.000641, -25.337389 -69.007262, -25.329976 -69.013882, -25.322562 -69.020501, -25.315147 -69.027119, -25.307732 -69.033735, -25.300315 -69.040351, -25.292898 -69.046965, -25.285480 -69.053578, -25.278062 -69.060190, -25.270642 -69.066800, -25.263222 -69.073410, -25.255801 -69.080018, -25.248380 -69.086625, -25.240957 -69.093231, -25.233534 -69.099836, -25.226110 -69.106440, -25.218685 -69.113042, -25.211260 -69.119643, -25.203833 -69.126243, -25.196406 -69.132842, -25.188979 -69.139440, -25.181550 -69.146036, -25.174121 -69.152631, -25.166691 -69.159225, -25.159261 -69.165818, -25.151829 -69.172410, -25.144397 -69.179000, -25.136964 -69.185590, -25.129531 -69.192178, -25.122097 -69.198764, -25.114662 -69.205350, -25.107227 -69.211935, -25.099790 -69.218518, -25.092353 -69.225100, -25.084916 -69.231681, -25.077478 -69.238260, -25.070039 -69.244839, -25.062599 -69.251416, -25.055159 -69.257992, -25.047718 -69.264567, -25.040276 -69.271140, -25.032834 -69.277713, -25.025391 -69.284284, -25.017948 -69.290854, -25.010504 -69.297423, -25.003059 -69.303990, -24.995613 -69.310556, -24.988167 -69.317121, -24.980721 -69.323685, -24.973273 -69.330248, -24.965826 -69.336809, -24.958377 -69.343369, -24.950928 -69.349928, -24.943478 -69.356486, -24.936028 -69.363043, -24.928577 -69.369598, -24.921125 -69.376152, -24.913673 -69.382705, -24.906221 -69.389256, -24.898767 -69.395807, -24.891314 -69.402356, -24.883859 -69.408904, -24.876404 -69.415451, -24.868949 -69.421996, -24.861493 -69.428540, -24.854036 -69.435083, -24.846579 -69.441625, -24.839121 -69.448165, -24.831663 -69.454705, -24.824204 -69.461243, -24.816744 -69.467779, -24.809284 -69.474315, -24.801824 -69.480849, -24.794363 -69.487382, -24.786902 -69.493914, -24.779440 -69.500445, -24.771977 -69.506974, -24.764514 -69.513502, -24.757051 -69.520029, -24.749587 -69.526554, -24.742122 -69.533079, -24.734657 -69.539602, -24.727192 -69.546123, -24.719726 -69.552644, -24.712259 -69.559163, -24.704793 -69.565681, -24.697325 -69.572198, -24.689857 -69.578713, -24.682389 -69.585228, -24.674920 -69.591741, -24.667451 -69.598252, -24.659982 -69.604763, -24.652511 -69.611272, -24.645041 -69.617780, -24.637570 -69.624287, -24.630099 -69.630792, -24.622627 -69.637296, -24.615155 -69.643799, -24.607682 -69.650301, -24.600209 -69.656801, -24.592736 -69.663300, -24.585262 -69.669798, -24.577787 -69.676294, -24.570313 -69.682790, -24.562838 -69.689284, -24.555362 -69.695776, -24.547887 -69.702268, -24.540410 -69.708758, -24.532934 -69.715247, -24.525457 -69.721734, -24.517980 -69.728221, -24.510502 -69.734706, -24.503024 -69.741189, -24.495546 -69.747672, -24.488067 -69.754153, -24.480588 -69.760633, -24.473108 -69.767111, -24.465629 -69.773589, -24.458149 -69.780065, -24.450668 -69.786539, -24.443188 -69.793013, -24.435707 -69.799485, -24.428225 -69.805956, -24.420744 -69.812426, -24.413262 -69.818894, -24.405780 -69.825361, -24.398297 -69.831826, -24.390814 -69.838291, -24.383331 -69.844754, -24.375848 -69.851216, -24.368364 -69.857676, -24.360880 -69.864135, -24.353396 -69.870593, -24.345912 -69.877050, -24.338427 -69.883505, -24.330942 -69.889959, -24.323457 -69.896412, -24.315972 -69.902863, -24.308486 -69.909313, -24.301000 -69.915762, -24.293514 -69.922209, -24.286028 -69.928656, -24.278541 -69.935100, -24.271054 -69.941544, -24.263567 -69.947986, -24.256080 -69.954427, -24.248593 -69.960867, -24.241105 -69.967305, -24.233617 -69.973742, -24.226129 -69.980178, -24.218641 -69.986612, -24.211153 -69.993045, -24.203664 -69.999477, -24.196176 -70.005907, -24.188687 -70.012336, -24.181198 -70.018764, -24.173709 -70.025190, -24.166219 -70.031615, -24.158730 -70.038039, -24.151240 -70.044461, -24.143751 -70.050882, -24.136261 -70.057302, -24.128771 -70.063721, -24.121281 -70.070138, -24.113790 -70.076553, -24.106300 -70.082968, -24.098810 -70.089381, -24.091319 -70.095793, -24.083828 -70.102203, -24.076338 -70.108612, -24.068847 -70.115020, -24.061356 -70.121427, -24.053865 -70.127832, -24.046374 -70.134235, -24.038883 -70.140638, -24.031391 -70.147039, -24.023900 -70.153439, -24.016409 -70.159837, -24.008918 -70.166234, -24.001426 -70.172630, -23.993935 -70.179024, -23.986443 -70.185417, -23.978952 -70.191809, -23.971460 -70.198199, -23.963969 -70.204588, -23.956477 -70.210976, -23.948985 -70.217362, -23.941494 -70.223747, -23.934002 -70.230131, -23.926511 -70.236513, -23.919019 -70.242894, -23.911528 -70.249274, -23.904036 -70.255652, -23.896544 -70.262029, -23.889053 -70.268404, -23.881562 -70.274778, -23.874070 -70.281151, -23.866579 -70.287522, -23.859087 -70.293892, -23.851596 -70.300261, -23.844105 -70.306628, -23.836614 -70.312994, -23.829123 -70.319359, -23.821632 -70.325722, -23.814141 -70.332084, -23.806650 -70.338445, -23.799159 -70.344804, -23.791668 -70.351161, -23.784178 -70.357518, -23.776687 -70.363873, -23.769197 -70.370227, -23.761707 -70.376579, -23.754217 -70.382930, -23.746727 -70.389279, -23.739237 -70.395627, -23.731747 -70.401974, -23.724257 -70.408320, -23.716768 -70.414664, -23.709279 -70.421006, -23.701790 -70.427348, -23.694301 -70.433688, -23.686812 -70.440026, -23.679323 -70.446363, -23.671835 -70.452699, -23.664346 -70.459034, -23.656858 -70.465367, -23.649370 -70.471698, -23.641883 -70.478028, -23.634395 -70.484357, -23.626908 -70.490685, -23.619421 -70.497011, -23.611934 -70.503336, -23.604447 -70.509659, -23.596961 -70.515981, -23.589474 -70.522301, -23.581988 -70.528621, -23.574503 -70.534938, -23.567017 -70.541255, -23.559532 -70.547570, -23.552047 -70.553883, -23.544562 -70.560195, -23.537078 -70.566506, -23.529594 -70.572816, -23.522110 -70.579124, -23.514626 -70.585430, -23.507143 -70.591735, -23.499660 -70.598039, -23.492177 -70.604342, -23.484695 -70.610643, -23.477213 -70.616942, -23.469731 -70.623240, -23.462250 -70.629537, -23.454769 -70.635833, -23.447288 -70.642127, -23.439807 -70.648419, -23.432327 -70.654710, -23.424847 -70.661000, -23.417368 -70.667289, -23.409889 -70.673576, -23.402410 -70.679861, -23.394932 -70.686145, -23.387454 -70.692428, -23.379977 -70.698709, -23.372499 -70.704989, -23.365023 -70.711268, -23.357546 -70.717545, -23.350070 -70.723820, -23.342595 -70.730095, -23.335120 -70.736367, -23.327645 -70.742639, -23.320171 -70.748909, -23.312697 -70.755177, -23.305224 -70.761445, -23.297751 -70.767710, -23.290278 -70.773975, -23.282806 -70.780238, -23.275334 -70.786499, -23.267863 -70.792759, -23.260393 -70.799018, -23.252922 -70.805275, -23.245453 -70.811531, -23.237983 -70.817785, -23.230515 -70.824038, -23.223046 -70.830290, -23.215579 -70.836540, -23.208112 -70.842788, -23.200645 -70.849035, -23.193179 -70.855281, -23.185713 -70.861526, -23.178248 -70.867768, -23.170783 -70.874010, -23.163319 -70.880250, -23.155856 -70.886489, -23.148393 -70.892726, -23.140930 -70.898962, -23.133469 -70.905196, -23.126007 -70.911429, -23.118547 -70.917660, -23.111087 -70.923890, -23.103627 -70.930119, -23.096168 -70.936346, -23.088710 -70.942571, -23.081252 -70.948796, -23.073795 -70.955018, -23.066339 -70.961240, -23.058883 -70.967460, -23.051428 -70.973678, -23.043973 -70.979895, -23.036519 -70.986111, -23.029066 -70.992325, -23.021613 -70.998538, -23.014161 -71.004749, -23.006710 -71.010959, -22.999259 -71.017167, -22.991810 -71.023374, -22.984360 -71.029579, -22.976912 -71.035783, -22.969464 -71.041986, -22.962017 -71.048187, -22.954570 -71.054386, -22.947124 -71.060584, -22.939679 -71.066781, -22.932235 -71.072976, -22.924791 -71.079170, -22.917348 -71.085362, -22.909906 -71.091553, -22.902465 -71.097743, -22.895024 -71.103931, -22.887584 -71.110117, -22.880145 -71.116302, -22.872707 -71.122486, -22.865269 -71.128668, -22.857833 -71.134848, -22.850397 -71.141028, -22.842961 -71.147205, -22.835527 -71.153382, -22.828094 -71.159556, -22.820661 -71.165730, -22.813229 -71.171902, -22.805798 -71.178072, -22.798367 -71.184241, -22.790938 -71.190408, -22.783509 -71.196574, -22.776082 -71.202739, -22.768655 -71.208902, -22.761229 -71.215063, -22.753803 -71.221223, -22.746379 -71.227382, -22.738956 -71.233539, -22.731533 -71.239695, -22.724111 -71.245849, -22.716691 -71.252002, -22.709271 -71.258153, -22.701852 -71.264303, -22.694434 -71.270451, -22.687017 -71.276598, -22.679601 -71.282743, -22.672185 -71.288887, -22.664771 -71.295029, -22.657358 -71.301170, -22.649945 -71.307309, -22.642534 -71.313447, -22.635123 -71.319584, -22.627714 -71.325719, -22.620305 -71.331852, -22.612898 -71.337984, -22.605491 -71.344114, -22.598086 -71.350243, -22.590681 -71.356371, -22.583278 -71.362497, -22.575875 -71.368621, -22.568474 -71.374744, -22.561073 -71.380866, -22.553674 -71.386986, -22.546276 -71.393105, -22.538878 -71.399222, -22.531482 -71.405337, -22.524087 -71.411451, -22.516693 -71.417564, -22.509300 -71.423675, -22.501908 -71.429785, -22.494517 -71.435893, -22.487127 -71.441999, -22.479738 -71.448104, -22.472350 -71.454208, -22.464964 -71.460310, -22.457579 -71.466411, -22.450194 -71.472510, -22.442811 -71.478607, -22.435429 -71.484703, -22.428048 -71.490798, -22.420669 -71.496891, -22.413290 -71.502983, -22.405913 -71.509073, -22.398537 -71.515161, -22.391162 -71.521248, -22.383788 -71.527334, -22.376415 -71.533418, -22.369044 -71.539501, -22.361673 -71.545582, -22.354304 -71.551661, -22.346936 -71.557739, -22.339570 -71.563816, -22.332204 -71.569891, -22.324840 -71.575964, -22.317477 -71.582036, -22.310116 -71.588107, -22.302755 -71.594176, -22.295396 -71.600243, -22.288038 -71.606309, -22.280682 -71.612373, -22.273327 -71.618436, -22.265973 -71.624498, -22.258620 -71.630558, -22.251268 -71.636616, -22.243918 -71.642673, -22.236569 -71.648728, -22.229222 -71.654782, -22.221876 -71.660834, -22.214531 -71.666885, -22.207188 -71.672934, -22.199845 -71.678982, -22.192505 -71.685028, -22.185165 -71.691073, -22.177827 -71.697116, -22.170491 -71.703158, -22.163155 -71.709198, -22.155821 -71.715236, -22.148489 -71.721273, -22.141158 -71.727309, -22.133828 -71.733343, -22.126500 -71.739375, -22.119173 -71.745406, -22.111848 -71.751436, -22.104524 -71.757463, -22.097201 -71.763490, -22.089880 -71.769515, -22.082561 -71.775538, -22.075242 -71.781560, -22.067926 -71.787580, -22.060611 -71.793599, -22.053297 -71.799616, -22.045985 -71.805631, -22.038674 -71.811646, -22.031365 -71.817658, -22.024057 -71.823669, -22.016751 -71.829679, -22.009446 -71.835687, -22.002143 -71.841693, -21.994841 -71.847698, -21.987541 -71.853701, -21.980243 -71.859703, -21.972946 -71.865703, -21.965651 -71.871702, -21.958357 -71.877699, -21.951065 -71.883695, -21.943774 -71.889689, -21.936485 -71.895681, -21.929198 -71.901672, -21.921912 -71.907662, -21.914628 -71.913650, -21.907345 -71.919636, -21.900064 -71.925621, -21.892785 -71.931604, -21.885507 -71.937586, -21.878232 -71.943566, -21.870957 -71.949545, -21.863685 -71.955522, -21.856414 -71.961497, -21.849144 -71.967471, -21.841877 -71.973444, -21.834611 -71.979415, -21.827347 -71.985384, -21.820084 -71.991352, -21.812823 -71.997318, -21.805564 -72.003283, -21.798307 -72.009246, -21.791052 -72.015208, -21.783798 -72.021168, -21.776546 -72.027126, -21.769295 -72.033083, -21.762047 -72.039038, -21.754800 -72.044992, -21.747555 -72.050944, -21.740312 -72.056895, -21.733071 -72.062844, -21.725831 -72.068792, -21.718593 -72.074738, -21.711357 -72.080682, -21.704123 -72.086625, -21.696891 -72.092566, -21.689661 -72.098506, -21.682432 -72.104444, -21.675205 -72.110381, -21.667980 -72.116316, -21.660757 -72.122250, -21.653536 -72.128182, -21.646317 -72.134112, -21.639100 -72.140041, -21.631884 -72.145968, -21.624671 -72.151894, -21.617459 -72.157818, -21.610250 -72.163741, -21.603042 -72.169662, -21.595836 -72.175581, -21.588632 -72.181499, -21.581430 -72.187415, -21.574230 -72.193330, -21.567032 -72.199243, -21.559836 -72.205155, -21.552642 -72.211065, -21.545450 -72.216973, -21.538260 -72.222880, -21.531072 -72.228785, -21.523886 -72.234689, -21.516702 -72.240591, -21.509520 -72.246492, -21.502340 -72.252391, -21.495162 -72.258288, -21.487987 -72.264184, -21.480813 -72.270078, -21.473641 -72.275971, -21.466472 -72.281862, -21.459304 -72.287751, -21.452139 -72.293639, -21.444975 -72.299526, -21.437814 -72.305411, -21.430655 -72.311294, -21.423498 -72.317176, -21.416343 -72.323056, -21.409190 -72.328934, -21.402040 -72.334811, -21.394891 -72.340686, -21.387745 -72.346560, -21.380601 -72.352432, -21.373459 -72.358303, -21.366319 -72.364172, -21.359182 -72.370039, -21.352046 -72.375905, -21.344913 -72.381769, -21.337782 -72.387632, -21.330653 -72.393493, -21.323527 -72.399352, -21.316403 -72.405210, -21.309281 -72.411067, -21.302161 -72.416921, -21.295043 -72.422774, -21.287928 -72.428626, -21.280815 -72.434476, -21.273705 -72.440324, -21.266596 -72.446171, -21.259490 -72.452016, -21.252386 -72.457860, -21.245285 -72.463702, -21.238186 -72.469542, -21.231089 -72.475381, -21.223995 -72.481218, -21.216902 -72.487054, -21.209813 -72.492888, -21.202725 -72.498720, -21.195640 -72.504551, -21.188558 -72.510380, -21.181478 -72.516208, -21.174400 -72.522034, -21.167324 -72.527858, -21.160251 -72.533681, -21.153181 -72.539503, -21.146112 -72.545322, -21.139047 -72.551140, -21.131983 -72.556957, -21.124923 -72.562772, -21.117864 -72.568585, -21.110808 -72.574396, -21.103755 -72.580206, -21.096704 -72.586015, -21.089656 -72.591822, -21.082610 -72.597627, -21.075566 -72.603431, -21.068525 -72.609233, -21.061487 -72.615033, -21.054451 -72.620832, -21.047418 -72.626629, -21.040387 -72.632425, -21.033359 -72.638219, -21.026333 -72.644011, -21.019310 -72.649802, -21.012290 -72.655591, -21.005272 -72.661379, -20.998257 -72.667165, -20.991244 -72.672949, -20.984234 -72.678732, -20.977227 -72.684513, -20.970222 -72.690293, -20.963220 -72.696071, -20.956220 -72.701847, -20.949223 -72.707622, -20.942229 -72.713395, -20.935238 -72.719166, -20.928249 -72.724936, -20.921263 -72.730704, -20.914280 -72.736471, -20.907299 -72.742236, -20.900321 -72.747999, -20.893346 -72.753761, -20.886373 -72.759521, -20.879403 -72.765280, -20.872436 -72.771037, -20.865472 -72.776792, -20.858511 -72.782546, -20.851552 -72.788298, -20.844596 -72.794049, -20.837643 -72.799798, -20.830693 -72.805545, -20.823745 -72.811291, -20.816800 -72.817035, -20.809859 -72.822777, -20.802920 -72.828518, -20.795983 -72.834257, -20.789050 -72.839994, -20.782120 -72.845730, -20.775192 -72.851465, -20.768267 -72.857197, -20.761346 -72.862928, -20.754427 -72.868658, -20.747511 -72.874386, -20.740598 -72.880112, -20.733687 -72.885837, -20.726780 -72.891559, -20.719876 -72.897281, -20.712975 -72.903001, -20.706076 -72.908719, -20.699181 -72.914435, -20.692288 -72.920150, -20.685399 -72.925863, -20.678512 -72.931575, -20.671629 -72.937285, -20.664749 -72.942993, -20.657871 -72.948700, -20.650997 -72.954405, -20.644125 -72.960108, -20.637257 -72.965810, -20.630392 -72.971510, -20.623530 -72.977209, -20.616671 -72.982906, -20.609814 -72.988601, -20.602962 -72.994294, -20.596112 -72.999986, -20.589265 -73.005677, -20.582421 -73.011366, -20.575581 -73.017053, -20.568744 -73.022738, -20.561909 -73.028422, -20.555078 -73.034104, -20.548250 -73.039785, -20.541426 -73.045464, -20.534604 -73.051141, -20.527786 -73.056817, -20.520971 -73.062491, -20.514159 -73.068163, -20.507350 -73.073834, -20.500544 -73.079503, -20.493742 -73.085171, -20.486943 -73.090837, -20.480147 -73.096501, -20.473355 -73.102164, -20.466566 -73.107825, -20.459780 -73.113484, -20.452997 -73.119142, -20.446218 -73.124798, -20.439442 -73.130452, -20.432669 -73.136105, -20.425899 -73.141756, -20.419133 -73.147405, -20.412370 -73.153053, -20.405611 -73.158699, -20.398855 -73.164344, -20.392102 -73.169987, -20.385353 -73.175628, -20.378607 -73.181268, -20.371865 -73.186906, -20.365126 -73.192542, -20.358390 -73.198177, -20.351658 -73.203810, -20.344929 -73.209441, -20.338204 -73.215071, -20.331482 -73.220699, -20.324763 -73.226326, -20.318048 -73.231950, -20.311337 -73.237574, -20.304629 -73.243195, -20.297924 -73.248815, -20.291223 -73.254433, -20.284526 -73.260050, -20.277832 -73.265665, -20.271142 -73.271278, -20.264455 -73.276890, -20.257771 -73.282500, -20.251092 -73.288108, -20.244416 -73.293715, -20.237743 -73.299320, -20.231074 -73.304923, -20.224409 -73.310525, -20.217747 -73.316125, -20.211089 -73.321724, -20.204434 -73.327320, -20.197784 -73.332915, -20.191136 -73.338509, -20.184493 -73.344101, -20.177853 -73.349691, -20.171217 -73.355280, -20.164584 -73.360866, -20.157956 -73.366452, -20.151330 -73.372035, -20.144709 -73.377617, -20.138091 -73.383197, -20.131478 -73.388776, -20.124867 -73.394353, -20.118261 -73.399928, -20.111658 -73.405502, -20.105060 -73.411074, -20.098465 -73.416644, -20.091873 -73.422213, -20.085286 -73.427780, -20.078702 -73.433345, -20.072122 -73.438909, -20.065547 -73.444471, -20.058974 -73.450031, -20.052406 -73.455590, -20.045842 -73.461147, -20.039281 -73.466702, -20.032725 -73.472256, -20.026172 -73.477808, -20.019623 -73.483359, -20.013078 -73.488907, -20.006537 -73.494455, -20.000000 -73.500000, -19.993518 -73.505565, -19.987186 -73.511132, -19.981006 -73.516701, -19.974976 -73.522271, -19.969096 -73.527844, -19.963366 -73.533418, -19.957786 -73.538994, -19.952356 -73.544572, -19.947074 -73.550152, -19.941942 -73.555734, -19.936958 -73.561317, -19.932122 -73.566903, -19.927434 -73.572490, -19.922894 -73.578079, -19.918502 -73.583670, -19.914256 -73.589263, -19.910158 -73.594858, -19.906206 -73.600455, -19.902401 -73.606053, -19.898741 -73.611654, -19.895228 -73.617256, -19.891860 -73.622860, -19.888637 -73.628466, -19.885559 -73.634073, -19.882626 -73.639683, -19.879837 -73.645294, -19.877192 -73.650907, -19.874691 -73.656522, -19.872333 -73.662139, -19.870119 -73.667758, -19.868048 -73.673378, -19.866119 -73.679000, -19.864333 -73.684624, -19.862689 -73.690250, -19.861187 -73.695878, -19.859827 -73.701507, -19.858607 -73.707138, -19.857529 -73.712771, -19.856591 -73.718405, -19.855794 -73.724042, -19.855137 -73.729680, -19.854620 -73.735319, -19.854242 -73.740961, -19.854004 -73.746604, -19.853904 -73.752248, -19.853944 -73.757895, -19.854121 -73.763543, -19.854437 -73.769192, -19.854891 -73.774844, -19.855483 -73.780496, -19.856211 -73.786151, -19.857077 -73.791807, -19.858079 -73.797465, -19.859218 -73.803124, -19.860493 -73.808785, -19.861904 -73.814447, -19.863451 -73.820111, -19.865132 -73.825776, -19.866949 -73.831443, -19.868901 -73.837111, -19.870987 -73.842781, -19.873207 -73.848452, -19.875561 -73.854125, -19.878048 -73.859799, -19.880669 -73.865475, -19.883423 -73.871152, -19.886309 -73.876830, -19.889328 -73.882509, -19.892479 -73.888190, -19.895762 -73.893873, -19.899176 -73.899556, -19.902722 -73.905241, -19.906398 -73.910927, -19.910206 -73.916615, -19.914143 -73.922303, -19.918211 -73.927993, -19.922409 -73.933684, -19.926736 -73.939376, -19.931192 -73.945069, -19.935777 -73.950764, -19.940491 -73.956460, -19.945333 -73.962156, -19.950303 -73.967854, -19.955401 -73.973553, -19.960627 -73.979253, -19.965979 -73.984954, -19.971459 -73.990656, -19.977065 -73.996358, -19.982797 -74.002062, -19.988656 -74.007767, -19.994640 -74.013473, -20.000749 -74.019179, -20.006984 -74.024887, -20.013343 -74.030595, -20.019827 -74.036304, -20.026435 -74.042014, -20.033167 -74.047725, -20.040022 -74.053436, -20.047001 -74.059148, -20.054103 -74.064861, -20.061328 -74.070575, -20.068675 -74.076289, -20.076144 -74.082004, -20.083735 -74.087720, -20.091448 -74.093436, -20.099282 -74.099153, -20.107237 -74.104870, -20.115312 -74.110588, -20.123508 -74.116306, -20.131823 -74.122025, -20.140259 -74.127744, -20.148814 -74.133464, -20.157487 -74.139184, -20.166280 -74.144904, -20.175191 -74.150625, -20.184221 -74.156346, -20.193368 -74.162067, -20.202633 -74.167789, -20.212015 -74.173511, -20.221515 -74.179233, -20.231131 -74.184956, -20.240863 -74.190678, -20.250711 -74.196401, -20.260675 -74.202124, -20.270755 -74.207847, -20.280949 -74.213570, -20.291259 -74.219293, -20.301683 -74.225016, -20.312221 -74.230739, -20.322873 -74.236462, -20.333639 -74.242185, -20.344518 -74.247907, -20.355510 -74.253630, -20.366615 -74.259353, -20.377832 -74.265075, -20.389161 -74.270797, -20.400601 -74.276519, -20.412153 -74.282241, -20.423817 -74.287962, -20.435591 -74.293683, -20.447475 -74.299404, -20.459470 -74.305125, -20.471574 -74.310845, -20.483788 -74.316564, -20.496111 -74.322283, -20.508543 -74.328002, -20.521084 -74.333720, -20.533733 -74.339438, -20.546489 -74.345155, -20.559354 -74.350871, -20.572325 -74.356587, -20.585404 -74.362302, -20.598589 -74.368016, -20.611881 -74.373730, -20.625278 -74.379443, -20.638781 -74.385156, -20.652390 -74.390867, -20.666104 -74.396578, -20.679922 -74.402287, -20.693845 -74.407996, -20.707871 -74.413704, -20.722002 -74.419411, -20.736236 -74.425117, -20.750573 -74.430822, -20.765012 -74.436526, -20.779554 -74.442229, -20.794199 -74.447931, -20.808945 -74.453632, -20.823792 -74.459332, -20.838740 -74.465030, -20.853790 -74.470727, -20.868939 -74.476423, -20.884189 -74.482118, -20.899539 -74.487811, -20.914988 -74.493504, -20.930536 -74.499194, -20.946183 -74.504884, -20.961928 -74.510572, -20.977772 -74.516258, -20.993713 -74.521943, -21.009751 -74.527627, -21.025887 -74.533309, -21.042120 -74.538989, -21.058449 -74.544668, -21.074874 -74.550345, -21.091394 -74.556020, -21.108010 -74.561694, -21.124721 -74.567366, -21.141527 -74.573037, -21.158428 -74.578705, -21.175422 -74.584372, -21.192510 -74.590037, -21.209691 -74.595700, -21.226965 -74.601362, -21.244332 -74.607021, -21.261791 -74.612678, -21.279342 -74.618334, -21.296985 -74.623987, -21.314719 -74.629638, -21.332544 -74.635287, -21.350460 -74.640934, -21.368465 -74.646579, -21.386561 -74.652222, -21.404746 -74.657863, -21.423020 -74.663501, -21.441383 -74.669137, -21.459834 -74.674771, -21.478374 -74.680403, -21.497001 -74.686032, -21.515716 -74.691659, -21.534518 -74.697283, -21.553406 -74.702906, -21.572381 -74.708525, -21.591441 -74.714142, -21.610587 -74.719757, -21.629819 -74.725369, -21.649135 -74.730978, -21.668536 -74.736585, -21.688021 -74.742189, -21.707589 -74.747791, -21.727242 -74.753390, -21.746977 -74.758986, -21.766795 -74.764579, -21.786695 -74.770170, -21.806677 -74.775758, -21.826741 -74.781343, -21.846886 -74.786925, -21.867112 -74.792504, -21.887418 -74.798080, -21.907805 -74.803654, -21.928271 -74.809224, -21.948816 -74.814791, -21.969441 -74.820356, -21.990144 -74.825917, -22.010926 -74.831475, -22.031785 -74.837030, -22.052722 -74.842582, -22.073736 -74.848131, -22.094826 -74.853676, -22.115994 -74.859219, -22.137237 -74.864758, -22.158555 -74.870294, -22.179949 -74.875826, -22.201418 -74.881355, -22.222962 -74.886881, -22.244579 -74.892403, -22.266270 -74.897922, -22.288034 -74.903438, -22.309872 -74.908950, -22.331782 -74.914458, -22.353764 -74.919963, -22.375818 -74.925464, -22.397943 -74.930962, -22.420139 -74.936456, -22.442406 -74.941947, -22.464743 -74.947434, -22.487151 -74.952917, -22.509627 -74.958397, -22.532172 -74.963873, -22.554787 -74.969345, -22.577469 -74.974813, -22.600219 -74.980277, -22.623037 -74.985738, -22.645922 -74.991194, -22.668874 -74.996647, -22.691892 -75.002096, -22.714975 -75.007541, -22.738125 -75.012982, -22.761339 -75.018419, -22.784618 -75.023852, -22.807961 -75.029281, -22.831369 -75.034706, -22.854839 -75.040127, -22.878373 -75.045543, -22.901970 -75.050956, -22.925628 -75.056364, -22.949349 -75.061768, -22.973131 -75.067168, -22.996974 -75.072564, -23.020878 -75.077955, -23.044842 -75.083343, -23.068866 -75.088726, -23.092949 -75.094104, -23.117091 -75.099478, -23.141292 -75.104848, -23.165551 -75.110214, -23.189868 -75.115575, -23.214242 -75.120931, -23.238673 -75.126283, -23.263160 -75.131631, -23.287704 -75.136974, -23.312303 -75.142313, -23.336957 -75.147647, -23.361667 -75.152976, -23.386431 -75.158301, -23.411248 -75.163622, -23.436120 -75.168937, -23.461044 -75.174248, -23.486021 -75.179555, -23.511051 -75.184856, -23.536132 -75.190153, -23.561265 -75.195445, -23.586448 -75.200733, -23.611683 -75.206016, -23.636967 -75.211293, -23.662302 -75.216567, -23.687685 -75.221835, -23.713117 -75.227098, -23.738598 -75.232357, -23.764127 -75.237610, -23.789703 -75.242859, -23.815327 -75.248103, -23.840997 -75.253342, -23.866714 -75.258576, -23.892476 -75.263804, -23.918284 -75.269028, -23.944136 -75.274247, -23.970033 -75.279461, -23.995974 -75.284670, -24.021959 -75.289874, -24.047987 -75.295072, -24.074058 -75.300266, -24.100171 -75.305454, -24.126326 -75.310638, -24.152522 -75.315816, -24.178759 -75.320989, -24.205037 -75.326157, -24.231354 -75.331319, -24.257712 -75.336477, -24.284108 -75.341629, -24.310543 -75.346776, -24.337017 -75.351918, -24.363528 -75.357054, -24.390077 -75.362185, -24.416662 -75.367311, -24.443284 -75.372431, -24.469942 -75.377547, -24.496635 -75.382656, -24.523364 -75.387761, -24.550127 -75.392860, -24.576924 -75.397954, -24.603755 -75.403042, -24.630620 -75.408125, -24.657517 -75.413203, -24.684446 -75.418275, -24.711407 -75.423341, -24.738400 -75.428402, -24.765423 -75.433458, -24.792477 -75.438508, -24.819561 -75.443553, -24.846675 -75.448592, -24.873818 -75.453626, -24.900989 -75.458654, -24.928188 -75.463677, -24.955415 -75.468694, -24.982669 -75.473706, -25.009950 -75.478712, -25.037257 -75.483712, -25.064590 -75.488707, -25.091948 -75.493696, -25.119331 -75.498680, -25.146738 -75.503658, -25.174169 -75.508631, -25.201624 -75.513597, -25.229102 -75.518559, -25.256601 -75.523514, -25.284123 -75.528464, -25.311667 -75.533408, -25.339231 -75.538347, -25.366816 -75.543280, -25.394421 -75.548207, -25.422045 -75.553129, -25.449689 -75.558044, -25.477351 -75.562955, -25.505031 -75.567859, -25.532729 -75.572758, -25.560444 -75.577651, -25.588176 -75.582538, -25.615923 -75.587420, -25.643687 -75.592295, -25.671465 -75.597166, -25.699258 -75.602030, -25.727066 -75.606889, -25.754887 -75.611742, -25.782721 -75.616589, -25.810568 -75.621430, -25.838428 -75.626266, -25.866299 -75.631096, -25.894181 -75.635920, -25.922074 -75.640738, -25.949977 -75.645550, -25.977890 -75.650357, -26.005812 -75.655158, -26.033743 -75.659954, -26.061682 -75.664743, -26.089629 -75.669527, -26.117583 -75.674305, -26.145544 -75.679077, -26.173511 -75.683843, -26.201484 -75.688604, -26.229462 -75.693358, -26.257444 -75.698107, -26.285431 -75.702851, -26.313422 -75.707588, -26.341416 -75.712320, -26.369412 -75.717046, -26.397411 -75.721766, -26.425411 -75.726480, -26.453413 -75.731189, -26.481415 -75.735891, -26.509417 -75.740589, -26.537419 -75.745280, -26.565420 -75.749965, -26.593420 -75.754645, -26.621417 -75.759319, -26.649413 -75.763987, -26.677405 -75.768650, -26.705394 -75.773306, -26.733379 -75.777957, -26.761359 -75.782602, -26.789335 -75.787242, -26.817304 -75.791876, -26.845268 -75.796504, -26.873226 -75.801126, -26.901176 -75.805743, -26.929118 -75.810354, -26.957053 -75.814959, -26.984978 -75.819558, -27.012895 -75.824152, -27.040802 -75.828740, -27.068698 -75.833322, -27.096584 -75.837899, -27.124459 -75.842470, -27.152322 -75.847036, -27.180172 -75.851595, -27.208010 -75.856149, -27.235834 -75.860698, -27.263644 -75.865241, -27.291440 -75.869778, -27.319221 -75.874310, -27.346986 -75.878836, -27.374735 -75.883356, -27.402468 -75.887871, -27.430183 -75.892380, -27.457881 -75.896884, -27.485561 -75.901382, -27.513222 -75.905875, -27.540864 -75.910362, -27.568486 -75.914843, -27.596088 -75.919319, -27.623668 -75.923790, -27.651228 -75.928255, -27.678765 -75.932714, -27.706280 -75.937168, -27.733772 -75.941617, -27.761241 -75.946060, -27.788685 -75.950498, -27.816105 -75.954930, -27.843499 -75.959357, -27.870868 -75.963779, -27.898211 -75.968195, -27.925526 -75.972606, -27.952815 -75.977011, -27.980075 -75.981412, -28.007307 -75.985806, -28.034510 -75.990196, -28.061684 -75.994580, -28.088827 -75.998959, -28.115940 -76.003333, -28.143022 -76.007701, -28.170072 -76.012064, -28.197089 -76.016422, -28.224074 -76.020775, -28.251026 -76.025123, -28.277943 -76.029465, -28.304826 -76.033802, -28.331674 -76.038134, -28.358487 -76.042461, -28.385263 -76.046783, -28.412003 -76.051100, -28.438705 -76.055412, -28.465369 -76.059719, -28.491996 -76.064020, -28.518583 -76.068317, -28.545131 -76.072608, -28.571639 -76.076895, -28.598106 -76.081177, -28.624532 -76.085454, -28.650916 -76.089726, -28.677259 -76.093992, -28.703558 -76.098255, -28.729814 -76.102512, -28.756026 -76.106764, -28.782193 -76.111012, -28.808316 -76.115254, -28.834393 -76.119492, -28.860423 -76.123726, -28.886407 -76.127954, -28.912344 -76.132178, -28.938233 -76.136397, -28.964073 -76.140611, -28.989864 -76.144821, -29.015606 -76.149026, -29.041298 -76.153226, -29.066939 -76.157422, -29.092528 -76.161614, -29.118066 -76.165800, -29.143552 -76.169983, -29.168984 -76.174160, -29.194363 -76.178334, -29.219688 -76.182502, -29.244958 -76.186667, -29.270173 -76.190827, -29.295332 -76.194982, -29.320435 -76.199134, -29.345480 -76.203281, -29.370469 -76.207423, -29.395399 -76.211561, -29.420270 -76.215695, -29.445082 -76.219825, -29.469835 -76.223951, -29.494527 -76.228072, -29.519157 -76.232189, -29.543727 -76.236303, -29.568234 -76.240412, -29.592679 -76.244516, -29.617060 -76.248617, -29.641378 -76.252714, -29.665631 -76.256807, -29.689819 -76.260896, -29.713941 -76.264981, -29.737997 -76.269061, -29.761987 -76.273138, -29.785909 -76.277212, -29.809763 -76.281281, -29.833549 -76.285346, -29.857266 -76.289408, -29.880913 -76.293466, -29.904490 -76.297520, -29.927996 -76.301570, -29.951430 -76.305617, -29.974793 -76.309660, -29.998083 -76.313700, -30.021300 -76.317736, -30.044443 -76.321768, -30.067512 -76.325797, -30.090506 -76.329822, -30.113424 -76.333844, -30.136267 -76.337862, -30.159032 -76.341877, -30.181721 -76.345888, -30.204331 -76.349896, -30.226863 -76.353901, -30.249317 -76.357902, -30.271690 -76.361901, -30.293983 -76.365895, -30.316196 -76.369887, -30.338327 -76.373876, -30.360376 -76.377861, -30.382343 -76.381843, -30.404227 -76.385822, -30.426026 -76.389798, -30.447742 -76.393771, -30.469372 -76.397741, -30.490917 -76.401708, -30.512376 -76.405672, -30.533748 -76.409633, -30.555033 -76.413591, -30.576230 -76.417546, -30.597338 -76.421498, -30.618357 -76.425448, -30.639287 -76.429395, -30.660126 -76.433339, -30.680875 -76.437280, -30.701532 -76.441219, -30.722097 -76.445155, -30.742569 -76.449089, -30.762948 -76.453020, -30.783233 -76.456948, -30.803423 -76.460874, -30.823519 -76.464797, -30.843519 -76.468718, -30.863422 -76.472636, -30.883229 -76.476552, -30.902938 -76.480466, -30.922549 -76.484377, -30.942061 -76.488286, -30.961474 -76.492193, -30.980787 -76.496098, -31.000000 -76.500000), (-31.000000 -76.500000, -31.010400 -76.497075, -31.020801 -76.494149, -31.031202 -76.491220, -31.041604 -76.488290, -31.052006 -76.485357, -31.062408 -76.482423, -31.072811 -76.479486, -31.083214 -76.476548, -31.093617 -76.473608, -31.104021 -76.470665, -31.114425 -76.467721, -31.124829 -76.464775, -31.135234 -76.461827, -31.145639 -76.458877, -31.156045 -76.455925, -31.166450 -76.452971, -31.176856 -76.450016, -31.187263 -76.447058, -31.197669 -76.444098, -31.208076 -76.441137, -31.218483 -76.438173, -31.228891 -76.435208, -31.239298 -76.432240, -31.249706 -76.429271, -31.260114 -76.426300, -31.270522 -76.423327, -31.280931 -76.420351, -31.291339 -76.417374, -31.301748 -76.414396, -31.312157 -76.411415, -31.322567 -76.408432, -31.332976 -76.405447, -31.343386 -76.402461, -31.353795 -76.399472, -31.364205 -76.396482, -31.374615 -76.393489, -31.385025 -76.390495, -31.395435 -76.387499, -31.405846 -76.384501, -31.416256 -76.381501, -31.426667 -76.378499, -31.437077 -76.375495, -31.447488 -76.372489, -31.457899 -76.369481, -31.468310 -76.366472, -31.478721 -76.363460, -31.489132 -76.360447, -31.499543 -76.357432, -31.509954 -76.354415, -31.520365 -76.351396, -31.530776 -76.348375, -31.541187 -76.345352, -31.551598 -76.342327, -31.562009 -76.339300, -31.572420 -76.336272, -31.582831 -76.333241, -31.593242 -76.330209, -31.603653 -76.327175, -31.614064 -76.324139, -31.624475 -76.321101, -31.634886 -76.318061, -31.645296 -76.315019, -31.655707 -76.311976, -31.666118 -76.308930, -31.676528 -76.305883, -31.686938 -76.302833, -31.697349 -76.299782, -31.707759 -76.296729, -31.718169 -76.293674, -31.728578 -76.290617, -31.738988 -76.287559, -31.749398 -76.284498, -31.759807 -76.281436, -31.770216 -76.278371, -31.780625 -76.275305, -31.791034 -76.272237, -31.801443 -76.269167, -31.811851 -76.266095, -31.822260 -76.263022, -31.832668 -76.259946, -31.843076 -76.256869, -31.853483 -76.253790, -31.863891 -76.250709, -31.874298 -76.247626, -31.884705 -76.244541, -31.895111 -76.241454, -31.905518 -76.238366, -31.915924 -76.235275, -31.926330 -76.232183, -31.936735 -76.229089, -31.947140 -76.225993, -31.957545 -76.222895, -31.967950 -76.219796, -31.978354 -76.216694, -31.988758 -76.213591, -31.999162 -76.210486, -32.009565 -76.207379, -32.019968 -76.204270, -32.030371 -76.201159, -32.040773 -76.198046, -32.051175 -76.194932, -32.061576 -76.191816, -32.071977 -76.188698, -32.082378 -76.185578, -32.092778 -76.182456, -32.103178 -76.179332, -32.113578 -76.176207, -32.123977 -76.173080, -32.134375 -76.169951, -32.144773 -76.166820, -32.155171 -76.163687, -32.165568 -76.160552, -32.175965 -76.157416, -32.186361 -76.154278, -32.196757 -76.151138, -32.207153 -76.147996, -32.217548 -76.144852, -32.227942 -76.141707, -32.238336 -76.138559, -32.248729 -76.135410, -32.259122 -76.132259, -32.269514 -76.129107, -32.279906 -76.125952, -32.290297 -76.122796, -32.300688 -76.119637, -32.311078 -76.116477, -32.321468 -76.113316, -32.331857 -76.110152, -32.342245 -76.106986, -32.352633 -76.103819, -32.363020 -76.100650, -32.373407 -76.097479, -32.383793 -76.094307, -32.394179 -76.091132, -32.404563 -76.087956, -32.414948 -76.084778, -32.425331 -76.081598, -32.435714 -76.078416, -32.446096 -76.075233, -32.456478 -76.072048, -32.466859 -76.068861, -32.477239 -76.065672, -32.487619 -76.062481, -32.497998 -76.059289, -32.508376 -76.056095, -32.518754 -76.052899, -32.529130 -76.049701, -32.539507 -76.046501, -32.549882 -76.043300, -32.560257 -76.040097, -32.570631 -76.036892, -32.581004 -76.033685, -32.591376 -76.030477, -32.601748 -76.027267, -32.612119 -76.024055, -32.622489 -76.020841, -32.632858 -76.017626, -32.643227 -76.014408, -32.653595 -76.011189, -32.663962 -76.007968, -32.674328 -76.004746, -32.684694 -76.001521, -32.695058 -75.998295, -32.705422 -75.995067, -32.715785 -75.991838, -32.726147 -75.988606, -32.736508 -75.985373, -32.746869 -75.982138, -32.757228 -75.978901, -32.767587 -75.975663, -32.777945 -75.972423, -32.788302 -75.969181, -32.798658 -75.965937, -32.809013 -75.962692, -32.819368 -75.959444, -32.829721 -75.956195, -32.840073 -75.952945, -32.850425 -75.949692, -32.860776 -75.946438, -32.871125 -75.943182, -32.881474 -75.939924, -32.891822 -75.936665, -32.902169 -75.933404, -32.912515 -75.930141, -32.922860 -75.926876, -32.933204 -75.923610, -32.943547 -75.920342, -32.953889 -75.917072, -32.964230 -75.913800, -32.974570 -75.910527, -32.984909 -75.907252, -32.995247 -75.903975, -33.005584 -75.900697, -33.015920 -75.897417, -33.026255 -75.894135, -33.036589 -75.890851, -33.046922 -75.887566, -33.057254 -75.884278, -33.067585 -75.880990, -33.077914 -75.877699, -33.088243 -75.874407, -33.098571 -75.871113, -33.108897 -75.867817, -33.119222 -75.864520, -33.129547 -75.861221, -33.139870 -75.857920, -33.150192 -75.854617, -33.160513 -75.851313, -33.170833 -75.848007, -33.181152 -75.844700, -33.191469 -75.841390, -33.201786 -75.838079, -33.212101 -75.834766, -33.222416 -75.831452, -33.232729 -75.828136, -33.243041 -75.824818, -33.253351 -75.821498, -33.263661 -75.818177, -33.273969 -75.814854, -33.284276 -75.811530, -33.294582 -75.808203, -33.304887 -75.804875, -33.315191 -75.801546, -33.325493 -75.798214, -33.335794 -75.794881, -33.346094 -75.791546, -33.356393 -75.788210, -33.366690 -75.784872, -33.376986 -75.781532, -33.387281 -75.778191, -33.397575 -75.774847, -33.407868 -75.771503, -33.418159 -75.768156, -33.428449 -75.764808, -33.438737 -75.761458, -33.449025 -75.758107, -33.459311 -75.754753, -33.469595 -75.751399, -33.479879 -75.748042, -33.490161 -75.744684, -33.500442 -75.741324, -33.510721 -75.737963, -33.520999 -75.734599, -33.531276 -75.731235, -33.541552 -75.727868, -33.551826 -75.724500, -33.562099 -75.721130, -33.572370 -75.717759, -33.582640 -75.714386, -33.592909 -75.711011, -33.603176 -75.707634, -33.613442 -75.704256, -33.623707 -75.700877, -33.633970 -75.697495, -33.644232 -75.694112, -33.654492 -75.690728, -33.664751 -75.687341, -33.675008 -75.683953, -33.685264 -75.680564, -33.695519 -75.677173, -33.705772 -75.673780, -33.716024 -75.670385, -33.726274 -75.666989, -33.736523 -75.663591, -33.746771 -75.660192, -33.757017 -75.656791, -33.767261 -75.653388, -33.777504 -75.649984, -33.787746 -75.646578, -33.797986 -75.643171, -33.808224 -75.639762, -33.818461 -75.636351, -33.828697 -75.632938, -33.838931 -75.629524, -33.849164 -75.626109, -33.859395 -75.622692, -33.869624 -75.619273, -33.879852 -75.615852, -33.890078 -75.612430, -33.900303 -75.609006, -33.910527 -75.605581, -33.920748 -75.602154, -33.930969 -75.598726, -33.941187 -75.595296, -33.951404 -75.591864, -33.961620 -75.588431, -33.971834 -75.584996, -33.982046 -75.581559, -33.992257 -75.578121, -34.002466 -75.574681, -34.012673 -75.571240, -34.022879 -75.567797, -34.033084 -75.564352, -34.043286 -75.560906, -34.053487 -75.557459, -34.063687 -75.554009, -34.073885 -75.550558, -34.084081 -75.547106, -34.094275 -75.543652, -34.104468 -75.540196, -34.114659 -75.536739, -34.124849 -75.533280, -34.135036 -75.529820, -34.145223 -75.526358, -34.155407 -75.522894, -34.165590 -75.519429, -34.175771 -75.515963, -34.185950 -75.512494, -34.196128 -75.509025, -34.206304 -75.505553, -34.216478 -75.502080, -34.226651 -75.498606, -34.236822 -75.495130, -34.246991 -75.491652, -34.257158 -75.488173, -34.267324 -75.484692, -34.277488 -75.481209, -34.287650 -75.477726, -34.297810 -75.474240, -34.307969 -75.470753, -34.318126 -75.467265, -34.328281 -75.463774, -34.338434 -75.460283, -34.348585 -75.456789, -34.358735 -75.453295, -34.368883 -75.449798, -34.379029 -75.446300, -34.389173 -75.442801, -34.399316 -75.439300, -34.409457 -75.435798, -34.419596 -75.432294, -34.429733 -75.428788, -34.439868 -75.425281, -34.450001 -75.421772, -34.460133 -75.418262, -34.470263 -75.414750, -34.480390 -75.411237, -34.490516 -75.407722, -34.500641 -75.404206, -34.510763 -75.400688, -34.520883 -75.397169, -34.531002 -75.393648, -34.541119 -75.390125, -34.551233 -75.386601, -34.561346 -75.383076, -34.571457 -75.379549, -34.581566 -75.376020, -34.591674 -75.372490, -34.601779 -75.368959, -34.611882 -75.365426, -34.621984 -75.361891, -34.632083 -75.358355, -34.642181 -75.354818, -34.652277 -75.351279, -34.662370 -75.347738, -34.672462 -75.344196, -34.682552 -75.340652, -34.692640 -75.337107, -34.702726 -75.333561, -34.712810 -75.330013, -34.722892 -75.326463, -34.732972 -75.322912, -34.743050 -75.319359, -34.753126 -75.315805, -34.763200 -75.312250, -34.773272 -75.308692, -34.783342 -75.305134, -34.793410 -75.301574, -34.803476 -75.298012, -34.813540 -75.294449, -34.823602 -75.290885, -34.833662 -75.287319, -34.843720 -75.283751, -34.853776 -75.280182, -34.863830 -75.276612, -34.873882 -75.273040, -34.883932 -75.269467, -34.893980 -75.265892, -34.904026 -75.262316, -34.914069 -75.258738, -34.924111 -75.255159, -34.934151 -75.251578, -34.944188 -75.247996, -34.954223 -75.244412, -34.964257 -75.240827, -34.974288 -75.237240, -34.984317 -75.233652, -34.994344 -75.230063, -35.004369 -75.226472, -35.014392 -75.222879, -35.024413 -75.219286, -35.034432 -75.215690, -35.044448 -75.212094, -35.054462 -75.208495, -35.064475 -75.204896, -35.074485 -75.201295, -35.084493 -75.197692, -35.094499 -75.194088, -35.104502 -75.190483, -35.114504 -75.186876, -35.124503 -75.183267, -35.134501 -75.179658, -35.144496 -75.176046, -35.154489 -75.172434, -35.164479 -75.168820, -35.174468 -75.165204, -35.184454 -75.161587, -35.194439 -75.157969, -35.204421 -75.154349, -35.214400 -75.150728, -35.224378 -75.147105, -35.234354 -75.143481, -35.244327 -75.139856, -35.254298 -75.136229, -35.264267 -75.132601, -35.274233 -75.128971, -35.284197 -75.125340, -35.294160 -75.121707, -35.304119 -75.118073, -35.314077 -75.114438, -35.324033 -75.110801, -35.333986 -75.107163, -35.343937 -75.103523, -35.353885 -75.099882, -35.363832 -75.096240, -35.373776 -75.092596, -35.383718 -75.088951, -35.393657 -75.085304, -35.403595 -75.081656, -35.413530 -75.078006, -35.423462 -75.074356, -35.433393 -75.070703, -35.443321 -75.067050, -35.453247 -75.063395, -35.463170 -75.059738, -35.473092 -75.056081, -35.483011 -75.052422, -35.492927 -75.048761, -35.502842 -75.045099, -35.512754 -75.041436, -35.522663 -75.037771, -35.532571 -75.034105, -35.542476 -75.030438, -35.552378 -75.026769, -35.562279 -75.023099, -35.572177 -75.019427, -35.582072 -75.015754, -35.591966 -75.012080, -35.601857 -75.008404, -35.611745 -75.004727, -35.621631 -75.001049, -35.631515 -74.997369, -35.641397 -74.993688, -35.651276 -74.990005, -35.661152 -74.986321, -35.671027 -74.982636, -35.680899 -74.978950, -35.690768 -74.975262, -35.700635 -74.971572, -35.710500 -74.967882, -35.720362 -74.964190, -35.730222 -74.960496, -35.740080 -74.956802, -35.749935 -74.953106, -35.759787 -74.949408, -35.769638 -74.945710, -35.779485 -74.942010, -35.789331 -74.938308, -35.799174 -74.934606, -35.809014 -74.930902, -35.818852 -74.927196, -35.828688 -74.923489, -35.838521 -74.919781, -35.848352 -74.916072, -35.858180 -74.912361, -35.868006 -74.908649, -35.877829 -74.904936, -35.887650 -74.901221, -35.897468 -74.897505, -35.907284 -74.893788, -35.917097 -74.890069, -35.926908 -74.886349, -35.936717 -74.882628, -35.946523 -74.878905, -35.956326 -74.875182, -35.966127 -74.871456, -35.975925 -74.867730, -35.985721 -74.864002, -35.995515 -74.860273, -36.005306 -74.856542, -36.015094 -74.852811, -36.024880 -74.849078, -36.034663 -74.845343, -36.044444 -74.841607, -36.054222 -74.837871, -36.063998 -74.834132, -36.073771 -74.830393, -36.083541 -74.826652, -36.093310 -74.822910, -36.103075 -74.819166, -36.112838 -74.815422, -36.122598 -74.811676, -36.132356 -74.807928, -36.142111 -74.804180, -36.151864 -74.800430, -36.161614 -74.796679, -36.171362 -74.792926, -36.181107 -74.789173, -36.190849 -74.785418, -36.200589 -74.781662, -36.210326 -74.777904, -36.220061 -74.774145, -36.229793 -74.770385, -36.239522 -74.766624, -36.249249 -74.762861, -36.258973 -74.759097, -36.268695 -74.755332, -36.278414 -74.751566, -36.288130 -74.747798, -36.297844 -74.744029, -36.307555 -74.740259, -36.317263 -74.736488, -36.326969 -74.732715, -36.336672 -74.728941, -36.346373 -74.725166, -36.356071 -74.721390, -36.365766 -74.717612, -36.375458 -74.713833, -36.385148 -74.710053, -36.394836 -74.706272, -36.404520 -74.702489, -36.414202 -74.698705, -36.423881 -74.694920, -36.433558 -74.691134, -36.443232 -74.687346, -36.452903 -74.683557, -36.462572 -74.679767, -36.472238 -74.675976, -36.481901 -74.672183, -36.491562 -74.668390, -36.501219 -74.664595, -36.510875 -74.660798, -36.520527 -74.657001, -36.530177 -74.653202, -36.539824 -74.649402, -36.549468 -74.645601, -36.559110 -74.641799, -36.568749 -74.637996, -36.578385 -74.634191, -36.588018 -74.630385, -36.597649 -74.626578, -36.607277 -74.622769, -36.616902 -74.618960, -36.626525 -74.615149, -36.636145 -74.611337, -36.645762 -74.607524, -36.655376 -74.603710, -36.664988 -74.599894, -36.674596 -74.596077, -36.684202 -74.592259, -36.693806 -74.588440, -36.703406 -74.584620, -36.713004 -74.580798, -36.722599 -74.576975, -36.732191 -74.573152, -36.741781 -74.569326, -36.751367 -74.565500, -36.760951 -74.561673, -36.770533 -74.557844, -36.780111 -74.554014, -36.789686 -74.550183, -36.799259 -74.546351, -36.808829 -74.542518, -36.818396 -74.538683, -36.827961 -74.534847, -36.837522 -74.531010, -36.847081 -74.527172, -36.856637 -74.523333, -36.866190 -74.519493, -36.875741 -74.515651, -36.885288 -74.511809, -36.894833 -74.507965, -36.904375 -74.504120, -36.913914 -74.500273, -36.923450 -74.496426, -36.932983 -74.492578, -36.942514 -74.488728, -36.952042 -74.484877, -36.961567 -74.481025, -36.971089 -74.477172, -36.980608 -74.473318, -36.990124 -74.469462, -36.999638 -74.465606, -37.009148 -74.461748, -37.018656 -74.457889, -37.028161 -74.454029, -37.037663 -74.450168, -37.047162 -74.446306, -37.056658 -74.442443, -37.066152 -74.438578, -37.075642 -74.434713, -37.085130 -74.430846, -37.094615 -74.426978, -37.104097 -74.423109, -37.113576 -74.419239, -37.123052 -74.415368, -37.132525 -74.411495, -37.141996 -74.407622, -37.151463 -74.403747, -37.160928 -74.399871, -37.170389 -74.395995, -37.179848 -74.392117, -37.189304 -74.388238, -37.198757 -74.384357, -37.208207 -74.380476, -37.217654 -74.376594, -37.227098 -74.372710, -37.236540 -74.368826, -37.245978 -74.364940, -37.255414 -74.361053, -37.264846 -74.357165, -37.274276 -74.353276, -37.283702 -74.349386, -37.293126 -74.345495, -37.302547 -74.341603, -37.311965 -74.337709, -37.321379 -74.333815, -37.330791 -74.329919, -37.340200 -74.326023, -37.349606 -74.322125, -37.359009 -74.318226, -37.368410 -74.314327, -37.377807 -74.310426, -37.387201 -74.306524, -37.396592 -74.302620, -37.405980 -74.298716, -37.415366 -74.294811, -37.424748 -74.290905, -37.434127 -74.286997, -37.443504 -74.283089, -37.452877 -74.279179, -37.462247 -74.275269, -37.471615 -74.271357, -37.480979 -74.267445, -37.490341 -74.263531, -37.499699 -74.259616, -37.509055 -74.255700, -37.518407 -74.251783, -37.527757 -74.247865, -37.537103 -74.243946, -37.546446 -74.240026, -37.555787 -74.236105, -37.565124 -74.232183, -37.574459 -74.228260, -37.583790 -74.224335, -37.593118 -74.220410, -37.602444 -74.216484, -37.611766 -74.212556, -37.621085 -74.208628, -37.630402 -74.204699, -37.639715 -74.200768, -37.649025 -74.196837, -37.658332 -74.192904, -37.667637 -74.188970, -37.676938 -74.185036, -37.686236 -74.181100, -37.695531 -74.177164, -37.704823 -74.173226, -37.714112 -74.169287, -37.723398 -74.165348, -37.732681 -74.161407, -37.741960 -74.157465, -37.751237 -74.153522, -37.760511 -74.149579, -37.769781 -74.145634, -37.779049 -74.141688, -37.788313 -74.137741, -37.797575 -74.133794, -37.806833 -74.129845, -37.816088 -74.125895, -37.825341 -74.121944, -37.834590 -74.117993, -37.843836 -74.114040, -37.853079 -74.110086, -37.862319 -74.106131, -37.871555 -74.102176, -37.880789 -74.098219, -37.890020 -74.094261, -37.899247 -74.090302, -37.908472 -74.086343, -37.917693 -74.082382, -37.926911 -74.078420, -37.936127 -74.074458, -37.945339 -74.070494, -37.954547 -74.066530, -37.963753 -74.062564, -37.972956 -74.058597, -37.982156 -74.054630, -37.991352 -74.050661, -38.000545 -74.046692, -38.009736 -74.042722, -38.018923 -74.038750, -38.028107 -74.034778, -38.037288 -74.030805, -38.046466 -74.026830, -38.055640 -74.022855, -38.064812 -74.018879, -38.073980 -74.014902, -38.083145 -74.010924, -38.092307 -74.006945, -38.101466 -74.002965, -38.110622 -73.998984, -38.119775 -73.995002, -38.128924 -73.991019, -38.138071 -73.987035, -38.147214 -73.983050, -38.156354 -73.979065, -38.165491 -73.975078, -38.174625 -73.971091, -38.183756 -73.967102, -38.192883 -73.963113, -38.202007 -73.959123, -38.211129 -73.955131, -38.220247 -73.951139, -38.229361 -73.947146, -38.238473 -73.943152, -38.247582 -73.939157, -38.256687 -73.935161, -38.265789 -73.931164, -38.274888 -73.927167, -38.283984 -73.923168, -38.293076 -73.919168, -38.302166 -73.915168, -38.311252 -73.911167, -38.320335 -73.907164, -38.329415 -73.903161, -38.338492 -73.899157, -38.347565 -73.895152, -38.356636 -73.891146, -38.365703 -73.887139, -38.374767 -73.883132, -38.383827 -73.879123, -38.392885 -73.875114, -38.401939 -73.871103, -38.410990 -73.867092, -38.420038 -73.863080, -38.429083 -73.859067, -38.438124 -73.855053, -38.447163 -73.851038, -38.456198 -73.847022, -38.465230 -73.843006, -38.474258 -73.838988, -38.483284 -73.834970, -38.492306 -73.830951, -38.501325 -73.826931, -38.510341 -73.822910, -38.519353 -73.818888, -38.528363 -73.814865, -38.537369 -73.810841, -38.546372 -73.806817, -38.555371 -73.802792, -38.564368 -73.798765, -38.573361 -73.794738, -38.582351 -73.790710, -38.591338 -73.786682, -38.600321 -73.782652, -38.609301 -73.778622, -38.618278 -73.774590, -38.627252 -73.770558, -38.636222 -73.766525, -38.645190 -73.762491, -38.654154 -73.758456, -38.663114 -73.754421, -38.672072 -73.750384, -38.681026 -73.746347, -38.689977 -73.742309, -38.698925 -73.738270, -38.707869 -73.734230, -38.716810 -73.730190, -38.725748 -73.726148, -38.734683 -73.722106, -38.743615 -73.718063, -38.752543 -73.714019, -38.761468 -73.709974, -38.770389 -73.705929, -38.779307 -73.701882, -38.788223 -73.697835, -38.797134 -73.693787, -38.806043 -73.689738, -38.814948 -73.685688, -38.823850 -73.681638, -38.832749 -73.677587, -38.841644 -73.673534, -38.850536 -73.669482, -38.859425 -73.665428, -38.868311 -73.661373, -38.877193 -73.657318, -38.886072 -73.653262, -38.894948 -73.649205, -38.903820 -73.645147, -38.912689 -73.641089, -38.921555 -73.637029, -38.930417 -73.632969, -38.939276 -73.628908, -38.948132 -73.624846, -38.956985 -73.620784, -38.965834 -73.616721, -38.974680 -73.612656, -38.983523 -73.608592, -38.992362 -73.604526, -39.001198 -73.600460, -39.010031 -73.596392, -39.018861 -73.592324, -39.027687 -73.588256, -39.036509 -73.584186, -39.045329 -73.580116, -39.054145 -73.576045, -39.062958 -73.571973, -39.071768 -73.567900, -39.080574 -73.563827, -39.089377 -73.559753, -39.098176 -73.555678, -39.106973 -73.551602, -39.115766 -73.547526, -39.124555 -73.543449, -39.133341 -73.539371, -39.142124 -73.535292, -39.150904 -73.531213, -39.159680 -73.527132, -39.168453 -73.523051, -39.177223 -73.518970, -39.185989 -73.514887, -39.194752 -73.510804, -39.203512 -73.506720, -39.212268 -73.502636, -39.221021 -73.498550, -39.229770 -73.494464, -39.238517 -73.490377, -39.247260 -73.486290, -39.255999 -73.482201, -39.264735 -73.478112, -39.273468 -73.474023, -39.282198 -73.469932, -39.290924 -73.465841, -39.299646 -73.461749, -39.308366 -73.457656, -39.317082 -73.453563, -39.325795 -73.449469, -39.334504 -73.445374, -39.343210 -73.441279, -39.351913 -73.437182, -39.360612 -73.433085, -39.369308 -73.428988, -39.378000 -73.424889, -39.386690 -73.420790, -39.395376 -73.416691, -39.404058 -73.412590, -39.412737 -73.408489, -39.421413 -73.404387, -39.430085 -73.400285, -39.438754 -73.396181, -39.447420 -73.392077, -39.456082 -73.387973, -39.464741 -73.383868, -39.473396 -73.379762, -39.482048 -73.375655, -39.490697 -73.371547, -39.499342 -73.367439, -39.507984 -73.363331, -39.516623 -73.359221, -39.525258 -73.355111, -39.533890 -73.351000, -39.542518 -73.346889, -39.551143 -73.342777, -39.559765 -73.338664, -39.568383 -73.334551, -39.576998 -73.330437, -39.585610 -73.326322, -39.594218 -73.322206, -39.602823 -73.318090, -39.611424 -73.313973, -39.620022 -73.309856, -39.628616 -73.305738, -39.637207 -73.301619, -39.645795 -73.297500, -39.654380 -73.293380, -39.662960 -73.289259, -39.671538 -73.285138, -39.680112 -73.281016, -39.688683 -73.276893, -39.697250 -73.272770, -39.705814 -73.268646, -39.714375 -73.264522, -39.722932 -73.260396, -39.731485 -73.256271, -39.740036 -73.252144, -39.748583 -73.248017, -39.757126 -73.243889, -39.765666 -73.239761, -39.774203 -73.235632, -39.782736 -73.231502, -39.791266 -73.227372, -39.799792 -73.223241, -39.808315 -73.219110, -39.816835 -73.214978, -39.825351 -73.210845, -39.833864 -73.206712, -39.842373 -73.202578, -39.850879 -73.198443, -39.859381 -73.194308, -39.867880 -73.190173, -39.876376 -73.186036, -39.884868 -73.181899, -39.893357 -73.177762, -39.901842 -73.173624, -39.910324 -73.169485, -39.918803 -73.165346, -39.927278 -73.161206, -39.935750 -73.157065, -39.944218 -73.152924, -39.952683 -73.148782, -39.961144 -73.144640, -39.969602 -73.140497, -39.978056 -73.136354, -39.986507 -73.132210, -39.994955 -73.128065, -40.003399 -73.123920, -40.011840 -73.119774, -40.020277 -73.115628, -40.028711 -73.111481, -40.037142 -73.107333, -40.045569 -73.103185, -40.053992 -73.099036, -40.062412 -73.094887, -40.070829 -73.090737, -40.079242 -73.086587, -40.087652 -73.082436, -40.096058 -73.078285, -40.104461 -73.074133, -40.112861 -73.069980, -40.121257 -73.065827, -40.129649 -73.061673, -40.138038 -73.057519, -40.146424 -73.053364, -40.154806 -73.049209, -40.163185 -73.045053, -40.171560 -73.040897, -40.179932 -73.036740, -40.188301 -73.032582, -40.196665 -73.028424, -40.205027 -73.024265, -40.213385 -73.020106, -40.221740 -73.015947, -40.230091 -73.011787, -40.238438 -73.007626, -40.246783 -73.003465, -40.255123 -72.999303, -40.263461 -72.995140, -40.271795 -72.990978, -40.280125 -72.986814, -40.288452 -72.982650, -40.296775 -72.978486, -40.305095 -72.974321, -40.313412 -72.970156, -40.321725 -72.965990, -40.330035 -72.961823, -40.338341 -72.957657, -40.346643 -72.953489, -40.354943 -72.949321, -40.363238 -72.945153, -40.371531 -72.940984, -40.379819 -72.936814, -40.388105 -72.932644, -40.396387 -72.928474, -40.404665 -72.924303, -40.412940 -72.920131, -40.421211 -72.915960, -40.429479 -72.911787, -40.437744 -72.907614, -40.446005 -72.903441, -40.454263 -72.899267, -40.462517 -72.895093, -40.470767 -72.890918, -40.479014 -72.886742, -40.487258 -72.882567, -40.495498 -72.878390, -40.503735 -72.874214, -40.511968 -72.870036, -40.520198 -72.865859, -40.528424 -72.861681, -40.536647 -72.857502, -40.544867 -72.853323, -40.553082 -72.849143, -40.561295 -72.844963, -40.569504 -72.840783, -40.577709 -72.836602, -40.585911 -72.832420, -40.594110 -72.828239, -40.602305 -72.824056, -40.610496 -72.819874, -40.618684 -72.815690, -40.626869 -72.811507, -40.635050 -72.807323, -40.643227 -72.803138, -40.651401 -72.798953, -40.659572 -72.794768, -40.667739 -72.790582, -40.675903 -72.786396, -40.684063 -72.782209, -40.692219 -72.778022, -40.700372 -72.773834, -40.708522 -72.769646, -40.716668 -72.765458, -40.724811 -72.761269, -40.732950 -72.757080, -40.741086 -72.752890, -40.749218 -72.748700, -40.757347 -72.744509, -40.765472 -72.740318, -40.773594 -72.736127, -40.781712 -72.731935, -40.789827 -72.727743, -40.797938 -72.723550, -40.806046 -72.719357, -40.814150 -72.715164, -40.822251 -72.710970, -40.830348 -72.706776, -40.838442 -72.702581, -40.846532 -72.698386, -40.854619 -72.694190, -40.862702 -72.689995, -40.870782 -72.685798, -40.878858 -72.681602, -40.886931 -72.677405, -40.895001 -72.673207, -40.903066 -72.669009, -40.911129 -72.664811, -40.919188 -72.660613, -40.927243 -72.656414, -40.935295 -72.652214, -40.943343 -72.648015, -40.951388 -72.643815, -40.959429 -72.639614, -40.967467 -72.635413, -40.975501 -72.631212, -40.983532 -72.627011, -40.991559 -72.622809, -40.999583 -72.618606, -41.007604 -72.614404, -41.015620 -72.610201, -41.023634 -72.605997, -41.031644 -72.601794, -41.039650 -72.597590, -41.047653 -72.593385, -41.055652 -72.589180, -41.063648 -72.584975, -41.071640 -72.580770, -41.079629 -72.576564, -41.087614 -72.572358, -41.095596 -72.568151, -41.103574 -72.563944, -41.111549 -72.559737, -41.119520 -72.555529, -41.127488 -72.551321, -41.135452 -72.547113, -41.143413 -72.542905, -41.151370 -72.538696, -41.159324 -72.534486, -41.167274 -72.530277, -41.175221 -72.526067, -41.183164 -72.521857, -41.191104 -72.517646, -41.199040 -72.513435, -41.206972 -72.509224, -41.214902 -72.505013, -41.222827 -72.500801, -41.230749 -72.496589, -41.238668 -72.492376, -41.246583 -72.488164, -41.254495 -72.483950, -41.262403 -72.479737, -41.270308 -72.475523, -41.278209 -72.471309, -41.286106 -72.467095, -41.294000 -72.462881, -41.301891 -72.458666, -41.309778 -72.454451, -41.317661 -72.450235, -41.325541 -72.446019, -41.333418 -72.441803, -41.341291 -72.437587, -41.349160 -72.433370, -41.357026 -72.429153, -41.364889 -72.424936, -41.372748 -72.420719, -41.380603 -72.416501, -41.388455 -72.412283, -41.396304 -72.408065, -41.404149 -72.403846, -41.411990 -72.399627, -41.419828 -72.395408, -41.427662 -72.391189, -41.435493 -72.386969, -41.443320 -72.382749, -41.451144 -72.378529, -41.458965 -72.374308, -41.466781 -72.370088, -41.474595 -72.365867, -41.482404 -72.361645, -41.490211 -72.357424, -41.498013 -72.353202, -41.505813 -72.348980, -41.513608 -72.344758, -41.521401 -72.340535, -41.529189 -72.336313, -41.536974 -72.332090, -41.544756 -72.327866, -41.552534 -72.323643, -41.560309 -72.319419, -41.568080 -72.315195, -41.575848 -72.310971, -41.583612 -72.306747, -41.591372 -72.302522, -41.599129 -72.298297, -41.606883 -72.294072, -41.614633 -72.289847, -41.622379 -72.285621, -41.630122 -72.281395, -41.637862 -72.277169, -41.645598 -72.272943, -41.653330 -72.268717, -41.661059 -72.264490, -41.668785 -72.260263, -41.676507 -72.256036, -41.684225 -72.251809, -41.691940 -72.247581, -41.699651 -72.243354, -41.707359 -72.239126, -41.715063 -72.234898, -41.722764 -72.230669, -41.730461 -72.226441, -41.738155 -72.222212, -41.745846 -72.217983, -41.753532 -72.213754, -41.761216 -72.209525, -41.768895 -72.205295, -41.776571 -72.201065, -41.784244 -72.196836, -41.791913 -72.192606, -41.799579 -72.188375, -41.807241 -72.184145, -41.814900 -72.179914, -41.822555 -72.175683, -41.830207 -72.171452, -41.837855 -72.167221, -41.845499 -72.162990, -41.853140 -72.158759, -41.860778 -72.154527, -41.868412 -72.150295, -41.876042 -72.146063, -41.883669 -72.141831, -41.891293 -72.137599, -41.898913 -72.133366, -41.906529 -72.129134, -41.914142 -72.124901, -41.921752 -72.120668, -41.929358 -72.116435, -41.936960 -72.112201, -41.944559 -72.107968, -41.952154 -72.103735, -41.959746 -72.099501, -41.967335 -72.095267, -41.974920 -72.091033, -41.982501 -72.086799, -41.990079 -72.082565, -41.997653 -72.078330, -42.005224 -72.074096, -42.012791 -72.069861, -42.020355 -72.065626, -42.027915 -72.061391, -42.035472 -72.057156, -42.043025 -72.052921, -42.050575 -72.048686, -42.058121 -72.044450, -42.065664 -72.040215, -42.073203 -72.035979, -42.080739 -72.031743, -42.088271 -72.027507, -42.095800 -72.023271, -42.103325 -72.019035, -42.110846 -72.014799, -42.118364 -72.010563, -42.125879 -72.006326, -42.133390 -72.002090, -42.140898 -71.997853, -42.148402 -71.993616, -42.155902 -71.989379, -42.163399 -71.985142, -42.170893 -71.980905, -42.178383 -71.976668, -42.185870 -71.972431, -42.193353 -71.968194, -42.200832 -71.963956, -42.208308 -71.959719, -42.215781 -71.955481, -42.223250 -71.951243, -42.230715 -71.947006, -42.238177 -71.942768, -42.245636 -71.938530, -42.253091 -71.934292, -42.260542 -71.930054, -42.267990 -71.925816, -42.275435 -71.921577, -42.282875 -71.917339, -42.290313 -71.913101, -42.297747 -71.908862, -42.305177 -71.904624, -42.312604 -71.900385, -42.320028 -71.896147, -42.327447 -71.891908, -42.334864 -71.887669, -42.342277 -71.883431, -42.349686 -71.879192, -42.357092 -71.874953, -42.364494 -71.870714, -42.371893 -71.866475, -42.379289 -71.862236, -42.386681 -71.857997, -42.394069 -71.853758, -42.401454 -71.849519, -42.408835 -71.845279, -42.416213 -71.841040, -42.423587 -71.836801, -42.430958 -71.832562, -42.438326 -71.828322, -42.445690 -71.824083, -42.453050 -71.819844, -42.460407 -71.815604, -42.467760 -71.811365, -42.475110 -71.807125, -42.482456 -71.802886, -42.489799 -71.798646, -42.497139 -71.794407, -42.504474 -71.790167, -42.511807 -71.785928, -42.519136 -71.781688, -42.526461 -71.777449, -42.533783 -71.773209, -42.541101 -71.768969, -42.548416 -71.764730, -42.555728 -71.760490, -42.563035 -71.756251, -42.570340 -71.752011, -42.577641 -71.747772, -42.584938 -71.743532, -42.592232 -71.739292, -42.599522 -71.735053, -42.606809 -71.730813, -42.614093 -71.726574, -42.621373 -71.722334, -42.628649 -71.718095, -42.635922 -71.713855, -42.643192 -71.709616, -42.650458 -71.705376, -42.657720 -71.701137, -42.664979 -71.696897, -42.672234 -71.692658, -42.679486 -71.688419, -42.686735 -71.684179, -42.693980 -71.679940, -42.701221 -71.675701, -42.708460 -71.671461, -42.715694 -71.667222, -42.722925 -71.662983, -42.730153 -71.658744, -42.737377 -71.654505, -42.744597 -71.650266, -42.751814 -71.646027, -42.759028 -71.641788, -42.766238 -71.637549, -42.773445 -71.633310, -42.780648 -71.629071, -42.787848 -71.624833, -42.795044 -71.620594, -42.802237 -71.616355, -42.809426 -71.612117, -42.816611 -71.607878, -42.823794 -71.603640, -42.830973 -71.599401, -42.838148 -71.595163, -42.845320 -71.590925, -42.852488 -71.586687, -42.859653 -71.582449, -42.866814 -71.578211, -42.873972 -71.573973, -42.881126 -71.569735, -42.888277 -71.565497, -42.895425 -71.561259, -42.902569 -71.557022, -42.909709 -71.552784, -42.916846 -71.548547, -42.923980 -71.544309, -42.931110 -71.540072, -42.938236 -71.535835, -42.945359 -71.531598, -42.952479 -71.527361, -42.959595 -71.523124, -42.966708 -71.518887, -42.973817 -71.514650, -42.980923 -71.510414, -42.988025 -71.506177, -42.995124 -71.501941, -43.002219 -71.497705, -43.009311 -71.493469, -43.016399 -71.489233, -43.023484 -71.484997, -43.030566 -71.480761, -43.037643 -71.476525, -43.044718 -71.472289, -43.051789 -71.468054, -43.058856 -71.463819, -43.065921 -71.459583, -43.072981 -71.455348, -43.080038 -71.451113, -43.087092 -71.446879, -43.094142 -71.442644, -43.101189 -71.438409, -43.108232 -71.434175, -43.115272 -71.429941, -43.122308 -71.425706, -43.129341 -71.421472, -43.136370 -71.417239, -43.143396 -71.413005, -43.150419 -71.408771, -43.157438 -71.404538, -43.164453 -71.400305, -43.171466 -71.396071, -43.178474 -71.391838, -43.185479 -71.387606, -43.192481 -71.383373, -43.199479 -71.379140, -43.206474 -71.374908, -43.213465 -71.370676, -43.220453 -71.366444, -43.227438 -71.362212, -43.234419 -71.357980, -43.241396 -71.353749, -43.248370 -71.349517, -43.255341 -71.345286, -43.262308 -71.341055, -43.269272 -71.336824, -43.276232 -71.332594, -43.283189 -71.328363, -43.290142 -71.324133, -43.297092 -71.319903, -43.304038 -71.315673, -43.310981 -71.311443, -43.317921 -71.307214, -43.324857 -71.302984, -43.331789 -71.298755, -43.338718 -71.294526, -43.345644 -71.290297, -43.352566 -71.286069, -43.359485 -71.281840, -43.366401 -71.277612, -43.373312 -71.273384, -43.380221 -71.269157, -43.387126 -71.264929, -43.394028 -71.260702, -43.400926 -71.256475, -43.407820 -71.252248, -43.414712 -71.248021, -43.421599 -71.243794, -43.428484 -71.239568, -43.435365 -71.235342, -43.442242 -71.231116, -43.449116 -71.226891, -43.455987 -71.222665, -43.462854 -71.218440, -43.469718 -71.214215, -43.476578 -71.209990, -43.483435 -71.205766, -43.490288 -71.201542, -43.497138 -71.197318, -43.503985 -71.193094, -43.510828 -71.188870, -43.517668 -71.184647, -43.524504 -71.180424, -43.531337 -71.176201, -43.538166 -71.171979, -43.544992 -71.167756, -43.551815 -71.163534, -43.558634 -71.159313, -43.565449 -71.155091, -43.572261 -71.150870, -43.579070 -71.146649, -43.585876 -71.142428, -43.592678 -71.138207, -43.599476 -71.133987, -43.606271 -71.129767, -43.613063 -71.125547, -43.619851 -71.121328, -43.626636 -71.117109, -43.633417 -71.112890, -43.640195 -71.108671, -43.646970 -71.104453, -43.653741 -71.100235, -43.660508 -71.096017, -43.667273 -71.091799, -43.674034 -71.087582, -43.680791 -71.083365, -43.687545 -71.079149, -43.694296 -71.074932, -43.701043 -71.070716, -43.707786 -71.066500, -43.714527 -71.062285, -43.721264 -71.058069, -43.727997 -71.053855, -43.734727 -71.049640, -43.741454 -71.045426, -43.748177 -71.041212, -43.754897 -71.036998, -43.761613 -71.032784, -43.768326 -71.028571, -43.775036 -71.024358, -43.781742 -71.020146, -43.788445 -71.015934, -43.795144 -71.011722, -43.801840 -71.007510, -43.808533 -71.003299, -43.815222 -70.999088, -43.821908 -70.994878, -43.828590 -70.990667, -43.835269 -70.986457, -43.841945 -70.982248, -43.848617 -70.978038, -43.855285 -70.973830, -43.861951 -70.969621, -43.868613 -70.965413, -43.875271 -70.961205, -43.881926 -70.956997, -43.888578 -70.952790, -43.895226 -70.948583, -43.901871 -70.944376, -43.908513 -70.940170, -43.915151 -70.935964, -43.921786 -70.931758, -43.928417 -70.927553, -43.935045 -70.923348, -43.941669 -70.919144, -43.948291 -70.914940, -43.954908 -70.910736, -43.961523 -70.906532, -43.968134 -70.902329, -43.974741 -70.898127, -43.981345 -70.893924, -43.987946 -70.889722, -43.994544 -70.885521, -44.001138 -70.881320, -44.007728 -70.877119, -44.014315 -70.872918, -44.020899 -70.868718, -44.027480 -70.864518, -44.034057 -70.860319, -44.040631 -70.856120, -44.047201 -70.851921, -44.053768 -70.847723, -44.060331 -70.843525, -44.066891 -70.839328, -44.073448 -70.835131, -44.080002 -70.830934, -44.086552 -70.826738, -44.093098 -70.822542, -44.099642 -70.818346, -44.106181 -70.814151, -44.112718 -70.809957, -44.119251 -70.805762, -44.125781 -70.801568, -44.132307 -70.797375, -44.138830 -70.793182, -44.145350 -70.788989, -44.151866 -70.784797, -44.158379 -70.780605, -44.164889 -70.776414, -44.171395 -70.772223, -44.177898 -70.768032, -44.184397 -70.763842, -44.190893 -70.759652, -44.197386 -70.755463, -44.203875 -70.751274, -44.210361 -70.747085, -44.216843 -70.742897, -44.223323 -70.738710, -44.229799 -70.734523, -44.236271 -70.730336, -44.242740 -70.726150, -44.249206 -70.721964, -44.255668 -70.717778, -44.262127 -70.713593, -44.268583 -70.709409, -44.275035 -70.705225, -44.281484 -70.701041, -44.287930 -70.696858, -44.294372 -70.692675, -44.300811 -70.688493, -44.307247 -70.684311, -44.313679 -70.680129, -44.320108 -70.675948, -44.326533 -70.671768, -44.332955 -70.667588, -44.339374 -70.663408, -44.345790 -70.659229, -44.352202 -70.655051, -44.358610 -70.650872, -44.365016 -70.646695, -44.371418 -70.642517, -44.377817 -70.638341, -44.384212 -70.634164, -44.390604 -70.629989, -44.396993 -70.625813, -44.403378 -70.621638, -44.409760 -70.617464, -44.416138 -70.613290, -44.422514 -70.609117, -44.428886 -70.604944, -44.435254 -70.600771, -44.441620 -70.596600, -44.447982 -70.592428, -44.454340 -70.588257, -44.460695 -70.584087, -44.467047 -70.579917, -44.473396 -70.575747, -44.479741 -70.571578, -44.486083 -70.567410, -44.492422 -70.563242, -44.498757 -70.559074, -44.505089 -70.554908, -44.511417 -70.550741, -44.517743 -70.546575, -44.524065 -70.542410, -44.530383 -70.538245, -44.536699 -70.534081, -44.543011 -70.529917, -44.549319 -70.525753, -44.555624 -70.521591, -44.561926 -70.517428, -44.568225 -70.513267, -44.574520 -70.509105, -44.580812 -70.504945, -44.587101 -70.500785, -44.593387 -70.496625, -44.599669 -70.492466, -44.605947 -70.488307, -44.612223 -70.484149, -44.618495 -70.479992, -44.624764 -70.475835, -44.631029 -70.471679, -44.637291 -70.467523, -44.643550 -70.463367, -44.649806 -70.459213, -44.656058 -70.455058, -44.662307 -70.450905, -44.668552 -70.446752, -44.674795 -70.442599, -44.681034 -70.438447, -44.687269 -70.434296, -44.693502 -70.430145, -44.699731 -70.425995, -44.705956 -70.421845, -44.712179 -70.417696, -44.718398 -70.413547, -44.724614 -70.409399, -44.730826 -70.405252, -44.737036 -70.401105, -44.743242 -70.396959, -44.749444 -70.392813, -44.755644 -70.388668, -44.761840 -70.384523, -44.768032 -70.380379, -44.774222 -70.376236, -44.780408 -70.372093, -44.786591 -70.367951, -44.792770 -70.363809, -44.798947 -70.359668, -44.805120 -70.355528, -44.811289 -70.351388, -44.817456 -70.347249, -44.823619 -70.343110, -44.829779 -70.338972, -44.835935 -70.334835, -44.842088 -70.330698, -44.848238 -70.326562, -44.854385 -70.322426, -44.860528 -70.318291, -44.866669 -70.314157, -44.872805 -70.310023, -44.878939 -70.305890, -44.885069 -70.301757, -44.891196 -70.297625, -44.897320 -70.293494, -44.903440 -70.289363, -44.909557 -70.285233, -44.915671 -70.281104, -44.921782 -70.276975, -44.927889 -70.272847, -44.933993 -70.268719, -44.940094 -70.264592, -44.946191 -70.260466, -44.952286 -70.256340, -44.958376 -70.252215, -44.964464 -70.248091, -44.970549 -70.243967, -44.976630 -70.239844, -44.982708 -70.235722, -44.988782 -70.231600, -44.994853 -70.227479, -45.000922 -70.223358, -45.006986 -70.219238, -45.013048 -70.215119, -45.019106 -70.211001, -45.025161 -70.206883, -45.031213 -70.202765, -45.037261 -70.198649, -45.043307 -70.194533, -45.049349 -70.190418, -45.055387 -70.186303, -45.061423 -70.182189, -45.067455 -70.178076, -45.073484 -70.173963, -45.079510 -70.169852, -45.085532 -70.165740, -45.091551 -70.161630, -45.097567 -70.157520, -45.103580 -70.153411, -45.109589 -70.149302, -45.115595 -70.145194, -45.121598 -70.141087, -45.127598 -70.136981, -45.133594 -70.132875, -45.139588 -70.128770, -45.145578 -70.124666, -45.151564 -70.120562, -45.157548 -70.116459, -45.163528 -70.112357, -45.169505 -70.108255, -45.175479 -70.104154, -45.181449 -70.100054, -45.187416 -70.095955, -45.193381 -70.091856, -45.199341 -70.087758, -45.205299 -70.083661, -45.211253 -70.079564, -45.217204 -70.075468, -45.223152 -70.071373, -45.229097 -70.067278, -45.235038 -70.063185, -45.240976 -70.059092, -45.246911 -70.054999, -45.252843 -70.050908, -45.258771 -70.046817, -45.264697 -70.042727, -45.270619 -70.038637, -45.276537 -70.034549, -45.282453 -70.030461, -45.288365 -70.026373, -45.294274 -70.022287, -45.300180 -70.018201, -45.306083 -70.014116, -45.311982 -70.010032, -45.317879 -70.005948, -45.323772 -70.001866, -45.329661 -69.997784, -45.335548 -69.993702, -45.341431 -69.989622, -45.347311 -69.985542, -45.353188 -69.981463, -45.359062 -69.977385, -45.364933 -69.973307, -45.370800 -69.969231, -45.376664 -69.965155, -45.382525 -69.961079, -45.388383 -69.957005, -45.394237 -69.952931, -45.400088 -69.948858, -45.405936 -69.944786, -45.411781 -69.940715, -45.417623 -69.936644, -45.423461 -69.932574, -45.429296 -69.928505, -45.435129 -69.924437, -45.440957 -69.920370, -45.446783 -69.916303, -45.452605 -69.912237, -45.458425 -69.908172, -45.464241 -69.904107, -45.470054 -69.900044, -45.475863 -69.895981, -45.481670 -69.891919, -45.487473 -69.887858, -45.493273 -69.883798, -45.499070 -69.879738, -45.504864 -69.875679, -45.510654 -69.871621, -45.516441 -69.867564, -45.522225 -69.863508, -45.528006 -69.859452, -45.533784 -69.855397, -45.539559 -69.851343, -45.545330 -69.847290, -45.551098 -69.843238, -45.556863 -69.839186, -45.562625 -69.835136, -45.568384 -69.831086, -45.574139 -69.827037, -45.579891 -69.822988, -45.585641 -69.818941, -45.591386 -69.814894, -45.597129 -69.810849, -45.602869 -69.806804, -45.608605 -69.802760, -45.614338 -69.798716, -45.620069 -69.794674, -45.625795 -69.790632, -45.631519 -69.786592, -45.637240 -69.782552, -45.642957 -69.778513, -45.648671 -69.774475, -45.654382 -69.770437, -45.660090 -69.766401, -45.665795 -69.762365, -45.671496 -69.758330, -45.677195 -69.754296, -45.682890 -69.750263, -45.688582 -69.746231, -45.694271 -69.742199, -45.699957 -69.738169, -45.705639 -69.734139, -45.711319 -69.730110, -45.716995 -69.726082, -45.722668 -69.722055, -45.728338 -69.718029, -45.734005 -69.714004, -45.739669 -69.709979, -45.745329 -69.705956, -45.750986 -69.701933, -45.756641 -69.697911, -45.762292 -69.693890, -45.767940 -69.689870, -45.773584 -69.685851, -45.779226 -69.681832, -45.784864 -69.677815, -45.790500 -69.673798, -45.796132 -69.669783, -45.801761 -69.665768, -45.807387 -69.661754, -45.813009 -69.657741, -45.818629 -69.653729, -45.824246 -69.649718, -45.829859 -69.645707, -45.835469 -69.641698, -45.841076 -69.637689, -45.846680 -69.633682, -45.852281 -69.629675, -45.857878 -69.625669, -45.863473 -69.621665, -45.869064 -69.617661, -45.874653 -69.613658, -45.880238 -69.609655, -45.885820 -69.605654, -45.891399 -69.601654, -45.896974 -69.597655, -45.902547 -69.593656, -45.908116 -69.589659, -45.913683 -69.585662, -45.919246 -69.581666, -45.924806 -69.577672, -45.930363 -69.573678, -45.935917 -69.569685, -45.941468 -69.565693, -45.947015 -69.561702, -45.952560 -69.557712, -45.958101 -69.553723, -45.963639 -69.549735, -45.969175 -69.545747, -45.974707 -69.541761, -45.980236 -69.537776, -45.985761 -69.533791, -45.991284 -69.529808, -45.996804 -69.525825, -46.002320 -69.521844, -46.007834 -69.517863, -46.013344 -69.513883, -46.018851 -69.509905, -46.024355 -69.505927, -46.029856 -69.501950, -46.035354 -69.497975, -46.040849 -69.494000, -46.046340 -69.490026, -46.051829 -69.486053, -46.057314 -69.482081, -46.062797 -69.478110, -46.068276 -69.474140, -46.073752 -69.470171, -46.079225 -69.466203, -46.084695 -69.462236, -46.090162 -69.458270, -46.095626 -69.454305, -46.101086 -69.450341, -46.106544 -69.446378, -46.111998 -69.442416, -46.117450 -69.438454, -46.122898 -69.434494, -46.128343 -69.430535, -46.133785 -69.426577, -46.139225 -69.422620, -46.144661 -69.418664, -46.150093 -69.414709, -46.155523 -69.410754, -46.160950 -69.406801, -46.166374 -69.402849, -46.171794 -69.398898, -46.177212 -69.394948, -46.182626 -69.390999, -46.188037 -69.387051, -46.193446 -69.383104, -46.198851 -69.379158, -46.204253 -69.375213, -46.209652 -69.371269, -46.215048 -69.367325, -46.220441 -69.363384, -46.225830 -69.359443, -46.231217 -69.355503, -46.236601 -69.351564, -46.241981 -69.347626, -46.247359 -69.343689, -46.252733 -69.339753, -46.258105 -69.335818, -46.263473 -69.331885, -46.268838 -69.327952, -46.274201 -69.324020, -46.279560 -69.320090, -46.284916 -69.316160, -46.290269 -69.312232, -46.295619 -69.308304, -46.300966 -69.304378, -46.306310 -69.300452, -46.311650 -69.296528, -46.316988 -69.292605, -46.322323 -69.288682, -46.327654 -69.284761, -46.332983 -69.280841, -46.338308 -69.276922, -46.343631 -69.273004, -46.348950 -69.269087, -46.354267 -69.265171, -46.359580 -69.261257, -46.364890 -69.257343, -46.370198 -69.253430, -46.375502 -69.249519, -46.380803 -69.245608, -46.386101 -69.241699, -46.391396 -69.237790, -46.396688 -69.233883, -46.401977 -69.229977, -46.407263 -69.226072, -46.412546 -69.222168, -46.417826 -69.218265, -46.423103 -69.214363, -46.428376 -69.210462, -46.433647 -69.206563, -46.438915 -69.202664, -46.444180 -69.198767, -46.449441 -69.194870, -46.454700 -69.190975, -46.459956 -69.187081, -46.465208 -69.183188, -46.470458 -69.179296, -46.475704 -69.175405, -46.480948 -69.171515, -46.486188 -69.167627, -46.491426 -69.163739, -46.496660 -69.159853, -46.501891 -69.155968, -46.507120 -69.152083, -46.512345 -69.148200, -46.517568 -69.144318, -46.522787 -69.140438, -46.528003 -69.136558, -46.533216 -69.132679, -46.538427 -69.128802, -46.543634 -69.124926, -46.548838 -69.121050, -46.554040 -69.117176, -46.559238 -69.113303, -46.564433 -69.109432, -46.569625 -69.105561, -46.574814 -69.101691, -46.580001 -69.097823, -46.585184 -69.093956, -46.590364 -69.090090, -46.595541 -69.086225, -46.600715 -69.082361, -46.605886 -69.078498, -46.611055 -69.074637, -46.616220 -69.070777, -46.621382 -69.066917, -46.626541 -69.063059, -46.631697 -69.059202, -46.636850 -69.055347, -46.642001 -69.051492, -46.647148 -69.047639, -46.652292 -69.043787, -46.657433 -69.039936, -46.662571 -69.036086, -46.667706 -69.032237, -46.672839 -69.028389, -46.677968 -69.024543, -46.683094 -69.020698, -46.688217 -69.016854, -46.693338 -69.013011, -46.698455 -69.009169, -46.703569 -69.005329, -46.708680 -69.001489, -46.713789 -68.997651, -46.718894 -68.993814, -46.723996 -68.989979, -46.729096 -68.986144, -46.734192 -68.982311, -46.739286 -68.978479, -46.744376 -68.974648, -46.749464 -68.970818, -46.754548 -68.966989, -46.759630 -68.963162, -46.764708 -68.959336, -46.769784 -68.955511, -46.774856 -68.951687, -46.779926 -68.947864, -46.784993 -68.944043, -46.790056 -68.940223, -46.795117 -68.936404, -46.800175 -68.932586, -46.805230 -68.928770, -46.810281 -68.924955, -46.815330 -68.921140, -46.820376 -68.917328, -46.825419 -68.913516, -46.830459 -68.909706, -46.835496 -68.905896, -46.840530 -68.902088, -46.845561 -68.898282, -46.850589 -68.894476, -46.855614 -68.890672, -46.860637 -68.886869, -46.865656 -68.883067, -46.870672 -68.879267, -46.875686 -68.875467, -46.880696 -68.871669, -46.885703 -68.867873, -46.890708 -68.864077, -46.895709 -68.860283, -46.900708 -68.856490, -46.905704 -68.852698, -46.910696 -68.848907, -46.915686 -68.845118, -46.920673 -68.841330, -46.925657 -68.837543, -46.930638 -68.833758, -46.935616 -68.829973, -46.940591 -68.826190, -46.945563 -68.822408, -46.950532 -68.818628, -46.955498 -68.814849, -46.960462 -68.811071, -46.965422 -68.807294, -46.970380 -68.803519, -46.975334 -68.799745, -46.980286 -68.795972, -46.985234 -68.792200, -46.990180 -68.788430, -46.995123 -68.784661, -47.000063 -68.780893, -47.004999 -68.777127, -47.009933 -68.773361, -47.014865 -68.769597, -47.019793 -68.765835, -47.024718 -68.762074, -47.029640 -68.758314, -47.034560 -68.754555, -47.039476 -68.750797, -47.044390 -68.747041, -47.049300 -68.743286, -47.054208 -68.739533, -47.059113 -68.735781, -47.064014 -68.732030, -47.068913 -68.728280, -47.073809 -68.724532, -47.078702 -68.720785, -47.083593 -68.717039, -47.088480 -68.713295, -47.093364 -68.709552, -47.098246 -68.705810, -47.103124 -68.702070, -47.108000 -68.698330, -47.112873 -68.694593, -47.117742 -68.690856, -47.122609 -68.687121, -47.127473 -68.683387, -47.132334 -68.679655, -47.137193 -68.675924, -47.142048 -68.672194, -47.146900 -68.668465, -47.151750 -68.664738, -47.156597 -68.661012, -47.161440 -68.657288, -47.166281 -68.653565, -47.171119 -68.649843, -47.175954 -68.646123, -47.180786 -68.642403, -47.185615 -68.638686, -47.190442 -68.634969, -47.195265 -68.631254, -47.200086 -68.627541, -47.204903 -68.623828, -47.209718 -68.620117, -47.214530 -68.616408, -47.219339 -68.612699, -47.224145 -68.608992, -47.228948 -68.605287, -47.233749 -68.601583, -47.238546 -68.597880, -47.243341 -68.594178, -47.248132 -68.590478, -47.252921 -68.586780, -47.257707 -68.583082, -47.262490 -68.579386, -47.267270 -68.575692, -47.272048 -68.571998, -47.276822 -68.568307, -47.281594 -68.564616, -47.286362 -68.560927, -47.291128 -68.557239, -47.295891 -68.553553, -47.300651 -68.549868, -47.305408 -68.546185, -47.310163 -68.542502, -47.314914 -68.538822, -47.319663 -68.535142, -47.324408 -68.531464, -47.329151 -68.527788, -47.333891 -68.524113, -47.338628 -68.520439, -47.343362 -68.516767, -47.348094 -68.513096, -47.352822 -68.509426, -47.357548 -68.505758, -47.362271 -68.502091, -47.366991 -68.498426, -47.371708 -68.494762, -47.376422 -68.491100, -47.381134 -68.487438, -47.385842 -68.483779, -47.390548 -68.480121, -47.395251 -68.476464, -47.399951 -68.472808, -47.404648 -68.469154, -47.409342 -68.465502, -47.414033 -68.461851, -47.418722 -68.458201, -47.423408 -68.454553, -47.428091 -68.450906, -47.432771 -68.447261, -47.437448 -68.443617, -47.442122 -68.439974, -47.446794 -68.436333, -47.451462 -68.432694, -47.456128 -68.429055, -47.460791 -68.425419, -47.465451 -68.421783, -47.470109 -68.418150, -47.474763 -68.414517, -47.479415 -68.410886, -47.484063 -68.407257, -47.488709 -68.403629, -47.493353 -68.400002, -47.497993 -68.396377, -47.502630 -68.392753, -47.507265 -68.389131, -47.511897 -68.385511, -47.516526 -68.381891, -47.521152 -68.378274, -47.525775 -68.374657, -47.530396 -68.371042, -47.535013 -68.367429, -47.539628 -68.363817, -47.544240 -68.360207, -47.548849 -68.356598, -47.553456 -68.352990, -47.558059 -68.349384, -47.562660 -68.345780, -47.567258 -68.342177, -47.571853 -68.338575, -47.576445 -68.334975, -47.581035 -68.331377, -47.585622 -68.327780, -47.590205 -68.324184, -47.594786 -68.320590, -47.599365 -68.316997, -47.603940 -68.313406, -47.608513 -68.309817, -47.613082 -68.306228, -47.617649 -68.302642, -47.622214 -68.299057, -47.626775 -68.295473, -47.631333 -68.291891, -47.635889 -68.288311, -47.640442 -68.284732, -47.644992 -68.281154, -47.649540 -68.277578, -47.654084 -68.274003, -47.658626 -68.270430, -47.663165 -68.266859, -47.667701 -68.263289, -47.672234 -68.259721, -47.676765 -68.256154, -47.681293 -68.252588, -47.685818 -68.249025, -47.690340 -68.245462, -47.694859 -68.241901, -47.699376 -68.238342, -47.703889 -68.234784, -47.708400 -68.231228, -47.712909 -68.227674, -47.717414 -68.224120, -47.721917 -68.220569, -47.726416 -68.217019, -47.730913 -68.213470, -47.735408 -68.209923, -47.739899 -68.206378, -47.744388 -68.202834, -47.748874 -68.199292, -47.753357 -68.195751, -47.757837 -68.192212, -47.762315 -68.188674, -47.766790 -68.185138, -47.771262 -68.181604, -47.775731 -68.178071, -47.780197 -68.174540, -47.784661 -68.171010, -47.789122 -68.167481, -47.793580 -68.163955, -47.798035 -68.160430, -47.802488 -68.156906, -47.806938 -68.153384, -47.811385 -68.149864, -47.815829 -68.146345, -47.820271 -68.142828, -47.824709 -68.139312, -47.829145 -68.135798, -47.833579 -68.132285, -47.838009 -68.128775, -47.842437 -68.125265, -47.846862 -68.121757, -47.851284 -68.118251, -47.855703 -68.114747, -47.860120 -68.111244, -47.864534 -68.107742, -47.868945 -68.104243, -47.873353 -68.100744, -47.877759 -68.097248, -47.882162 -68.093753, -47.886562 -68.090260, -47.890959 -68.086768, -47.895354 -68.083278, -47.899745 -68.079789, -47.904135 -68.076302, -47.908521 -68.072817, -47.912904 -68.069333, -47.917285 -68.065851, -47.921663 -68.062370, -47.926039 -68.058892, -47.930411 -68.055414, -47.934781 -68.051939, -47.939148 -68.048465, -47.943513 -68.044992, -47.947874 -68.041522, -47.952233 -68.038052, -47.956589 -68.034585, -47.960943 -68.031119, -47.965293 -68.027655, -47.969641 -68.024192, -47.973986 -68.020731, -47.978329 -68.017272, -47.982669 -68.013814, -47.987005 -68.010358, -47.991340 -68.006904, -47.995671 -68.003451, -48.000000 -68.000000, -48.004330 -67.996548, -48.008663 -67.993094, -48.013001 -67.989637, -48.017343 -67.986177, -48.021688 -67.982715, -48.026037 -67.979251, -48.030391 -67.975784, -48.034748 -67.972314, -48.039109 -67.968842, -48.043474 -67.965367, -48.047842 -67.961890, -48.052215 -67.958410, -48.056591 -67.954928, -48.060971 -67.951443, -48.065355 -67.947956, -48.069743 -67.944466, -48.074135 -67.940974, -48.078530 -67.937479, -48.082929 -67.933981, -48.087332 -67.930482, -48.091739 -67.926979, -48.096149 -67.923475, -48.100564 -67.919967, -48.104981 -67.916457, -48.109403 -67.912945, -48.113828 -67.909431, -48.118257 -67.905913, -48.122690 -67.902394, -48.127126 -67.898872, -48.131566 -67.895347, -48.136010 -67.891820, -48.140457 -67.888290, -48.144908 -67.884759, -48.149362 -67.881224, -48.153820 -67.877687, -48.158282 -67.874148, -48.162747 -67.870606, -48.167216 -67.867062, -48.171688 -67.863516, -48.176164 -67.859967, -48.180644 -67.856415, -48.185127 -67.852861, -48.189613 -67.849305, -48.194103 -67.845746, -48.198597 -67.842185, -48.203094 -67.838622, -48.207594 -67.835056, -48.212098 -67.831488, -48.216606 -67.827917, -48.221116 -67.824344, -48.225631 -67.820768, -48.230148 -67.817190, -48.234670 -67.813610, -48.239194 -67.810028, -48.243722 -67.806443, -48.248254 -67.802855, -48.252788 -67.799265, -48.257326 -67.795673, -48.261868 -67.792079, -48.266413 -67.788482, -48.270961 -67.784883, -48.275512 -67.781281, -48.280067 -67.777677, -48.284625 -67.774071, -48.289187 -67.770463, -48.293751 -67.766852, -48.298319 -67.763238, -48.302891 -67.759623, -48.307465 -67.756005, -48.312043 -67.752385, -48.316624 -67.748762, -48.321208 -67.745137, -48.325796 -67.741510, -48.330386 -67.737880, -48.334980 -67.734249, -48.339577 -67.730614, -48.344177 -67.726978, -48.348781 -67.723339, -48.353387 -67.719698, -48.357997 -67.716055, -48.362610 -67.712409, -48.367226 -67.708761, -48.371845 -67.705111, -48.376467 -67.701459, -48.381092 -67.697804, -48.385721 -67.694147, -48.390352 -67.690488, -48.394987 -67.686826, -48.399624 -67.683163, -48.404265 -67.679497, -48.408908 -67.675828, -48.413555 -67.672158, -48.418205 -67.668485, -48.422857 -67.664810, -48.427513 -67.661133, -48.432172 -67.657453, -48.436834 -67.653771, -48.441498 -67.650087, -48.446166 -67.646401, -48.450836 -67.642713, -48.455510 -67.639022, -48.460186 -67.635329, -48.464866 -67.631634, -48.469548 -67.627937, -48.474233 -67.624238, -48.478921 -67.620536, -48.483612 -67.616832, -48.488306 -67.613126, -48.493003 -67.609418, -48.497702 -67.605707, -48.502404 -67.601995, -48.507110 -67.598280, -48.511818 -67.594563, -48.516528 -67.590844, -48.521242 -67.587122, -48.525958 -67.583399, -48.530678 -67.579673, -48.535400 -67.575945, -48.540124 -67.572215, -48.544852 -67.568483, -48.549582 -67.564749, -48.554315 -67.561012, -48.559051 -67.557274, -48.563789 -67.553533, -48.568530 -67.549790, -48.573274 -67.546045, -48.578021 -67.542298, -48.582770 -67.538549, -48.587522 -67.534797, -48.592276 -67.531044, -48.597034 -67.527288, -48.601793 -67.523531, -48.606556 -67.519771, -48.611321 -67.516009, -48.616089 -67.512245, -48.620859 -67.508479, -48.625632 -67.504710, -48.630407 -67.500940, -48.635185 -67.497168, -48.639966 -67.493393, -48.644749 -67.489617, -48.649535 -67.485838, -48.654323 -67.482057, -48.659114 -67.478274, -48.663907 -67.474490, -48.668703 -67.470703, -48.673501 -67.466914, -48.678302 -67.463123, -48.683105 -67.459330, -48.687910 -67.455534, -48.692719 -67.451737, -48.697529 -67.447938, -48.702342 -67.444137, -48.707158 -67.440334, -48.711976 -67.436528, -48.716796 -67.432721, -48.721619 -67.428911, -48.726444 -67.425100, -48.731271 -67.421287, -48.736101 -67.417471, -48.740933 -67.413654, -48.745768 -67.409834, -48.750605 -67.406013, -48.755444 -67.402189, -48.760286 -67.398364, -48.765129 -67.394536, -48.769976 -67.390707, -48.774824 -67.386876, -48.779675 -67.383042, -48.784528 -67.379207, -48.789383 -67.375369, -48.794241 -67.371530, -48.799101 -67.367689, -48.803963 -67.363846, -48.808827 -67.360000, -48.813694 -67.356153, -48.818563 -67.352304, -48.823434 -67.348453, -48.828307 -67.344600, -48.833182 -67.340745, -48.838060 -67.336888, -48.842939 -67.333029, -48.847821 -67.329168, -48.852705 -67.325306, -48.857591 -67.321441, -48.862480 -67.317574, -48.867370 -67.313706, -48.872263 -67.309836, -48.877157 -67.305963, -48.882054 -67.302089, -48.886953 -67.298213, -48.891854 -67.294335, -48.896757 -67.290455, -48.901662 -67.286573, -48.906569 -67.282689, -48.911478 -67.278804, -48.916389 -67.274916, -48.921302 -67.271027, -48.926218 -67.267136, -48.931135 -67.263243, -48.936054 -67.259348, -48.940975 -67.255451, -48.945898 -67.251552, -48.950823 -67.247651, -48.955751 -67.243749, -48.960680 -67.239845, -48.965611 -67.235939, -48.970544 -67.232031, -48.975478 -67.228121, -48.980415 -67.224209, -48.985354 -67.220296, -48.990294 -67.216380, -48.995237 -67.212463, -49.000181 -67.208544, -49.005127 -67.204623, -49.010075 -67.200701, -49.015025 -67.196776, -49.019977 -67.192850, -49.024931 -67.188922, -49.029886 -67.184992, -49.034843 -67.181061, -49.039802 -67.177127, -49.044763 -67.173192, -49.049726 -67.169255, -49.054690 -67.165316, -49.059656 -67.161376, -49.064624 -67.157433, -49.069594 -67.153489, -49.074565 -67.149544, -49.079538 -67.145596, -49.084513 -67.141646, -49.089490 -67.137695, -49.094468 -67.133742, -49.099448 -67.129788, -49.104430 -67.125831, -49.109413 -67.121873, -49.114398 -67.117913, -49.119385 -67.113952, -49.124374 -67.109988, -49.129364 -67.106023, -49.134355 -67.102056, -49.139349 -67.098088, -49.144344 -67.094117, -49.149340 -67.090145, -49.154338 -67.086172, -49.159338 -67.082196, -49.164339 -67.078219, -49.169342 -67.074240, -49.174347 -67.070260, -49.179353 -67.066278, -49.184360 -67.062294, -49.189370 -67.058308, -49.194380 -67.054321, -49.199393 -67.050332, -49.204406 -67.046341, -49.209421 -67.042349, -49.214438 -67.038355, -49.219456 -67.034359, -49.224476 -67.030362, -49.229497 -67.026363, -49.234520 -67.022363, -49.239544 -67.018360, -49.244570 -67.014357, -49.249597 -67.010351, -49.254625 -67.006344, -49.259655 -67.002335, -49.264686 -66.998325, -49.269719 -66.994312, -49.274753 -66.990299, -49.279788 -66.986283, -49.284825 -66.982266, -49.289863 -66.978248, -49.294903 -66.974228, -49.299944 -66.970206, -49.304986 -66.966183, -49.310030 -66.962158, -49.315075 -66.958131, -49.320121 -66.954103, -49.325169 -66.950073, -49.330218 -66.946042, -49.335268 -66.942009, -49.340319 -66.937974, -49.345372 -66.933938, -49.350426 -66.929901, -49.355481 -66.925862, -49.360538 -66.921821, -49.365596 -66.917778, -49.370655 -66.913735, -49.375715 -66.909689, -49.380776 -66.905642, -49.385839 -66.901594, -49.390903 -66.897544, -49.395968 -66.893492, -49.401034 -66.889439, -49.406102 -66.885384, -49.411170 -66.881328, -49.416240 -66.877270, -49.421311 -66.873211, -49.426383 -66.869150, -49.431456 -66.865088, -49.436531 -66.861024, -49.441606 -66.856959, -49.446683 -66.852892, -49.451760 -66.848824, -49.456839 -66.844754, -49.461919 -66.840683, -49.467000 -66.836610, -49.472082 -66.832536, -49.477165 -66.828460, -49.482249 -66.824383, -49.487334 -66.820305, -49.492420 -66.816224, -49.497508 -66.812143, -49.502596 -66.808060, -49.507685 -66.803975, -49.512776 -66.799889, -49.517867 -66.795802, -49.522959 -66.791713, -49.528052 -66.787623, -49.533147 -66.783531, -49.538242 -66.779438, -49.543338 -66.775343, -49.548435 -66.771247, -49.553533 -66.767150, -49.558632 -66.763051, -49.563732 -66.758951, -49.568833 -66.754849, -49.573934 -66.750746, -49.579037 -66.746642, -49.584140 -66.742536, -49.589245 -66.738429, -49.594350 -66.734320, -49.599456 -66.730210, -49.604563 -66.726098, -49.609671 -66.721986, -49.614780 -66.717871, -49.619889 -66.713756, -49.625000 -66.709639, -49.630111 -66.705520, -49.635223 -66.701401, -49.640336 -66.697280, -49.645449 -66.693157, -49.650564 -66.689034, -49.655679 -66.684908, -49.660795 -66.680782, -49.665911 -66.676654, -49.671029 -66.672525, -49.676147 -66.668395, -49.681266 -66.664263, -49.686386 -66.660130, -49.691506 -66.655995, -49.696627 -66.651860, -49.701749 -66.647723, -49.706871 -66.643584, -49.711995 -66.639444, -49.717118 -66.635303, -49.722243 -66.631161, -49.727368 -66.627018, -49.732494 -66.622873, -49.737621 -66.618727, -49.742748 -66.614579, -49.747876 -66.610430, -49.753004 -66.606280, -49.758133 -66.602129, -49.763263 -66.597977, -49.768393 -66.593823, -49.773524 -66.589668, -49.778656 -66.585511, -49.783788 -66.581354, -49.788920 -66.577195, -49.794054 -66.573035, -49.799187 -66.568874, -49.804322 -66.564711, -49.809457 -66.560547, -49.814592 -66.556382, -49.819728 -66.552216, -49.824865 -66.548048, -49.830002 -66.543880, -49.835139 -66.539710, -49.840277 -66.535539, -49.845416 -66.531366, -49.850555 -66.527193, -49.855694 -66.523018, -49.860834 -66.518842, -49.865974 -66.514665, -49.871115 -66.510487, -49.876256 -66.506307, -49.881398 -66.502126, -49.886540 -66.497944, -49.891683 -66.493761, -49.896826 -66.489577, -49.901969 -66.485392, -49.907113 -66.481205, -49.912257 -66.477018, -49.917402 -66.472829, -49.922547 -66.468639, -49.927692 -66.464447, -49.932838 -66.460255, -49.937984 -66.456062, -49.943130 -66.451867, -49.948277 -66.447671, -49.953424 -66.443474, -49.958571 -66.439277, -49.963719 -66.435077, -49.968867 -66.430877, -49.974015 -66.426676, -49.979164 -66.422473, -49.984313 -66.418270, -49.989462 -66.414065, -49.994611 -66.409859, -49.999761 -66.405653, -50.004911 -66.401445, -50.010061 -66.397236, -50.015212 -66.393026, -50.020362 -66.388814, -50.025513 -66.384602, -50.030665 -66.380389, -50.035816 -66.376174, -50.040967 -66.371959, -50.046119 -66.367742, -50.051271 -66.363525, -50.056423 -66.359306, -50.061576 -66.355086, -50.066728 -66.350866, -50.071881 -66.346644, -50.077034 -66.342421, -50.082187 -66.338197, -50.087340 -66.333972, -50.092493 -66.329746, -50.097646 -66.325520, -50.102800 -66.321292, -50.107953 -66.317063, -50.113107 -66.312833, -50.118261 -66.308602, -50.123415 -66.304370, -50.128568 -66.300137, -50.133723 -66.295903, -50.138877 -66.291668, -50.144031 -66.287432, -50.149185 -66.283195, -50.154339 -66.278957, -50.159493 -66.274718, -50.164648 -66.270478, -50.169802 -66.266238, -50.174957 -66.261996, -50.180111 -66.257753, -50.185265 -66.253509, -50.190420 -66.249265, -50.195574 -66.245019, -50.200728 -66.240773, -50.205883 -66.236525, -50.211037 -66.232277, -50.216191 -66.228027, -50.221345 -66.223777, -50.226500 -66.219526, -50.231654 -66.215274, -50.236808 -66.211021, -50.241962 -66.206767, -50.247115 -66.202512, -50.252269 -66.198256, -50.257423 -66.193999, -50.262576 -66.189742, -50.267730 -66.185483, -50.272883 -66.181224, -50.278036 -66.176964, -50.283190 -66.172703, -50.288342 -66.168441, -50.293495 -66.164178, -50.298648 -66.159914, -50.303800 -66.155649, -50.308953 -66.151384, -50.314105 -66.147117, -50.319257 -66.142850, -50.324409 -66.138582, -50.329560 -66.134313, -50.334712 -66.130044, -50.339863 -66.125773, -50.345014 -66.121502, -50.350164 -66.117229, -50.355315 -66.112956, -50.360465 -66.108682, -50.365615 -66.104408, -50.370765 -66.100132, -50.375915 -66.095856, -50.381064 -66.091579, -50.386213 -66.087301, -50.391362 -66.083022, -50.396510 -66.078742, -50.401658 -66.074462, -50.406806 -66.070181, -50.411954 -66.065899, -50.417101 -66.061616, -50.422248 -66.057333, -50.427394 -66.053049, -50.432540 -66.048764, -50.437686 -66.044478, -50.442832 -66.040191, -50.447977 -66.035904, -50.453122 -66.031616, -50.458267 -66.027327, -50.463411 -66.023038, -50.468554 -66.018747, -50.473698 -66.014456, -50.478841 -66.010165, -50.483983 -66.005872, -50.489125 -66.001579, -50.494267 -65.997285, -50.499409 -65.992990, -50.504549 -65.988695, -50.509690 -65.984399, -50.514830 -65.980102, -50.519969 -65.975805, -50.525109 -65.971507, -50.530247 -65.967208, -50.535385 -65.962908, -50.540523 -65.958608, -50.545660 -65.954307, -50.550797 -65.950005, -50.555934 -65.945703, -50.561069 -65.941400, -50.566205 -65.937097, -50.571339 -65.932792, -50.576474 -65.928487, -50.581607 -65.924182, -50.586740 -65.919876, -50.591873 -65.915569, -50.597005 -65.911261, -50.602137 -65.906953, -50.607268 -65.902644, -50.612398 -65.898335, -50.617528 -65.894025, -50.622657 -65.889714, -50.627786 -65.885403, -50.632914 -65.881091, -50.638042 -65.876778, -50.643168 -65.872465, -50.648295 -65.868152, -50.653420 -65.863837, -50.658545 -65.859522, -50.663670 -65.855207, -50.668794 -65.850891, -50.673917 -65.846574, -50.679039 -65.842257, -50.684161 -65.837939, -50.689282 -65.833621, -50.694403 -65.829302, -50.699523 -65.824982, -50.704642 -65.820662, -50.709760 -65.816341, -50.714878 -65.812020, -50.719995 -65.807699, -50.725111 -65.803376, -50.730227 -65.799054, -50.735342 -65.794730, -50.740456 -65.790406, -50.745570 -65.786082, -50.750682 -65.781757, -50.755794 -65.777432, -50.760906 -65.773106, -50.766016 -65.768779, -50.771126 -65.764452, -50.776235 -65.760125, -50.781343 -65.755797, -50.786450 -65.751468, -50.791557 -65.747139, -50.796663 -65.742810, -50.801768 -65.738480, -50.806872 -65.734150, -50.811975 -65.729819, -50.817078 -65.725488, -50.822179 -65.721156, -50.827280 -65.716823, -50.832380 -65.712491, -50.837480 -65.708158, -50.842578 -65.703824, -50.847675 -65.699490, -50.852772 -65.695155, -50.857868 -65.690820, -50.862963 -65.686485, -50.868057 -65.682149, -50.873150 -65.677813, -50.878242 -65.673476, -50.883333 -65.669139, -50.888424 -65.664802, -50.893513 -65.660464, -50.898602 -65.656126, -50.903690 -65.651787, -50.908776 -65.647448, -50.913862 -65.643109, -50.918947 -65.638769, -50.924031 -65.634428, -50.929114 -65.630088, -50.934196 -65.625747, -50.939277 -65.621405, -50.944357 -65.617064, -50.949436 -65.612722, -50.954514 -65.608379, -50.959591 -65.604036, -50.964667 -65.599693, -50.969742 -65.595350, -50.974816 -65.591006, -50.979889 -65.586661, -50.984961 -65.582317, -50.990032 -65.577972, -50.995102 -65.573627, -51.000171 -65.569281, -51.005239 -65.564935, -51.010306 -65.560589, -51.015371 -65.556243, -51.020436 -65.551896, -51.025500 -65.547549, -51.030562 -65.543202, -51.035624 -65.538854, -51.040684 -65.534506, -51.045743 -65.530158, -51.050801 -65.525809, -51.055858 -65.521460, -51.060914 -65.517111, -51.065969 -65.512762, -51.071023 -65.508412, -51.076075 -65.504062, -51.081127 -65.499712, -51.086177 -65.495362, -51.091226 -65.491011, -51.096274 -65.486660, -51.101321 -65.482309, -51.106367 -65.477958, -51.111411 -65.473606, -51.116455 -65.469254, -51.121497 -65.464902, -51.126538 -65.460550, -51.131577 -65.456198, -51.136616 -65.451845, -51.141653 -65.447492, -51.146689 -65.443139, -51.151724 -65.438786, -51.156758 -65.434432, -51.161790 -65.430078, -51.166822 -65.425724, -51.171852 -65.421370, -51.176880 -65.417016, -51.181908 -65.412662, -51.186934 -65.408307, -51.191959 -65.403952, -51.196983 -65.399597, -51.202005 -65.395242, -51.207026 -65.390887, -51.212046 -65.386532, -51.217065 -65.382176, -51.222082 -65.377820, -51.227098 -65.373465, -51.232112 -65.369109, -51.237126 -65.364753, -51.242138 -65.360396, -51.247148 -65.356040, -51.252158 -65.351684, -51.257166 -65.347327, -51.262172 -65.342970, -51.267178 -65.338613, -51.272182 -65.334257, -51.277184 -65.329900, -51.282185 -65.325543, -51.287185 -65.321185, -51.292184 -65.316828, -51.297181 -65.312471, -51.302176 -65.308113, -51.307171 -65.303756, -51.312164 -65.299398, -51.317155 -65.295041, -51.322145 -65.290683, -51.327134 -65.286325, -51.332121 -65.281968, -51.337107 -65.277610, -51.342091 -65.273252, -51.347074 -65.268894, -51.352056 -65.264536, -51.357036 -65.260178, -51.362014 -65.255820, -51.366991 -65.251462, -51.371967 -65.247104, -51.376941 -65.242746, -51.381914 -65.238388, -51.386885 -65.234030, -51.391855 -65.229672, -51.396823 -65.225314, -51.401790 -65.220956, -51.406755 -65.216598, -51.411719 -65.212240, -51.416681 -65.207882, -51.421642 -65.203524, -51.426601 -65.199166, -51.431558 -65.194808, -51.436514 -65.190450, -51.441469 -65.186092, -51.446422 -65.181734, -51.451373 -65.177377, -51.456323 -65.173019, -51.461272 -65.168661, -51.466218 -65.164304, -51.471163 -65.159946, -51.476107 -65.155589, -51.481049 -65.151231, -51.485989 -65.146874, -51.490928 -65.142517, -51.495865 -65.138160, -51.500801 -65.133803, -51.505735 -65.129446, -51.510667 -65.125089, -51.515598 -65.120732, -51.520527 -65.116376, -51.525455 -65.112019, -51.530380 -65.107663, -51.535305 -65.103307, -51.540227 -65.098950, -51.545148 -65.094594, -51.550067 -65.090239, -51.554985 -65.085883, -51.559900 -65.081527, -51.564815 -65.077172, -51.569727 -65.072816, -51.574638 -65.068461, -51.579547 -65.064106, -51.584454 -65.059751, -51.589360 -65.055397, -51.594264 -65.051042, -51.599166 -65.046688, -51.604067 -65.042334, -51.608966 -65.037980, -51.613863 -65.033626, -51.618758 -65.029272, -51.623652 -65.024919, -51.628544 -65.020566, -51.633434 -65.016213, -51.638322 -65.011860, -51.643209 -65.007508, -51.648094 -65.003155, -51.652977 -64.998803, -51.657858 -64.994451, -51.662738 -64.990100, -51.667615 -64.985748, -51.672491 -64.981397, -51.677366 -64.977046, -51.682238 -64.972695, -51.687108 -64.968345, -51.691977 -64.963995, -51.696844 -64.959645, -51.701709 -64.955295, -51.706572 -64.950946, -51.711434 -64.946597, -51.716293 -64.942248, -51.721151 -64.937899, -51.726007 -64.933551, -51.730861 -64.929203, -51.735713 -64.924855, -51.740563 -64.920508, -51.745412 -64.916161, -51.750258 -64.911814, -51.755103 -64.907468, -51.759946 -64.903121, -51.764787 -64.898776, -51.769626 -64.894430, -51.774463 -64.890085, -51.779298 -64.885740, -51.784131 -64.881395, -51.788963 -64.877051, -51.793792 -64.872707, -51.798620 -64.868364, -51.803445 -64.864021, -51.808269 -64.859678, -51.813091 -64.855336, -51.817910 -64.850994, -51.822728 -64.846652, -51.827544 -64.842311, -51.832358 -64.837970, -51.837170 -64.833629, -51.841980 -64.829289, -51.846788 -64.824949, -51.851594 -64.820610, -51.856398 -64.816271, -51.861200 -64.811932, -51.866000 -64.807594, -51.870798 -64.803256, -51.875594 -64.798919, -51.880388 -64.794582, -51.885180 -64.790246, -51.889970 -64.785910, -51.894758 -64.781574, -51.899544 -64.777239, -51.904328 -64.772904, -51.909110 -64.768570, -51.913890 -64.764236, -51.918668 -64.759903, -51.923444 -64.755570, -51.928217 -64.751237, -51.932989 -64.746906, -51.937759 -64.742574, -51.942526 -64.738243, -51.947291 -64.733912, -51.952055 -64.729582, -51.956816 -64.725253, -51.961575 -64.720924, -51.966332 -64.716595, -51.971087 -64.712267, -51.975840 -64.707940, -51.980591 -64.703613, -51.985339 -64.699286, -51.990086 -64.694960, -51.994830 -64.690635, -51.999573 -64.686310, -52.004313 -64.681985, -52.009051 -64.677661, -52.013787 -64.673338, -52.018520 -64.669015, -52.023252 -64.664693, -52.027981 -64.660371, -52.032708 -64.656050, -52.037433 -64.651730, -52.042156 -64.647410, -52.046877 -64.643090, -52.051595 -64.638771, -52.056312 -64.634453, -52.061026 -64.630135, -52.065738 -64.625818, -52.070448 -64.621502, -52.075155 -64.617186, -52.079860 -64.612871, -52.084563 -64.608556, -52.089264 -64.604242, -52.093963 -64.599928, -52.098659 -64.595616, -52.103354 -64.591303, -52.108046 -64.586992, -52.112735 -64.582681, -52.117423 -64.578370, -52.122108 -64.574061, -52.126791 -64.569752, -52.131472 -64.565443, -52.136150 -64.561136, -52.140826 -64.556829, -52.145500 -64.552522, -52.150172 -64.548216, -52.154841 -64.543911, -52.159508 -64.539607, -52.164173 -64.535303, -52.168835 -64.531000, -52.173495 -64.526698, -52.178153 -64.522396, -52.182809 -64.518095, -52.187462 -64.513795, -52.192113 -64.509496, -52.196761 -64.505197, -52.201408 -64.500899, -52.206052 -64.496601, -52.210693 -64.492305, -52.215332 -64.488009, -52.219969 -64.483713, -52.224604 -64.479419, -52.229236 -64.475125, -52.233866 -64.470832, -52.238493 -64.466540, -52.243118 -64.462249, -52.247741 -64.457958, -52.252361 -64.453668, -52.256979 -64.449379, -52.261594 -64.445090, -52.266208 -64.440803, -52.270818 -64.436516, -52.275427 -64.432230, -52.280033 -64.427945, -52.284636 -64.423660, -52.289237 -64.419376, -52.293836 -64.415093, -52.298432 -64.410811, -52.303026 -64.406530, -52.307617 -64.402250, -52.312206 -64.397970, -52.316793 -64.393691, -52.321377 -64.389413, -52.325958 -64.385136, -52.330538 -64.380860, -52.335114 -64.376584, -52.339689 -64.372310, -52.344260 -64.368036, -52.348830 -64.363763, -52.353396 -64.359491, -52.357961 -64.355220, -52.362523 -64.350950, -52.367082 -64.346680, -52.371639 -64.342411, -52.376193 -64.338144, -52.380745 -64.333877, -52.385294 -64.329611, -52.389841 -64.325346, -52.394386 -64.321082, -52.398927 -64.316819, -52.403467 -64.312556, -52.408003 -64.308295, -52.412538 -64.304035, -52.417069 -64.299775, -52.421598 -64.295516, -52.426125 -64.291259, -52.430649 -64.287002, -52.435170 -64.282746, -52.439689 -64.278491, -52.444206 -64.274237, -52.448719 -64.269984, -52.453231 -64.265732, -52.457739 -64.261481, -52.462245 -64.257231, -52.466749 -64.252982, -52.471250 -64.248734, -52.475748 -64.244486, -52.480244 -64.240240, -52.484737 -64.235995, -52.489227 -64.231751, -52.493715 -64.227507, -52.498200 -64.223265, -52.502683 -64.219024, -52.507163 -64.214784, -52.511640 -64.210545, -52.516115 -64.206306, -52.520587 -64.202069, -52.525057 -64.197833, -52.529523 -64.193598, -52.533988 -64.189364, -52.538449 -64.185131, -52.542908 -64.180899, -52.547364 -64.176668, -52.551818 -64.172438, -52.556269 -64.168209, -52.560717 -64.163981, -52.565162 -64.159755, -52.569605 -64.155529, -52.574045 -64.151304, -52.578483 -64.147081, -52.582917 -64.142858, -52.587350 -64.138637, -52.591779 -64.134417, -52.596206 -64.130198, -52.600629 -64.125980, -52.605051 -64.121763, -52.609469 -64.117547, -52.613885 -64.113332, -52.618298 -64.109119, -52.622708 -64.104906, -52.627116 -64.100695, -52.631521 -64.096485, -52.635923 -64.092276, -52.640322 -64.088068, -52.644719 -64.083861, -52.649113 -64.079655, -52.653504 -64.075451, -52.657892 -64.071248, -52.662277 -64.067045, -52.666660 -64.062844, -52.671040 -64.058645, -52.675417 -64.054446, -52.679792 -64.050249, -52.684163 -64.046052, -52.688532 -64.041857, -52.692898 -64.037663, -52.697262 -64.033471, -52.701622 -64.029279, -52.705980 -64.025089, -52.710334 -64.020900, -52.714686 -64.016712, -52.719036 -64.012525, -52.723382 -64.008340, -52.727725 -64.004156, -52.732066 -63.999973, -52.736404 -63.995791, -52.740739 -63.991611, -52.745071 -63.987431, -52.749400 -63.983253, -52.753727 -63.979077, -52.758050 -63.974901, -52.762371 -63.970727, -52.766689 -63.966554, -52.771004 -63.962383, -52.775316 -63.958212, -52.779625 -63.954043, -52.783932 -63.949875, -52.788235 -63.945709, -52.792536 -63.941544, -52.796834 -63.937380, -52.801128 -63.933217, -52.805420 -63.929056, -52.809709 -63.924896, -52.813995 -63.920737, -52.818278 -63.916580, -52.822559 -63.912424, -52.826836 -63.908269, -52.831110 -63.904116, -52.835382 -63.899964, -52.839650 -63.895813, -52.843916 -63.891664, -52.848179 -63.887516, -52.852438 -63.883369, -52.856695 -63.879224, -52.860949 -63.875080, -52.865200 -63.870938, -52.869448 -63.866797, -52.873693 -63.862657, -52.877935 -63.858519, -52.882174 -63.854382, -52.886410 -63.850246, -52.890643 -63.846112, -52.894873 -63.841979, -52.899100 -63.837848, -52.903324 -63.833718, -52.907545 -63.829589, -52.911763 -63.825462, -52.915978 -63.821337, -52.920190 -63.817212, -52.924399 -63.813090, -52.928605 -63.808968, -52.932808 -63.804848, -52.937008 -63.800730, -52.941205 -63.796613, -52.945399 -63.792497, -52.949590 -63.788383, -52.953778 -63.784271, -52.957963 -63.780159, -52.962145 -63.776050, -52.966323 -63.771941, -52.970499 -63.767835, -52.974672 -63.763729, -52.978841 -63.759626, -52.983008 -63.755523, -52.987171 -63.751423, -52.991332 -63.747323, -52.995489 -63.743226, -52.999643 -63.739129, -53.003794 -63.735035, -53.007942 -63.730942, -53.012087 -63.726850, -53.016229 -63.722760, -53.020368 -63.718671, -53.024504 -63.714584, -53.028636 -63.710499, -53.032766 -63.706415, -53.036892 -63.702332, -53.041015 -63.698252, -53.045135 -63.694172, -53.049252 -63.690095, -53.053366 -63.686018, -53.057477 -63.681944, -53.061585 -63.677871, -53.065689 -63.673800, -53.069790 -63.669730, -53.073888 -63.665662, -53.077983 -63.661595, -53.082075 -63.657530, -53.086164 -63.653467, -53.090250 -63.649405, -53.094332 -63.645345, -53.098411 -63.641286, -53.102487 -63.637229, -53.106560 -63.633174, -53.110630 -63.629120, -53.114696 -63.625068, -53.118759 -63.621018, -53.122820 -63.616969, -53.126877 -63.612922, -53.130930 -63.608877, -53.134981 -63.604833, -53.139028 -63.600791, -53.143072 -63.596751, -53.147113 -63.592712, -53.151151 -63.588675, -53.155185 -63.584640, -53.159216 -63.580606, -53.163244 -63.576574, -53.167269 -63.572544, -53.171291 -63.568515, -53.175309 -63.564488, -53.179324 -63.560463, -53.183336 -63.556440, -53.187345 -63.552418, -53.191350 -63.548398, -53.195352 -63.544380, -53.199351 -63.540363, -53.203346 -63.536349, -53.207338 -63.532336, -53.211327 -63.528324, -53.215313 -63.524315, -53.219296 -63.520307, -53.223275 -63.516301, -53.227251 -63.512297, -53.231223 -63.508294, -53.235193 -63.504294, -53.239159 -63.500295, -53.243121 -63.496298, -53.247081 -63.492302, -53.251037 -63.488309, -53.254990 -63.484317, -53.258939 -63.480327, -53.262885 -63.476339, -53.266828 -63.472353, -53.270768 -63.468368, -53.274704 -63.464385, -53.278637 -63.460405, -53.282566 -63.456426, -53.286492 -63.452448, -53.290415 -63.448473, -53.294335 -63.444500, -53.298251 -63.440528, -53.302164 -63.436558, -53.306073 -63.432590, -53.309979 -63.428624, -53.313882 -63.424660, -53.317781 -63.420697, -53.321677 -63.416737, -53.325570 -63.412778, -53.329459 -63.408822, -53.333345 -63.404867, -53.337227 -63.400914, -53.341106 -63.396963, -53.344982 -63.393014, -53.348854 -63.389066, -53.352723 -63.385121, -53.356589 -63.381178, -53.360451 -63.377236, -53.364309 -63.373297, -53.368165 -63.369359, -53.372016 -63.365423, -53.375865 -63.361489, -53.379710 -63.357558, -53.383551 -63.353628, -53.387389 -63.349700, -53.391224 -63.345774, -53.395055 -63.341850, -53.398883 -63.337928, -53.402708 -63.334008, -53.406529 -63.330090, -53.410346 -63.326173, -53.414160 -63.322259, -53.417971 -63.318347, -53.421778 -63.314437, -53.425581 -63.310529, -53.429382 -63.306623, -53.433178 -63.302719, -53.436972 -63.298816, -53.440761 -63.294916, -53.444548 -63.291018, -53.448330 -63.287122, -53.452110 -63.283228, -53.455886 -63.279336, -53.459658 -63.275446, -53.463427 -63.271558, -53.467192 -63.267672, -53.470954 -63.263788, -53.474712 -63.259906, -53.478467 -63.256027, -53.482218 -63.252149, -53.485966 -63.248273, -53.489710 -63.244400, -53.493451 -63.240528, -53.497188 -63.236659, -53.500922 -63.232792, -53.504652 -63.228927, -53.508378 -63.225063, -53.512101 -63.221203, -53.515821 -63.217344, -53.519537 -63.213487, -53.523249 -63.209632, -53.526958 -63.205780, -53.530663 -63.201929, -53.534365 -63.198081, -53.538063 -63.194235, -53.541758 -63.190391, -53.545449 -63.186549, -53.549136 -63.182709, -53.552820 -63.178872, -53.556500 -63.175036, -53.560177 -63.171203, -53.563850 -63.167372, -53.567519 -63.163543, -53.571185 -63.159716, -53.574848 -63.155891, -53.578506 -63.152069, -53.582161 -63.148249, -53.585813 -63.144431, -53.589461 -63.140615, -53.593105 -63.136801, -53.596745 -63.132990, -53.600382 -63.129181, -53.604016 -63.125374, -53.607646 -63.121569, -53.611272 -63.117766, -53.614894 -63.113966, -53.618513 -63.110168, -53.622128 -63.106372, -53.625740 -63.102578, -53.629347 -63.098787, -53.632952 -63.094998, -53.636552 -63.091211, -53.640149 -63.087426, -53.643742 -63.083644, -53.647332 -63.079864, -53.650918 -63.076086, -53.654500 -63.072311, -53.658079 -63.068537, -53.661654 -63.064767, -53.665225 -63.060998, -53.668792 -63.057231, -53.672356 -63.053467, -53.675916 -63.049706, -53.679473 -63.045946, -53.683025 -63.042189, -53.686574 -63.038434, -53.690120 -63.034682, -53.693661 -63.030932, -53.697199 -63.027184, -53.700733 -63.023438, -53.704264 -63.019695, -53.707791 -63.015954, -53.711314 -63.012216, -53.714833 -63.008480, -53.718348 -63.004746, -53.721860 -63.001015, -53.725368 -62.997286, -53.728873 -62.993559, -53.732373 -62.989835, -53.735870 -62.986113, -53.739363 -62.982393, -53.742853 -62.978676, -53.746338 -62.974961, -53.749820 -62.971249, -53.753298 -62.967539, -53.756772 -62.963832, -53.760243 -62.960127, -53.763710 -62.956424, -53.767173 -62.952724, -53.770632 -62.949026, -53.774087 -62.945331, -53.777539 -62.941638, -53.780986 -62.937947, -53.784431 -62.934259, -53.787871 -62.930573, -53.791307 -62.926890, -53.794740 -62.923210, -53.798169 -62.919531, -53.801594 -62.915856, -53.805015 -62.912182, -53.808432 -62.908512, -53.811846 -62.904843, -53.815255 -62.901177, -53.818661 -62.897514, -53.822063 -62.893853, -53.825462 -62.890195, -53.828856 -62.886539, -53.832247 -62.882886, -53.835633 -62.879235, -53.839016 -62.875587, -53.842395 -62.871941, -53.845770 -62.868298, -53.849142 -62.864657, -53.852509 -62.861019, -53.855873 -62.857383, -53.859233 -62.853750, -53.862588 -62.850119, -53.865940 -62.846491, -53.869289 -62.842866, -53.872633 -62.839243, -53.875973 -62.835623, -53.879310 -62.832005, -53.882642 -62.828390, -53.885971 -62.824777, -53.889296 -62.821167, -53.892617 -62.817560, -53.895934 -62.813955, -53.899247 -62.810353, -53.902556 -62.806753, -53.905861 -62.803156, -53.909163 -62.799562, -53.912460 -62.795970, -53.915754 -62.792381, -53.919043 -62.788795, -53.922329 -62.785211, -53.925611 -62.781630, -53.928889 -62.778051, -53.932162 -62.774475, -53.935432 -62.770902, -53.938698 -62.767331, -53.941961 -62.763763, -53.945219 -62.760198, -53.948473 -62.756635, -53.951723 -62.753075, -53.954969 -62.749518, -53.958212 -62.745964, -53.961450 -62.742412, -53.964684 -62.738862, -53.967915 -62.735316, -53.971141 -62.731772, -53.974364 -62.728231, -53.977582 -62.724693, -53.980797 -62.721157, -53.984007 -62.717624, -53.987214 -62.714094, -53.990416 -62.710566, -53.993615 -62.707041, -53.996809 -62.703519, -54.000000 -62.700000), (-54.000000 -62.700000, -54.000630 -62.699149, -54.001259 -62.698297, -54.001889 -62.697446, -54.002519 -62.696595, -54.003148 -62.695744, -54.003778 -62.694892, -54.004407 -62.694041, -54.005037 -62.693190, -54.005666 -62.692338, -54.006295 -62.691487, -54.006925 -62.690636, -54.007554 -62.689785, -54.008183 -62.688933, -54.008813 -62.688082, -54.009442 -62.687231, -54.010071 -62.686379, -54.010700 -62.685528, -54.011329 -62.684677, -54.011958 -62.683825, -54.012587 -62.682974, -54.013216 -62.682123, -54.013845 -62.681271, -54.014474 -62.680420, -54.015103 -62.679569, -54.015732 -62.678717, -54.016361 -62.677866, -54.016989 -62.677015, -54.017618 -62.676163, -54.018247 -62.675312, -54.018876 -62.674461, -54.019504 -62.673609, -54.020133 -62.672758, -54.020761 -62.671906, -54.021390 -62.671055, -54.022018 -62.670204, -54.022647 -62.669352, -54.023275 -62.668501, -54.023903 -62.667650, -54.024532 -62.666798, -54.025160 -62.665947, -54.025788 -62.665095, -54.026417 -62.664244, -54.027045 -62.663393, -54.027673 -62.662541, -54.028301 -62.661690, -54.028929 -62.660838, -54.029557 -62.659987, -54.030185 -62.659136, -54.030813 -62.658284, -54.031441 -62.657433, -54.032069 -62.656581, -54.032697 -62.655730, -54.033325 -62.654879, -54.033952 -62.654027, -54.034580 -62.653176, -54.035208 -62.652324, -54.035836 -62.651473, -54.036463 -62.650621, -54.037091 -62.649770, -54.037718 -62.648919, -54.038346 -62.648067, -54.038974 -62.647216, -54.039601 -62.646364, -54.040228 -62.645513, -54.040856 -62.644661, -54.041483 -62.643810, -54.042111 -62.642958, -54.042738 -62.642107, -54.043365 -62.641255, -54.043992 -62.640404, -54.044619 -62.639553, -54.045247 -62.638701, -54.045874 -62.637850, -54.046501 -62.636998, -54.047128 -62.636147, -54.047755 -62.635295, -54.048382 -62.634444, -54.049009 -62.633592, -54.049636 -62.632741, -54.050262 -62.631889, -54.050889 -62.631038, -54.051516 -62.630186, -54.052143 -62.629335, -54.052769 -62.628483, -54.053396 -62.627632, -54.054023 -62.626780, -54.054649 -62.625929, -54.055276 -62.625077, -54.055903 -62.624226, -54.056529 -62.623374, -54.057155 -62.622523, -54.057782 -62.621671, -54.058408 -62.620819, -54.059035 -62.619968, -54.059661 -62.619116, -54.060287 -62.618265, -54.060913 -62.617413, -54.061540 -62.616562, -54.062166 -62.615710, -54.062792 -62.614859, -54.063418 -62.614007, -54.064044 -62.613156, -54.064670 -62.612304, -54.065296 -62.611452, -54.065922 -62.610601, -54.066548 -62.609749, -54.067174 -62.608898, -54.067800 -62.608046, -54.068426 -62.607195, -54.069051 -62.606343, -54.069677 -62.605491, -54.070303 -62.604640, -54.070928 -62.603788, -54.071554 -62.602937, -54.072180 -62.602085, -54.072805 -62.601233, -54.073431 -62.600382, -54.074056 -62.599530, -54.074682 -62.598679, -54.075307 -62.597827, -54.075933 -62.596975, -54.076558 -62.596124, -54.077183 -62.595272, -54.077808 -62.594421, -54.078434 -62.593569, -54.079059 -62.592717, -54.079684 -62.591866, -54.080309 -62.591014, -54.080934 -62.590162, -54.081559 -62.589311, -54.082184 -62.588459, -54.082809 -62.587608, -54.083434 -62.586756, -54.084059 -62.585904, -54.084684 -62.585053, -54.085309 -62.584201, -54.085934 -62.583349, -54.086559 -62.582498, -54.087183 -62.581646, -54.087808 -62.580794, -54.088433 -62.579943, -54.089057 -62.579091, -54.089682 -62.578239, -54.090306 -62.577388, -54.090931 -62.576536, -54.091555 -62.575684, -54.092180 -62.574833, -54.092804 -62.573981, -54.093429 -62.573129, -54.094053 -62.572278, -54.094677 -62.571426, -54.095302 -62.570574, -54.095926 -62.569722, -54.096550 -62.568871, -54.097174 -62.568019, -54.097798 -62.567167, -54.098422 -62.566316, -54.099046 -62.565464, -54.099671 -62.564612, -54.100295 -62.563760, -54.100918 -62.562909, -54.101542 -62.562057, -54.102166 -62.561205, -54.102790 -62.560354, -54.103414 -62.559502, -54.104038 -62.558650, -54.104661 -62.557798, -54.105285 -62.556947, -54.105909 -62.556095, -54.106532 -62.555243, -54.107156 -62.554391, -54.107780 -62.553540, -54.108403 -62.552688, -54.109027 -62.551836, -54.109650 -62.550984, -54.110273 -62.550133, -54.110897 -62.549281, -54.111520 -62.548429, -54.112143 -62.547577, -54.112767 -62.546725, -54.113390 -62.545874, -54.114013 -62.545022, -54.114636 -62.544170, -54.115259 -62.543318, -54.115883 -62.542467, -54.116506 -62.541615, -54.117129 -62.540763, -54.117752 -62.539911, -54.118375 -62.539059, -54.118997 -62.538208, -54.119620 -62.537356, -54.120243 -62.536504, -54.120866 -62.535652, -54.121489 -62.534800, -54.122112 -62.533949, -54.122734 -62.533097, -54.123357 -62.532245, -54.123980 -62.531393, -54.124602 -62.530541, -54.125225 -62.529689, -54.125847 -62.528838, -54.126470 -62.527986, -54.127092 -62.527134, -54.127715 -62.526282, -54.128337 -62.525430, -54.128959 -62.524578, -54.129582 -62.523727, -54.130204 -62.522875, -54.130826 -62.522023, -54.131448 -62.521171, -54.132070 -62.520319, -54.132693 -62.519467, -54.133315 -62.518615, -54.133937 -62.517763, -54.134559 -62.516912, -54.135181 -62.516060, -54.135803 -62.515208, -54.136425 -62.514356, -54.137047 -62.513504, -54.137668 -62.512652, -54.138290 -62.511800, -54.138912 -62.510948, -54.139534 -62.510097, -54.140155 -62.509245, -54.140777 -62.508393, -54.141399 -62.507541, -54.142020 -62.506689, -54.142642 -62.505837, -54.143263 -62.504985, -54.143885 -62.504133, -54.144506 -62.503281, -54.145128 -62.502429, -54.145749 -62.501577, -54.146371 -62.500726, -54.146992 -62.499874, -54.147613 -62.499022, -54.148234 -62.498170, -54.148856 -62.497318, -54.149477 -62.496466, -54.150098 -62.495614, -54.150719 -62.494762, -54.151340 -62.493910, -54.151961 -62.493058, -54.152582 -62.492206, -54.153203 -62.491354, -54.153824 -62.490502, -54.154445 -62.489650, -54.155066 -62.488798, -54.155687 -62.487946, -54.156307 -62.487094, -54.156928 -62.486242, -54.157549 -62.485390, -54.158169 -62.484538, -54.158790 -62.483686, -54.159411 -62.482834, -54.160031 -62.481982, -54.160652 -62.481131, -54.161272 -62.480279, -54.161893 -62.479427, -54.162513 -62.478575, -54.163134 -62.477723, -54.163754 -62.476871, -54.164374 -62.476019, -54.164995 -62.475167, -54.165615 -62.474315, -54.166235 -62.473462, -54.166855 -62.472610, -54.167475 -62.471758, -54.168095 -62.470906, -54.168716 -62.470054, -54.169336 -62.469202, -54.169956 -62.468350, -54.170576 -62.467498, -54.171195 -62.466646, -54.171815 -62.465794, -54.172435 -62.464942, -54.173055 -62.464090, -54.173675 -62.463238, -54.174295 -62.462386, -54.174914 -62.461534, -54.175534 -62.460682, -54.176154 -62.459830, -54.176773 -62.458978, -54.177393 -62.458126, -54.178012 -62.457274, -54.178632 -62.456422, -54.179251 -62.455570, -54.179871 -62.454718, -54.180490 -62.453865, -54.181110 -62.453013, -54.181729 -62.452161, -54.182348 -62.451309, -54.182967 -62.450457, -54.183587 -62.449605, -54.184206 -62.448753, -54.184825 -62.447901, -54.185444 -62.447049, -54.186063 -62.446197, -54.186682 -62.445345, -54.187301 -62.444492, -54.187920 -62.443640, -54.188539 -62.442788, -54.189158 -62.441936, -54.189777 -62.441084, -54.190396 -62.440232, -54.191015 -62.439380, -54.191633 -62.438528, -54.192252 -62.437675, -54.192871 -62.436823, -54.193490 -62.435971, -54.194108 -62.435119, -54.194727 -62.434267, -54.195345 -62.433415, -54.195964 -62.432563, -54.196582 -62.431711, -54.197201 -62.430858, -54.197819 -62.430006, -54.198438 -62.429154, -54.199056 -62.428302, -54.199674 -62.427450, -54.200292 -62.426598, -54.200911 -62.425745, -54.201529 -62.424893, -54.202147 -62.424041, -54.202765 -62.423189, -54.203383 -62.422337, -54.204001 -62.421485, -54.204619 -62.420632, -54.205237 -62.419780, -54.205855 -62.418928, -54.206473 -62.418076, -54.207091 -62.417224, -54.207709 -62.416371, -54.208327 -62.415519, -54.208945 -62.414667, -54.209562 -62.413815, -54.210180 -62.412963, -54.210798 -62.412110, -54.211415 -62.411258, -54.212033 -62.410406, -54.212651 -62.409554, -54.213268 -62.408702, -54.213886 -62.407849, -54.214503 -62.406997, -54.215121 -62.406145, -54.215738 -62.405293, -54.216355 -62.404440, -54.216973 -62.403588, -54.217590 -62.402736, -54.218207 -62.401884, -54.218824 -62.401031, -54.219442 -62.400179, -54.220059 -62.399327, -54.220676 -62.398475, -54.221293 -62.397622, -54.221910 -62.396770, -54.222527 -62.395918, -54.223144 -62.395066, -54.223761 -62.394213, -54.224378 -62.393361, -54.224995 -62.392509, -54.225611 -62.391657, -54.226228 -62.390804, -54.226845 -62.389952, -54.227462 -62.389100, -54.228078 -62.388247, -54.228695 -62.387395, -54.229312 -62.386543, -54.229928 -62.385691, -54.230545 -62.384838, -54.231161 -62.383986, -54.231778 -62.383134, -54.232394 -62.382281, -54.233011 -62.381429, -54.233627 -62.380577, -54.234243 -62.379724, -54.234860 -62.378872, -54.235476 -62.378020, -54.236092 -62.377167, -54.236708 -62.376315, -54.237325 -62.375463, -54.237941 -62.374610, -54.238557 -62.373758, -54.239173 -62.372906, -54.239789 -62.372053, -54.240405 -62.371201, -54.241021 -62.370349, -54.241637 -62.369496, -54.242253 -62.368644, -54.242869 -62.367792, -54.243484 -62.366939, -54.244100 -62.366087, -54.244716 -62.365235, -54.245332 -62.364382, -54.245947 -62.363530, -54.246563 -62.362678, -54.247179 -62.361825, -54.247794 -62.360973, -54.248410 -62.360120, -54.249025 -62.359268, -54.249641 -62.358416, -54.250256 -62.357563, -54.250871 -62.356711, -54.251487 -62.355859, -54.252102 -62.355006, -54.252717 -62.354154, -54.253333 -62.353301, -54.253948 -62.352449, -54.254563 -62.351597, -54.255178 -62.350744, -54.255793 -62.349892, -54.256408 -62.349039, -54.257023 -62.348187, -54.257638 -62.347334, -54.258253 -62.346482, -54.258868 -62.345630, -54.259483 -62.344777, -54.260098 -62.343925, -54.260713 -62.343072, -54.261328 -62.342220, -54.261943 -62.341367, -54.262557 -62.340515, -54.263172 -62.339663, -54.263787 -62.338810, -54.264401 -62.337958, -54.265016 -62.337105, -54.265630 -62.336253, -54.266245 -62.335400, -54.266859 -62.334548, -54.267474 -62.333695, -54.268088 -62.332843, -54.268703 -62.331990, -54.269317 -62.331138, -54.269931 -62.330286, -54.270546 -62.329433, -54.271160 -62.328581, -54.271774 -62.327728, -54.272388 -62.326876, -54.273002 -62.326023, -54.273617 -62.325171, -54.274231 -62.324318, -54.274845 -62.323466, -54.275459 -62.322613, -54.276073 -62.321761, -54.276687 -62.320908, -54.277300 -62.320056, -54.277914 -62.319203, -54.278528 -62.318351, -54.279142 -62.317498, -54.279756 -62.316646, -54.280369 -62.315793, -54.280983 -62.314941, -54.281597 -62.314088, -54.282210 -62.313236, -54.282824 -62.312383, -54.283438 -62.311531, -54.284051 -62.310678, -54.284665 -62.309825, -54.285278 -62.308973, -54.285891 -62.308120, -54.286505 -62.307268, -54.287118 -62.306415, -54.287731 -62.305563, -54.288345 -62.304710, -54.288958 -62.303858, -54.289571 -62.303005, -54.290184 -62.302152, -54.290797 -62.301300, -54.291410 -62.300447, -54.292024 -62.299595, -54.292637 -62.298742, -54.293250 -62.297890, -54.293863 -62.297037, -54.294475 -62.296184, -54.295088 -62.295332, -54.295701 -62.294479, -54.296314 -62.293627, -54.296927 -62.292774, -54.297540 -62.291922, -54.298152 -62.291069, -54.298765 -62.290216, -54.299378 -62.289364, -54.299990 -62.288511, -54.300603 -62.287659, -54.301215 -62.286806, -54.301828 -62.285953, -54.302440 -62.285101, -54.303053 -62.284248, -54.303665 -62.283395, -54.304277 -62.282543, -54.304890 -62.281690, -54.305502 -62.280838, -54.306114 -62.279985, -54.306727 -62.279132, -54.307339 -62.278280, -54.307951 -62.277427, -54.308563 -62.276574, -54.309175 -62.275722, -54.309787 -62.274869, -54.310399 -62.274016, -54.311011 -62.273164, -54.311623 -62.272311, -54.312235 -62.271459, -54.312847 -62.270606, -54.313459 -62.269753, -54.314071 -62.268901, -54.314682 -62.268048, -54.315294 -62.267195, -54.315906 -62.266343, -54.316518 -62.265490, -54.317129 -62.264637, -54.317741 -62.263784, -54.318352 -62.262932, -54.318964 -62.262079, -54.319575 -62.261226, -54.320187 -62.260374, -54.320798 -62.259521, -54.321410 -62.258668, -54.322021 -62.257816, -54.322632 -62.256963, -54.323244 -62.256110, -54.323855 -62.255258, -54.324466 -62.254405, -54.325077 -62.253552, -54.325689 -62.252699, -54.326300 -62.251847, -54.326911 -62.250994, -54.327522 -62.250141, -54.328133 -62.249288, -54.328744 -62.248436, -54.329355 -62.247583, -54.329966 -62.246730, -54.330576 -62.245878, -54.331187 -62.245025, -54.331798 -62.244172, -54.332409 -62.243319, -54.333020 -62.242467, -54.333630 -62.241614, -54.334241 -62.240761, -54.334852 -62.239908, -54.335462 -62.239056, -54.336073 -62.238203, -54.336683 -62.237350, -54.337294 -62.236497, -54.337904 -62.235644, -54.338515 -62.234792, -54.339125 -62.233939, -54.339736 -62.233086, -54.340346 -62.232233, -54.340956 -62.231381, -54.341566 -62.230528, -54.342177 -62.229675, -54.342787 -62.228822, -54.343397 -62.227969, -54.344007 -62.227117, -54.344617 -62.226264, -54.345227 -62.225411, -54.345837 -62.224558, -54.346447 -62.223705, -54.347057 -62.222853, -54.347667 -62.222000, -54.348277 -62.221147, -54.348887 -62.220294, -54.349497 -62.219441, -54.350106 -62.218589, -54.350716 -62.217736, -54.351326 -62.216883, -54.351935 -62.216030, -54.352545 -62.215177, -54.353155 -62.214324, -54.353764 -62.213472, -54.354374 -62.212619, -54.354983 -62.211766, -54.355593 -62.210913, -54.356202 -62.210060, -54.356812 -62.209207, -54.357421 -62.208354, -54.358030 -62.207502, -54.358640 -62.206649, -54.359249 -62.205796, -54.359858 -62.204943, -54.360467 -62.204090, -54.361076 -62.203237, -54.361686 -62.202384, -54.362295 -62.201531, -54.362904 -62.200679, -54.363513 -62.199826, -54.364122 -62.198973, -54.364731 -62.198120, -54.365340 -62.197267, -54.365948 -62.196414, -54.366557 -62.195561, -54.367166 -62.194708, -54.367775 -62.193855, -54.368384 -62.193003, -54.368992 -62.192150, -54.369601 -62.191297, -54.370210 -62.190444, -54.370818 -62.189591, -54.371427 -62.188738, -54.372035 -62.187885, -54.372644 -62.187032, -54.373252 -62.186179, -54.373861 -62.185326, -54.374469 -62.184473, -54.375077 -62.183620, -54.375686 -62.182768, -54.376294 -62.181915, -54.376902 -62.181062, -54.377511 -62.180209, -54.378119 -62.179356, -54.378727 -62.178503, -54.379335 -62.177650, -54.379943 -62.176797, -54.380551 -62.175944, -54.381159 -62.175091, -54.381767 -62.174238, -54.382375 -62.173385, -54.382983 -62.172532, -54.383591 -62.171679, -54.384199 -62.170826, -54.384807 -62.169973, -54.385414 -62.169120, -54.386022 -62.168267, -54.386630 -62.167414, -54.387238 -62.166561, -54.387845 -62.165708, -54.388453 -62.164855, -54.389060 -62.164002, -54.389668 -62.163149, -54.390275 -62.162296, -54.390883 -62.161443, -54.391490 -62.160590, -54.392098 -62.159737, -54.392705 -62.158884, -54.393312 -62.158031, -54.393920 -62.157178, -54.394527 -62.156325, -54.395134 -62.155472, -54.395741 -62.154619, -54.396349 -62.153766, -54.396956 -62.152913, -54.397563 -62.152060, -54.398170 -62.151207, -54.398777 -62.150354, -54.399384 -62.149501, -54.399991 -62.148648, -54.400598 -62.147795, -54.401205 -62.146942, -54.401812 -62.146089, -54.402418 -62.145236, -54.403025 -62.144383, -54.403632 -62.143530, -54.404239 -62.142677, -54.404845 -62.141823, -54.405452 -62.140970, -54.406059 -62.140117, -54.406665 -62.139264, -54.407272 -62.138411, -54.407878 -62.137558, -54.408485 -62.136705, -54.409091 -62.135852, -54.409698 -62.134999, -54.410304 -62.134146, -54.410910 -62.133293, -54.411517 -62.132440, -54.412123 -62.131586, -54.412729 -62.130733, -54.413335 -62.129880, -54.413942 -62.129027, -54.414548 -62.128174, -54.415154 -62.127321, -54.415760 -62.126468, -54.416366 -62.125615, -54.416972 -62.124762, -54.417578 -62.123909, -54.418184 -62.123055, -54.418790 -62.122202, -54.419396 -62.121349, -54.420001 -62.120496, -54.420607 -62.119643, -54.421213 -62.118790, -54.421819 -62.117937, -54.422424 -62.117083, -54.423030 -62.116230, -54.423636 -62.115377, -54.424241 -62.114524, -54.424847 -62.113671, -54.425452 -62.112818, -54.426058 -62.111965, -54.426663 -62.111111, -54.427269 -62.110258, -54.427874 -62.109405, -54.428479 -62.108552, -54.429085 -62.107699, -54.429690 -62.106846, -54.430295 -62.105992, -54.430901 -62.105139, -54.431506 -62.104286, -54.432111 -62.103433, -54.432716 -62.102580, -54.433321 -62.101726, -54.433926 -62.100873, -54.434531 -62.100020, -54.435136 -62.099167, -54.435741 -62.098314, -54.436346 -62.097461, -54.436951 -62.096607, -54.437556 -62.095754, -54.438160 -62.094901, -54.438765 -62.094048, -54.439370 -62.093194, -54.439975 -62.092341, -54.440579 -62.091488, -54.441184 -62.090635, -54.441789 -62.089782, -54.442393 -62.088928, -54.442998 -62.088075, -54.443602 -62.087222, -54.444207 -62.086369, -54.444811 -62.085515, -54.445416 -62.084662, -54.446020 -62.083809, -54.446624 -62.082956, -54.447229 -62.082102, -54.447833 -62.081249, -54.448437 -62.080396, -54.449041 -62.079543, -54.449645 -62.078689, -54.450250 -62.077836, -54.450854 -62.076983, -54.451458 -62.076130, -54.452062 -62.075276, -54.452666 -62.074423, -54.453270 -62.073570, -54.453874 -62.072717, -54.454478 -62.071863, -54.455081 -62.071010, -54.455685 -62.070157, -54.456289 -62.069303, -54.456893 -62.068450, -54.457496 -62.067597, -54.458100 -62.066744, -54.458704 -62.065890, -54.459307 -62.065037, -54.459911 -62.064184, -54.460515 -62.063330, -54.461118 -62.062477, -54.461722 -62.061624, -54.462325 -62.060770, -54.462928 -62.059917, -54.463532 -62.059064, -54.464135 -62.058210, -54.464739 -62.057357, -54.465342 -62.056504, -54.465945 -62.055650, -54.466548 -62.054797, -54.467151 -62.053944, -54.467755 -62.053090, -54.468358 -62.052237, -54.468961 -62.051384, -54.469564 -62.050530, -54.470167 -62.049677, -54.470770 -62.048824, -54.471373 -62.047970, -54.471976 -62.047117, -54.472579 -62.046264, -54.473181 -62.045410, -54.473784 -62.044557, -54.474387 -62.043704, -54.474990 -62.042850, -54.475592 -62.041997, -54.476195 -62.041143, -54.476798 -62.040290, -54.477400 -62.039437, -54.478003 -62.038583, -54.478605 -62.037730, -54.479208 -62.036876, -54.479810 -62.036023, -54.480413 -62.035170, -54.481015 -62.034316, -54.481618 -62.033463, -54.482220 -62.032610, -54.482822 -62.031756, -54.483425 -62.030903, -54.484027 -62.030049, -54.484629 -62.029196, -54.485231 -62.028342, -54.485833 -62.027489, -54.486435 -62.026636, -54.487037 -62.025782, -54.487639 -62.024929, -54.488241 -62.024075, -54.488843 -62.023222, -54.489445 -62.022368, -54.490047 -62.021515, -54.490649 -62.020662, -54.491251 -62.019808, -54.491853 -62.018955, -54.492454 -62.018101, -54.493056 -62.017248, -54.493658 -62.016394, -54.494260 -62.015541, -54.494861 -62.014687, -54.495463 -62.013834, -54.496064 -62.012981, -54.496666 -62.012127, -54.497267 -62.011274, -54.497869 -62.010420, -54.498470 -62.009567, -54.499072 -62.008713, -54.499673 -62.007860, -54.500274 -62.007006, -54.500876 -62.006153, -54.501477 -62.005299, -54.502078 -62.004446, -54.502679 -62.003592, -54.503280 -62.002739, -54.503882 -62.001885, -54.504483 -62.001032, -54.505084 -62.000178, -54.505685 -61.999325, -54.506286 -61.998471, -54.506887 -61.997618, -54.507488 -61.996764, -54.508088 -61.995911, -54.508689 -61.995057, -54.509290 -61.994204, -54.509891 -61.993350, -54.510492 -61.992497, -54.511092 -61.991643, -54.511693 -61.990790, -54.512294 -61.989936, -54.512894 -61.989083, -54.513495 -61.988229, -54.514095 -61.987375, -54.514696 -61.986522, -54.515296 -61.985668, -54.515897 -61.984815, -54.516497 -61.983961, -54.517098 -61.983108, -54.517698 -61.982254, -54.518298 -61.981401, -54.518899 -61.980547, -54.519499 -61.979694, -54.520099 -61.978840, -54.520699 -61.977986, -54.521299 -61.977133, -54.521900 -61.976279, -54.522500 -61.975426, -54.523100 -61.974572, -54.523700 -61.973718, -54.524300 -61.972865, -54.524900 -61.972011, -54.525499 -61.971158, -54.526099 -61.970304, -54.526699 -61.969451, -54.527299 -61.968597, -54.527899 -61.967743, -54.528499 -61.966890, -54.529098 -61.966036, -54.529698 -61.965183, -54.530298 -61.964329, -54.530897 -61.963475, -54.531497 -61.962622, -54.532096 -61.961768, -54.532696 -61.960914, -54.533295 -61.960061, -54.533895 -61.959207, -54.534494 -61.958354, -54.535093 -61.957500, -54.535693 -61.956646, -54.536292 -61.955793, -54.536891 -61.954939, -54.537491 -61.954085, -54.538090 -61.953232, -54.538689 -61.952378, -54.539288 -61.951524, -54.539887 -61.950671, -54.540486 -61.949817, -54.541085 -61.948963, -54.541684 -61.948110, -54.542283 -61.947256, -54.542882 -61.946403, -54.543481 -61.945549, -54.544080 -61.944695, -54.544679 -61.943841, -54.545278 -61.942988, -54.545876 -61.942134, -54.546475 -61.941280, -54.547074 -61.940427, -54.547673 -61.939573, -54.548271 -61.938719, -54.548870 -61.937866, -54.549468 -61.937012, -54.550067 -61.936158, -54.550665 -61.935305, -54.551264 -61.934451, -54.551862 -61.933597, -54.552461 -61.932744, -54.553059 -61.931890, -54.553657 -61.931036, -54.554256 -61.930182, -54.554854 -61.929329, -54.555452 -61.928475, -54.556050 -61.927621, -54.556649 -61.926767, -54.557247 -61.925914, -54.557845 -61.925060, -54.558443 -61.924206, -54.559041 -61.923353, -54.559639 -61.922499, -54.560237 -61.921645, -54.560835 -61.920791, -54.561433 -61.919938, -54.562031 -61.919084, -54.562628 -61.918230, -54.563226 -61.917376, -54.563824 -61.916523, -54.564422 -61.915669, -54.565019 -61.914815, -54.565617 -61.913961, -54.566215 -61.913108, -54.566812 -61.912254, -54.567410 -61.911400, -54.568007 -61.910546, -54.568605 -61.909692, -54.569202 -61.908839, -54.569800 -61.907985, -54.570397 -61.907131, -54.570995 -61.906277, -54.571592 -61.905424, -54.572189 -61.904570, -54.572787 -61.903716, -54.573384 -61.902862, -54.573981 -61.902008, -54.574578 -61.901155, -54.575175 -61.900301, -54.575772 -61.899447, -54.576369 -61.898593, -54.576966 -61.897739, -54.577563 -61.896885, -54.578160 -61.896032, -54.578757 -61.895178, -54.579354 -61.894324, -54.579951 -61.893470, -54.580548 -61.892616, -54.581145 -61.891763, -54.581742 -61.890909, -54.582338 -61.890055, -54.582935 -61.889201, -54.583532 -61.888347, -54.584128 -61.887493, -54.584725 -61.886640, -54.585321 -61.885786, -54.585918 -61.884932, -54.586514 -61.884078, -54.587111 -61.883224, -54.587707 -61.882370, -54.588304 -61.881516, -54.588900 -61.880663, -54.589496 -61.879809, -54.590093 -61.878955, -54.590689 -61.878101, -54.591285 -61.877247, -54.591881 -61.876393, -54.592478 -61.875539, -54.593074 -61.874685, -54.593670 -61.873832, -54.594266 -61.872978, -54.594862 -61.872124, -54.595458 -61.871270, -54.596054 -61.870416, -54.596650 -61.869562, -54.597246 -61.868708, -54.597842 -61.867854, -54.598437 -61.867000, -54.599033 -61.866146, -54.599629 -61.865293, -54.600225 -61.864439, -54.600820 -61.863585, -54.601416 -61.862731, -54.602012 -61.861877, -54.602607 -61.861023, -54.603203 -61.860169, -54.603798 -61.859315, -54.604394 -61.858461, -54.604989 -61.857607, -54.605585 -61.856753, -54.606180 -61.855899, -54.606776 -61.855045, -54.607371 -61.854191, -54.607966 -61.853337, -54.608562 -61.852484, -54.609157 -61.851630, -54.609752 -61.850776, -54.610347 -61.849922, -54.610942 -61.849068, -54.611537 -61.848214, -54.612133 -61.847360, -54.612728 -61.846506, -54.613323 -61.845652, -54.613918 -61.844798, -54.614512 -61.843944, -54.615107 -61.843090, -54.615702 -61.842236, -54.616297 -61.841382, -54.616892 -61.840528, -54.617487 -61.839674, -54.618081 -61.838820, -54.618676 -61.837966, -54.619271 -61.837112, -54.619865 -61.836258, -54.620460 -61.835404, -54.621055 -61.834550, -54.621649 -61.833696, -54.622244 -61.832842, -54.622838 -61.831988, -54.623433 -61.831134, -54.624027 -61.830280, -54.624621 -61.829426, -54.625216 -61.828572, -54.625810 -61.827718, -54.626404 -61.826864, -54.626999 -61.826010, -54.627593 -61.825156, -54.628187 -61.824302, -54.628781 -61.823448, -54.629375 -61.822594, -54.629969 -61.821740, -54.630563 -61.820886, -54.631157 -61.820032, -54.631751 -61.819178, -54.632345 -61.818323, -54.632939 -61.817469, -54.633533 -61.816615, -54.634127 -61.815761, -54.634721 -61.814907, -54.635315 -61.814053, -54.635908 -61.813199, -54.636502 -61.812345, -54.637096 -61.811491, -54.637689 -61.810637, -54.638283 -61.809783, -54.638877 -61.808929, -54.639470 -61.808075, -54.640064 -61.807221, -54.640657 -61.806366, -54.641251 -61.805512, -54.641844 -61.804658, -54.642437 -61.803804, -54.643031 -61.802950, -54.643624 -61.802096, -54.644217 -61.801242, -54.644811 -61.800388, -54.645404 -61.799534, -54.645997 -61.798680, -54.646590 -61.797825, -54.647183 -61.796971, -54.647776 -61.796117, -54.648369 -61.795263, -54.648962 -61.794409, -54.649555 -61.793555, -54.650148 -61.792701, -54.650741 -61.791847, -54.651334 -61.790992, -54.651927 -61.790138, -54.652520 -61.789284, -54.653113 -61.788430, -54.653705 -61.787576, -54.654298 -61.786722, -54.654891 -61.785868, -54.655483 -61.785013, -54.656076 -61.784159, -54.656669 -61.783305, -54.657261 -61.782451, -54.657854 -61.781597, -54.658446 -61.780743, -54.659039 -61.779888, -54.659631 -61.779034, -54.660224 -61.778180, -54.660816 -61.777326, -54.661408 -61.776472, -54.662001 -61.775618, -54.662593 -61.774763, -54.663185 -61.773909, -54.663777 -61.773055, -54.664369 -61.772201, -54.664962 -61.771347, -54.665554 -61.770492, -54.666146 -61.769638, -54.666738 -61.768784, -54.667330 -61.767930, -54.667922 -61.767076, -54.668514 -61.766221, -54.669106 -61.765367, -54.669697 -61.764513, -54.670289 -61.763659, -54.670881 -61.762805, -54.671473 -61.761950, -54.672065 -61.761096, -54.672656 -61.760242, -54.673248 -61.759388, -54.673840 -61.758533, -54.674431 -61.757679, -54.675023 -61.756825, -54.675614 -61.755971, -54.676206 -61.755117, -54.676797 -61.754262, -54.677389 -61.753408, -54.677980 -61.752554, -54.678572 -61.751700, -54.679163 -61.750845, -54.679754 -61.749991, -54.680345 -61.749137, -54.680937 -61.748282, -54.681528 -61.747428, -54.682119 -61.746574, -54.682710 -61.745720, -54.683301 -61.744865, -54.683892 -61.744011, -54.684484 -61.743157, -54.685075 -61.742303, -54.685666 -61.741448, -54.686256 -61.740594, -54.686847 -61.739740, -54.687438 -61.738885, -54.688029 -61.738031, -54.688620 -61.737177, -54.689211 -61.736323, -54.689802 -61.735468, -54.690392 -61.734614, -54.690983 -61.733760, -54.691574 -61.732905, -54.692164 -61.732051, -54.692755 -61.731197, -54.693345 -61.730342, -54.693936 -61.729488, -54.694526 -61.728634, -54.695117 -61.727779, -54.695707 -61.726925, -54.696298 -61.726071, -54.696888 -61.725216, -54.697478 -61.724362, -54.698069 -61.723508, -54.698659 -61.722653, -54.699249 -61.721799, -54.699839 -61.720945, -54.700429 -61.720090, -54.701020 -61.719236, -54.701610 -61.718382, -54.702200 -61.717527, -54.702790 -61.716673, -54.703380 -61.715819, -54.703970 -61.714964, -54.704560 -61.714110, -54.705150 -61.713256, -54.705740 -61.712401, -54.706329 -61.711547, -54.706919 -61.710692, -54.707509 -61.709838, -54.708099 -61.708984, -54.708688 -61.708129, -54.709278 -61.707275, -54.709868 -61.706421, -54.710457 -61.705566, -54.711047 -61.704712, -54.711636 -61.703857, -54.712226 -61.703003, -54.712815 -61.702149, -54.713405 -61.701294, -54.713994 -61.700440, -54.714584 -61.699585, -54.715173 -61.698731, -54.715762 -61.697877, -54.716352 -61.697022, -54.716941 -61.696168, -54.717530 -61.695313, -54.718119 -61.694459, -54.718708 -61.693604, -54.719298 -61.692750, -54.719887 -61.691896, -54.720476 -61.691041, -54.721065 -61.690187, -54.721654 -61.689332, -54.722243 -61.688478, -54.722832 -61.687623, -54.723420 -61.686769, -54.724009 -61.685915, -54.724598 -61.685060, -54.725187 -61.684206, -54.725776 -61.683351, -54.726364 -61.682497, -54.726953 -61.681642, -54.727542 -61.680788, -54.728130 -61.679933, -54.728719 -61.679079, -54.729308 -61.678224, -54.729896 -61.677370, -54.730485 -61.676515, -54.731073 -61.675661, -54.731662 -61.674807, -54.732250 -61.673952, -54.732838 -61.673098, -54.733427 -61.672243, -54.734015 -61.671389, -54.734603 -61.670534, -54.735191 -61.669680, -54.735780 -61.668825, -54.736368 -61.667971, -54.736956 -61.667116, -54.737544 -61.666262, -54.738132 -61.665407, -54.738720 -61.664553, -54.739308 -61.663698, -54.739896 -61.662844, -54.740484 -61.661989, -54.741072 -61.661135, -54.741660 -61.660280, -54.742248 -61.659425, -54.742836 -61.658571, -54.743423 -61.657716, -54.744011 -61.656862, -54.744599 -61.656007, -54.745187 -61.655153, -54.745774 -61.654298, -54.746362 -61.653444, -54.746949 -61.652589, -54.747537 -61.651735, -54.748125 -61.650880, -54.748712 -61.650026, -54.749299 -61.649171, -54.749887 -61.648316, -54.750474 -61.647462, -54.751062 -61.646607, -54.751649 -61.645753, -54.752236 -61.644898, -54.752824 -61.644044, -54.753411 -61.643189, -54.753998 -61.642334, -54.754585 -61.641480, -54.755172 -61.640625, -54.755759 -61.639771, -54.756346 -61.638916, -54.756934 -61.638062, -54.757521 -61.637207, -54.758107 -61.636352, -54.758694 -61.635498, -54.759281 -61.634643, -54.759868 -61.633789, -54.760455 -61.632934, -54.761042 -61.632079, -54.761629 -61.631225, -54.762215 -61.630370, -54.762802 -61.629516, -54.763389 -61.628661, -54.763975 -61.627806, -54.764562 -61.626952, -54.765149 -61.626097, -54.765735 -61.625242, -54.766322 -61.624388, -54.766908 -61.623533, -54.767495 -61.622679, -54.768081 -61.621824, -54.768667 -61.620969, -54.769254 -61.620115, -54.769840 -61.619260, -54.770426 -61.618405, -54.771013 -61.617551, -54.771599 -61.616696, -54.772185 -61.615841, -54.772771 -61.614987, -54.773357 -61.614132, -54.773944 -61.613277, -54.774530 -61.612423, -54.775116 -61.611568, -54.775702 -61.610713, -54.776288 -61.609859, -54.776874 -61.609004, -54.777459 -61.608149, -54.778045 -61.607295, -54.778631 -61.606440, -54.779217 -61.605585, -54.779803 -61.604731, -54.780388 -61.603876, -54.780974 -61.603021, -54.781560 -61.602167, -54.782145 -61.601312, -54.782731 -61.600457, -54.783317 -61.599602, -54.783902 -61.598748, -54.784488 -61.597893, -54.785073 -61.597038, -54.785659 -61.596184, -54.786244 -61.595329, -54.786830 -61.594474, -54.787415 -61.593620, -54.788000 -61.592765, -54.788585 -61.591910, -54.789171 -61.591055, -54.789756 -61.590201, -54.790341 -61.589346, -54.790926 -61.588491, -54.791511 -61.587636, -54.792097 -61.586782, -54.792682 -61.585927, -54.793267 -61.585072, -54.793852 -61.584217, -54.794437 -61.583363, -54.795022 -61.582508, -54.795606 -61.581653, -54.796191 -61.580798, -54.796776 -61.579944, -54.797361 -61.579089, -54.797946 -61.578234, -54.798530 -61.577379, -54.799115 -61.576525, -54.799700 -61.575670, -54.800285 -61.574815, -54.800869 -61.573960, -54.801454 -61.573106, -54.802038 -61.572251, -54.802623 -61.571396, -54.803207 -61.570541, -54.803792 -61.569686, -54.804376 -61.568832, -54.804961 -61.567977, -54.805545 -61.567122, -54.806129 -61.566267, -54.806713 -61.565412, -54.807298 -61.564558, -54.807882 -61.563703, -54.808466 -61.562848, -54.809050 -61.561993, -54.809634 -61.561138, -54.810219 -61.560284, -54.810803 -61.559429, -54.811387 -61.558574, -54.811971 -61.557719, -54.812555 -61.556864, -54.813139 -61.556009, -54.813722 -61.555155, -54.814306 -61.554300, -54.814890 -61.553445, -54.815474 -61.552590, -54.816058 -61.551735, -54.816642 -61.550880, -54.817225 -61.550026, -54.817809 -61.549171, -54.818393 -61.548316, -54.818976 -61.547461, -54.819560 -61.546606, -54.820143 -61.545751, -54.820727 -61.544896, -54.821310 -61.544042, -54.821894 -61.543187, -54.822477 -61.542332, -54.823061 -61.541477, -54.823644 -61.540622, -54.824227 -61.539767, -54.824811 -61.538912, -54.825394 -61.538057, -54.825977 -61.537203, -54.826560 -61.536348, -54.827143 -61.535493, -54.827727 -61.534638, -54.828310 -61.533783, -54.828893 -61.532928, -54.829476 -61.532073, -54.830059 -61.531218, -54.830642 -61.530363, -54.831225 -61.529509, -54.831808 -61.528654, -54.832390 -61.527799, -54.832973 -61.526944, -54.833556 -61.526089, -54.834139 -61.525234, -54.834722 -61.524379, -54.835304 -61.523524, -54.835887 -61.522669, -54.836470 -61.521814, -54.837052 -61.520959, -54.837635 -61.520104, -54.838217 -61.519249, -54.838800 -61.518395, -54.839382 -61.517540, -54.839965 -61.516685, -54.840547 -61.515830, -54.841130 -61.514975, -54.841712 -61.514120, -54.842294 -61.513265, -54.842877 -61.512410, -54.843459 -61.511555, -54.844041 -61.510700, -54.844623 -61.509845, -54.845206 -61.508990, -54.845788 -61.508135, -54.846370 -61.507280, -54.846952 -61.506425, -54.847534 -61.505570, -54.848116 -61.504715, -54.848698 -61.503860, -54.849280 -61.503005, -54.849862 -61.502150, -54.850444 -61.501295, -54.851026 -61.500440, -54.851607 -61.499585, -54.852189 -61.498730, -54.852771 -61.497875, -54.853353 -61.497020, -54.853934 -61.496165, -54.854516 -61.495310, -54.855098 -61.494455, -54.855679 -61.493600, -54.856261 -61.492745, -54.856842 -61.491890, -54.857424 -61.491035, -54.858005 -61.490180, -54.858587 -61.489325, -54.859168 -61.488470, -54.859750 -61.487615, -54.860331 -61.486760, -54.860912 -61.485905, -54.861493 -61.485050, -54.862075 -61.484195, -54.862656 -61.483340, -54.863237 -61.482485, -54.863818 -61.481630, -54.864399 -61.480775, -54.864980 -61.479920, -54.865562 -61.479065, -54.866143 -61.478210, -54.866724 -61.477355, -54.867304 -61.476500, -54.867885 -61.475645, -54.868466 -61.474789, -54.869047 -61.473934, -54.869628 -61.473079, -54.870209 -61.472224, -54.870790 -61.471369, -54.871370 -61.470514, -54.871951 -61.469659, -54.872532 -61.468804, -54.873112 -61.467949, -54.873693 -61.467094, -54.874274 -61.466239, -54.874854 -61.465384, -54.875435 -61.464528, -54.876015 -61.463673, -54.876595 -61.462818, -54.877176 -61.461963, -54.877756 -61.461108, -54.878337 -61.460253, -54.878917 -61.459398, -54.879497 -61.458543, -54.880078 -61.457688, -54.880658 -61.456833, -54.881238 -61.455977, -54.881818 -61.455122, -54.882398 -61.454267, -54.882978 -61.453412, -54.883558 -61.452557, -54.884138 -61.451702, -54.884718 -61.450847, -54.885298 -61.449992, -54.885878 -61.449136, -54.886458 -61.448281, -54.887038 -61.447426, -54.887618 -61.446571, -54.888198 -61.445716, -54.888778 -61.444861, -54.889357 -61.444005, -54.889937 -61.443150, -54.890517 -61.442295, -54.891096 -61.441440, -54.891676 -61.440585, -54.892256 -61.439730, -54.892835 -61.438875, -54.893415 -61.438019, -54.893994 -61.437164, -54.894574 -61.436309, -54.895153 -61.435454, -54.895732 -61.434599, -54.896312 -61.433743, -54.896891 -61.432888, -54.897470 -61.432033, -54.898050 -61.431178, -54.898629 -61.430323, -54.899208 -61.429468, -54.899787 -61.428612, -54.900366 -61.427757, -54.900946 -61.426902, -54.901525 -61.426047, -54.902104 -61.425192, -54.902683 -61.424336, -54.903262 -61.423481, -54.903841 -61.422626, -54.904420 -61.421771, -54.904998 -61.420915, -54.905577 -61.420060, -54.906156 -61.419205, -54.906735 -61.418350, -54.907314 -61.417495, -54.907892 -61.416639, -54.908471 -61.415784, -54.909050 -61.414929, -54.909628 -61.414074, -54.910207 -61.413218, -54.910786 -61.412363, -54.911364 -61.411508, -54.911943 -61.410653, -54.912521 -61.409797, -54.913100 -61.408942, -54.913678 -61.408087, -54.914256 -61.407232, -54.914835 -61.406376, -54.915413 -61.405521, -54.915991 -61.404666, -54.916570 -61.403811, -54.917148 -61.402955, -54.917726 -61.402100, -54.918304 -61.401245, -54.918882 -61.400389, -54.919460 -61.399534, -54.920038 -61.398679, -54.920616 -61.397824, -54.921194 -61.396968, -54.921772 -61.396113, -54.922350 -61.395258, -54.922928 -61.394402, -54.923506 -61.393547, -54.924084 -61.392692, -54.924662 -61.391837, -54.925240 -61.390981, -54.925817 -61.390126, -54.926395 -61.389271, -54.926973 -61.388415, -54.927550 -61.387560, -54.928128 -61.386705, -54.928706 -61.385849, -54.929283 -61.384994, -54.929861 -61.384139, -54.930438 -61.383283, -54.931016 -61.382428, -54.931593 -61.381573, -54.932171 -61.380717, -54.932748 -61.379862, -54.933325 -61.379007, -54.933903 -61.378151, -54.934480 -61.377296, -54.935057 -61.376441, -54.935634 -61.375585, -54.936211 -61.374730, -54.936789 -61.373875, -54.937366 -61.373019, -54.937943 -61.372164, -54.938520 -61.371309, -54.939097 -61.370453, -54.939674 -61.369598, -54.940251 -61.368742, -54.940828 -61.367887, -54.941405 -61.367032, -54.941982 -61.366176, -54.942558 -61.365321, -54.943135 -61.364466, -54.943712 -61.363610, -54.944289 -61.362755, -54.944865 -61.361899, -54.945442 -61.361044, -54.946019 -61.360189, -54.946595 -61.359333, -54.947172 -61.358478, -54.947748 -61.357622, -54.948325 -61.356767, -54.948901 -61.355912, -54.949478 -61.355056, -54.950054 -61.354201, -54.950631 -61.353345, -54.951207 -61.352490, -54.951783 -61.351635, -54.952360 -61.350779, -54.952936 -61.349924, -54.953512 -61.349068, -54.954088 -61.348213, -54.954665 -61.347357, -54.955241 -61.346502, -54.955817 -61.345647, -54.956393 -61.344791, -54.956969 -61.343936, -54.957545 -61.343080, -54.958121 -61.342225, -54.958697 -61.341369, -54.959273 -61.340514, -54.959849 -61.339658, -54.960425 -61.338803, -54.961000 -61.337948, -54.961576 -61.337092, -54.962152 -61.336237, -54.962728 -61.335381, -54.963303 -61.334526, -54.963879 -61.333670, -54.964455 -61.332815, -54.965030 -61.331959, -54.965606 -61.331104, -54.966181 -61.330248, -54.966757 -61.329393, -54.967332 -61.328537, -54.967908 -61.327682, -54.968483 -61.326826, -54.969059 -61.325971, -54.969634 -61.325115, -54.970209 -61.324260, -54.970785 -61.323404, -54.971360 -61.322549, -54.971935 -61.321693, -54.972510 -61.320838, -54.973085 -61.319982, -54.973661 -61.319127, -54.974236 -61.318271, -54.974811 -61.317416, -54.975386 -61.316560, -54.975961 -61.315705, -54.976536 -61.314849, -54.977111 -61.313994, -54.977686 -61.313138, -54.978261 -61.312283, -54.978835 -61.311427, -54.979410 -61.310572, -54.979985 -61.309716, -54.980560 -61.308861, -54.981134 -61.308005, -54.981709 -61.307150, -54.982284 -61.306294, -54.982858 -61.305438, -54.983433 -61.304583, -54.984008 -61.303727, -54.984582 -61.302872, -54.985157 -61.302016, -54.985731 -61.301161, -54.986306 -61.300305, -54.986880 -61.299450, -54.987454 -61.298594, -54.988029 -61.297738, -54.988603 -61.296883, -54.989177 -61.296027, -54.989752 -61.295172, -54.990326 -61.294316, -54.990900 -61.293460, -54.991474 -61.292605, -54.992048 -61.291749, -54.992622 -61.290894, -54.993197 -61.290038, -54.993771 -61.289183, -54.994345 -61.288327, -54.994919 -61.287471, -54.995492 -61.286616, -54.996066 -61.285760, -54.996640 -61.284905, -54.997214 -61.284049, -54.997788 -61.283193, -54.998362 -61.282338, -54.998935 -61.281482, -54.999509 -61.280626, -55.000083 -61.279771, -55.000657 -61.278915, -55.001230 -61.278060, -55.001804 -61.277204, -55.002377 -61.276348, -55.002951 -61.275493, -55.003524 -61.274637, -55.004098 -61.273781, -55.004671 -61.272926, -55.005245 -61.272070, -55.005818 -61.271214, -55.006391 -61.270359, -55.006965 -61.269503, -55.007538 -61.268648, -55.008111 -61.267792, -55.008685 -61.266936, -55.009258 -61.266081, -55.009831 -61.265225, -55.010404 -61.264369, -55.010977 -61.263514, -55.011550 -61.262658, -55.012123 -61.261802, -55.012696 -61.260947, -55.013269 -61.260091, -55.013842 -61.259235, -55.014415 -61.258380, -55.014988 -61.257524, -55.015561 -61.256668, -55.016134 -61.255812, -55.016706 -61.254957, -55.017279 -61.254101, -55.017852 -61.253245, -55.018425 -61.252390, -55.018997 -61.251534, -55.019570 -61.250678, -55.020142 -61.249823, -55.020715 -61.248967, -55.021288 -61.248111, -55.021860 -61.247255, -55.022433 -61.246400, -55.023005 -61.245544, -55.023577 -61.244688, -55.024150 -61.243833, -55.024722 -61.242977, -55.025294 -61.242121, -55.025867 -61.241265, -55.026439 -61.240410, -55.027011 -61.239554, -55.027583 -61.238698, -55.028156 -61.237842, -55.028728 -61.236987, -55.029300 -61.236131, -55.029872 -61.235275, -55.030444 -61.234419, -55.031016 -61.233564, -55.031588 -61.232708, -55.032160 -61.231852, -55.032732 -61.230996, -55.033304 -61.230141, -55.033876 -61.229285, -55.034447 -61.228429, -55.035019 -61.227573, -55.035591 -61.226718, -55.036163 -61.225862, -55.036734 -61.225006, -55.037306 -61.224150, -55.037878 -61.223294, -55.038449 -61.222439, -55.039021 -61.221583, -55.039592 -61.220727, -55.040164 -61.219871, -55.040735 -61.219016, -55.041307 -61.218160, -55.041878 -61.217304, -55.042450 -61.216448, -55.043021 -61.215592, -55.043592 -61.214737, -55.044164 -61.213881, -55.044735 -61.213025, -55.045306 -61.212169, -55.045877 -61.211313, -55.046448 -61.210457, -55.047020 -61.209602, -55.047591 -61.208746, -55.048162 -61.207890, -55.048733 -61.207034, -55.049304 -61.206178, -55.049875 -61.205323, -55.050446 -61.204467, -55.051017 -61.203611, -55.051588 -61.202755, -55.052158 -61.201899, -55.052729 -61.201043, -55.053300 -61.200187, -55.053871 -61.199332, -55.054442 -61.198476, -55.055012 -61.197620, -55.055583 -61.196764, -55.056154 -61.195908, -55.056724 -61.195052, -55.057295 -61.194197, -55.057865 -61.193341, -55.058436 -61.192485, -55.059006 -61.191629, -55.059577 -61.190773, -55.060147 -61.189917, -55.060718 -61.189061, -55.061288 -61.188205, -55.061858 -61.187350, -55.062429 -61.186494, -55.062999 -61.185638, -55.063569 -61.184782, -55.064139 -61.183926, -55.064709 -61.183070, -55.065280 -61.182214, -55.065850 -61.181358, -55.066420 -61.180502, -55.066990 -61.179646, -55.067560 -61.178791, -55.068130 -61.177935, -55.068700 -61.177079, -55.069270 -61.176223, -55.069840 -61.175367, -55.070409 -61.174511, -55.070979 -61.173655, -55.071549 -61.172799, -55.072119 -61.171943, -55.072689 -61.171087, -55.073258 -61.170231, -55.073828 -61.169375, -55.074398 -61.168520, -55.074967 -61.167664, -55.075537 -61.166808, -55.076106 -61.165952, -55.076676 -61.165096, -55.077245 -61.164240, -55.077815 -61.163384, -55.078384 -61.162528, -55.078954 -61.161672, -55.079523 -61.160816, -55.080092 -61.159960, -55.080662 -61.159104, -55.081231 -61.158248, -55.081800 -61.157392, -55.082370 -61.156536, -55.082939 -61.155680, -55.083508 -61.154824, -55.084077 -61.153968, -55.084646 -61.153112, -55.085215 -61.152256, -55.085784 -61.151400, -55.086353 -61.150544, -55.086922 -61.149688, -55.087491 -61.148832, -55.088060 -61.147976, -55.088629 -61.147120, -55.089198 -61.146264, -55.089767 -61.145408, -55.090335 -61.144552, -55.090904 -61.143696, -55.091473 -61.142840, -55.092042 -61.141984, -55.092610 -61.141128, -55.093179 -61.140272, -55.093747 -61.139416, -55.094316 -61.138560, -55.094885 -61.137704, -55.095453 -61.136848, -55.096022 -61.135992, -55.096590 -61.135136, -55.097158 -61.134280, -55.097727 -61.133424, -55.098295 -61.132568, -55.098863 -61.131712, -55.099432 -61.130856, -55.100000 -61.130000), (-55.100000 -61.130000, -55.093894 -61.128400, -55.087789 -61.126800, -55.081684 -61.125200, -55.075580 -61.123600, -55.069476 -61.121999, -55.063374 -61.120398, -55.057271 -61.118797, -55.051170 -61.117195, -55.045069 -61.115593, -55.038968 -61.113991, -55.032869 -61.112389, -55.026770 -61.110786, -55.020671 -61.109183, -55.014573 -61.107580, -55.008476 -61.105977, -55.002379 -61.104373, -54.996283 -61.102769, -54.990188 -61.101164, -54.984093 -61.099560, -54.977999 -61.097955, -54.971905 -61.096350, -54.965812 -61.094744, -54.959720 -61.093139, -54.953628 -61.091533, -54.947537 -61.089927, -54.941447 -61.088320, -54.935357 -61.086713, -54.929267 -61.085106, -54.923179 -61.083499, -54.917091 -61.081891, -54.911003 -61.080283, -54.904917 -61.078675, -54.898830 -61.077067, -54.892745 -61.075458, -54.886660 -61.073849, -54.880576 -61.072240, -54.874492 -61.070630, -54.868409 -61.069021, -54.862327 -61.067411, -54.856245 -61.065800, -54.850163 -61.064190, -54.844083 -61.062579, -54.838003 -61.060968, -54.831924 -61.059356, -54.825845 -61.057744, -54.819767 -61.056133, -54.813689 -61.054520, -54.807612 -61.052908, -54.801536 -61.051295, -54.795460 -61.049682, -54.789385 -61.048069, -54.783311 -61.046455, -54.777237 -61.044841, -54.771164 -61.043227, -54.765092 -61.041612, -54.759020 -61.039998, -54.752948 -61.038383, -54.746878 -61.036768, -54.740808 -61.035152, -54.734738 -61.033536, -54.728669 -61.031920, -54.722601 -61.030304, -54.716533 -61.028687, -54.710466 -61.027070, -54.704400 -61.025453, -54.698334 -61.023836, -54.692269 -61.022218, -54.686205 -61.020600, -54.680141 -61.018982, -54.674078 -61.017363, -54.668015 -61.015745, -54.661953 -61.014125, -54.655891 -61.012506, -54.649831 -61.010887, -54.643771 -61.009267, -54.637711 -61.007647, -54.631652 -61.006026, -54.625594 -61.004405, -54.619536 -61.002784, -54.613479 -61.001163, -54.607422 -60.999542, -54.601367 -60.997920, -54.595311 -60.996298, -54.589257 -60.994676, -54.583203 -60.993053, -54.577149 -60.991430, -54.571097 -60.989807, -54.565044 -60.988184, -54.558993 -60.986560, -54.552942 -60.984936, -54.546892 -60.983312, -54.540842 -60.981687, -54.534793 -60.980063, -54.528745 -60.978437, -54.522697 -60.976812, -54.516650 -60.975187, -54.510603 -60.973561, -54.504557 -60.971935, -54.498512 -60.970308, -54.492467 -60.968682, -54.486423 -60.967055, -54.480379 -60.965427, -54.474337 -60.963800, -54.468294 -60.962172, -54.462253 -60.960544, -54.456212 -60.958916, -54.450171 -60.957287, -54.444132 -60.955659, -54.438092 -60.954030, -54.432054 -60.952400, -54.426016 -60.950771, -54.419979 -60.949141, -54.413942 -60.947511, -54.407906 -60.945880, -54.401871 -60.944249, -54.395836 -60.942618, -54.389801 -60.940987, -54.383768 -60.939356, -54.377735 -60.937724, -54.371703 -60.936092, -54.365671 -60.934459, -54.359640 -60.932827, -54.353609 -60.931194, -54.347579 -60.929561, -54.341550 -60.927927, -54.335521 -60.926294, -54.329493 -60.924660, -54.323466 -60.923026, -54.317439 -60.921391, -54.311413 -60.919756, -54.305388 -60.918121, -54.299363 -60.916486, -54.293338 -60.914851, -54.287315 -60.913215, -54.281292 -60.911579, -54.275269 -60.909942, -54.269247 -60.908306, -54.263226 -60.906669, -54.257205 -60.905032, -54.251185 -60.903394, -54.245166 -60.901756, -54.239147 -60.900118, -54.233129 -60.898480, -54.227112 -60.896842, -54.221095 -60.895203, -54.215079 -60.893564, -54.209063 -60.891925, -54.203048 -60.890285, -54.197033 -60.888645, -54.191020 -60.887005, -54.185006 -60.885365, -54.178994 -60.883724, -54.172982 -60.882083, -54.166971 -60.880442, -54.160960 -60.878800, -54.154950 -60.877159, -54.148940 -60.875517, -54.142932 -60.873874, -54.136923 -60.872232, -54.130916 -60.870589, -54.124909 -60.868946, -54.118902 -60.867303, -54.112897 -60.865659, -54.106891 -60.864015, -54.100887 -60.862371, -54.094883 -60.860726, -54.088880 -60.859082, -54.082877 -60.857437, -54.076875 -60.855792, -54.070874 -60.854146, -54.064873 -60.852500, -54.058872 -60.850854, -54.052873 -60.849208, -54.046874 -60.847562, -54.040876 -60.845915, -54.034878 -60.844268, -54.028881 -60.842620, -54.022884 -60.840973, -54.016888 -60.839325, -54.010893 -60.837677, -54.004899 -60.836028, -53.998905 -60.834380, -53.992911 -60.832731, -53.986918 -60.831081, -53.980926 -60.829432, -53.974935 -60.827782, -53.968944 -60.826132, -53.962953 -60.824482, -53.956964 -60.822831, -53.950975 -60.821180, -53.944986 -60.819529, -53.938998 -60.817878, -53.933011 -60.816226, -53.927025 -60.814574, -53.921039 -60.812922, -53.915053 -60.811270, -53.909068 -60.809617, -53.903084 -60.807964, -53.897101 -60.806311, -53.891118 -60.804658, -53.885136 -60.803004, -53.879154 -60.801350, -53.873173 -60.799696, -53.867193 -60.798041, -53.861213 -60.796386, -53.855234 -60.794731, -53.849255 -60.793076, -53.843277 -60.791420, -53.837300 -60.789764, -53.831323 -60.788108, -53.825347 -60.786452, -53.819371 -60.784795, -53.813397 -60.783138, -53.807422 -60.781481, -53.801449 -60.779823, -53.795476 -60.778166, -53.789503 -60.776508, -53.783532 -60.774849, -53.777560 -60.773191, -53.771590 -60.771532, -53.765620 -60.769873, -53.759651 -60.768214, -53.753682 -60.766554, -53.747714 -60.764894, -53.741746 -60.763234, -53.735780 -60.761574, -53.729813 -60.759913, -53.723848 -60.758252, -53.717883 -60.756591, -53.711919 -60.754930, -53.705955 -60.753268, -53.699992 -60.751606, -53.694029 -60.749944, -53.688067 -60.748281, -53.682106 -60.746618, -53.676145 -60.744955, -53.670185 -60.743292, -53.664226 -60.741628, -53.658267 -60.739965, -53.652309 -60.738301, -53.646351 -60.736636, -53.640394 -60.734972, -53.634438 -60.733307, -53.628482 -60.731642, -53.622527 -60.729976, -53.616573 -60.728311, -53.610619 -60.726645, -53.604666 -60.724978, -53.598713 -60.723312, -53.592761 -60.721645, -53.586810 -60.719978, -53.580859 -60.718311, -53.574909 -60.716643, -53.568959 -60.714976, -53.563010 -60.713308, -53.557062 -60.711639, -53.551114 -60.709971, -53.545167 -60.708302, -53.539221 -60.706633, -53.533275 -60.704963, -53.527330 -60.703294, -53.521385 -60.701624, -53.515441 -60.699954, -53.509498 -60.698283, -53.503555 -60.696613, -53.497613 -60.694942, -53.491672 -60.693270, -53.485731 -60.691599, -53.479790 -60.689927, -53.473851 -60.688255, -53.467912 -60.686583, -53.461973 -60.684911, -53.456036 -60.683238, -53.450098 -60.681565, -53.444162 -60.679891, -53.438226 -60.678218, -53.432291 -60.676544, -53.426356 -60.674870, -53.420422 -60.673196, -53.414488 -60.671521, -53.408555 -60.669846, -53.402623 -60.668171, -53.396692 -60.666495, -53.390761 -60.664820, -53.384830 -60.663144, -53.378900 -60.661468, -53.372971 -60.659791, -53.367043 -60.658115, -53.361115 -60.656438, -53.355188 -60.654760, -53.349261 -60.653083, -53.343335 -60.651405, -53.337409 -60.649727, -53.331484 -60.648049, -53.325560 -60.646370, -53.319637 -60.644691, -53.313714 -60.643012, -53.307791 -60.641333, -53.301870 -60.639653, -53.295948 -60.637973, -53.290028 -60.636293, -53.284108 -60.634613, -53.278189 -60.632932, -53.272270 -60.631251, -53.266352 -60.629570, -53.260435 -60.627889, -53.254518 -60.626207, -53.248602 -60.624525, -53.242686 -60.622843, -53.236771 -60.621161, -53.230857 -60.619478, -53.224943 -60.617795, -53.219030 -60.616112, -53.213117 -60.614428, -53.207206 -60.612744, -53.201294 -60.611060, -53.195384 -60.609376, -53.189474 -60.607691, -53.183564 -60.606007, -53.177655 -60.604321, -53.171747 -60.602636, -53.165840 -60.600951, -53.159933 -60.599265, -53.154026 -60.597579, -53.148121 -60.595892, -53.142216 -60.594206, -53.136311 -60.592519, -53.130407 -60.590831, -53.124504 -60.589144, -53.118602 -60.587456, -53.112700 -60.585768, -53.106798 -60.584080, -53.100897 -60.582392, -53.094997 -60.580703, -53.089098 -60.579014, -53.083199 -60.577325, -53.077300 -60.575635, -53.071403 -60.573946, -53.065506 -60.572255, -53.059609 -60.570565, -53.053713 -60.568875, -53.047818 -60.567184, -53.041924 -60.565493, -53.036030 -60.563801, -53.030136 -60.562110, -53.024243 -60.560418, -53.018351 -60.558726, -53.012460 -60.557034, -53.006569 -60.555341, -53.000679 -60.553648, -52.994789 -60.551955, -52.988900 -60.550262, -52.983011 -60.548568, -52.977124 -60.546874, -52.971236 -60.545180, -52.965350 -60.543485, -52.959464 -60.541791, -52.953579 -60.540096, -52.947694 -60.538401, -52.941810 -60.536705, -52.935926 -60.535009, -52.930043 -60.533313, -52.924161 -60.531617, -52.918279 -60.529921, -52.912398 -60.528224, -52.906518 -60.526527, -52.900638 -60.524830, -52.894759 -60.523132, -52.888880 -60.521434, -52.883002 -60.519736, -52.877125 -60.518038, -52.871248 -60.516339, -52.865372 -60.514641, -52.859497 -60.512941, -52.853622 -60.511242, -52.847748 -60.509542, -52.841874 -60.507843, -52.836001 -60.506142, -52.830129 -60.504442, -52.824257 -60.502741, -52.818386 -60.501041, -52.812515 -60.499339, -52.806645 -60.497638, -52.800776 -60.495936, -52.794907 -60.494234, -52.789039 -60.492532, -52.783171 -60.490830, -52.777305 -60.489127, -52.771438 -60.487424, -52.765573 -60.485721, -52.759708 -60.484018, -52.753843 -60.482314, -52.747979 -60.480610, -52.742116 -60.478906, -52.736254 -60.477201, -52.730392 -60.475496, -52.724531 -60.473791, -52.718670 -60.472086, -52.712810 -60.470381, -52.706950 -60.468675, -52.701091 -60.466969, -52.695233 -60.465262, -52.689376 -60.463556, -52.683519 -60.461849, -52.677662 -60.460142, -52.671806 -60.458435, -52.665951 -60.456727, -52.660097 -60.455019, -52.654243 -60.453311, -52.648389 -60.451603, -52.642537 -60.449894, -52.636685 -60.448185, -52.630833 -60.446476, -52.624982 -60.444767, -52.619132 -60.443057, -52.613282 -60.441347, -52.607433 -60.439637, -52.601585 -60.437927, -52.595737 -60.436216, -52.589890 -60.434505, -52.584044 -60.432794, -52.578198 -60.431083, -52.572352 -60.429371, -52.566508 -60.427659, -52.560664 -60.425947, -52.554820 -60.424234, -52.548977 -60.422522, -52.543135 -60.420809, -52.537293 -60.419095, -52.531452 -60.417382, -52.525612 -60.415668, -52.519772 -60.413954, -52.513933 -60.412240, -52.508095 -60.410526, -52.502257 -60.408811, -52.496419 -60.407096, -52.490583 -60.405381, -52.484747 -60.403665, -52.478911 -60.401949, -52.473076 -60.400233, -52.467242 -60.398517, -52.461408 -60.396800, -52.455575 -60.395084, -52.449743 -60.393367, -52.443911 -60.391649, -52.438080 -60.389932, -52.432250 -60.388214, -52.426420 -60.386496, -52.420590 -60.384778, -52.414762 -60.383059, -52.408933 -60.381340, -52.403106 -60.379621, -52.397279 -60.377902, -52.391453 -60.376182, -52.385627 -60.374462, -52.379802 -60.372742, -52.373978 -60.371022, -52.368154 -60.369301, -52.362331 -60.367580, -52.356508 -60.365859, -52.350686 -60.364138, -52.344865 -60.362416, -52.339044 -60.360694, -52.333224 -60.358972, -52.327405 -60.357250, -52.321586 -60.355527, -52.315768 -60.353804, -52.309950 -60.352081, -52.304133 -60.350358, -52.298317 -60.348634, -52.292501 -60.346910, -52.286686 -60.345186, -52.280871 -60.343461, -52.275057 -60.341737, -52.269244 -60.340012, -52.263431 -60.338287, -52.257619 -60.336561, -52.251808 -60.334836, -52.245997 -60.333110, -52.240187 -60.331383, -52.234377 -60.329657, -52.228568 -60.327930, -52.222760 -60.326203, -52.216952 -60.324476, -52.211145 -60.322749, -52.205338 -60.321021, -52.199532 -60.319293, -52.193727 -60.317565, -52.187922 -60.315836, -52.182118 -60.314108, -52.176314 -60.312379, -52.170512 -60.310649, -52.164709 -60.308920, -52.158908 -60.307190, -52.153107 -60.305460, -52.147306 -60.303730, -52.141506 -60.301999, -52.135707 -60.300269, -52.129909 -60.298538, -52.124111 -60.296806, -52.118313 -60.295075, -52.112517 -60.293343, -52.106720 -60.291611, -52.100925 -60.289879, -52.095130 -60.288146, -52.089336 -60.286413, -52.083542 -60.284680, -52.077749 -60.282947, -52.071957 -60.281214, -52.066165 -60.279480, -52.060374 -60.277746, -52.054583 -60.276012, -52.048793 -60.274277, -52.043004 -60.272542, -52.037215 -60.270807, -52.031427 -60.269072, -52.025639 -60.267336, -52.019852 -60.265601, -52.014066 -60.263865, -52.008280 -60.262128, -52.002495 -60.260392, -51.996711 -60.258655, -51.990927 -60.256918, -51.985144 -60.255181, -51.979361 -60.253443, -51.973579 -60.251705, -51.967798 -60.249967, -51.962017 -60.248229, -51.956237 -60.246490, -51.950457 -60.244751, -51.944678 -60.243012, -51.938900 -60.241273, -51.933122 -60.239533, -51.927345 -60.237794, -51.921569 -60.236054, -51.915793 -60.234313, -51.910018 -60.232573, -51.904243 -60.230832, -51.898469 -60.229091, -51.892696 -60.227349, -51.886923 -60.225608, -51.881151 -60.223866, -51.875379 -60.222124, -51.869608 -60.220382, -51.863838 -60.218639, -51.858068 -60.216896, -51.852299 -60.215153, -51.846530 -60.213410, -51.840762 -60.211666, -51.834995 -60.209922, -51.829229 -60.208178, -51.823463 -60.206434, -51.817697 -60.204689, -51.811932 -60.202945, -51.806168 -60.201200, -51.800404 -60.199454, -51.794641 -60.197709, -51.788879 -60.195963, -51.783117 -60.194217, -51.777356 -60.192470, -51.771596 -60.190724, -51.765836 -60.188977, -51.760076 -60.187230, -51.754318 -60.185483, -51.748560 -60.183735, -51.742802 -60.181987, -51.737045 -60.180239, -51.731289 -60.178491, -51.725533 -60.176742, -51.719778 -60.174993, -51.714024 -60.173244, -51.708270 -60.171495, -51.702517 -60.169745, -51.696765 -60.167996, -51.691013 -60.166246, -51.685261 -60.164495, -51.679511 -60.162745, -51.673760 -60.160994, -51.668011 -60.159243, -51.662262 -60.157491, -51.656514 -60.155740, -51.650766 -60.153988, -51.645019 -60.152236, -51.639273 -60.150484, -51.633527 -60.148731, -51.627782 -60.146978, -51.622037 -60.145225, -51.616293 -60.143472, -51.610550 -60.141718, -51.604807 -60.139965, -51.599065 -60.138211, -51.593323 -60.136456, -51.587582 -60.134702, -51.581842 -60.132947, -51.576102 -60.131192, -51.570363 -60.129437, -51.564625 -60.127681, -51.558887 -60.125925, -51.553150 -60.124169, -51.547413 -60.122413, -51.541677 -60.120656, -51.535941 -60.118900, -51.530207 -60.117143, -51.524472 -60.115385, -51.518739 -60.113628, -51.513006 -60.111870, -51.507274 -60.110112, -51.501542 -60.108354, -51.495811 -60.106595, -51.490080 -60.104836, -51.484350 -60.103077, -51.478621 -60.101318, -51.472892 -60.099559, -51.467164 -60.097799, -51.461437 -60.096039, -51.455710 -60.094279, -51.449984 -60.092518, -51.444258 -60.090757, -51.438533 -60.088996, -51.432809 -60.087235, -51.427085 -60.085474, -51.421362 -60.083712, -51.415639 -60.081950, -51.409917 -60.080188, -51.404196 -60.078425, -51.398475 -60.076663, -51.392755 -60.074900, -51.387035 -60.073136, -51.381317 -60.071373, -51.375598 -60.069609, -51.369881 -60.067845, -51.364164 -60.066081, -51.358447 -60.064317, -51.352731 -60.062552, -51.347016 -60.060787, -51.341301 -60.059022, -51.335587 -60.057256, -51.329874 -60.055491, -51.324161 -60.053725, -51.318449 -60.051959, -51.312738 -60.050192, -51.307027 -60.048425, -51.301316 -60.046659, -51.295607 -60.044891, -51.289897 -60.043124, -51.284189 -60.041356, -51.278481 -60.039588, -51.272774 -60.037820, -51.267067 -60.036052, -51.261361 -60.034283, -51.255656 -60.032514, -51.249951 -60.030745, -51.244246 -60.028976, -51.238543 -60.027206, -51.232840 -60.025436, -51.227137 -60.023666, -51.221436 -60.021896, -51.215735 -60.020125, -51.210034 -60.018354, -51.204334 -60.016583, -51.198635 -60.014812, -51.192936 -60.013040, -51.187238 -60.011269, -51.181540 -60.009497, -51.175843 -60.007724, -51.170147 -60.005952, -51.164451 -60.004179, -51.158756 -60.002406, -51.153062 -60.000632, -51.147368 -59.998859, -51.141675 -59.997085, -51.135982 -59.995311, -51.130290 -59.993537, -51.124599 -59.991762, -51.118908 -59.989988, -51.113218 -59.988212, -51.107528 -59.986437, -51.101839 -59.984662, -51.096151 -59.982886, -51.090463 -59.981110, -51.084776 -59.979334, -51.079090 -59.977557, -51.073404 -59.975781, -51.067718 -59.974004, -51.062034 -59.972226, -51.056350 -59.970449, -51.050666 -59.968671, -51.044983 -59.966893, -51.039301 -59.965115, -51.033619 -59.963337, -51.027938 -59.961558, -51.022258 -59.959779, -51.016578 -59.958000, -51.010899 -59.956220, -51.005220 -59.954441, -50.999542 -59.952661, -50.993865 -59.950881, -50.988188 -59.949100, -50.982512 -59.947320, -50.976837 -59.945539, -50.971162 -59.943758, -50.965487 -59.941976, -50.959814 -59.940195, -50.954141 -59.938413, -50.948468 -59.936631, -50.942796 -59.934848, -50.937125 -59.933066, -50.931454 -59.931283, -50.925784 -59.929500, -50.920115 -59.927717, -50.914446 -59.925933, -50.908778 -59.924149, -50.903110 -59.922365, -50.897443 -59.920581, -50.891777 -59.918796, -50.886111 -59.917012, -50.880446 -59.915227, -50.874781 -59.913441, -50.869117 -59.911656, -50.863454 -59.909870, -50.857791 -59.908084, -50.852129 -59.906298, -50.846467 -59.904512, -50.840807 -59.902725, -50.835146 -59.900938, -50.829487 -59.899151, -50.823827 -59.897363, -50.818169 -59.895576, -50.812511 -59.893788, -50.806854 -59.891999, -50.801197 -59.890211, -50.795541 -59.888422, -50.789886 -59.886633, -50.784231 -59.884844, -50.778577 -59.883055, -50.772923 -59.881265, -50.767270 -59.879475, -50.761618 -59.877685, -50.755966 -59.875895, -50.750315 -59.874104, -50.744664 -59.872314, -50.739014 -59.870523, -50.733365 -59.868731, -50.727716 -59.866940, -50.722068 -59.865148, -50.716421 -59.863356, -50.710774 -59.861564, -50.705127 -59.859771, -50.699482 -59.857978, -50.693837 -59.856185, -50.688192 -59.854392, -50.682548 -59.852598, -50.676905 -59.850805, -50.671262 -59.849011, -50.665620 -59.847217, -50.659979 -59.845422, -50.654338 -59.843627, -50.648698 -59.841832, -50.643058 -59.840037, -50.637419 -59.838242, -50.631781 -59.836446, -50.626143 -59.834650, -50.620506 -59.832854, -50.614869 -59.831058, -50.609233 -59.829261, -50.603598 -59.827464, -50.597963 -59.825667, -50.592329 -59.823870, -50.586696 -59.822072, -50.581063 -59.820274, -50.575430 -59.818476, -50.569799 -59.816678, -50.564168 -59.814880, -50.558537 -59.813081, -50.552907 -59.811282, -50.547278 -59.809482, -50.541649 -59.807683, -50.536021 -59.805883, -50.530394 -59.804083, -50.524767 -59.802283, -50.519141 -59.800482, -50.513515 -59.798682, -50.507890 -59.796881, -50.502266 -59.795080, -50.496642 -59.793278, -50.491019 -59.791476, -50.485396 -59.789675, -50.479774 -59.787872, -50.474153 -59.786070, -50.468532 -59.784267, -50.462912 -59.782465, -50.457292 -59.780661, -50.451673 -59.778858, -50.446055 -59.777054, -50.440437 -59.775251, -50.434820 -59.773447, -50.429204 -59.771642, -50.423588 -59.769838, -50.417972 -59.768033, -50.412358 -59.766228, -50.406744 -59.764423, -50.401130 -59.762617, -50.395517 -59.760811, -50.389905 -59.759005, -50.384293 -59.757199, -50.378682 -59.755393, -50.373072 -59.753586, -50.367462 -59.751779, -50.361853 -59.749972, -50.356244 -59.748164, -50.350636 -59.746357, -50.345029 -59.744549, -50.339422 -59.742741, -50.333816 -59.740932, -50.328210 -59.739124, -50.322605 -59.737315, -50.317001 -59.735506, -50.311397 -59.733696, -50.305794 -59.731887, -50.300191 -59.730077, -50.294589 -59.728267, -50.288988 -59.726457, -50.283387 -59.724646, -50.277787 -59.722835, -50.272187 -59.721024, -50.266589 -59.719213, -50.260990 -59.717402, -50.255393 -59.715590, -50.249795 -59.713778, -50.244199 -59.711966, -50.238603 -59.710153, -50.233008 -59.708341, -50.227413 -59.706528, -50.221819 -59.704715, -50.216226 -59.702901, -50.210633 -59.701088, -50.205040 -59.699274, -50.199449 -59.697460, -50.193858 -59.695645, -50.188267 -59.693831, -50.182677 -59.692016, -50.177088 -59.690201, -50.171500 -59.688386, -50.165912 -59.686570, -50.160324 -59.684755, -50.154737 -59.682939, -50.149151 -59.681122, -50.143566 -59.679306, -50.137981 -59.677489, -50.132396 -59.675672, -50.126812 -59.673855, -50.121229 -59.672038, -50.115647 -59.670220, -50.110065 -59.668402, -50.104483 -59.666584, -50.098903 -59.664766, -50.093323 -59.662947, -50.087743 -59.661128, -50.082164 -59.659309, -50.076586 -59.657490, -50.071008 -59.655670, -50.065431 -59.653850, -50.059854 -59.652030, -50.054278 -59.650210, -50.048703 -59.648390, -50.043128 -59.646569, -50.037554 -59.644748, -50.031981 -59.642927, -50.026408 -59.641105, -50.020836 -59.639284, -50.015264 -59.637462, -50.009693 -59.635639, -50.004123 -59.633817, -49.998553 -59.631994, -49.992983 -59.630172, -49.987415 -59.628349, -49.981847 -59.626525, -49.976279 -59.624702, -49.970712 -59.622878, -49.965146 -59.621054, -49.959581 -59.619230, -49.954016 -59.617405, -49.948451 -59.615580, -49.942887 -59.613755, -49.937324 -59.611930, -49.931762 -59.610105, -49.926200 -59.608279, -49.920638 -59.606453, -49.915077 -59.604627, -49.909517 -59.602800, -49.903958 -59.600974, -49.898399 -59.599147, -49.892840 -59.597320, -49.887283 -59.595492, -49.881725 -59.593665, -49.876169 -59.591837, -49.870613 -59.590009, -49.865058 -59.588181, -49.859503 -59.586352, -49.853949 -59.584524, -49.848395 -59.582695, -49.842842 -59.580865, -49.837290 -59.579036, -49.831738 -59.577206, -49.826187 -59.575376, -49.820636 -59.573546, -49.815087 -59.571716, -49.809537 -59.569885, -49.803989 -59.568054, -49.798440 -59.566223, -49.792893 -59.564392, -49.787346 -59.562560, -49.781800 -59.560728, -49.776254 -59.558896, -49.770709 -59.557064, -49.765164 -59.555232, -49.759621 -59.553399, -49.754077 -59.551566, -49.748535 -59.549733, -49.742993 -59.547899, -49.737451 -59.546066, -49.731910 -59.544232, -49.726370 -59.542397, -49.720830 -59.540563, -49.715291 -59.538729, -49.709753 -59.536894, -49.704215 -59.535059, -49.698678 -59.533223, -49.693141 -59.531388, -49.687605 -59.529552, -49.682070 -59.527716, -49.676535 -59.525880, -49.671001 -59.524043, -49.665467 -59.522206, -49.659934 -59.520370, -49.654401 -59.518532, -49.648870 -59.516695, -49.643338 -59.514857, -49.637808 -59.513019, -49.632278 -59.511181, -49.626748 -59.509343, -49.621220 -59.507504, -49.615691 -59.505666, -49.610164 -59.503826, -49.604637 -59.501987, -49.599110 -59.500148, -49.593585 -59.498308, -49.588059 -59.496468, -49.582535 -59.494628, -49.577011 -59.492787, -49.571487 -59.490947, -49.565965 -59.489106, -49.560443 -59.487265, -49.554921 -59.485423, -49.549400 -59.483582, -49.543880 -59.481740, -49.538360 -59.479898, -49.532841 -59.478055, -49.527322 -59.476213, -49.521804 -59.474370, -49.516287 -59.472527, -49.510770 -59.470684, -49.505254 -59.468840, -49.499738 -59.466997, -49.494223 -59.465153, -49.488709 -59.463308, -49.483195 -59.461464, -49.477682 -59.459619, -49.472170 -59.457775, -49.466658 -59.455929, -49.461146 -59.454084, -49.455636 -59.452239, -49.450125 -59.450393, -49.444616 -59.448547, -49.439107 -59.446700, -49.433599 -59.444854, -49.428091 -59.443007, -49.422584 -59.441160, -49.417077 -59.439313, -49.411571 -59.437466, -49.406066 -59.435618, -49.400561 -59.433770, -49.395057 -59.431922, -49.389554 -59.430074, -49.384051 -59.428225, -49.378548 -59.426376, -49.373047 -59.424527, -49.367545 -59.422678, -49.362045 -59.420828, -49.356545 -59.418979, -49.351046 -59.417129, -49.345547 -59.415279, -49.340049 -59.413428, -49.334551 -59.411578, -49.329054 -59.409727, -49.323558 -59.407876, -49.318062 -59.406024, -49.312567 -59.404173, -49.307073 -59.402321, -49.301579 -59.400469, -49.296086 -59.398616, -49.290593 -59.396764, -49.285101 -59.394911, -49.279609 -59.393058, -49.274118 -59.391205, -49.268628 -59.389352, -49.263138 -59.387498, -49.257649 -59.385644, -49.252161 -59.383790, -49.246673 -59.381936, -49.241185 -59.380081, -49.235699 -59.378226, -49.230213 -59.376371, -49.224727 -59.374516, -49.219242 -59.372660, -49.213758 -59.370805, -49.208274 -59.368949, -49.202791 -59.367093, -49.197309 -59.365236, -49.191827 -59.363379, -49.186345 -59.361523, -49.180865 -59.359665, -49.175385 -59.357808, -49.169905 -59.355951, -49.164426 -59.354093, -49.158948 -59.352235, -49.153470 -59.350376, -49.147993 -59.348518, -49.142516 -59.346659, -49.137041 -59.344800, -49.131565 -59.342941, -49.126091 -59.341082, -49.120616 -59.339222, -49.115143 -59.337362, -49.109670 -59.335502, -49.104198 -59.333642, -49.098726 -59.331781, -49.093255 -59.329920, -49.087784 -59.328059, -49.082314 -59.326198, -49.076845 -59.324337, -49.071376 -59.322475, -49.065908 -59.320613, -49.060441 -59.318751, -49.054974 -59.316889, -49.049508 -59.315026, -49.044042 -59.313163, -49.038577 -59.311300, -49.033112 -59.309437, -49.027648 -59.307573, -49.022185 -59.305709, -49.016722 -59.303845, -49.011260 -59.301981, -49.005799 -59.300117, -49.000338 -59.298252, -48.994877 -59.296387, -48.989418 -59.294522, -48.983958 -59.292657, -48.978500 -59.290791, -48.973042 -59.288925, -48.967585 -59.287059, -48.962128 -59.285193, -48.956672 -59.283327, -48.951216 -59.281460, -48.945761 -59.279593, -48.940307 -59.277726, -48.934853 -59.275858, -48.929400 -59.273991, -48.923947 -59.272123, -48.918495 -59.270255, -48.913044 -59.268386, -48.907593 -59.266518, -48.902143 -59.264649, -48.896694 -59.262780, -48.891245 -59.260911, -48.885796 -59.259041, -48.880348 -59.257172, -48.874901 -59.255302, -48.869455 -59.253432, -48.864009 -59.251561, -48.858563 -59.249691, -48.853119 -59.247820, -48.847674 -59.245949, -48.842231 -59.244077, -48.836788 -59.242206, -48.831345 -59.240334, -48.825904 -59.238462, -48.820462 -59.236590, -48.815022 -59.234718, -48.809582 -59.232845, -48.804142 -59.230972, -48.798704 -59.229099, -48.793265 -59.227226, -48.787828 -59.225352, -48.782391 -59.223478, -48.776954 -59.221604, -48.771518 -59.219730, -48.766083 -59.217856, -48.760649 -59.215981, -48.755215 -59.214106, -48.749781 -59.212231, -48.744348 -59.210355, -48.738916 -59.208480, -48.733484 -59.206604, -48.728053 -59.204728, -48.722623 -59.202852, -48.717193 -59.200975, -48.711764 -59.199099, -48.706335 -59.197222, -48.700907 -59.195344, -48.695480 -59.193467, -48.690053 -59.191589, -48.684626 -59.189712, -48.679201 -59.187833, -48.673776 -59.185955, -48.668351 -59.184077, -48.662927 -59.182198, -48.657504 -59.180319, -48.652081 -59.178440, -48.646659 -59.176560, -48.641238 -59.174681, -48.635817 -59.172801, -48.630397 -59.170921, -48.624977 -59.169040, -48.619558 -59.167160, -48.614139 -59.165279, -48.608721 -59.163398, -48.603304 -59.161517, -48.597887 -59.159635, -48.592471 -59.157753, -48.587055 -59.155872, -48.581641 -59.153989, -48.576226 -59.152107, -48.570812 -59.150224, -48.565399 -59.148342, -48.559987 -59.146459, -48.554575 -59.144575, -48.549163 -59.142692, -48.543753 -59.140808, -48.538342 -59.138924, -48.532933 -59.137040, -48.527524 -59.135156, -48.522115 -59.133271, -48.516708 -59.131386, -48.511300 -59.129501, -48.505894 -59.127616, -48.500488 -59.125730, -48.495082 -59.123844, -48.489678 -59.121958, -48.484273 -59.120072, -48.478870 -59.118186, -48.473467 -59.116299, -48.468064 -59.114412, -48.462662 -59.112525, -48.457261 -59.110638, -48.451860 -59.108750, -48.446460 -59.106863, -48.441061 -59.104975, -48.435662 -59.103086, -48.430264 -59.101198, -48.424866 -59.099309, -48.419469 -59.097421, -48.414072 -59.095531, -48.408676 -59.093642, -48.403281 -59.091753, -48.397886 -59.089863, -48.392492 -59.087973, -48.387099 -59.086083, -48.381706 -59.084192, -48.376314 -59.082301, -48.370922 -59.080410, -48.365531 -59.078519, -48.360140 -59.076628, -48.354750 -59.074736, -48.349361 -59.072845, -48.343972 -59.070953, -48.338584 -59.069060, -48.333196 -59.067168, -48.327809 -59.065275, -48.322423 -59.063382, -48.317037 -59.061489, -48.311652 -59.059596, -48.306267 -59.057702, -48.300883 -59.055808, -48.295500 -59.053914, -48.290117 -59.052020, -48.284735 -59.050126, -48.279353 -59.048231, -48.273972 -59.046336, -48.268591 -59.044441, -48.263212 -59.042546, -48.257832 -59.040650, -48.252454 -59.038754, -48.247076 -59.036858, -48.241698 -59.034962, -48.236321 -59.033065, -48.230945 -59.031169, -48.225569 -59.029272, -48.220194 -59.027375, -48.214819 -59.025477, -48.209446 -59.023580, -48.204072 -59.021682, -48.198699 -59.019784, -48.193327 -59.017886, -48.187956 -59.015987, -48.182585 -59.014088, -48.177214 -59.012190, -48.171845 -59.010290, -48.166475 -59.008391, -48.161107 -59.006491, -48.155739 -59.004592, -48.150371 -59.002692, -48.145005 -59.000791, -48.139638 -58.998891, -48.134273 -58.996990, -48.128908 -58.995089, -48.123543 -58.993188, -48.118179 -58.991287, -48.112816 -58.989385, -48.107453 -58.987483, -48.102091 -58.985581, -48.096730 -58.983679, -48.091369 -58.981777, -48.086009 -58.979874, -48.080649 -58.977971, -48.075290 -58.976068, -48.069931 -58.974165, -48.064573 -58.972261, -48.059216 -58.970357, -48.053859 -58.968453, -48.048503 -58.966549, -48.043147 -58.964644, -48.037792 -58.962740, -48.032438 -58.960835, -48.027084 -58.958930, -48.021731 -58.957024, -48.016378 -58.955119, -48.011026 -58.953213, -48.005675 -58.951307, -48.000324 -58.949401, -47.994974 -58.947494, -47.989624 -58.945588, -47.984275 -58.943681, -47.978927 -58.941774, -47.973579 -58.939866, -47.968231 -58.937959, -47.962885 -58.936051, -47.957539 -58.934143, -47.952193 -58.932235, -47.946848 -58.930326, -47.941504 -58.928418, -47.936160 -58.926509, -47.930817 -58.924600, -47.925474 -58.922690, -47.920132 -58.920781, -47.914791 -58.918871, -47.909450 -58.916961, -47.904110 -58.915051, -47.898770 -58.913140, -47.893431 -58.911230, -47.888093 -58.909319, -47.882755 -58.907408, -47.877418 -58.905497, -47.872081 -58.903585, -47.866745 -58.901673, -47.861410 -58.899761, -47.856075 -58.897849, -47.850740 -58.895937, -47.845407 -58.894024, -47.840074 -58.892111, -47.834741 -58.890198, -47.829409 -58.888285, -47.824078 -58.886371, -47.818747 -58.884458, -47.813417 -58.882544, -47.808087 -58.880630, -47.802758 -58.878715, -47.797430 -58.876801, -47.792102 -58.874886, -47.786775 -58.872971, -47.781448 -58.871056, -47.776122 -58.869140, -47.770797 -58.867224, -47.765472 -58.865309, -47.760148 -58.863392, -47.754824 -58.861476, -47.749501 -58.859560, -47.744178 -58.857643, -47.738856 -58.855726, -47.733535 -58.853809, -47.728214 -58.851891, -47.722894 -58.849973, -47.717575 -58.848056, -47.712256 -58.846137, -47.706937 -58.844219, -47.701620 -58.842301, -47.696302 -58.840382, -47.690986 -58.838463, -47.685670 -58.836544, -47.680354 -58.834624, -47.675039 -58.832705, -47.669725 -58.830785, -47.664411 -58.828865, -47.659098 -58.826944, -47.653786 -58.825024, -47.648474 -58.823103, -47.643163 -58.821182, -47.637852 -58.819261, -47.632542 -58.817340, -47.627232 -58.815418, -47.621923 -58.813496, -47.616615 -58.811574, -47.611307 -58.809652, -47.606000 -58.807730, -47.600693 -58.805807, -47.595387 -58.803884, -47.590082 -58.801961, -47.584777 -58.800038, -47.579473 -58.798114, -47.574169 -58.796190, -47.568866 -58.794266, -47.563564 -58.792342, -47.558262 -58.790418, -47.552960 -58.788493, -47.547660 -58.786568, -47.542360 -58.784643, -47.537060 -58.782718, -47.531761 -58.780792, -47.526463 -58.778867, -47.521165 -58.776941, -47.515868 -58.775015, -47.510571 -58.773088, -47.505275 -58.771162, -47.499980 -58.769235, -47.494685 -58.767308, -47.489390 -58.765381, -47.484097 -58.763453, -47.478804 -58.761525, -47.473511 -58.759598, -47.468219 -58.757669, -47.462928 -58.755741, -47.457637 -58.753813, -47.452347 -58.751884, -47.447058 -58.749955, -47.441769 -58.748026, -47.436480 -58.746096, -47.431192 -58.744167, -47.425905 -58.742237, -47.420618 -58.740307, -47.415332 -58.738376, -47.410047 -58.736446, -47.404762 -58.734515, -47.399478 -58.732584, -47.394194 -58.730653, -47.388911 -58.728722, -47.383628 -58.726790, -47.378347 -58.724858, -47.373065 -58.722926, -47.367784 -58.720994, -47.362504 -58.719062, -47.357225 -58.717129, -47.351946 -58.715196, -47.346667 -58.713263, -47.341389 -58.711330, -47.336112 -58.709396, -47.330835 -58.707463, -47.325559 -58.705529, -47.320284 -58.703595, -47.315009 -58.701660, -47.309735 -58.699726, -47.304461 -58.697791, -47.299188 -58.695856, -47.293915 -58.693920, -47.288643 -58.691985, -47.283372 -58.690049, -47.278101 -58.688113, -47.272831 -58.686177, -47.267561 -58.684241, -47.262292 -58.682305, -47.257024 -58.680368, -47.251756 -58.678431, -47.246489 -58.676494, -47.241222 -58.674556, -47.235956 -58.672619, -47.230690 -58.670681, -47.225425 -58.668743, -47.220161 -58.666805, -47.214897 -58.664866, -47.209634 -58.662927, -47.204371 -58.660988, -47.199109 -58.659049, -47.193848 -58.657110, -47.188587 -58.655171, -47.183327 -58.653231, -47.178067 -58.651291, -47.172808 -58.649351, -47.167549 -58.647410, -47.162291 -58.645470, -47.157034 -58.643529, -47.151777 -58.641588, -47.146521 -58.639646, -47.141266 -58.637705, -47.136011 -58.635763, -47.130756 -58.633821, -47.125502 -58.631879, -47.120249 -58.629937, -47.114996 -58.627994, -47.109744 -58.626052, -47.104493 -58.624109, -47.099242 -58.622166, -47.093991 -58.620222, -47.088742 -58.618279, -47.083493 -58.616335, -47.078244 -58.614391, -47.072996 -58.612446, -47.067749 -58.610502, -47.062502 -58.608557, -47.057255 -58.606612, -47.052010 -58.604667, -47.046765 -58.602722, -47.041520 -58.600776, -47.036276 -58.598831, -47.031033 -58.596885, -47.025790 -58.594939, -47.020548 -58.592992, -47.015306 -58.591046, -47.010065 -58.589099, -47.004825 -58.587152, -46.999585 -58.585205, -46.994346 -58.583257, -46.989107 -58.581309, -46.983869 -58.579362, -46.978632 -58.577413, -46.973395 -58.575465, -46.968158 -58.573517, -46.962923 -58.571568, -46.957688 -58.569619, -46.952453 -58.567670, -46.947219 -58.565720, -46.941986 -58.563771, -46.936753 -58.561821, -46.931520 -58.559871, -46.926289 -58.557921, -46.921058 -58.555970, -46.915827 -58.554020, -46.910597 -58.552069, -46.905368 -58.550118, -46.900139 -58.548167, -46.894911 -58.546215, -46.889683 -58.544263, -46.884456 -58.542311, -46.879230 -58.540359, -46.874004 -58.538407, -46.868779 -58.536454, -46.863554 -58.534502, -46.858330 -58.532549, -46.853106 -58.530595, -46.847884 -58.528642, -46.842661 -58.526688, -46.837439 -58.524735, -46.832218 -58.522781, -46.826998 -58.520826, -46.821778 -58.518872, -46.816558 -58.516917, -46.811339 -58.514962, -46.806121 -58.513007, -46.800903 -58.511052, -46.795686 -58.509096, -46.790470 -58.507141, -46.785254 -58.505185, -46.780038 -58.503229, -46.774823 -58.501272, -46.769609 -58.499316, -46.764396 -58.497359, -46.759183 -58.495402, -46.753970 -58.493445, -46.748758 -58.491487, -46.743547 -58.489530, -46.738336 -58.487572, -46.733126 -58.485614, -46.727916 -58.483655, -46.722707 -58.481697, -46.717499 -58.479738, -46.712291 -58.477779, -46.707084 -58.475820, -46.701877 -58.473861, -46.696671 -58.471901, -46.691466 -58.469942, -46.686261 -58.467982, -46.681056 -58.466021, -46.675853 -58.464061, -46.670649 -58.462100, -46.665447 -58.460140, -46.660245 -58.458179, -46.655043 -58.456217, -46.649842 -58.454256, -46.644642 -58.452294, -46.639442 -58.450333, -46.634243 -58.448370, -46.629045 -58.446408, -46.623847 -58.444446, -46.618649 -58.442483, -46.613453 -58.440520, -46.608256 -58.438557, -46.603061 -58.436594, -46.597866 -58.434630, -46.592671 -58.432666, -46.587477 -58.430702, -46.582284 -58.428738, -46.577091 -58.426774, -46.571899 -58.424809, -46.566707 -58.422845, -46.561516 -58.420880, -46.556326 -58.418914, -46.551136 -58.416949, -46.545947 -58.414983, -46.540758 -58.413017, -46.535570 -58.411051, -46.530383 -58.409085, -46.525196 -58.407119, -46.520009 -58.405152, -46.514823 -58.403185, -46.509638 -58.401218, -46.504454 -58.399251, -46.499270 -58.397283, -46.494086 -58.395315, -46.488903 -58.393347, -46.483721 -58.391379, -46.478539 -58.389411, -46.473358 -58.387442, -46.468177 -58.385474, -46.462997 -58.383505, -46.457818 -58.381535, -46.452639 -58.379566, -46.447461 -58.377596, -46.442283 -58.375627, -46.437106 -58.373657, -46.431929 -58.371686, -46.426753 -58.369716, -46.421578 -58.367745, -46.416403 -58.365774, -46.411229 -58.363803, -46.406055 -58.361832, -46.400882 -58.359861, -46.395710 -58.357889, -46.390538 -58.355917, -46.385366 -58.353945, -46.380196 -58.351973, -46.375026 -58.350000, -46.369856 -58.348027, -46.364687 -58.346054, -46.359518 -58.344081, -46.354351 -58.342108, -46.349183 -58.340134, -46.344017 -58.338160, -46.338850 -58.336186, -46.333685 -58.334212, -46.328520 -58.332238, -46.323355 -58.330263, -46.318192 -58.328288, -46.313028 -58.326313, -46.307866 -58.324338, -46.302703 -58.322363, -46.297542 -58.320387, -46.292381 -58.318411, -46.287221 -58.316435, -46.282061 -58.314459, -46.276902 -58.312482, -46.271743 -58.310506, -46.266585 -58.308529, -46.261427 -58.306552, -46.256270 -58.304574, -46.251114 -58.302597, -46.245958 -58.300619, -46.240803 -58.298641, -46.235649 -58.296663, -46.230495 -58.294685, -46.225341 -58.292706, -46.220188 -58.290727, -46.215036 -58.288748, -46.209884 -58.286769, -46.204733 -58.284790, -46.199582 -58.282810, -46.194432 -58.280830, -46.189283 -58.278850, -46.184134 -58.276870, -46.178986 -58.274890, -46.173838 -58.272909, -46.168691 -58.270928, -46.163544 -58.268947, -46.158399 -58.266966, -46.153253 -58.264985, -46.148108 -58.263003, -46.142964 -58.261021, -46.137820 -58.259039, -46.132677 -58.257057, -46.127535 -58.255074, -46.122393 -58.253092, -46.117251 -58.251109, -46.112111 -58.249125, -46.106970 -58.247142, -46.101831 -58.245159, -46.096692 -58.243175, -46.091553 -58.241191, -46.086415 -58.239207, -46.081278 -58.237223, -46.076141 -58.235238, -46.071005 -58.233253, -46.065869 -58.231268, -46.060734 -58.229283, -46.055600 -58.227298, -46.050466 -58.225312, -46.045333 -58.223326, -46.040200 -58.221340, -46.035068 -58.219354, -46.029936 -58.217368, -46.024805 -58.215381, -46.019675 -58.213394, -46.014545 -58.211407, -46.009415 -58.209420, -46.004287 -58.207433, -45.999159 -58.205445, -45.994031 -58.203457, -45.988904 -58.201469, -45.983778 -58.199481, -45.978652 -58.197492, -45.973526 -58.195504, -45.968402 -58.193515, -45.963278 -58.191526, -45.958154 -58.189536, -45.953031 -58.187547, -45.947909 -58.185557, -45.942787 -58.183567, -45.937665 -58.181577, -45.932545 -58.179587, -45.927425 -58.177596, -45.922305 -58.175606, -45.917186 -58.173615, -45.912068 -58.171624, -45.906950 -58.169632, -45.901833 -58.167641, -45.896716 -58.165649, -45.891600 -58.163657, -45.886484 -58.161665, -45.881369 -58.159673, -45.876255 -58.157680, -45.871141 -58.155687, -45.866028 -58.153694, -45.860915 -58.151701, -45.855803 -58.149708, -45.850691 -58.147714, -45.845581 -58.145720, -45.840470 -58.143726, -45.835360 -58.141732, -45.830251 -58.139738, -45.825142 -58.137743, -45.820034 -58.135748, -45.814927 -58.133753, -45.809820 -58.131758, -45.804713 -58.129763, -45.799608 -58.127767, -45.794502 -58.125771, -45.789398 -58.123775, -45.784294 -58.121779, -45.779190 -58.119783, -45.774087 -58.117786, -45.768985 -58.115789, -45.763883 -58.113792, -45.758782 -58.111795, -45.753681 -58.109797, -45.748581 -58.107800, -45.743482 -58.105802, -45.738383 -58.103804, -45.733284 -58.101805, -45.728186 -58.099807, -45.723089 -58.097808, -45.717992 -58.095809, -45.712896 -58.093810, -45.707801 -58.091811, -45.702706 -58.089812, -45.697612 -58.087812, -45.692518 -58.085812, -45.687425 -58.083812, -45.682332 -58.081812, -45.677240 -58.079811, -45.672148 -58.077810, -45.667057 -58.075809, -45.661967 -58.073808, -45.656877 -58.071807, -45.651788 -58.069805, -45.646699 -58.067804, -45.641611 -58.065802, -45.636524 -58.063800, -45.631437 -58.061797, -45.626350 -58.059795, -45.621264 -58.057792, -45.616179 -58.055789, -45.611094 -58.053786, -45.606010 -58.051783, -45.600927 -58.049779, -45.595844 -58.047775, -45.590761 -58.045771, -45.585680 -58.043767, -45.580598 -58.041763, -45.575518 -58.039758, -45.570438 -58.037753, -45.565358 -58.035748, -45.560279 -58.033743, -45.555201 -58.031738, -45.550123 -58.029732, -45.545046 -58.027727, -45.539969 -58.025721, -45.534893 -58.023714, -45.529817 -58.021708, -45.524742 -58.019701, -45.519668 -58.017695, -45.514594 -58.015688, -45.509521 -58.013680, -45.504448 -58.011673, -45.499376 -58.009665, -45.494304 -58.007658, -45.489233 -58.005650, -45.484163 -58.003641, -45.479093 -58.001633, -45.474024 -57.999624, -45.468955 -57.997616, -45.463887 -57.995607, -45.458819 -57.993597, -45.453752 -57.991588, -45.448686 -57.989578, -45.443620 -57.987569, -45.438554 -57.985559, -45.433490 -57.983548, -45.428425 -57.981538, -45.423362 -57.979527, -45.418299 -57.977517, -45.413236 -57.975506, -45.408174 -57.973494, -45.403113 -57.971483, -45.398052 -57.969471, -45.392992 -57.967459, -45.387932 -57.965447, -45.382873 -57.963435, -45.377815 -57.961423, -45.372757 -57.959410, -45.367700 -57.957397, -45.362643 -57.955384, -45.357587 -57.953371, -45.352531 -57.951358, -45.347476 -57.949344, -45.342421 -57.947330, -45.337367 -57.945316, -45.332314 -57.943302, -45.327261 -57.941287, -45.322209 -57.939273, -45.317157 -57.937258, -45.312106 -57.935243, -45.307055 -57.933228, -45.302005 -57.931212, -45.296956 -57.929197, -45.291907 -57.927181, -45.286859 -57.925165, -45.281811 -57.923149, -45.276764 -57.921132, -45.271717 -57.919115, -45.266671 -57.917099, -45.261626 -57.915082, -45.256581 -57.913064, -45.251537 -57.911047, -45.246493 -57.909029, -45.241450 -57.907011, -45.236407 -57.904993, -45.231365 -57.902975, -45.226324 -57.900957, -45.221283 -57.898938, -45.216242 -57.896919, -45.211203 -57.894900, -45.206163 -57.892881, -45.201125 -57.890862, -45.196087 -57.888842, -45.191049 -57.886822, -45.186012 -57.884802, -45.180976 -57.882782, -45.175940 -57.880761, -45.170905 -57.878741, -45.165870 -57.876720, -45.160836 -57.874699, -45.155802 -57.872678, -45.150769 -57.870656, -45.145737 -57.868635, -45.140705 -57.866613, -45.135674 -57.864591, -45.130643 -57.862569, -45.125613 -57.860546, -45.120583 -57.858524, -45.115554 -57.856501, -45.110526 -57.854478, -45.105498 -57.852455, -45.100470 -57.850431, -45.095443 -57.848408, -45.090417 -57.846384, -45.085392 -57.844360, -45.080367 -57.842335, -45.075342 -57.840311, -45.070318 -57.838286, -45.065295 -57.836262, -45.060272 -57.834237, -45.055250 -57.832211, -45.050228 -57.830186, -45.045207 -57.828160, -45.040186 -57.826135, -45.035166 -57.824109, -45.030147 -57.822082, -45.025128 -57.820056, -45.020109 -57.818029, -45.015092 -57.816003, -45.010075 -57.813976, -45.005058 -57.811949, -45.000042 -57.809921, -44.995026 -57.807894, -44.990011 -57.805866, -44.984997 -57.803838, -44.979983 -57.801810, -44.974970 -57.799781, -44.969957 -57.797753, -44.964945 -57.795724, -44.959934 -57.793695, -44.954923 -57.791666, -44.949912 -57.789636, -44.944902 -57.787607, -44.939893 -57.785577, -44.934884 -57.783547, -44.929876 -57.781517, -44.924869 -57.779487, -44.919862 -57.777456, -44.914855 -57.775425, -44.909849 -57.773394, -44.904844 -57.771363, -44.899839 -57.769332, -44.894835 -57.767300, -44.889831 -57.765269, -44.884828 -57.763237, -44.879825 -57.761205, -44.874823 -57.759172, -44.869822 -57.757140, -44.864821 -57.755107, -44.859821 -57.753074, -44.854821 -57.751041, -44.849822 -57.749008, -44.844823 -57.746974, -44.839825 -57.744941, -44.834828 -57.742907, -44.829831 -57.740873, -44.824835 -57.738838, -44.819839 -57.736804, -44.814844 -57.734769, -44.809849 -57.732734, -44.804855 -57.730699, -44.799861 -57.728664, -44.794868 -57.726628, -44.789876 -57.724593, -44.784884 -57.722557, -44.779893 -57.720521, -44.774902 -57.718485, -44.769912 -57.716448, -44.764922 -57.714412, -44.759933 -57.712375, -44.754945 -57.710338, -44.749957 -57.708300, -44.744969 -57.706263, -44.739983 -57.704225, -44.734996 -57.702188, -44.730011 -57.700150, -44.725026 -57.698111, -44.720041 -57.696073, -44.715057 -57.694034, -44.710074 -57.691996, -44.705091 -57.689957, -44.700108 -57.687917, -44.695127 -57.685878, -44.690145 -57.683838, -44.685165 -57.681799, -44.680185 -57.679759, -44.675205 -57.677718, -44.670226 -57.675678, -44.665248 -57.673638, -44.660270 -57.671597, -44.655293 -57.669556, -44.650316 -57.667515, -44.645340 -57.665473, -44.640364 -57.663432, -44.635389 -57.661390, -44.630415 -57.659348, -44.625441 -57.657306, -44.620467 -57.655264, -44.615495 -57.653221, -44.610522 -57.651178, -44.605551 -57.649136, -44.600580 -57.647092, -44.595609 -57.645049, -44.590639 -57.643006, -44.585670 -57.640962, -44.580701 -57.638918, -44.575732 -57.636874, -44.570765 -57.634830, -44.565798 -57.632785, -44.560831 -57.630741, -44.555865 -57.628696, -44.550899 -57.626651, -44.545934 -57.624605, -44.540970 -57.622560, -44.536006 -57.620514, -44.531043 -57.618469, -44.526080 -57.616423, -44.521118 -57.614376, -44.516156 -57.612330, -44.511195 -57.610283, -44.506235 -57.608237, -44.501275 -57.606190, -44.496315 -57.604142, -44.491357 -57.602095, -44.486398 -57.600047, -44.481441 -57.598000, -44.476484 -57.595952, -44.471527 -57.593904, -44.466571 -57.591855, -44.461615 -57.589807, -44.456661 -57.587758, -44.451706 -57.585709, -44.446752 -57.583660, -44.441799 -57.581611, -44.436847 -57.579561, -44.431894 -57.577511, -44.426943 -57.575461, -44.421992 -57.573411, -44.417041 -57.571361, -44.412092 -57.569311, -44.407142 -57.567260, -44.402193 -57.565209, -44.397245 -57.563158, -44.392298 -57.561107, -44.387350 -57.559055, -44.382404 -57.557004, -44.377458 -57.554952, -44.372513 -57.552900, -44.367568 -57.550848, -44.362623 -57.548795, -44.357680 -57.546742, -44.352736 -57.544690, -44.347794 -57.542637, -44.342852 -57.540583, -44.337910 -57.538530, -44.332969 -57.536477, -44.328029 -57.534423, -44.323089 -57.532369, -44.318150 -57.530315, -44.313211 -57.528260, -44.308273 -57.526206, -44.303335 -57.524151, -44.298398 -57.522096, -44.293461 -57.520041, -44.288525 -57.517986, -44.283590 -57.515930, -44.278655 -57.513875, -44.273721 -57.511819, -44.268787 -57.509763, -44.263854 -57.507706, -44.258921 -57.505650, -44.253989 -57.503593, -44.249058 -57.501536, -44.244127 -57.499479, -44.239196 -57.497422, -44.234267 -57.495365, -44.229337 -57.493307, -44.224409 -57.491249, -44.219480 -57.489191, -44.214553 -57.487133, -44.209626 -57.485075, -44.204699 -57.483016, -44.199773 -57.480957, -44.194848 -57.478898, -44.189923 -57.476839, -44.184999 -57.474780, -44.180075 -57.472720, -44.175152 -57.470661, -44.170229 -57.468601, -44.165307 -57.466540, -44.160386 -57.464480, -44.155465 -57.462420, -44.150544 -57.460359, -44.145624 -57.458298, -44.140705 -57.456237, -44.135786 -57.454176, -44.130868 -57.452114, -44.125950 -57.450053, -44.121033 -57.447991, -44.116117 -57.445929, -44.111201 -57.443867, -44.106286 -57.441804, -44.101371 -57.439742, -44.096456 -57.437679, -44.091543 -57.435616, -44.086629 -57.433553, -44.081717 -57.431489, -44.076805 -57.429426, -44.071893 -57.427362, -44.066982 -57.425298, -44.062072 -57.423234, -44.057162 -57.421170, -44.052252 -57.419105, -44.047344 -57.417040, -44.042436 -57.414975, -44.037528 -57.412910, -44.032621 -57.410845, -44.027714 -57.408780, -44.022808 -57.406714, -44.017903 -57.404648, -44.012998 -57.402582, -44.008093 -57.400516, -44.003190 -57.398449, -43.998286 -57.396383, -43.993384 -57.394316, -43.988482 -57.392249, -43.983580 -57.390182, -43.978679 -57.388114, -43.973779 -57.386047, -43.968879 -57.383979, -43.963979 -57.381911, -43.959080 -57.379843, -43.954182 -57.377775, -43.949284 -57.375706, -43.944387 -57.373638, -43.939491 -57.371569, -43.934595 -57.369500, -43.929699 -57.367430, -43.924804 -57.365361, -43.919910 -57.363291, -43.915016 -57.361221, -43.910123 -57.359151, -43.905230 -57.357081, -43.900338 -57.355011, -43.895446 -57.352940, -43.890555 -57.350869, -43.885665 -57.348798, -43.880775 -57.346727, -43.875885 -57.344656, -43.870996 -57.342584, -43.866108 -57.340512, -43.861220 -57.338441, -43.856333 -57.336368, -43.851446 -57.334296, -43.846560 -57.332224, -43.841675 -57.330151, -43.836790 -57.328078, -43.831905 -57.326005, -43.827021 -57.323932, -43.822138 -57.321858, -43.817255 -57.319785, -43.812373 -57.317711, -43.807491 -57.315637, -43.802610 -57.313563, -43.797729 -57.311488, -43.792849 -57.309414, -43.787970 -57.307339, -43.783091 -57.305264, -43.778212 -57.303189, -43.773334 -57.301113, -43.768457 -57.299038, -43.763580 -57.296962, -43.758704 -57.294886, -43.753829 -57.292810, -43.748953 -57.290734, -43.744079 -57.288657, -43.739205 -57.286581, -43.734331 -57.284504, -43.729459 -57.282427, -43.724586 -57.280350, -43.719714 -57.278272, -43.714843 -57.276195, -43.709972 -57.274117, -43.705102 -57.272039, -43.700233 -57.269961, -43.695364 -57.267882, -43.690495 -57.265804, -43.685627 -57.263725, -43.680760 -57.261646, -43.675893 -57.259567, -43.671027 -57.257488, -43.666161 -57.255408, -43.661296 -57.253329, -43.656431 -57.251249, -43.651567 -57.249169, -43.646703 -57.247089, -43.641840 -57.245008, -43.636978 -57.242928, -43.632116 -57.240847, -43.627254 -57.238766, -43.622394 -57.236685, -43.617533 -57.234603, -43.612674 -57.232522, -43.607815 -57.230440, -43.602956 -57.228358, -43.598098 -57.226276, -43.593240 -57.224194, -43.588383 -57.222111, -43.583527 -57.220029, -43.578671 -57.217946, -43.573816 -57.215863, -43.568961 -57.213779, -43.564107 -57.211696, -43.559253 -57.209612, -43.554400 -57.207529, -43.549547 -57.205445, -43.544695 -57.203361, -43.539844 -57.201276, -43.534993 -57.199192, -43.530142 -57.197107, -43.525292 -57.195022, -43.520443 -57.192937, -43.515594 -57.190852, -43.510746 -57.188766, -43.505899 -57.186680, -43.501051 -57.184595, -43.496205 -57.182509, -43.491359 -57.180422, -43.486513 -57.178336, -43.481668 -57.176249, -43.476824 -57.174163, -43.471980 -57.172076, -43.467137 -57.169988, -43.462294 -57.167901, -43.457452 -57.165814, -43.452610 -57.163726, -43.447769 -57.161638, -43.442929 -57.159550, -43.438089 -57.157462, -43.433249 -57.155373, -43.428410 -57.153284, -43.423572 -57.151196, -43.418734 -57.149107, -43.413897 -57.147017, -43.409060 -57.144928, -43.404224 -57.142838, -43.399388 -57.140749, -43.394553 -57.138659, -43.389719 -57.136569, -43.384885 -57.134478, -43.380051 -57.132388, -43.375218 -57.130297, -43.370386 -57.128206, -43.365554 -57.126115, -43.360723 -57.124024, -43.355892 -57.121932, -43.351062 -57.119841, -43.346232 -57.117749, -43.341403 -57.115657, -43.336575 -57.113565, -43.331747 -57.111473, -43.326919 -57.109380, -43.322092 -57.107287, -43.317266 -57.105194, -43.312440 -57.103101, -43.307615 -57.101008, -43.302790 -57.098914, -43.297966 -57.096821, -43.293142 -57.094727, -43.288319 -57.092633, -43.283497 -57.090539, -43.278675 -57.088444, -43.273853 -57.086350, -43.269032 -57.084255, -43.264212 -57.082160, -43.259392 -57.080065, -43.254573 -57.077970, -43.249754 -57.075874, -43.244936 -57.073778, -43.240118 -57.071682, -43.235301 -57.069586, -43.230485 -57.067490, -43.225669 -57.065394, -43.220853 -57.063297, -43.216038 -57.061200, -43.211224 -57.059103, -43.206410 -57.057006, -43.201597 -57.054909, -43.196784 -57.052811, -43.191972 -57.050713, -43.187160 -57.048616, -43.182349 -57.046517, -43.177538 -57.044419, -43.172728 -57.042321, -43.167919 -57.040222, -43.163110 -57.038123, -43.158302 -57.036024, -43.153494 -57.033925, -43.148686 -57.031826, -43.143880 -57.029726, -43.139073 -57.027626, -43.134268 -57.025526, -43.129463 -57.023426, -43.124658 -57.021326, -43.119854 -57.019225, -43.115050 -57.017125, -43.110247 -57.015024, -43.105445 -57.012923, -43.100643 -57.010822, -43.095842 -57.008720, -43.091041 -57.006619, -43.086241 -57.004517, -43.081441 -57.002415, -43.076642 -57.000313, -43.071843 -56.998210, -43.067045 -56.996108, -43.062248 -56.994005, -43.057451 -56.991902, -43.052654 -56.989799, -43.047858 -56.987696, -43.043063 -56.985593, -43.038268 -56.983489, -43.033474 -56.981385, -43.028680 -56.979281, -43.023887 -56.977177, -43.019094 -56.975073, -43.014302 -56.972968, -43.009510 -56.970863, -43.004719 -56.968759, -42.999929 -56.966654, -42.995139 -56.964548, -42.990349 -56.962443, -42.985560 -56.960337, -42.980772 -56.958231, -42.975984 -56.956125, -42.971197 -56.954019, -42.966410 -56.951913, -42.961624 -56.949806, -42.956839 -56.947700, -42.952053 -56.945593, -42.947269 -56.943486, -42.942485 -56.941378, -42.937701 -56.939271, -42.932918 -56.937163, -42.928136 -56.935055, -42.923354 -56.932947, -42.918573 -56.930839, -42.913792 -56.928731, -42.909012 -56.926622, -42.904232 -56.924514, -42.899453 -56.922405, -42.894674 -56.920296, -42.889896 -56.918186, -42.885119 -56.916077, -42.880342 -56.913967, -42.875565 -56.911857, -42.870790 -56.909747, -42.866014 -56.907637, -42.861239 -56.905527, -42.856465 -56.903416, -42.851691 -56.901306, -42.846918 -56.899195, -42.842145 -56.897084, -42.837373 -56.894972, -42.832602 -56.892861, -42.827831 -56.890749, -42.823060 -56.888637, -42.818290 -56.886525, -42.813521 -56.884413, -42.808752 -56.882301, -42.803983 -56.880188, -42.799216 -56.878075, -42.794448 -56.875963, -42.789682 -56.873849, -42.784915 -56.871736, -42.780150 -56.869623, -42.775385 -56.867509, -42.770620 -56.865395, -42.765856 -56.863281, -42.761093 -56.861167, -42.756330 -56.859053, -42.751567 -56.856938, -42.746805 -56.854823, -42.742044 -56.852708, -42.737283 -56.850593, -42.732523 -56.848478, -42.727763 -56.846363, -42.723004 -56.844247, -42.718245 -56.842131, -42.713487 -56.840015, -42.708729 -56.837899, -42.703972 -56.835783, -42.699216 -56.833666, -42.694460 -56.831549, -42.689704 -56.829433, -42.684950 -56.827315, -42.680195 -56.825198, -42.675441 -56.823081, -42.670688 -56.820963, -42.665935 -56.818845, -42.661183 -56.816727, -42.656431 -56.814609, -42.651680 -56.812491, -42.646930 -56.810372, -42.642180 -56.808254, -42.637430 -56.806135, -42.632681 -56.804016, -42.627933 -56.801896, -42.623185 -56.799777, -42.618437 -56.797657, -42.613691 -56.795538, -42.608944 -56.793418, -42.604198 -56.791297, -42.599453 -56.789177, -42.594709 -56.787057, -42.589964 -56.784936, -42.585221 -56.782815, -42.580478 -56.780694, -42.575735 -56.778573, -42.570993 -56.776451, -42.566252 -56.774330, -42.561511 -56.772208, -42.556770 -56.770086, -42.552030 -56.767964, -42.547291 -56.765842, -42.542552 -56.763719, -42.537814 -56.761596, -42.533076 -56.759474, -42.528339 -56.757351, -42.523602 -56.755227, -42.518866 -56.753104, -42.514131 -56.750980, -42.509396 -56.748857, -42.504661 -56.746733, -42.499927 -56.744609, -42.495194 -56.742484, -42.490461 -56.740360, -42.485728 -56.738235, -42.480997 -56.736110, -42.476265 -56.733985, -42.471535 -56.731860, -42.466804 -56.729735, -42.462075 -56.727609, -42.457345 -56.725484, -42.452617 -56.723358, -42.447889 -56.721232, -42.443161 -56.719105, -42.438434 -56.716979, -42.433708 -56.714852, -42.428982 -56.712726, -42.424256 -56.710599, -42.419531 -56.708472, -42.414807 -56.706344, -42.410083 -56.704217, -42.405360 -56.702089, -42.400637 -56.699961, -42.395915 -56.697833, -42.391193 -56.695705, -42.386472 -56.693576, -42.381752 -56.691448, -42.377031 -56.689319, -42.372312 -56.687190, -42.367593 -56.685061, -42.362874 -56.682932, -42.358156 -56.680802, -42.353439 -56.678673, -42.348722 -56.676543, -42.344006 -56.674413, -42.339290 -56.672283, -42.334575 -56.670152, -42.329860 -56.668022, -42.325146 -56.665891, -42.320432 -56.663760, -42.315719 -56.661629, -42.311006 -56.659498, -42.306294 -56.657366, -42.301583 -56.655235, -42.296872 -56.653103, -42.292161 -56.650971, -42.287451 -56.648839, -42.282742 -56.646707, -42.278033 -56.644574, -42.273325 -56.642441, -42.268617 -56.640309, -42.263910 -56.638176, -42.259203 -56.636042, -42.254497 -56.633909, -42.249791 -56.631775, -42.245086 -56.629642, -42.240381 -56.627508, -42.235677 -56.625374, -42.230973 -56.623239, -42.226270 -56.621105, -42.221568 -56.618970, -42.216866 -56.616836, -42.212164 -56.614701, -42.207464 -56.612565, -42.202763 -56.610430, -42.198063 -56.608295, -42.193364 -56.606159, -42.188665 -56.604023, -42.183967 -56.601887, -42.179269 -56.599751, -42.174572 -56.597614, -42.169875 -56.595478, -42.165179 -56.593341, -42.160484 -56.591204, -42.155789 -56.589067, -42.151094 -56.586930, -42.146400 -56.584792, -42.141707 -56.582655, -42.137014 -56.580517, -42.132321 -56.578379, -42.127629 -56.576241, -42.122938 -56.574102, -42.118247 -56.571964, -42.113557 -56.569825, -42.108867 -56.567686, -42.104178 -56.565547, -42.099489 -56.563408, -42.094801 -56.561269, -42.090114 -56.559129, -42.085426 -56.556989, -42.080740 -56.554849, -42.076054 -56.552709, -42.071368 -56.550569, -42.066683 -56.548428, -42.061999 -56.546288, -42.057315 -56.544147, -42.052632 -56.542006, -42.047949 -56.539865, -42.043266 -56.537724, -42.038585 -56.535582, -42.033903 -56.533440, -42.029223 -56.531298, -42.024542 -56.529156, -42.019863 -56.527014, -42.015183 -56.524872, -42.010505 -56.522729, -42.005827 -56.520586, -42.001149 -56.518444, -41.996472 -56.516300, -41.991796 -56.514157, -41.987120 -56.512014, -41.982444 -56.509870, -41.977769 -56.507726, -41.973095 -56.505582, -41.968421 -56.503438, -41.963748 -56.501294, -41.959075 -56.499149, -41.954403 -56.497005, -41.949731 -56.494860, -41.945060 -56.492715, -41.940389 -56.490570, -41.935719 -56.488424, -41.931049 -56.486279, -41.926380 -56.484133, -41.921711 -56.481987, -41.917043 -56.479841, -41.912376 -56.477695, -41.907709 -56.475548, -41.903042 -56.473402, -41.898376 -56.471255, -41.893711 -56.469108, -41.889046 -56.466961, -41.884382 -56.464814, -41.879718 -56.462666, -41.875055 -56.460518, -41.870392 -56.458371, -41.865730 -56.456223, -41.861068 -56.454074, -41.856407 -56.451926, -41.851746 -56.449778, -41.847086 -56.447629, -41.842426 -56.445480, -41.837767 -56.443331, -41.833109 -56.441182, -41.828450 -56.439032, -41.823793 -56.436883, -41.819136 -56.434733, -41.814480 -56.432583, -41.809824 -56.430433, -41.805168 -56.428283, -41.800513 -56.426132, -41.795859 -56.423982, -41.791205 -56.421831, -41.786552 -56.419680, -41.781899 -56.417529, -41.777247 -56.415377, -41.772595 -56.413226, -41.767944 -56.411074, -41.763293 -56.408922, -41.758643 -56.406770, -41.753993 -56.404618, -41.749344 -56.402466, -41.744696 -56.400313, -41.740048 -56.398161, -41.735400 -56.396008, -41.730753 -56.393855, -41.726107 -56.391701, -41.721461 -56.389548, -41.716815 -56.387394, -41.712171 -56.385241, -41.707526 -56.383087, -41.702882 -56.380933, -41.698239 -56.378778, -41.693596 -56.376624, -41.688954 -56.374469, -41.684312 -56.372315, -41.679671 -56.370160, -41.675030 -56.368004, -41.670390 -56.365849, -41.665751 -56.363694, -41.661112 -56.361538, -41.656473 -56.359382, -41.651835 -56.357226, -41.647197 -56.355070, -41.642560 -56.352914, -41.637924 -56.350757, -41.633288 -56.348600, -41.628652 -56.346444, -41.624018 -56.344287, -41.619383 -56.342129, -41.614749 -56.339972, -41.610116 -56.337814, -41.605483 -56.335657, -41.600851 -56.333499, -41.596219 -56.331341, -41.591588 -56.329182, -41.586957 -56.327024, -41.582327 -56.324865, -41.577697 -56.322707, -41.573068 -56.320548, -41.568439 -56.318389, -41.563811 -56.316229, -41.559184 -56.314070, -41.554557 -56.311910, -41.549930 -56.309750, -41.545304 -56.307590, -41.540679 -56.305430, -41.536054 -56.303270, -41.531429 -56.301109, -41.526805 -56.298949, -41.522182 -56.296788, -41.517559 -56.294627, -41.512937 -56.292466, -41.508315 -56.290304, -41.503694 -56.288143, -41.499073 -56.285981, -41.494452 -56.283819, -41.489833 -56.281657, -41.485214 -56.279495, -41.480595 -56.277333, -41.475977 -56.275170, -41.471359 -56.273007, -41.466742 -56.270844, -41.462125 -56.268681, -41.457509 -56.266518, -41.452894 -56.264355, -41.448279 -56.262191, -41.443664 -56.260027, -41.439050 -56.257863, -41.434437 -56.255699, -41.429824 -56.253535, -41.425211 -56.251371, -41.420599 -56.249206, -41.415988 -56.247041, -41.411377 -56.244876, -41.406767 -56.242711, -41.402157 -56.240546, -41.397548 -56.238380, -41.392939 -56.236215, -41.388331 -56.234049, -41.383723 -56.231883, -41.379116 -56.229717, -41.374509 -56.227550, -41.369903 -56.225384, -41.365297 -56.223217, -41.360692 -56.221050, -41.356087 -56.218883, -41.351483 -56.216716, -41.346880 -56.214549, -41.342277 -56.212381, -41.337674 -56.210214, -41.333072 -56.208046, -41.328471 -56.205878, -41.323870 -56.203709, -41.319269 -56.201541, -41.314669 -56.199372, -41.310070 -56.197204, -41.305471 -56.195035, -41.300873 -56.192866, -41.296275 -56.190697, -41.291677 -56.188527, -41.287081 -56.186358, -41.282484 -56.184188, -41.277888 -56.182018, -41.273293 -56.179848, -41.268698 -56.177678, -41.264104 -56.175507, -41.259511 -56.173336, -41.254917 -56.171166, -41.250325 -56.168995, -41.245733 -56.166824, -41.241141 -56.164652, -41.236550 -56.162481, -41.231959 -56.160309, -41.227369 -56.158138, -41.222780 -56.155966, -41.218191 -56.153793, -41.213602 -56.151621, -41.209014 -56.149449, -41.204427 -56.147276, -41.199840 -56.145103, -41.195253 -56.142930, -41.190667 -56.140757, -41.186082 -56.138584, -41.181497 -56.136410, -41.176913 -56.134237, -41.172329 -56.132063, -41.167746 -56.129889, -41.163163 -56.127715, -41.158581 -56.125540, -41.153999 -56.123366, -41.149418 -56.121191, -41.144837 -56.119016, -41.140257 -56.116841, -41.135677 -56.114666, -41.131098 -56.112491, -41.126519 -56.110315, -41.121941 -56.108139, -41.117363 -56.105964, -41.112786 -56.103788, -41.108210 -56.101611, -41.103634 -56.099435, -41.099058 -56.097258, -41.094483 -56.095082, -41.089909 -56.092905, -41.085335 -56.090728, -41.080761 -56.088551, -41.076188 -56.086373, -41.071616 -56.084196, -41.067044 -56.082018, -41.062472 -56.079840, -41.057901 -56.077662, -41.053331 -56.075484, -41.048761 -56.073305, -41.044192 -56.071127, -41.039623 -56.068948, -41.035055 -56.066769, -41.030487 -56.064590, -41.025920 -56.062411, -41.021353 -56.060231, -41.016787 -56.058052, -41.012221 -56.055872, -41.007656 -56.053692, -41.003091 -56.051512, -40.998527 -56.049332, -40.993963 -56.047151, -40.989400 -56.044971, -40.984837 -56.042790, -40.980275 -56.040609, -40.975714 -56.038428, -40.971153 -56.036247, -40.966592 -56.034065, -40.962032 -56.031884, -40.957472 -56.029702, -40.952913 -56.027520, -40.948355 -56.025338, -40.943797 -56.023156, -40.939239 -56.020973, -40.934682 -56.018791, -40.930126 -56.016608, -40.925570 -56.014425, -40.921015 -56.012242, -40.916460 -56.010058, -40.911905 -56.007875, -40.907351 -56.005691, -40.902798 -56.003508, -40.898245 -56.001324, -40.893693 -55.999139, -40.889141 -55.996955, -40.884590 -55.994771, -40.880039 -55.992586, -40.875489 -55.990401, -40.870939 -55.988216, -40.866390 -55.986031, -40.861841 -55.983846, -40.857293 -55.981660, -40.852745 -55.979475, -40.848198 -55.977289, -40.843651 -55.975103, -40.839105 -55.972917, -40.834559 -55.970731, -40.830014 -55.968544, -40.825470 -55.966358, -40.820925 -55.964171, -40.816382 -55.961984, -40.811839 -55.959797, -40.807296 -55.957609, -40.802754 -55.955422, -40.798213 -55.953234, -40.793672 -55.951046, -40.789131 -55.948858, -40.784591 -55.946670, -40.780052 -55.944482, -40.775513 -55.942294, -40.770974 -55.940105, -40.766436 -55.937916, -40.761899 -55.935727, -40.757362 -55.933538, -40.752825 -55.931349, -40.748289 -55.929159, -40.743754 -55.926970, -40.739219 -55.924780, -40.734685 -55.922590, -40.730151 -55.920400, -40.725618 -55.918209, -40.721085 -55.916019, -40.716553 -55.913828, -40.712021 -55.911638, -40.707489 -55.909447, -40.702959 -55.907255, -40.698428 -55.905064, -40.693899 -55.902873, -40.689369 -55.900681, -40.684841 -55.898489, -40.680312 -55.896297, -40.675785 -55.894105, -40.671258 -55.891913, -40.666731 -55.889720, -40.662205 -55.887528, -40.657679 -55.885335, -40.653154 -55.883142, -40.648629 -55.880949, -40.644105 -55.878756, -40.639582 -55.876562, -40.635058 -55.874368, -40.630536 -55.872175, -40.626014 -55.869981, -40.621492 -55.867787, -40.616971 -55.865592, -40.612451 -55.863398, -40.607931 -55.861203, -40.603411 -55.859008, -40.598892 -55.856814, -40.594373 -55.854618, -40.589856 -55.852423, -40.585338 -55.850228, -40.580821 -55.848032, -40.576305 -55.845836, -40.571789 -55.843640, -40.567273 -55.841444, -40.562758 -55.839248, -40.558244 -55.837052, -40.553730 -55.834855, -40.549217 -55.832658, -40.544704 -55.830461, -40.540191 -55.828264, -40.535679 -55.826067, -40.531168 -55.823869, -40.526657 -55.821672, -40.522147 -55.819474, -40.517637 -55.817276, -40.513128 -55.815078, -40.508619 -55.812880, -40.504111 -55.810681, -40.499603 -55.808483, -40.495095 -55.806284, -40.490589 -55.804085, -40.486082 -55.801886, -40.481577 -55.799687, -40.477071 -55.797487, -40.472567 -55.795288, -40.468062 -55.793088, -40.463559 -55.790888, -40.459055 -55.788688, -40.454553 -55.786488, -40.450051 -55.784287, -40.445549 -55.782087, -40.441048 -55.779886, -40.436547 -55.777685, -40.432047 -55.775484, -40.427547 -55.773283, -40.423048 -55.771082, -40.418549 -55.768880, -40.414051 -55.766678, -40.409554 -55.764476, -40.405056 -55.762274, -40.400560 -55.760072, -40.396064 -55.757870, -40.391568 -55.755667, -40.387073 -55.753465, -40.382579 -55.751262, -40.378084 -55.749059, -40.373591 -55.746856, -40.369098 -55.744652, -40.364605 -55.742449, -40.360113 -55.740245, -40.355622 -55.738041, -40.351131 -55.735837, -40.346640 -55.733633, -40.342150 -55.731429, -40.337661 -55.729224, -40.333172 -55.727019, -40.328683 -55.724815, -40.324195 -55.722610, -40.319708 -55.720405, -40.315221 -55.718199, -40.310734 -55.715994, -40.306248 -55.713788, -40.301763 -55.711582, -40.297278 -55.709376, -40.292793 -55.707170, -40.288310 -55.704964, -40.283826 -55.702757, -40.279343 -55.700551, -40.274861 -55.698344, -40.270379 -55.696137, -40.265897 -55.693930, -40.261417 -55.691723, -40.256936 -55.689515, -40.252456 -55.687308, -40.247977 -55.685100, -40.243498 -55.682892, -40.239020 -55.680684, -40.234542 -55.678476, -40.230064 -55.676267, -40.225588 -55.674059, -40.221111 -55.671850, -40.216635 -55.669641, -40.212160 -55.667432, -40.207685 -55.665223, -40.203211 -55.663013, -40.198737 -55.660804, -40.194264 -55.658594, -40.189791 -55.656384, -40.185319 -55.654174, -40.180847 -55.651964, -40.176376 -55.649753, -40.171905 -55.647543, -40.167435 -55.645332, -40.162965 -55.643121, -40.158495 -55.640910, -40.154027 -55.638699, -40.149558 -55.636488, -40.145091 -55.634276, -40.140623 -55.632065, -40.136157 -55.629853, -40.131690 -55.627641, -40.127225 -55.625429, -40.122759 -55.623216, -40.118295 -55.621004, -40.113830 -55.618791, -40.109367 -55.616578, -40.104904 -55.614365, -40.100441 -55.612152, -40.095979 -55.609939, -40.091517 -55.607726, -40.087056 -55.605512, -40.082595 -55.603298, -40.078135 -55.601084, -40.073675 -55.598870, -40.069216 -55.596656, -40.064757 -55.594441, -40.060299 -55.592227, -40.055841 -55.590012, -40.051384 -55.587797, -40.046927 -55.585582, -40.042471 -55.583367, -40.038016 -55.581151, -40.033560 -55.578936, -40.029106 -55.576720, -40.024652 -55.574504, -40.020198 -55.572288, -40.015745 -55.570072, -40.011292 -55.567856, -40.006840 -55.565639, -40.002388 -55.563422, -39.997937 -55.561206, -39.993487 -55.558989, -39.989036 -55.556771, -39.984587 -55.554554, -39.980138 -55.552337, -39.975689 -55.550119, -39.971241 -55.547901, -39.966793 -55.545683, -39.962346 -55.543465, -39.957899 -55.541247, -39.953453 -55.539028, -39.949008 -55.536810, -39.944563 -55.534591, -39.940118 -55.532372, -39.935674 -55.530153, -39.931230 -55.527934, -39.926787 -55.525714, -39.922344 -55.523495, -39.917902 -55.521275, -39.913461 -55.519055, -39.909020 -55.516835, -39.904579 -55.514615, -39.900139 -55.512394, -39.895699 -55.510174, -39.891260 -55.507953, -39.886821 -55.505732, -39.882383 -55.503511, -39.877946 -55.501290, -39.873509 -55.499069, -39.869072 -55.496847, -39.864636 -55.494625, -39.860200 -55.492404, -39.855765 -55.490182, -39.851331 -55.487959, -39.846897 -55.485737, -39.842463 -55.483515, -39.838030 -55.481292, -39.833597 -55.479069, -39.829165 -55.476846, -39.824733 -55.474623, -39.820302 -55.472400, -39.815872 -55.470176, -39.811442 -55.467953, -39.807012 -55.465729, -39.802583 -55.463505, -39.798154 -55.461281, -39.793726 -55.459057, -39.789299 -55.456832, -39.784872 -55.454608, -39.780445 -55.452383, -39.776019 -55.450158, -39.771593 -55.447933, -39.767168 -55.445708, -39.762743 -55.443483, -39.758319 -55.441257, -39.753896 -55.439032, -39.749473 -55.436806, -39.745050 -55.434580, -39.740628 -55.432354, -39.736206 -55.430127, -39.731785 -55.427901, -39.727365 -55.425674, -39.722944 -55.423447, -39.718525 -55.421220, -39.714106 -55.418993, -39.709687 -55.416766, -39.705269 -55.414539, -39.700851 -55.412311, -39.696434 -55.410083, -39.692017 -55.407855, -39.687601 -55.405627, -39.683186 -55.403399, -39.678771 -55.401171, -39.674356 -55.398942, -39.669942 -55.396713, -39.665528 -55.394485, -39.661115 -55.392256, -39.656702 -55.390026, -39.652290 -55.387797, -39.647879 -55.385568, -39.643467 -55.383338, -39.639057 -55.381108, -39.634647 -55.378878, -39.630237 -55.376648, -39.625828 -55.374418, -39.621419 -55.372187, -39.617011 -55.369957, -39.612603 -55.367726, -39.608196 -55.365495, -39.603789 -55.363264, -39.599383 -55.361033, -39.594977 -55.358801, -39.590572 -55.356570, -39.586167 -55.354338, -39.581763 -55.352106, -39.577360 -55.349874, -39.572956 -55.347642, -39.568554 -55.345410, -39.564151 -55.343177, -39.559750 -55.340944, -39.555348 -55.338712, -39.550948 -55.336479, -39.546548 -55.334246, -39.542148 -55.332012, -39.537749 -55.329779, -39.533350 -55.327545, -39.528952 -55.325311, -39.524554 -55.323078, -39.520157 -55.320843, -39.515760 -55.318609, -39.511364 -55.316375, -39.506968 -55.314140, -39.502572 -55.311906, -39.498178 -55.309671, -39.493783 -55.307436, -39.489390 -55.305200, -39.484996 -55.302965, -39.480604 -55.300730, -39.476211 -55.298494, -39.471819 -55.296258, -39.467428 -55.294022, -39.463037 -55.291786, -39.458647 -55.289550, -39.454257 -55.287313, -39.449868 -55.285077, -39.445479 -55.282840, -39.441091 -55.280603, -39.436703 -55.278366, -39.432315 -55.276129, -39.427928 -55.273891, -39.423542 -55.271654, -39.419156 -55.269416, -39.414771 -55.267178, -39.410386 -55.264940, -39.406002 -55.262702, -39.401618 -55.260464, -39.397234 -55.258225, -39.392851 -55.255986, -39.388469 -55.253748, -39.384087 -55.251509, -39.379706 -55.249270, -39.375325 -55.247030, -39.370944 -55.244791, -39.366564 -55.242551, -39.362185 -55.240312, -39.357806 -55.238072, -39.353427 -55.235832, -39.349049 -55.233591, -39.344672 -55.231351, -39.340295 -55.229110, -39.335918 -55.226870, -39.331542 -55.224629, -39.327167 -55.222388, -39.322792 -55.220147, -39.318417 -55.217905, -39.314043 -55.215664, -39.309670 -55.213422, -39.305297 -55.211181, -39.300924 -55.208939, -39.296552 -55.206697, -39.292181 -55.204454, -39.287810 -55.202212, -39.283439 -55.199969, -39.279069 -55.197727, -39.274699 -55.195484, -39.270330 -55.193241, -39.265961 -55.190997, -39.261593 -55.188754, -39.257226 -55.186511, -39.252859 -55.184267, -39.248492 -55.182023, -39.244126 -55.179779, -39.239760 -55.177535, -39.235395 -55.175291, -39.231030 -55.173046, -39.226666 -55.170802, -39.222302 -55.168557, -39.217939 -55.166312, -39.213576 -55.164067, -39.209214 -55.161822, -39.204853 -55.159576, -39.200491 -55.157331, -39.196131 -55.155085, -39.191770 -55.152839, -39.187410 -55.150593, -39.183051 -55.148347, -39.178692 -55.146101, -39.174334 -55.143854, -39.169976 -55.141608, -39.165619 -55.139361, -39.161262 -55.137114, -39.156906 -55.134867, -39.152550 -55.132620, -39.148195 -55.130372, -39.143840 -55.128125, -39.139485 -55.125877, -39.135132 -55.123629, -39.130778 -55.121381, -39.126425 -55.119133, -39.122073 -55.116885, -39.117721 -55.114636, -39.113369 -55.112388, -39.109019 -55.110139, -39.104668 -55.107890, -39.100318 -55.105641, -39.095969 -55.103392, -39.091620 -55.101142, -39.087271 -55.098893, -39.082923 -55.096643, -39.078576 -55.094393, -39.074229 -55.092143, -39.069882 -55.089893, -39.065536 -55.087642, -39.061190 -55.085392, -39.056845 -55.083141, -39.052501 -55.080891, -39.048157 -55.078640, -39.043813 -55.076388, -39.039470 -55.074137, -39.035127 -55.071886, -39.030785 -55.069634, -39.026444 -55.067382, -39.022102 -55.065131, -39.017762 -55.062879, -39.013422 -55.060626, -39.009082 -55.058374, -39.004743 -55.056121, -39.000404 -55.053869, -38.996066 -55.051616, -38.991728 -55.049363, -38.987391 -55.047110, -38.983054 -55.044857, -38.978718 -55.042603, -38.974382 -55.040350, -38.970047 -55.038096, -38.965712 -55.035842, -38.961377 -55.033588, -38.957044 -55.031334, -38.952710 -55.029079, -38.948377 -55.026825, -38.944045 -55.024570, -38.939713 -55.022315, -38.935382 -55.020061, -38.931051 -55.017805, -38.926720 -55.015550, -38.922390 -55.013295, -38.918061 -55.011039, -38.913732 -55.008783, -38.909404 -55.006527, -38.905076 -55.004271, -38.900748 -55.002015, -38.896421 -54.999759, -38.892094 -54.997502, -38.887768 -54.995246, -38.883443 -54.992989, -38.879118 -54.990732, -38.874793 -54.988475, -38.870469 -54.986218, -38.866145 -54.983960, -38.861822 -54.981703, -38.857500 -54.979445, -38.853178 -54.977187, -38.848856 -54.974929, -38.844535 -54.972671, -38.840214 -54.970412, -38.835894 -54.968154, -38.831574 -54.965895, -38.827255 -54.963636, -38.822936 -54.961377, -38.818618 -54.959118, -38.814300 -54.956859, -38.809983 -54.954600, -38.805666 -54.952340, -38.801350 -54.950080, -38.797034 -54.947821, -38.792718 -54.945561, -38.788404 -54.943300, -38.784089 -54.941040, -38.779775 -54.938780, -38.775462 -54.936519, -38.771149 -54.934258, -38.766836 -54.931997, -38.762525 -54.929736, -38.758213 -54.927475, -38.753902 -54.925213, -38.749592 -54.922952, -38.745282 -54.920690, -38.740972 -54.918428, -38.736663 -54.916166, -38.732354 -54.913904, -38.728046 -54.911642, -38.723739 -54.909379, -38.719432 -54.907117, -38.715125 -54.904854, -38.710819 -54.902591, -38.706513 -54.900328, -38.702208 -54.898065, -38.697903 -54.895801, -38.693599 -54.893538, -38.689295 -54.891274, -38.684992 -54.889010, -38.680689 -54.886746, -38.676387 -54.884482, -38.672085 -54.882218, -38.667784 -54.879953, -38.663483 -54.877689, -38.659183 -54.875424, -38.654883 -54.873159, -38.650584 -54.870894, -38.646285 -54.868629, -38.641986 -54.866364, -38.637688 -54.864098, -38.633391 -54.861832, -38.629094 -54.859567, -38.624797 -54.857301, -38.620501 -54.855035, -38.616206 -54.852768, -38.611911 -54.850502, -38.607616 -54.848235, -38.603322 -54.845969, -38.599029 -54.843702, -38.594736 -54.841435, -38.590443 -54.839167, -38.586151 -54.836900, -38.581859 -54.834633, -38.577568 -54.832365, -38.573277 -54.830097, -38.568987 -54.827829, -38.564697 -54.825561, -38.560408 -54.823293, -38.556119 -54.821025, -38.551831 -54.818756, -38.547543 -54.816487, -38.543256 -54.814219, -38.538969 -54.811950, -38.534683 -54.809680, -38.530397 -54.807411, -38.526112 -54.805142, -38.521827 -54.802872, -38.517542 -54.800602, -38.513258 -54.798332, -38.508975 -54.796062, -38.504692 -54.793792, -38.500409 -54.791522, -38.496127 -54.789251, -38.491846 -54.786981, -38.487565 -54.784710, -38.483284 -54.782439, -38.479004 -54.780168, -38.474724 -54.777897, -38.470445 -54.775625, -38.466167 -54.773354, -38.461888 -54.771082, -38.457611 -54.768810, -38.453333 -54.766538, -38.449057 -54.764266, -38.444780 -54.761994, -38.440505 -54.759721, -38.436229 -54.757449, -38.431955 -54.755176, -38.427680 -54.752903, -38.423406 -54.750630, -38.419133 -54.748357, -38.414860 -54.746083, -38.410588 -54.743810, -38.406316 -54.741536, -38.402044 -54.739262, -38.397773 -54.736988, -38.393503 -54.734714, -38.389233 -54.732440, -38.384963 -54.730166, -38.380694 -54.727891, -38.376426 -54.725616, -38.372158 -54.723341, -38.367890 -54.721066, -38.363623 -54.718791, -38.359356 -54.716516, -38.355090 -54.714241, -38.350824 -54.711965, -38.346559 -54.709689, -38.342294 -54.707413, -38.338030 -54.705137, -38.333766 -54.702861, -38.329503 -54.700585, -38.325240 -54.698308, -38.320978 -54.696031, -38.316716 -54.693755, -38.312454 -54.691478, -38.308193 -54.689201, -38.303933 -54.686923, -38.299673 -54.684646, -38.295414 -54.682368, -38.291155 -54.680091, -38.286896 -54.677813, -38.282638 -54.675535, -38.278380 -54.673257, -38.274123 -54.670978, -38.269867 -54.668700, -38.265611 -54.666421, -38.261355 -54.664143, -38.257100 -54.661864, -38.252845 -54.659585, -38.248591 -54.657305, -38.244337 -54.655026, -38.240084 -54.652747, -38.235831 -54.650467, -38.231579 -54.648187, -38.227327 -54.645907, -38.223075 -54.643627, -38.218824 -54.641347, -38.214574 -54.639067, -38.210324 -54.636786, -38.206075 -54.634505, -38.201826 -54.632225, -38.197577 -54.629944, -38.193329 -54.627662, -38.189082 -54.625381, -38.184834 -54.623100, -38.180588 -54.620818, -38.176342 -54.618536, -38.172096 -54.616255, -38.167851 -54.613973, -38.163606 -54.611690, -38.159362 -54.609408, -38.155118 -54.607126, -38.150875 -54.604843, -38.146632 -54.602560, -38.142390 -54.600277, -38.138148 -54.597994, -38.133907 -54.595711, -38.129666 -54.593428, -38.125425 -54.591144, -38.121185 -54.588861, -38.116946 -54.586577, -38.112707 -54.584293, -38.108468 -54.582009, -38.104230 -54.579724, -38.099993 -54.577440, -38.095756 -54.575155, -38.091519 -54.572871, -38.087283 -54.570586, -38.083047 -54.568301, -38.078812 -54.566016, -38.074577 -54.563731, -38.070343 -54.561445, -38.066109 -54.559160, -38.061876 -54.556874, -38.057643 -54.554588, -38.053411 -54.552302, -38.049179 -54.550016, -38.044948 -54.547729, -38.040717 -54.545443, -38.036486 -54.543156, -38.032256 -54.540870, -38.028027 -54.538583, -38.023798 -54.536296, -38.019569 -54.534008, -38.015341 -54.531721, -38.011113 -54.529434, -38.006886 -54.527146, -38.002660 -54.524858, -37.998433 -54.522570, -37.994208 -54.520282, -37.989983 -54.517994, -37.985758 -54.515706, -37.981533 -54.513417, -37.977310 -54.511128, -37.973086 -54.508840, -37.968863 -54.506551, -37.964641 -54.504261, -37.960419 -54.501972, -37.956198 -54.499683, -37.951977 -54.497393, -37.947756 -54.495104, -37.943536 -54.492814, -37.939317 -54.490524, -37.935098 -54.488234, -37.930879 -54.485943, -37.926661 -54.483653, -37.922443 -54.481362, -37.918226 -54.479072, -37.914009 -54.476781, -37.909793 -54.474490, -37.905577 -54.472198, -37.901362 -54.469907, -37.897147 -54.467616, -37.892933 -54.465324, -37.888719 -54.463032, -37.884505 -54.460740, -37.880292 -54.458448, -37.876080 -54.456156, -37.871868 -54.453864, -37.867656 -54.451571, -37.863445 -54.449279, -37.859235 -54.446986, -37.855025 -54.444693, -37.850815 -54.442400, -37.846606 -54.440107, -37.842397 -54.437813, -37.838189 -54.435520, -37.833981 -54.433226, -37.829774 -54.430932, -37.825567 -54.428638, -37.821361 -54.426344, -37.817155 -54.424050, -37.812949 -54.421756, -37.808744 -54.419461, -37.804540 -54.417166, -37.800336 -54.414872, -37.796132 -54.412577, -37.791929 -54.410282, -37.787727 -54.407986, -37.783525 -54.405691, -37.779323 -54.403395, -37.775122 -54.401100, -37.770921 -54.398804, -37.766721 -54.396508, -37.762521 -54.394212, -37.758322 -54.391915, -37.754123 -54.389619, -37.749925 -54.387322, -37.745727 -54.385026, -37.741529 -54.382729, -37.737333 -54.380432, -37.733136 -54.378135, -37.728940 -54.375837, -37.724745 -54.373540, -37.720549 -54.371242, -37.716355 -54.368944, -37.712161 -54.366647, -37.707967 -54.364349, -37.703774 -54.362050, -37.699581 -54.359752, -37.695389 -54.357454, -37.691197 -54.355155, -37.687006 -54.352856, -37.682815 -54.350557, -37.678625 -54.348258, -37.674435 -54.345959, -37.670245 -54.343660, -37.666056 -54.341360, -37.661868 -54.339061, -37.657680 -54.336761, -37.653492 -54.334461, -37.649305 -54.332161, -37.645119 -54.329861, -37.640932 -54.327560, -37.636747 -54.325260, -37.632562 -54.322959, -37.628377 -54.320658, -37.624192 -54.318357, -37.620009 -54.316056, -37.615825 -54.313755, -37.611642 -54.311454, -37.607460 -54.309152, -37.603278 -54.306851, -37.599097 -54.304549, -37.594916 -54.302247, -37.590735 -54.299945, -37.586555 -54.297642, -37.582375 -54.295340, -37.578196 -54.293038, -37.574018 -54.290735, -37.569839 -54.288432, -37.565662 -54.286129, -37.561484 -54.283826, -37.557308 -54.281523, -37.553131 -54.279219, -37.548955 -54.276916, -37.544780 -54.274612, -37.540605 -54.272308, -37.536431 -54.270004, -37.532257 -54.267700, -37.528083 -54.265396, -37.523910 -54.263092, -37.519737 -54.260787, -37.515565 -54.258482, -37.511394 -54.256178, -37.507222 -54.253873, -37.503052 -54.251567, -37.498881 -54.249262, -37.494712 -54.246957, -37.490542 -54.244651, -37.486373 -54.242345, -37.482205 -54.240040, -37.478037 -54.237734, -37.473870 -54.235428, -37.469703 -54.233121, -37.465536 -54.230815, -37.461370 -54.228508, -37.457204 -54.226202, -37.453039 -54.223895, -37.448875 -54.221588, -37.444710 -54.219281, -37.440547 -54.216973, -37.436383 -54.214666, -37.432220 -54.212358, -37.428058 -54.210051, -37.423896 -54.207743, -37.419735 -54.205435, -37.415574 -54.203127, -37.411413 -54.200818, -37.407253 -54.198510, -37.403094 -54.196201, -37.398935 -54.193893, -37.394776 -54.191584, -37.390618 -54.189275, -37.386460 -54.186966, -37.382303 -54.184656, -37.378146 -54.182347, -37.373990 -54.180037, -37.369834 -54.177728, -37.365679 -54.175418, -37.361524 -54.173108, -37.357369 -54.170798, -37.353215 -54.168487, -37.349062 -54.166177, -37.344909 -54.163866, -37.340756 -54.161556, -37.336604 -54.159245, -37.332452 -54.156934, -37.328301 -54.154623, -37.324150 -54.152311, -37.320000 -54.150000))
