MULTILINESTRING ((-6.350000 36.780000, -6.388869 36.747595, -6.427705 36.715178, -6.466508 36.682748, -6.505278 36.650305, -6.544016 36.617850, -6.582721 36.585383, -6.621394 36.552902, -6.660034 36.520410, -6.698642 36.487905, -6.737217 36.455387, -6.775760 36.422857, -6.814271 36.390315, -6.852749 36.357760, -6.891195 36.325193, -6.929610 36.292614, -6.967992 36.260023, -7.006342 36.227419, -7.044660 36.194803, -7.082946 36.162175, -7.121200 36.129534, -7.159423 36.096882, -7.197613 36.064217, -7.235772 36.031540, -7.273900 35.998851, -7.311995 35.966150, -7.350060 35.933437, -7.388092 35.900712, -7.426094 35.867975, -7.464064 35.835227, -7.502002 35.802466, -7.539909 35.769693, -7.577785 35.736908, -7.615630 35.704112, -7.653444 35.671304, -7.691227 35.638483, -7.728978 35.605651, -7.766699 35.572808, -7.804389 35.539952, -7.842047 35.507085, -7.879675 35.474206, -7.917273 35.441316, -7.954839 35.408414, -7.992375 35.375500, -8.029880 35.342575, -8.067355 35.309638, -8.104799 35.276689, -8.142213 35.243729, -8.179596 35.210758, -8.216949 35.177775, -8.254272 35.144780, -8.291564 35.111774, -8.328827 35.078757, -8.366059 35.045728, -8.403261 35.012688, -8.440432 34.979637, -8.477574 34.946574, -8.514686 34.913500, -8.551768 34.880415, -8.588821 34.847318, -8.625843 34.814210, -8.662836 34.781091, -8.699799 34.747961, -8.736732 34.714820, -8.773636 34.681667, -8.810510 34.648504, -8.847355 34.615329, -8.884170 34.582143, -8.920956 34.548947, -8.957712 34.515739, -8.994440 34.482520, -9.031138 34.449290, -9.067806 34.416049, -9.104446 34.382798, -9.141056 34.349535, -9.177638 34.316262, -9.214191 34.282977, -9.250714 34.249682, -9.287209 34.216376, -9.323675 34.183059, -9.360112 34.149732, -9.396520 34.116394, -9.432899 34.083044, -9.469250 34.049685, -9.505573 34.016314, -9.541867 33.982933, -9.578132 33.949541, -9.614369 33.916139, -9.650577 33.882726, -9.686757 33.849302, -9.722909 33.815868, -9.759033 33.782423, -9.795128 33.748968, -9.831195 33.715502, -9.867234 33.682026, -9.903245 33.648540, -9.939228 33.615043, -9.975183 33.581535, -10.011110 33.548017, -10.047009 33.514489, -10.082881 33.480950, -10.118724 33.447401, -10.154540 33.413842, -10.190329 33.380273, -10.226089 33.346693, -10.261822 33.313103, -10.297528 33.279503, -10.333206 33.245892, -10.368857 33.212272, -10.404480 33.178641, -10.440076 33.145000, -10.475644 33.111349, -10.511186 33.077688, -10.546700 33.044017, -10.582187 33.010336, -10.617647 32.976644, -10.653080 32.942943, -10.688485 32.909232, -10.723864 32.875510, -10.759216 32.841779, -10.794541 32.808038, -10.829840 32.774287, -10.865111 32.740526, -10.900356 32.706755, -10.935574 32.672975, -10.970766 32.639184, -11.005931 32.605384, -11.041069 32.571574, -11.076181 32.537754, -11.111267 32.503924, -11.146326 32.470085, -11.181358 32.436236, -11.216365 32.402377, -11.251345 32.368509, -11.286299 32.334631, -11.321227 32.300743, -11.356129 32.266846, -11.391004 32.232939, -11.425854 32.199023, -11.460678 32.165097, -11.495475 32.131161, -11.530247 32.097216, -11.564993 32.063262, -11.599713 32.029298, -11.634408 31.995324, -11.669077 31.961341, -11.703720 31.927349, -11.738337 31.893347, -11.772929 31.859336, -11.807496 31.825316, -11.842037 31.791286, -11.876552 31.757247, -11.911042 31.723198, -11.945507 31.689141, -11.979947 31.655074, -12.014361 31.620998, -12.048750 31.586912, -12.083114 31.552818, -12.117453 31.518714, -12.151767 31.484601, -12.186055 31.450479, -12.220319 31.416348, -12.254558 31.382207, -12.288772 31.348058, -12.322961 31.313900, -12.357125 31.279732, -12.391265 31.245555, -12.425380 31.211370, -12.459470 31.177175, -12.493536 31.142972, -12.527577 31.108759, -12.561593 31.074538, -12.595585 31.040307, -12.629553 31.006068, -12.663496 30.971820, -12.697415 30.937563, -12.731310 30.903297, -12.765180 30.869022, -12.799026 30.834739, -12.832848 30.800447, -12.866646 30.766145, -12.900419 30.731836, -12.934169 30.697517, -12.967894 30.663190, -13.001596 30.628854, -13.035274 30.594509, -13.068928 30.560156, -13.102558 30.525794, -13.136164 30.491423, -13.169747 30.457044, -13.203306 30.422656, -13.236841 30.388260, -13.270352 30.353855, -13.303841 30.319441, -13.337305 30.285019, -13.370746 30.250589, -13.404164 30.216149, -13.437558 30.181702, -13.470929 30.147246, -13.504276 30.112782, -13.537601 30.078309, -13.570902 30.043828, -13.604180 30.009338, -13.637435 29.974840, -13.670666 29.940334, -13.703875 29.905819, -13.737061 29.871296, -13.770223 29.836765, -13.803363 29.802225, -13.836480 29.767678, -13.869574 29.733122, -13.902645 29.698557, -13.935694 29.663985, -13.968719 29.629404, -14.001722 29.594815, -14.034703 29.560218, -14.067661 29.525613, -14.100596 29.491000, -14.133509 29.456379, -14.166399 29.421749, -14.199267 29.387112, -14.232113 29.352466, -14.264936 29.317813, -14.297737 29.283151, -14.330516 29.248481, -14.363272 29.213804, -14.396007 29.179118, -14.428719 29.144424, -14.461409 29.109723, -14.494077 29.075014, -14.526723 29.040296, -14.559347 29.005571, -14.591950 28.970838, -14.624530 28.936097, -14.657089 28.901348, -14.689625 28.866592, -14.722140 28.831827, -14.754633 28.797055, -14.787105 28.762275, -14.819555 28.727487, -14.851983 28.692692, -14.884390 28.657889, -14.916775 28.623078, -14.949139 28.588259, -14.981481 28.553433, -15.013802 28.518599, -15.046102 28.483757, -15.078380 28.448908, -15.110637 28.414051, -15.142873 28.379187, -15.175088 28.344315, -15.207281 28.309435, -15.239453 28.274548, -15.271605 28.239654, -15.303735 28.204751, -15.335844 28.169842, -15.367933 28.134925, -15.400000 28.100000, -15.419707 28.058535, -15.439399 28.017067, -15.459076 27.975596, -15.478738 27.934122, -15.498385 27.892646, -15.518016 27.851166, -15.537633 27.809684, -15.557234 27.768199, -15.576821 27.726712, -15.596393 27.685221, -15.615950 27.643728, -15.635492 27.602233, -15.655019 27.560734, -15.674532 27.519233, -15.694029 27.477729, -15.713512 27.436222, -15.732981 27.394713, -15.752435 27.353200, -15.771874 27.311686, -15.791299 27.270168, -15.810709 27.228648, -15.830105 27.187125, -15.849486 27.145600, -15.868853 27.104071, -15.888206 27.062541, -15.907544 27.021007, -15.926868 26.979471, -15.946177 26.937932, -15.965473 26.896391, -15.984754 26.854847, -16.004021 26.813300, -16.023274 26.771751, -16.042513 26.730199, -16.061738 26.688645, -16.080949 26.647088, -16.100146 26.605528, -16.119329 26.563966, -16.138498 26.522401, -16.157653 26.480834, -16.176794 26.439264, -16.195922 26.397692, -16.215035 26.356117, -16.234135 26.314539, -16.253222 26.272959, -16.272294 26.231377, -16.291353 26.189792, -16.310398 26.148204, -16.329430 26.106614, -16.348449 26.065022, -16.367453 26.023427, -16.386445 25.981829, -16.405422 25.940229, -16.424387 25.898627, -16.443338 25.857022, -16.462276 25.815414, -16.481200 25.773804, -16.500111 25.732192, -16.519009 25.690577, -16.537894 25.648960, -16.556766 25.607341, -16.575624 25.565719, -16.594469 25.524094, -16.613302 25.482467, -16.632121 25.440838, -16.650927 25.399207, -16.669720 25.357573, -16.688501 25.315936, -16.707268 25.274297, -16.726023 25.232656, -16.744764 25.191013, -16.763493 25.149367, -16.782209 25.107719, -16.800913 25.066068, -16.819603 25.024415, -16.838281 24.982760, -16.856947 24.941102, -16.875599 24.899442, -16.894239 24.857780, -16.912867 24.816116, -16.931482 24.774449, -16.950084 24.732780, -16.968675 24.691108, -16.987252 24.649435, -17.005817 24.607759, -17.024370 24.566080, -17.042911 24.524400, -17.061439 24.482717, -17.079955 24.441032, -17.098459 24.399345, -17.116950 24.357655, -17.135430 24.315963, -17.153897 24.274269, -17.172352 24.232573, -17.190795 24.190874, -17.209226 24.149174, -17.227645 24.107471, -17.246052 24.065766, -17.264447 24.024058, -17.282830 23.982349, -17.301201 23.940637, -17.319560 23.898923, -17.337907 23.857207, -17.356243 23.815489, -17.374567 23.773768, -17.392879 23.732046, -17.411179 23.690321, -17.429468 23.648594, -17.447745 23.606865, -17.466010 23.565134, -17.484264 23.523401, -17.502506 23.481665, -17.520737 23.439928, -17.538956 23.398188, -17.557163 23.356446, -17.575360 23.314702, -17.593544 23.272956, -17.611718 23.231208, -17.629880 23.189458, -17.648030 23.147706, -17.666170 23.105952, -17.684298 23.064195, -17.702415 23.022437, -17.720520 22.980676, -17.738615 22.938914, -17.756698 22.897149, -17.774770 22.855383, -17.792831 22.813614, -17.810881 22.771843, -17.828920 22.730070, -17.846948 22.688296, -17.864965 22.646519, -17.882971 22.604740, -17.900966 22.562959, -17.918950 22.521176, -17.936923 22.479391, -17.954886 22.437605, -17.972837 22.395816, -17.990778 22.354025, -18.008708 22.312232, -18.026627 22.270438, -18.044536 22.228641, -18.062434 22.186842, -18.080321 22.145042, -18.098198 22.103239, -18.116064 22.061435, -18.133919 22.019628, -18.151764 21.977820, -18.169599 21.936010, -18.187423 21.894197, -18.205236 21.852383, -18.223039 21.810567, -18.240832 21.768749, -18.258614 21.726929, -18.276386 21.685108, -18.294148 21.643284, -18.311900 21.601459, -18.329641 21.559631, -18.347372 21.517802, -18.365092 21.475971, -18.382803 21.434138, -18.400503 21.392303, -18.418193 21.350466, -18.435874 21.308628, -18.453544 21.266787, -18.471204 21.224945, -18.488854 21.183101, -18.506494 21.141255, -18.524124 21.099407, -18.541744 21.057557, -18.559354 21.015706, -18.576955 20.973853, -18.594545 20.931998, -18.612126 20.890141, -18.629697 20.848282, -18.647258 20.806422, -18.664809 20.764560, -18.682351 20.722696, -18.699883 20.680830, -18.717405 20.638963, -18.734918 20.597093, -18.752421 20.555222, -18.769914 20.513349, -18.787398 20.471475, -18.804872 20.429599, -18.822337 20.387720, -18.839792 20.345841, -18.857238 20.303959, -18.874675 20.262076, -18.892102 20.220191, -18.909519 20.178304, -18.926928 20.136416, -18.944326 20.094526, -18.961716 20.052634, -18.979096 20.010740, -18.996468 19.968845, -19.013829 19.926948, -19.031182 19.885050, -19.048526 19.843149, -19.065860 19.801248, -19.083185 19.759344, -19.100501 19.717439, -19.117808 19.675532, -19.135106 19.633623, -19.152395 19.591713, -19.169675 19.549801, -19.186946 19.507887, -19.204208 19.465972, -19.221461 19.424055, -19.238706 19.382137, -19.255941 19.340217, -19.273168 19.298295, -19.290385 19.256372, -19.307594 19.214447, -19.324794 19.172521, -19.341985 19.130593, -19.359168 19.088663, -19.376342 19.046732, -19.393507 19.004799, -19.410664 18.962864, -19.427812 18.920928, -19.444951 18.878991, -19.462082 18.837051, -19.479204 18.795111, -19.496318 18.753168, -19.513423 18.711224, -19.530520 18.669279, -19.547608 18.627332, -19.564688 18.585384, -19.581759 18.543433, -19.598822 18.501482, -19.615877 18.459529, -19.632923 18.417574, -19.649961 18.375618, -19.666991 18.333660, -19.684013 18.291701, -19.701026 18.249741, -19.718031 18.207778, -19.735028 18.165815, -19.752016 18.123850, -19.768997 18.081883, -19.785969 18.039915, -19.802934 17.997945, -19.819890 17.955974, -19.836838 17.914001, -19.853778 17.872027, -19.870710 17.830052, -19.887634 17.788075, -19.904551 17.746097, -19.921459 17.704117, -19.938359 17.662135, -19.955252 17.620153, -19.972137 17.578168, -19.989013 17.536183, -20.005882 17.494196, -20.022743 17.452207, -20.039597 17.410217, -20.056443 17.368226, -20.073281 17.326233, -20.090111 17.284239, -20.106933 17.242244, -20.123748 17.200247, -20.140556 17.158249, -20.157355 17.116249, -20.174148 17.074248, -20.190932 17.032245, -20.207709 16.990242, -20.224479 16.948236, -20.241241 16.906230, -20.257995 16.864222, -20.274742 16.822213, -20.291482 16.780202, -20.308214 16.738190, -20.324939 16.696177, -20.341657 16.654162, -20.358367 16.612146, -20.375070 16.570128, -20.391765 16.528110, -20.408454 16.486090, -20.425135 16.444068, -20.441809 16.402046, -20.458475 16.360022, -20.475135 16.317996, -20.491787 16.275970, -20.508433 16.233942, -20.525071 16.191913, -20.541702 16.149882, -20.558326 16.107850, -20.574943 16.065817, -20.591552 16.023783, -20.608155 15.981747, -20.624751 15.939711, -20.641340 15.897672, -20.657922 15.855633, -20.674497 15.813592, -20.691066 15.771550, -20.707627 15.729507, -20.724182 15.687463, -20.740729 15.645417, -20.757270 15.603370, -20.773804 15.561322, -20.790332 15.519272, -20.806852 15.477222, -20.823366 15.435170, -20.839874 15.393117, -20.856374 15.351063, -20.872868 15.309007, -20.889355 15.266950, -20.905836 15.224893, -20.922310 15.182833, -20.938778 15.140773, -20.955239 15.098712, -20.971693 15.056649, -20.988141 15.014585, -21.004583 14.972520, -21.021018 14.930454, -21.037446 14.888386, -21.053869 14.846318, -21.070284 14.804248, -21.086694 14.762177, -21.103097 14.720105, -21.119494 14.678032, -21.135884 14.635957, -21.152268 14.593882, -21.168646 14.551805, -21.185018 14.509727, -21.201383 14.467649, -21.217743 14.425568, -21.234096 14.383487, -21.250443 14.341405, -21.266783 14.299322, -21.283118 14.257237, -21.299447 14.215151, -21.315769 14.173065, -21.332086 14.130977, -21.348396 14.088888, -21.364700 14.046798, -21.380999 14.004707, -21.397291 13.962614, -21.413578 13.920521, -21.429858 13.878427, -21.446133 13.836331, -21.462401 13.794235, -21.478664 13.752137, -21.494921 13.710038, -21.511173 13.667938, -21.527418 13.625838, -21.543658 13.583736, -21.559891 13.541633, -21.576119 13.499529, -21.592342 13.457424, -21.608558 13.415318, -21.624769 13.373211, -21.640975 13.331103, -21.657174 13.288994, -21.673368 13.246883, -21.689557 13.204772, -21.705740 13.162660, -21.721917 13.120547, -21.738089 13.078433, -21.754255 13.036317, -21.770416 12.994201, -21.786571 12.952084, -21.802721 12.909966, -21.818865 12.867846, -21.835004 12.825726, -21.851138 12.783605, -21.867266 12.741483, -21.883389 12.699360, -21.899506 12.657236, -21.915618 12.615111, -21.931725 12.572985, -21.947826 12.530857, -21.963923 12.488730, -21.980014 12.446601, -21.996100 12.404471, -22.012180 12.362340, -22.028256 12.320208, -22.044326 12.278075, -22.060391 12.235942, -22.076451 12.193807, -22.092506 12.151672, -22.108556 12.109535, -22.124600 12.067398, -22.140640 12.025260, -22.156675 11.983121, -22.172704 11.940980, -22.188729 11.898839, -22.204749 11.856698, -22.220764 11.814555, -22.236773 11.772411, -22.252778 11.730266, -22.268778 11.688121, -22.284774 11.645975, -22.300764 11.603827, -22.316749 11.561679, -22.332730 11.519530, -22.348706 11.477380, -22.364677 11.435230, -22.380644 11.393078, -22.396605 11.350925, -22.412562 11.308772, -22.428514 11.266618, -22.444462 11.224463, -22.460405 11.182307, -22.476343 11.140150, -22.492277 11.097993, -22.508206 11.055834, -22.524130 11.013675, -22.540050 10.971515, -22.555965 10.929354, -22.571876 10.887192, -22.587783 10.845030, -22.603684 10.802866, -22.619582 10.760702, -22.635475 10.718537, -22.651363 10.676372, -22.667247 10.634205, -22.683127 10.592038, -22.699002 10.549869, -22.714873 10.507700, -22.730740 10.465531, -22.746602 10.423360, -22.762461 10.381189, -22.778314 10.339017, -22.794164 10.296844, -22.810009 10.254670, -22.825850 10.212496, -22.841687 10.170321, -22.857520 10.128145, -22.873348 10.085968, -22.889173 10.043791, -22.904993 10.001612, -22.920809 9.959433, -22.936621 9.917254, -22.952429 9.875073, -22.968233 9.832892, -22.984033 9.790710, -22.999829 9.748528, -23.015621 9.706344, -23.031409 9.664160, -23.047192 9.621975, -23.062973 9.579790, -23.078749 9.537604, -23.094521 9.495417, -23.110289 9.453229, -23.126054 9.411041, -23.141814 9.368852, -23.157571 9.326662, -23.173324 9.284472, -23.189073 9.242280, -23.204818 9.200089, -23.220560 9.157896, -23.236298 9.115703, -23.252032 9.073509, -23.267763 9.031315, -23.283489 8.989119, -23.299212 8.946924, -23.314932 8.904727, -23.330648 8.862530, -23.346360 8.820332, -23.362069 8.778134, -23.377774 8.735934, -23.393475 8.693735, -23.409173 8.651534, -23.424868 8.609333, -23.440559 8.567131, -23.456246 8.524929, -23.471930 8.482726, -23.487611 8.440523, -23.503288 8.398318, -23.518962 8.356114, -23.534632 8.313908, -23.550299 8.271702, -23.565963 8.229495, -23.581623 8.187288, -23.597280 8.145080, -23.612934 8.102872, -23.628584 8.060663, -23.644231 8.018453, -23.659875 7.976243, -23.675516 7.934032, -23.691153 7.891820, -23.706787 7.849608, -23.722418 7.807396, -23.738046 7.765183, -23.753671 7.722969, -23.769293 7.680755, -23.784911 7.638540, -23.800527 7.596324, -23.816139 7.554108, -23.831748 7.511892, -23.847355 7.469675, -23.862958 7.427457, -23.878558 7.385239, -23.894156 7.343020, -23.909750 7.300801, -23.925341 7.258581, -23.940930 7.216361, -23.956515 7.174140, -23.972098 7.131919, -23.987678 7.089697, -24.003255 7.047474, -24.018829 7.005251, -24.034400 6.963028, -24.049969 6.920804, -24.065534 6.878579, -24.081097 6.836355, -24.096657 6.794129, -24.112215 6.751903, -24.127770 6.709677, -24.143322 6.667450, -24.158871 6.625222, -24.174418 6.582994, -24.189962 6.540766, -24.205503 6.498537, -24.221042 6.456308, -24.236578 6.414078, -24.252112 6.371848, -24.267643 6.329617, -24.283172 6.287386, -24.298698 6.245154, -24.314221 6.202922, -24.329742 6.160689, -24.345261 6.118456, -24.360777 6.076223, -24.376290 6.033989, -24.391802 5.991755, -24.407311 5.949520, -24.422817 5.907285, -24.438321 5.865049, -24.453823 5.822813, -24.469322 5.780576, -24.484820 5.738339, -24.500314 5.696102, -24.515807 5.653864, -24.531297 5.611626, -24.546785 5.569388, -24.562271 5.527149, -24.577755 5.484909, -24.593236 5.442670, -24.608715 5.400429, -24.624192 5.358189, -24.639667 5.315948, -24.655140 5.273707, -24.670611 5.231465, -24.686080 5.189223, -24.701546 5.146980, -24.717011 5.104737, -24.732473 5.062494, -24.747934 5.020251, -24.763392 4.978007, -24.778848 4.935762, -24.794303 4.893518, -24.809755 4.851273, -24.825206 4.809027, -24.840655 4.766782, -24.856102 4.724536, -24.871546 4.682289, -24.886990 4.640042, -24.902431 4.597795, -24.917870 4.555548, -24.933308 4.513300, -24.948743 4.471052, -24.964177 4.428804, -24.979610 4.386555, -24.995040 4.344306, -25.010469 4.302057, -25.025896 4.259807, -25.041321 4.217557, -25.056745 4.175307, -25.072167 4.133056, -25.087587 4.090805, -25.103006 4.048554, -25.118423 4.006303, -25.133838 3.964051, -25.149252 3.921799, -25.164665 3.879547, -25.180076 3.837294, -25.195485 3.795041, -25.210893 3.752788, -25.226299 3.710535, -25.241704 3.668281, -25.257107 3.626027, -25.272509 3.583773, -25.287910 3.541518, -25.303309 3.499264, -25.318707 3.457009, -25.334103 3.414754, -25.349498 3.372498, -25.364892 3.330242, -25.380284 3.287986, -25.395675 3.245730, -25.411065 3.203474, -25.426453 3.161217, -25.441841 3.118960, -25.457227 3.076703, -25.472611 3.034446, -25.487995 2.992188, -25.503377 2.949931, -25.518759 2.907673, -25.534139 2.865415, -25.549517 2.823156, -25.564895 2.780898, -25.580272 2.738639, -25.595648 2.696380, -25.611022 2.654121, -25.626396 2.611861, -25.641768 2.569602, -25.657140 2.527342, -25.672510 2.485082, -25.687880 2.442822, -25.703248 2.400562, -25.718616 2.358301, -25.733982 2.316041, -25.749348 2.273780, -25.764713 2.231519, -25.780077 2.189258, -25.795440 2.146997, -25.810802 2.104735, -25.826163 2.062474, -25.841524 2.020212, -25.856884 1.977950, -25.872243 1.935688, -25.887601 1.893426, -25.902958 1.851164, -25.918315 1.808901, -25.933671 1.766639, -25.949026 1.724376, -25.964381 1.682113, -25.979735 1.639850, -25.995088 1.597587, -26.010441 1.555324, -26.025793 1.513061, -26.041144 1.470798, -26.056495 1.428534, -26.071846 1.386271, -26.087195 1.344007, -26.102545 1.301743, -26.117893 1.259479, -26.133242 1.217215, -26.148589 1.174951, -26.163937 1.132687, -26.179283 1.090423, -26.194630 1.048159, -26.209976 1.005894, -26.225321 0.963630, -26.240667 0.921365, -26.256011 0.879101, -26.271356 0.836836, -26.286700 0.794571, -26.302044 0.752307, -26.317388 0.710042, -26.332731 0.667777, -26.348074 0.625512, -26.363417 0.583247, -26.378759 0.540982, -26.394101 0.498717, -26.409444 0.456452, -26.424786 0.414187, -26.440127 0.371922, -26.455469 0.329657, -26.470810 0.287392, -26.486152 0.245126, -26.501493 0.202861, -26.516834 0.160596, -26.532176 0.118331, -26.547517 0.076066, -26.562858 0.033800, -26.578199 -0.008465, -26.593540 -0.050730, -26.608881 -0.092995, -26.624222 -0.135261, -26.639563 -0.177526, -26.654904 -0.219791, -26.670246 -0.262056, -26.685587 -0.304322, -26.700929 -0.346587, -26.716270 -0.388852, -26.731612 -0.431117, -26.746954 -0.473382, -26.762297 -0.515647, -26.777639 -0.557912, -26.792982 -0.600177, -26.808324 -0.642442, -26.823668 -0.684707, -26.839011 -0.726972, -26.854355 -0.769236, -26.869699 -0.811501, -26.885043 -0.853766, -26.900388 -0.896030, -26.915733 -0.938295, -26.931078 -0.980559, -26.946424 -1.022824, -26.961770 -1.065088, -26.977116 -1.107352, -26.992463 -1.149617, -27.007811 -1.191881, -27.023159 -1.234145, -27.038507 -1.276409, -27.053856 -1.318672, -27.069206 -1.360936, -27.084556 -1.403200, -27.099906 -1.445463, -27.115257 -1.487727, -27.130609 -1.529990, -27.145961 -1.572253, -27.161314 -1.614516, -27.176668 -1.656779, -27.192022 -1.699042, -27.207377 -1.741305, -27.222733 -1.783568, -27.238089 -1.825830, -27.253446 -1.868092, -27.268804 -1.910355, -27.284162 -1.952617, -27.299521 -1.994879, -27.314881 -2.037140, -27.330242 -2.079402, -27.345604 -2.121664, -27.360967 -2.163925, -27.376330 -2.206186, -27.391694 -2.248447, -27.407059 -2.290708, -27.422425 -2.332969, -27.437792 -2.375229, -27.453160 -2.417490, -27.468529 -2.459750, -27.483899 -2.502010, -27.499270 -2.544270, -27.514642 -2.586529, -27.530015 -2.628789, -27.545389 -2.671048, -27.560764 -2.713307, -27.576140 -2.755566, -27.591517 -2.797825, -27.606895 -2.840083, -27.622274 -2.882342, -27.637655 -2.924600, -27.653037 -2.966858, -27.668420 -3.009115, -27.683804 -3.051373, -27.699189 -3.093630, -27.714575 -3.135887, -27.729963 -3.178144, -27.745352 -3.220400, -27.760742 -3.262657, -27.776134 -3.304913, -27.791527 -3.347169, -27.806921 -3.389424, -27.822316 -3.431679, -27.837713 -3.473935, -27.853112 -3.516189, -27.868511 -3.558444, -27.883912 -3.600698, -27.899315 -3.642953, -27.914719 -3.685206, -27.930124 -3.727460, -27.945531 -3.769713, -27.960940 -3.811966, -27.976350 -3.854219, -27.991761 -3.896471, -28.007174 -3.938724, -28.022589 -3.980976, -28.038005 -4.023227, -28.053423 -4.065479, -28.068842 -4.107730, -28.084263 -4.149980, -28.099686 -4.192231, -28.115110 -4.234481, -28.130536 -4.276731, -28.145964 -4.318980, -28.161393 -4.361229, -28.176824 -4.403478, -28.192257 -4.445727, -28.207692 -4.487975, -28.223128 -4.530223, -28.238567 -4.572471, -28.254007 -4.614718, -28.269449 -4.656965, -28.284892 -4.699212, -28.300338 -4.741458, -28.315786 -4.783704, -28.331235 -4.825949, -28.346686 -4.868195, -28.362140 -4.910439, -28.377595 -4.952684, -28.393052 -4.994928, -28.408512 -5.037172, -28.423973 -5.079415, -28.439436 -5.121658, -28.454901 -5.163901, -28.470369 -5.206143, -28.485838 -5.248385, -28.501310 -5.290627, -28.516783 -5.332868, -28.532259 -5.375109, -28.547737 -5.417349, -28.563217 -5.459589, -28.578700 -5.501829, -28.594184 -5.544068, -28.609671 -5.586307, -28.625160 -5.628545, -28.640651 -5.670783, -28.656144 -5.713021, -28.671640 -5.755258, -28.687138 -5.797495, -28.702639 -5.839731, -28.718141 -5.881967, -28.733646 -5.924202, -28.749154 -5.966438, -28.764664 -6.008672, -28.780176 -6.050906, -28.795691 -6.093140, -28.811208 -6.135373, -28.826727 -6.177606, -28.842249 -6.219839, -28.857774 -6.262071, -28.873301 -6.304302, -28.888830 -6.346533, -28.904362 -6.388764, -28.919897 -6.430994, -28.935434 -6.473223, -28.950974 -6.515452, -28.966517 -6.557681, -28.982062 -6.599909, -28.997610 -6.642137, -29.013160 -6.684364, -29.028713 -6.726591, -29.044269 -6.768817, -29.059828 -6.811043, -29.075389 -6.853268, -29.090953 -6.895493, -29.106520 -6.937717, -29.122089 -6.979941, -29.137662 -7.022164, -29.153237 -7.064387, -29.168815 -7.106609, -29.184396 -7.148831, -29.199980 -7.191052, -29.215567 -7.233273, -29.231156 -7.275493, -29.246749 -7.317712, -29.262344 -7.359932, -29.277943 -7.402150, -29.293544 -7.444368, -29.309149 -7.486585, -29.324756 -7.528802, -29.340367 -7.571019, -29.355980 -7.613234, -29.371597 -7.655450, -29.387217 -7.697664, -29.402840 -7.739878, -29.418466 -7.782092, -29.434095 -7.824305, -29.449727 -7.866517, -29.465363 -7.908729, -29.481002 -7.950940, -29.496643 -7.993151, -29.512289 -8.035361, -29.527937 -8.077570, -29.543589 -8.119779, -29.559244 -8.161987, -29.574902 -8.204195, -29.590564 -8.246402, -29.606229 -8.288608, -29.621897 -8.330814, -29.637569 -8.373019, -29.653244 -8.415224, -29.668922 -8.457428, -29.684604 -8.499631, -29.700290 -8.541834, -29.715979 -8.584036, -29.731671 -8.626237, -29.747367 -8.668438, -29.763066 -8.710638, -29.778769 -8.752838, -29.794476 -8.795037, -29.810186 -8.837235, -29.825899 -8.879433, -29.841617 -8.921629, -29.857338 -8.963826, -29.873062 -9.006021, -29.888791 -9.048216, -29.904522 -9.090410, -29.920258 -9.132604, -29.935998 -9.174797, -29.951741 -9.216989, -29.967488 -9.259181, -29.983238 -9.301372, -29.998993 -9.343562, -30.014751 -9.385751, -30.030513 -9.427940, -30.046279 -9.470128, -30.062049 -9.512315, -30.077823 -9.554502, -30.093600 -9.596688, -30.109382 -9.638873, -30.125167 -9.681058, -30.140957 -9.723241, -30.156750 -9.765425, -30.172548 -9.807607, -30.188349 -9.849788, -30.204155 -9.891969, -30.219965 -9.934149, -30.235778 -9.976329, -30.251596 -10.018508, -30.267418 -10.060685, -30.283244 -10.102863, -30.299074 -10.145039, -30.314909 -10.187215, -30.330747 -10.229389, -30.346590 -10.271564, -30.362437 -10.313737, -30.378288 -10.355909, -30.394144 -10.398081, -30.410003 -10.440252, -30.425867 -10.482422, -30.441736 -10.524592, -30.457609 -10.566761, -30.473486 -10.608928, -30.489367 -10.651095, -30.505253 -10.693262, -30.521143 -10.735427, -30.537038 -10.777592, -30.552937 -10.819756, -30.568841 -10.861919, -30.584749 -10.904081, -30.600662 -10.946242, -30.616579 -10.988403, -30.632501 -11.030563, -30.648427 -11.072721, -30.664358 -11.114880, -30.680293 -11.157037, -30.696233 -11.199193, -30.712178 -11.241349, -30.728127 -11.283503, -30.744082 -11.325657, -30.760040 -11.367810, -30.776004 -11.409962, -30.791972 -11.452114, -30.807945 -11.494264, -30.823923 -11.536414, -30.839906 -11.578562, -30.855893 -11.620710, -30.871885 -11.662857, -30.887882 -11.705003, -30.903884 -11.747148, -30.919891 -11.789292, -30.935903 -11.831436, -30.951920 -11.873578, -30.967942 -11.915720, -30.983968 -11.957860, -31.000000 -12.000000, -31.026833 -12.036415, -31.053673 -12.072827, -31.080520 -12.109237, -31.107374 -12.145644, -31.134236 -12.182048, -31.161105 -12.218450, -31.187982 -12.254850, -31.214866 -12.291246, -31.241758 -12.327640, -31.268657 -12.364032, -31.295563 -12.400421, -31.322477 -12.436807, -31.349398 -12.473190, -31.376327 -12.509571, -31.403264 -12.545949, -31.430208 -12.582324, -31.457160 -12.618697, -31.484120 -12.655067, -31.511087 -12.691435, -31.538062 -12.727799, -31.565045 -12.764161, -31.592035 -12.800520, -31.619034 -12.836877, -31.646040 -12.873230, -31.673053 -12.909581, -31.700075 -12.945929, -31.727105 -12.982275, -31.754142 -13.018617, -31.781188 -13.054957, -31.808241 -13.091294, -31.835303 -13.127628, -31.862372 -13.163959, -31.889449 -13.200288, -31.916535 -13.236613, -31.943629 -13.272936, -31.970730 -13.309256, -31.997840 -13.345573, -32.024958 -13.381887, -32.052084 -13.418198, -32.079218 -13.454506, -32.106361 -13.490812, -32.133512 -13.527114, -32.160671 -13.563414, -32.187838 -13.599710, -32.215014 -13.636004, -32.242198 -13.672295, -32.269391 -13.708583, -32.296591 -13.744867, -32.323801 -13.781149, -32.351018 -13.817428, -32.378245 -13.853704, -32.405479 -13.889977, -32.432723 -13.926246, -32.459974 -13.962513, -32.487235 -13.998777, -32.514504 -14.035038, -32.541781 -14.071295, -32.569068 -14.107550, -32.596363 -14.143801, -32.623666 -14.180050, -32.650979 -14.216295, -32.678300 -14.252537, -32.705630 -14.288776, -32.732969 -14.325012, -32.760316 -14.361245, -32.787673 -14.397475, -32.815038 -14.433702, -32.842412 -14.469925, -32.869795 -14.506145, -32.897187 -14.542362, -32.924588 -14.578576, -32.951998 -14.614787, -32.979418 -14.650995, -33.006846 -14.687199, -33.034283 -14.723400, -33.061729 -14.759598, -33.089185 -14.795792, -33.116650 -14.831984, -33.144124 -14.868172, -33.171607 -14.904357, -33.199099 -14.940538, -33.226601 -14.976716, -33.254111 -15.012891, -33.281632 -15.049063, -33.309161 -15.085231, -33.336700 -15.121396, -33.364248 -15.157558, -33.391806 -15.193716, -33.419373 -15.229871, -33.446950 -15.266023, -33.474536 -15.302171, -33.502132 -15.338316, -33.529737 -15.374458, -33.557352 -15.410596, -33.584976 -15.446730, -33.612610 -15.482862, -33.640254 -15.518989, -33.667907 -15.555114, -33.695571 -15.591235, -33.723243 -15.627352, -33.750926 -15.663466, -33.778618 -15.699577, -33.806321 -15.735684, -33.834033 -15.771787, -33.861754 -15.807887, -33.889486 -15.843984, -33.917228 -15.880077, -33.944980 -15.916166, -33.972741 -15.952252, -34.000513 -15.988335, -34.028294 -16.024413, -34.056086 -16.060489, -34.083888 -16.096560, -34.111700 -16.132628, -34.139522 -16.168693, -34.167354 -16.204753, -34.195196 -16.240811, -34.223049 -16.276864, -34.250912 -16.312914, -34.278785 -16.348960, -34.306668 -16.385003, -34.334562 -16.421042, -34.362466 -16.457077, -34.390380 -16.493109, -34.418305 -16.529136, -34.446240 -16.565161, -34.474185 -16.601181, -34.502142 -16.637198, -34.530108 -16.673210, -34.558085 -16.709220, -34.586073 -16.745225, -34.614071 -16.781227, -34.642080 -16.817225, -34.670100 -16.853219, -34.698130 -16.889209, -34.726171 -16.925195, -34.754222 -16.961178, -34.782285 -16.997157, -34.810358 -17.033132, -34.838442 -17.069103, -34.866537 -17.105070, -34.894642 -17.141033, -34.922759 -17.176993, -34.950886 -17.212948, -34.979025 -17.248900, -35.007174 -17.284848, -35.035334 -17.320791, -35.063505 -17.356731, -35.091688 -17.392667, -35.119881 -17.428599, -35.148086 -17.464527, -35.176302 -17.500451, -35.204528 -17.536371, -35.232766 -17.572287, -35.261016 -17.608199, -35.289276 -17.644107, -35.317548 -17.680011, -35.345831 -17.715911, -35.374125 -17.751807, -35.402431 -17.787699, -35.430748 -17.823587, -35.459077 -17.859471, -35.487417 -17.895350, -35.515768 -17.931226, -35.544131 -17.967097, -35.572505 -18.002965, -35.600891 -18.038828, -35.629289 -18.074687, -35.657698 -18.110542, -35.686119 -18.146392, -35.714551 -18.182239, -35.742995 -18.218081, -35.771451 -18.253919, -35.799919 -18.289753, -35.828398 -18.325583, -35.856889 -18.361408, -35.885392 -18.397230, -35.913907 -18.433047, -35.942434 -18.468859, -35.970972 -18.504668, -35.999523 -18.540472, -36.028086 -18.576272, -36.056660 -18.612068, -36.085247 -18.647859, -36.113845 -18.683646, -36.142456 -18.719428, -36.171079 -18.755207, -36.199714 -18.790981, -36.228361 -18.826750, -36.257020 -18.862515, -36.285692 -18.898276, -36.314375 -18.934033, -36.343072 -18.969785, -36.371780 -19.005532, -36.400501 -19.041275, -36.429234 -19.077014, -36.457979 -19.112748, -36.486737 -19.148478, -36.515508 -19.184203, -36.544290 -19.219924, -36.573086 -19.255641, -36.601894 -19.291352, -36.630714 -19.327060, -36.659547 -19.362762, -36.688393 -19.398461, -36.717251 -19.434154, -36.746122 -19.469844, -36.775006 -19.505528, -36.803903 -19.541208, -36.832812 -19.576883, -36.861734 -19.612554, -36.890669 -19.648220, -36.919617 -19.683882, -36.948578 -19.719539, -36.977551 -19.755191, -37.006538 -19.790838, -37.035537 -19.826481, -37.064550 -19.862120, -37.093576 -19.897753, -37.122614 -19.933382, -37.151666 -19.969006, -37.180731 -20.004625, -37.209809 -20.040240, -37.238900 -20.075850, -37.268005 -20.111455, -37.297123 -20.147055, -37.326254 -20.182651, -37.355398 -20.218241, -37.384555 -20.253827, -37.413726 -20.289408, -37.442911 -20.324985, -37.472109 -20.360556, -37.501320 -20.396123, -37.530545 -20.431684, -37.559783 -20.467241, -37.589035 -20.502793, -37.618300 -20.538340, -37.647579 -20.573882, -37.676872 -20.609419, -37.706178 -20.644952, -37.735498 -20.680479, -37.764832 -20.716001, -37.794180 -20.751519, -37.823541 -20.787031, -37.852916 -20.822538, -37.882305 -20.858041, -37.911708 -20.893538, -37.941125 -20.929030, -37.970555 -20.964518, -38.000000 -21.000000, -38.044364 -21.017205, -38.088739 -21.034399, -38.133124 -21.051581, -38.177519 -21.068752, -38.221925 -21.085911, -38.266340 -21.103059, -38.310766 -21.120195, -38.355203 -21.137320, -38.399649 -21.154433, -38.444106 -21.171534, -38.488573 -21.188624, -38.533050 -21.205702, -38.577538 -21.222768, -38.622036 -21.239823, -38.666544 -21.256866, -38.711062 -21.273898, -38.755591 -21.290917, -38.800130 -21.307925, -38.844679 -21.324922, -38.889239 -21.341906, -38.933809 -21.358879, -38.978389 -21.375840, -39.022980 -21.392789, -39.067581 -21.409727, -39.112192 -21.426652, -39.156814 -21.443566, -39.201446 -21.460468, -39.246089 -21.477358, -39.290741 -21.494237, -39.335404 -21.511103, -39.380078 -21.527958, -39.424762 -21.544801, -39.469456 -21.561631, -39.514160 -21.578450, -39.558875 -21.595257, -39.603601 -21.612052, -39.648336 -21.628835, -39.693082 -21.645606, -39.737839 -21.662365, -39.782606 -21.679112, -39.827383 -21.695847, -39.872171 -21.712571, -39.916969 -21.729282, -39.961777 -21.745981, -40.006596 -21.762667, -40.051426 -21.779342, -40.096265 -21.796005, -40.141116 -21.812656, -40.185976 -21.829294, -40.230847 -21.845921, -40.275729 -21.862535, -40.320621 -21.879137, -40.365523 -21.895727, -40.410436 -21.912305, -40.455359 -21.928870, -40.500293 -21.945424, -40.545237 -21.961965, -40.590192 -21.978494, -40.635157 -21.995010, -40.680133 -22.011515, -40.725119 -22.028007, -40.770115 -22.044487, -40.815122 -22.060954, -40.860140 -22.077410, -40.905168 -22.093852, -40.950206 -22.110283, -40.995255 -22.126701, -41.040315 -22.143107, -41.085385 -22.159501, -41.130465 -22.175882, -41.175556 -22.192251, -41.220657 -22.208607, -41.265769 -22.224951, -41.310892 -22.241282, -41.356025 -22.257601, -41.401168 -22.273908, -41.446323 -22.290202, -41.491487 -22.306483, -41.536662 -22.322752, -41.581848 -22.339009, -41.627044 -22.355253, -41.672251 -22.371484, -41.717468 -22.387703, -41.762696 -22.403910, -41.807934 -22.420103, -41.853183 -22.436284, -41.898442 -22.452453, -41.943712 -22.468609, -41.988993 -22.484752, -42.034284 -22.500883, -42.079586 -22.517001, -42.124898 -22.533106, -42.170221 -22.549199, -42.215554 -22.565279, -42.260898 -22.581346, -42.306252 -22.597400, -42.351618 -22.613442, -42.396993 -22.629471, -42.442379 -22.645487, -42.487776 -22.661491, -42.533184 -22.677481, -42.578602 -22.693459, -42.624030 -22.709424, -42.669469 -22.725376, -42.714919 -22.741316, -42.760380 -22.757242, -42.805851 -22.773156, -42.851332 -22.789057, -42.896824 -22.804944, -42.942327 -22.820819, -42.987840 -22.836681, -43.033364 -22.852530, -43.078899 -22.868367, -43.124444 -22.884190, -43.170000 -22.900000, -43.194458 -22.938889, -43.218930 -22.977774, -43.243415 -23.016656, -43.267915 -23.055533, -43.292430 -23.094407, -43.316958 -23.133277, -43.341500 -23.172144, -43.366057 -23.211006, -43.390628 -23.249865, -43.415214 -23.288720, -43.439814 -23.327571, -43.464428 -23.366418, -43.489056 -23.405261, -43.513699 -23.444101, -43.538357 -23.482937, -43.563029 -23.521768, -43.587716 -23.560596, -43.612417 -23.599420, -43.637133 -23.638240, -43.661863 -23.677056, -43.686608 -23.715868, -43.711368 -23.754677, -43.736143 -23.793481, -43.760933 -23.832281, -43.785737 -23.871078, -43.810556 -23.909870, -43.835390 -23.948659, -43.860239 -23.987443, -43.885103 -24.026224, -43.909982 -24.065000, -43.934876 -24.103772, -43.959786 -24.142541, -43.984710 -24.181305, -44.009649 -24.220065, -44.034604 -24.258821, -44.059574 -24.297574, -44.084559 -24.336322, -44.109559 -24.375066, -44.134575 -24.413805, -44.159606 -24.452541, -44.184652 -24.491273, -44.209714 -24.530000, -44.234791 -24.568723, -44.259884 -24.607443, -44.284993 -24.646158, -44.310116 -24.684868, -44.335256 -24.723575, -44.360411 -24.762278, -44.385582 -24.800976, -44.410769 -24.839670, -44.435971 -24.878360, -44.461189 -24.917045, -44.486423 -24.955727, -44.511673 -24.994404, -44.536939 -25.033077, -44.562220 -25.071745, -44.587518 -25.110409, -44.612831 -25.149069, -44.638161 -25.187725, -44.663507 -25.226376, -44.688869 -25.265023, -44.714247 -25.303666, -44.739641 -25.342304, -44.765051 -25.380938, -44.790478 -25.419568, -44.815921 -25.458193, -44.841380 -25.496814, -44.866856 -25.535431, -44.892348 -25.574043, -44.917856 -25.612650, -44.943382 -25.651253, -44.968923 -25.689852, -44.994481 -25.728447, -45.020056 -25.767036, -45.045647 -25.805622, -45.071255 -25.844203, -45.096880 -25.882779, -45.122521 -25.921351, -45.148180 -25.959918, -45.173855 -25.998481, -45.199547 -26.037039, -45.225255 -26.075593, -45.250981 -26.114142, -45.276724 -26.152687, -45.302484 -26.191227, -45.328260 -26.229763, -45.354054 -26.268294, -45.379865 -26.306820, -45.405693 -26.345341, -45.431539 -26.383858, -45.457401 -26.422371, -45.483281 -26.460879, -45.509179 -26.499382, -45.535093 -26.537880, -45.561025 -26.576374, -45.586975 -26.614863, -45.612941 -26.653347, -45.638926 -26.691826, -45.664928 -26.730301, -45.690947 -26.768771, -45.716985 -26.807237, -45.743039 -26.845697, -45.769112 -26.884153, -45.795202 -26.922604, -45.821310 -26.961050, -45.847436 -26.999491, -45.873580 -27.037928, -45.899742 -27.076360, -45.925921 -27.114787, -45.952119 -27.153209, -45.978335 -27.191626, -46.004568 -27.230038, -46.030820 -27.268445, -46.057090 -27.306848, -46.083378 -27.345245, -46.109685 -27.383638, -46.136009 -27.422026, -46.162352 -27.460409, -46.188714 -27.498786, -46.215093 -27.537159, -46.241491 -27.575527, -46.267908 -27.613890, -46.294343 -27.652248, -46.320797 -27.690601, -46.347269 -27.728948, -46.373760 -27.767291, -46.400269 -27.805629, -46.426798 -27.843961, -46.453345 -27.882289, -46.479910 -27.920612, -46.506495 -27.958929, -46.533099 -27.997241, -46.559721 -28.035548, -46.586362 -28.073850, -46.613023 -28.112147, -46.639702 -28.150439, -46.666401 -28.188725, -46.693119 -28.227007, -46.719855 -28.265283, -46.746611 -28.303554, -46.773387 -28.341820, -46.800181 -28.380080, -46.826995 -28.418335, -46.853829 -28.456585, -46.880681 -28.494830, -46.907554 -28.533069, -46.934445 -28.571304, -46.961357 -28.609532, -46.988287 -28.647756, -47.015238 -28.685974, -47.042208 -28.724187, -47.069198 -28.762394, -47.096208 -28.800597, -47.123237 -28.838793, -47.150287 -28.876985, -47.177356 -28.915171, -47.204445 -28.953351, -47.231554 -28.991526, -47.258683 -29.029696, -47.285832 -29.067860, -47.313002 -29.106019, -47.340191 -29.144172, -47.367401 -29.182320, -47.394631 -29.220462, -47.421881 -29.258599, -47.449152 -29.296730, -47.476442 -29.334856, -47.503754 -29.372976, -47.531086 -29.411091, -47.558438 -29.449200, -47.585811 -29.487303, -47.613204 -29.525401, -47.640618 -29.563493, -47.668053 -29.601579, -47.695509 -29.639660, -47.722985 -29.677735, -47.750482 -29.715805, -47.778000 -29.753869, -47.805539 -29.791927, -47.833098 -29.829979, -47.860679 -29.868026, -47.888281 -29.906067, -47.915904 -29.944102, -47.943548 -29.982132, -47.971213 -30.020156, -47.998900 -30.058173, -48.026607 -30.096186, -48.054337 -30.134192, -48.082087 -30.172192, -48.109859 -30.210187, -48.137652 -30.248176, -48.165467 -30.286158, -48.193303 -30.324135, -48.221161 -30.362107, -48.249041 -30.400072, -48.276942 -30.438031, -48.304865 -30.475984, -48.332809 -30.513932, -48.360776 -30.551873, -48.388764 -30.589808, -48.416775 -30.627738, -48.444807 -30.665661, -48.472861 -30.703579, -48.500938 -30.741490, -48.529036 -30.779395, -48.557157 -30.817295, -48.585300 -30.855188, -48.613465 -30.893075, -48.641652 -30.930956, -48.669862 -30.968831, -48.698094 -31.006699, -48.726348 -31.044562, -48.754625 -31.082418, -48.782925 -31.120268, -48.811247 -31.158113, -48.839592 -31.195950, -48.867959 -31.233782, -48.896349 -31.271607, -48.924762 -31.309426, -48.953198 -31.347239, -48.981657 -31.385046, -49.010138 -31.422846, -49.038643 -31.460640, -49.067170 -31.498428, -49.095721 -31.536209, -49.124294 -31.573984, -49.152891 -31.611753, -49.181511 -31.649515, -49.210155 -31.687271, -49.238821 -31.725021, -49.267511 -31.762764, -49.296225 -31.800500, -49.324962 -31.838230, -49.353722 -31.875954, -49.382506 -31.913671, -49.411314 -31.951382, -49.440145 -31.989086, -49.469000 -32.026784, -49.497878 -32.064475, -49.526781 -32.102160, -49.555707 -32.139838, -49.584657 -32.177509, -49.613632 -32.215174, -49.642630 -32.252832, -49.671652 -32.290484, -49.700699 -32.328129, -49.729769 -32.365767, -49.758864 -32.403399, -49.787983 -32.441024, -49.817126 -32.478642, -49.846294 -32.516254, -49.875486 -32.553858, -49.904703 -32.591457, -49.933944 -32.629048, -49.963210 -32.666632, -49.992500 -32.704210, -50.021815 -32.741781, -50.051155 -32.779345, -50.080519 -32.816902, -50.109909 -32.854452, -50.139323 -32.891996, -50.168762 -32.929532, -50.198226 -32.967062, -50.227716 -33.004585, -50.257230 -33.042101, -50.286769 -33.079609, -50.316334 -33.117111, -50.345924 -33.154606, -50.375539 -33.192094, -50.405180 -33.229575, -50.434846 -33.267049, -50.464537 -33.304516, -50.494254 -33.341975, -50.523997 -33.379428, -50.553765 -33.416873, -50.583559 -33.454312, -50.613378 -33.491743, -50.643224 -33.529167, -50.673095 -33.566584, -50.702992 -33.603994, -50.732915 -33.641397, -50.762864 -33.678792, -50.792840 -33.716180, -50.822841 -33.753561, -50.852868 -33.790935, -50.882922 -33.828301, -50.913002 -33.865660, -50.943108 -33.903012, -50.973241 -33.940356, -51.003400 -33.977693, -51.033586 -34.015023, -51.063798 -34.052345, -51.094036 -34.089660, -51.124302 -34.126968, -51.154594 -34.164268, -51.184913 -34.201561, -51.215259 -34.238846, -51.245631 -34.276123, -51.276031 -34.313394, -51.306458 -34.350656, -51.336911 -34.387911, -51.367392 -34.425159, -51.397900 -34.462399, -51.428435 -34.499631, -51.458998 -34.536856, -51.489588 -34.574073, -51.520205 -34.611283, -51.550849 -34.648485, -51.581522 -34.685679, -51.612221 -34.722866, -51.642949 -34.760045, -51.673704 -34.797216, -51.704487 -34.834379, -51.735297 -34.871535, -51.766136 -34.908682, -51.797002 -34.945823, -51.827896 -34.982955, -51.858819 -35.020079, -51.889769 -35.057196, -51.920748 -35.094304, -51.951754 -35.131405, -51.982790 -35.168498, -52.013853 -35.205583, -52.044945 -35.242660, -52.076065 -35.279729, -52.107214 -35.316790, -52.138391 -35.353843, -52.169597 -35.390888, -52.200831 -35.427925, -52.232095 -35.464954, -52.263387 -35.501975, -52.294708 -35.538988, -52.326058 -35.575993, -52.357437 -35.612989, -52.388844 -35.649978, -52.420281 -35.686958, -52.451748 -35.723930, -52.483243 -35.760894, -52.514768 -35.797850, -52.546322 -35.834797, -52.577905 -35.871737, -52.609518 -35.908668, -52.641160 -35.945590, -52.672832 -35.982505, -52.704534 -36.019411, -52.736265 -36.056308, -52.768026 -36.093197, -52.799817 -36.130078, -52.831638 -36.166951, -52.863488 -36.203815, -52.895369 -36.240671, -52.927280 -36.277518, -52.959221 -36.314356, -52.991192 -36.351186, -53.023193 -36.388008, -53.055225 -36.424821, -53.087287 -36.461626, -53.119380 -36.498422, -53.151503 -36.535209, -53.183656 -36.571988, -53.215841 -36.608758, -53.248056 -36.645519, -53.280301 -36.682272, -53.312578 -36.719016, -53.344885 -36.755751, -53.377224 -36.792478, -53.409593 -36.829196, -53.441994 -36.865905, -53.474425 -36.902605, -53.506888 -36.939296, -53.539382 -36.975979, -53.571908 -37.012652, -53.604465 -37.049317, -53.637053 -37.085973, -53.669673 -37.122620, -53.702324 -37.159258, -53.735007 -37.195887, -53.767722 -37.232507, -53.800469 -37.269118, -53.833247 -37.305720, -53.866058 -37.342313, -53.898900 -37.378897, -53.931775 -37.415472, -53.964681 -37.452038, -53.997620 -37.488594, -54.030591 -37.525142, -54.063594 -37.561680, -54.096630 -37.598209, -54.129698 -37.634729, -54.162799 -37.671239, -54.195932 -37.707741, -54.229098 -37.744233, -54.262297 -37.780716, -54.295528 -37.817189, -54.328792 -37.853653, -54.362089 -37.890108, -54.395420 -37.926553, -54.428783 -37.962989, -54.462179 -37.999416, -54.495609 -38.035833, -54.529071 -38.072240, -54.562568 -38.108638, -54.596097 -38.145027, -54.629660 -38.181406, -54.663256 -38.217775, -54.696887 -38.254135, -54.730550 -38.290485, -54.764248 -38.326826, -54.797979 -38.363157, -54.831744 -38.399478, -54.865543 -38.435790, -54.899376 -38.472092, -54.933244 -38.508384, -54.967145 -38.544666, -55.001081 -38.580939, -55.035050 -38.617202, -55.069055 -38.653455, -55.103093 -38.689698, -55.137166 -38.725931, -55.171274 -38.762154, -55.205416 -38.798368, -55.239594 -38.834571, -55.273805 -38.870765, -55.308052 -38.906948, -55.342334 -38.943122, -55.376650 -38.979285, -55.411002 -39.015438, -55.445389 -39.051582, -55.479811 -39.087715, -55.514268 -39.123838, -55.548761 -39.159951, -55.583289 -39.196054, -55.617853 -39.232146, -55.652452 -39.268228, -55.687087 -39.304301, -55.721757 -39.340362, -55.756463 -39.376414, -55.791206 -39.412455, -55.825984 -39.448486, -55.860798 -39.484506, -55.895648 -39.520516, -55.930534 -39.556516, -55.965457 -39.592505, -56.000416 -39.628484, -56.035411 -39.664452, -56.070442 -39.700410, -56.105511 -39.736357, -56.140615 -39.772294, -56.175757 -39.808220, -56.210935 -39.844135, -56.246150 -39.880040, -56.281402 -39.915934, -56.316691 -39.951818, -56.352017 -39.987690, -56.387380 -40.023552, -56.422780 -40.059404, -56.458217 -40.095244, -56.493692 -40.131074, -56.529204 -40.166893, -56.564754 -40.202701, -56.600341 -40.238498, -56.635966 -40.274284, -56.671629 -40.310059, -56.707329 -40.345823, -56.743068 -40.381577, -56.778844 -40.417319, -56.814658 -40.453050, -56.850511 -40.488770, -56.886401 -40.524479, -56.922330 -40.560177, -56.958297 -40.595864, -56.994303 -40.631540, -57.030347 -40.667204, -57.066430 -40.702857, -57.102551 -40.738499, -57.138711 -40.774130, -57.174910 -40.809749, -57.211147 -40.845358, -57.247424 -40.880954, -57.283740 -40.916540, -57.320094 -40.952114, -57.356488 -40.987676, -57.392922 -41.023227, -57.429394 -41.058767, -57.465906 -41.094295, -57.502458 -41.129811, -57.539049 -41.165316, -57.575680 -41.200810, -57.612350 -41.236291, -57.649060 -41.271762, -57.685811 -41.307220, -57.722601 -41.342667, -57.759431 -41.378102, -57.796302 -41.413525, -57.833212 -41.448936, -57.870163 -41.484336, -57.907155 -41.519724, -57.944187 -41.555100, -57.981259 -41.590464, -58.018372 -41.625816, -58.055526 -41.661156, -58.092720 -41.696484, -58.129956 -41.731801, -58.167232 -41.767105, -58.204550 -41.802397, -58.241908 -41.837677, -58.279308 -41.872945, -58.316749 -41.908201, -58.354231 -41.943444, -58.391755 -41.978676, -58.429321 -42.013895, -58.466928 -42.049102, -58.504576 -42.084296, -58.542267 -42.119478, -58.579999 -42.154648, -58.617774 -42.189806, -58.655590 -42.224951, -58.693448 -42.260084, -58.731349 -42.295204, -58.769292 -42.330312, -58.807277 -42.365407, -58.845305 -42.400490, -58.883376 -42.435560, -58.921489 -42.470617, -58.959644 -42.505662, -58.997843 -42.540694, -59.036084 -42.575714, -59.074368 -42.610720, -59.112696 -42.645714, -59.151066 -42.680696, -59.189480 -42.715664, -59.227937 -42.750619, -59.266437 -42.785562, -59.304981 -42.820492, -59.343569 -42.855409, -59.382200 -42.890312, -59.420875 -42.925203, -59.459594 -42.960081, -59.498356 -42.994946, -59.537163 -43.029797, -59.576013 -43.064636, -59.614908 -43.099461, -59.653847 -43.134273, -59.692831 -43.169072, -59.731859 -43.203858, -59.770931 -43.238630, -59.810048 -43.273389, -59.849210 -43.308135, -59.888417 -43.342867, -59.927668 -43.377586, -59.966964 -43.412292, -60.006306 -43.446984, -60.045692 -43.481662, -60.085124 -43.516327, -60.124601 -43.550979, -60.164124 -43.585617, -60.203692 -43.620241, -60.243306 -43.654851, -60.282965 -43.689448, -60.322670 -43.724031, -60.362421 -43.758601, -60.402218 -43.793156, -60.442061 -43.827698, -60.481950 -43.862226, -60.521885 -43.896740, -60.561867 -43.931240, -60.601895 -43.965726, -60.641969 -44.000198, -60.682090 -44.034656, -60.722258 -44.069100, -60.762473 -44.103530, -60.802734 -44.137946, -60.843042 -44.172348, -60.883398 -44.206735, -60.923800 -44.241109, -60.964250 -44.275468, -61.004747 -44.309812, -61.045292 -44.344143, -61.085884 -44.378459, -61.126523 -44.412760, -61.167210 -44.447048, -61.207946 -44.481320, -61.248728 -44.515579, -61.289559 -44.549822, -61.330438 -44.584052, -61.371365 -44.618266, -61.412341 -44.652466, -61.453365 -44.686651, -61.494437 -44.720822, -61.535557 -44.754978, -61.576727 -44.789119, -61.617945 -44.823245, -61.659212 -44.857357, -61.700527 -44.891453, -61.741892 -44.925535, -61.783306 -44.959601, -61.824769 -44.993653, -61.866282 -45.027690, -61.907843 -45.061711, -61.949454 -45.095718, -61.991115 -45.129709, -62.032826 -45.163685, -62.074586 -45.197646, -62.116396 -45.231592, -62.158256 -45.265523, -62.200166 -45.299438, -62.242127 -45.333338, -62.284137 -45.367222, -62.326198 -45.401091, -62.368310 -45.434945, -62.410471 -45.468783, -62.452684 -45.502606, -62.494947 -45.536413, -62.537261 -45.570204, -62.579626 -45.603980, -62.622042 -45.637740, -62.664510 -45.671484, -62.707028 -45.705213, -62.749598 -45.738926, -62.792219 -45.772623, -62.834892 -45.806304, -62.877616 -45.839969, -62.920392 -45.873618, -62.963220 -45.907252, -63.006100 -45.940869, -63.049032 -45.974470, -63.092015 -46.008055, -63.135052 -46.041624, -63.178140 -46.075177, -63.221281 -46.108714, -63.264474 -46.142234, -63.307720 -46.175738, -63.351019 -46.209226, -63.394371 -46.242698, -63.437775 -46.276153, -63.481232 -46.309591, -63.524743 -46.343013, -63.568307 -46.376419, -63.611924 -46.409808, -63.655594 -46.443180, -63.699319 -46.476536, -63.743096 -46.509875, -63.786928 -46.543197, -63.830813 -46.576503, -63.874752 -46.609792, -63.918745 -46.643063, -63.962792 -46.676319, -64.006894 -46.709557, -64.051050 -46.742778, -64.095260 -46.775982, -64.139525 -46.809169, -64.183845 -46.842339, -64.228219 -46.875492, -64.272648 -46.908628, -64.317132 -46.941746, -64.361671 -46.974847, -64.406265 -47.007931, -64.450915 -47.040998, -64.495620 -47.074047, -64.540380 -47.107079, -64.585196 -47.140094, -64.630068 -47.173091, -64.674995 -47.206070, -64.719978 -47.239032, -64.765018 -47.271976, -64.810113 -47.304902, -64.855265 -47.337811, -64.900472 -47.370702, -64.945737 -47.403575, -64.991058 -47.436431, -65.036435 -47.469268, -65.081869 -47.502088, -65.127360 -47.534889, -65.172908 -47.567673, -65.218513 -47.600438, -65.264175 -47.633186, -65.309894 -47.665915, -65.355671 -47.698626, -65.401505 -47.731319, -65.447397 -47.763994, -65.493346 -47.796650, -65.539353 -47.829288, -65.585418 -47.861908, -65.631541 -47.894509, -65.677722 -47.927091, -65.723962 -47.959655, -65.770259 -47.992201, -65.816615 -48.024728, -65.863030 -48.057236, -65.909503 -48.089725, -65.956035 -48.122196, -66.002626 -48.154648, -66.049276 -48.187081, -66.095984 -48.219495, -66.142752 -48.251890, -66.189580 -48.284266, -66.236466 -48.316623, -66.283412 -48.348962, -66.330418 -48.381281, -66.377484 -48.413580, -66.424609 -48.445861, -66.471794 -48.478122, -66.519039 -48.510364, -66.566345 -48.542587, -66.613710 -48.574790, -66.661136 -48.606974, -66.708623 -48.639138, -66.756170 -48.671283, -66.803777 -48.703408, -66.851446 -48.735514, -66.899175 -48.767599, -66.946966 -48.799665, -66.994817 -48.831712, -67.042730 -48.863738, -67.090704 -48.895745, -67.138740 -48.927732, -67.186837 -48.959698, -67.234996 -48.991645, -67.283216 -49.023572, -67.331499 -49.055478, -67.379843 -49.087364, -67.428250 -49.119231, -67.476719 -49.151076, -67.525250 -49.182902, -67.573843 -49.214707, -67.622500 -49.246492, -67.671218 -49.278256, -67.720000 -49.310000, -67.729480 -49.354335, -67.738978 -49.398670, -67.748492 -49.443004, -67.758024 -49.487337, -67.767573 -49.531670, -67.777139 -49.576001, -67.786723 -49.620332, -67.796324 -49.664662, -67.805943 -49.708991, -67.815579 -49.753319, -67.825233 -49.797647, -67.834905 -49.841974, -67.844594 -49.886300, -67.854302 -49.930625, -67.864027 -49.974949, -67.873770 -50.019273, -67.883531 -50.063596, -67.893310 -50.107918, -67.903107 -50.152239, -67.912922 -50.196559, -67.922756 -50.240878, -67.932608 -50.285197, -67.942478 -50.329515, -67.952367 -50.373832, -67.962274 -50.418148, -67.972200 -50.462463, -67.982144 -50.506777, -67.992107 -50.551091, -68.002089 -50.595404, -68.012089 -50.639715, -68.022109 -50.684026, -68.032147 -50.728336, -68.042205 -50.772646, -68.052281 -50.816954, -68.062377 -50.861262, -68.072491 -50.905568, -68.082626 -50.949874, -68.092779 -50.994179, -68.102952 -51.038483, -68.113144 -51.082786, -68.123356 -51.127088, -68.133587 -51.171390, -68.143839 -51.215690, -68.154109 -51.259990, -68.164400 -51.304288, -68.174711 -51.348586, -68.185041 -51.392883, -68.195392 -51.437179, -68.205762 -51.481474, -68.216153 -51.525768, -68.226564 -51.570061, -68.236996 -51.614354, -68.247447 -51.658645, -68.257920 -51.702935, -68.268412 -51.747225, -68.278926 -51.791513, -68.289460 -51.835801, -68.300014 -51.880088, -68.310590 -51.924373, -68.321186 -51.968658, -68.331804 -52.012942, -68.342442 -52.057225, -68.353102 -52.101507, -68.363782 -52.145788, -68.374484 -52.190068, -68.385208 -52.234347, -68.395952 -52.278625, -68.406719 -52.322902, -68.417506 -52.367178, -68.428316 -52.411453, -68.439147 -52.455727, -68.450000 -52.500000, -68.522919 -52.503661, -68.595850 -52.507277, -68.668793 -52.510849, -68.741748 -52.514375, -68.814714 -52.517857, -68.887692 -52.521294, -68.960681 -52.524685, -69.033682 -52.528032, -69.106693 -52.531334, -69.179716 -52.534592, -69.252749 -52.537804, -69.325793 -52.540971, -69.398847 -52.544093, -69.471911 -52.547171, -69.544986 -52.550203, -69.618071 -52.553190, -69.691166 -52.556133, -69.764270 -52.559030, -69.837384 -52.561882, -69.910507 -52.564689, -69.983640 -52.567452, -70.056782 -52.570169, -70.129932 -52.572841, -70.203092 -52.575468, -70.276260 -52.578050, -70.349437 -52.580586, -70.422622 -52.583078, -70.495816 -52.585525, -70.569018 -52.587926, -70.642227 -52.590282, -70.715444 -52.592593, -70.788669 -52.594859, -70.861902 -52.597080, -70.935142 -52.599256, -71.008389 -52.601386, -71.081643 -52.603472, -71.154904 -52.605512, -71.228172 -52.607507, -71.301446 -52.609456, -71.374727 -52.611361, -71.448014 -52.613220, -71.521307 -52.615034, -71.594606 -52.616803, -71.667911 -52.618527, -71.741222 -52.620205, -71.814539 -52.621838, -71.887860 -52.623426, -71.961187 -52.624968, -72.034519 -52.626465, -72.107856 -52.627917, -72.181198 -52.629324, -72.254544 -52.630686, -72.327895 -52.632002, -72.401251 -52.633272, -72.474610 -52.634498, -72.547974 -52.635678, -72.621341 -52.636813, -72.694712 -52.637903, -72.768087 -52.638947, -72.841465 -52.639946, -72.914846 -52.640899, -72.988231 -52.641808, -73.061618 -52.642671, -73.135008 -52.643488, -73.208401 -52.644260, -73.281797 -52.644987, -73.355195 -52.645669, -73.428595 -52.646305, -73.501997 -52.646896, -73.575401 -52.647441, -73.648806 -52.647941, -73.722214 -52.648396, -73.795623 -52.648806, -73.869033 -52.649170, -73.942444 -52.649488, -74.015856 -52.649762, -74.089269 -52.649990, -74.162683 -52.650172, -74.236098 -52.650310, -74.309512 -52.650401, -74.382927 -52.650448, -74.456342 -52.650449, -74.529757 -52.650405, -74.603172 -52.650315, -74.676586 -52.650180, -74.750000 -52.650000, -74.800749 -52.617344, -74.851422 -52.584667, -74.902020 -52.551968, -74.952543 -52.519247, -75.002990 -52.486505, -75.053362 -52.453742, -75.103659 -52.420957, -75.153882 -52.388151, -75.204029 -52.355323, -75.254103 -52.322475, -75.304102 -52.289605, -75.354027 -52.256714, -75.403877 -52.223802, -75.453654 -52.190869, -75.503358 -52.157916, -75.552987 -52.124941, -75.602544 -52.091946, -75.652027 -52.058930, -75.701437 -52.025893, -75.750774 -51.992835, -75.800038 -51.959757, -75.849229 -51.926659, -75.898348 -51.893540, -75.947395 -51.860400, -75.996369 -51.827240, -76.045271 -51.794060, -76.094102 -51.760860, -76.142860 -51.727639, -76.191547 -51.694398, -76.240163 -51.661138, -76.288707 -51.627857, -76.337179 -51.594556, -76.385581 -51.561235, -76.433912 -51.527894, -76.482172 -51.494534, -76.530362 -51.461154, -76.578481 -51.427754, -76.626530 -51.394334, -76.674509 -51.360895, -76.722417 -51.327436, -76.770256 -51.293957, -76.818025 -51.260459, -76.865724 -51.226942, -76.913354 -51.193406, -76.960915 -51.159850, -77.008407 -51.126275, -77.055829 -51.092680, -77.103183 -51.059067, -77.150468 -51.025434, -77.197684 -50.991782, -77.244832 -50.958112, -77.291911 -50.924422, -77.338923 -50.890713, -77.385866 -50.856986, -77.432742 -50.823240, -77.479549 -50.789475, -77.526290 -50.755691, -77.572962 -50.721889, -77.619568 -50.688068, -77.666106 -50.654228, -77.712577 -50.620370, -77.758982 -50.586494, -77.805320 -50.552599, -77.851591 -50.518686, -77.897795 -50.484754, -77.943933 -50.450805, -77.990005 -50.416837, -78.036012 -50.382850, -78.081952 -50.348846, -78.127826 -50.314824, -78.173635 -50.280783, -78.219378 -50.246725, -78.265056 -50.212649, -78.310669 -50.178554, -78.356216 -50.144442, -78.401699 -50.110313, -78.447117 -50.076165, -78.492470 -50.042000, -78.537759 -50.007817, -78.582983 -49.973616, -78.628143 -49.939398, -78.673239 -49.905163, -78.718271 -49.870910, -78.763239 -49.836639, -78.808143 -49.802352, -78.852984 -49.768047, -78.897761 -49.733724, -78.942476 -49.699385, -78.987126 -49.665028, -79.031714 -49.630654, -79.076239 -49.596263, -79.120701 -49.561855, -79.165101 -49.527429, -79.209438 -49.492987, -79.253713 -49.458528, -79.297925 -49.424052, -79.342076 -49.389560, -79.386164 -49.355050, -79.430191 -49.320524, -79.474155 -49.285981, -79.518059 -49.251421, -79.561900 -49.216845, -79.605681 -49.182252, -79.649400 -49.147643, -79.693059 -49.113017, -79.736656 -49.078375, -79.780193 -49.043716, -79.823668 -49.009041, -79.867084 -48.974350, -79.910439 -48.939642, -79.953734 -48.904919, -79.996968 -48.870179, -80.040143 -48.835423, -80.083258 -48.800650, -80.126312 -48.765862, -80.169308 -48.731058, -80.212244 -48.696238, -80.255120 -48.661401, -80.297937 -48.626549, -80.340695 -48.591681, -80.383395 -48.556798, -80.426035 -48.521898, -80.468616 -48.486983, -80.511139 -48.452052, -80.553604 -48.417105, -80.596010 -48.382143, -80.638358 -48.347165, -80.680648 -48.312172, -80.722879 -48.277163, -80.765053 -48.242139, -80.807170 -48.207100, -80.849228 -48.172045, -80.891229 -48.136975, -80.933173 -48.101889, -80.975060 -48.066788, -81.016889 -48.031672, -81.058662 -47.996541, -81.100377 -47.961395, -81.142036 -47.926233, -81.183638 -47.891057, -81.225184 -47.855866, -81.266674 -47.820659, -81.308107 -47.785438, -81.349484 -47.750202, -81.390805 -47.714951, -81.432070 -47.679685, -81.473279 -47.644404, -81.514433 -47.609109, -81.555531 -47.573799, -81.596574 -47.538474, -81.637562 -47.503135, -81.678494 -47.467781, -81.719372 -47.432412, -81.760194 -47.397029, -81.800962 -47.361632, -81.841675 -47.326220, -81.882333 -47.290794, -81.922937 -47.255353, -81.963487 -47.219898, -82.003982 -47.184429, -82.044423 -47.148945, -82.084811 -47.113448, -82.125144 -47.077936, -82.165424 -47.042410, -82.205650 -47.006870, -82.245823 -46.971315, -82.285942 -46.935747, -82.326008 -46.900165, -82.366021 -46.864569, -82.405981 -46.828958, -82.445888 -46.793334, -82.485742 -46.757697, -82.525543 -46.722045, -82.565292 -46.686379, -82.604988 -46.650700, -82.644632 -46.615007, -82.684224 -46.579301, -82.723764 -46.543580, -82.763251 -46.507847, -82.802687 -46.472099, -82.842071 -46.436338, -82.881403 -46.400564, -82.920684 -46.364776, -82.959913 -46.328975, -82.999091 -46.293160, -83.038218 -46.257332, -83.077294 -46.221490, -83.116318 -46.185636, -83.155292 -46.149768, -83.194215 -46.113886, -83.233087 -46.077992, -83.271909 -46.042084, -83.310680 -46.006164, -83.349401 -45.970230, -83.388072 -45.934283, -83.426693 -45.898323, -83.465264 -45.862350, -83.503784 -45.826364, -83.542255 -45.790366, -83.580677 -45.754354, -83.619048 -45.718329, -83.657371 -45.682292, -83.695644 -45.646242, -83.733867 -45.610179, -83.772042 -45.574103, -83.810168 -45.538015, -83.848244 -45.501914, -83.886272 -45.465800, -83.924251 -45.429674, -83.962182 -45.393535, -84.000064 -45.357384, -84.037898 -45.321220, -84.075683 -45.285044, -84.113420 -45.248855, -84.151110 -45.212654, -84.188751 -45.176440, -84.226344 -45.140214, -84.263890 -45.103976, -84.301388 -45.067726, -84.338838 -45.031463, -84.376241 -44.995188, -84.413597 -44.958901, -84.450905 -44.922601, -84.488167 -44.886290, -84.525381 -44.849966, -84.562548 -44.813631, -84.599669 -44.777283, -84.636743 -44.740923, -84.673770 -44.704552, -84.710751 -44.668168, -84.747685 -44.631773, -84.784573 -44.595365, -84.821415 -44.558946, -84.858211 -44.522515, -84.894960 -44.486072, -84.931664 -44.449617, -84.968322 -44.413151, -85.004935 -44.376673, -85.041501 -44.340183, -85.078023 -44.303681, -85.114499 -44.267168, -85.150929 -44.230643, -85.187315 -44.194107, -85.223655 -44.157559, -85.259950 -44.121000, -85.296201 -44.084429, -85.332406 -44.047847, -85.368567 -44.011254, -85.404683 -43.974649, -85.440755 -43.938032, -85.476782 -43.901404, -85.512766 -43.864765, -85.548704 -43.828115, -85.584599 -43.791454, -85.620450 -43.754781, -85.656257 -43.718097, -85.692020 -43.681402, -85.727739 -43.644696, -85.763414 -43.607978, -85.799047 -43.571250, -85.834635 -43.534510, -85.870181 -43.497760, -85.905683 -43.460998, -85.941141 -43.424226, -85.976557 -43.387442, -86.011930 -43.350648, -86.047260 -43.313843, -86.082547 -43.277027, -86.117792 -43.240200, -86.152994 -43.203362, -86.188153 -43.166513, -86.223271 -43.129654, -86.258345 -43.092784, -86.293378 -43.055904, -86.328368 -43.019012, -86.363317 -42.982110, -86.398223 -42.945198, -86.433088 -42.908274, -86.467911 -42.871341, -86.502692 -42.834396, -86.537432 -42.797441, -86.572130 -42.760476, -86.606787 -42.723500, -86.641402 -42.686514, -86.675976 -42.649517, -86.710510 -42.612510, -86.745002 -42.575493, -86.779453 -42.538465, -86.813863 -42.501427, -86.848233 -42.464379, -86.882562 -42.427320, -86.916851 -42.390252, -86.951098 -42.353173, -86.985306 -42.316083, -87.019473 -42.278984, -87.053600 -42.241875, -87.087687 -42.204755, -87.121734 -42.167625, -87.155741 -42.130486, -87.189708 -42.093336, -87.223635 -42.056176, -87.257523 -42.019007, -87.291371 -41.981827, -87.325180 -41.944637, -87.358949 -41.907438, -87.392678 -41.870228, -87.426369 -41.833009, -87.460020 -41.795780, -87.493632 -41.758541, -87.527206 -41.721293, -87.560740 -41.684034, -87.594236 -41.646766, -87.627692 -41.609488, -87.661111 -41.572200, -87.694490 -41.534903, -87.727831 -41.497596, -87.761134 -41.460280, -87.794398 -41.422954, -87.827625 -41.385618, -87.860813 -41.348273, -87.893963 -41.310918, -87.927075 -41.273554, -87.960149 -41.236180, -87.993185 -41.198797, -88.026184 -41.161405, -88.059145 -41.124003, -88.092068 -41.086591, -88.124954 -41.049170, -88.157803 -41.011740, -88.190614 -40.974301, -88.223388 -40.936852, -88.256125 -40.899394, -88.288825 -40.861927, -88.321488 -40.824451, -88.354113 -40.786965, -88.386703 -40.749470, -88.419255 -40.711966, -88.451771 -40.674453, -88.484250 -40.636931, -88.516693 -40.599400, -88.549099 -40.561859, -88.581469 -40.524310, -88.613802 -40.486752, -88.646100 -40.449184, -88.678361 -40.411608, -88.710587 -40.374022, -88.742776 -40.336428, -88.774930 -40.298825, -88.807048 -40.261213, -88.839130 -40.223592, -88.871176 -40.185962, -88.903187 -40.148323, -88.935163 -40.110676, -88.967103 -40.073020, -88.999008 -40.035355, -89.030877 -39.997681, -89.062712 -39.959999, -89.094511 -39.922308, -89.126276 -39.884608, -89.158005 -39.846899, -89.189700 -39.809182, -89.221360 -39.771456, -89.252985 -39.733722, -89.284575 -39.695979, -89.316131 -39.658228, -89.347653 -39.620468, -89.379140 -39.582699, -89.410593 -39.544922, -89.442012 -39.507137, -89.473396 -39.469343, -89.504747 -39.431541, -89.536063 -39.393730, -89.567346 -39.355911, -89.598594 -39.318083, -89.629809 -39.280248, -89.660990 -39.242403, -89.692138 -39.204551, -89.723252 -39.166690, -89.754332 -39.128821, -89.785379 -39.090944, -89.816393 -39.053059, -89.847374 -39.015165, -89.878321 -38.977263, -89.909235 -38.939353, -89.940116 -38.901435, -89.970964 -38.863509, -90.001780 -38.825574, -90.032562 -38.787632, -90.063312 -38.749681, -90.094029 -38.711723, -90.124713 -38.673756, -90.155365 -38.635781, -90.185985 -38.597799, -90.216572 -38.559808, -90.247126 -38.521810, -90.277649 -38.483803, -90.308139 -38.445789, -90.338597 -38.407767, -90.369023 -38.369736, -90.399418 -38.331698, -90.429780 -38.293653, -90.460110 -38.255599, -90.490409 -38.217537, -90.520676 -38.179468, -90.550911 -38.141391, -90.581115 -38.103307, -90.611288 -38.065214, -90.641429 -38.027114, -90.671538 -37.989006, -90.701617 -37.950891, -90.731664 -37.912767, -90.761680 -37.874637, -90.791665 -37.836498, -90.821619 -37.798352, -90.851542 -37.760199, -90.881434 -37.722037, -90.911296 -37.683869, -90.941126 -37.645693, -90.970926 -37.607509, -91.000696 -37.569318, -91.030435 -37.531119, -91.060143 -37.492913, -91.089821 -37.454699, -91.119469 -37.416478, -91.149087 -37.378250, -91.178674 -37.340014, -91.208231 -37.301771, -91.237759 -37.263521, -91.267256 -37.225263, -91.296723 -37.186998, -91.326161 -37.148726, -91.355568 -37.110446, -91.384946 -37.072159, -91.414295 -37.033865, -91.443614 -36.995564, -91.472903 -36.957255, -91.502162 -36.918939, -91.531393 -36.880617, -91.560594 -36.842287, -91.589766 -36.803949, -91.618908 -36.765605, -91.648022 -36.727254, -91.677106 -36.688895, -91.706162 -36.650530, -91.735188 -36.612157, -91.764186 -36.573777, -91.793154 -36.535391, -91.822094 -36.496997, -91.851006 -36.458596, -91.879888 -36.420189, -91.908742 -36.381774, -91.937568 -36.343353, -91.966365 -36.304924, -91.995134 -36.266489, -92.023875 -36.228047, -92.052587 -36.189598, -92.081271 -36.151142, -92.109927 -36.112679, -92.138555 -36.074210, -92.167155 -36.035733, -92.195727 -35.997250, -92.224271 -35.958760, -92.252788 -35.920264, -92.281276 -35.881760, -92.309737 -35.843250, -92.338170 -35.804734, -92.366576 -35.766210, -92.394954 -35.727680, -92.423305 -35.689143, -92.451628 -35.650600, -92.479924 -35.612049, -92.508193 -35.573493, -92.536435 -35.534929, -92.564649 -35.496360, -92.592837 -35.457783, -92.620997 -35.419200, -92.649130 -35.380611, -92.677237 -35.342015, -92.705316 -35.303412, -92.733369 -35.264803, -92.761395 -35.226188, -92.789395 -35.187566, -92.817368 -35.148937, -92.845314 -35.110303, -92.873234 -35.071661, -92.901127 -35.033014, -92.928994 -34.994360, -92.956835 -34.955700, -92.984650 -34.917033, -93.012438 -34.878360, -93.040200 -34.839681, -93.067936 -34.800995, -93.095646 -34.762303, -93.123330 -34.723605, -93.150988 -34.684900, -93.178621 -34.646190, -93.206227 -34.607473, -93.233808 -34.568750, -93.261363 -34.530020, -93.288892 -34.491285, -93.316396 -34.452543, -93.343875 -34.413795, -93.371328 -34.375041, -93.398755 -34.336281, -93.426157 -34.297515, -93.453534 -34.258743, -93.480886 -34.219965, -93.508213 -34.181180, -93.535514 -34.142390, -93.562790 -34.103593, -93.590042 -34.064791, -93.617268 -34.025982, -93.644470 -33.987167, -93.671646 -33.948347, -93.698798 -33.909520, -93.725926 -33.870688, -93.753028 -33.831850, -93.780106 -33.793005, -93.807159 -33.754155, -93.834188 -33.715299, -93.861192 -33.676437, -93.888172 -33.637569, -93.915128 -33.598695, -93.942059 -33.559816, -93.968966 -33.520930, -93.995849 -33.482039, -94.022708 -33.443142, -94.049543 -33.404239, -94.076353 -33.365331, -94.103140 -33.326417, -94.129903 -33.287497, -94.156642 -33.248571, -94.183357 -33.209639, -94.210048 -33.170702, -94.236716 -33.131759, -94.263360 -33.092811, -94.289980 -33.053856, -94.316577 -33.014896, -94.343151 -32.975931, -94.369701 -32.936960, -94.396227 -32.897983, -94.422730 -32.859001, -94.449210 -32.820013, -94.475667 -32.781019, -94.502100 -32.742020, -94.528511 -32.703016, -94.554898 -32.664006, -94.581262 -32.624990, -94.607603 -32.585969, -94.633922 -32.546942, -94.660217 -32.507910, -94.686490 -32.468872, -94.712740 -32.429829, -94.738967 -32.390781, -94.765171 -32.351727, -94.791353 -32.312668, -94.817513 -32.273603, -94.843649 -32.234533, -94.869764 -32.195458, -94.895856 -32.156377, -94.921925 -32.117291, -94.947972 -32.078199, -94.973997 -32.039102, -95.000000 -32.000000, -95.051372 -31.988957, -95.102731 -31.977892, -95.154077 -31.966808, -95.205412 -31.955702, -95.256734 -31.944576, -95.308043 -31.933429, -95.359340 -31.922262, -95.410625 -31.911074, -95.461897 -31.899866, -95.513157 -31.888636, -95.564404 -31.877387, -95.615638 -31.866116, -95.666860 -31.854826, -95.718070 -31.843514, -95.769267 -31.832183, -95.820451 -31.820830, -95.871623 -31.809457, -95.922782 -31.798064, -95.973928 -31.786650, -96.025062 -31.775216, -96.076183 -31.763762, -96.127292 -31.752287, -96.178388 -31.740791, -96.229471 -31.729276, -96.280541 -31.717740, -96.331599 -31.706183, -96.382644 -31.694606, -96.433676 -31.683009, -96.484696 -31.671392, -96.535703 -31.659754, -96.586696 -31.648096, -96.637678 -31.636418, -96.688646 -31.624719, -96.739601 -31.613000, -96.790544 -31.601261, -96.841474 -31.589502, -96.892391 -31.577723, -96.943295 -31.565923, -96.994186 -31.554103, -97.045064 -31.542263, -97.095930 -31.530403, -97.146782 -31.518523, -97.197622 -31.506623, -97.248448 -31.494702, -97.299262 -31.482762, -97.350062 -31.470801, -97.400850 -31.458821, -97.451624 -31.446820, -97.502386 -31.434800, -97.553134 -31.422759, -97.603870 -31.410698, -97.654592 -31.398618, -97.705302 -31.386517, -97.755998 -31.374397, -97.806681 -31.362256, -97.857351 -31.350096, -97.908008 -31.337916, -97.958652 -31.325715, -98.009283 -31.313495, -98.059901 -31.301255, -98.110505 -31.288996, -98.161096 -31.276716, -98.211675 -31.264417, -98.262239 -31.252097, -98.312791 -31.239758, -98.363330 -31.227400, -98.413855 -31.215021, -98.464367 -31.202623, -98.514866 -31.190205, -98.565351 -31.177767, -98.615823 -31.165310, -98.666282 -31.152833, -98.716728 -31.140336, -98.767160 -31.127820, -98.817579 -31.115284, -98.867985 -31.102728, -98.918377 -31.090153, -98.968756 -31.077558, -99.019122 -31.064943, -99.069474 -31.052309, -99.119813 -31.039656, -99.170139 -31.026983, -99.220451 -31.014290, -99.270750 -31.001578, -99.321035 -30.988846, -99.371307 -30.976095, -99.421565 -30.963325, -99.471810 -30.950535, -99.522042 -30.937725, -99.572260 -30.924896, -99.622464 -30.912048, -99.672655 -30.899181, -99.722833 -30.886294, -99.772997 -30.873387, -99.823148 -30.860462, -99.873285 -30.847517, -99.923408 -30.834552, -99.973518 -30.821569, -100.023614 -30.808566, -100.073697 -30.795544, -100.123766 -30.782502, -100.173822 -30.769442, -100.223864 -30.756362, -100.273893 -30.743263, -100.323907 -30.730145, -100.373909 -30.717007, -100.423896 -30.703851, -100.473870 -30.690675, -100.523830 -30.677480, -100.573777 -30.664266, -100.623710 -30.651033, -100.673629 -30.637781, -100.723535 -30.624510, -100.773427 -30.611220, -100.823305 -30.597911, -100.873169 -30.584582, -100.923020 -30.571235, -100.972857 -30.557869, -101.022681 -30.544483, -101.072490 -30.531079, -101.122286 -30.517656, -101.172068 -30.504214, -101.221836 -30.490753, -101.271591 -30.477273, -101.321331 -30.463774, -101.371058 -30.450257, -101.420771 -30.436720, -101.470471 -30.423165, -101.520156 -30.409591, -101.569828 -30.395998, -101.619486 -30.382386, -101.669130 -30.368756, -101.718760 -30.355107, -101.768376 -30.341439, -101.817979 -30.327752, -101.867567 -30.314046, -101.917142 -30.300322, -101.966703 -30.286580, -102.016250 -30.272818, -102.065783 -30.259038, -102.115302 -30.245239, -102.164807 -30.231422, -102.214298 -30.217586, -102.263775 -30.203731, -102.313239 -30.189858, -102.362688 -30.175967, -102.412124 -30.162056, -102.461545 -30.148128, -102.510953 -30.134180, -102.560346 -30.120215, -102.609726 -30.106230, -102.659092 -30.092228, -102.708443 -30.078207, -102.757781 -30.064167, -102.807105 -30.050109, -102.856414 -30.036033, -102.905710 -30.021938, -102.954992 -30.007825, -103.004259 -29.993693, -103.053513 -29.979543, -103.102752 -29.965375, -103.151978 -29.951189, -103.201189 -29.936984, -103.250386 -29.922761, -103.299570 -29.908520, -103.348739 -29.894260, -103.397894 -29.879983, -103.447035 -29.865687, -103.496162 -29.851373, -103.545275 -29.837040, -103.594374 -29.822690, -103.643458 -29.808321, -103.692529 -29.793934, -103.741585 -29.779529, -103.790628 -29.765106, -103.839656 -29.750665, -103.888670 -29.736206, -103.937670 -29.721729, -103.986655 -29.707234, -104.035627 -29.692721, -104.084585 -29.678189, -104.133528 -29.663640, -104.182457 -29.649073, -104.231372 -29.634488, -104.280273 -29.619885, -104.329159 -29.605264, -104.378032 -29.590625, -104.426890 -29.575968, -104.475734 -29.561293, -104.524564 -29.546600, -104.573380 -29.531890, -104.622181 -29.517162, -104.670968 -29.502416, -104.719741 -29.487652, -104.768500 -29.472870, -104.817245 -29.458071, -104.865975 -29.443253, -104.914691 -29.428418, -104.963393 -29.413566, -105.012081 -29.398695, -105.060754 -29.383807, -105.109413 -29.368902, -105.158058 -29.353978, -105.206689 -29.339037, -105.255305 -29.324079, -105.303907 -29.309102, -105.352495 -29.294108, -105.401069 -29.279097, -105.449628 -29.264068, -105.498173 -29.249022, -105.546704 -29.233958, -105.595220 -29.218876, -105.643722 -29.203777, -105.692210 -29.188660, -105.740684 -29.173526, -105.789143 -29.158375, -105.837588 -29.143206, -105.886018 -29.128020, -105.934435 -29.112816, -105.982837 -29.097595, -106.031224 -29.082356, -106.079598 -29.067100, -106.127957 -29.051827, -106.176302 -29.036537, -106.224632 -29.021229, -106.272948 -29.005904, -106.321250 -28.990562, -106.369537 -28.975202, -106.417810 -28.959825, -106.466069 -28.944431, -106.514313 -28.929020, -106.562543 -28.913591, -106.610759 -28.898146, -106.658960 -28.882683, -106.707147 -28.867203, -106.755319 -28.851706, -106.803478 -28.836192, -106.851621 -28.820660, -106.899751 -28.805112, -106.947866 -28.789546, -106.995967 -28.773964, -107.044053 -28.758364, -107.092125 -28.742748, -107.140183 -28.727114, -107.188226 -28.711464, -107.236255 -28.695796, -107.284269 -28.680112, -107.332269 -28.664410, -107.380255 -28.648692, -107.428226 -28.632957, -107.476183 -28.617205, -107.524126 -28.601436, -107.572054 -28.585650, -107.619967 -28.569847, -107.667867 -28.554028, -107.715752 -28.538192, -107.763622 -28.522338, -107.811478 -28.506469, -107.859320 -28.490582, -107.907147 -28.474679, -107.954960 -28.458759, -108.002759 -28.442822, -108.050543 -28.426868, -108.098312 -28.410898, -108.146068 -28.394911, -108.193809 -28.378908, -108.241535 -28.362888, -108.289247 -28.346851, -108.336945 -28.330798, -108.384628 -28.314728, -108.432297 -28.298641, -108.479951 -28.282538, -108.527591 -28.266419, -108.575216 -28.250283, -108.622828 -28.234130, -108.670424 -28.217961, -108.718006 -28.201775, -108.765574 -28.185573, -108.813128 -28.169355, -108.860667 -28.153120, -108.908191 -28.136869, -108.955702 -28.120601, -109.003197 -28.104317, -109.050679 -28.088017, -109.098145 -28.071700, -109.145598 -28.055367, -109.193036 -28.039018, -109.240460 -28.022652, -109.287869 -28.006270, -109.335264 -27.989872, -109.382644 -27.973458, -109.430010 -27.957027, -109.477361 -27.940581, -109.524698 -27.924117, -109.572021 -27.907638, -109.619329 -27.891143, -109.666623 -27.874631, -109.713902 -27.858104, -109.761167 -27.841560, -109.808418 -27.825000, -109.855654 -27.808424, -109.902876 -27.791832, -109.950083 -27.775224, -109.997276 -27.758600, -110.044454 -27.741960, -110.091618 -27.725304, -110.138768 -27.708632, -110.185903 -27.691944, -110.233024 -27.675240, -110.280130 -27.658520, -110.327222 -27.641784, -110.374300 -27.625032, -110.421363 -27.608265, -110.468412 -27.591481, -110.515446 -27.574682, -110.562466 -27.557867, -110.609472 -27.541036, -110.656463 -27.524189, -110.703439 -27.507326, -110.750402 -27.490448, -110.797349 -27.473554, -110.844283 -27.456644, -110.891202 -27.439718, -110.938107 -27.422777, -110.984997 -27.405820, -111.031873 -27.388847, -111.078734 -27.371859, -111.125581 -27.354855, -111.172414 -27.337835, -111.219233 -27.320800, -111.266036 -27.303749, -111.312826 -27.286683, -111.359601 -27.269601, -111.406362 -27.252504, -111.453108 -27.235391, -111.499840 -27.218262, -111.546558 -27.201118, -111.593261 -27.183958, -111.639950 -27.166783, -111.686625 -27.149593, -111.733285 -27.132387, -111.779931 -27.115166, -111.826562 -27.097929, -111.873179 -27.080677, -111.919782 -27.063410, -111.966371 -27.046127, -112.012945 -27.028829, -112.059504 -27.011515, -112.106050 -26.994186, -112.152581 -26.976842, -112.199097 -26.959483, -112.245599 -26.942108, -112.292087 -26.924719, -112.338561 -26.907314, -112.385020 -26.889893, -112.431465 -26.872458, -112.477896 -26.855007, -112.524312 -26.837541, -112.570714 -26.820061, -112.617102 -26.802564, -112.663475 -26.785053, -112.709834 -26.767527, -112.756179 -26.749986, -112.802509 -26.732429, -112.848826 -26.714858, -112.895127 -26.697271, -112.941415 -26.679670, -112.987688 -26.662053, -113.033947 -26.644422, -113.080192 -26.626776, -113.126422 -26.609114, -113.172638 -26.591438, -113.218840 -26.573747, -113.265027 -26.556040, -113.311201 -26.538319, -113.357360 -26.520584, -113.403504 -26.502833, -113.449635 -26.485067, -113.495751 -26.467287, -113.541853 -26.449492, -113.587941 -26.431682, -113.634014 -26.413857, -113.680073 -26.396017, -113.726118 -26.378163, -113.772149 -26.360294, -113.818166 -26.342410, -113.864168 -26.324512, -113.910156 -26.306599, -113.956130 -26.288671, -114.002089 -26.270729, -114.048035 -26.252772, -114.093966 -26.234800, -114.139883 -26.216814, -114.185786 -26.198813, -114.231674 -26.180798, -114.277549 -26.162768, -114.323409 -26.144724, -114.369255 -26.126665, -114.415087 -26.108591, -114.460904 -26.090503, -114.506708 -26.072401, -114.552497 -26.054284, -114.598273 -26.036153, -114.644034 -26.018007, -114.689780 -25.999847, -114.735513 -25.981673, -114.781232 -25.963484, -114.826936 -25.945281, -114.872627 -25.927063, -114.918303 -25.908831, -114.963965 -25.890585, -115.009613 -25.872325, -115.055247 -25.854050, -115.100866 -25.835761, -115.146472 -25.817458, -115.192063 -25.799140, -115.237641 -25.780808, -115.283204 -25.762463, -115.328753 -25.744102, -115.374289 -25.725728, -115.419810 -25.707340, -115.465317 -25.688937, -115.510810 -25.670521, -115.556289 -25.652090, -115.601753 -25.633645, -115.647204 -25.615186, -115.692641 -25.596714, -115.738064 -25.578227, -115.783472 -25.559726, -115.828867 -25.541211, -115.874248 -25.522682, -115.919614 -25.504139, -115.964967 -25.485582, -116.010305 -25.467011, -116.055630 -25.448426, -116.100941 -25.429828, -116.146237 -25.411215, -116.191520 -25.392589, -116.236788 -25.373948, -116.282043 -25.355294, -116.327284 -25.336626, -116.372511 -25.317945, -116.417723 -25.299249, -116.462922 -25.280540, -116.508107 -25.261817, -116.553278 -25.243080, -116.598435 -25.224329, -116.643578 -25.205565, -116.688707 -25.186787, -116.733823 -25.167995, -116.778924 -25.149190, -116.824011 -25.130371, -116.869085 -25.111538, -116.914145 -25.092692, -116.959190 -25.073832, -117.004222 -25.054959, -117.049240 -25.036072, -117.094245 -25.017171, -117.139235 -24.998257, -117.184211 -24.979329, -117.229174 -24.960388, -117.274123 -24.941433, -117.319058 -24.922465, -117.363979 -24.903484, -117.408886 -24.884489, -117.453779 -24.865480, -117.498659 -24.846458, -117.543525 -24.827423, -117.588377 -24.808374, -117.633215 -24.789312, -117.678040 -24.770237, -117.722851 -24.751148, -117.767648 -24.732046, -117.812431 -24.712931, -117.857200 -24.693802, -117.901956 -24.674660, -117.946698 -24.655505, -117.991426 -24.636336, -118.036140 -24.617155, -118.080841 -24.597960, -118.125528 -24.578752, -118.170202 -24.559531, -118.214861 -24.540296, -118.259507 -24.521049, -118.304139 -24.501788, -118.348758 -24.482514, -118.393363 -24.463227, -118.437954 -24.443927, -118.482532 -24.424614, -118.527096 -24.405288, -118.571646 -24.385949, -118.616183 -24.366597, -118.660706 -24.347232, -118.705215 -24.327853, -118.749711 -24.308462, -118.794193 -24.289058, -118.838662 -24.269641, -118.883117 -24.250211, -118.927558 -24.230768, -118.971986 -24.211312, -119.016400 -24.191844, -119.060801 -24.172362, -119.105188 -24.152868, -119.149562 -24.133361, -119.193922 -24.113841, -119.238268 -24.094308, -119.282601 -24.074762, -119.326921 -24.055204, -119.371227 -24.035633, -119.415519 -24.016049, -119.459798 -23.996452, -119.504064 -23.976843, -119.548316 -23.957221, -119.592554 -23.937586, -119.636779 -23.917939, -119.680991 -23.898279, -119.725189 -23.878606, -119.769374 -23.858921, -119.813545 -23.839223, -119.857703 -23.819512, -119.901848 -23.799789, -119.945979 -23.780054, -119.990097 -23.760306, -120.034201 -23.740545, -120.078292 -23.720772, -120.122369 -23.700986, -120.166433 -23.681188, -120.210484 -23.661377, -120.254522 -23.641554, -120.298546 -23.621719, -120.342557 -23.601871, -120.386554 -23.582011, -120.430538 -23.562138, -120.474509 -23.542253, -120.518467 -23.522356, -120.562411 -23.502446, -120.606342 -23.482524, -120.650260 -23.462590, -120.694164 -23.442643, -120.738055 -23.422684, -120.781933 -23.402713, -120.825798 -23.382730, -120.869649 -23.362734, -120.913487 -23.342726, -120.957312 -23.322706, -121.001124 -23.302674, -121.044923 -23.282630, -121.088708 -23.262573, -121.132480 -23.242504, -121.176239 -23.222423, -121.219985 -23.202331, -121.263718 -23.182226, -121.307438 -23.162108, -121.351144 -23.141979, -121.394838 -23.121838, -121.438518 -23.101685, -121.482185 -23.081520, -121.525839 -23.061342, -121.569480 -23.041153, -121.613108 -23.020952, -121.656722 -23.000739, -121.700324 -22.980514, -121.743913 -22.960277, -121.787488 -22.940028, -121.831051 -22.919767, -121.874600 -22.899494, -121.918137 -22.879210, -121.961660 -22.858913, -122.005171 -22.838605, -122.048668 -22.818285, -122.092153 -22.797953, -122.135624 -22.777610, -122.179083 -22.757254, -122.222529 -22.736887, -122.265961 -22.716508, -122.309381 -22.696118, -122.352788 -22.675715, -122.396182 -22.655301, -122.439563 -22.634876, -122.482931 -22.614438, -122.526286 -22.593989, -122.569628 -22.573529, -122.612958 -22.553056, -122.656274 -22.532573, -122.699578 -22.512077, -122.742869 -22.491570, -122.786147 -22.471052, -122.829412 -22.450521, -122.872665 -22.429980, -122.915904 -22.409427, -122.959131 -22.388862, -123.002345 -22.368286, -123.045547 -22.347698, -123.088735 -22.327099, -123.131911 -22.306489, -123.175074 -22.285867, -123.218224 -22.265233, -123.261362 -22.244589, -123.304487 -22.223933, -123.347599 -22.203265, -123.390698 -22.182586, -123.433785 -22.161896, -123.476859 -22.141195, -123.519920 -22.120482, -123.562969 -22.099758, -123.606005 -22.079023, -123.649029 -22.058276, -123.692039 -22.037518, -123.735038 -22.016749, -123.778023 -21.995969, -123.820996 -21.975178, -123.863957 -21.954375, -123.906905 -21.933561, -123.949840 -21.912736, -123.992763 -21.891900, -124.035673 -21.871053, -124.078570 -21.850195, -124.121455 -21.829325, -124.164328 -21.808445, -124.207188 -21.787553, -124.250036 -21.766651, -124.292871 -21.745737, -124.335694 -21.724813, -124.378504 -21.703877, -124.421301 -21.682930, -124.464087 -21.661973, -124.506860 -21.641004, -124.549620 -21.620025, -124.592368 -21.599034, -124.635104 -21.578033, -124.677827 -21.557021, -124.720538 -21.535998, -124.763236 -21.514964, -124.805922 -21.493919, -124.848596 -21.472863, -124.891257 -21.451797, -124.933906 -21.430719, -124.976543 -21.409631, -125.019168 -21.388532, -125.061780 -21.367423, -125.104380 -21.346302, -125.146967 -21.325171, -125.189543 -21.304029, -125.232106 -21.282877, -125.274657 -21.261714, -125.317195 -21.240540, -125.359722 -21.219355, -125.402236 -21.198160, -125.444738 -21.176954, -125.487228 -21.155738, -125.529705 -21.134511, -125.572171 -21.113273, -125.614624 -21.092025, -125.657065 -21.070766, -125.699494 -21.049496, -125.741911 -21.028217, -125.784316 -21.006926, -125.826708 -20.985625, -125.869089 -20.964314, -125.911457 -20.942992, -125.953814 -20.921660, -125.996158 -20.900317, -126.038491 -20.878964, -126.080811 -20.857600, -126.123119 -20.836226, -126.165415 -20.814842, -126.207700 -20.793447, -126.249972 -20.772042, -126.292232 -20.750627, -126.334480 -20.729201, -126.376717 -20.707765, -126.418941 -20.686319, -126.461153 -20.664862, -126.503354 -20.643395, -126.545543 -20.621918, -126.587719 -20.600431, -126.629884 -20.578933, -126.672037 -20.557425, -126.714178 -20.535907, -126.756307 -20.514379, -126.798425 -20.492841, -126.840530 -20.471292, -126.882624 -20.449734, -126.924706 -20.428165, -126.966776 -20.406586, -127.008834 -20.384997, -127.050881 -20.363398, -127.092915 -20.341789, -127.134938 -20.320170, -127.176950 -20.298540, -127.218949 -20.276901, -127.260937 -20.255252, -127.302913 -20.233593, -127.344877 -20.211924, -127.386830 -20.190245, -127.428771 -20.168556, -127.470700 -20.146856, -127.512618 -20.125148, -127.554524 -20.103429, -127.596418 -20.081700, -127.638301 -20.059961, -127.680173 -20.038213, -127.722032 -20.016455, -127.763880 -19.994686, -127.805717 -19.972908, -127.847541 -19.951121, -127.889355 -19.929323, -127.931157 -19.907516, -127.972947 -19.885699, -128.014726 -19.863872, -128.056493 -19.842035, -128.098249 -19.820189, -128.139993 -19.798333, -128.181726 -19.776467, -128.223447 -19.754592, -128.265157 -19.732707, -128.306856 -19.710812, -128.348543 -19.688908, -128.390218 -19.666994, -128.431883 -19.645071, -128.473536 -19.623137, -128.515177 -19.601195, -128.556807 -19.579242, -128.598426 -19.557281, -128.640034 -19.535309, -128.681630 -19.513328, -128.723215 -19.491338, -128.764788 -19.469338, -128.806351 -19.447329, -128.847902 -19.425310, -128.889441 -19.403282, -128.930970 -19.381244, -128.972487 -19.359197, -129.013993 -19.337141, -129.055488 -19.315075, -129.096971 -19.292999, -129.138444 -19.270915, -129.179905 -19.248821, -129.221355 -19.226717, -129.262794 -19.204605, -129.304222 -19.182483, -129.345639 -19.160352, -129.387044 -19.138211, -129.428438 -19.116061, -129.469822 -19.093902, -129.511194 -19.071734, -129.552555 -19.049557, -129.593905 -19.027370, -129.635244 -19.005174, -129.676572 -18.982969, -129.717889 -18.960755, -129.759195 -18.938531, -129.800490 -18.916299, -129.841774 -18.894057, -129.883047 -18.871806, -129.924310 -18.849546, -129.965561 -18.827277, -130.006801 -18.804999, -130.048030 -18.782712, -130.089249 -18.760416, -130.130456 -18.738111, -130.171653 -18.715797, -130.212838 -18.693474, -130.254013 -18.671141, -130.295177 -18.648800, -130.336331 -18.626450, -130.377473 -18.604091, -130.418605 -18.581723, -130.459725 -18.559346, -130.500835 -18.536961, -130.541934 -18.514566, -130.583023 -18.492162, -130.624101 -18.469750, -130.665168 -18.447329, -130.706224 -18.424899, -130.747269 -18.402460, -130.788304 -18.380012, -130.829328 -18.357556, -130.870342 -18.335090, -130.911345 -18.312616, -130.952337 -18.290133, -130.993318 -18.267642, -131.034289 -18.245142, -131.075250 -18.222633, -131.116199 -18.200115, -131.157138 -18.177589, -131.198067 -18.155054, -131.238985 -18.132510, -131.279892 -18.109958, -131.320789 -18.087397, -131.361676 -18.064827, -131.402552 -18.042249, -131.443417 -18.019662, -131.484272 -17.997067, -131.525116 -17.974463, -131.565950 -17.951851, -131.606774 -17.929230, -131.647587 -17.906601, -131.688390 -17.883963, -131.729182 -17.861316, -131.769964 -17.838661, -131.810736 -17.815998, -131.851497 -17.793326, -131.892248 -17.770646, -131.932988 -17.747957, -131.973718 -17.725260, -132.014438 -17.702554, -132.055148 -17.679841, -132.095847 -17.657118, -132.136536 -17.634388, -132.177214 -17.611649, -132.217883 -17.588902, -132.258541 -17.566146, -132.299189 -17.543382, -132.339827 -17.520610, -132.380454 -17.497830, -132.421072 -17.475041, -132.461679 -17.452244, -132.502276 -17.429439, -132.542863 -17.406625, -132.583440 -17.383804, -132.624006 -17.360974, -132.664563 -17.338136, -132.705109 -17.315290, -132.745646 -17.292436, -132.786172 -17.269573, -132.826688 -17.246703, -132.867195 -17.223824, -132.907691 -17.200937, -132.948177 -17.178043, -132.988653 -17.155140, -133.029119 -17.132229, -133.069575 -17.109310, -133.110022 -17.086383, -133.150458 -17.063448, -133.190884 -17.040505, -133.231301 -17.017554, -133.271707 -16.994595, -133.312104 -16.971628, -133.352491 -16.948653, -133.392867 -16.925670, -133.433234 -16.902679, -133.473592 -16.879680, -133.513939 -16.856674, -133.554276 -16.833659, -133.594604 -16.810637, -133.634922 -16.787607, -133.675230 -16.764569, -133.715529 -16.741523, -133.755817 -16.718469, -133.796096 -16.695408, -133.836365 -16.672338, -133.876625 -16.649261, -133.916874 -16.626176, -133.957114 -16.603084, -133.997345 -16.579984, -134.037566 -16.556876, -134.077777 -16.533760, -134.117978 -16.510636, -134.158170 -16.487505, -134.198352 -16.464366, -134.238525 -16.441220, -134.278688 -16.418066, -134.318841 -16.394904, -134.358985 -16.371735, -134.399120 -16.348558, -134.439244 -16.325373, -134.479360 -16.302181, -134.519466 -16.278982, -134.559562 -16.255774, -134.599649 -16.232560, -134.639726 -16.209337, -134.679794 -16.186107, -134.719853 -16.162870, -134.759902 -16.139625, -134.799942 -16.116373, -134.839972 -16.093113, -134.879993 -16.069846, -134.920005 -16.046571, -134.960007 -16.023289, -135.000000 -16.000000, -135.046454 -15.995188, -135.092907 -15.990367, -135.139356 -15.985535, -135.185804 -15.980694, -135.232249 -15.975842, -135.278693 -15.970980, -135.325134 -15.966109, -135.371572 -15.961228, -135.418009 -15.956336, -135.464443 -15.951435, -135.510874 -15.946524, -135.557304 -15.941602, -135.603731 -15.936671, -135.650156 -15.931730, -135.696579 -15.926779, -135.742999 -15.921818, -135.789417 -15.916847, -135.835833 -15.911867, -135.882247 -15.906876, -135.928658 -15.901875, -135.975067 -15.896865, -136.021473 -15.891845, -136.067878 -15.886814, -136.114280 -15.881774, -136.160679 -15.876724, -136.207077 -15.871664, -136.253471 -15.866594, -136.299864 -15.861514, -136.346254 -15.856425, -136.392642 -15.851325, -136.439028 -15.846216, -136.485411 -15.841097, -136.531792 -15.835968, -136.578171 -15.830829, -136.624547 -15.825680, -136.670920 -15.820522, -136.717292 -15.815353, -136.763661 -15.810175, -136.810028 -15.804987, -136.856392 -15.799789, -136.902754 -15.794581, -136.949113 -15.789363, -136.995471 -15.784136, -137.041825 -15.778898, -137.088178 -15.773651, -137.134528 -15.768395, -137.180875 -15.763128, -137.227220 -15.757851, -137.273563 -15.752565, -137.319903 -15.747269, -137.366241 -15.741963, -137.412577 -15.736647, -137.458910 -15.731322, -137.505240 -15.725987, -137.551569 -15.720642, -137.597894 -15.715287, -137.644218 -15.709922, -137.690539 -15.704548, -137.736857 -15.699164, -137.783173 -15.693770, -137.829487 -15.688367, -137.875798 -15.682953, -137.922106 -15.677530, -137.968412 -15.672098, -138.014716 -15.666655, -138.061017 -15.661203, -138.107316 -15.655741, -138.153612 -15.650269, -138.199906 -15.644788, -138.246197 -15.639297, -138.292486 -15.633796, -138.338773 -15.628285, -138.385056 -15.622765, -138.431338 -15.617235, -138.477617 -15.611696, -138.523893 -15.606146, -138.570167 -15.600587, -138.616438 -15.595019, -138.662707 -15.589440, -138.708973 -15.583852, -138.755237 -15.578255, -138.801498 -15.572647, -138.847757 -15.567030, -138.894013 -15.561404, -138.940267 -15.555767, -138.986518 -15.550121, -139.032767 -15.544466, -139.079013 -15.538801, -139.125256 -15.533126, -139.171497 -15.527441, -139.217735 -15.521747, -139.263971 -15.516043, -139.310205 -15.510330, -139.356435 -15.504607, -139.402664 -15.498874, -139.448889 -15.493132, -139.495112 -15.487381, -139.541333 -15.481619, -139.587551 -15.475848, -139.633766 -15.470068, -139.679979 -15.464277, -139.726189 -15.458478, -139.772396 -15.452668, -139.818601 -15.446850, -139.864804 -15.441021, -139.911003 -15.435183, -139.957200 -15.429336, -140.003395 -15.423479, -140.049587 -15.417612, -140.095776 -15.411736, -140.141963 -15.405850, -140.188147 -15.399955, -140.234329 -15.394050, -140.280507 -15.388136, -140.326684 -15.382212, -140.372857 -15.376278, -140.419028 -15.370336, -140.465197 -15.364383, -140.511362 -15.358421, -140.557525 -15.352450, -140.603686 -15.346469, -140.649844 -15.340479, -140.695999 -15.334479, -140.742151 -15.328469, -140.788301 -15.322451, -140.834448 -15.316422, -140.880593 -15.310385, -140.926734 -15.304337, -140.972874 -15.298281, -141.019010 -15.292215, -141.065144 -15.286139, -141.111275 -15.280054, -141.157404 -15.273960, -141.203529 -15.267856, -141.249652 -15.261742, -141.295773 -15.255620, -141.341891 -15.249487, -141.388006 -15.243346, -141.434118 -15.237195, -141.480228 -15.231034, -141.526334 -15.224864, -141.572439 -15.218685, -141.618540 -15.212497, -141.664639 -15.206298, -141.710735 -15.200091, -141.756828 -15.193874, -141.802919 -15.187648, -141.849007 -15.181413, -141.895092 -15.175168, -141.941175 -15.168913, -141.987255 -15.162650, -142.033332 -15.156377, -142.079406 -15.150094, -142.125477 -15.143803, -142.171546 -15.137502, -142.217612 -15.131191, -142.263676 -15.124871, -142.309736 -15.118542, -142.355794 -15.112204, -142.401849 -15.105856, -142.447901 -15.099499, -142.493951 -15.093133, -142.539998 -15.086757, -142.586042 -15.080373, -142.632083 -15.073978, -142.678122 -15.067575, -142.724157 -15.061162, -142.770190 -15.054740, -142.816220 -15.048309, -142.862248 -15.041868, -142.908272 -15.035418, -142.954294 -15.028959, -143.000313 -15.022491, -143.046329 -15.016013, -143.092343 -15.009526, -143.138354 -15.003030, -143.184361 -14.996525, -143.230366 -14.990010, -143.276369 -14.983486, -143.322368 -14.976953, -143.368365 -14.970411, -143.414359 -14.963859, -143.460350 -14.957299, -143.506338 -14.950729, -143.552323 -14.944150, -143.598306 -14.937561, -143.644285 -14.930964, -143.690262 -14.924357, -143.736236 -14.917741, -143.782208 -14.911116, -143.828176 -14.904482, -143.874142 -14.897839, -143.920104 -14.891186, -143.966064 -14.884525, -144.012021 -14.877854, -144.057976 -14.871174, -144.103927 -14.864485, -144.149876 -14.857786, -144.195821 -14.851079, -144.241764 -14.844362, -144.287704 -14.837637, -144.333641 -14.830902, -144.379575 -14.824158, -144.425507 -14.817405, -144.471435 -14.810643, -144.517361 -14.803872, -144.563284 -14.797092, -144.609204 -14.790302, -144.655121 -14.783504, -144.701035 -14.776696, -144.746946 -14.769880, -144.792854 -14.763054, -144.838760 -14.756219, -144.884662 -14.749375, -144.930562 -14.742523, -144.976459 -14.735661, -145.022353 -14.728790, -145.068244 -14.721910, -145.114132 -14.715021, -145.160017 -14.708123, -145.205900 -14.701216, -145.251779 -14.694300, -145.297656 -14.687375, -145.343529 -14.680440, -145.389400 -14.673497, -145.435268 -14.666545, -145.481133 -14.659584, -145.526995 -14.652614, -145.572854 -14.645635, -145.618710 -14.638647, -145.664563 -14.631650, -145.710413 -14.624644, -145.756261 -14.617629, -145.802105 -14.610605, -145.847947 -14.603572, -145.893785 -14.596530, -145.939621 -14.589480, -145.985453 -14.582420, -146.031283 -14.575351, -146.077110 -14.568274, -146.122934 -14.561187, -146.168755 -14.554092, -146.214573 -14.546988, -146.260388 -14.539874, -146.306200 -14.532752, -146.352009 -14.525621, -146.397815 -14.518481, -146.443618 -14.511332, -146.489418 -14.504175, -146.535216 -14.497008, -146.581010 -14.489833, -146.626801 -14.482649, -146.672590 -14.475455, -146.718375 -14.468253, -146.764158 -14.461043, -146.809937 -14.453823, -146.855713 -14.446594, -146.901487 -14.439357, -146.947258 -14.432111, -146.993025 -14.424856, -147.038790 -14.417592, -147.084551 -14.410319, -147.130310 -14.403038, -147.176065 -14.395747, -147.221818 -14.388448, -147.267568 -14.381140, -147.313314 -14.373824, -147.359058 -14.366498, -147.404798 -14.359164, -147.450536 -14.351821, -147.496271 -14.344469, -147.542002 -14.337109, -147.587731 -14.329740, -147.633457 -14.322362, -147.679179 -14.314975, -147.724899 -14.307579, -147.770615 -14.300175, -147.816329 -14.292762, -147.862039 -14.285340, -147.907747 -14.277910, -147.953452 -14.270471, -147.999153 -14.263023, -148.044852 -14.255566, -148.090547 -14.248101, -148.136239 -14.240627, -148.181929 -14.233145, -148.227615 -14.225653, -148.273299 -14.218153, -148.318979 -14.210645, -148.364656 -14.203127, -148.410330 -14.195601, -148.456002 -14.188067, -148.501670 -14.180523, -148.547335 -14.172971, -148.592997 -14.165411, -148.638656 -14.157842, -148.684312 -14.150264, -148.729965 -14.142677, -148.775615 -14.135082, -148.821262 -14.127478, -148.866905 -14.119866, -148.912546 -14.112245, -148.958184 -14.104616, -149.003819 -14.096978, -149.049450 -14.089331, -149.095079 -14.081676, -149.140704 -14.074012, -149.186327 -14.066340, -149.231946 -14.058659, -149.277562 -14.050969, -149.323175 -14.043271, -149.368785 -14.035564, -149.414393 -14.027849, -149.459997 -14.020125, -149.505597 -14.012393, -149.551195 -14.004652, -149.596790 -13.996903, -149.642382 -13.989145, -149.687970 -13.981379, -149.733556 -13.973604, -149.779138 -13.965821, -149.824718 -13.958029, -149.870294 -13.950229, -149.915867 -13.942420, -149.961438 -13.934603, -150.007005 -13.926777, -150.052569 -13.918943, -150.098129 -13.911100, -150.143687 -13.903249, -150.189242 -13.895390, -150.234793 -13.887522, -150.280342 -13.879645, -150.325887 -13.871760, -150.371430 -13.863867, -150.416969 -13.855965, -150.462505 -13.848055, -150.508038 -13.840137, -150.553568 -13.832210, -150.599095 -13.824274, -150.644618 -13.816331, -150.690139 -13.808379, -150.735656 -13.800418, -150.781171 -13.792449, -150.826682 -13.784472, -150.872190 -13.776486, -150.917695 -13.768492, -150.963197 -13.760490, -151.008696 -13.752479, -151.054192 -13.744460, -151.099684 -13.736433, -151.145174 -13.728397, -151.190660 -13.720353, -151.236143 -13.712301, -151.281623 -13.704240, -151.327100 -13.696171, -151.372574 -13.688094, -151.418045 -13.680009, -151.463513 -13.671915, -151.508977 -13.663813, -151.554439 -13.655702, -151.599897 -13.647584, -151.645352 -13.639457, -151.690804 -13.631321, -151.736253 -13.623178, -151.781698 -13.615026, -151.827141 -13.606866, -151.872580 -13.598698, -151.918017 -13.590522, -151.963450 -13.582337, -152.008880 -13.574144, -152.054307 -13.565943, -152.099731 -13.557734, -152.145151 -13.549516, -152.190569 -13.541290, -152.235983 -13.533056, -152.281394 -13.524814, -152.326802 -13.516564, -152.372207 -13.508306, -152.417609 -13.500039, -152.463007 -13.491764, -152.508403 -13.483481, -152.553795 -13.475190, -152.599184 -13.466891, -152.644570 -13.458583, -152.689953 -13.450268, -152.735333 -13.441944, -152.780709 -13.433612, -152.826083 -13.425272, -152.871453 -13.416924, -152.916820 -13.408568, -152.962184 -13.400204, -153.007545 -13.391832, -153.052903 -13.383451, -153.098257 -13.375063, -153.143608 -13.366666, -153.188956 -13.358261, -153.234301 -13.349849, -153.279643 -13.341428, -153.324982 -13.332999, -153.370317 -13.324562, -153.415650 -13.316117, -153.460979 -13.307664, -153.506305 -13.299203, -153.551628 -13.290734, -153.596947 -13.282257, -153.642264 -13.273772, -153.687577 -13.265279, -153.732887 -13.256777, -153.778194 -13.248268, -153.823498 -13.239751, -153.868799 -13.231226, -153.914096 -13.222693, -153.959391 -13.214152, -154.004682 -13.205603, -154.049970 -13.197046, -154.095255 -13.188481, -154.140536 -13.179908, -154.185815 -13.171327, -154.231090 -13.162739, -154.276362 -13.154142, -154.321631 -13.145537, -154.366897 -13.136925, -154.412159 -13.128304, -154.457419 -13.119676, -154.502675 -13.111040, -154.547928 -13.102396, -154.593178 -13.093744, -154.638424 -13.085084, -154.683668 -13.076416, -154.728908 -13.067740, -154.774145 -13.059057, -154.819379 -13.050365, -154.864610 -13.041666, -154.909838 -13.032959, -154.955062 -13.024244, -155.000283 -13.015521, -155.045501 -13.006790, -155.090716 -12.998052, -155.135928 -12.989306, -155.181136 -12.980552, -155.226341 -12.971790, -155.271544 -12.963020, -155.316742 -12.954243, -155.361938 -12.945457, -155.407131 -12.936664, -155.452320 -12.927863, -155.497506 -12.919055, -155.542689 -12.910238, -155.587869 -12.901414, -155.633046 -12.892582, -155.678219 -12.883743, -155.723389 -12.874895, -155.768556 -12.866040, -155.813720 -12.857177, -155.858881 -12.848307, -155.904038 -12.839429, -155.949193 -12.830543, -155.994344 -12.821649, -156.039492 -12.812748, -156.084636 -12.803838, -156.129778 -12.794922, -156.174916 -12.785997, -156.220051 -12.777065, -156.265183 -12.768125, -156.310312 -12.759178, -156.355437 -12.750223, -156.400560 -12.741260, -156.445679 -12.732290, -156.490795 -12.723312, -156.535908 -12.714326, -156.581017 -12.705333, -156.626124 -12.696332, -156.671227 -12.687323, -156.716327 -12.678307, -156.761424 -12.669283, -156.806517 -12.660252, -156.851608 -12.651213, -156.896695 -12.642167, -156.941779 -12.633112, -156.986860 -12.624051, -157.031937 -12.614982, -157.077012 -12.605905, -157.122083 -12.596820, -157.167151 -12.587729, -157.212216 -12.578629, -157.257277 -12.569522, -157.302336 -12.560408, -157.347391 -12.551286, -157.392443 -12.542156, -157.437492 -12.533019, -157.482538 -12.523875, -157.527580 -12.514723, -157.572620 -12.505563, -157.617656 -12.496396, -157.662689 -12.487222, -157.707718 -12.478040, -157.752745 -12.468850, -157.797768 -12.459654, -157.842788 -12.450449, -157.887805 -12.441237, -157.932819 -12.432018, -157.977829 -12.422792, -158.022837 -12.413558, -158.067841 -12.404316, -158.112842 -12.395067, -158.157840 -12.385811, -158.202834 -12.376547, -158.247825 -12.367276, -158.292814 -12.357998, -158.337799 -12.348712, -158.382780 -12.339418, -158.427759 -12.330118, -158.472734 -12.320810, -158.517707 -12.311494, -158.562676 -12.302172, -158.607641 -12.292842, -158.652604 -12.283504, -158.697564 -12.274159, -158.742520 -12.264807, -158.787473 -12.255448, -158.832423 -12.246081, -158.877369 -12.236707, -158.922313 -12.227326, -158.967253 -12.217937, -159.012190 -12.208541, -159.057124 -12.199138, -159.102055 -12.189728, -159.146982 -12.180310, -159.191907 -12.170885, -159.236828 -12.161453, -159.281746 -12.152013, -159.326661 -12.142567, -159.371572 -12.133113, -159.416481 -12.123651, -159.461386 -12.114183, -159.506288 -12.104707, -159.551187 -12.095224, -159.596082 -12.085734, -159.640975 -12.076237, -159.685864 -12.066732, -159.730750 -12.057221, -159.775633 -12.047702, -159.820513 -12.038176, -159.865389 -12.028643, -159.910263 -12.019102, -159.955133 -12.009555, -160.000000 -12.000000, -160.041982 -11.981686, -160.083957 -11.963367, -160.125928 -11.945041, -160.167892 -11.926708, -160.209851 -11.908370, -160.251804 -11.890025, -160.293752 -11.871674, -160.335693 -11.853317, -160.377630 -11.834954, -160.419560 -11.816585, -160.461485 -11.798209, -160.503405 -11.779827, -160.545318 -11.761439, -160.587226 -11.743046, -160.629129 -11.724645, -160.671026 -11.706239, -160.712917 -11.687827, -160.754803 -11.669409, -160.796683 -11.650984, -160.838558 -11.632554, -160.880427 -11.614118, -160.922291 -11.595675, -160.964149 -11.577227, -161.006001 -11.558772, -161.047848 -11.540311, -161.089690 -11.521845, -161.131526 -11.503372, -161.173357 -11.484894, -161.215182 -11.466410, -161.257001 -11.447919, -161.298815 -11.429423, -161.340624 -11.410921, -161.382427 -11.392412, -161.424225 -11.373898, -161.466017 -11.355378, -161.507804 -11.336853, -161.549586 -11.318321, -161.591362 -11.299783, -161.633132 -11.281240, -161.674898 -11.262691, -161.716658 -11.244136, -161.758412 -11.225575, -161.800161 -11.207008, -161.841905 -11.188435, -161.883643 -11.169857, -161.925376 -11.151273, -161.967104 -11.132683, -162.008827 -11.114088, -162.050544 -11.095486, -162.092255 -11.076879, -162.133962 -11.058266, -162.175663 -11.039648, -162.217359 -11.021023, -162.259050 -11.002394, -162.300735 -10.983758, -162.342415 -10.965117, -162.384090 -10.946470, -162.425759 -10.927817, -162.467424 -10.909159, -162.509083 -10.890495, -162.550737 -10.871826, -162.592386 -10.853150, -162.634029 -10.834470, -162.675667 -10.815783, -162.717300 -10.797092, -162.758928 -10.778394, -162.800551 -10.759691, -162.842169 -10.740983, -162.883781 -10.722269, -162.925388 -10.703549, -162.966990 -10.684824, -163.008587 -10.666093, -163.050179 -10.647357, -163.091766 -10.628616, -163.133348 -10.609869, -163.174924 -10.591116, -163.216496 -10.572358, -163.258062 -10.553595, -163.299623 -10.534826, -163.341179 -10.516052, -163.382731 -10.497272, -163.424277 -10.478487, -163.465818 -10.459697, -163.507354 -10.440901, -163.548885 -10.422100, -163.590411 -10.403293, -163.631932 -10.384481, -163.673448 -10.365664, -163.714959 -10.346841, -163.756465 -10.328014, -163.797966 -10.309180, -163.839462 -10.290342, -163.880954 -10.271498, -163.922440 -10.252649, -163.963921 -10.233795, -164.005397 -10.214936, -164.046869 -10.196071, -164.088335 -10.177201, -164.129797 -10.158326, -164.171254 -10.139445, -164.212706 -10.120560, -164.254153 -10.101669, -164.295595 -10.082773, -164.337032 -10.063872, -164.378464 -10.044966, -164.419892 -10.026054, -164.461315 -10.007138, -164.502732 -9.988216, -164.544145 -9.969289, -164.585554 -9.950357, -164.626957 -9.931420, -164.668356 -9.912478, -164.709750 -9.893531, -164.751139 -9.874579, -164.792523 -9.855621, -164.833903 -9.836659, -164.875278 -9.817692, -164.916648 -9.798719, -164.958013 -9.779742, -164.999374 -9.760760, -165.040729 -9.741772, -165.082081 -9.722780, -165.123427 -9.703783, -165.164769 -9.684781, -165.206106 -9.665773, -165.247439 -9.646761, -165.288766 -9.627744, -165.330090 -9.608722, -165.371408 -9.589695, -165.412722 -9.570664, -165.454031 -9.551627, -165.495336 -9.532585, -165.536636 -9.513539, -165.577931 -9.494488, -165.619222 -9.475432, -165.660508 -9.456371, -165.701790 -9.437305, -165.743067 -9.418234, -165.784339 -9.399159, -165.825607 -9.380079, -165.866871 -9.360994, -165.908130 -9.341904, -165.949384 -9.322810, -165.990634 -9.303711, -166.031879 -9.284607, -166.073120 -9.265498, -166.114357 -9.246385, -166.155589 -9.227267, -166.196816 -9.208144, -166.238039 -9.189016, -166.279257 -9.169884, -166.320472 -9.150748, -166.361681 -9.131606, -166.402886 -9.112460, -166.444087 -9.093309, -166.485284 -9.074154, -166.526476 -9.054994, -166.567663 -9.035829, -166.608846 -9.016660, -166.650025 -8.997487, -166.691200 -8.978308, -166.732370 -8.959125, -166.773536 -8.939938, -166.814697 -8.920746, -166.855854 -8.901549, -166.897007 -8.882348, -166.938155 -8.863143, -166.979299 -8.843933, -167.020439 -8.824718, -167.061575 -8.805499, -167.102706 -8.786276, -167.143833 -8.767048, -167.184956 -8.747816, -167.226075 -8.728579, -167.267189 -8.709338, -167.308299 -8.690092, -167.349405 -8.670842, -167.390507 -8.651588, -167.431604 -8.632329, -167.472697 -8.613066, -167.513786 -8.593798, -167.554871 -8.574526, -167.595952 -8.555250, -167.637028 -8.535969, -167.678101 -8.516684, -167.719169 -8.497395, -167.760233 -8.478102, -167.801293 -8.458804, -167.842349 -8.439502, -167.883401 -8.420195, -167.924449 -8.400885, -167.965492 -8.381570, -168.006532 -8.362251, -168.047567 -8.342928, -168.088599 -8.323600, -168.129626 -8.304268, -168.170649 -8.284932, -168.211669 -8.265592, -168.252684 -8.246248, -168.293695 -8.226899, -168.334702 -8.207547, -168.375706 -8.188190, -168.416705 -8.168829, -168.457700 -8.149464, -168.498692 -8.130095, -168.539679 -8.110721, -168.580662 -8.091344, -168.621642 -8.071963, -168.662617 -8.052577, -168.703589 -8.033187, -168.744557 -8.013794, -168.785520 -7.994396, -168.826480 -7.974994, -168.867436 -7.955589, -168.908388 -7.936179, -168.949337 -7.916765, -168.990281 -7.897347, -169.031222 -7.877926, -169.072158 -7.858500, -169.113091 -7.839070, -169.154020 -7.819637, -169.194945 -7.800199, -169.235867 -7.780757, -169.276785 -7.761312, -169.317698 -7.741863, -169.358609 -7.722409, -169.399515 -7.702952, -169.440417 -7.683491, -169.481316 -7.664027, -169.522211 -7.644558, -169.563103 -7.625085, -169.603990 -7.605609, -169.644874 -7.586129, -169.685754 -7.566645, -169.726631 -7.547157, -169.767504 -7.527665, -169.808373 -7.508170, -169.849238 -7.488670, -169.890100 -7.469167, -169.930958 -7.449661, -169.971813 -7.430150, -170.012664 -7.410636, -170.053511 -7.391118, -170.094355 -7.371596, -170.135195 -7.352071, -170.176031 -7.332542, -170.216864 -7.313009, -170.257694 -7.293473, -170.298519 -7.273933, -170.339342 -7.254389, -170.380160 -7.234842, -170.420975 -7.215291, -170.461787 -7.195736, -170.502595 -7.176178, -170.543400 -7.156616, -170.584201 -7.137050, -170.624998 -7.117481, -170.665792 -7.097909, -170.706583 -7.078333, -170.747370 -7.058753, -170.788154 -7.039170, -170.828934 -7.019583, -170.869711 -6.999993, -170.910485 -6.980399, -170.951255 -6.960802, -170.992021 -6.941201, -171.032784 -6.921596, -171.073544 -6.901989, -171.114301 -6.882378, -171.155054 -6.862763, -171.195804 -6.843145, -171.236550 -6.823523, -171.277293 -6.803898, -171.318033 -6.784270, -171.358769 -6.764638, -171.399502 -6.745003, -171.440232 -6.725365, -171.480958 -6.705723, -171.521682 -6.686078, -171.562402 -6.666429, -171.603118 -6.646777, -171.643832 -6.627122, -171.684542 -6.607463, -171.725249 -6.587801, -171.765952 -6.568136, -171.806653 -6.548468, -171.847350 -6.528796, -171.888044 -6.509121, -171.928735 -6.489443, -171.969423 -6.469761, -172.010107 -6.450077, -172.050789 -6.430389, -172.091467 -6.410698, -172.132142 -6.391003, -172.172814 -6.371306, -172.213483 -6.351605, -172.254148 -6.331901, -172.294811 -6.312194, -172.335471 -6.292484, -172.376127 -6.272770, -172.416780 -6.253054, -172.457431 -6.233334, -172.498078 -6.213611, -172.538722 -6.193886, -172.579363 -6.174157, -172.620001 -6.154425, -172.660636 -6.134690, -172.701269 -6.114951, -172.741898 -6.095210, -172.782524 -6.075466, -172.823147 -6.055719, -172.863767 -6.035968, -172.904384 -6.016215, -172.944998 -5.996459, -172.985610 -5.976699, -173.026218 -5.956937, -173.066824 -5.937172, -173.107426 -5.917404, -173.148026 -5.897633, -173.188622 -5.877858, -173.229216 -5.858081, -173.269807 -5.838301, -173.310395 -5.818519, -173.350981 -5.798733, -173.391563 -5.778944, -173.432143 -5.759153, -173.472719 -5.739358, -173.513293 -5.719561, -173.553864 -5.699761, -173.594433 -5.679958, -173.634998 -5.660152, -173.675561 -5.640344, -173.716121 -5.620532, -173.756678 -5.600718, -173.797233 -5.580901, -173.837784 -5.561081, -173.878333 -5.541259, -173.918880 -5.521433, -173.959423 -5.501605, -173.999964 -5.481774, -174.040502 -5.461941, -174.081038 -5.442105, -174.121570 -5.422266, -174.162101 -5.402424, -174.202628 -5.382580, -174.243153 -5.362733, -174.283675 -5.342883, -174.324195 -5.323031, -174.364712 -5.303176, -174.405226 -5.283318, -174.445738 -5.263458, -174.486247 -5.243595, -174.526753 -5.223730, -174.567257 -5.203862, -174.607759 -5.183991, -174.648258 -5.164118, -174.688754 -5.144242, -174.729248 -5.124364, -174.769739 -5.104483, -174.810228 -5.084600, -174.850715 -5.064714, -174.891198 -5.044825, -174.931680 -5.024934, -174.972159 -5.005041, -175.012635 -4.985145, -175.053109 -4.965246, -175.093580 -4.945345, -175.134050 -4.925442, -175.174516 -4.905536, -175.214980 -4.885628, -175.255442 -4.865718, -175.295902 -4.845804, -175.336359 -4.825889, -175.376813 -4.805971, -175.417266 -4.786051, -175.457716 -4.766128, -175.498163 -4.746203, -175.538609 -4.726276, -175.579052 -4.706346, -175.619492 -4.686414, -175.659931 -4.666480, -175.700367 -4.646543, -175.740800 -4.626604, -175.781232 -4.606663, -175.821661 -4.586720, -175.862088 -4.566774, -175.902513 -4.546826, -175.942935 -4.526875, -175.983355 -4.506923, -176.023773 -4.486968, -176.064189 -4.467011, -176.104603 -4.447052, -176.145014 -4.427090, -176.185424 -4.407127, -176.225831 -4.387161, -176.266236 -4.367193, -176.306638 -4.347223, -176.347039 -4.327250, -176.387437 -4.307276, -176.427834 -4.287299, -176.468228 -4.267321, -176.508620 -4.247340, -176.549010 -4.227357, -176.589398 -4.207372, -176.629784 -4.187385, -176.670168 -4.167396, -176.710550 -4.147404, -176.750929 -4.127411, -176.791307 -4.107416, -176.831683 -4.087418, -176.872057 -4.067419, -176.912428 -4.047418, -176.952798 -4.027414, -176.993166 -4.007409, -177.033531 -3.987401, -177.073895 -3.967392, -177.114257 -3.947381, -177.154617 -3.927368, -177.194975 -3.907352, -177.235331 -3.887335, -177.275685 -3.867316, -177.316037 -3.847295, -177.356387 -3.827272, -177.396735 -3.807247, -177.437082 -3.787221, -177.477427 -3.767192, -177.517769 -3.747162, -177.558110 -3.727130, -177.598449 -3.707096, -177.638787 -3.687060, -177.679122 -3.667022, -177.719456 -3.646982, -177.759787 -3.626941, -177.800118 -3.606898, -177.840446 -3.586853, -177.880772 -3.566806, -177.921097 -3.546758, -177.961420 -3.526708, -178.001741 -3.506656, -178.042061 -3.486602, -178.082379 -3.466547, -178.122695 -3.446489, -178.163009 -3.426431, -178.203322 -3.406370, -178.243633 -3.386308, -178.283942 -3.366244, -178.324250 -3.346178, -178.364556 -3.326111, -178.404860 -3.306042, -178.445163 -3.285972, -178.485464 -3.265900, -178.525764 -3.245826, -178.566062 -3.225751, -178.606358 -3.205674, -178.646653 -3.185596, -178.686946 -3.165516, -178.727238 -3.145434, -178.767528 -3.125351, -178.807816 -3.105266, -178.848103 -3.085180, -178.888389 -3.065092, -178.928673 -3.045003, -178.968955 -3.024912, -179.009236 -3.004820, -179.049516 -2.984726, -179.089794 -2.964631, -179.130070 -2.944534, -179.170345 -2.924436, -179.210619 -2.904336, -179.250891 -2.884235, -179.291162 -2.864133, -179.331431 -2.844029, -179.371699 -2.823924, -179.411966 -2.803817, -179.452231 -2.783709, -179.492495 -2.763600, -179.532758 -2.743489, -179.573019 -2.723377, -179.613278 -2.703264, -179.653537 -2.683149, -179.693794 -2.663033, -179.734050 -2.642915, -179.774304 -2.622797, -179.814557 -2.602677, -179.854809 -2.582555, -179.895060 -2.562433, -179.935309 -2.542309, -179.975557 -2.522184, -180.000000 -2.509961), (180.000000 -2.509961, 179.984196 -2.502057, 179.943950 -2.481930, 179.903706 -2.461801, 179.863462 -2.441671, 179.823220 -2.421540, 179.782980 -2.401407, 179.742740 -2.381274, 179.702502 -2.361139, 179.662264 -2.341003, 179.622028 -2.320866, 179.581793 -2.300728, 179.541560 -2.280589, 179.501327 -2.260448, 179.461095 -2.240307, 179.420865 -2.220164, 179.380635 -2.200020, 179.340407 -2.179875, 179.300180 -2.159729, 179.259954 -2.139582, 179.219729 -2.119434, 179.179505 -2.099285, 179.139282 -2.079135, 179.099060 -2.058984, 179.058839 -2.038832, 179.018619 -2.018679, 178.978400 -1.998524, 178.938182 -1.978369, 178.897965 -1.958213, 178.857749 -1.938056, 178.817534 -1.917898, 178.777320 -1.897739, 178.737106 -1.877579, 178.696894 -1.857418, 178.656683 -1.837257, 178.616472 -1.817094, 178.576263 -1.796930, 178.536054 -1.776766, 178.495846 -1.756601, 178.455640 -1.736434, 178.415434 -1.716267, 178.375228 -1.696099, 178.335024 -1.675931, 178.294820 -1.655761, 178.254618 -1.635591, 178.214416 -1.615420, 178.174215 -1.595248, 178.134014 -1.575075, 178.093815 -1.554902, 178.053616 -1.534727, 178.013418 -1.514552, 177.973221 -1.494376, 177.933024 -1.474200, 177.892829 -1.454023, 177.852634 -1.433845, 177.812439 -1.413666, 177.772246 -1.393487, 177.732053 -1.373307, 177.691860 -1.353126, 177.651669 -1.332945, 177.611478 -1.312763, 177.571287 -1.292580, 177.531098 -1.272397, 177.490909 -1.252213, 177.450720 -1.232028, 177.410532 -1.211843, 177.370345 -1.191657, 177.330158 -1.171471, 177.289972 -1.151284, 177.249787 -1.131096, 177.209602 -1.110908, 177.169418 -1.090720, 177.129234 -1.070531, 177.089050 -1.050341, 177.048868 -1.030151, 177.008685 -1.009960, 176.968504 -0.989769, 176.928322 -0.969577, 176.888142 -0.949385, 176.847961 -0.929193, 176.807781 -0.909000, 176.767602 -0.888806, 176.727423 -0.868612, 176.687244 -0.848418, 176.647066 -0.828223, 176.606888 -0.808028, 176.566711 -0.787832, 176.526534 -0.767636, 176.486358 -0.747440, 176.446181 -0.727243, 176.406006 -0.707046, 176.365830 -0.686849, 176.325655 -0.666651, 176.285480 -0.646453, 176.245306 -0.626254, 176.205131 -0.606056, 176.164957 -0.585857, 176.124784 -0.565657, 176.084611 -0.545458, 176.044437 -0.525258, 176.004265 -0.505058, 175.964092 -0.484857, 175.923920 -0.464657, 175.883748 -0.444456, 175.843576 -0.424255, 175.803404 -0.404054, 175.763233 -0.383852, 175.723062 -0.363650, 175.682890 -0.343449, 175.642720 -0.323247, 175.602549 -0.303045, 175.562378 -0.282842, 175.522208 -0.262640, 175.482037 -0.242437, 175.441867 -0.222235, 175.401697 -0.202032, 175.361527 -0.181829, 175.321357 -0.161626, 175.281187 -0.141423, 175.241018 -0.121220, 175.200848 -0.101016, 175.160678 -0.080813, 175.120509 -0.060610, 175.080339 -0.040407, 175.040170 -0.020203, 175.000000 0.000000, 174.959407 0.019279, 174.918814 0.038558, 174.878222 0.057836, 174.837629 0.077115, 174.797036 0.096394, 174.756443 0.115672, 174.715850 0.134951, 174.675257 0.154229, 174.634664 0.173508, 174.594071 0.192786, 174.553477 0.212064, 174.512884 0.231342, 174.472291 0.250620, 174.431697 0.269898, 174.391103 0.289176, 174.350509 0.308454, 174.309915 0.327731, 174.269321 0.347008, 174.228727 0.366286, 174.188132 0.385563, 174.147538 0.404839, 174.106943 0.424116, 174.066348 0.443392, 174.025752 0.462668, 173.985157 0.481944, 173.944561 0.501220, 173.903965 0.520495, 173.863369 0.539770, 173.822772 0.559045, 173.782176 0.578320, 173.741579 0.597594, 173.700981 0.616868, 173.660384 0.636141, 173.619786 0.655415, 173.579187 0.674688, 173.538589 0.693961, 173.497990 0.713233, 173.457391 0.732505, 173.416791 0.751776, 173.376191 0.771048, 173.335591 0.790318, 173.294990 0.809589, 173.254389 0.828859, 173.213788 0.848129, 173.173186 0.867398, 173.132584 0.886666, 173.091981 0.905935, 173.051378 0.925203, 173.010774 0.944470, 172.970170 0.963737, 172.929566 0.983003, 172.888961 1.002269, 172.848355 1.021535, 172.807749 1.040800, 172.767143 1.060064, 172.726536 1.079328, 172.685928 1.098591, 172.645321 1.117854, 172.604712 1.137116, 172.564103 1.156378, 172.523493 1.175639, 172.482883 1.194899, 172.442273 1.214159, 172.401661 1.233419, 172.361049 1.252677, 172.320437 1.271935, 172.279824 1.291193, 172.239210 1.310449, 172.198596 1.329705, 172.157981 1.348961, 172.117365 1.368215, 172.076749 1.387469, 172.036132 1.406723, 171.995514 1.425975, 171.954896 1.445227, 171.914277 1.464479, 171.873658 1.483729, 171.833037 1.502979, 171.792416 1.522228, 171.751794 1.541476, 171.711172 1.560723, 171.670549 1.579970, 171.629925 1.599216, 171.589300 1.618461, 171.548674 1.637705, 171.508048 1.656948, 171.467421 1.676191, 171.426793 1.695433, 171.386164 1.714673, 171.345534 1.733913, 171.304904 1.753153, 171.264273 1.772391, 171.223641 1.791628, 171.183008 1.810865, 171.142374 1.830100, 171.101739 1.849335, 171.061104 1.868569, 171.020467 1.887801, 170.979830 1.907033, 170.939192 1.926264, 170.898553 1.945494, 170.857913 1.964723, 170.817272 1.983951, 170.776630 2.003178, 170.735987 2.022404, 170.695343 2.041628, 170.654698 2.060852, 170.614052 2.080075, 170.573406 2.099297, 170.532758 2.118518, 170.492109 2.137737, 170.451459 2.156956, 170.410808 2.176173, 170.370156 2.195390, 170.329503 2.214605, 170.288849 2.233819, 170.248194 2.253032, 170.207538 2.272244, 170.166881 2.291455, 170.126223 2.310665, 170.085563 2.329873, 170.044903 2.349081, 170.004241 2.368287, 169.963578 2.387492, 169.922914 2.406695, 169.882249 2.425898, 169.841583 2.445099, 169.800916 2.464299, 169.760247 2.483498, 169.719577 2.502696, 169.678907 2.521892, 169.638234 2.541087, 169.597561 2.560281, 169.556887 2.579473, 169.516211 2.598665, 169.475534 2.617854, 169.434855 2.637043, 169.394176 2.656230, 169.353495 2.675416, 169.312813 2.694601, 169.272130 2.713784, 169.231445 2.732966, 169.190759 2.752146, 169.150072 2.771325, 169.109384 2.790503, 169.068694 2.809679, 169.028002 2.828854, 168.987310 2.848027, 168.946616 2.867199, 168.905921 2.886370, 168.865224 2.905539, 168.824526 2.924707, 168.783827 2.943873, 168.743126 2.963038, 168.702424 2.982201, 168.661720 3.001362, 168.621015 3.020523, 168.580308 3.039681, 168.539600 3.058838, 168.498891 3.077994, 168.458180 3.097148, 168.417468 3.116300, 168.376754 3.135451, 168.336039 3.154601, 168.295322 3.173748, 168.254603 3.192894, 168.213884 3.212039, 168.173162 3.231182, 168.132439 3.250323, 168.091715 3.269463, 168.050989 3.288601, 168.010261 3.307737, 167.969532 3.326872, 167.928801 3.346005, 167.888069 3.365136, 167.847335 3.384266, 167.806600 3.403393, 167.765862 3.422520, 167.725124 3.441644, 167.684383 3.460767, 167.643641 3.479888, 167.602897 3.499007, 167.562152 3.518124, 167.521405 3.537240, 167.480656 3.556354, 167.439906 3.575466, 167.399154 3.594576, 167.358400 3.613685, 167.317644 3.632791, 167.276887 3.651896, 167.236128 3.670999, 167.195367 3.690100, 167.154605 3.709200, 167.113841 3.728297, 167.073075 3.747393, 167.032307 3.766486, 166.991537 3.785578, 166.950766 3.804668, 166.909993 3.823756, 166.869218 3.842841, 166.828441 3.861925, 166.787662 3.881008, 166.746882 3.900088, 166.706099 3.919166, 166.665315 3.938242, 166.624529 3.957316, 166.583741 3.976388, 166.542951 3.995458, 166.502159 4.014526, 166.461366 4.033593, 166.420570 4.052657, 166.379773 4.071719, 166.338973 4.090779, 166.298172 4.109837, 166.257369 4.128892, 166.216563 4.147946, 166.175756 4.166998, 166.134947 4.186047, 166.094136 4.205095, 166.053322 4.224140, 166.012507 4.243183, 165.971690 4.262224, 165.930871 4.281263, 165.890049 4.300300, 165.849226 4.319334, 165.808401 4.338366, 165.767573 4.357397, 165.726744 4.376424, 165.685912 4.395450, 165.645079 4.414474, 165.604243 4.433495, 165.563405 4.452514, 165.522565 4.471531, 165.481723 4.490545, 165.440879 4.509557, 165.400032 4.528567, 165.359184 4.547575, 165.318333 4.566580, 165.277480 4.585583, 165.236626 4.604584, 165.195768 4.623582, 165.154909 4.642578, 165.114047 4.661572, 165.073184 4.680563, 165.032318 4.699552, 164.991449 4.718539, 164.950579 4.737523, 164.909706 4.756505, 164.868831 4.775484, 164.827954 4.794461, 164.787075 4.813436, 164.746193 4.832408, 164.705309 4.851378, 164.664423 4.870345, 164.623534 4.889309, 164.582643 4.908272, 164.541750 4.927231, 164.500854 4.946189, 164.459956 4.965143, 164.419056 4.984096, 164.378153 5.003045, 164.337248 5.021993, 164.296341 5.040937, 164.255431 5.059879, 164.214519 5.078819, 164.173604 5.097756, 164.132687 5.116690, 164.091768 5.135622, 164.050846 5.154551, 164.009921 5.173477, 163.968995 5.192401, 163.928065 5.211322, 163.887134 5.230241, 163.846200 5.249157, 163.805263 5.268070, 163.764324 5.286981, 163.723382 5.305889, 163.682438 5.324794, 163.641491 5.343697, 163.600542 5.362596, 163.559590 5.381494, 163.518636 5.400388, 163.477679 5.419280, 163.436720 5.438168, 163.395758 5.457055, 163.354794 5.475938, 163.313826 5.494818, 163.272857 5.513696, 163.231884 5.532571, 163.190909 5.551443, 163.149932 5.570313, 163.108952 5.589179, 163.067969 5.608043, 163.026983 5.626904, 162.985995 5.645761, 162.945004 5.664617, 162.904011 5.683469, 162.863015 5.702318, 162.822016 5.721164, 162.781014 5.740008, 162.740010 5.758848, 162.699003 5.777686, 162.657993 5.796521, 162.616981 5.815353, 162.575966 5.834181, 162.534948 5.853007, 162.493927 5.871830, 162.452903 5.890650, 162.411877 5.909467, 162.370848 5.928280, 162.329816 5.947091, 162.288782 5.965899, 162.247744 5.984704, 162.206704 6.003506, 162.165661 6.022304, 162.124615 6.041100, 162.083566 6.059892, 162.042514 6.078682, 162.001460 6.097468, 161.960402 6.116251, 161.919342 6.135031, 161.878279 6.153808, 161.837213 6.172582, 161.796144 6.191353, 161.755072 6.210120, 161.713997 6.228885, 161.672919 6.247646, 161.631838 6.266404, 161.590754 6.285159, 161.549668 6.303910, 161.508578 6.322659, 161.467486 6.341404, 161.426390 6.360146, 161.385291 6.378884, 161.344190 6.397620, 161.303085 6.416352, 161.261977 6.435081, 161.220867 6.453806, 161.179753 6.472529, 161.138636 6.491248, 161.097517 6.509963, 161.056394 6.528676, 161.015268 6.547385, 160.974139 6.566091, 160.933007 6.584793, 160.891871 6.603492, 160.850733 6.622187, 160.809592 6.640880, 160.768447 6.659568, 160.727299 6.678254, 160.686148 6.696936, 160.644994 6.715614, 160.603837 6.734289, 160.562677 6.752961, 160.521513 6.771629, 160.480347 6.790294, 160.439177 6.808955, 160.398004 6.827613, 160.356827 6.846268, 160.315648 6.864918, 160.274465 6.883566, 160.233279 6.902210, 160.192090 6.920850, 160.150897 6.939487, 160.109702 6.958120, 160.068503 6.976749, 160.027300 6.995375, 159.986095 7.013998, 159.944886 7.032617, 159.903674 7.051232, 159.862458 7.069844, 159.821239 7.088452, 159.780017 7.107056, 159.738792 7.125657, 159.697563 7.144254, 159.656331 7.162847, 159.615095 7.181437, 159.573856 7.200023, 159.532614 7.218605, 159.491368 7.237184, 159.450119 7.255759, 159.408867 7.274330, 159.367611 7.292898, 159.326352 7.311462, 159.285089 7.330022, 159.243823 7.348578, 159.202553 7.367130, 159.161280 7.385679, 159.120003 7.404224, 159.078723 7.422765, 159.037440 7.441303, 158.996153 7.459836, 158.954862 7.478366, 158.913568 7.496892, 158.872271 7.515414, 158.830970 7.533932, 158.789665 7.552446, 158.748357 7.570956, 158.707046 7.589463, 158.665730 7.607965, 158.624412 7.626464, 158.583089 7.644959, 158.541763 7.663450, 158.500434 7.681936, 158.459101 7.700419, 158.417764 7.718898, 158.376424 7.737373, 158.335080 7.755844, 158.293732 7.774311, 158.252381 7.792774, 158.211026 7.811233, 158.169668 7.829688, 158.128305 7.848139, 158.086940 7.866586, 158.045570 7.885029, 158.004197 7.903468, 157.962820 7.921903, 157.921439 7.940334, 157.880055 7.958760, 157.838667 7.977183, 157.797275 7.995601, 157.755880 8.014015, 157.714480 8.032425, 157.673077 8.050831, 157.631671 8.069233, 157.590260 8.087631, 157.548846 8.106024, 157.507428 8.124414, 157.466006 8.142799, 157.424580 8.161180, 157.383150 8.179557, 157.341717 8.197929, 157.300280 8.216297, 157.258839 8.234661, 157.217394 8.253021, 157.175945 8.271377, 157.134493 8.289728, 157.093036 8.308075, 157.051576 8.326418, 157.010112 8.344756, 156.968644 8.363090, 156.927172 8.381420, 156.885696 8.399745, 156.844216 8.418067, 156.802732 8.436383, 156.761244 8.454696, 156.719753 8.473004, 156.678257 8.491307, 156.636758 8.509607, 156.595254 8.527902, 156.553747 8.546192, 156.512235 8.564478, 156.470720 8.582760, 156.429200 8.601037, 156.387677 8.619310, 156.346149 8.637578, 156.304618 8.655842, 156.263082 8.674101, 156.221543 8.692356, 156.179999 8.710606, 156.138452 8.728852, 156.096900 8.747093, 156.055344 8.765330, 156.013784 8.783562, 155.972220 8.801790, 155.930652 8.820013, 155.889080 8.838231, 155.847504 8.856445, 155.805923 8.874655, 155.764339 8.892860, 155.722750 8.911060, 155.681158 8.929255, 155.639561 8.947446, 155.597960 8.965632, 155.556354 8.983814, 155.514745 9.001991, 155.473131 9.020163, 155.431513 9.038331, 155.389891 9.056494, 155.348265 9.074652, 155.306635 9.092805, 155.265000 9.110954, 155.223361 9.129098, 155.181718 9.147238, 155.140071 9.165372, 155.098419 9.183502, 155.056763 9.201627, 155.015103 9.219747, 154.973439 9.237863, 154.931770 9.255973, 154.890097 9.274079, 154.848420 9.292180, 154.806738 9.310276, 154.765052 9.328368, 154.723362 9.346454, 154.681667 9.364536, 154.639968 9.382613, 154.598265 9.400685, 154.556558 9.418752, 154.514846 9.436814, 154.473129 9.454871, 154.431409 9.472923, 154.389683 9.490970, 154.347954 9.509013, 154.306220 9.527050, 154.264482 9.545083, 154.222739 9.563110, 154.180992 9.581133, 154.139240 9.599150, 154.097484 9.617163, 154.055724 9.635170, 154.013959 9.653173, 153.972189 9.671170, 153.930415 9.689163, 153.888637 9.707150, 153.846854 9.725132, 153.805067 9.743109, 153.763275 9.761082, 153.721479 9.779049, 153.679678 9.797011, 153.637872 9.814967, 153.596063 9.832919, 153.554248 9.850866, 153.512429 9.868807, 153.470605 9.886743, 153.428777 9.904674, 153.386945 9.922600, 153.345107 9.940521, 153.303265 9.958437, 153.261419 9.976347, 153.219568 9.994252, 153.177712 10.012152, 153.135852 10.030047, 153.093987 10.047936, 153.052118 10.065820, 153.010243 10.083699, 152.968365 10.101573, 152.926481 10.119441, 152.884593 10.137304, 152.842700 10.155162, 152.800803 10.173014, 152.758900 10.190861, 152.716994 10.208703, 152.675082 10.226539, 152.633166 10.244370, 152.591245 10.262196, 152.549319 10.280016, 152.507389 10.297831, 152.465453 10.315641, 152.423513 10.333445, 152.381569 10.351244, 152.339619 10.369037, 152.297665 10.386825, 152.255706 10.404607, 152.213742 10.422384, 152.171774 10.440155, 152.129800 10.457921, 152.087822 10.475682, 152.045839 10.493437, 152.003852 10.511186, 151.961859 10.528930, 151.919861 10.546669, 151.877859 10.564402, 151.835852 10.582129, 151.793840 10.599851, 151.751823 10.617567, 151.709802 10.635278, 151.667775 10.652983, 151.625743 10.670682, 151.583707 10.688376, 151.541666 10.706064, 151.499620 10.723747, 151.457568 10.741423, 151.415512 10.759095, 151.373452 10.776760, 151.331386 10.794420, 151.289315 10.812074, 151.247239 10.829723, 151.205158 10.847366, 151.163073 10.865003, 151.120982 10.882634, 151.078886 10.900260, 151.036786 10.917880, 150.994680 10.935494, 150.952569 10.953103, 150.910454 10.970705, 150.868333 10.988302, 150.826207 11.005893, 150.784077 11.023479, 150.741941 11.041058, 150.699800 11.058632, 150.657654 11.076199, 150.615503 11.093761, 150.573347 11.111317, 150.531186 11.128868, 150.489020 11.146412, 150.446849 11.163950, 150.404673 11.181483, 150.362491 11.199010, 150.320305 11.216530, 150.278113 11.234045, 150.235916 11.251554, 150.193714 11.269057, 150.151507 11.286554, 150.109295 11.304045, 150.067078 11.321530, 150.024855 11.339009, 149.982628 11.356482, 149.940395 11.373949, 149.898157 11.391410, 149.855914 11.408865, 149.813665 11.426314, 149.771412 11.443757, 149.729153 11.461194, 149.686889 11.478624, 149.644620 11.496049, 149.602345 11.513468, 149.560066 11.530880, 149.517781 11.548287, 149.475491 11.565687, 149.433195 11.583081, 149.390894 11.600469, 149.348588 11.617851, 149.306277 11.635226, 149.263961 11.652596, 149.221639 11.669959, 149.179312 11.687316, 149.136979 11.704667, 149.094642 11.722012, 149.052299 11.739350, 149.009950 11.756683, 148.967597 11.774009, 148.925237 11.791328, 148.882873 11.808642, 148.840503 11.825949, 148.798128 11.843250, 148.755748 11.860544, 148.713362 11.877833, 148.670971 11.895115, 148.628574 11.912390, 148.586172 11.929660, 148.543765 11.946923, 148.501352 11.964179, 148.458934 11.981430, 148.416510 11.998673, 148.374081 12.015911, 148.331647 12.033142, 148.289207 12.050367, 148.246761 12.067585, 148.204310 12.084797, 148.161854 12.102002, 148.119392 12.119201, 148.076925 12.136394, 148.034452 12.153580, 147.991974 12.170759, 147.949491 12.187932, 147.907001 12.205099, 147.864507 12.222259, 147.822006 12.239412, 147.779501 12.256559, 147.736989 12.273700, 147.694473 12.290834, 147.651950 12.307961, 147.609422 12.325082, 147.566889 12.342196, 147.524350 12.359303, 147.481805 12.376404, 147.439255 12.393499, 147.396700 12.410586, 147.354138 12.427667, 147.311571 12.444742, 147.268999 12.461810, 147.226421 12.478871, 147.183837 12.495925, 147.141248 12.512973, 147.098653 12.530014, 147.056052 12.547048, 147.013446 12.564076, 146.970834 12.581097, 146.928217 12.598111, 146.885594 12.615118, 146.842965 12.632119, 146.800330 12.649113, 146.757690 12.666100, 146.715044 12.683080, 146.672393 12.700054, 146.629736 12.717021, 146.587073 12.733981, 146.544404 12.750934, 146.501730 12.767880, 146.459050 12.784819, 146.416364 12.801752, 146.373672 12.818677, 146.330975 12.835596, 146.288272 12.852508, 146.245563 12.869413, 146.202849 12.886311, 146.160129 12.903202, 146.117403 12.920086, 146.074671 12.936963, 146.031933 12.953834, 145.989190 12.970697, 145.946441 12.987553, 145.903686 13.004403, 145.860925 13.021245, 145.818158 13.038080, 145.775386 13.054909, 145.732608 13.071730, 145.689823 13.088544, 145.647034 13.105352, 145.604238 13.122152, 145.561436 13.138945, 145.518629 13.155731, 145.475815 13.172510, 145.432996 13.189282, 145.390171 13.206046, 145.347340 13.222804, 145.304503 13.239554, 145.261661 13.256298, 145.218812 13.273034, 145.175957 13.289763, 145.133097 13.306485, 145.090231 13.323199, 145.047358 13.339907, 145.004480 13.356607, 144.961596 13.373300, 144.918706 13.389986, 144.875810 13.406665, 144.832908 13.423336, 144.790000 13.440000, 144.744084 13.434959, 144.698170 13.429909, 144.652259 13.424851, 144.606349 13.419784, 144.560441 13.414710, 144.514535 13.409627, 144.468631 13.404535, 144.422728 13.399436, 144.376828 13.394328, 144.330930 13.389212, 144.285034 13.384087, 144.239139 13.378955, 144.193247 13.373814, 144.147356 13.368664, 144.101468 13.363507, 144.055582 13.358341, 144.009697 13.353167, 143.963814 13.347985, 143.917934 13.342794, 143.872055 13.337595, 143.826179 13.332388, 143.780304 13.327173, 143.734431 13.321949, 143.688560 13.316718, 143.642692 13.311478, 143.596825 13.306229, 143.550960 13.300973, 143.505098 13.295708, 143.459237 13.290435, 143.413378 13.285154, 143.367521 13.279865, 143.321666 13.274567, 143.275814 13.269262, 143.229963 13.263948, 143.184114 13.258626, 143.138267 13.253295, 143.092423 13.247957, 143.046580 13.242610, 143.000739 13.237255, 142.954900 13.231892, 142.909064 13.226521, 142.863229 13.221142, 142.817397 13.215754, 142.771566 13.210359, 142.725737 13.204955, 142.679911 13.199543, 142.634086 13.194123, 142.588264 13.188694, 142.542443 13.183258, 142.496625 13.177813, 142.450809 13.172361, 142.404994 13.166900, 142.359182 13.161431, 142.313372 13.155954, 142.267564 13.150469, 142.221757 13.144975, 142.175953 13.139474, 142.130151 13.133964, 142.084351 13.128447, 142.038553 13.122921, 141.992758 13.117387, 141.946964 13.111845, 141.901172 13.106295, 141.855382 13.100737, 141.809595 13.095171, 141.763809 13.089597, 141.718026 13.084015, 141.672244 13.078424, 141.626465 13.072826, 141.580688 13.067219, 141.534913 13.061605, 141.489140 13.055982, 141.443369 13.050352, 141.397600 13.044713, 141.351833 13.039066, 141.306068 13.033412, 141.260306 13.027749, 141.214545 13.022078, 141.168787 13.016399, 141.123031 13.010712, 141.077276 13.005017, 141.031524 12.999315, 140.985774 12.993604, 140.940026 12.987885, 140.894281 12.982158, 140.848537 12.976423, 140.802795 12.970680, 140.757056 12.964929, 140.711318 12.959170, 140.665583 12.953404, 140.619850 12.947629, 140.574119 12.941846, 140.528390 12.936055, 140.482664 12.930257, 140.436939 12.924450, 140.391216 12.918635, 140.345496 12.912813, 140.299778 12.906982, 140.254062 12.901144, 140.208348 12.895298, 140.162636 12.889443, 140.116926 12.883581, 140.071219 12.877711, 140.025513 12.871833, 139.979810 12.865947, 139.934109 12.860053, 139.888410 12.854151, 139.842713 12.848241, 139.797019 12.842324, 139.751326 12.836398, 139.705636 12.830465, 139.659947 12.824523, 139.614261 12.818574, 139.568578 12.812617, 139.522896 12.806652, 139.477216 12.800679, 139.431539 12.794699, 139.385864 12.788710, 139.340191 12.782714, 139.294520 12.776709, 139.248851 12.770697, 139.203185 12.764677, 139.157520 12.758649, 139.111858 12.752614, 139.066198 12.746570, 139.020540 12.740519, 138.974885 12.734460, 138.929231 12.728393, 138.883580 12.722318, 138.837931 12.716235, 138.792284 12.710145, 138.746639 12.704047, 138.700997 12.697941, 138.655356 12.691827, 138.609718 12.685705, 138.564082 12.679576, 138.518448 12.673439, 138.472817 12.667294, 138.427188 12.661141, 138.381560 12.654981, 138.335936 12.648812, 138.290313 12.642636, 138.244692 12.636453, 138.199074 12.630261, 138.153458 12.624062, 138.107844 12.617855, 138.062232 12.611640, 138.016623 12.605417, 137.971016 12.599187, 137.925411 12.592949, 137.879808 12.586703, 137.834207 12.580450, 137.788609 12.574189, 137.743013 12.567920, 137.697419 12.561644, 137.651827 12.555359, 137.606238 12.549067, 137.560651 12.542768, 137.515066 12.536460, 137.469483 12.530145, 137.423902 12.523823, 137.378324 12.517492, 137.332748 12.511154, 137.287174 12.504809, 137.241603 12.498455, 137.196033 12.492094, 137.150466 12.485725, 137.104901 12.479349, 137.059339 12.472965, 137.013779 12.466574, 136.968220 12.460174, 136.922665 12.453767, 136.877111 12.447353, 136.831560 12.440931, 136.786011 12.434501, 136.740464 12.428064, 136.694919 12.421619, 136.649377 12.415166, 136.603837 12.408706, 136.558299 12.402238, 136.512763 12.395763, 136.467230 12.389280, 136.421699 12.382789, 136.376170 12.376291, 136.330644 12.369786, 136.285120 12.363272, 136.239598 12.356752, 136.194078 12.350223, 136.148561 12.343687, 136.103046 12.337144, 136.057533 12.330593, 136.012022 12.324034, 135.966514 12.317468, 135.921008 12.310894, 135.875504 12.304313, 135.830003 12.297725, 135.784504 12.291128, 135.739007 12.284525, 135.693512 12.277913, 135.648020 12.271295, 135.602530 12.264668, 135.557042 12.258035, 135.511557 12.251393, 135.466074 12.244745, 135.420593 12.238088, 135.375114 12.231425, 135.329638 12.224754, 135.284164 12.218075, 135.238692 12.211389, 135.193223 12.204695, 135.147756 12.197994, 135.102291 12.191286, 135.056828 12.184570, 135.011368 12.177847, 134.965910 12.171116, 134.920455 12.164378, 134.875002 12.157632, 134.829551 12.150879, 134.784102 12.144118, 134.738656 12.137350, 134.693212 12.130575, 134.647770 12.123792, 134.602330 12.117002, 134.556893 12.110205, 134.511459 12.103400, 134.466026 12.096588, 134.420596 12.089768, 134.375168 12.082941, 134.329743 12.076106, 134.284319 12.069265, 134.238899 12.062416, 134.193480 12.055559, 134.148064 12.048695, 134.102650 12.041824, 134.057238 12.034945, 134.011829 12.028060, 133.966422 12.021166, 133.921018 12.014266, 133.875615 12.007358, 133.830215 12.000443, 133.784818 11.993520, 133.739423 11.986590, 133.694030 11.979653, 133.648639 11.972709, 133.603251 11.965757, 133.557865 11.958798, 133.512481 11.951832, 133.467100 11.944858, 133.421721 11.937877, 133.376344 11.930889, 133.330970 11.923894, 133.285598 11.916891, 133.240229 11.909881, 133.194861 11.902864, 133.149497 11.895839, 133.104134 11.888808, 133.058774 11.881769, 133.013416 11.874723, 132.968060 11.867669, 132.922707 11.860609, 132.877357 11.853541, 132.832008 11.846466, 132.786662 11.839383, 132.741318 11.832294, 132.695977 11.825197, 132.650638 11.818093, 132.605301 11.810982, 132.559967 11.803864, 132.514635 11.796739, 132.469305 11.789606, 132.423978 11.782466, 132.378653 11.775319, 132.333330 11.768165, 132.288010 11.761004, 132.242692 11.753835, 132.197377 11.746660, 132.152064 11.739477, 132.106753 11.732287, 132.061445 11.725090, 132.016139 11.717886, 131.970835 11.710675, 131.925534 11.703457, 131.880235 11.696231, 131.834938 11.688999, 131.789644 11.681759, 131.744352 11.674512, 131.699063 11.667258, 131.653776 11.659997, 131.608491 11.652729, 131.563209 11.645454, 131.517929 11.638172, 131.472651 11.630883, 131.427376 11.623586, 131.382103 11.616283, 131.336832 11.608972, 131.291564 11.601655, 131.246299 11.594330, 131.201035 11.586999, 131.155774 11.579660, 131.110516 11.572314, 131.065259 11.564962, 131.020005 11.557602, 130.974754 11.550235, 130.929505 11.542862, 130.884258 11.535481, 130.839014 11.528093, 130.793772 11.520698, 130.748532 11.513297, 130.703295 11.505888, 130.658060 11.498472, 130.612828 11.491050, 130.567598 11.483620, 130.522370 11.476183, 130.477145 11.468740, 130.431922 11.461289, 130.386702 11.453832, 130.341483 11.446367, 130.296268 11.438896, 130.251054 11.431418, 130.205843 11.423933, 130.160635 11.416440, 130.115429 11.408941, 130.070225 11.401435, 130.025023 11.393922, 129.979824 11.386403, 129.934628 11.378876, 129.889434 11.371342, 129.844242 11.363802, 129.799052 11.356254, 129.753865 11.348700, 129.708681 11.341139, 129.663498 11.333571, 129.618318 11.325996, 129.573141 11.318414, 129.527966 11.310826, 129.482793 11.303230, 129.437623 11.295628, 129.392455 11.288019, 129.347289 11.280403, 129.302126 11.272780, 129.256966 11.265151, 129.211807 11.257514, 129.166651 11.249871, 129.121498 11.242221, 129.076347 11.234564, 129.031198 11.226901, 128.986052 11.219230, 128.940908 11.211553, 128.895766 11.203869, 128.850627 11.196178, 128.805490 11.188480, 128.760356 11.180776, 128.715224 11.173065, 128.670094 11.165347, 128.624967 11.157623, 128.579843 11.149891, 128.534720 11.142153, 128.489600 11.134408, 128.444483 11.126657, 128.399368 11.118898, 128.354255 11.111133, 128.309145 11.103362, 128.264037 11.095583, 128.218931 11.087798, 128.173828 11.080006, 128.128727 11.072208, 128.083629 11.064402, 128.038533 11.056591, 127.993440 11.048772, 127.948349 11.040947, 127.903260 11.033115, 127.858174 11.025276, 127.813090 11.017431, 127.768008 11.009579, 127.722929 11.001720, 127.677853 10.993855, 127.632778 10.985983, 127.587706 10.978105, 127.542637 10.970220, 127.497570 10.962328, 127.452505 10.954430, 127.407443 10.946525, 127.362383 10.938613, 127.317326 10.930695, 127.272271 10.922770, 127.227218 10.914839, 127.182168 10.906901, 127.137120 10.898956, 127.092075 10.891005, 127.047032 10.883047, 127.001991 10.875083, 126.956953 10.867112, 126.911917 10.859135, 126.866884 10.851151, 126.821853 10.843161, 126.776824 10.835164, 126.731798 10.827160, 126.686775 10.819150, 126.641753 10.811133, 126.596734 10.803110, 126.551718 10.795081, 126.506704 10.787045, 126.461692 10.779002, 126.416683 10.770953, 126.371676 10.762897, 126.326671 10.754835, 126.281669 10.746767, 126.236670 10.738692, 126.191672 10.730610, 126.146677 10.722522, 126.101685 10.714428, 126.056695 10.706327, 126.011707 10.698219, 125.966722 10.690106, 125.921739 10.681986, 125.876759 10.673859, 125.831781 10.665726, 125.786805 10.657586, 125.741832 10.649440, 125.696861 10.641288, 125.651893 10.633129, 125.606927 10.624964, 125.561963 10.616793, 125.517002 10.608615, 125.472043 10.600430, 125.427087 10.592240, 125.382133 10.584043, 125.337182 10.575839, 125.292232 10.567629, 125.247286 10.559413, 125.202341 10.551191, 125.157399 10.542962, 125.112460 10.534727, 125.067523 10.526485, 125.022588 10.518237, 124.977656 10.509983, 124.932726 10.501723, 124.887798 10.493456, 124.842873 10.485183, 124.797950 10.476904, 124.753030 10.468618, 124.708112 10.460326, 124.663197 10.452028, 124.618283 10.443723, 124.573373 10.435412, 124.528464 10.427095, 124.483559 10.418772, 124.438655 10.410442, 124.393754 10.402106, 124.348855 10.393764, 124.303959 10.385416, 124.259065 10.377061, 124.214173 10.368700, 124.169284 10.360333, 124.124398 10.351960, 124.079513 10.343580, 124.034631 10.335194, 123.989752 10.326802, 123.944875 10.318404, 123.900000 10.310000, 123.916689 10.271671, 123.933373 10.233342, 123.950054 10.195011, 123.966730 10.156680, 123.983403 10.118348, 124.000071 10.080015, 124.016736 10.041681, 124.033397 10.003347, 124.050053 9.965011, 124.066706 9.926675, 124.083355 9.888338, 124.100000 9.850000, 124.119666 9.809806, 124.139327 9.769612, 124.158983 9.729416, 124.178634 9.689219, 124.198281 9.649021, 124.217923 9.608822, 124.237560 9.568622, 124.257193 9.528420, 124.276821 9.488218, 124.296445 9.448014, 124.316064 9.407810, 124.335678 9.367604, 124.355288 9.327397, 124.374893 9.287189, 124.394494 9.246980, 124.414090 9.206770, 124.433682 9.166559, 124.453270 9.126347, 124.472853 9.086134, 124.492431 9.045920, 124.512006 9.005704, 124.531575 8.965488, 124.551141 8.925271, 124.570702 8.885053, 124.590259 8.844833, 124.609812 8.804613, 124.629360 8.764391, 124.648905 8.724169, 124.668445 8.683946, 124.687980 8.643721, 124.707512 8.603496, 124.727039 8.563270, 124.746563 8.523042, 124.766082 8.482814, 124.785597 8.442585, 124.805108 8.402354, 124.824615 8.362123, 124.844118 8.321891, 124.863617 8.281658, 124.883112 8.241424, 124.902603 8.201189, 124.922091 8.160953, 124.941574 8.120716, 124.961053 8.080478, 124.980528 8.040240, 125.000000 8.000000, 124.955377 7.993483, 124.910756 7.986961, 124.866136 7.980435, 124.821517 7.973903, 124.776900 7.967367, 124.732284 7.960827, 124.687670 7.954281, 124.643057 7.947731, 124.598445 7.941175, 124.553835 7.934616, 124.509227 7.928051, 124.464619 7.921482, 124.420014 7.914908, 124.375409 7.908329, 124.330806 7.901745, 124.286205 7.895157, 124.241605 7.888564, 124.197006 7.881966, 124.152409 7.875364, 124.107813 7.868756, 124.063219 7.862145, 124.018626 7.855528, 123.974034 7.848907, 123.929444 7.842281, 123.884855 7.835650, 123.840268 7.829015, 123.795682 7.822375, 123.751098 7.815730, 123.706515 7.809080, 123.661933 7.802426, 123.617353 7.795768, 123.572774 7.789104, 123.528197 7.782436, 123.483621 7.775764, 123.439046 7.769086, 123.394473 7.762404, 123.349901 7.755718, 123.305331 7.749026, 123.260762 7.742330, 123.216195 7.735630, 123.171629 7.728925, 123.127064 7.722215, 123.082501 7.715501, 123.037939 7.708782, 122.993379 7.702058, 122.948820 7.695330, 122.904262 7.688597, 122.859706 7.681860, 122.815152 7.675118, 122.770598 7.668371, 122.726046 7.661620, 122.681496 7.654864, 122.636947 7.648104, 122.592399 7.641339, 122.547853 7.634570, 122.503308 7.627796, 122.458765 7.621017, 122.414223 7.614234, 122.369682 7.607446, 122.325143 7.600654, 122.280605 7.593857, 122.236069 7.587056, 122.191534 7.580250, 122.147001 7.573440, 122.102468 7.566625, 122.057938 7.559806, 122.013408 7.552982, 121.968880 7.546153, 121.924354 7.539321, 121.879829 7.532483, 121.835305 7.525641, 121.790783 7.518795, 121.746262 7.511944, 121.701743 7.505089, 121.657224 7.498229, 121.612708 7.491365, 121.568193 7.484496, 121.523679 7.477622, 121.479166 7.470745, 121.434655 7.463863, 121.390146 7.456976, 121.345637 7.450085, 121.301130 7.443189, 121.256625 7.436289, 121.212121 7.429385, 121.167618 7.422476, 121.123117 7.415563, 121.078617 7.408645, 121.034119 7.401723, 120.989622 7.394797, 120.945126 7.387866, 120.900632 7.380930, 120.856139 7.373991, 120.811647 7.367047, 120.767157 7.360098, 120.722669 7.353145, 120.678181 7.346188, 120.633695 7.339226, 120.589211 7.332260, 120.544728 7.325290, 120.500246 7.318315, 120.455766 7.311336, 120.411287 7.304352, 120.366809 7.297364, 120.322333 7.290372, 120.277858 7.283376, 120.233385 7.276375, 120.188913 7.269369, 120.144442 7.262360, 120.099973 7.255346, 120.055505 7.248328, 120.011039 7.241305, 119.966574 7.234278, 119.922110 7.227247, 119.877648 7.220212, 119.833187 7.213172, 119.788727 7.206128, 119.744269 7.199080, 119.699812 7.192027, 119.655357 7.184970, 119.610903 7.177909, 119.566450 7.170843, 119.521999 7.163773, 119.477549 7.156699, 119.433101 7.149621, 119.388654 7.142539, 119.344208 7.135452, 119.299764 7.128361, 119.255321 7.121265, 119.210879 7.114166, 119.166439 7.107062, 119.122000 7.099954, 119.077562 7.092842, 119.033126 7.085725, 118.988692 7.078605, 118.944258 7.071480, 118.899826 7.064351, 118.855396 7.057217, 118.810966 7.050080, 118.766539 7.042938, 118.722112 7.035792, 118.677687 7.028642, 118.633263 7.021488, 118.588841 7.014329, 118.544420 7.007167, 118.500000 7.000000, 118.504424 7.044445, 118.508849 7.088891, 118.513275 7.133336, 118.517701 7.177782, 118.522129 7.222227, 118.526557 7.266672, 118.530986 7.311117, 118.535416 7.355562, 118.539847 7.400007, 118.544279 7.444453, 118.548712 7.488898, 118.553145 7.533343, 118.557580 7.577787, 118.562015 7.622232, 118.566452 7.666677, 118.570889 7.711122, 118.575327 7.755567, 118.579767 7.800011, 118.584207 7.844456, 118.588648 7.888901, 118.593090 7.933345, 118.597533 7.977790, 118.601977 8.022234, 118.606422 8.066679, 118.610868 8.111123, 118.615315 8.155567, 118.619762 8.200012, 118.624211 8.244456, 118.628661 8.288900, 118.633112 8.333344, 118.637564 8.377788, 118.642017 8.422232, 118.646471 8.466676, 118.650926 8.511120, 118.655382 8.555564, 118.659839 8.600008, 118.664297 8.644452, 118.668756 8.688895, 118.673216 8.733339, 118.677678 8.777783, 118.682140 8.822226, 118.686603 8.866670, 118.691068 8.911113, 118.695533 8.955557, 118.700000 9.000000, 118.669136 8.967072, 118.638278 8.934142, 118.607425 8.901209, 118.576578 8.868274, 118.545737 8.835336, 118.514901 8.802395, 118.484070 8.769452, 118.453245 8.736507, 118.422425 8.703559, 118.391611 8.670609, 118.360802 8.637656, 118.329999 8.604700, 118.299201 8.571743, 118.268408 8.538782, 118.237621 8.505820, 118.206839 8.472855, 118.176062 8.439887, 118.145290 8.406917, 118.114524 8.373945, 118.083763 8.340970, 118.053007 8.307993, 118.022256 8.275014, 117.991511 8.242032, 117.960770 8.209048, 117.930035 8.176062, 117.899304 8.143073, 117.868579 8.110082, 117.837859 8.077089, 117.807144 8.044093, 117.776434 8.011095, 117.745729 7.978095, 117.715028 7.945093, 117.684333 7.912088, 117.653643 7.879081, 117.622957 7.846072, 117.592277 7.813060, 117.561601 7.780047, 117.530930 7.747031, 117.500264 7.714013, 117.469602 7.680993, 117.438946 7.647970, 117.408294 7.614946, 117.377647 7.581919, 117.347004 7.548890, 117.316367 7.515859, 117.285734 7.482826, 117.255105 7.449791, 117.224481 7.416754, 117.193862 7.383715, 117.163248 7.350673, 117.132638 7.317630, 117.102032 7.284584, 117.071431 7.251536, 117.040834 7.218487, 117.010242 7.185435, 116.979655 7.152381, 116.949072 7.119325, 116.918493 7.086267, 116.887918 7.053208, 116.857348 7.020146, 116.826783 6.987082, 116.796221 6.954016, 116.765664 6.920949, 116.735111 6.887879, 116.704563 6.854807, 116.674019 6.821734, 116.643479 6.788658, 116.612943 6.755581, 116.582411 6.722502, 116.551883 6.689421, 116.521360 6.656338, 116.490841 6.623253, 116.460326 6.590166, 116.429814 6.557078, 116.399307 6.523987, 116.368804 6.490895, 116.338305 6.457801, 116.307810 6.424705, 116.277319 6.391607, 116.246832 6.358508, 116.216349 6.325406, 116.185870 6.292303, 116.155394 6.259198, 116.124923 6.226092, 116.094455 6.192983, 116.063991 6.159873, 116.033531 6.126761, 116.003075 6.093648, 115.972622 6.060533, 115.942173 6.027416, 115.911728 5.994297, 115.881287 5.961177, 115.850849 5.928055, 115.820415 5.894931, 115.789984 5.861806, 115.759558 5.828679, 115.729134 5.795550, 115.698715 5.762420, 115.668299 5.729288, 115.637886 5.696155, 115.607477 5.663020, 115.577071 5.629883, 115.546669 5.596745, 115.516270 5.563606, 115.485875 5.530464, 115.455483 5.497322, 115.425095 5.464177, 115.394710 5.431031, 115.364328 5.397884, 115.333950 5.364735, 115.303574 5.331585, 115.273203 5.298433, 115.242834 5.265279, 115.212469 5.232124, 115.182106 5.198968, 115.151748 5.165810, 115.121392 5.132651, 115.091039 5.099490, 115.060690 5.066328, 115.030343 5.033165, 115.000000 5.000000, 115.031506 5.031714, 115.063015 5.063427, 115.094528 5.095139, 115.126043 5.126849, 115.157561 5.158557, 115.189083 5.190264, 115.220608 5.221969, 115.252136 5.253672, 115.283667 5.285375, 115.315201 5.317075, 115.346739 5.348774, 115.378280 5.380471, 115.409824 5.412167, 115.441372 5.443861, 115.472923 5.475553, 115.504477 5.507244, 115.536035 5.538933, 115.567595 5.570620, 115.599160 5.602306, 115.630728 5.633990, 115.662299 5.665672, 115.693874 5.697353, 115.725452 5.729032, 115.757033 5.760709, 115.788619 5.792384, 115.820207 5.824058, 115.851800 5.855730, 115.883396 5.887400, 115.914995 5.919068, 115.946598 5.950735, 115.978205 5.982399, 116.009816 6.014062, 116.041430 6.045723, 116.073047 6.077383, 116.104669 6.109040, 116.136294 6.140696, 116.167923 6.172350, 116.199556 6.204002, 116.231193 6.235652, 116.262833 6.267300, 116.294477 6.298946, 116.326126 6.330590, 116.357778 6.362233, 116.389433 6.393873, 116.421093 6.425512, 116.452757 6.457148, 116.484425 6.488783, 116.516096 6.520416, 116.547772 6.552046, 116.579452 6.583675, 116.611136 6.615302, 116.642823 6.646927, 116.674515 6.678549, 116.706211 6.710170, 116.737911 6.741789, 116.769616 6.773405, 116.801324 6.805020, 116.833036 6.836632, 116.864753 6.868243, 116.896474 6.899851, 116.928199 6.931457, 116.959929 6.963061, 116.991663 6.994664, 117.023401 7.026263, 117.055143 7.057861, 117.086890 7.089457, 117.118641 7.121050, 117.150396 7.152642, 117.182156 7.184231, 117.213920 7.215818, 117.245689 7.247402, 117.277462 7.278985, 117.309239 7.310565, 117.341022 7.342143, 117.372808 7.373719, 117.404599 7.405293, 117.436395 7.436864, 117.468195 7.468433, 117.500000 7.500000, 117.541424 7.482812, 117.582845 7.465619, 117.624263 7.448423, 117.665677 7.431223, 117.707088 7.414019, 117.748496 7.396812, 117.789901 7.379600, 117.831302 7.362385, 117.872700 7.345166, 117.914095 7.327943, 117.955487 7.310716, 117.996875 7.293486, 118.038261 7.276252, 118.079643 7.259014, 118.121022 7.241772, 118.162398 7.224527, 118.203771 7.207277, 118.245140 7.190024, 118.286507 7.172768, 118.327870 7.155508, 118.369230 7.138244, 118.410587 7.120976, 118.451941 7.103705, 118.493292 7.086430, 118.534640 7.069151, 118.575985 7.051869, 118.617326 7.034583, 118.658665 7.017293, 118.700000 7.000000, 118.741150 6.983129, 118.782296 6.966255, 118.823440 6.949377, 118.864581 6.932496, 118.905719 6.915611, 118.946854 6.898723, 118.987985 6.881831, 119.029114 6.864935, 119.070241 6.848037, 119.111364 6.831134, 119.152484 6.814228, 119.193601 6.797319, 119.234716 6.780406, 119.275827 6.763490, 119.316936 6.746570, 119.358042 6.729647, 119.399145 6.712720, 119.440245 6.695790, 119.481342 6.678857, 119.522437 6.661920, 119.563528 6.644979, 119.604617 6.628036, 119.645703 6.611089, 119.686786 6.594138, 119.727867 6.577185, 119.768944 6.560227, 119.810019 6.543267, 119.851091 6.526303, 119.892160 6.509336, 119.933226 6.492366, 119.974290 6.475392, 120.015351 6.458415, 120.056409 6.441435, 120.097464 6.424451, 120.138517 6.407464, 120.179566 6.390474, 120.220613 6.373481, 120.261658 6.356484, 120.302700 6.339484, 120.343739 6.322481, 120.384775 6.305475, 120.425808 6.288465, 120.466839 6.271452, 120.507868 6.254437, 120.548893 6.237417, 120.589916 6.220395, 120.630936 6.203370, 120.671954 6.186341, 120.712969 6.169309, 120.753981 6.152275, 120.794991 6.135237, 120.835998 6.118195, 120.877002 6.101151, 120.918004 6.084104, 120.959003 6.067053, 121.000000 6.050000, 121.044710 6.049565, 121.089419 6.049126, 121.134129 6.048684, 121.178838 6.048238, 121.223547 6.047788, 121.268257 6.047335, 121.312966 6.046878, 121.357675 6.046417, 121.402384 6.045953, 121.447093 6.045485, 121.491802 6.045014, 121.536510 6.044538, 121.581219 6.044059, 121.625928 6.043577, 121.670636 6.043091, 121.715345 6.042601, 121.760053 6.042107, 121.804761 6.041610, 121.849470 6.041109, 121.894178 6.040605, 121.938886 6.040097, 121.983594 6.039585, 122.028302 6.039070, 122.073009 6.038550, 122.117717 6.038028, 122.162425 6.037501, 122.207132 6.036971, 122.251840 6.036438, 122.296547 6.035900, 122.341254 6.035359, 122.385962 6.034815, 122.430669 6.034267, 122.475376 6.033715, 122.520083 6.033159, 122.564789 6.032600, 122.609496 6.032037, 122.654203 6.031471, 122.698909 6.030901, 122.743616 6.030327, 122.788322 6.029749, 122.833028 6.029168, 122.877734 6.028584, 122.922441 6.027995, 122.967147 6.027403, 123.011852 6.026808, 123.056558 6.026208, 123.101264 6.025605, 123.145969 6.024999, 123.190675 6.024389, 123.235380 6.023775, 123.280085 6.023157, 123.324791 6.022536, 123.369496 6.021911, 123.414201 6.021283, 123.458906 6.020651, 123.503610 6.020015, 123.548315 6.019376, 123.593019 6.018733, 123.637724 6.018087, 123.682428 6.017436, 123.727132 6.016782, 123.771837 6.016125, 123.816541 6.015464, 123.861244 6.014799, 123.905948 6.014131, 123.950652 6.013459, 123.995355 6.012783, 124.040059 6.012104, 124.084762 6.011421, 124.129465 6.010734, 124.174169 6.010044, 124.218872 6.009350, 124.263574 6.008653, 124.308277 6.007952, 124.352980 6.007247, 124.397682 6.006538, 124.442385 6.005826, 124.487087 6.005111, 124.531789 6.004392, 124.576491 6.003669, 124.621193 6.002942, 124.665895 6.002212, 124.710597 6.001478, 124.755299 6.000741, 124.800000 6.000000, 124.823553 5.964714, 124.847103 5.929426, 124.870650 5.894138, 124.894194 5.858849, 124.917735 5.823558, 124.941272 5.788267, 124.964807 5.752975, 124.988340 5.717681, 125.011869 5.682387, 125.035395 5.647092, 125.058919 5.611796, 125.082439 5.576499, 125.105957 5.541201, 125.129472 5.505902, 125.152984 5.470602, 125.176493 5.435302, 125.200000 5.400000, 125.207336 5.356099, 125.214671 5.312198, 125.222004 5.268297, 125.229337 5.224396, 125.236669 5.180495, 125.244000 5.136593, 125.251329 5.092692, 125.258658 5.048791, 125.265986 5.004889, 125.273312 4.960987, 125.280638 4.917086, 125.287963 4.873184, 125.295287 4.829282, 125.302609 4.785380, 125.309931 4.741478, 125.317252 4.697576, 125.324572 4.653674, 125.331892 4.609771, 125.339210 4.565869, 125.346527 4.521967, 125.353844 4.478064, 125.361159 4.434162, 125.368474 4.390259, 125.375788 4.346356, 125.383101 4.302453, 125.390413 4.258551, 125.397724 4.214648, 125.405035 4.170745, 125.412344 4.126842, 125.419653 4.082939, 125.426961 4.039035, 125.434269 3.995132, 125.441575 3.951229, 125.448881 3.907325, 125.456186 3.863422, 125.463490 3.819518, 125.470793 3.775615, 125.478096 3.731711, 125.485398 3.687808, 125.492699 3.643904, 125.500000 3.600000, 125.544472 3.593424, 125.588943 3.586846, 125.633413 3.580266, 125.677883 3.573684, 125.722352 3.567099, 125.766820 3.560513, 125.811288 3.553924, 125.855755 3.547333, 125.900222 3.540740, 125.944688 3.534145, 125.989153 3.527548, 126.033618 3.520948, 126.078082 3.514347, 126.122545 3.507743, 126.167008 3.501138, 126.211470 3.494530, 126.255932 3.487920, 126.300393 3.481308, 126.344853 3.474694, 126.389313 3.468078, 126.433772 3.461460, 126.478230 3.454839, 126.522688 3.448217, 126.567145 3.441592, 126.611601 3.434966, 126.656057 3.428337, 126.700513 3.421707, 126.744967 3.415074, 126.789421 3.408439, 126.833875 3.401802, 126.878328 3.395163, 126.922780 3.388522, 126.967232 3.381880, 127.011683 3.375235, 127.056133 3.368588, 127.100583 3.361939, 127.145032 3.355288, 127.189481 3.348634, 127.233929 3.341979, 127.278376 3.335322, 127.322823 3.328663, 127.367269 3.322002, 127.411715 3.315339, 127.456160 3.308674, 127.500604 3.302007, 127.545048 3.295338, 127.589491 3.288667, 127.633934 3.281994, 127.678376 3.275319, 127.722817 3.268642, 127.767258 3.261963, 127.811698 3.255282, 127.856138 3.248600, 127.900577 3.241915, 127.945015 3.235228, 127.989453 3.228540, 128.033891 3.221849, 128.078327 3.215157, 128.122763 3.208462, 128.167199 3.201766, 128.211634 3.195068, 128.256068 3.188367, 128.300502 3.181665, 128.344935 3.174961, 128.389368 3.168255, 128.433800 3.161548, 128.478232 3.154838, 128.522662 3.148126, 128.567093 3.141413, 128.611523 3.134697, 128.655952 3.127980, 128.700380 3.121261, 128.744809 3.114540, 128.789236 3.107817, 128.833663 3.101092, 128.878089 3.094366, 128.922515 3.087637, 128.966940 3.080907, 129.011365 3.074175, 129.055789 3.067441, 129.100213 3.060705, 129.144636 3.053967, 129.189058 3.047228, 129.233480 3.040486, 129.277902 3.033743, 129.322322 3.026998, 129.366743 3.020251, 129.411162 3.013503, 129.455581 3.006752, 129.500000 3.000000, 129.470097 2.966735, 129.440195 2.933469, 129.410295 2.900203, 129.380397 2.866935, 129.350501 2.833667, 129.320606 2.800398, 129.290713 2.767128, 129.260822 2.733858, 129.230932 2.700587, 129.201045 2.667315, 129.171158 2.634042, 129.141273 2.600769, 129.111390 2.567495, 129.081509 2.534220, 129.051629 2.500945, 129.021750 2.467669, 128.991873 2.434392, 128.961998 2.401114, 128.932123 2.367836, 128.902251 2.334557, 128.872380 2.301278, 128.842510 2.267998, 128.812641 2.234717, 128.782774 2.201436, 128.752908 2.168154, 128.723044 2.134872, 128.693181 2.101589, 128.663319 2.068305, 128.633458 2.035021, 128.603598 2.001736, 128.573740 1.968451, 128.543883 1.935165, 128.514027 1.901879, 128.484173 1.868592, 128.454319 1.835305, 128.424467 1.802017, 128.394615 1.768729, 128.364765 1.735440, 128.334916 1.702151, 128.305067 1.668861, 128.275220 1.635571, 128.245374 1.602280, 128.215529 1.568989, 128.185684 1.535698, 128.155841 1.502406, 128.125999 1.469114, 128.096157 1.435821, 128.066316 1.402528, 128.036477 1.369234, 128.006637 1.335941, 127.976799 1.302646, 127.946962 1.269352, 127.917125 1.236057, 127.887289 1.202762, 127.857454 1.169466, 127.827620 1.136170, 127.797786 1.102874, 127.767953 1.069578, 127.738120 1.036281, 127.708288 1.002984, 127.678457 0.969687, 127.648627 0.936389, 127.618796 0.903091, 127.588967 0.869793, 127.559138 0.836495, 127.529309 0.803196, 127.499481 0.769897, 127.469654 0.736599, 127.439827 0.703299, 127.410000 0.670000, 127.395185 0.627631, 127.380370 0.585261, 127.365556 0.542892, 127.350742 0.500523, 127.335928 0.458153, 127.321114 0.415784, 127.306300 0.373414, 127.291487 0.331045, 127.276673 0.288675, 127.261860 0.246306, 127.247047 0.203936, 127.232234 0.161566, 127.217420 0.119197, 127.202607 0.076827, 127.187794 0.034457, 127.172981 -0.007912, 127.158168 -0.050282, 127.143355 -0.092651, 127.128542 -0.135021, 127.113729 -0.177391, 127.098916 -0.219760, 127.084103 -0.262130, 127.069289 -0.304499, 127.054476 -0.346869, 127.039662 -0.389238, 127.024849 -0.431608, 127.010035 -0.473977, 126.995221 -0.516347, 126.980406 -0.558716, 126.965592 -0.601086, 126.950777 -0.643455, 126.935962 -0.685824, 126.921147 -0.728193, 126.906331 -0.770563, 126.891515 -0.812932, 126.876699 -0.855301, 126.861883 -0.897670, 126.847066 -0.940039, 126.832249 -0.982408, 126.817431 -1.024777, 126.802613 -1.067145, 126.787795 -1.109514, 126.772976 -1.151883, 126.758157 -1.194251, 126.743337 -1.236620, 126.728517 -1.278988, 126.713697 -1.321356, 126.698875 -1.363724, 126.684054 -1.406093, 126.669232 -1.448461, 126.654409 -1.490829, 126.639586 -1.533196, 126.624762 -1.575564, 126.609937 -1.617932, 126.595112 -1.660299, 126.580286 -1.702667, 126.565460 -1.745034, 126.550633 -1.787401, 126.535805 -1.829768, 126.520976 -1.872135, 126.506147 -1.914502, 126.491317 -1.956868, 126.476487 -1.999235, 126.461655 -2.041601, 126.446823 -2.083968, 126.431990 -2.126334, 126.417156 -2.168700, 126.402322 -2.211066, 126.387486 -2.253431, 126.372650 -2.295797, 126.357812 -2.338162, 126.342974 -2.380527, 126.328135 -2.422893, 126.313295 -2.465257, 126.298454 -2.507622, 126.283612 -2.549987, 126.268770 -2.592351, 126.253926 -2.634715, 126.239081 -2.677079, 126.224235 -2.719443, 126.209388 -2.761807, 126.194540 -2.804171, 126.179691 -2.846534, 126.164841 -2.888897, 126.149989 -2.931260, 126.135137 -2.973623, 126.120284 -3.015985, 126.105429 -3.058347, 126.090573 -3.100710, 126.075716 -3.143072, 126.060858 -3.185433, 126.045998 -3.227795, 126.031137 -3.270156, 126.016275 -3.312517, 126.001412 -3.354878, 125.986548 -3.397239, 125.971682 -3.439599, 125.956815 -3.481959, 125.941946 -3.524319, 125.927076 -3.566679, 125.912205 -3.609038, 125.897332 -3.651397, 125.882458 -3.693756, 125.867583 -3.736115, 125.852706 -3.778473, 125.837828 -3.820832, 125.822948 -3.863190, 125.808067 -3.905547, 125.793184 -3.947905, 125.778299 -3.990262, 125.763414 -4.032619, 125.748526 -4.074975, 125.733637 -4.117332, 125.718747 -4.159688, 125.703855 -4.202044, 125.688961 -4.244399, 125.674065 -4.286754, 125.659168 -4.329109, 125.644270 -4.371464, 125.629369 -4.413818, 125.614467 -4.456172, 125.599563 -4.498526, 125.584658 -4.540879, 125.569750 -4.583233, 125.554841 -4.625585, 125.539930 -4.667938, 125.525018 -4.710290, 125.510103 -4.752642, 125.495187 -4.794994, 125.480269 -4.837345, 125.465349 -4.879696, 125.450427 -4.922046, 125.435503 -4.964397, 125.420577 -5.006746, 125.405650 -5.049096, 125.390720 -5.091445, 125.375789 -5.133794, 125.360855 -5.176143, 125.345919 -5.218491, 125.330982 -5.260839, 125.316042 -5.303186, 125.301101 -5.345533, 125.286157 -5.387880, 125.271211 -5.430227, 125.256263 -5.472573, 125.241313 -5.514918, 125.226361 -5.557264, 125.211407 -5.599608, 125.196450 -5.641953, 125.181492 -5.684297, 125.166531 -5.726641, 125.151568 -5.768984, 125.136602 -5.811327, 125.121635 -5.853670, 125.106665 -5.896012, 125.091693 -5.938354, 125.076718 -5.980695, 125.061742 -6.023036, 125.046763 -6.065377, 125.031781 -6.107717, 125.016797 -6.150057, 125.001811 -6.192396, 124.986823 -6.234735, 124.971832 -6.277074, 124.956838 -6.319412, 124.941842 -6.361749, 124.926844 -6.404087, 124.911843 -6.446423, 124.896840 -6.488760, 124.881834 -6.531096, 124.866825 -6.573431, 124.851814 -6.615766, 124.836801 -6.658101, 124.821785 -6.700435, 124.806766 -6.742768, 124.791745 -6.785101, 124.776721 -6.827434, 124.761694 -6.869766, 124.746665 -6.912098, 124.731632 -6.954430, 124.716598 -6.996760, 124.701560 -7.039091, 124.686520 -7.081421, 124.671477 -7.123750, 124.656431 -7.166079, 124.641383 -7.208407, 124.626331 -7.250735, 124.611277 -7.293063, 124.596220 -7.335390, 124.581160 -7.377716, 124.566097 -7.420042, 124.551032 -7.462368, 124.535963 -7.504692, 124.520892 -7.547017, 124.505817 -7.589341, 124.490740 -7.631664, 124.475659 -7.673987, 124.460576 -7.716309, 124.445489 -7.758631, 124.430400 -7.800952, 124.415307 -7.843273, 124.400212 -7.885593, 124.385113 -7.927913, 124.370011 -7.970232, 124.354906 -8.012551, 124.339798 -8.054869, 124.324687 -8.097186, 124.309572 -8.139503, 124.294455 -8.181819, 124.279334 -8.224135, 124.264210 -8.266450, 124.249083 -8.308765, 124.233952 -8.351079, 124.218818 -8.393393, 124.203681 -8.435705, 124.188541 -8.478018, 124.173397 -8.520330, 124.158250 -8.562641, 124.143099 -8.604951, 124.127945 -8.647261, 124.112788 -8.689571, 124.097627 -8.731880, 124.082463 -8.774188, 124.067296 -8.816495, 124.052124 -8.858802, 124.036950 -8.901109, 124.021772 -8.943414, 124.006590 -8.985720, 123.991405 -9.028024, 123.976216 -9.070328, 123.961024 -9.112631, 123.945828 -9.154934, 123.930628 -9.197236, 123.915425 -9.239537, 123.900219 -9.281838, 123.885008 -9.324138, 123.869794 -9.366438, 123.854576 -9.408736, 123.839354 -9.451034, 123.824129 -9.493332, 123.808900 -9.535629, 123.793667 -9.577925, 123.778430 -9.620220, 123.763190 -9.662515, 123.747946 -9.704809, 123.732697 -9.747103, 123.717445 -9.789396, 123.702189 -9.831688, 123.686930 -9.873979, 123.671666 -9.916270, 123.656398 -9.958560, 123.641127 -10.000849, 123.625851 -10.043138, 123.610571 -10.085426, 123.595288 -10.127713, 123.580000 -10.170000, 123.534498 -10.173365, 123.488994 -10.176723, 123.443490 -10.180075, 123.397985 -10.183421, 123.352478 -10.186761, 123.306971 -10.190094, 123.261463 -10.193421, 123.215954 -10.196741, 123.170444 -10.200056, 123.124933 -10.203364, 123.079421 -10.206666, 123.033908 -10.209961, 122.988394 -10.213250, 122.942879 -10.216533, 122.897364 -10.219810, 122.851847 -10.223080, 122.806330 -10.226344, 122.760811 -10.229601, 122.715292 -10.232852, 122.669771 -10.236097, 122.624250 -10.239336, 122.578728 -10.242568, 122.533205 -10.245794, 122.487680 -10.249014, 122.442155 -10.252227, 122.396630 -10.255434, 122.351103 -10.258635, 122.305575 -10.261829, 122.260046 -10.265017, 122.214517 -10.268199, 122.168986 -10.271374, 122.123455 -10.274543, 122.077922 -10.277705, 122.032389 -10.280861, 121.986855 -10.284011, 121.941320 -10.287155, 121.895784 -10.290292, 121.850247 -10.293423, 121.804709 -10.296547, 121.759170 -10.299665, 121.713631 -10.302777, 121.668090 -10.305882, 121.622549 -10.308981, 121.577007 -10.312073, 121.531464 -10.315160, 121.485919 -10.318239, 121.440375 -10.321313, 121.394829 -10.324380, 121.349282 -10.327441, 121.303734 -10.330495, 121.258186 -10.333543, 121.212636 -10.336584, 121.167086 -10.339619, 121.121535 -10.342648, 121.075983 -10.345670, 121.030430 -10.348686, 120.984876 -10.351696, 120.939322 -10.354699, 120.893766 -10.357696, 120.848210 -10.360686, 120.802653 -10.363670, 120.757094 -10.366647, 120.711535 -10.369618, 120.665976 -10.372583, 120.620415 -10.375541, 120.574853 -10.378493, 120.529291 -10.381438, 120.483728 -10.384377, 120.438163 -10.387310, 120.392598 -10.390236, 120.347033 -10.393156, 120.301466 -10.396069, 120.255898 -10.398976, 120.210330 -10.401876, 120.164761 -10.404770, 120.119191 -10.407658, 120.073620 -10.410539, 120.028048 -10.413413, 119.982475 -10.416282, 119.936902 -10.419143, 119.891327 -10.421999, 119.845752 -10.424848, 119.800176 -10.427690, 119.754600 -10.430526, 119.709022 -10.433355, 119.663444 -10.436178, 119.617864 -10.438995, 119.572284 -10.441805, 119.526703 -10.444609, 119.481121 -10.447406, 119.435539 -10.450197, 119.389956 -10.452981, 119.344371 -10.455759, 119.298786 -10.458530, 119.253201 -10.461295, 119.207614 -10.464053, 119.162026 -10.466805, 119.116438 -10.469551, 119.070849 -10.472289, 119.025259 -10.475022, 118.979669 -10.477748, 118.934077 -10.480467, 118.888485 -10.483180, 118.842892 -10.485887, 118.797298 -10.488587, 118.751703 -10.491280, 118.706108 -10.493967, 118.660512 -10.496648, 118.614915 -10.499322, 118.569317 -10.501989, 118.523718 -10.504650, 118.478119 -10.507305, 118.432519 -10.509953, 118.386918 -10.512594, 118.341316 -10.515229, 118.295713 -10.517858, 118.250110 -10.520480, 118.204506 -10.523095, 118.158901 -10.525704, 118.113296 -10.528306, 118.067689 -10.530902, 118.022082 -10.533492, 117.976474 -10.536074, 117.930866 -10.538651, 117.885256 -10.541220, 117.839646 -10.543784, 117.794035 -10.546340, 117.748423 -10.548891, 117.702811 -10.551434, 117.657198 -10.553971, 117.611584 -10.556502, 117.565969 -10.559026, 117.520353 -10.561543, 117.474737 -10.564054, 117.429120 -10.566559, 117.383503 -10.569057, 117.337884 -10.571548, 117.292265 -10.574033, 117.246645 -10.576511, 117.201024 -10.578982, 117.155403 -10.581447, 117.109781 -10.583906, 117.064158 -10.586358, 117.018534 -10.588803, 116.972910 -10.591242, 116.927285 -10.593674, 116.881659 -10.596100, 116.836033 -10.598519, 116.790406 -10.600932, 116.744778 -10.603338, 116.699149 -10.605737, 116.653520 -10.608130, 116.607890 -10.610516, 116.562259 -10.612896, 116.516627 -10.615269, 116.470995 -10.617636, 116.425362 -10.619996, 116.379729 -10.622349, 116.334095 -10.624696, 116.288460 -10.627036, 116.242824 -10.629370, 116.197187 -10.631697, 116.151550 -10.634017, 116.105913 -10.636331, 116.060274 -10.638638, 116.014635 -10.640939, 115.968995 -10.643233, 115.923355 -10.645521, 115.877713 -10.647801, 115.832071 -10.650076, 115.786429 -10.652343, 115.740786 -10.654604, 115.695142 -10.656859, 115.649497 -10.659107, 115.603852 -10.661348, 115.558206 -10.663582, 115.512559 -10.665810, 115.466912 -10.668032, 115.421264 -10.670247, 115.375615 -10.672455, 115.329966 -10.674656, 115.284316 -10.676851, 115.238665 -10.679039, 115.193014 -10.681221, 115.147362 -10.683396, 115.101710 -10.685565, 115.056057 -10.687726, 115.010403 -10.689882, 114.964748 -10.692030, 114.919093 -10.694172, 114.873437 -10.696307, 114.827781 -10.698436, 114.782124 -10.700558, 114.736466 -10.702673, 114.690808 -10.704782, 114.645149 -10.706884, 114.599489 -10.708979, 114.553829 -10.711068, 114.508168 -10.713150, 114.462506 -10.715226, 114.416844 -10.717295, 114.371181 -10.719357, 114.325518 -10.721412, 114.279854 -10.723461, 114.234189 -10.725504, 114.188524 -10.727539, 114.142858 -10.729568, 114.097192 -10.731590, 114.051525 -10.733606, 114.005857 -10.735615, 113.960189 -10.737617, 113.914520 -10.739613, 113.868850 -10.741602, 113.823180 -10.743584, 113.777510 -10.745560, 113.731838 -10.747529, 113.686166 -10.749491, 113.640494 -10.751447, 113.594821 -10.753396, 113.549147 -10.755338, 113.503473 -10.757273, 113.457798 -10.759202, 113.412123 -10.761125, 113.366447 -10.763040, 113.320770 -10.764949, 113.275093 -10.766851, 113.229415 -10.768747, 113.183737 -10.770636, 113.138058 -10.772518, 113.092379 -10.774393, 113.046699 -10.776262, 113.001018 -10.778124, 112.955337 -10.779979, 112.909655 -10.781828, 112.863973 -10.783670, 112.818290 -10.785505, 112.772607 -10.787334, 112.726923 -10.789156, 112.681238 -10.790971, 112.635553 -10.792780, 112.589868 -10.794582, 112.544182 -10.796377, 112.498495 -10.798165, 112.452808 -10.799947, 112.407120 -10.801722, 112.361432 -10.803490, 112.315743 -10.805252, 112.270054 -10.807007, 112.224364 -10.808755, 112.178673 -10.810496, 112.132982 -10.812231, 112.087291 -10.813959, 112.041599 -10.815680, 111.995906 -10.817395, 111.950213 -10.819103, 111.904520 -10.820804, 111.858825 -10.822498, 111.813131 -10.824186, 111.767436 -10.825867, 111.721740 -10.827541, 111.676044 -10.829209, 111.630347 -10.830870, 111.584650 -10.832524, 111.538952 -10.834171, 111.493254 -10.835812, 111.447556 -10.837446, 111.401856 -10.839073, 111.356157 -10.840694, 111.310457 -10.842307, 111.264756 -10.843914, 111.219055 -10.845514, 111.173353 -10.847108, 111.127651 -10.848695, 111.081948 -10.850275, 111.036245 -10.851848, 110.990542 -10.853415, 110.944838 -10.854975, 110.899133 -10.856528, 110.853428 -10.858074, 110.807723 -10.859613, 110.762017 -10.861146, 110.716310 -10.862672, 110.670604 -10.864192, 110.624896 -10.865704, 110.579188 -10.867210, 110.533480 -10.868709, 110.487772 -10.870202, 110.442062 -10.871687, 110.396353 -10.873166, 110.350643 -10.874638, 110.304932 -10.876103, 110.259221 -10.877562, 110.213510 -10.879014, 110.167798 -10.880459, 110.122086 -10.881897, 110.076373 -10.883329, 110.030660 -10.884753, 109.984946 -10.886171, 109.939232 -10.887583, 109.893518 -10.888987, 109.847803 -10.890385, 109.802087 -10.891776, 109.756371 -10.893160, 109.710655 -10.894537, 109.664939 -10.895908, 109.619222 -10.897272, 109.573504 -10.898629, 109.527786 -10.899979, 109.482068 -10.901323, 109.436349 -10.902659, 109.390630 -10.903989, 109.344911 -10.905313, 109.299191 -10.906629, 109.253470 -10.907939, 109.207750 -10.909242, 109.162029 -10.910538, 109.116307 -10.911827, 109.070585 -10.913110, 109.024863 -10.914385, 108.979140 -10.915654, 108.933417 -10.916917, 108.887694 -10.918172, 108.841970 -10.919421, 108.796246 -10.920662, 108.750521 -10.921897, 108.704796 -10.923126, 108.659070 -10.924347, 108.613345 -10.925562, 108.567619 -10.926770, 108.521892 -10.927971, 108.476165 -10.929165, 108.430438 -10.930353, 108.384710 -10.931533, 108.338982 -10.932707, 108.293254 -10.933874, 108.247525 -10.935035, 108.201796 -10.936188, 108.156067 -10.937335, 108.110337 -10.938475, 108.064607 -10.939608, 108.018877 -10.940734, 107.973146 -10.941854, 107.927415 -10.942966, 107.881683 -10.944072, 107.835951 -10.945171, 107.790219 -10.946264, 107.744487 -10.947349, 107.698754 -10.948428, 107.653021 -10.949500, 107.607287 -10.950565, 107.561553 -10.951623, 107.515819 -10.952675, 107.470085 -10.953719, 107.424350 -10.954757, 107.378615 -10.955788, 107.332879 -10.956812, 107.287144 -10.957830, 107.241408 -10.958840, 107.195671 -10.959844, 107.149935 -10.960841, 107.104198 -10.961831, 107.058460 -10.962815, 107.012723 -10.963791, 106.966985 -10.964761, 106.921247 -10.965724, 106.875508 -10.966680, 106.829769 -10.967629, 106.784030 -10.968571, 106.738291 -10.969507, 106.692551 -10.970436, 106.646811 -10.971358, 106.601071 -10.972273, 106.555330 -10.973181, 106.509590 -10.974083, 106.463849 -10.974977, 106.418107 -10.975865, 106.372366 -10.976746, 106.326624 -10.977620, 106.280882 -10.978488, 106.235139 -10.979348, 106.189396 -10.980202, 106.143653 -10.981049, 106.097910 -10.981889, 106.052167 -10.982722, 106.006423 -10.983549, 105.960679 -10.984368, 105.914935 -10.985181, 105.869190 -10.985987, 105.823446 -10.986786, 105.777701 -10.987578, 105.731955 -10.988363, 105.686210 -10.989142, 105.640464 -10.989914, 105.594718 -10.990679, 105.548972 -10.991437, 105.503226 -10.992188, 105.457479 -10.992932, 105.411732 -10.993670, 105.365985 -10.994401, 105.320238 -10.995124, 105.274490 -10.995841, 105.228742 -10.996552, 105.182994 -10.997255, 105.137246 -10.997952, 105.091498 -10.998641, 105.045749 -10.999324, 105.000000 -11.000000, 104.961790 -11.024777, 104.923574 -11.049550, 104.885351 -11.074318, 104.847122 -11.099081, 104.808886 -11.123839, 104.770643 -11.148593, 104.732395 -11.173341, 104.694139 -11.198085, 104.655878 -11.222824, 104.617609 -11.247558, 104.579334 -11.272287, 104.541053 -11.297011, 104.502764 -11.321730, 104.464470 -11.346445, 104.426168 -11.371154, 104.387860 -11.395858, 104.349545 -11.420558, 104.311224 -11.445252, 104.272896 -11.469942, 104.234561 -11.494627, 104.196220 -11.519306, 104.157871 -11.543981, 104.119516 -11.568650, 104.081155 -11.593314, 104.042786 -11.617974, 104.004411 -11.642628, 103.966029 -11.667277, 103.927640 -11.691921, 103.889244 -11.716560, 103.850842 -11.741194, 103.812432 -11.765823, 103.774016 -11.790447, 103.735592 -11.815065, 103.697162 -11.839679, 103.658725 -11.864287, 103.620281 -11.888890, 103.581830 -11.913487, 103.543372 -11.938080, 103.504907 -11.962667, 103.466436 -11.987249, 103.427957 -12.011826, 103.389471 -12.036398, 103.350978 -12.060964, 103.312478 -12.085525, 103.273971 -12.110081, 103.235456 -12.134631, 103.196935 -12.159176, 103.158407 -12.183716, 103.119871 -12.208250, 103.081329 -12.232779, 103.042779 -12.257303, 103.004222 -12.281821, 102.965658 -12.306334, 102.927086 -12.330841, 102.888508 -12.355344, 102.849922 -12.379840, 102.811329 -12.404331, 102.772729 -12.428817, 102.734121 -12.453297, 102.695506 -12.477772, 102.656884 -12.502241, 102.618255 -12.526705, 102.579618 -12.551164, 102.540974 -12.575616, 102.502322 -12.600063, 102.463663 -12.624505, 102.424997 -12.648941, 102.386324 -12.673372, 102.347643 -12.697797, 102.308954 -12.722216, 102.270258 -12.746630, 102.231555 -12.771038, 102.192844 -12.795440, 102.154125 -12.819837, 102.115400 -12.844228, 102.076666 -12.868614, 102.037925 -12.892993, 101.999177 -12.917368, 101.960421 -12.941736, 101.921657 -12.966099, 101.882886 -12.990455, 101.844107 -13.014807, 101.805321 -13.039152, 101.766527 -13.063492, 101.727725 -13.087825, 101.688916 -13.112154, 101.650099 -13.136476, 101.611274 -13.160792, 101.572441 -13.185103, 101.533601 -13.209408, 101.494753 -13.233706, 101.455898 -13.257999, 101.417034 -13.282287, 101.378163 -13.306568, 101.339284 -13.330843, 101.300397 -13.355112, 101.261503 -13.379376, 101.222600 -13.403633, 101.183690 -13.427885, 101.144772 -13.452131, 101.105846 -13.476370, 101.066912 -13.500604, 101.027970 -13.524831, 100.989021 -13.549053, 100.950063 -13.573269, 100.911097 -13.597478, 100.872124 -13.621682, 100.833142 -13.645879, 100.794152 -13.670070, 100.755155 -13.694256, 100.716149 -13.718435, 100.677136 -13.742608, 100.638114 -13.766775, 100.599084 -13.790935, 100.560046 -13.815090, 100.521001 -13.839238, 100.481946 -13.863380, 100.442884 -13.887516, 100.403814 -13.911646, 100.364736 -13.935770, 100.325649 -13.959887, 100.286554 -13.983998, 100.247451 -14.008103, 100.208340 -14.032202, 100.169221 -14.056294, 100.130093 -14.080380, 100.090957 -14.104460, 100.051813 -14.128533, 100.012661 -14.152600, 99.973500 -14.176661, 99.934331 -14.200715, 99.895153 -14.224763, 99.855968 -14.248805, 99.816774 -14.272840, 99.777571 -14.296869, 99.738360 -14.320891, 99.699141 -14.344907, 99.659914 -14.368917, 99.620678 -14.392920, 99.581433 -14.416916, 99.542180 -14.440906, 99.502919 -14.464890, 99.463649 -14.488867, 99.424371 -14.512838, 99.385084 -14.536802, 99.345788 -14.560759, 99.306485 -14.584710, 99.267172 -14.608654, 99.227851 -14.632592, 99.188521 -14.656523, 99.149183 -14.680448, 99.109836 -14.704366, 99.070481 -14.728277, 99.031117 -14.752182, 98.991744 -14.776080, 98.952363 -14.799971, 98.912973 -14.823856, 98.873574 -14.847734, 98.834167 -14.871605, 98.794751 -14.895470, 98.755326 -14.919327, 98.715892 -14.943178, 98.676450 -14.967023, 98.636998 -14.990860, 98.597539 -15.014691, 98.558070 -15.038515, 98.518592 -15.062332, 98.479106 -15.086142, 98.439610 -15.109945, 98.400106 -15.133742, 98.360593 -15.157531, 98.321071 -15.181314, 98.281541 -15.205090, 98.242001 -15.228859, 98.202452 -15.252621, 98.162895 -15.276376, 98.123328 -15.300125, 98.083753 -15.323866, 98.044168 -15.347600, 98.004575 -15.371328, 97.964972 -15.395048, 97.925361 -15.418761, 97.885740 -15.442467, 97.846110 -15.466167, 97.806472 -15.489859, 97.766824 -15.513544, 97.727167 -15.537222, 97.687501 -15.560893, 97.647826 -15.584557, 97.608142 -15.608214, 97.568448 -15.631863, 97.528745 -15.655506, 97.489034 -15.679141, 97.449313 -15.702770, 97.409583 -15.726391, 97.369843 -15.750004, 97.330094 -15.773611, 97.290337 -15.797210, 97.250569 -15.820803, 97.210793 -15.844388, 97.171007 -15.867965, 97.131212 -15.891536, 97.091408 -15.915099, 97.051594 -15.938655, 97.011771 -15.962203, 96.971939 -15.985744, 96.932097 -16.009278, 96.892246 -16.032805, 96.852385 -16.056324, 96.812515 -16.079836, 96.772636 -16.103340, 96.732747 -16.126837, 96.692848 -16.150327, 96.652941 -16.173809, 96.613023 -16.197284, 96.573096 -16.220751, 96.533160 -16.244211, 96.493214 -16.267663, 96.453259 -16.291108, 96.413294 -16.314546, 96.373319 -16.337976, 96.333335 -16.361398, 96.293342 -16.384813, 96.253338 -16.408220, 96.213325 -16.431620, 96.173303 -16.455012, 96.133271 -16.478396, 96.093229 -16.501773, 96.053177 -16.525142, 96.013116 -16.548504, 95.973045 -16.571858, 95.932964 -16.595204, 95.892874 -16.618543, 95.852774 -16.641874, 95.812664 -16.665197, 95.772544 -16.688512, 95.732415 -16.711820, 95.692275 -16.735120, 95.652126 -16.758412, 95.611967 -16.781697, 95.571798 -16.804974, 95.531620 -16.828242, 95.491431 -16.851504, 95.451233 -16.874757, 95.411025 -16.898002, 95.370806 -16.921240, 95.330578 -16.944470, 95.290340 -16.967692, 95.250092 -16.990906, 95.209834 -17.014112, 95.169566 -17.037310, 95.129288 -17.060500, 95.089000 -17.083682, 95.048702 -17.106857, 95.008394 -17.130023, 94.968076 -17.153181, 94.927748 -17.176332, 94.887410 -17.199474, 94.847062 -17.222608, 94.806703 -17.245735, 94.766335 -17.268853, 94.725956 -17.291963, 94.685567 -17.315065, 94.645169 -17.338159, 94.604759 -17.361245, 94.564340 -17.384323, 94.523911 -17.407393, 94.483471 -17.430454, 94.443021 -17.453508, 94.402561 -17.476553, 94.362091 -17.499590, 94.321610 -17.522619, 94.281119 -17.545639, 94.240618 -17.568652, 94.200107 -17.591656, 94.159585 -17.614652, 94.119053 -17.637639, 94.078510 -17.660618, 94.037958 -17.683589, 93.997394 -17.706552, 93.956821 -17.729507, 93.916237 -17.752453, 93.875642 -17.775390, 93.835038 -17.798320, 93.794423 -17.821241, 93.753797 -17.844153, 93.713161 -17.867057, 93.672514 -17.889953, 93.631857 -17.912840, 93.591190 -17.935719, 93.550511 -17.958590, 93.509823 -17.981452, 93.469124 -18.004305, 93.428414 -18.027150, 93.387694 -18.049986, 93.346963 -18.072814, 93.306221 -18.095634, 93.265469 -18.118445, 93.224707 -18.141247, 93.183934 -18.164040, 93.143150 -18.186826, 93.102355 -18.209602, 93.061550 -18.232370, 93.020734 -18.255129, 92.979907 -18.277880, 92.939070 -18.300621, 92.898222 -18.323355, 92.857363 -18.346079, 92.816494 -18.368795, 92.775613 -18.391502, 92.734722 -18.414200, 92.693820 -18.436890, 92.652908 -18.459571, 92.611984 -18.482243, 92.571050 -18.504906, 92.530105 -18.527560, 92.489149 -18.550206, 92.448182 -18.572843, 92.407204 -18.595471, 92.366216 -18.618090, 92.325216 -18.640700, 92.284206 -18.663302, 92.243184 -18.685894, 92.202152 -18.708477, 92.161109 -18.731052, 92.120055 -18.753618, 92.078989 -18.776174, 92.037913 -18.798722, 91.996826 -18.821261, 91.955728 -18.843791, 91.914619 -18.866311, 91.873498 -18.888823, 91.832367 -18.911326, 91.791225 -18.933819, 91.750071 -18.956304, 91.708907 -18.978779, 91.667731 -19.001246, 91.626544 -19.023703, 91.585346 -19.046151, 91.544137 -19.068590, 91.502917 -19.091020, 91.461686 -19.113440, 91.420443 -19.135852, 91.379189 -19.158254, 91.337924 -19.180647, 91.296648 -19.203031, 91.255361 -19.225405, 91.214062 -19.247771, 91.172752 -19.270127, 91.131431 -19.292474, 91.090098 -19.314811, 91.048755 -19.337139, 91.007399 -19.359458, 90.966033 -19.381768, 90.924655 -19.404068, 90.883266 -19.426359, 90.841866 -19.448640, 90.800454 -19.470912, 90.759031 -19.493175, 90.717596 -19.515428, 90.676150 -19.537672, 90.634693 -19.559906, 90.593224 -19.582131, 90.551744 -19.604346, 90.510252 -19.626552, 90.468749 -19.648748, 90.427234 -19.670935, 90.385708 -19.693112, 90.344170 -19.715280, 90.302621 -19.737438, 90.261060 -19.759587, 90.219488 -19.781726, 90.177904 -19.803855, 90.136309 -19.825975, 90.094702 -19.848085, 90.053083 -19.870186, 90.011453 -19.892277, 89.969811 -19.914358, 89.928158 -19.936429, 89.886493 -19.958491, 89.844816 -19.980543, 89.803128 -20.002585, 89.761428 -20.024618, 89.719716 -20.046640, 89.677993 -20.068653, 89.636257 -20.090657, 89.594511 -20.112650, 89.552752 -20.134633, 89.510982 -20.156607, 89.469200 -20.178571, 89.427406 -20.200525, 89.385600 -20.222469, 89.343783 -20.244403, 89.301953 -20.266328, 89.260112 -20.288242, 89.218259 -20.310146, 89.176395 -20.332041, 89.134518 -20.353925, 89.092629 -20.375800, 89.050729 -20.397664, 89.008817 -20.419519, 88.966893 -20.441363, 88.924957 -20.463198, 88.883009 -20.485022, 88.841049 -20.506836, 88.799077 -20.528641, 88.757093 -20.550435, 88.715097 -20.572219, 88.673090 -20.593993, 88.631070 -20.615756, 88.589038 -20.637510, 88.546994 -20.659253, 88.504938 -20.680986, 88.462870 -20.702710, 88.420790 -20.724422, 88.378698 -20.746125, 88.336594 -20.767817, 88.294478 -20.789499, 88.252350 -20.811171, 88.210210 -20.832832, 88.168057 -20.854484, 88.125892 -20.876125, 88.083716 -20.897755, 88.041527 -20.919375, 87.999326 -20.940985, 87.957112 -20.962584, 87.914887 -20.984174, 87.872649 -21.005752, 87.830399 -21.027320, 87.788137 -21.048878, 87.745863 -21.070425, 87.703576 -21.091962, 87.661277 -21.113489, 87.618966 -21.135005, 87.576643 -21.156510, 87.534307 -21.178005, 87.491959 -21.199489, 87.449598 -21.220963, 87.407226 -21.242426, 87.364841 -21.263879, 87.322443 -21.285321, 87.280034 -21.306752, 87.237611 -21.328173, 87.195177 -21.349583, 87.152730 -21.370982, 87.110271 -21.392371, 87.067799 -21.413749, 87.025315 -21.435116, 86.982818 -21.456473, 86.940309 -21.477819, 86.897788 -21.499154, 86.855254 -21.520479, 86.812707 -21.541792, 86.770149 -21.563095, 86.727577 -21.584387, 86.684993 -21.605668, 86.642397 -21.626939, 86.599788 -21.648198, 86.557166 -21.669447, 86.514532 -21.690684, 86.471885 -21.711911, 86.429226 -21.733127, 86.386554 -21.754332, 86.343870 -21.775526, 86.301172 -21.796710, 86.258463 -21.817882, 86.215740 -21.839043, 86.173005 -21.860193, 86.130258 -21.881332, 86.087497 -21.902460, 86.044724 -21.923577, 86.001939 -21.944683, 85.959140 -21.965778, 85.916329 -21.986862, 85.873505 -22.007935, 85.830669 -22.028996, 85.787820 -22.050047, 85.744958 -22.071086, 85.702083 -22.092114, 85.659195 -22.113131, 85.616295 -22.134137, 85.573382 -22.155131, 85.530456 -22.176115, 85.487517 -22.197087, 85.444565 -22.218047, 85.401601 -22.238997, 85.358624 -22.259935, 85.315634 -22.280862, 85.272631 -22.301778, 85.229615 -22.322682, 85.186586 -22.343575, 85.143544 -22.364457, 85.100490 -22.385327, 85.057422 -22.406185, 85.014342 -22.427033, 84.971249 -22.447869, 84.928142 -22.468693, 84.885023 -22.489506, 84.841891 -22.510308, 84.798746 -22.531098, 84.755588 -22.551877, 84.712416 -22.572644, 84.669232 -22.593399, 84.626035 -22.614143, 84.582825 -22.634876, 84.539601 -22.655596, 84.496365 -22.676306, 84.453116 -22.697003, 84.409853 -22.717689, 84.366578 -22.738364, 84.323289 -22.759026, 84.279988 -22.779677, 84.236673 -22.800317, 84.193345 -22.820944, 84.150004 -22.841560, 84.106650 -22.862164, 84.063282 -22.882757, 84.019902 -22.903338, 83.976508 -22.923907, 83.933101 -22.944464, 83.889681 -22.965009, 83.846248 -22.985542, 83.802802 -23.006064, 83.759342 -23.026574, 83.715869 -23.047072, 83.672383 -23.067558, 83.628884 -23.088032, 83.585371 -23.108494, 83.541846 -23.128944, 83.498306 -23.149383, 83.454754 -23.169809, 83.411188 -23.190224, 83.367609 -23.210626, 83.324017 -23.231016, 83.280412 -23.251395, 83.236793 -23.271761, 83.193160 -23.292115, 83.149515 -23.312458, 83.105856 -23.332788, 83.062184 -23.353106, 83.018498 -23.373412, 82.974799 -23.393705, 82.931086 -23.413987, 82.887361 -23.434256, 82.843621 -23.454514, 82.799869 -23.474759, 82.756103 -23.494992, 82.712323 -23.515212, 82.668530 -23.535421, 82.624724 -23.555617, 82.580904 -23.575801, 82.537070 -23.595972, 82.493224 -23.616131, 82.449363 -23.636278, 82.405489 -23.656413, 82.361602 -23.676535, 82.317701 -23.696645, 82.273787 -23.716743, 82.229859 -23.736828, 82.185918 -23.756900, 82.141963 -23.776961, 82.097994 -23.797008, 82.054012 -23.817044, 82.010016 -23.837067, 81.966007 -23.857077, 81.921984 -23.877075, 81.877948 -23.897060, 81.833898 -23.917033, 81.789834 -23.936993, 81.745757 -23.956941, 81.701666 -23.976876, 81.657561 -23.996799, 81.613443 -24.016709, 81.569311 -24.036606, 81.525165 -24.056490, 81.481006 -24.076362, 81.436833 -24.096222, 81.392647 -24.116068, 81.348446 -24.135902, 81.304232 -24.155723, 81.260004 -24.175532, 81.215763 -24.195327, 81.171508 -24.215110, 81.127239 -24.234880, 81.082956 -24.254637, 81.038660 -24.274382, 80.994349 -24.294113, 80.950025 -24.313832, 80.905688 -24.333538, 80.861336 -24.353231, 80.816971 -24.372911, 80.772591 -24.392578, 80.728198 -24.412232, 80.683792 -24.431874, 80.639371 -24.451502, 80.594936 -24.471117, 80.550488 -24.490720, 80.506026 -24.510309, 80.461550 -24.529885, 80.417060 -24.549448, 80.372556 -24.568999, 80.328039 -24.588536, 80.283507 -24.608060, 80.238962 -24.627571, 80.194402 -24.647069, 80.149829 -24.666553, 80.105242 -24.686025, 80.060641 -24.705483, 80.016026 -24.724928, 79.971397 -24.744360, 79.926754 -24.763779, 79.882097 -24.783184, 79.837426 -24.802577, 79.792741 -24.821955, 79.748042 -24.841321, 79.703329 -24.860674, 79.658603 -24.880013, 79.613862 -24.899338, 79.569107 -24.918651, 79.524338 -24.937950, 79.479555 -24.957235, 79.434759 -24.976508, 79.389948 -24.995767, 79.345123 -25.015012, 79.300284 -25.034244, 79.255431 -25.053463, 79.210564 -25.072668, 79.165682 -25.091859, 79.120787 -25.111037, 79.075878 -25.130202, 79.030954 -25.149353, 78.986017 -25.168490, 78.941065 -25.187614, 78.896100 -25.206724, 78.851120 -25.225821, 78.806126 -25.244904, 78.761118 -25.263973, 78.716095 -25.283029, 78.671059 -25.302071, 78.626009 -25.321100, 78.580944 -25.340115, 78.535865 -25.359116, 78.490772 -25.378103, 78.445665 -25.397076, 78.400543 -25.416036, 78.355408 -25.434982, 78.310258 -25.453914, 78.265094 -25.472833, 78.219916 -25.491737, 78.174724 -25.510628, 78.129517 -25.529505, 78.084296 -25.548368, 78.039061 -25.567217, 77.993812 -25.586052, 77.948549 -25.604873, 77.903271 -25.623681, 77.857979 -25.642474, 77.812672 -25.661253, 77.767352 -25.680019, 77.722017 -25.698770, 77.676668 -25.717508, 77.631305 -25.736231, 77.585927 -25.754940, 77.540535 -25.773635, 77.495129 -25.792317, 77.449708 -25.810984, 77.404273 -25.829637, 77.358824 -25.848275, 77.313361 -25.866900, 77.267883 -25.885510, 77.222391 -25.904107, 77.176884 -25.922689, 77.131363 -25.941257, 77.085828 -25.959810, 77.040279 -25.978350, 76.994715 -25.996875, 76.949136 -26.015386, 76.903544 -26.033882, 76.857937 -26.052364, 76.812315 -26.070832, 76.766679 -26.089286, 76.721029 -26.107725, 76.675365 -26.126150, 76.629686 -26.144560, 76.583992 -26.162956, 76.538285 -26.181338, 76.492562 -26.199705, 76.446826 -26.218058, 76.401075 -26.236396, 76.355309 -26.254720, 76.309529 -26.273029, 76.263735 -26.291324, 76.217926 -26.309604, 76.172103 -26.327870, 76.126265 -26.346121, 76.080413 -26.364357, 76.034546 -26.382579, 75.988665 -26.400786, 75.942770 -26.418979, 75.896860 -26.437157, 75.850935 -26.455320, 75.804996 -26.473468, 75.759042 -26.491602, 75.713074 -26.509721, 75.667092 -26.527826, 75.621095 -26.545915, 75.575083 -26.563990, 75.529057 -26.582050, 75.483017 -26.600096, 75.436962 -26.618126, 75.390892 -26.636142, 75.344808 -26.654143, 75.298710 -26.672129, 75.252596 -26.690100, 75.206469 -26.708056, 75.160326 -26.725997, 75.114170 -26.743923, 75.067998 -26.761835, 75.021812 -26.779731, 74.975612 -26.797613, 74.929397 -26.815479, 74.883167 -26.833331, 74.836923 -26.851167, 74.790664 -26.868988, 74.744391 -26.886795, 74.698103 -26.904586, 74.651801 -26.922362, 74.605484 -26.940123, 74.559152 -26.957869, 74.512806 -26.975599, 74.466445 -26.993315, 74.420070 -27.011015, 74.373680 -27.028701, 74.327275 -27.046371, 74.280856 -27.064025, 74.234422 -27.081665, 74.187973 -27.099289, 74.141510 -27.116898, 74.095033 -27.134492, 74.048540 -27.152070, 74.002033 -27.169633, 73.955512 -27.187181, 73.908975 -27.204713, 73.862425 -27.222230, 73.815859 -27.239732, 73.769279 -27.257218, 73.722684 -27.274689, 73.676075 -27.292144, 73.629451 -27.309584, 73.582812 -27.327009, 73.536158 -27.344418, 73.489490 -27.361811, 73.442808 -27.379189, 73.396110 -27.396551, 73.349398 -27.413898, 73.302672 -27.431229, 73.255930 -27.448545, 73.209174 -27.465845, 73.162404 -27.483129, 73.115618 -27.500398, 73.068818 -27.517651, 73.022003 -27.534889, 72.975174 -27.552111, 72.928330 -27.569317, 72.881471 -27.586507, 72.834598 -27.603682, 72.787709 -27.620841, 72.740807 -27.637984, 72.693889 -27.655111, 72.646957 -27.672223, 72.600010 -27.689318, 72.553048 -27.706398, 72.506072 -27.723462, 72.459081 -27.740510, 72.412075 -27.757543, 72.365055 -27.774559, 72.318020 -27.791560, 72.270970 -27.808544, 72.223905 -27.825513, 72.176826 -27.842465, 72.129732 -27.859402, 72.082623 -27.876323, 72.035500 -27.893227, 71.988362 -27.910116, 71.941209 -27.926988, 71.894041 -27.943845, 71.846859 -27.960685, 71.799662 -27.977510, 71.752450 -27.994318, 71.705224 -28.011110, 71.657983 -28.027886, 71.610727 -28.044646, 71.563456 -28.061389, 71.516171 -28.078117, 71.468871 -28.094828, 71.421556 -28.111523, 71.374227 -28.128202, 71.326883 -28.144864, 71.279524 -28.161510, 71.232150 -28.178140, 71.184762 -28.194754, 71.137359 -28.211351, 71.089941 -28.227932, 71.042508 -28.244496, 70.995061 -28.261045, 70.947599 -28.277576, 70.900122 -28.294092, 70.852631 -28.310591, 70.805124 -28.327073, 70.757603 -28.343539, 70.710068 -28.359989, 70.662517 -28.376422, 70.614952 -28.392839, 70.567372 -28.409239, 70.519778 -28.425622, 70.472169 -28.441989, 70.424544 -28.458340, 70.376906 -28.474673, 70.329252 -28.490991, 70.281584 -28.507291, 70.233901 -28.523575, 70.186203 -28.539842, 70.138491 -28.556093, 70.090764 -28.572327, 70.043022 -28.588544, 69.995265 -28.604745, 69.947494 -28.620928, 69.899708 -28.637095, 69.851907 -28.653246, 69.804092 -28.669379, 69.756262 -28.685496, 69.708417 -28.701596, 69.660557 -28.717679, 69.612683 -28.733745, 69.564794 -28.749794, 69.516890 -28.765826, 69.468972 -28.781842, 69.421039 -28.797841, 69.373091 -28.813822, 69.325128 -28.829787, 69.277151 -28.845735, 69.229159 -28.861665, 69.181152 -28.877579, 69.133131 -28.893476, 69.085095 -28.909356, 69.037044 -28.925218, 68.988978 -28.941064, 68.940898 -28.956892, 68.892803 -28.972704, 68.844694 -28.988498, 68.796570 -29.004275, 68.748431 -29.020035, 68.700277 -29.035778, 68.652109 -29.051504, 68.603926 -29.067212, 68.555728 -29.082904, 68.507516 -29.098578, 68.459289 -29.114235, 68.411047 -29.129874, 68.362790 -29.145496, 68.314519 -29.161101, 68.266234 -29.176689, 68.217933 -29.192259, 68.169618 -29.207812, 68.121289 -29.223348, 68.072944 -29.238866, 68.024585 -29.254367, 67.976212 -29.269851, 67.927823 -29.285317, 67.879420 -29.300765, 67.831003 -29.316196, 67.782570 -29.331610, 67.734124 -29.347006, 67.685662 -29.362385, 67.637186 -29.377746, 67.588695 -29.393090, 67.540190 -29.408416, 67.491670 -29.423724, 67.443135 -29.439015, 67.394586 -29.454288, 67.346022 -29.469544, 67.297444 -29.484782, 67.248851 -29.500003, 67.200243 -29.515205, 67.151621 -29.530390, 67.102984 -29.545558, 67.054332 -29.560707, 67.005666 -29.575839, 66.956986 -29.590953, 66.908291 -29.606050, 66.859581 -29.621128, 66.810857 -29.636189, 66.762118 -29.651232, 66.713364 -29.666257, 66.664596 -29.681265, 66.615814 -29.696254, 66.567017 -29.711226, 66.518205 -29.726179, 66.469379 -29.741115, 66.420538 -29.756033, 66.371683 -29.770933, 66.322813 -29.785815, 66.273928 -29.800679, 66.225030 -29.815524, 66.176116 -29.830352, 66.127188 -29.845162, 66.078246 -29.859954, 66.029289 -29.874728, 65.980318 -29.889484, 65.931332 -29.904221, 65.882332 -29.918941, 65.833317 -29.933642, 65.784287 -29.948326, 65.735244 -29.962991, 65.686185 -29.977638, 65.637113 -29.992267, 65.588025 -30.006877, 65.538924 -30.021470, 65.489808 -30.036044, 65.440677 -30.050600, 65.391532 -30.065137, 65.342373 -30.079657, 65.293199 -30.094158, 65.244011 -30.108640, 65.194808 -30.123105, 65.145591 -30.137551, 65.096360 -30.151979, 65.047114 -30.166388, 64.997854 -30.180779, 64.948579 -30.195151, 64.899290 -30.209505, 64.849987 -30.223841, 64.800669 -30.238158, 64.751337 -30.252457, 64.701991 -30.266737, 64.652630 -30.280999, 64.603255 -30.295242, 64.553865 -30.309467, 64.504462 -30.323673, 64.455043 -30.337860, 64.405611 -30.352029, 64.356164 -30.366179, 64.306703 -30.380311, 64.257228 -30.394424, 64.207738 -30.408519, 64.158234 -30.422594, 64.108716 -30.436651, 64.059184 -30.450690, 64.009637 -30.464709, 63.960076 -30.478710, 63.910501 -30.492693, 63.860911 -30.506656, 63.811308 -30.520601, 63.761690 -30.534527, 63.712058 -30.548434, 63.662411 -30.562322, 63.612751 -30.576191, 63.563076 -30.590042, 63.513387 -30.603873, 63.463684 -30.617686, 63.413967 -30.631480, 63.364235 -30.645255, 63.314490 -30.659011, 63.264730 -30.672748, 63.214956 -30.686466, 63.165168 -30.700165, 63.115366 -30.713845, 63.065549 -30.727507, 63.015719 -30.741149, 62.965874 -30.754772, 62.916016 -30.768376, 62.866143 -30.781960, 62.816256 -30.795526, 62.766356 -30.809073, 62.716441 -30.822601, 62.666512 -30.836109, 62.616569 -30.849598, 62.566612 -30.863068, 62.516640 -30.876519, 62.466655 -30.889951, 62.416656 -30.903363, 62.366643 -30.916757, 62.316616 -30.930131, 62.266575 -30.943485, 62.216520 -30.956821, 62.166451 -30.970137, 62.116368 -30.983434, 62.066271 -30.996712, 62.016160 -31.009970, 61.966035 -31.023209, 61.915896 -31.036428, 61.865744 -31.049628, 61.815577 -31.062809, 61.765397 -31.075970, 61.715202 -31.089112, 61.664994 -31.102234, 61.614772 -31.115337, 61.564536 -31.128421, 61.514286 -31.141484, 61.464022 -31.154529, 61.413745 -31.167554, 61.363454 -31.180559, 61.313149 -31.193545, 61.262830 -31.206511, 61.212497 -31.219458, 61.162151 -31.232385, 61.111790 -31.245292, 61.061416 -31.258180, 61.011029 -31.271048, 60.960627 -31.283896, 60.910212 -31.296725, 60.859783 -31.309534, 60.809340 -31.322324, 60.758884 -31.335093, 60.708414 -31.347843, 60.657931 -31.360573, 60.607433 -31.373284, 60.556922 -31.385974, 60.506398 -31.398645, 60.455859 -31.411296, 60.405307 -31.423927, 60.354742 -31.436538, 60.304163 -31.449130, 60.253570 -31.461701, 60.202964 -31.474253, 60.152344 -31.486785, 60.101711 -31.499296, 60.051064 -31.511788, 60.000403 -31.524260, 59.949729 -31.536712, 59.899042 -31.549144, 59.848341 -31.561556, 59.797627 -31.573948, 59.746899 -31.586320, 59.696157 -31.598672, 59.645403 -31.611003, 59.594634 -31.623315, 59.543853 -31.635607, 59.493057 -31.647878, 59.442249 -31.660130, 59.391427 -31.672361, 59.340592 -31.684572, 59.289743 -31.696763, 59.238881 -31.708934, 59.188006 -31.721085, 59.137117 -31.733215, 59.086215 -31.745325, 59.035300 -31.757415, 58.984371 -31.769485, 58.933429 -31.781534, 58.882474 -31.793563, 58.831506 -31.805572, 58.780524 -31.817560, 58.729530 -31.829529, 58.678521 -31.841476, 58.627500 -31.853404, 58.576466 -31.865311, 58.525418 -31.877198, 58.474357 -31.889064, 58.423283 -31.900910, 58.372196 -31.912735, 58.321096 -31.924540, 58.269983 -31.936325, 58.218857 -31.948089, 58.167717 -31.959833, 58.116564 -31.971556, 58.065399 -31.983258, 58.014220 -31.994940, 57.963029 -32.006602, 57.911824 -32.018243, 57.860606 -32.029863, 57.809376 -32.041463, 57.758132 -32.053042, 57.706875 -32.064601, 57.655606 -32.076139, 57.604323 -32.087656, 57.553028 -32.099152, 57.501720 -32.110628, 57.450398 -32.122084, 57.399064 -32.133518, 57.347717 -32.144932, 57.296358 -32.156325, 57.244985 -32.167697, 57.193600 -32.179049, 57.142201 -32.190380, 57.090790 -32.201689, 57.039367 -32.212979, 56.987930 -32.224247, 56.936481 -32.235495, 56.885019 -32.246721, 56.833544 -32.257927, 56.782057 -32.269112, 56.730556 -32.280276, 56.679044 -32.291419, 56.627518 -32.302541, 56.575980 -32.313643, 56.524430 -32.324723, 56.472866 -32.335782, 56.421290 -32.346821, 56.369702 -32.357838, 56.318101 -32.368834, 56.266487 -32.379810, 56.214861 -32.390764, 56.163223 -32.401697, 56.111572 -32.412610, 56.059908 -32.423501, 56.008232 -32.434371, 55.956543 -32.445220, 55.904843 -32.456048, 55.853129 -32.466854, 55.801403 -32.477640, 55.749665 -32.488404, 55.697915 -32.499147, 55.646152 -32.509870, 55.594377 -32.520570, 55.542589 -32.531250, 55.490790 -32.541908, 55.438977 -32.552546, 55.387153 -32.563161, 55.335316 -32.573756, 55.283468 -32.584329, 55.231607 -32.594882, 55.179733 -32.605412, 55.127848 -32.615922, 55.075950 -32.626410, 55.024040 -32.636877, 54.972118 -32.647322, 54.920184 -32.657746, 54.868238 -32.668149, 54.816280 -32.678530, 54.764310 -32.688890, 54.712327 -32.699228, 54.660333 -32.709545, 54.608327 -32.719840, 54.556308 -32.730114, 54.504278 -32.740367, 54.452236 -32.750598, 54.400181 -32.760807, 54.348115 -32.770995, 54.296037 -32.781162, 54.243947 -32.791306, 54.191845 -32.801430, 54.139731 -32.811532, 54.087606 -32.821612, 54.035469 -32.831670, 53.983319 -32.841707, 53.931158 -32.851722, 53.878986 -32.861716, 53.826801 -32.871688, 53.774605 -32.881638, 53.722397 -32.891567, 53.670178 -32.901474, 53.617946 -32.911359, 53.565703 -32.921222, 53.513449 -32.931064, 53.461183 -32.940884, 53.408905 -32.950682, 53.356616 -32.960459, 53.304315 -32.970214, 53.252002 -32.979946, 53.199678 -32.989657, 53.147343 -32.999347, 53.094996 -33.009014, 53.042637 -33.018660, 52.990268 -33.028283, 52.937886 -33.037885, 52.885494 -33.047465, 52.833090 -33.057023, 52.780674 -33.066559, 52.728247 -33.076073, 52.675809 -33.085565, 52.623360 -33.095036, 52.570899 -33.104484, 52.518427 -33.113910, 52.465944 -33.123314, 52.413449 -33.132697, 52.360944 -33.142057, 52.308427 -33.151395, 52.255899 -33.160712, 52.203360 -33.170006, 52.150809 -33.179278, 52.098248 -33.188528, 52.045675 -33.197756, 51.993092 -33.206961, 51.940497 -33.216145, 51.887892 -33.225307, 51.835275 -33.234446, 51.782647 -33.243563, 51.730009 -33.252658, 51.677359 -33.261731, 51.624699 -33.270782, 51.572027 -33.279811, 51.519345 -33.288817, 51.466652 -33.297801, 51.413948 -33.306763, 51.361233 -33.315702, 51.308508 -33.324620, 51.255771 -33.333515, 51.203024 -33.342387, 51.150266 -33.351238, 51.097498 -33.360066, 51.044718 -33.368872, 50.991928 -33.377655, 50.939128 -33.386416, 50.886317 -33.395155, 50.833495 -33.403871, 50.780662 -33.412565, 50.727819 -33.421237, 50.674966 -33.429886, 50.622102 -33.438513, 50.569227 -33.447117, 50.516342 -33.455699, 50.463447 -33.464258, 50.410541 -33.472795, 50.357625 -33.481310, 50.304698 -33.489802, 50.251761 -33.498271, 50.198813 -33.506718, 50.145856 -33.515143, 50.092887 -33.523545, 50.039909 -33.531924, 49.986921 -33.540281, 49.933922 -33.548615, 49.880913 -33.556927, 49.827894 -33.565216, 49.774864 -33.573482, 49.721825 -33.581726, 49.668775 -33.589947, 49.615715 -33.598146, 49.562645 -33.606322, 49.509566 -33.614475, 49.456476 -33.622605, 49.403376 -33.630713, 49.350266 -33.638798, 49.297146 -33.646861, 49.244016 -33.654901, 49.190876 -33.662918, 49.137727 -33.670912, 49.084567 -33.678883, 49.031398 -33.686832, 48.978219 -33.694758, 48.925030 -33.702661, 48.871831 -33.710542, 48.818623 -33.718399, 48.765405 -33.726234, 48.712177 -33.734046, 48.658939 -33.741835, 48.605692 -33.749601, 48.552435 -33.757345, 48.499169 -33.765065, 48.445893 -33.772763, 48.392607 -33.780437, 48.339312 -33.788089, 48.286007 -33.795718, 48.232693 -33.803324, 48.179370 -33.810907, 48.126037 -33.818467, 48.072694 -33.826004, 48.019342 -33.833519, 47.965981 -33.841010, 47.912611 -33.848478, 47.859231 -33.855923, 47.805842 -33.863345, 47.752443 -33.870744, 47.699036 -33.878121, 47.645619 -33.885474, 47.592193 -33.892804, 47.538757 -33.900111, 47.485313 -33.907394, 47.431859 -33.914655, 47.378397 -33.921893, 47.324925 -33.929108, 47.271444 -33.936299, 47.217955 -33.943467, 47.164456 -33.950613, 47.110948 -33.957735, 47.057432 -33.964834, 47.003906 -33.971909, 46.950371 -33.978962, 46.896828 -33.985991, 46.843276 -33.992997, 46.789715 -33.999980, 46.736145 -34.006940, 46.682567 -34.013877, 46.628979 -34.020790, 46.575383 -34.027680, 46.521779 -34.034547, 46.468165 -34.041390, 46.414543 -34.048211, 46.360913 -34.055008, 46.307273 -34.061781, 46.253626 -34.068532, 46.199969 -34.075259, 46.146305 -34.081963, 46.092631 -34.088643, 46.038949 -34.095300, 45.985259 -34.101934, 45.931561 -34.108544, 45.877854 -34.115131, 45.824138 -34.121695, 45.770415 -34.128235, 45.716683 -34.134752, 45.662943 -34.141245, 45.609194 -34.147715, 45.555438 -34.154162, 45.501673 -34.160585, 45.447900 -34.166985, 45.394118 -34.173361, 45.340329 -34.179714, 45.286532 -34.186043, 45.232726 -34.192349, 45.178913 -34.198631, 45.125091 -34.204890, 45.071262 -34.211125, 45.017425 -34.217337, 44.963579 -34.223525, 44.909726 -34.229690, 44.855865 -34.235831, 44.801996 -34.241949, 44.748119 -34.248043, 44.694235 -34.254114, 44.640343 -34.260161, 44.586443 -34.266184, 44.532535 -34.272184, 44.478619 -34.278160, 44.424696 -34.284112, 44.370766 -34.290041, 44.316827 -34.295946, 44.262882 -34.301828, 44.208928 -34.307686, 44.154967 -34.313520, 44.100999 -34.319331, 44.047023 -34.325118, 43.993040 -34.330881, 43.939049 -34.336621, 43.885051 -34.342337, 43.831046 -34.348029, 43.777033 -34.353698, 43.723013 -34.359342, 43.668986 -34.364963, 43.614951 -34.370561, 43.560909 -34.376134, 43.506860 -34.381684, 43.452804 -34.387210, 43.398741 -34.392712, 43.344671 -34.398191, 43.290594 -34.403645, 43.236509 -34.409076, 43.182418 -34.414483, 43.128320 -34.419867, 43.074214 -34.425226, 43.020102 -34.430562, 42.965983 -34.435873, 42.911857 -34.441161, 42.857724 -34.446425, 42.803585 -34.451666, 42.749438 -34.456882, 42.695285 -34.462074, 42.641125 -34.467243, 42.586959 -34.472388, 42.532785 -34.477509, 42.478606 -34.482605, 42.424419 -34.487678, 42.370226 -34.492727, 42.316027 -34.497753, 42.261820 -34.502754, 42.207608 -34.507731, 42.153389 -34.512684, 42.099163 -34.517614, 42.044931 -34.522519, 41.990693 -34.527401, 41.936449 -34.532258, 41.882198 -34.537091, 41.827940 -34.541901, 41.773677 -34.546686, 41.719407 -34.551448, 41.665131 -34.556185, 41.610849 -34.560899, 41.556561 -34.565588, 41.502267 -34.570254, 41.447967 -34.574895, 41.393660 -34.579512, 41.339348 -34.584105, 41.285029 -34.588674, 41.230705 -34.593220, 41.176375 -34.597741, 41.122038 -34.602238, 41.067696 -34.606710, 41.013348 -34.611159, 40.958995 -34.615584, 40.904635 -34.619984, 40.850270 -34.624361, 40.795899 -34.628713, 40.741522 -34.633041, 40.687140 -34.637345, 40.632752 -34.641625, 40.578358 -34.645881, 40.523959 -34.650112, 40.469555 -34.654320, 40.415145 -34.658503, 40.360729 -34.662662, 40.306308 -34.666797, 40.251881 -34.670908, 40.197449 -34.674994, 40.143012 -34.679057, 40.088570 -34.683095, 40.034122 -34.687109, 39.979669 -34.691099, 39.925210 -34.695064, 39.870747 -34.699005, 39.816278 -34.702922, 39.761804 -34.706815, 39.707325 -34.710684, 39.652841 -34.714528, 39.598352 -34.718348, 39.543858 -34.722144, 39.489359 -34.725915, 39.434855 -34.729663, 39.380346 -34.733386, 39.325832 -34.737084, 39.271313 -34.740759, 39.216789 -34.744409, 39.162261 -34.748035, 39.107728 -34.751636, 39.053190 -34.755213, 38.998647 -34.758766, 38.944100 -34.762295, 38.889548 -34.765799, 38.834991 -34.769279, 38.780430 -34.772734, 38.725865 -34.776166, 38.671294 -34.779572, 38.616720 -34.782955, 38.562140 -34.786313, 38.507557 -34.789647, 38.452969 -34.792956, 38.398376 -34.796241, 38.343780 -34.799502, 38.289179 -34.802738, 38.234573 -34.805950, 38.179964 -34.809138, 38.125350 -34.812301, 38.070732 -34.815439, 38.016110 -34.818554, 37.961484 -34.821644, 37.906854 -34.824709, 37.852220 -34.827750, 37.797581 -34.830767, 37.742939 -34.833759, 37.688293 -34.836727, 37.633643 -34.839670, 37.578988 -34.842589, 37.524331 -34.845483, 37.469669 -34.848353, 37.415003 -34.851199, 37.360334 -34.854020, 37.305661 -34.856817, 37.250984 -34.859589, 37.196304 -34.862336, 37.141620 -34.865060, 37.086932 -34.867758, 37.032241 -34.870432, 36.977546 -34.873082, 36.922848 -34.875707, 36.868146 -34.878308, 36.813441 -34.880884, 36.758732 -34.883436, 36.704020 -34.885963, 36.649305 -34.888466, 36.594586 -34.890944, 36.539864 -34.893398, 36.485139 -34.895827, 36.430410 -34.898232, 36.375679 -34.900612, 36.320944 -34.902967, 36.266206 -34.905298, 36.211465 -34.907605, 36.156721 -34.909887, 36.101974 -34.912144, 36.047224 -34.914377, 35.992471 -34.916585, 35.937715 -34.918769, 35.882956 -34.920928, 35.828194 -34.923063, 35.773430 -34.925173, 35.718662 -34.927258, 35.663892 -34.929319, 35.609119 -34.931355, 35.554344 -34.933367, 35.499566 -34.935354, 35.444785 -34.937317, 35.390001 -34.939255, 35.335215 -34.941168, 35.280427 -34.943057, 35.225635 -34.944921, 35.170842 -34.946760, 35.116046 -34.948575, 35.061247 -34.950366, 35.006447 -34.952131, 34.951643 -34.953873, 34.896838 -34.955589, 34.842030 -34.957281, 34.787220 -34.958948, 34.732408 -34.960591, 34.677594 -34.962209, 34.622777 -34.963802, 34.567959 -34.965371, 34.513138 -34.966915, 34.458315 -34.968435, 34.403490 -34.969930, 34.348663 -34.971400, 34.293835 -34.972845, 34.239004 -34.974266, 34.184172 -34.975663, 34.129337 -34.977034, 34.074501 -34.978381, 34.019663 -34.979703, 33.964823 -34.981001, 33.909982 -34.982274, 33.855139 -34.983523, 33.800294 -34.984746, 33.745447 -34.985945, 33.690599 -34.987120, 33.635750 -34.988269, 33.580899 -34.989394, 33.526046 -34.990495, 33.471192 -34.991570, 33.416336 -34.992621, 33.361480 -34.993648, 33.306621 -34.994649, 33.251762 -34.995626, 33.196901 -34.996579, 33.142039 -34.997506, 33.087175 -34.998409, 33.032311 -34.999288, 32.977445 -35.000141, 32.922578 -35.000970, 32.867710 -35.001774, 32.812841 -35.002554, 32.757971 -35.003309, 32.703100 -35.004039, 32.648228 -35.004744, 32.593356 -35.005425, 32.538482 -35.006081, 32.483607 -35.006713, 32.428732 -35.007319, 32.373855 -35.007901, 32.318978 -35.008459, 32.264100 -35.008991, 32.209222 -35.009499, 32.154343 -35.009982, 32.099463 -35.010441, 32.044583 -35.010875, 31.989702 -35.011284, 31.934820 -35.011668, 31.879938 -35.012028, 31.825056 -35.012363, 31.770173 -35.012673, 31.715290 -35.012958, 31.660406 -35.013219, 31.605522 -35.013456, 31.550638 -35.013667, 31.495753 -35.013854, 31.440868 -35.014016, 31.385983 -35.014153, 31.331098 -35.014266, 31.276213 -35.014354, 31.221328 -35.014417, 31.166442 -35.014455, 31.111557 -35.014469, 31.056671 -35.014458, 31.001786 -35.014423, 30.946900 -35.014362, 30.892015 -35.014277, 30.837130 -35.014168, 30.782245 -35.014033, 30.727360 -35.013874, 30.672476 -35.013690, 30.617591 -35.013481, 30.562707 -35.013248, 30.507824 -35.012990, 30.452940 -35.012708, 30.398057 -35.012400, 30.343175 -35.012068, 30.288293 -35.011711, 30.233411 -35.011330, 30.178530 -35.010924, 30.123650 -35.010493, 30.068770 -35.010037, 30.013891 -35.009557, 29.959012 -35.009052, 29.904134 -35.008522, 29.849257 -35.007968, 29.794381 -35.007389, 29.739505 -35.006785, 29.684630 -35.006156, 29.629756 -35.005503, 29.574883 -35.004825, 29.520011 -35.004123, 29.465140 -35.003395, 29.410270 -35.002643, 29.355401 -35.001867, 29.300533 -35.001065, 29.245666 -35.000239, 29.190800 -34.999389, 29.135936 -34.998513, 29.081072 -34.997613, 29.026210 -34.996688, 28.971349 -34.995739, 28.916489 -34.994765, 28.861631 -34.993766, 28.806774 -34.992743, 28.751918 -34.991694, 28.697064 -34.990622, 28.642211 -34.989524, 28.587360 -34.988402, 28.532510 -34.987255, 28.477662 -34.986084, 28.422815 -34.984888, 28.367970 -34.983667, 28.313127 -34.982421, 28.258285 -34.981151, 28.203445 -34.979856, 28.148607 -34.978537, 28.093770 -34.977193, 28.038936 -34.975824, 27.984103 -34.974431, 27.929272 -34.973013, 27.874443 -34.971570, 27.819616 -34.970102, 27.764791 -34.968611, 27.709968 -34.967094, 27.655147 -34.965553, 27.600328 -34.963987, 27.545512 -34.962396, 27.490697 -34.960781, 27.435885 -34.959141, 27.381074 -34.957477, 27.326266 -34.955788, 27.271461 -34.954074, 27.216657 -34.952336, 27.161856 -34.950573, 27.107057 -34.948786, 27.052261 -34.946974, 26.997467 -34.945137, 26.942676 -34.943276, 26.887887 -34.941390, 26.833101 -34.939479, 26.778317 -34.937544, 26.723536 -34.935585, 26.668757 -34.933600, 26.613981 -34.931591, 26.559208 -34.929558, 26.504438 -34.927500, 26.449670 -34.925418, 26.394905 -34.923310, 26.340143 -34.921179, 26.285384 -34.919022, 26.230627 -34.916842, 26.175874 -34.914636, 26.121124 -34.912406, 26.066376 -34.910152, 26.011632 -34.907873, 25.956890 -34.905569, 25.902152 -34.903241, 25.847417 -34.900888, 25.792685 -34.898511, 25.737956 -34.896109, 25.683231 -34.893683, 25.628508 -34.891232, 25.573789 -34.888757, 25.519073 -34.886257, 25.464361 -34.883733, 25.409652 -34.881184, 25.354946 -34.878610, 25.300244 -34.876012, 25.245546 -34.873390, 25.190850 -34.870743, 25.136159 -34.868072, 25.081471 -34.865376, 25.026786 -34.862656, 24.972105 -34.859911, 24.917428 -34.857142, 24.862755 -34.854348, 24.808085 -34.851530, 24.753419 -34.848687, 24.698757 -34.845820, 24.644098 -34.842928, 24.589444 -34.840012, 24.534793 -34.837072, 24.480146 -34.834107, 24.425504 -34.831118, 24.370865 -34.828104, 24.316230 -34.825066, 24.261599 -34.822003, 24.206973 -34.818916, 24.152350 -34.815804, 24.097732 -34.812669, 24.043118 -34.809508, 23.988508 -34.806324, 23.933902 -34.803115, 23.879300 -34.799881, 23.824703 -34.796623, 23.770110 -34.793341, 23.715522 -34.790035, 23.660938 -34.786704, 23.606358 -34.783348, 23.551783 -34.779969, 23.497212 -34.776565, 23.442646 -34.773136, 23.388084 -34.769684, 23.333527 -34.766207, 23.278974 -34.762705, 23.224427 -34.759179, 23.169883 -34.755629, 23.115345 -34.752055, 23.060811 -34.748456, 23.006282 -34.744833, 22.951758 -34.741186, 22.897239 -34.737515, 22.842724 -34.733819, 22.788215 -34.730099, 22.733710 -34.726354, 22.679210 -34.722586, 22.624716 -34.718793, 22.570226 -34.714975, 22.515741 -34.711134, 22.461262 -34.707268, 22.406787 -34.703378, 22.352318 -34.699464, 22.297854 -34.695526, 22.243395 -34.691563, 22.188941 -34.687576, 22.134492 -34.683565, 22.080049 -34.679530, 22.025611 -34.675470, 21.971179 -34.671386, 21.916752 -34.667278, 21.862330 -34.663146, 21.807914 -34.658990, 21.753503 -34.654810, 21.699098 -34.650605, 21.644698 -34.646376, 21.590304 -34.642123, 21.535915 -34.637846, 21.481532 -34.633545, 21.427155 -34.629220, 21.372783 -34.624870, 21.318417 -34.620497, 21.264057 -34.616099, 21.209703 -34.611677, 21.155354 -34.607231, 21.101011 -34.602761, 21.046674 -34.598267, 20.992343 -34.593749, 20.938018 -34.589207, 20.883699 -34.584640, 20.829386 -34.580050, 20.775079 -34.575435, 20.720778 -34.570797, 20.666483 -34.566134, 20.612194 -34.561448, 20.557911 -34.556737, 20.503635 -34.552002, 20.449364 -34.547244, 20.395100 -34.542461, 20.340842 -34.537654, 20.286591 -34.532824, 20.232345 -34.527969, 20.178106 -34.523091, 20.123874 -34.518188, 20.069647 -34.513261, 20.015427 -34.508311, 19.961214 -34.503336, 19.907007 -34.498338, 19.852807 -34.493316, 19.798613 -34.488269, 19.744426 -34.483199, 19.690245 -34.478105, 19.636071 -34.472987, 19.581904 -34.467845, 19.527743 -34.462679, 19.473589 -34.457490, 19.419442 -34.452276, 19.365302 -34.447039, 19.311168 -34.441777, 19.257041 -34.436492, 19.202921 -34.431183, 19.148808 -34.425850, 19.094702 -34.420494, 19.040603 -34.415113, 18.986511 -34.409709, 18.932426 -34.404281, 18.878348 -34.398829, 18.824277 -34.393353, 18.770213 -34.387854, 18.716156 -34.382331, 18.662106 -34.376784, 18.608063 -34.371213, 18.554028 -34.365618, 18.500000 -34.360000, 18.460641 -34.328937, 18.421311 -34.297862, 18.382010 -34.266773, 18.342738 -34.235673, 18.303495 -34.204560, 18.264281 -34.173434, 18.225096 -34.142296, 18.185940 -34.111145, 18.146813 -34.079983, 18.107714 -34.048807, 18.068644 -34.017620, 18.029603 -33.986419, 17.990591 -33.955207, 17.951607 -33.923982, 17.912652 -33.892746, 17.873725 -33.861496, 17.834827 -33.830235, 17.795957 -33.798961, 17.757116 -33.767676, 17.718303 -33.736378, 17.679518 -33.705068, 17.640762 -33.673745, 17.602034 -33.642411, 17.563334 -33.611065, 17.524662 -33.579706, 17.486018 -33.548336, 17.447402 -33.516953, 17.408815 -33.485559, 17.370255 -33.454153, 17.331723 -33.422734, 17.293219 -33.391304, 17.254743 -33.359862, 17.216295 -33.328408, 17.177874 -33.296943, 17.139481 -33.265465, 17.101116 -33.233976, 17.062779 -33.202475, 17.024469 -33.170962, 16.986186 -33.139437, 16.947932 -33.107901, 16.909704 -33.076353, 16.871504 -33.044793, 16.833331 -33.013222, 16.795186 -32.981639, 16.757068 -32.950045, 16.718977 -32.918439, 16.680914 -32.886821, 16.642877 -32.855192, 16.604868 -32.823552, 16.566886 -32.791900, 16.528930 -32.760236, 16.491002 -32.728561, 16.453101 -32.696875, 16.415227 -32.665177, 16.377379 -32.633468, 16.339558 -32.601747, 16.301765 -32.570016, 16.263997 -32.538273, 16.226257 -32.506518, 16.188543 -32.474753, 16.150856 -32.442976, 16.113195 -32.411188, 16.075561 -32.379388, 16.037953 -32.347578, 16.000372 -32.315756, 15.962817 -32.283924, 15.925289 -32.252080, 15.887787 -32.220225, 15.850311 -32.188359, 15.812861 -32.156482, 15.775438 -32.124594, 15.738041 -32.092695, 15.700670 -32.060785, 15.663325 -32.028864, 15.626005 -31.996932, 15.588712 -31.964989, 15.551445 -31.933035, 15.514204 -31.901071, 15.476989 -31.869095, 15.439799 -31.837109, 15.402635 -31.805112, 15.365497 -31.773104, 15.328385 -31.741086, 15.291298 -31.709056, 15.254237 -31.677016, 15.217202 -31.644965, 15.180192 -31.612904, 15.143207 -31.580832, 15.106248 -31.548749, 15.069315 -31.516655, 15.032406 -31.484551, 14.995524 -31.452437, 14.958666 -31.420311, 14.921834 -31.388176, 14.885026 -31.356029, 14.848244 -31.323873, 14.811487 -31.291705, 14.774756 -31.259528, 14.738049 -31.227340, 14.701367 -31.195141, 14.664710 -31.162932, 14.628078 -31.130713, 14.591471 -31.098483, 14.554889 -31.066243, 14.518332 -31.033993, 14.481799 -31.001732, 14.445291 -30.969461, 14.408808 -30.937180, 14.372349 -30.904889, 14.335915 -30.872587, 14.299506 -30.840275, 14.263121 -30.807953, 14.226760 -30.775621, 14.190424 -30.743279, 14.154113 -30.710926, 14.117825 -30.678564, 14.081563 -30.646191, 14.045324 -30.613809, 14.009109 -30.581416, 13.972919 -30.549013, 13.936753 -30.516601, 13.900611 -30.484178, 13.864493 -30.451745, 13.828399 -30.419303, 13.792329 -30.386850, 13.756283 -30.354388, 13.720261 -30.321916, 13.684263 -30.289434, 13.648289 -30.256942, 13.612338 -30.224440, 13.576412 -30.191928, 13.540509 -30.159407, 13.504629 -30.126876, 13.468774 -30.094335, 13.432941 -30.061784, 13.397133 -30.029224, 13.361348 -29.996654, 13.325586 -29.964074, 13.289848 -29.931485, 13.254134 -29.898886, 13.218442 -29.866277, 13.182774 -29.833659, 13.147129 -29.801031, 13.111508 -29.768394, 13.075910 -29.735747, 13.040335 -29.703090, 13.004783 -29.670424, 12.969254 -29.637749, 12.933748 -29.605064, 12.898265 -29.572370, 12.862805 -29.539666, 12.827368 -29.506953, 12.791954 -29.474231, 12.756563 -29.441499, 12.721195 -29.408757, 12.685849 -29.376007, 12.650526 -29.343247, 12.615226 -29.310478, 12.579949 -29.277699, 12.544694 -29.244912, 12.509462 -29.212115, 12.474252 -29.179309, 12.439065 -29.146493, 12.403900 -29.113669, 12.368758 -29.080835, 12.333638 -29.047992, 12.298541 -29.015140, 12.263465 -28.982279, 12.228412 -28.949409, 12.193382 -28.916529, 12.158373 -28.883641, 12.123387 -28.850744, 12.088423 -28.817837, 12.053481 -28.784922, 12.018561 -28.751997, 11.983663 -28.719064, 11.948787 -28.686122, 11.913933 -28.653170, 11.879101 -28.620210, 11.844290 -28.587241, 11.809502 -28.554263, 11.774735 -28.521276, 11.739990 -28.488281, 11.705267 -28.455276, 11.670565 -28.422263, 11.635885 -28.389241, 11.601227 -28.356210, 11.566590 -28.323170, 11.531975 -28.290122, 11.497381 -28.257065, 11.462809 -28.223999, 11.428258 -28.190924, 11.393729 -28.157841, 11.359220 -28.124749, 11.324734 -28.091649, 11.290268 -28.058540, 11.255824 -28.025422, 11.221400 -27.992296, 11.186998 -27.959161, 11.152617 -27.926018, 11.118258 -27.892866, 11.083919 -27.859705, 11.049601 -27.826537, 11.015304 -27.793359, 10.981028 -27.760173, 10.946773 -27.726979, 10.912539 -27.693776, 10.878326 -27.660565, 10.844133 -27.627346, 10.809962 -27.594118, 10.775811 -27.560881, 10.741680 -27.527637, 10.707571 -27.494384, 10.673481 -27.461123, 10.639413 -27.427853, 10.605365 -27.394575, 10.571337 -27.361289, 10.537330 -27.327995, 10.503343 -27.294692, 10.469377 -27.261381, 10.435431 -27.228062, 10.401506 -27.194735, 10.367600 -27.161400, 10.333715 -27.128057, 10.299850 -27.094705, 10.266005 -27.061345, 10.232181 -27.027978, 10.198376 -26.994602, 10.164592 -26.961218, 10.130827 -26.927826, 10.097083 -26.894426, 10.063358 -26.861018, 10.029654 -26.827602, 9.995969 -26.794178, 9.962304 -26.760746, 9.928659 -26.727306, 9.895034 -26.693858, 9.861428 -26.660402, 9.827842 -26.626939, 9.794276 -26.593467, 9.760730 -26.559988, 9.727203 -26.526501, 9.693695 -26.493005, 9.660207 -26.459503, 9.626739 -26.425992, 9.593290 -26.392473, 9.559861 -26.358947, 9.526450 -26.325413, 9.493060 -26.291871, 9.459688 -26.258322, 9.426336 -26.224765, 9.393003 -26.191200, 9.359689 -26.157627, 9.326395 -26.124047, 9.293119 -26.090459, 9.259863 -26.056864, 9.226626 -26.023261, 9.193407 -25.989650, 9.160208 -25.956032, 9.127028 -25.922406, 9.093866 -25.888772, 9.060724 -25.855132, 9.027600 -25.821483, 8.994496 -25.787827, 8.961410 -25.754164, 8.928342 -25.720493, 8.895294 -25.686814, 8.862264 -25.653129, 8.829253 -25.619435, 8.796260 -25.585735, 8.763286 -25.552027, 8.730331 -25.518311, 8.697394 -25.484588, 8.664475 -25.450858, 8.631575 -25.417121, 8.598694 -25.383376, 8.565830 -25.349624, 8.532985 -25.315865, 8.500159 -25.282098, 8.467351 -25.248324, 8.434560 -25.214543, 8.401789 -25.180754, 8.369035 -25.146959, 8.336299 -25.113156, 8.303582 -25.079346, 8.270882 -25.045529, 8.238201 -25.011705, 8.205538 -24.977873, 8.172892 -24.944034, 8.140265 -24.910189, 8.107655 -24.876336, 8.075063 -24.842476, 8.042489 -24.808609, 8.009933 -24.774735, 7.977395 -24.740854, 7.944874 -24.706966, 7.912372 -24.673071, 7.879886 -24.639169, 7.847419 -24.605260, 7.814969 -24.571344, 7.782536 -24.537421, 7.750121 -24.503492, 7.717724 -24.469555, 7.685344 -24.435611, 7.652981 -24.401661, 7.620636 -24.367703, 7.588308 -24.333739, 7.555998 -24.299768, 7.523705 -24.265790, 7.491429 -24.231805, 7.459170 -24.197814, 7.426929 -24.163815, 7.394705 -24.129810, 7.362497 -24.095798, 7.330307 -24.061780, 7.298134 -24.027754, 7.265978 -23.993722, 7.233839 -23.959683, 7.201717 -23.925638, 7.169612 -23.891586, 7.137524 -23.857527, 7.105453 -23.823462, 7.073398 -23.789389, 7.041361 -23.755311, 7.009340 -23.721226, 6.977336 -23.687134, 6.945348 -23.653035, 6.913378 -23.618930, 6.881423 -23.584819, 6.849486 -23.550701, 6.817565 -23.516576, 6.785661 -23.482445, 6.753773 -23.448307, 6.721901 -23.414163, 6.690046 -23.380013, 6.658208 -23.345856, 6.626386 -23.311692, 6.594580 -23.277523, 6.562790 -23.243346, 6.531017 -23.209164, 6.499260 -23.174975, 6.467519 -23.140779, 6.435795 -23.106578, 6.404086 -23.072370, 6.372394 -23.038155, 6.340718 -23.003934, 6.309058 -22.969708, 6.277414 -22.935474, 6.245786 -22.901235, 6.214174 -22.866989, 6.182577 -22.832737, 6.150997 -22.798479, 6.119433 -22.764214, 6.087884 -22.729943, 6.056351 -22.695667, 6.024834 -22.661384, 5.993333 -22.627094, 5.961848 -22.592799, 5.930378 -22.558498, 5.898924 -22.524190, 5.867485 -22.489876, 5.836062 -22.455556, 5.804655 -22.421231, 5.773263 -22.386899, 5.741886 -22.352561, 5.710525 -22.318217, 5.679180 -22.283866, 5.647850 -22.249510, 5.616535 -22.215148, 5.585235 -22.180780, 5.553951 -22.146406, 5.522683 -22.112026, 5.491429 -22.077640, 5.460191 -22.043248, 5.428967 -22.008850, 5.397759 -21.974447, 5.366566 -21.940037, 5.335389 -21.905622, 5.304226 -21.871200, 5.273078 -21.836773, 5.241945 -21.802340, 5.210828 -21.767901, 5.179725 -21.733456, 5.148637 -21.699006, 5.117564 -21.664549, 5.086505 -21.630087, 5.055462 -21.595620, 5.024433 -21.561146, 4.993420 -21.526667, 4.962420 -21.492181, 4.931436 -21.457691, 4.900466 -21.423194, 4.869511 -21.388692, 4.838570 -21.354184, 4.807644 -21.319671, 4.776733 -21.285151, 4.745836 -21.250627, 4.714953 -21.216096, 4.684085 -21.181560, 4.653232 -21.147018, 4.622393 -21.112471, 4.591568 -21.077918, 4.560757 -21.043360, 4.529961 -21.008796, 4.499179 -20.974227, 4.468411 -20.939652, 4.437658 -20.905071, 4.406918 -20.870485, 4.376193 -20.835894, 4.345482 -20.801297, 4.314785 -20.766694, 4.284102 -20.732086, 4.253433 -20.697473, 4.222778 -20.662854, 4.192137 -20.628230, 4.161510 -20.593600, 4.130897 -20.558966, 4.100298 -20.524325, 4.069713 -20.489680, 4.039141 -20.455029, 4.008583 -20.420372, 3.978039 -20.385710, 3.947509 -20.351043, 3.916992 -20.316371, 3.886489 -20.281693, 3.856000 -20.247011, 3.825525 -20.212322, 3.795062 -20.177629, 3.764614 -20.142930, 3.734179 -20.108227, 3.703758 -20.073517, 3.673350 -20.038803, 3.642955 -20.004084, 3.612574 -19.969359, 3.582206 -19.934629, 3.551852 -19.899894, 3.521510 -19.865154, 3.491183 -19.830409, 3.460868 -19.795658, 3.430567 -19.760903, 3.400279 -19.726142, 3.370004 -19.691377, 3.339742 -19.656606, 3.309493 -19.621830, 3.279257 -19.587049, 3.249035 -19.552263, 3.218825 -19.517472, 3.188629 -19.482676, 3.158445 -19.447875, 3.128275 -19.413069, 3.098117 -19.378259, 3.067972 -19.343443, 3.037840 -19.308622, 3.007721 -19.273796, 2.977615 -19.238965, 2.947522 -19.204130, 2.917441 -19.169289, 2.887373 -19.134444, 2.857317 -19.099593, 2.827275 -19.064738, 2.797245 -19.029878, 2.767227 -18.995013, 2.737222 -18.960144, 2.707230 -18.925269, 2.677250 -18.890390, 2.647283 -18.855505, 2.617328 -18.820617, 2.587385 -18.785723, 2.557455 -18.750824, 2.527537 -18.715921, 2.497632 -18.681013, 2.467739 -18.646100, 2.437858 -18.611183, 2.407990 -18.576260, 2.378134 -18.541334, 2.348290 -18.506402, 2.318458 -18.471466, 2.288638 -18.436525, 2.258831 -18.401579, 2.229035 -18.366629, 2.199252 -18.331674, 2.169480 -18.296715, 2.139721 -18.261751, 2.109974 -18.226782, 2.080238 -18.191809, 2.050515 -18.156831, 2.020803 -18.121848, 1.991103 -18.086861, 1.961415 -18.051870, 1.931739 -18.016874, 1.902075 -17.981873, 1.872423 -17.946868, 1.842782 -17.911859, 1.813153 -17.876845, 1.783535 -17.841826, 1.753930 -17.806803, 1.724336 -17.771776, 1.694753 -17.736744, 1.665182 -17.701708, 1.635623 -17.666667, 1.606075 -17.631622, 1.576538 -17.596572, 1.547013 -17.561518, 1.517500 -17.526460, 1.487998 -17.491397, 1.458507 -17.456330, 1.429028 -17.421259, 1.399560 -17.386183, 1.370103 -17.351103, 1.340657 -17.316019, 1.311223 -17.280931, 1.281800 -17.245838, 1.252388 -17.210740, 1.222988 -17.175639, 1.193598 -17.140533, 1.164220 -17.105423, 1.134852 -17.070309, 1.105496 -17.035191, 1.076151 -17.000068, 1.046816 -16.964941, 1.017493 -16.929810, 0.988181 -16.894675, 0.958879 -16.859536, 0.929588 -16.824392, 0.900309 -16.789245, 0.871040 -16.754093, 0.841782 -16.718937, 0.812535 -16.683777, 0.783298 -16.648613, 0.754072 -16.613445, 0.724857 -16.578272, 0.695653 -16.543096, 0.666459 -16.507916, 0.637276 -16.472731, 0.608103 -16.437543, 0.578941 -16.402350, 0.549790 -16.367154, 0.520649 -16.331953, 0.491519 -16.296748, 0.462399 -16.261540, 0.433289 -16.226327, 0.404190 -16.191111, 0.375101 -16.155890, 0.346023 -16.120666, 0.316955 -16.085437, 0.287897 -16.050205, 0.258850 -16.014969, 0.229813 -15.979729, 0.200786 -15.944485, 0.171769 -15.909237, 0.142762 -15.873985, 0.113766 -15.838730, 0.084779 -15.803470, 0.055803 -15.768207, 0.026837 -15.732940, -0.002119 -15.697669, -0.031065 -15.662394, -0.060001 -15.627116, -0.088927 -15.591833, -0.117844 -15.556547, -0.146750 -15.521257, -0.175646 -15.485964, -0.204533 -15.450666, -0.233409 -15.415365, -0.262276 -15.380060, -0.291133 -15.344752, -0.319981 -15.309439, -0.348818 -15.274123, -0.377646 -15.238804, -0.406464 -15.203480, -0.435273 -15.168153, -0.464072 -15.132823, -0.492861 -15.097488, -0.521641 -15.062150, -0.550411 -15.026809, -0.579172 -14.991463, -0.607923 -14.956115, -0.636665 -14.920762, -0.665397 -14.885406, -0.694120 -14.850047, -0.722833 -14.814684, -0.751537 -14.779317, -0.780232 -14.743947, -0.808917 -14.708573, -0.837593 -14.673196, -0.866260 -14.637815, -0.894918 -14.602430, -0.923566 -14.567043, -0.952205 -14.531651, -0.980835 -14.496256, -1.009456 -14.460858, -1.038068 -14.425457, -1.066670 -14.390051, -1.095264 -14.354643, -1.123848 -14.319231, -1.152424 -14.283815, -1.180990 -14.248397, -1.209548 -14.212974, -1.238096 -14.177549, -1.266636 -14.142120, -1.295167 -14.106687, -1.323689 -14.071252, -1.352202 -14.035813, -1.380706 -14.000370, -1.409202 -13.964924, -1.437688 -13.929475, -1.466166 -13.894023, -1.494635 -13.858567, -1.523096 -13.823108, -1.551548 -13.787646, -1.579991 -13.752181, -1.608426 -13.716712, -1.636852 -13.681240, -1.665269 -13.645765, -1.693678 -13.610286, -1.722078 -13.574805, -1.750470 -13.539320, -1.778854 -13.503832, -1.807229 -13.468340, -1.835595 -13.432846, -1.863954 -13.397348, -1.892303 -13.361847, -1.920645 -13.326343, -1.948978 -13.290836, -1.977303 -13.255326, -2.005619 -13.219813, -2.033928 -13.184296, -2.062228 -13.148777, -2.090520 -13.113254, -2.118804 -13.077728, -2.147079 -13.042199, -2.175347 -13.006667, -2.203606 -12.971132, -2.231857 -12.935594, -2.260101 -12.900053, -2.288336 -12.864509, -2.316563 -12.828962, -2.344782 -12.793412, -2.372994 -12.757859, -2.401197 -12.722303, -2.429393 -12.686744, -2.457580 -12.651182, -2.485760 -12.615617, -2.513932 -12.580049, -2.542096 -12.544478, -2.570252 -12.508904, -2.598401 -12.473327, -2.626542 -12.437747, -2.654675 -12.402165, -2.682800 -12.366579, -2.710918 -12.330991, -2.739028 -12.295400, -2.767131 -12.259806, -2.795226 -12.224209, -2.823313 -12.188609, -2.851393 -12.153006, -2.879465 -12.117401, -2.907530 -12.081792, -2.935588 -12.046181, -2.963638 -12.010567, -2.991680 -11.974950, -3.019715 -11.939331, -3.047743 -11.903709, -3.075763 -11.868083, -3.103777 -11.832456, -3.131782 -11.796825, -3.159781 -11.761192, -3.187772 -11.725556, -3.215756 -11.689917, -3.243733 -11.654275, -3.271703 -11.618631, -3.299665 -11.582984, -3.327621 -11.547335, -3.355569 -11.511683, -3.383510 -11.476028, -3.411444 -11.440370, -3.439371 -11.404710, -3.467291 -11.369047, -3.495205 -11.333382, -3.523111 -11.297714, -3.551010 -11.262043, -3.578902 -11.226370, -3.606788 -11.190694, -3.634666 -11.155015, -3.662538 -11.119334, -3.690403 -11.083651, -3.718261 -11.047964, -3.746112 -11.012276, -3.773956 -10.976584, -3.801794 -10.940891, -3.829625 -10.905194, -3.857450 -10.869496, -3.885268 -10.833794, -3.913079 -10.798090, -3.940883 -10.762384, -3.968681 -10.726675, -3.996472 -10.690964, -4.024257 -10.655250, -4.052036 -10.619534, -4.079807 -10.583816, -4.107573 -10.548095, -4.135332 -10.512371, -4.163084 -10.476646, -4.190830 -10.440917, -4.218570 -10.405187, -4.246303 -10.369454, -4.274030 -10.333718, -4.301751 -10.297980, -4.329465 -10.262240, -4.357174 -10.226498, -4.384875 -10.190753, -4.412571 -10.155006, -4.440261 -10.119256, -4.467944 -10.083505, -4.495621 -10.047751, -4.523292 -10.011994, -4.550957 -9.976236, -4.578616 -9.940475, -4.606269 -9.904711, -4.633916 -9.868946, -4.661557 -9.833178, -4.689192 -9.797408, -4.716821 -9.761636, -4.744444 -9.725862, -4.772061 -9.690085, -4.799672 -9.654306, -4.827277 -9.618525, -4.854877 -9.582742, -4.882470 -9.546956, -4.910058 -9.511169, -4.937640 -9.475379, -4.965217 -9.439587, -4.992787 -9.403793, -5.020352 -9.367997, -5.047911 -9.332198, -5.075465 -9.296398, -5.103013 -9.260595, -5.130555 -9.224791, -5.158092 -9.188984, -5.185623 -9.153175, -5.213149 -9.117364, -5.240669 -9.081551, -5.268183 -9.045736, -5.295692 -9.009919, -5.323196 -8.974100, -5.350694 -8.938279, -5.378187 -8.902455, -5.405674 -8.866630, -5.433156 -8.830803, -5.460633 -8.794974, -5.488105 -8.759143, -5.515571 -8.723309, -5.543032 -8.687474, -5.570487 -8.651637, -5.597938 -8.615798, -5.625383 -8.579957, -5.652823 -8.544114, -5.680258 -8.508269, -5.707687 -8.472422, -5.735112 -8.436573, -5.762531 -8.400723, -5.789946 -8.364870, -5.817355 -8.329016, -5.844759 -8.293159, -5.872159 -8.257301, -5.899553 -8.221441, -5.926943 -8.185579, -5.954327 -8.149715, -5.981707 -8.113850, -6.009081 -8.077982, -6.036451 -8.042113, -6.063816 -8.006242, -6.091176 -7.970369, -6.118532 -7.934495, -6.145882 -7.898618, -6.173228 -7.862740, -6.200569 -7.826860, -6.227906 -7.790978, -6.255238 -7.755095, -6.282565 -7.719210, -6.309887 -7.683323, -6.337205 -7.647434, -6.364518 -7.611544, -6.391827 -7.575651, -6.419131 -7.539758, -6.446430 -7.503862, -6.473726 -7.467965, -6.501016 -7.432066, -6.528302 -7.396166, -6.555584 -7.360263, -6.582861 -7.324360, -6.610134 -7.288454, -6.637403 -7.252547, -6.664667 -7.216638, -6.691927 -7.180728, -6.719182 -7.144816, -6.746433 -7.108902, -6.773680 -7.072987, -6.800923 -7.037070, -6.828162 -7.001152, -6.855396 -6.965232, -6.882626 -6.929311, -6.909852 -6.893388, -6.937074 -6.857463, -6.964292 -6.821537, -6.991505 -6.785610, -7.018715 -6.749680, -7.045921 -6.713750, -7.073122 -6.677818, -7.100320 -6.641884, -7.127513 -6.605949, -7.154703 -6.570013, -7.181889 -6.534074, -7.209071 -6.498135, -7.236249 -6.462194, -7.263423 -6.426252, -7.290593 -6.390308, -7.317759 -6.354363, -7.344922 -6.318416, -7.372081 -6.282468, -7.399236 -6.246518, -7.426387 -6.210568, -7.453535 -6.174615, -7.480679 -6.138662, -7.507819 -6.102707, -7.534956 -6.066750, -7.562089 -6.030793, -7.589218 -5.994834, -7.616344 -5.958873, -7.643467 -5.922912, -7.670585 -5.886949, -7.697701 -5.850984, -7.724813 -5.815019, -7.751921 -5.779052, -7.779026 -5.743084, -7.806127 -5.707114, -7.833225 -5.671143, -7.860320 -5.635171, -7.887411 -5.599198, -7.914499 -5.563224, -7.941584 -5.527248, -7.968665 -5.491271, -7.995744 -5.455293, -8.022818 -5.419313, -8.049890 -5.383333, -8.076958 -5.347351, -8.104024 -5.311368, -8.131086 -5.275384, -8.158145 -5.239399, -8.185201 -5.203412, -8.212253 -5.167424, -8.239303 -5.131436, -8.266350 -5.095446, -8.293393 -5.059455, -8.320434 -5.023463, -8.347472 -4.987469, -8.374506 -4.951475, -8.401538 -4.915479, -8.428567 -4.879483, -8.455592 -4.843485, -8.482615 -4.807486, -8.509636 -4.771487, -8.536653 -4.735486, -8.563667 -4.699484, -8.590679 -4.663481, -8.617688 -4.627477, -8.644694 -4.591472, -8.671698 -4.555466, -8.698698 -4.519459, -8.725697 -4.483451, -8.752692 -4.447442, -8.779685 -4.411432, -8.806675 -4.375421, -8.833662 -4.339409, -8.860647 -4.303396, -8.887630 -4.267382, -8.914610 -4.231368, -8.941587 -4.195352, -8.968562 -4.159335, -8.995535 -4.123318, -9.022505 -4.087299, -9.049472 -4.051280, -9.076437 -4.015259, -9.103400 -3.979238, -9.130361 -3.943216, -9.157319 -3.907193, -9.184274 -3.871170, -9.211228 -3.835145, -9.238179 -3.799119, -9.265128 -3.763093, -9.292075 -3.727066, -9.319019 -3.691038, -9.345962 -3.655009, -9.372902 -3.618980, -9.399840 -3.582949, -9.426776 -3.546918, -9.453710 -3.510886, -9.480641 -3.474854, -9.507571 -3.438820, -9.534499 -3.402786, -9.561424 -3.366751, -9.588348 -3.330715, -9.615270 -3.294679, -9.642189 -3.258641, -9.669107 -3.222603, -9.696023 -3.186565, -9.722937 -3.150526, -9.749849 -3.114486, -9.776759 -3.078445, -9.803668 -3.042403, -9.830575 -3.006361, -9.857480 -2.970319, -9.884383 -2.934275, -9.911284 -2.898231, -9.938184 -2.862187, -9.965082 -2.826141, -9.991978 -2.790095, -10.018873 -2.754049, -10.045766 -2.718002, -10.072657 -2.681954, -10.099547 -2.645906, -10.126435 -2.609857, -10.153322 -2.573807, -10.180207 -2.537757, -10.207091 -2.501707, -10.233973 -2.465656, -10.260854 -2.429604, -10.287734 -2.393552, -10.314612 -2.357499, -10.341488 -2.321446, -10.368363 -2.285392, -10.395237 -2.249338, -10.422110 -2.213283, -10.448981 -2.177228, -10.475851 -2.141172, -10.502719 -2.105116, -10.529587 -2.069059, -10.556453 -2.033002, -10.583318 -1.996944, -10.610182 -1.960886, -10.637044 -1.924828, -10.663906 -1.888769, -10.690766 -1.852710, -10.717626 -1.816650, -10.744484 -1.780590, -10.771341 -1.744530, -10.798197 -1.708469, -10.825052 -1.672407, -10.851907 -1.636346, -10.878760 -1.600284, -10.905612 -1.564222, -10.932463 -1.528159, -10.959314 -1.492096, -10.986163 -1.456033, -11.013012 -1.419969, -11.039860 -1.383905, -11.066707 -1.347841, -11.093553 -1.311776, -11.120398 -1.275711, -11.147243 -1.239646, -11.174087 -1.203581, -11.200930 -1.167515, -11.227773 -1.131449, -11.254615 -1.095383, -11.281456 -1.059317, -11.308297 -1.023250, -11.335137 -0.987183, -11.361976 -0.951116, -11.388815 -0.915049, -11.415654 -0.878982, -11.442491 -0.842914, -11.469329 -0.806846, -11.496166 -0.770778, -11.523002 -0.734710, -11.549838 -0.698641, -11.576674 -0.662573, -11.603509 -0.626504, -11.630343 -0.590435, -11.657178 -0.554367, -11.684012 -0.518298, -11.710846 -0.482228, -11.737679 -0.446159, -11.764513 -0.410090, -11.791346 -0.374020, -11.818179 -0.337951, -11.845011 -0.301881, -11.871844 -0.265811, -11.898676 -0.229742, -11.925508 -0.193672, -11.952340 -0.157602, -11.979172 -0.121532, -12.006004 -0.085462, -12.032836 -0.049392, -12.059667 -0.013323, -12.086499 0.022747, -12.113331 0.058817, -12.140163 0.094887, -12.166995 0.130957, -12.193827 0.167027, -12.220659 0.203097, -12.247491 0.239167, -12.274323 0.275236, -12.301156 0.311306, -12.327988 0.347376, -12.354821 0.383445, -12.381654 0.419514, -12.408488 0.455584, -12.435321 0.491653, -12.462155 0.527722, -12.488989 0.563791, -12.515824 0.599860, -12.542659 0.635929, -12.569494 0.671998, -12.596330 0.708066, -12.623166 0.744134, -12.650002 0.780202, -12.676839 0.816270, -12.703677 0.852338, -12.730515 0.888406, -12.757353 0.924473, -12.784192 0.960541, -12.811032 0.996608, -12.837872 1.032674, -12.864713 1.068741, -12.891554 1.104807, -12.918396 1.140873, -12.945239 1.176939, -12.972083 1.213005, -12.998927 1.249070, -13.025772 1.285135, -13.052617 1.321200, -13.079464 1.357264, -13.106311 1.393328, -13.133159 1.429392, -13.160008 1.465456, -13.186858 1.501519, -13.213708 1.537582, -13.240560 1.573645, -13.267412 1.609707, -13.294266 1.645769, -13.321120 1.681830, -13.347976 1.717891, -13.374832 1.753952, -13.401689 1.790012, -13.428548 1.826072, -13.455408 1.862132, -13.482268 1.898191, -13.509130 1.934250, -13.535993 1.970308, -13.562857 2.006366, -13.589722 2.042424, -13.616589 2.078481, -13.643457 2.114537, -13.670326 2.150593, -13.697196 2.186649, -13.724067 2.222704, -13.750940 2.258759, -13.777814 2.294813, -13.804690 2.330866, -13.831567 2.366919, -13.858445 2.402972, -13.885325 2.439024, -13.912206 2.475076, -13.939089 2.511127, -13.965973 2.547177, -13.992859 2.583227, -14.019746 2.619276, -14.046634 2.655325, -14.073525 2.691373, -14.100417 2.727421, -14.127310 2.763468, -14.154205 2.799514, -14.181102 2.835560, -14.208000 2.871605, -14.234900 2.907649, -14.261802 2.943693, -14.288706 2.979737, -14.315611 3.015779, -14.342518 3.051821, -14.369427 3.087862, -14.396338 3.123903, -14.423251 3.159943, -14.450165 3.195982, -14.477082 3.232020, -14.504000 3.268058, -14.530920 3.304095, -14.557842 3.340131, -14.584767 3.376167, -14.611693 3.412201, -14.638621 3.448236, -14.665551 3.484269, -14.692483 3.520301, -14.719418 3.556333, -14.746354 3.592364, -14.773293 3.628394, -14.800234 3.664424, -14.827176 3.700452, -14.854122 3.736480, -14.881069 3.772507, -14.908018 3.808533, -14.934970 3.844558, -14.961924 3.880583, -14.988881 3.916606, -15.015839 3.952629, -15.042800 3.988651, -15.069764 4.024671, -15.096730 4.060692, -15.123698 4.096711, -15.150669 4.132729, -15.177642 4.168746, -15.204617 4.204763, -15.231595 4.240778, -15.258576 4.276793, -15.285559 4.312806, -15.312545 4.348819, -15.339533 4.384831, -15.366524 4.420841, -15.393517 4.456851, -15.420513 4.492860, -15.447512 4.528868, -15.474513 4.564874, -15.501518 4.600880, -15.528524 4.636885, -15.555534 4.672888, -15.582547 4.708891, -15.609562 4.744893, -15.636580 4.780893, -15.663601 4.816893, -15.690624 4.852891, -15.717651 4.888889, -15.744681 4.924885, -15.771713 4.960880, -15.798749 4.996874, -15.825787 5.032867, -15.852828 5.068859, -15.879873 5.104850, -15.906920 5.140839, -15.933971 5.176828, -15.961024 5.212815, -15.988081 5.248801, -16.015141 5.284786, -16.042203 5.320770, -16.069270 5.356753, -16.096339 5.392734, -16.123411 5.428715, -16.150487 5.464694, -16.177566 5.500672, -16.204648 5.536648, -16.231734 5.572624, -16.258823 5.608598, -16.285915 5.644571, -16.313010 5.680543, -16.340109 5.716513, -16.367212 5.752482, -16.394318 5.788450, -16.421427 5.824417, -16.448540 5.860382, -16.475656 5.896346, -16.502775 5.932308, -16.529899 5.968270, -16.557026 6.004230, -16.584156 6.040188, -16.611290 6.076146, -16.638428 6.112102, -16.665569 6.148056, -16.692714 6.184010, -16.719862 6.219962, -16.747015 6.255912, -16.774171 6.291861, -16.801331 6.327809, -16.828494 6.363755, -16.855662 6.399700, -16.882833 6.435643, -16.910008 6.471585, -16.937187 6.507526, -16.964370 6.543465, -16.991557 6.579403, -17.018747 6.615339, -17.045942 6.651274, -17.073141 6.687207, -17.100343 6.723139, -17.127550 6.759069, -17.154761 6.794997, -17.181975 6.830925, -17.209194 6.866850, -17.236417 6.902774, -17.263644 6.938697, -17.290875 6.974618, -17.318111 7.010538, -17.345350 7.046455, -17.372594 7.082372, -17.399842 7.118287, -17.427095 7.154200, -17.454351 7.190111, -17.481612 7.226021, -17.508878 7.261929, -17.536147 7.297836, -17.563421 7.333741, -17.590700 7.369645, -17.617983 7.405546, -17.645270 7.441447, -17.672562 7.477345, -17.699858 7.513242, -17.727159 7.549137, -17.754464 7.585030, -17.781774 7.620922, -17.809088 7.656812, -17.836407 7.692700, -17.863731 7.728586, -17.891059 7.764471, -17.918392 7.800354, -17.945730 7.836236, -17.973072 7.872115, -18.000419 7.907993, -18.027771 7.943869, -18.055128 7.979743, -18.082489 8.015615, -18.109855 8.051486, -18.137226 8.087355, -18.164602 8.123222, -18.191983 8.159087, -18.219369 8.194950, -18.246760 8.230811, -18.274156 8.266671, -18.301556 8.302529, -18.328962 8.338385, -18.356373 8.374238, -18.383788 8.410091, -18.411209 8.445941, -18.438635 8.481789, -18.466066 8.517635, -18.493502 8.553480, -18.520944 8.589322, -18.548390 8.625163, -18.575842 8.661001, -18.603299 8.696838, -18.630761 8.732673, -18.658229 8.768505, -18.685701 8.804336, -18.713179 8.840165, -18.740663 8.875991, -18.768152 8.911816, -18.795646 8.947639, -18.823146 8.983459, -18.850651 9.019278, -18.878161 9.055095, -18.905677 9.090909, -18.933199 9.126722, -18.960726 9.162532, -18.988258 9.198340, -19.015797 9.234147, -19.043340 9.269951, -19.070890 9.305753, -19.098445 9.341553, -19.126005 9.377350, -19.153572 9.413146, -19.181144 9.448940, -19.208722 9.484731, -19.236305 9.520520, -19.263895 9.556307, -19.291490 9.592092, -19.319091 9.627875, -19.346698 9.663655, -19.374310 9.699433, -19.401929 9.735210, -19.429554 9.770983, -19.457184 9.806755, -19.484820 9.842524, -19.512463 9.878292, -19.540111 9.914056, -19.567766 9.949819, -19.595426 9.985579, -19.623093 10.021337, -19.650766 10.057093, -19.678444 10.092847, -19.706129 10.128598, -19.733820 10.164347, -19.761518 10.200093, -19.789221 10.235837, -19.816931 10.271579, -19.844647 10.307319, -19.872370 10.343056, -19.900098 10.378791, -19.927833 10.414523, -19.955575 10.450253, -19.983322 10.485981, -20.011077 10.521706, -20.038837 10.557429, -20.066604 10.593149, -20.094378 10.628867, -20.122158 10.664583, -20.149944 10.700296, -20.177737 10.736006, -20.205537 10.771714, -20.233343 10.807420, -20.261156 10.843123, -20.288975 10.878824, -20.316802 10.914522, -20.344634 10.950218, -20.372474 10.985911, -20.400320 11.021601, -20.428173 11.057289, -20.456033 11.092975, -20.483900 11.128658, -20.511773 11.164338, -20.539654 11.200016, -20.567541 11.235691, -20.595435 11.271364, -20.623336 11.307034, -20.651244 11.342701, -20.679159 11.378366, -20.707081 11.414028, -20.735010 11.449688, -20.762946 11.485344, -20.790889 11.520999, -20.818839 11.556650, -20.846796 11.592299, -20.874760 11.627945, -20.902732 11.663589, -20.930711 11.699229, -20.958697 11.734867, -20.986690 11.770503, -21.014690 11.806135, -21.042698 11.841765, -21.070713 11.877392, -21.098735 11.913017, -21.126765 11.948638, -21.154802 11.984257, -21.182847 12.019873, -21.210898 12.055486, -21.238958 12.091097, -21.267025 12.126704, -21.295099 12.162309, -21.323181 12.197911, -21.351270 12.233510, -21.379367 12.269106, -21.407472 12.304700, -21.435584 12.340290, -21.463704 12.375878, -21.491831 12.411463, -21.519966 12.447045, -21.548109 12.482623, -21.576260 12.518199, -21.604418 12.553773, -21.632584 12.589343, -21.660758 12.624910, -21.688940 12.660474, -21.717130 12.696035, -21.745327 12.731594, -21.773533 12.767149, -21.801746 12.802701, -21.829967 12.838251, -21.858197 12.873797, -21.886434 12.909340, -21.914679 12.944881, -21.942933 12.980418, -21.971194 13.015952, -21.999464 13.051483, -22.027742 13.087011, -22.056027 13.122536, -22.084322 13.158058, -22.112624 13.193577, -22.140934 13.229092, -22.169253 13.264605, -22.197580 13.300114, -22.225915 13.335621, -22.254259 13.371124, -22.282611 13.406624, -22.310971 13.442121, -22.339340 13.477614, -22.367717 13.513105, -22.396103 13.548592, -22.424497 13.584076, -22.452900 13.619557, -22.481311 13.655035, -22.509731 13.690509, -22.538159 13.725980, -22.566596 13.761448, -22.595041 13.796913, -22.623495 13.832374, -22.651958 13.867832, -22.680430 13.903287, -22.708910 13.938738, -22.737399 13.974187, -22.765897 14.009631, -22.794403 14.045073, -22.822919 14.080511, -22.851443 14.115946, -22.879976 14.151377, -22.908518 14.186806, -22.937069 14.222230, -22.965629 14.257652, -22.994197 14.293070, -23.022775 14.328484, -23.051362 14.363895, -23.079958 14.399303, -23.108563 14.434707, -23.137177 14.470108, -23.165800 14.505505, -23.194433 14.540899, -23.223074 14.576290, -23.251725 14.611676, -23.280385 14.647060, -23.309054 14.682440, -23.337733 14.717816, -23.366421 14.753189, -23.395118 14.788558, -23.423824 14.823924, -23.452540 14.859286, -23.481265 14.894645, -23.510000 14.930000, -23.485491 14.968210, -23.460973 15.006417, -23.436447 15.044622, -23.411912 15.082823, -23.387368 15.121023, -23.362815 15.159219, -23.338253 15.197413, -23.313682 15.235605, -23.289103 15.273793, -23.264514 15.311979, -23.239917 15.350163, -23.215310 15.388343, -23.190695 15.426521, -23.166070 15.464696, -23.141436 15.502869, -23.116794 15.541038, -23.092142 15.579205, -23.067481 15.617370, -23.042810 15.655531, -23.018131 15.693690, -22.993442 15.731846, -22.968744 15.769999, -22.944037 15.808149, -22.919320 15.846297, -22.894594 15.884442, -22.869859 15.922584, -22.845114 15.960723, -22.820360 15.998859, -22.795597 16.036993, -22.770824 16.075123, -22.746041 16.113251, -22.721249 16.151376, -22.696448 16.189498, -22.671636 16.227617, -22.646815 16.265734, -22.621985 16.303847, -22.597145 16.341957, -22.572295 16.380065, -22.547436 16.418170, -22.522566 16.456272, -22.497687 16.494370, -22.472798 16.532466, -22.447900 16.570559, -22.422991 16.608649, -22.398073 16.646736, -22.373144 16.684820, -22.348206 16.722901, -22.323258 16.760979, -22.298300 16.799054, -22.273332 16.837127, -22.248353 16.875196, -22.223365 16.913262, -22.198367 16.951325, -22.173358 16.989384, -22.148339 17.027441, -22.123311 17.065495, -22.098271 17.103546, -22.073222 17.141594, -22.048163 17.179638, -22.023093 17.217680, -21.998012 17.255718, -21.972922 17.293753, -21.947821 17.331786, -21.922710 17.369815, -21.897588 17.407840, -21.872456 17.445863, -21.847313 17.483883, -21.822160 17.521899, -21.796996 17.559913, -21.771822 17.597923, -21.746637 17.635930, -21.721441 17.673933, -21.696235 17.711934, -21.671018 17.749931, -21.645791 17.787925, -21.620552 17.825916, -21.595303 17.863903, -21.570044 17.901888, -21.544773 17.939869, -21.519491 17.977847, -21.494199 18.015821, -21.468896 18.053792, -21.443581 18.091760, -21.418256 18.129725, -21.392920 18.167686, -21.367573 18.205644, -21.342214 18.243599, -21.316845 18.281550, -21.291465 18.319498, -21.266073 18.357443, -21.240670 18.395384, -21.215256 18.433322, -21.189831 18.471257, -21.164395 18.509188, -21.138947 18.547116, -21.113488 18.585040, -21.088018 18.622961, -21.062536 18.660878, -21.037043 18.698792, -21.011539 18.736703, -20.986023 18.774610, -20.960495 18.812514, -20.934956 18.850414, -20.909406 18.888311, -20.883844 18.926204, -20.858270 18.964093, -20.832685 19.001980, -20.807088 19.039862, -20.781480 19.077741, -20.755859 19.115617, -20.730227 19.153489, -20.704583 19.191358, -20.678928 19.229223, -20.653260 19.267084, -20.627581 19.304942, -20.601890 19.342796, -20.576187 19.380647, -20.550472 19.418494, -20.524745 19.456337, -20.499005 19.494177, -20.473254 19.532013, -20.447491 19.569845, -20.421716 19.607674, -20.395929 19.645499, -20.370129 19.683321, -20.344317 19.721138, -20.318493 19.758953, -20.292657 19.796763, -20.266809 19.834570, -20.240948 19.872373, -20.215075 19.910172, -20.189189 19.947967, -20.163292 19.985759, -20.137381 20.023547, -20.111458 20.061331, -20.085523 20.099111, -20.059575 20.136888, -20.033615 20.174661, -20.007642 20.212430, -19.981657 20.250195, -19.955659 20.287956, -19.929648 20.325714, -19.903624 20.363467, -19.877588 20.401217, -19.851539 20.438963, -19.825477 20.476705, -19.799403 20.514443, -19.773315 20.552178, -19.747215 20.589908, -19.721101 20.627634, -19.694975 20.665357, -19.668836 20.703076, -19.642684 20.740790, -19.616519 20.778501, -19.590340 20.816208, -19.564149 20.853910, -19.537944 20.891609, -19.511727 20.929304, -19.485496 20.966995, -19.459251 21.004681, -19.432994 21.042364, -19.406723 21.080043, -19.380439 21.117717, -19.354142 21.155388, -19.327831 21.193054, -19.301507 21.230717, -19.275169 21.268375, -19.248818 21.306030, -19.222454 21.343680, -19.196076 21.381326, -19.169684 21.418968, -19.143278 21.456605, -19.116860 21.494239, -19.090427 21.531869, -19.063981 21.569494, -19.037520 21.607115, -19.011047 21.644732, -18.984559 21.682345, -18.958058 21.719953, -18.931542 21.757558, -18.905013 21.795158, -18.878470 21.832754, -18.851913 21.870345, -18.825342 21.907933, -18.798756 21.945516, -18.772157 21.983095, -18.745544 22.020669, -18.718917 22.058239, -18.692275 22.095805, -18.665619 22.133367, -18.638949 22.170924, -18.612265 22.208477, -18.585567 22.246026, -18.558854 22.283570, -18.532127 22.321110, -18.505385 22.358645, -18.478629 22.396176, -18.451859 22.433703, -18.425074 22.471225, -18.398275 22.508743, -18.371461 22.546256, -18.344632 22.583765, -18.317789 22.621270, -18.290931 22.658770, -18.264059 22.696266, -18.237172 22.733757, -18.210270 22.771243, -18.183353 22.808725, -18.156422 22.846203, -18.129475 22.883676, -18.102514 22.921144, -18.075538 22.958608, -18.048547 22.996067, -18.021541 23.033522, -17.994520 23.070972, -17.967484 23.108418, -17.940432 23.145859, -17.913366 23.183295, -17.886284 23.220727, -17.859188 23.258154, -17.832076 23.295576, -17.804949 23.332994, -17.777806 23.370407, -17.750649 23.407816, -17.723475 23.445219, -17.696287 23.482618, -17.669083 23.520013, -17.641864 23.557402, -17.614629 23.594787, -17.587378 23.632167, -17.560112 23.669543, -17.532831 23.706913, -17.505534 23.744279, -17.478221 23.781640, -17.450892 23.818996, -17.423548 23.856347, -17.396188 23.893694, -17.368812 23.931035, -17.341420 23.968372, -17.314013 24.005704, -17.286589 24.043031, -17.259150 24.080353, -17.231695 24.117671, -17.204223 24.154983, -17.176736 24.192290, -17.149232 24.229593, -17.121712 24.266891, -17.094177 24.304183, -17.066625 24.341471, -17.039056 24.378753, -17.011472 24.416031, -16.983871 24.453304, -16.956254 24.490572, -16.928620 24.527834, -16.900970 24.565092, -16.873304 24.602344, -16.845621 24.639592, -16.817922 24.676834, -16.790206 24.714072, -16.762473 24.751304, -16.734724 24.788531, -16.706959 24.825753, -16.679176 24.862970, -16.651377 24.900182, -16.623561 24.937388, -16.595728 24.974590, -16.567879 25.011786, -16.540012 25.048977, -16.512129 25.086163, -16.484228 25.123344, -16.456311 25.160519, -16.428377 25.197689, -16.400425 25.234854, -16.372457 25.272014, -16.344471 25.309168, -16.316469 25.346317, -16.288449 25.383461, -16.260411 25.420600, -16.232357 25.457733, -16.204285 25.494861, -16.176196 25.531983, -16.148089 25.569100, -16.119965 25.606212, -16.091824 25.643318, -16.063665 25.680419, -16.035488 25.717515, -16.007294 25.754605, -15.979083 25.791690, -15.950853 25.828769, -15.922606 25.865843, -15.894341 25.902911, -15.866059 25.939974, -15.837759 25.977032, -15.809440 26.014083, -15.781104 26.051130, -15.752750 26.088171, -15.724379 26.125206, -15.695989 26.162236, -15.667581 26.199260, -15.639155 26.236278, -15.610711 26.273291, -15.582248 26.310299, -15.553768 26.347300, -15.525269 26.384296, -15.496752 26.421287, -15.468217 26.458272, -15.439663 26.495251, -15.411091 26.532224, -15.382501 26.569192, -15.353892 26.606154, -15.325265 26.643110, -15.296619 26.680061, -15.267955 26.717006, -15.239272 26.753945, -15.210570 26.790878, -15.181850 26.827806, -15.153111 26.864727, -15.124353 26.901643, -15.095576 26.938553, -15.066780 26.975457, -15.037966 27.012356, -15.009133 27.049248, -14.980280 27.086135, -14.951409 27.123016, -14.922519 27.159890, -14.893609 27.196759, -14.864681 27.233622, -14.835733 27.270479, -14.806766 27.307330, -14.777780 27.344175, -14.748775 27.381014, -14.719750 27.417847, -14.690706 27.454674, -14.661642 27.491496, -14.632559 27.528311, -14.603457 27.565119, -14.574335 27.601922, -14.545193 27.638719, -14.516032 27.675510, -14.486851 27.712294, -14.457651 27.749073, -14.428431 27.785845, -14.399191 27.822611, -14.369931 27.859371, -14.340651 27.896125, -14.311352 27.932873, -14.282032 27.969614, -14.252693 28.006350, -14.223333 28.043079, -14.193954 28.079801, -14.164554 28.116518, -14.135135 28.153228, -14.105695 28.189932, -14.076235 28.226630, -14.046754 28.263321, -14.017253 28.300006, -13.987732 28.336684, -13.958191 28.373357, -13.928629 28.410023, -13.899047 28.446682, -13.869444 28.483335, -13.839821 28.519982, -13.810176 28.556622, -13.780512 28.593256, -13.750827 28.629883, -13.721120 28.666504, -13.691394 28.703119, -13.661646 28.739726, -13.631878 28.776328, -13.602088 28.812923, -13.572278 28.849511, -13.542447 28.886093, -13.512594 28.922668, -13.482721 28.959237, -13.452826 28.995798, -13.422911 29.032354, -13.392974 29.068903, -13.363016 29.105445, -13.333037 29.141980, -13.303036 29.178509, -13.273014 29.215031, -13.242970 29.251546, -13.212906 29.288055, -13.182819 29.324557, -13.152711 29.361052, -13.122582 29.397540, -13.092431 29.434022, -13.062258 29.470497, -13.032063 29.506965, -13.001847 29.543426, -12.971609 29.579880, -12.941349 29.616328, -12.911067 29.652768, -12.880763 29.689202, -12.850438 29.725629, -12.820090 29.762048, -12.789720 29.798461, -12.759328 29.834867, -12.728914 29.871266, -12.698478 29.907659, -12.668019 29.944044, -12.637538 29.980422, -12.607035 30.016793, -12.576510 30.053157, -12.545962 30.089514, -12.515391 30.125864, -12.484798 30.162206, -12.454183 30.198542, -12.423545 30.234871, -12.392884 30.271192, -12.362200 30.307506, -12.331494 30.343813, -12.300765 30.380113, -12.270013 30.416406, -12.239239 30.452692, -12.208441 30.488970, -12.177620 30.525241, -12.146777 30.561505, -12.115910 30.597761, -12.085020 30.634011, -12.054107 30.670253, -12.023171 30.706487, -11.992212 30.742715, -11.961229 30.778934, -11.930223 30.815147, -11.899194 30.851352, -11.868141 30.887550, -11.837065 30.923740, -11.805965 30.959923, -11.774841 30.996099, -11.743694 31.032267, -11.712524 31.068427, -11.681329 31.104580, -11.650111 31.140726, -11.618869 31.176863, -11.587603 31.212994, -11.556314 31.249117, -11.525000 31.285232, -11.493662 31.321340, -11.462301 31.357440, -11.430915 31.393532, -11.399505 31.429617, -11.368071 31.465694, -11.336613 31.501763, -11.305130 31.537825, -11.273623 31.573879, -11.242092 31.609925, -11.210536 31.645963, -11.178956 31.681994, -11.147351 31.718017, -11.115722 31.754032, -11.084068 31.790040, -11.052389 31.826039, -11.020686 31.862031, -10.988958 31.898014, -10.957205 31.933990, -10.925427 31.969958, -10.893625 32.005918, -10.861797 32.041870, -10.829944 32.077814, -10.798067 32.113751, -10.766164 32.149679, -10.734236 32.185599, -10.702283 32.221511, -10.670305 32.257415, -10.638301 32.293311, -10.606272 32.329199, -10.574217 32.365079, -10.542138 32.400951, -10.510032 32.436814, -10.477901 32.472670, -10.445745 32.508517, -10.413563 32.544356, -10.381355 32.580187, -10.349121 32.616010, -10.316862 32.651824, -10.284576 32.687630, -10.252265 32.723428, -10.219928 32.759218, -10.187565 32.794999, -10.155176 32.830772, -10.122760 32.866536, -10.090319 32.902293, -10.057851 32.938041, -10.025357 32.973780, -9.992837 33.009511, -9.960291 33.045234, -9.927718 33.080948, -9.895118 33.116653, -9.862492 33.152351, -9.829840 33.188039, -9.797161 33.223719, -9.764455 33.259391, -9.731722 33.295054, -9.698963 33.330708, -9.666177 33.366354, -9.633364 33.401991, -9.600524 33.437620, -9.567657 33.473240, -9.534763 33.508851, -9.501842 33.544453, -9.468894 33.580047, -9.435919 33.615632, -9.402916 33.651209, -9.369887 33.686776, -9.336829 33.722335, -9.303745 33.757885, -9.270633 33.793426, -9.237493 33.828958, -9.204326 33.864481, -9.171131 33.899996, -9.137909 33.935501, -9.104659 33.970998, -9.071381 34.006486, -9.038076 34.041964, -9.004742 34.077434, -8.971381 34.112895, -8.937991 34.148346, -8.904574 34.183789, -8.871128 34.219222, -8.837655 34.254647, -8.804153 34.290062, -8.770623 34.325469, -8.737064 34.360866, -8.703477 34.396254, -8.669862 34.431632, -8.636218 34.467002, -8.602546 34.502362, -8.568845 34.537713, -8.535116 34.573055, -8.501358 34.608388, -8.467571 34.643711, -8.433756 34.679025, -8.399911 34.714329, -8.366038 34.749624, -8.332135 34.784910, -8.298204 34.820187, -8.264244 34.855453, -8.230254 34.890711, -8.196235 34.925959, -8.162187 34.961198, -8.128110 34.996427, -8.094004 35.031646, -8.059868 35.066856, -8.025702 35.102056, -7.991507 35.137247, -7.957283 35.172428, -7.923028 35.207600, -7.888745 35.242762, -7.854431 35.277914, -7.820088 35.313056, -7.785714 35.348189, -7.751311 35.383312, -7.716878 35.418426, -7.682415 35.453529, -7.647922 35.488623, -7.613398 35.523707, -7.578845 35.558781, -7.544261 35.593845, -7.509647 35.628899, -7.475002 35.663944, -7.440328 35.698978, -7.405622 35.734002, -7.370886 35.769017, -7.336120 35.804022, -7.301323 35.839016, -7.266495 35.874000, -7.231636 35.908975, -7.196747 35.943939, -7.161826 35.978893, -7.126875 36.013837, -7.091893 36.048771, -7.056879 36.083695, -7.021835 36.118609, -6.986759 36.153512, -6.951652 36.188405, -6.916514 36.223288, -6.881345 36.258161, -6.846144 36.293023, -6.810911 36.327875, -6.775648 36.362716, -6.740352 36.397548, -6.705025 36.432368, -6.669666 36.467179, -6.634276 36.501979, -6.598853 36.536768, -6.563399 36.571547, -6.527913 36.606316, -6.492394 36.641074, -6.456844 36.675821, -6.421261 36.710558, -6.385647 36.745284, -6.350000 36.780000))
