MULTILINESTRING ((-1.400000 50.910000, -1.448567 50.877168, -1.497066 50.844316, -1.545497 50.811444, -1.593860 50.778552, -1.642154 50.745640, -1.690381 50.712709, -1.738540 50.679757, -1.786632 50.646785, -1.834656 50.613794, -1.882612 50.580783, -1.930501 50.547752, -1.978324 50.514702, -2.026079 50.481632, -2.073768 50.448543, -2.121390 50.415434, -2.168945 50.382305, -2.216434 50.349158, -2.263857 50.315991, -2.311213 50.282805, -2.358504 50.249599, -2.405729 50.216375, -2.452887 50.183131, -2.499981 50.149868, -2.547009 50.116587, -2.593971 50.083286, -2.640868 50.049966, -2.687700 50.016628, -2.734468 49.983270, -2.781170 49.949894, -2.827808 49.916499, -2.874381 49.883086, -2.920889 49.849654, -2.967334 49.816203, -3.013714 49.782734, -3.060030 49.749246, -3.106282 49.715740, -3.152470 49.682215, -3.198595 49.648672, -3.244656 49.615111, -3.290654 49.581532, -3.336588 49.547934, -3.382460 49.514318, -3.428268 49.480684, -3.474013 49.447032, -3.519696 49.413362, -3.565316 49.379674, -3.610873 49.345968, -3.656368 49.312245, -3.701801 49.278503, -3.747172 49.244744, -3.792480 49.210966, -3.837727 49.177172, -3.882912 49.143359, -3.928036 49.109529, -3.973097 49.075681, -4.018098 49.041816, -4.063037 49.007933, -4.107915 48.974033, -4.152732 48.940116, -4.197488 48.906181, -4.242184 48.872229, -4.286819 48.838260, -4.331393 48.804273, -4.375907 48.770269, -4.420360 48.736249, -4.464754 48.702211, -4.509087 48.668156, -4.553361 48.634084, -4.597574 48.599995, -4.641729 48.565889, -4.685823 48.531766, -4.729858 48.497627, -4.773834 48.463471, -4.817751 48.429298, -4.861609 48.395108, -4.905408 48.360902, -4.949148 48.326679, -4.992829 48.292440, -5.036452 48.258184, -5.080016 48.223911, -5.123522 48.189622, -5.166970 48.155317, -5.210359 48.120995, -5.253691 48.086657, -5.296965 48.052303, -5.340181 48.017933, -5.383340 47.983546, -5.426441 47.949143, -5.469485 47.914724, -5.512472 47.880289, -5.555401 47.845838, -5.598274 47.811372, -5.641089 47.776889, -5.683848 47.742390, -5.726550 47.707875, -5.769196 47.673345, -5.811785 47.638798, -5.854318 47.604236, -5.896795 47.569659, -5.939215 47.535065, -5.981580 47.500456, -6.023889 47.465832, -6.066142 47.431192, -6.108340 47.396536, -6.150482 47.361865, -6.192568 47.327179, -6.234600 47.292477, -6.276576 47.257760, -6.318498 47.223027, -6.360364 47.188279, -6.402176 47.153516, -6.443933 47.118738, -6.485635 47.083945, -6.527283 47.049136, -6.568876 47.014312, -6.610416 46.979474, -6.651901 46.944620, -6.693332 46.909752, -6.734710 46.874868, -6.776033 46.839970, -6.817303 46.805056, -6.858520 46.770128, -6.899683 46.735186, -6.940792 46.700228, -6.981849 46.665256, -7.022852 46.630269, -7.063803 46.595267, -7.104700 46.560251, -7.145545 46.525220, -7.186337 46.490175, -7.227076 46.455115, -7.267763 46.420041, -7.308398 46.384952, -7.348981 46.349849, -7.389511 46.314732, -7.429990 46.279601, -7.470416 46.244455, -7.510791 46.209295, -7.551114 46.174120, -7.591386 46.138932, -7.631606 46.103729, -7.671775 46.068513, -7.711892 46.033282, -7.751959 45.998037, -7.791974 45.962778, -7.831938 45.927506, -7.871852 45.892219, -7.911715 45.856919, -7.951527 45.821604, -7.991289 45.786276, -8.031001 45.750934, -8.070662 45.715579, -8.110273 45.680209, -8.149834 45.644826, -8.189345 45.609430, -8.228807 45.574020, -8.268218 45.538596, -8.307580 45.503158, -8.346892 45.467708, -8.386155 45.432243, -8.425369 45.396765, -8.464533 45.361274, -8.503649 45.325770, -8.542715 45.290252, -8.581732 45.254721, -8.620701 45.219176, -8.659620 45.183619, -8.698492 45.148048, -8.737314 45.112464, -8.776089 45.076867, -8.814815 45.041256, -8.853493 45.005633, -8.892123 44.969997, -8.930704 44.934347, -8.969238 44.898685, -9.007724 44.863010, -9.046163 44.827321, -9.084554 44.791620, -9.122897 44.755906, -9.161193 44.720180, -9.199442 44.684440, -9.237644 44.648688, -9.275798 44.612923, -9.313906 44.577145, -9.351967 44.541355, -9.389980 44.505552, -9.427948 44.469736, -9.465868 44.433908, -9.503742 44.398067, -9.541570 44.362214, -9.579352 44.326349, -9.617087 44.290471, -9.654776 44.254580, -9.692420 44.218677, -9.730017 44.182762, -9.767569 44.146835, -9.805075 44.110895, -9.842535 44.074943, -9.879950 44.038978, -9.917319 44.003002, -9.954643 43.967013, -9.991922 43.931013, -10.029156 43.895000, -10.066345 43.858975, -10.103489 43.822938, -10.140588 43.786889, -10.177642 43.750828, -10.214652 43.714755, -10.251617 43.678670, -10.288538 43.642573, -10.325414 43.606465, -10.362246 43.570344, -10.399034 43.534212, -10.435778 43.498068, -10.472478 43.461912, -10.509134 43.425744, -10.545746 43.389565, -10.582315 43.353374, -10.618839 43.317172, -10.655321 43.280958, -10.691759 43.244732, -10.728154 43.208495, -10.764505 43.172246, -10.800814 43.135986, -10.837079 43.099714, -10.873301 43.063431, -10.909481 43.027136, -10.945618 42.990830, -10.981712 42.954513, -11.017763 42.918184, -11.053772 42.881844, -11.089739 42.845493, -11.125663 42.809130, -11.161545 42.772757, -11.197385 42.736372, -11.233183 42.699976, -11.268939 42.663568, -11.304653 42.627150, -11.340325 42.590721, -11.375956 42.554280, -11.411545 42.517829, -11.447093 42.481366, -11.482599 42.444893, -11.518064 42.408409, -11.553487 42.371913, -11.588870 42.335407, -11.624211 42.298890, -11.659511 42.262362, -11.694771 42.225824, -11.729990 42.189274, -11.765168 42.152714, -11.800305 42.116143, -11.835402 42.079561, -11.870458 42.042969, -11.905474 42.006366, -11.940450 41.969752, -11.975386 41.933128, -12.010281 41.896493, -12.045137 41.859848, -12.079952 41.823192, -12.114728 41.786525, -12.149464 41.749849, -12.184160 41.713161, -12.218817 41.676464, -12.253434 41.639755, -12.288012 41.603037, -12.322550 41.566308, -12.357049 41.529569, -12.391509 41.492819, -12.425930 41.456060, -12.460312 41.419290, -12.494655 41.382509, -12.528959 41.345719, -12.563224 41.308918, -12.597451 41.272107, -12.631639 41.235287, -12.665789 41.198456, -12.699900 41.161614, -12.733973 41.124763, -12.768008 41.087902, -12.802004 41.051031, -12.835963 41.014150, -12.869883 40.977259, -12.903765 40.940358, -12.937610 40.903447, -12.971417 40.866526, -13.005186 40.829595, -13.038918 40.792655, -13.072612 40.755705, -13.106268 40.718745, -13.139888 40.681775, -13.173470 40.644795, -13.207014 40.607806, -13.240522 40.570807, -13.273993 40.533798, -13.307426 40.496780, -13.340823 40.459752, -13.374183 40.422714, -13.407506 40.385667, -13.440793 40.348610, -13.474043 40.311544, -13.507257 40.274468, -13.540434 40.237383, -13.573575 40.200289, -13.606679 40.163184, -13.639748 40.126071, -13.672780 40.088948, -13.705776 40.051816, -13.738737 40.014674, -13.771661 39.977523, -13.804550 39.940363, -13.837403 39.903193, -13.870221 39.866014, -13.903002 39.828826, -13.935749 39.791629, -13.968460 39.754423, -14.001135 39.717207, -14.033776 39.679982, -14.066381 39.642748, -14.098951 39.605505, -14.131486 39.568253, -14.163986 39.530992, -14.196452 39.493722, -14.228882 39.456442, -14.261278 39.419154, -14.293639 39.381857, -14.325966 39.344551, -14.358258 39.307236, -14.390515 39.269912, -14.422739 39.232579, -14.454928 39.195237, -14.487083 39.157886, -14.519203 39.120527, -14.551290 39.083159, -14.583343 39.045782, -14.615361 39.008396, -14.647346 38.971001, -14.679298 38.933598, -14.711215 38.896186, -14.743099 38.858766, -14.774949 38.821336, -14.806766 38.783898, -14.838550 38.746452, -14.870300 38.708997, -14.902017 38.671533, -14.933700 38.634061, -14.965351 38.596580, -14.996968 38.559091, -15.028553 38.521593, -15.060105 38.484086, -15.091624 38.446572, -15.123110 38.409048, -15.154563 38.371517, -15.185984 38.333977, -15.217372 38.296428, -15.248728 38.258872, -15.280051 38.221307, -15.311342 38.183733, -15.342601 38.146152, -15.373828 38.108562, -15.405022 38.070963, -15.436185 38.033357, -15.467315 37.995742, -15.498414 37.958120, -15.529480 37.920488, -15.560515 37.882849, -15.591518 37.845202, -15.622490 37.807547, -15.653430 37.769883, -15.684338 37.732211, -15.715215 37.694532, -15.746061 37.656844, -15.776875 37.619148, -15.807659 37.581444, -15.838410 37.543733, -15.869131 37.506013, -15.899821 37.468285, -15.930480 37.430550, -15.961108 37.392806, -15.991705 37.355055, -16.022271 37.317295, -16.052807 37.279528, -16.083312 37.241753, -16.113787 37.203971, -16.144231 37.166180, -16.174644 37.128382, -16.205027 37.090576, -16.235380 37.052762, -16.265703 37.014940, -16.295995 36.977111, -16.326258 36.939274, -16.356490 36.901429, -16.386692 36.863577, -16.416865 36.825717, -16.447007 36.787849, -16.477120 36.749974, -16.507203 36.712092, -16.537257 36.674201, -16.567280 36.636303, -16.597275 36.598398, -16.627239 36.560485, -16.657175 36.522565, -16.687081 36.484637, -16.716958 36.446702, -16.746806 36.408759, -16.776624 36.370809, -16.806413 36.332851, -16.836174 36.294886, -16.865905 36.256914, -16.895608 36.218935, -16.925282 36.180948, -16.954927 36.142953, -16.984543 36.104952, -17.014130 36.066943, -17.043689 36.028927, -17.073220 35.990903, -17.102722 35.952873, -17.132196 35.914835, -17.161641 35.876790, -17.191058 35.838738, -17.220447 35.800678, -17.249808 35.762612, -17.279140 35.724538, -17.308445 35.686457, -17.337721 35.648369, -17.366970 35.610275, -17.396191 35.572173, -17.425384 35.534063, -17.454550 35.495947, -17.483687 35.457824, -17.512797 35.419694, -17.541880 35.381557, -17.570935 35.343413, -17.599963 35.305262, -17.628963 35.267104, -17.657936 35.228940, -17.686881 35.190768, -17.715800 35.152589, -17.744691 35.114404, -17.773556 35.076212, -17.802393 35.038012, -17.831203 34.999807, -17.859987 34.961594, -17.888744 34.923374, -17.917473 34.885148, -17.946177 34.846915, -17.974853 34.808675, -18.003503 34.770429, -18.032126 34.732176, -18.060723 34.693916, -18.089294 34.655649, -18.117838 34.617376, -18.146355 34.579096, -18.174847 34.540809, -18.203312 34.502516, -18.231751 34.464217, -18.260164 34.425910, -18.288551 34.387598, -18.316912 34.349278, -18.345248 34.310952, -18.373557 34.272620, -18.401840 34.234281, -18.430098 34.195935, -18.458330 34.157583, -18.486536 34.119225, -18.514717 34.080860, -18.542873 34.042489, -18.571002 34.004111, -18.599107 33.965727, -18.627186 33.927337, -18.655240 33.888940, -18.683268 33.850537, -18.711271 33.812128, -18.739250 33.773712, -18.767203 33.735290, -18.795131 33.696861, -18.823034 33.658427, -18.850912 33.619986, -18.878765 33.581538, -18.906594 33.543085, -18.934398 33.504625, -18.962177 33.466159, -18.989931 33.427687, -19.017661 33.389209, -19.045366 33.350725, -19.073047 33.312234, -19.100703 33.273738, -19.128335 33.235235, -19.155943 33.196726, -19.183526 33.158211, -19.211085 33.119690, -19.238620 33.081163, -19.266131 33.042630, -19.293618 33.004091, -19.321081 32.965545, -19.348520 32.926994, -19.375935 32.888437, -19.403326 32.849874, -19.430693 32.811305, -19.458037 32.772730, -19.485356 32.734149, -19.512653 32.695562, -19.539925 32.656969, -19.567174 32.618370, -19.594400 32.579765, -19.621602 32.541155, -19.648781 32.502539, -19.675936 32.463916, -19.703068 32.425288, -19.730177 32.386655, -19.757263 32.348015, -19.784326 32.309370, -19.811365 32.270718, -19.838382 32.232062, -19.865375 32.193399, -19.892346 32.154731, -19.919294 32.116056, -19.946218 32.077377, -19.973121 32.038691, -20.000000 32.000000, -20.019152 31.958107, -20.038287 31.916210, -20.057404 31.874311, -20.076504 31.832409, -20.095587 31.790505, -20.114652 31.748597, -20.133700 31.706687, -20.152731 31.664773, -20.171745 31.622857, -20.190742 31.580938, -20.209721 31.539017, -20.228684 31.497092, -20.247629 31.455165, -20.266558 31.413235, -20.285469 31.371302, -20.304364 31.329366, -20.323242 31.287428, -20.342103 31.245486, -20.360947 31.203542, -20.379775 31.161596, -20.398586 31.119646, -20.417380 31.077694, -20.436158 31.035739, -20.454920 30.993782, -20.473664 30.951822, -20.492393 30.909859, -20.511105 30.867893, -20.529800 30.825924, -20.548479 30.783953, -20.567142 30.741980, -20.585789 30.700003, -20.604419 30.658024, -20.623033 30.616042, -20.641631 30.574058, -20.660213 30.532071, -20.678779 30.490081, -20.697329 30.448089, -20.715863 30.406094, -20.734381 30.364097, -20.752883 30.322097, -20.771370 30.280094, -20.789840 30.238089, -20.808295 30.196081, -20.826734 30.154070, -20.845157 30.112057, -20.863564 30.070041, -20.881956 30.028023, -20.900333 29.986003, -20.918693 29.943979, -20.937039 29.901953, -20.955369 29.859925, -20.973683 29.817894, -20.991982 29.775861, -21.010266 29.733825, -21.028534 29.691786, -21.046787 29.649745, -21.065025 29.607702, -21.083247 29.565656, -21.101455 29.523607, -21.119647 29.481557, -21.137824 29.439503, -21.155986 29.397447, -21.174133 29.355389, -21.192266 29.313328, -21.210383 29.271265, -21.228485 29.229199, -21.246573 29.187131, -21.264645 29.145061, -21.282703 29.102988, -21.300746 29.060912, -21.318774 29.018835, -21.336788 28.976754, -21.354787 28.934672, -21.372771 28.892587, -21.390741 28.850500, -21.408697 28.808410, -21.426637 28.766318, -21.444564 28.724223, -21.462476 28.682126, -21.480373 28.640027, -21.498256 28.597926, -21.516125 28.555822, -21.533980 28.513716, -21.551820 28.471607, -21.569646 28.429496, -21.587458 28.387383, -21.605255 28.345267, -21.623039 28.303150, -21.640809 28.261029, -21.658564 28.218907, -21.676306 28.176782, -21.694033 28.134655, -21.711747 28.092526, -21.729446 28.050394, -21.747132 28.008261, -21.764804 27.966125, -21.782463 27.923986, -21.800107 27.881846, -21.817738 27.839703, -21.835355 27.797558, -21.852958 27.755410, -21.870548 27.713261, -21.888124 27.671109, -21.905687 27.628955, -21.923236 27.586799, -21.940771 27.544641, -21.958293 27.502480, -21.975802 27.460317, -21.993297 27.418152, -22.010779 27.375985, -22.028248 27.333816, -22.045703 27.291644, -22.063146 27.249471, -22.080574 27.207295, -22.097990 27.165117, -22.115393 27.122937, -22.132782 27.080754, -22.150159 27.038570, -22.167522 26.996384, -22.184872 26.954195, -22.202209 26.912004, -22.219534 26.869811, -22.236845 26.827616, -22.254144 26.785419, -22.271429 26.743220, -22.288702 26.701019, -22.305962 26.658815, -22.323209 26.616610, -22.340444 26.574402, -22.357666 26.532193, -22.374875 26.489981, -22.392072 26.447767, -22.409255 26.405551, -22.426427 26.363333, -22.443586 26.321113, -22.460732 26.278892, -22.477866 26.236668, -22.494987 26.194442, -22.512096 26.152213, -22.529193 26.109983, -22.546277 26.067751, -22.563349 26.025517, -22.580409 25.983281, -22.597456 25.941043, -22.614492 25.898803, -22.631515 25.856561, -22.648525 25.814317, -22.665524 25.772071, -22.682511 25.729823, -22.699485 25.687573, -22.716448 25.645321, -22.733398 25.603067, -22.750337 25.560811, -22.767264 25.518553, -22.784178 25.476294, -22.801081 25.434032, -22.817972 25.391768, -22.834851 25.349503, -22.851718 25.307235, -22.868574 25.264966, -22.885418 25.222695, -22.902250 25.180421, -22.919070 25.138146, -22.935879 25.095869, -22.952676 25.053590, -22.969462 25.011310, -22.986236 24.969027, -23.002999 24.926743, -23.019750 24.884456, -23.036489 24.842168, -23.053217 24.799878, -23.069934 24.757586, -23.086639 24.715292, -23.103333 24.672996, -23.120016 24.630699, -23.136687 24.588399, -23.153347 24.546098, -23.169996 24.503795, -23.186634 24.461490, -23.203261 24.419183, -23.219876 24.376875, -23.236480 24.334565, -23.253073 24.292252, -23.269656 24.249938, -23.286227 24.207623, -23.302787 24.165305, -23.319336 24.122986, -23.335874 24.080665, -23.352401 24.038342, -23.368918 23.996017, -23.385423 23.953691, -23.401918 23.911363, -23.418402 23.869033, -23.434875 23.826701, -23.451337 23.784368, -23.467789 23.742033, -23.484230 23.699696, -23.500660 23.657357, -23.517080 23.615017, -23.533489 23.572675, -23.549887 23.530331, -23.566275 23.487985, -23.582652 23.445638, -23.599019 23.403289, -23.615376 23.360938, -23.631722 23.318586, -23.648057 23.276232, -23.664383 23.233876, -23.680697 23.191519, -23.697002 23.149160, -23.713296 23.106799, -23.729580 23.064436, -23.745854 23.022072, -23.762117 22.979707, -23.778370 22.937339, -23.794613 22.894970, -23.810846 22.852599, -23.827069 22.810227, -23.843282 22.767853, -23.859485 22.725477, -23.875677 22.683100, -23.891860 22.640721, -23.908032 22.598340, -23.924195 22.555958, -23.940348 22.513574, -23.956491 22.471189, -23.972624 22.428802, -23.988747 22.386413, -24.004860 22.344023, -24.020964 22.301631, -24.037057 22.259238, -24.053141 22.216843, -24.069216 22.174447, -24.085280 22.132048, -24.101335 22.089649, -24.117380 22.047247, -24.133416 22.004845, -24.149442 21.962440, -24.165459 21.920034, -24.181466 21.877627, -24.197463 21.835218, -24.213451 21.792807, -24.229430 21.750395, -24.245399 21.707982, -24.261358 21.665566, -24.277309 21.623150, -24.293249 21.580732, -24.309181 21.538312, -24.325103 21.495891, -24.341016 21.453468, -24.356920 21.411044, -24.372815 21.368618, -24.388700 21.326191, -24.404576 21.283762, -24.420443 21.241332, -24.436301 21.198900, -24.452150 21.156467, -24.467989 21.114032, -24.483820 21.071596, -24.499641 21.029158, -24.515454 20.986719, -24.531257 20.944279, -24.547052 20.901837, -24.562838 20.859393, -24.578614 20.816949, -24.594382 20.774502, -24.610141 20.732055, -24.625891 20.689605, -24.641633 20.647155, -24.657365 20.604703, -24.673089 20.562249, -24.688804 20.519794, -24.704511 20.477338, -24.720208 20.434880, -24.735897 20.392421, -24.751578 20.349961, -24.767249 20.307499, -24.782913 20.265036, -24.798567 20.222571, -24.814213 20.180105, -24.829851 20.137637, -24.845480 20.095168, -24.861100 20.052698, -24.876712 20.010227, -24.892316 19.967754, -24.907911 19.925279, -24.923498 19.882804, -24.939077 19.840327, -24.954647 19.797848, -24.970209 19.755369, -24.985762 19.712887, -25.001308 19.670405, -25.016845 19.627921, -25.032374 19.585436, -25.047894 19.542950, -25.063407 19.500462, -25.078911 19.457973, -25.094407 19.415483, -25.109896 19.372991, -25.125376 19.330498, -25.140848 19.288004, -25.156312 19.245508, -25.171768 19.203011, -25.187216 19.160513, -25.202656 19.118013, -25.218088 19.075513, -25.233512 19.033011, -25.248928 18.990507, -25.264337 18.948003, -25.279737 18.905497, -25.295130 18.862990, -25.310515 18.820481, -25.325892 18.777972, -25.341262 18.735461, -25.356623 18.692948, -25.371977 18.650435, -25.387324 18.607920, -25.402662 18.565404, -25.417993 18.522887, -25.433317 18.480369, -25.448632 18.437849, -25.463940 18.395328, -25.479241 18.352806, -25.494534 18.310283, -25.509820 18.267758, -25.525098 18.225233, -25.540369 18.182706, -25.555632 18.140178, -25.570887 18.097648, -25.586136 18.055118, -25.601377 18.012586, -25.616610 17.970053, -25.631837 17.927519, -25.647056 17.884984, -25.662267 17.842447, -25.677472 17.799909, -25.692669 17.757371, -25.707859 17.714831, -25.723042 17.672289, -25.738217 17.629747, -25.753386 17.587204, -25.768547 17.544659, -25.783701 17.502113, -25.798848 17.459566, -25.813988 17.417018, -25.829121 17.374469, -25.844247 17.331918, -25.859366 17.289367, -25.874478 17.246814, -25.889583 17.204260, -25.904681 17.161705, -25.919772 17.119149, -25.934856 17.076592, -25.949933 17.034034, -25.965004 16.991475, -25.980067 16.948914, -25.995124 16.906353, -26.010174 16.863790, -26.025217 16.821226, -26.040254 16.778661, -26.055283 16.736095, -26.070306 16.693528, -26.085323 16.650960, -26.100332 16.608391, -26.115335 16.565821, -26.130332 16.523249, -26.145321 16.480677, -26.160304 16.438103, -26.175281 16.395529, -26.190251 16.352953, -26.205214 16.310376, -26.220171 16.267799, -26.235122 16.225220, -26.250066 16.182640, -26.265004 16.140059, -26.279935 16.097477, -26.294860 16.054894, -26.309778 16.012310, -26.324690 15.969725, -26.339596 15.927139, -26.354495 15.884552, -26.369388 15.841964, -26.384275 15.799375, -26.399155 15.756785, -26.414030 15.714194, -26.428898 15.671602, -26.443760 15.629009, -26.458615 15.586415, -26.473465 15.543819, -26.488308 15.501223, -26.503145 15.458626, -26.517976 15.416028, -26.532802 15.373429, -26.547621 15.330829, -26.562434 15.288228, -26.577240 15.245626, -26.592041 15.203023, -26.606836 15.160419, -26.621625 15.117814, -26.636408 15.075208, -26.651186 15.032602, -26.665957 14.989994, -26.680722 14.947385, -26.695482 14.904775, -26.710235 14.862165, -26.724983 14.819553, -26.739725 14.776941, -26.754462 14.734327, -26.769192 14.691713, -26.783917 14.649098, -26.798636 14.606481, -26.813349 14.563864, -26.828057 14.521246, -26.842759 14.478627, -26.857455 14.436007, -26.872146 14.393386, -26.886831 14.350765, -26.901510 14.308142, -26.916184 14.265519, -26.930853 14.222894, -26.945515 14.180269, -26.960173 14.137643, -26.974825 14.095016, -26.989471 14.052388, -27.004112 14.009759, -27.018747 13.967129, -27.033377 13.924498, -27.048002 13.881867, -27.062621 13.839235, -27.077235 13.796601, -27.091844 13.753967, -27.106447 13.711332, -27.121045 13.668697, -27.135638 13.626060, -27.150225 13.583423, -27.164807 13.540784, -27.179384 13.498145, -27.193956 13.455505, -27.208523 13.412864, -27.223084 13.370222, -27.237640 13.327580, -27.252191 13.284936, -27.266737 13.242292, -27.281278 13.199647, -27.295814 13.157001, -27.310345 13.114355, -27.324871 13.071707, -27.339391 13.029059, -27.353907 12.986410, -27.368418 12.943760, -27.382924 12.901109, -27.397424 12.858458, -27.411920 12.815806, -27.426411 12.773153, -27.440897 12.730499, -27.455378 12.687844, -27.469855 12.645189, -27.484326 12.602532, -27.498793 12.559875, -27.513255 12.517218, -27.527712 12.474559, -27.542164 12.431900, -27.556612 12.389240, -27.571055 12.346579, -27.585493 12.303917, -27.599927 12.261255, -27.614356 12.218592, -27.628780 12.175928, -27.643199 12.133263, -27.657614 12.090598, -27.672024 12.047932, -27.686430 12.005265, -27.700831 11.962597, -27.715228 11.919929, -27.729620 11.877260, -27.744008 11.834590, -27.758391 11.791920, -27.772770 11.749249, -27.787144 11.706577, -27.801514 11.663904, -27.815879 11.621231, -27.830240 11.578557, -27.844596 11.535882, -27.858949 11.493206, -27.873296 11.450530, -27.887640 11.407853, -27.901979 11.365176, -27.916314 11.322497, -27.930645 11.279818, -27.944971 11.237139, -27.959293 11.194458, -27.973611 11.151777, -27.987925 11.109096, -28.002234 11.066413, -28.016540 11.023730, -28.030841 10.981046, -28.045138 10.938362, -28.059431 10.895677, -28.073720 10.852991, -28.088005 10.810305, -28.102285 10.767618, -28.116562 10.724930, -28.130835 10.682242, -28.145103 10.639553, -28.159368 10.596863, -28.173629 10.554173, -28.187885 10.511482, -28.202138 10.468791, -28.216387 10.426098, -28.230632 10.383406, -28.244873 10.340712, -28.259110 10.298018, -28.273343 10.255323, -28.287573 10.212628, -28.301798 10.169932, -28.316020 10.127236, -28.330238 10.084539, -28.344453 10.041841, -28.358663 9.999142, -28.372870 9.956444, -28.387073 9.913744, -28.401273 9.871044, -28.415468 9.828343, -28.429660 9.785642, -28.443849 9.742940, -28.458033 9.700237, -28.472215 9.657534, -28.486392 9.614831, -28.500566 9.572126, -28.514737 9.529421, -28.528903 9.486716, -28.543067 9.444010, -28.557227 9.401304, -28.571383 9.358596, -28.585536 9.315889, -28.599685 9.273181, -28.613831 9.230472, -28.627974 9.187762, -28.642113 9.145053, -28.656249 9.102342, -28.670381 9.059631, -28.684510 9.016920, -28.698635 8.974208, -28.712758 8.931495, -28.726877 8.888782, -28.740993 8.846068, -28.755105 8.803354, -28.769214 8.760639, -28.783320 8.717924, -28.797423 8.675208, -28.811522 8.632492, -28.825619 8.589775, -28.839712 8.547058, -28.853802 8.504340, -28.867889 8.461622, -28.881972 8.418903, -28.896053 8.376184, -28.910131 8.333464, -28.924205 8.290744, -28.938276 8.248023, -28.952345 8.205302, -28.966410 8.162580, -28.980472 8.119858, -28.994532 8.077135, -29.008588 8.034412, -29.022641 7.991688, -29.036692 7.948964, -29.050739 7.906239, -29.064784 7.863514, -29.078826 7.820788, -29.092865 7.778062, -29.106901 7.735336, -29.120934 7.692609, -29.134964 7.649881, -29.148992 7.607153, -29.163016 7.564425, -29.177038 7.521696, -29.191057 7.478967, -29.205074 7.436237, -29.219087 7.393507, -29.233098 7.350777, -29.247107 7.308046, -29.261112 7.265314, -29.275115 7.222583, -29.289116 7.179850, -29.303113 7.137118, -29.317108 7.094385, -29.331101 7.051651, -29.345091 7.008917, -29.359078 6.966183, -29.373063 6.923448, -29.387045 6.880713, -29.401025 6.837977, -29.415002 6.795241, -29.428977 6.752505, -29.442949 6.709768, -29.456919 6.667031, -29.470886 6.624293, -29.484851 6.581555, -29.498814 6.538817, -29.512774 6.496078, -29.526732 6.453339, -29.540687 6.410600, -29.554640 6.367860, -29.568591 6.325119, -29.582539 6.282379, -29.596485 6.239638, -29.610429 6.196896, -29.624371 6.154155, -29.638310 6.111413, -29.652248 6.068670, -29.666183 6.025927, -29.680115 5.983184, -29.694046 5.940441, -29.707974 5.897697, -29.721901 5.854953, -29.735825 5.812208, -29.749747 5.769463, -29.763667 5.726718, -29.777585 5.683972, -29.791500 5.641227, -29.805414 5.598480, -29.819326 5.555734, -29.833236 5.512987, -29.847143 5.470240, -29.861049 5.427492, -29.874953 5.384744, -29.888854 5.341996, -29.902754 5.299248, -29.916652 5.256499, -29.930548 5.213750, -29.944442 5.171001, -29.958334 5.128251, -29.972225 5.085501, -29.986113 5.042751, -30.000000 5.000000, -30.007784 4.955727, -30.015567 4.911453, -30.023349 4.867180, -30.031130 4.822906, -30.038910 4.778633, -30.046689 4.734359, -30.054467 4.690085, -30.062244 4.645811, -30.070021 4.601537, -30.077796 4.557263, -30.085570 4.512989, -30.093343 4.468714, -30.101115 4.424440, -30.108887 4.380166, -30.116657 4.335891, -30.124426 4.291617, -30.132195 4.247342, -30.139963 4.203067, -30.147730 4.158792, -30.155495 4.114517, -30.163261 4.070243, -30.171025 4.025967, -30.178788 3.981692, -30.186551 3.937417, -30.194312 3.893142, -30.202073 3.848867, -30.209833 3.804591, -30.217593 3.760316, -30.225351 3.716040, -30.233109 3.671765, -30.240866 3.627489, -30.248622 3.583213, -30.256378 3.538937, -30.264132 3.494661, -30.271886 3.450385, -30.279640 3.406109, -30.287392 3.361833, -30.295144 3.317557, -30.302895 3.273281, -30.310646 3.229005, -30.318395 3.184729, -30.326145 3.140452, -30.333893 3.096176, -30.341641 3.051899, -30.349388 3.007623, -30.357135 2.963346, -30.364880 2.919070, -30.372626 2.874793, -30.380370 2.830516, -30.388115 2.786239, -30.395858 2.741962, -30.403601 2.697686, -30.411344 2.653409, -30.419085 2.609132, -30.426827 2.564855, -30.434567 2.520577, -30.442308 2.476300, -30.450047 2.432023, -30.457787 2.387746, -30.465525 2.343469, -30.473264 2.299191, -30.481001 2.254914, -30.488739 2.210637, -30.496475 2.166359, -30.504212 2.122082, -30.511948 2.077804, -30.519683 2.033527, -30.527418 1.989249, -30.535153 1.944971, -30.542887 1.900694, -30.550621 1.856416, -30.558354 1.812138, -30.566088 1.767860, -30.573820 1.723583, -30.581553 1.679305, -30.589285 1.635027, -30.597016 1.590749, -30.604748 1.546471, -30.612479 1.502193, -30.620209 1.457915, -30.627940 1.413637, -30.635670 1.369359, -30.643400 1.325081, -30.651129 1.280803, -30.658858 1.236525, -30.666587 1.192247, -30.674316 1.147969, -30.682045 1.103691, -30.689773 1.059412, -30.697501 1.015134, -30.705229 0.970856, -30.712957 0.926578, -30.720684 0.882300, -30.728411 0.838021, -30.736138 0.793743, -30.743865 0.749465, -30.751592 0.705186, -30.759319 0.660908, -30.767045 0.616630, -30.774772 0.572351, -30.782498 0.528073, -30.790224 0.483795, -30.797950 0.439516, -30.805676 0.395238, -30.813402 0.350959, -30.821128 0.306681, -30.828853 0.262403, -30.836579 0.218124, -30.844305 0.173846, -30.852030 0.129567, -30.859756 0.085289, -30.867481 0.041011, -30.875207 -0.003268, -30.882932 -0.047546, -30.890658 -0.091825, -30.898384 -0.136103, -30.906109 -0.180382, -30.913835 -0.224660, -30.921560 -0.268938, -30.929286 -0.313217, -30.937012 -0.357495, -30.944738 -0.401774, -30.952464 -0.446052, -30.960190 -0.490330, -30.967916 -0.534609, -30.975642 -0.578887, -30.983369 -0.623165, -30.991095 -0.667444, -30.998822 -0.711722, -31.006549 -0.756000, -31.014276 -0.800279, -31.022003 -0.844557, -31.029730 -0.888835, -31.037457 -0.933113, -31.045185 -0.977392, -31.052913 -1.021670, -31.060641 -1.065948, -31.068369 -1.110226, -31.076098 -1.154504, -31.083827 -1.198783, -31.091556 -1.243061, -31.099285 -1.287339, -31.107015 -1.331617, -31.114745 -1.375895, -31.122475 -1.420173, -31.130205 -1.464451, -31.137936 -1.508729, -31.145667 -1.553007, -31.153398 -1.597285, -31.161130 -1.641563, -31.168862 -1.685840, -31.176595 -1.730118, -31.184327 -1.774396, -31.192060 -1.818674, -31.199794 -1.862952, -31.207528 -1.907229, -31.215262 -1.951507, -31.222997 -1.995785, -31.230732 -2.040062, -31.238468 -2.084340, -31.246204 -2.128617, -31.253940 -2.172895, -31.261677 -2.217172, -31.269414 -2.261449, -31.277152 -2.305727, -31.284890 -2.350004, -31.292629 -2.394281, -31.300368 -2.438559, -31.308108 -2.482836, -31.315849 -2.527113, -31.323589 -2.571390, -31.331331 -2.615667, -31.339073 -2.659944, -31.346815 -2.704221, -31.354558 -2.748498, -31.362302 -2.792775, -31.370046 -2.837051, -31.377791 -2.881328, -31.385536 -2.925605, -31.393282 -2.969882, -31.401029 -3.014158, -31.408776 -3.058435, -31.416524 -3.102711, -31.424273 -3.146988, -31.432022 -3.191264, -31.439772 -3.235540, -31.447522 -3.279816, -31.455274 -3.324093, -31.463026 -3.368369, -31.470778 -3.412645, -31.478532 -3.456921, -31.486286 -3.501197, -31.494040 -3.545473, -31.501796 -3.589748, -31.509552 -3.634024, -31.517309 -3.678300, -31.525067 -3.722575, -31.532826 -3.766851, -31.540585 -3.811126, -31.548346 -3.855402, -31.556107 -3.899677, -31.563868 -3.943952, -31.571631 -3.988228, -31.579395 -4.032503, -31.587159 -4.076778, -31.594924 -4.121053, -31.602690 -4.165328, -31.610457 -4.209602, -31.618225 -4.253877, -31.625994 -4.298152, -31.633763 -4.342426, -31.641534 -4.386701, -31.649305 -4.430975, -31.657078 -4.475250, -31.664851 -4.519524, -31.672625 -4.563798, -31.680401 -4.608072, -31.688177 -4.652346, -31.695954 -4.696620, -31.703732 -4.740894, -31.711511 -4.785168, -31.719292 -4.829441, -31.727073 -4.873715, -31.734855 -4.917988, -31.742638 -4.962262, -31.750422 -5.006535, -31.758208 -5.050808, -31.765994 -5.095081, -31.773782 -5.139354, -31.781570 -5.183627, -31.789360 -5.227900, -31.797151 -5.272173, -31.804943 -5.316445, -31.812736 -5.360718, -31.820530 -5.404990, -31.828325 -5.449263, -31.836121 -5.493535, -31.843919 -5.537807, -31.851718 -5.582079, -31.859518 -5.626351, -31.867319 -5.670623, -31.875121 -5.714895, -31.882925 -5.759166, -31.890729 -5.803438, -31.898535 -5.847709, -31.906342 -5.891980, -31.914151 -5.936252, -31.921961 -5.980523, -31.929772 -6.024794, -31.937584 -6.069064, -31.945397 -6.113335, -31.953212 -6.157606, -31.961028 -6.201876, -31.968846 -6.246147, -31.976664 -6.290417, -31.984484 -6.334687, -31.992306 -6.378957, -32.000129 -6.423227, -32.007953 -6.467497, -32.015778 -6.511767, -32.023605 -6.556036, -32.031433 -6.600306, -32.039263 -6.644575, -32.047094 -6.688844, -32.054927 -6.733113, -32.062761 -6.777382, -32.070596 -6.821651, -32.078433 -6.865920, -32.086271 -6.910189, -32.094111 -6.954457, -32.101952 -6.998725, -32.109795 -7.042994, -32.117639 -7.087262, -32.125485 -7.131530, -32.133332 -7.175797, -32.141181 -7.220065, -32.149031 -7.264333, -32.156883 -7.308600, -32.164736 -7.352867, -32.172591 -7.397134, -32.180448 -7.441401, -32.188306 -7.485668, -32.196165 -7.529935, -32.204027 -7.574201, -32.211890 -7.618468, -32.219754 -7.662734, -32.227621 -7.707000, -32.235488 -7.751266, -32.243358 -7.795532, -32.251229 -7.839798, -32.259102 -7.884063, -32.266976 -7.928329, -32.274853 -7.972594, -32.282731 -8.016859, -32.290610 -8.061124, -32.298492 -8.105389, -32.306375 -8.149654, -32.314259 -8.193918, -32.322146 -8.238183, -32.330034 -8.282447, -32.337925 -8.326711, -32.345816 -8.370975, -32.353710 -8.415239, -32.361606 -8.459502, -32.369503 -8.503766, -32.377402 -8.548029, -32.385303 -8.592292, -32.393206 -8.636555, -32.401111 -8.680818, -32.409017 -8.725080, -32.416926 -8.769343, -32.424836 -8.813605, -32.432748 -8.857867, -32.440662 -8.902129, -32.448578 -8.946391, -32.456496 -8.990653, -32.464416 -9.034914, -32.472338 -9.079175, -32.480262 -9.123437, -32.488188 -9.167697, -32.496115 -9.211958, -32.504045 -9.256219, -32.511977 -9.300479, -32.519911 -9.344740, -32.527846 -9.389000, -32.535784 -9.433260, -32.543724 -9.477519, -32.551666 -9.521779, -32.559610 -9.566038, -32.567556 -9.610297, -32.575504 -9.654556, -32.583454 -9.698815, -32.591406 -9.743074, -32.599361 -9.787332, -32.607317 -9.831591, -32.615276 -9.875849, -32.623236 -9.920107, -32.631199 -9.964364, -32.639164 -10.008622, -32.647132 -10.052879, -32.655101 -10.097136, -32.663073 -10.141393, -32.671046 -10.185650, -32.679023 -10.229906, -32.687001 -10.274163, -32.694981 -10.318419, -32.702964 -10.362675, -32.710949 -10.406931, -32.718936 -10.451186, -32.726926 -10.495442, -32.734918 -10.539697, -32.742912 -10.583952, -32.750908 -10.628207, -32.758907 -10.672461, -32.766908 -10.716716, -32.774911 -10.760970, -32.782917 -10.805224, -32.790925 -10.849478, -32.798936 -10.893731, -32.806949 -10.937984, -32.814964 -10.982238, -32.822982 -11.026491, -32.831002 -11.070743, -32.839024 -11.114996, -32.847049 -11.159248, -32.855077 -11.203500, -32.863106 -11.247752, -32.871139 -11.292004, -32.879173 -11.336255, -32.887211 -11.380506, -32.895251 -11.424757, -32.903293 -11.469008, -32.911338 -11.513259, -32.919385 -11.557509, -32.927435 -11.601759, -32.935487 -11.646009, -32.943542 -11.690259, -32.951600 -11.734508, -32.959660 -11.778757, -32.967723 -11.823006, -32.975788 -11.867255, -32.983856 -11.911504, -32.991927 -11.955752, -33.000000 -12.000000, -33.024302 -12.038099, -33.048612 -12.076196, -33.072928 -12.114291, -33.097251 -12.152384, -33.121581 -12.190474, -33.145918 -12.228563, -33.170262 -12.266649, -33.194613 -12.304733, -33.218971 -12.342815, -33.243336 -12.380895, -33.267709 -12.418973, -33.292088 -12.457049, -33.316475 -12.495122, -33.340869 -12.533193, -33.365270 -12.571262, -33.389678 -12.609329, -33.414093 -12.647393, -33.438516 -12.685456, -33.462946 -12.723516, -33.487384 -12.761573, -33.511828 -12.799629, -33.536281 -12.837682, -33.560740 -12.875733, -33.585207 -12.913782, -33.609681 -12.951829, -33.634163 -12.989873, -33.658653 -13.027915, -33.683150 -13.065955, -33.707654 -13.103992, -33.732166 -13.142027, -33.756686 -13.180060, -33.781213 -13.218090, -33.805748 -13.256118, -33.830291 -13.294144, -33.854841 -13.332167, -33.879399 -13.370188, -33.903965 -13.408207, -33.928538 -13.446223, -33.953120 -13.484237, -33.977709 -13.522248, -34.002306 -13.560257, -34.026911 -13.598264, -34.051524 -13.636268, -34.076144 -13.674270, -34.100773 -13.712270, -34.125410 -13.750266, -34.150054 -13.788261, -34.174707 -13.826253, -34.199368 -13.864243, -34.224036 -13.902230, -34.248713 -13.940214, -34.273398 -13.978197, -34.298091 -14.016176, -34.322793 -14.054153, -34.347502 -14.092128, -34.372220 -14.130100, -34.396946 -14.168070, -34.421680 -14.206037, -34.446423 -14.244001, -34.471174 -14.281963, -34.495933 -14.319923, -34.520700 -14.357880, -34.545476 -14.395834, -34.570261 -14.433786, -34.595054 -14.471735, -34.619855 -14.509681, -34.644665 -14.547625, -34.669483 -14.585566, -34.694310 -14.623505, -34.719146 -14.661441, -34.743990 -14.699374, -34.768843 -14.737305, -34.793704 -14.775233, -34.818574 -14.813159, -34.843453 -14.851082, -34.868341 -14.889002, -34.893237 -14.926919, -34.918142 -14.964834, -34.943056 -15.002746, -34.967979 -15.040655, -34.992910 -15.078562, -35.017851 -15.116466, -35.042800 -15.154367, -35.067758 -15.192265, -35.092726 -15.230161, -35.117702 -15.268054, -35.142687 -15.305944, -35.167682 -15.343831, -35.192685 -15.381716, -35.217698 -15.419598, -35.242719 -15.457476, -35.267750 -15.495353, -35.292790 -15.533226, -35.317839 -15.571097, -35.342898 -15.608964, -35.367965 -15.646829, -35.393042 -15.684691, -35.418129 -15.722550, -35.443224 -15.760406, -35.468329 -15.798260, -35.493444 -15.836110, -35.518567 -15.873958, -35.543701 -15.911803, -35.568843 -15.949645, -35.593995 -15.987483, -35.619157 -16.025319, -35.644328 -16.063152, -35.669509 -16.100983, -35.694699 -16.138810, -35.719899 -16.176634, -35.745109 -16.214455, -35.770329 -16.252273, -35.795558 -16.290089, -35.820796 -16.327901, -35.846045 -16.365710, -35.871303 -16.403516, -35.896571 -16.441320, -35.921849 -16.479120, -35.947137 -16.516917, -35.972435 -16.554711, -35.997743 -16.592502, -36.023060 -16.630290, -36.048388 -16.668075, -36.073726 -16.705857, -36.099073 -16.743636, -36.124431 -16.781412, -36.149799 -16.819184, -36.175177 -16.856954, -36.200565 -16.894720, -36.225963 -16.932483, -36.251371 -16.970244, -36.276790 -17.008001, -36.302219 -17.045754, -36.327658 -17.083505, -36.353107 -17.121252, -36.378567 -17.158997, -36.404037 -17.196738, -36.429518 -17.234476, -36.455009 -17.272210, -36.480510 -17.309942, -36.506022 -17.347670, -36.531544 -17.385395, -36.557077 -17.423117, -36.582621 -17.460835, -36.608175 -17.498551, -36.633739 -17.536263, -36.659315 -17.573971, -36.684901 -17.611677, -36.710497 -17.649379, -36.736104 -17.687078, -36.761723 -17.724773, -36.787351 -17.762465, -36.812991 -17.800154, -36.838642 -17.837840, -36.864303 -17.875522, -36.889975 -17.913201, -36.915658 -17.950876, -36.941352 -17.988548, -36.967057 -18.026217, -36.992774 -18.063882, -37.018501 -18.101544, -37.044239 -18.139202, -37.069988 -18.176857, -37.095748 -18.214509, -37.121520 -18.252157, -37.147303 -18.289802, -37.173096 -18.327443, -37.198902 -18.365081, -37.224718 -18.402715, -37.250546 -18.440346, -37.276384 -18.477973, -37.302235 -18.515597, -37.328096 -18.553217, -37.353970 -18.590834, -37.379854 -18.628447, -37.405750 -18.666057, -37.431657 -18.703663, -37.457576 -18.741266, -37.483507 -18.778865, -37.509449 -18.816460, -37.535403 -18.854052, -37.561368 -18.891640, -37.587345 -18.929225, -37.613334 -18.966806, -37.639334 -19.004384, -37.665346 -19.041957, -37.691370 -19.079528, -37.717406 -19.117094, -37.743453 -19.154657, -37.769513 -19.192216, -37.795584 -19.229771, -37.821667 -19.267323, -37.847762 -19.304871, -37.873870 -19.342416, -37.899989 -19.379956, -37.926120 -19.417493, -37.952263 -19.455026, -37.978419 -19.492556, -38.004586 -19.530082, -38.030766 -19.567603, -38.056958 -19.605122, -38.083162 -19.642636, -38.109378 -19.680147, -38.135607 -19.717653, -38.161848 -19.755156, -38.188101 -19.792655, -38.214367 -19.830151, -38.240645 -19.867642, -38.266935 -19.905130, -38.293238 -19.942613, -38.319554 -19.980093, -38.345882 -20.017569, -38.372222 -20.055041, -38.398575 -20.092509, -38.424941 -20.129974, -38.451319 -20.167434, -38.477710 -20.204890, -38.504114 -20.242343, -38.530530 -20.279791, -38.556960 -20.317236, -38.583402 -20.354676, -38.609856 -20.392113, -38.636324 -20.429545, -38.662805 -20.466974, -38.689298 -20.504399, -38.715804 -20.541819, -38.742324 -20.579236, -38.768856 -20.616648, -38.795402 -20.654057, -38.821960 -20.691461, -38.848532 -20.728861, -38.875117 -20.766258, -38.901714 -20.803650, -38.928325 -20.841038, -38.954950 -20.878422, -38.981587 -20.915801, -39.008238 -20.953177, -39.034902 -20.990549, -39.061580 -21.027916, -39.088271 -21.065279, -39.114975 -21.102638, -39.141693 -21.139993, -39.168424 -21.177344, -39.195169 -21.214690, -39.221927 -21.252032, -39.248699 -21.289370, -39.275484 -21.326704, -39.302283 -21.364034, -39.329096 -21.401359, -39.355922 -21.438680, -39.382763 -21.475997, -39.409617 -21.513309, -39.436484 -21.550617, -39.463366 -21.587921, -39.490261 -21.625221, -39.517170 -21.662516, -39.544093 -21.699807, -39.571031 -21.737093, -39.597982 -21.774376, -39.624947 -21.811653, -39.651926 -21.848927, -39.678919 -21.886196, -39.705927 -21.923460, -39.732948 -21.960721, -39.759984 -21.997976, -39.787034 -22.035228, -39.814098 -22.072475, -39.841176 -22.109717, -39.868269 -22.146955, -39.895376 -22.184189, -39.922497 -22.221418, -39.949633 -22.258642, -39.976783 -22.295862, -40.003948 -22.333078, -40.031127 -22.370289, -40.058321 -22.407495, -40.085529 -22.444697, -40.112752 -22.481894, -40.139989 -22.519087, -40.167242 -22.556275, -40.194508 -22.593459, -40.221790 -22.630638, -40.249086 -22.667812, -40.276398 -22.704982, -40.303724 -22.742147, -40.331064 -22.779308, -40.358420 -22.816463, -40.385791 -22.853614, -40.413176 -22.890761, -40.440577 -22.927903, -40.467993 -22.965040, -40.495424 -23.002172, -40.522869 -23.039300, -40.550330 -23.076422, -40.577806 -23.113541, -40.605298 -23.150654, -40.632804 -23.187762, -40.660326 -23.224866, -40.687863 -23.261965, -40.715416 -23.299059, -40.742984 -23.336149, -40.770567 -23.373233, -40.798165 -23.410313, -40.825780 -23.447388, -40.853409 -23.484458, -40.881054 -23.521523, -40.908715 -23.558583, -40.936391 -23.595639, -40.964083 -23.632689, -40.991791 -23.669735, -41.019514 -23.706775, -41.047254 -23.743811, -41.075008 -23.780842, -41.102779 -23.817867, -41.130566 -23.854888, -41.158368 -23.891904, -41.186187 -23.928915, -41.214021 -23.965920, -41.241871 -24.002921, -41.269737 -24.039917, -41.297620 -24.076908, -41.325518 -24.113893, -41.353433 -24.150874, -41.381364 -24.187849, -41.409310 -24.224820, -41.437274 -24.261785, -41.465253 -24.298745, -41.493249 -24.335700, -41.521261 -24.372650, -41.549289 -24.409595, -41.577334 -24.446534, -41.605395 -24.483469, -41.633473 -24.520398, -41.661567 -24.557322, -41.689678 -24.594241, -41.717806 -24.631154, -41.745950 -24.668062, -41.774110 -24.704966, -41.802288 -24.741863, -41.830482 -24.778756, -41.858693 -24.815643, -41.886921 -24.852525, -41.915165 -24.889402, -41.943426 -24.926273, -41.971705 -24.963139, -42.000000 -25.000000, -42.030868 -25.035174, -42.061755 -25.070341, -42.092658 -25.105503, -42.123580 -25.140657, -42.154520 -25.175806, -42.185477 -25.210947, -42.216452 -25.246083, -42.247445 -25.281212, -42.278456 -25.316334, -42.309485 -25.351450, -42.340532 -25.386560, -42.371598 -25.421663, -42.402681 -25.456759, -42.433782 -25.491849, -42.464902 -25.526932, -42.496039 -25.562009, -42.527195 -25.597079, -42.558370 -25.632143, -42.589562 -25.667200, -42.620773 -25.702250, -42.652003 -25.737294, -42.683250 -25.772331, -42.714516 -25.807361, -42.745801 -25.842385, -42.777104 -25.877401, -42.808426 -25.912412, -42.839766 -25.947415, -42.871125 -25.982412, -42.902503 -26.017402, -42.933899 -26.052385, -42.965315 -26.087361, -42.996748 -26.122331, -43.028201 -26.157294, -43.059673 -26.192249, -43.091163 -26.227199, -43.122673 -26.262141, -43.154201 -26.297076, -43.185748 -26.332004, -43.217315 -26.366926, -43.248900 -26.401841, -43.280505 -26.436748, -43.312129 -26.471649, -43.343772 -26.506543, -43.375434 -26.541429, -43.407115 -26.576309, -43.438816 -26.611182, -43.470536 -26.646047, -43.502276 -26.680906, -43.534034 -26.715758, -43.565813 -26.750602, -43.597611 -26.785440, -43.629428 -26.820270, -43.661265 -26.855093, -43.693121 -26.889909, -43.724997 -26.924718, -43.756893 -26.959520, -43.788809 -26.994314, -43.820744 -27.029102, -43.852699 -27.063882, -43.884674 -27.098655, -43.916669 -27.133421, -43.948683 -27.168179, -43.980718 -27.202930, -44.012772 -27.237674, -44.044847 -27.272411, -44.076941 -27.307140, -44.109056 -27.341862, -44.141191 -27.376577, -44.173346 -27.411284, -44.205521 -27.445984, -44.237717 -27.480676, -44.269933 -27.515361, -44.302169 -27.550039, -44.334425 -27.584709, -44.366702 -27.619372, -44.398999 -27.654027, -44.431317 -27.688675, -44.463655 -27.723315, -44.496014 -27.757948, -44.528393 -27.792573, -44.560793 -27.827191, -44.593214 -27.861801, -44.625656 -27.896403, -44.658118 -27.930998, -44.690601 -27.965585, -44.723104 -28.000165, -44.755629 -28.034737, -44.788175 -28.069301, -44.820741 -28.103858, -44.853329 -28.138407, -44.885937 -28.172948, -44.918567 -28.207482, -44.951217 -28.242007, -44.983889 -28.276525, -45.016582 -28.311036, -45.049296 -28.345538, -45.082032 -28.380033, -45.114789 -28.414519, -45.147567 -28.448998, -45.180366 -28.483469, -45.213187 -28.517933, -45.246029 -28.552388, -45.278893 -28.586835, -45.311779 -28.621275, -45.344686 -28.655706, -45.377614 -28.690130, -45.410564 -28.724546, -45.443536 -28.758953, -45.476530 -28.793353, -45.509546 -28.827744, -45.542583 -28.862128, -45.575642 -28.896503, -45.608723 -28.930871, -45.641826 -28.965230, -45.674951 -28.999581, -45.708098 -29.033924, -45.741267 -29.068259, -45.774458 -29.102586, -45.807671 -29.136905, -45.840907 -29.171215, -45.874165 -29.205517, -45.907445 -29.239811, -45.940747 -29.274097, -45.974072 -29.308375, -46.007419 -29.342644, -46.040788 -29.376905, -46.074180 -29.411157, -46.107594 -29.445401, -46.141031 -29.479637, -46.174491 -29.513865, -46.207973 -29.548084, -46.241478 -29.582295, -46.275006 -29.616497, -46.308556 -29.650691, -46.342129 -29.684876, -46.375725 -29.719053, -46.409344 -29.753222, -46.442986 -29.787382, -46.476651 -29.821533, -46.510338 -29.855676, -46.544049 -29.889811, -46.577783 -29.923936, -46.611540 -29.958054, -46.645320 -29.992162, -46.679124 -30.026262, -46.712951 -30.060354, -46.746801 -30.094436, -46.780674 -30.128510, -46.814571 -30.162575, -46.848491 -30.196632, -46.882435 -30.230680, -46.916402 -30.264719, -46.950392 -30.298749, -46.984407 -30.332771, -47.018445 -30.366783, -47.052506 -30.400787, -47.086592 -30.434782, -47.120701 -30.468768, -47.154834 -30.502746, -47.188991 -30.536714, -47.223171 -30.570673, -47.257376 -30.604624, -47.291605 -30.638566, -47.325857 -30.672498, -47.360134 -30.706422, -47.394435 -30.740336, -47.428760 -30.774242, -47.463109 -30.808138, -47.497482 -30.842026, -47.531880 -30.875904, -47.566302 -30.909774, -47.600748 -30.943634, -47.635219 -30.977485, -47.669715 -31.011327, -47.704234 -31.045159, -47.738779 -31.078983, -47.773348 -31.112797, -47.807941 -31.146602, -47.842559 -31.180398, -47.877202 -31.214184, -47.911870 -31.247962, -47.946562 -31.281730, -47.981280 -31.315488, -48.016022 -31.349237, -48.050789 -31.382977, -48.085581 -31.416708, -48.120399 -31.450429, -48.155241 -31.484140, -48.190108 -31.517843, -48.225001 -31.551535, -48.259919 -31.585219, -48.294862 -31.618892, -48.329830 -31.652557, -48.364823 -31.686211, -48.399842 -31.719856, -48.434887 -31.753492, -48.469957 -31.787118, -48.505052 -31.820734, -48.540173 -31.854341, -48.575320 -31.887938, -48.610492 -31.921525, -48.645690 -31.955103, -48.680914 -31.988671, -48.716163 -32.022229, -48.751438 -32.055778, -48.786740 -32.089316, -48.822067 -32.122845, -48.857420 -32.156364, -48.892799 -32.189874, -48.928204 -32.223373, -48.963635 -32.256863, -48.999092 -32.290342, -49.034576 -32.323812, -49.070086 -32.357272, -49.105622 -32.390721, -49.141184 -32.424161, -49.176773 -32.457591, -49.212388 -32.491011, -49.248030 -32.524421, -49.283698 -32.557820, -49.319393 -32.591210, -49.355114 -32.624590, -49.390862 -32.657959, -49.426637 -32.691318, -49.462438 -32.724667, -49.498266 -32.758006, -49.534121 -32.791335, -49.570003 -32.824654, -49.605912 -32.857962, -49.641848 -32.891260, -49.677811 -32.924548, -49.713801 -32.957825, -49.749818 -32.991092, -49.785862 -33.024349, -49.821933 -33.057595, -49.858032 -33.090831, -49.894158 -33.124057, -49.930311 -33.157272, -49.966492 -33.190476, -50.002700 -33.223671, -50.038935 -33.256854, -50.075198 -33.290028, -50.111489 -33.323190, -50.147807 -33.356342, -50.184153 -33.389484, -50.220527 -33.422615, -50.256929 -33.455735, -50.293358 -33.488845, -50.329815 -33.521944, -50.366300 -33.555032, -50.402813 -33.588109, -50.439354 -33.621176, -50.475923 -33.654232, -50.512520 -33.687278, -50.549146 -33.720312, -50.585799 -33.753336, -50.622481 -33.786349, -50.659191 -33.819351, -50.695929 -33.852342, -50.732696 -33.885322, -50.769491 -33.918291, -50.806315 -33.951250, -50.843167 -33.984197, -50.880048 -34.017133, -50.916957 -34.050059, -50.953895 -34.082973, -50.990862 -34.115876, -51.027858 -34.148768, -51.064882 -34.181649, -51.101935 -34.214519, -51.139018 -34.247378, -51.176129 -34.280226, -51.213269 -34.313062, -51.250438 -34.345887, -51.287636 -34.378701, -51.324864 -34.411504, -51.362121 -34.444295, -51.399406 -34.477075, -51.436722 -34.509844, -51.474066 -34.542602, -51.511440 -34.575348, -51.548844 -34.608082, -51.586277 -34.640805, -51.623739 -34.673517, -51.661231 -34.706217, -51.698753 -34.738906, -51.736304 -34.771583, -51.773886 -34.804249, -51.811497 -34.836903, -51.849137 -34.869546, -51.886808 -34.902177, -51.924509 -34.934796, -51.962239 -34.967404, -52.000000 -35.000000, -52.054648 -34.999908, -52.109297 -34.999791, -52.163945 -34.999650, -52.218592 -34.999485, -52.273240 -34.999295, -52.327887 -34.999080, -52.382534 -34.998841, -52.437181 -34.998578, -52.491827 -34.998290, -52.546473 -34.997977, -52.601119 -34.997640, -52.655764 -34.997279, -52.710408 -34.996893, -52.765052 -34.996483, -52.819695 -34.996048, -52.874338 -34.995588, -52.928980 -34.995105, -52.983622 -34.994596, -53.038263 -34.994063, -53.092903 -34.993506, -53.147542 -34.992924, -53.202181 -34.992318, -53.256818 -34.991687, -53.311455 -34.991032, -53.366091 -34.990352, -53.420726 -34.989648, -53.475360 -34.988920, -53.529993 -34.988167, -53.584625 -34.987389, -53.639257 -34.986587, -53.693886 -34.985760, -53.748515 -34.984909, -53.803143 -34.984034, -53.857769 -34.983134, -53.912395 -34.982210, -53.967019 -34.981261, -54.021641 -34.980287, -54.076263 -34.979290, -54.130883 -34.978267, -54.185502 -34.977221, -54.240119 -34.976150, -54.294735 -34.975054, -54.349349 -34.973934, -54.403962 -34.972789, -54.458573 -34.971620, -54.513183 -34.970427, -54.567791 -34.969209, -54.622397 -34.967967, -54.677002 -34.966700, -54.731605 -34.965409, -54.786207 -34.964093, -54.840806 -34.962753, -54.895404 -34.961389, -54.950000 -34.960000, -54.899319 -34.977192, -54.848617 -34.994364, -54.797894 -35.011514, -54.747150 -35.028643, -54.696384 -35.045751, -54.645597 -35.062838, -54.594789 -35.079903, -54.543960 -35.096948, -54.493109 -35.113971, -54.442237 -35.130973, -54.391344 -35.147953, -54.340429 -35.164913, -54.289494 -35.181851, -54.238537 -35.198768, -54.187559 -35.215663, -54.136560 -35.232537, -54.085539 -35.249389, -54.034497 -35.266221, -53.983435 -35.283030, -53.932350 -35.299819, -53.881245 -35.316585, -53.830119 -35.333331, -53.778971 -35.350054, -53.727802 -35.366757, -53.676612 -35.383437, -53.625401 -35.400096, -53.574169 -35.416734, -53.522916 -35.433349, -53.471641 -35.449943, -53.420345 -35.466516, -53.369029 -35.483067, -53.317691 -35.499595, -53.266332 -35.516103, -53.214951 -35.532588, -53.163550 -35.549052, -53.112128 -35.565493, -53.060684 -35.581913, -53.009220 -35.598311, -52.957734 -35.614688, -52.906227 -35.631042, -52.854700 -35.647374, -52.803151 -35.663685, -52.751581 -35.679973, -52.699990 -35.696239, -52.648378 -35.712484, -52.596745 -35.728706, -52.545091 -35.744906, -52.493416 -35.761085, -52.441720 -35.777241, -52.390003 -35.793375, -52.338265 -35.809486, -52.286506 -35.825576, -52.234726 -35.841643, -52.182925 -35.857689, -52.131103 -35.873712, -52.079260 -35.889712, -52.027396 -35.905691, -51.975512 -35.921647, -51.923606 -35.937580, -51.871679 -35.953492, -51.819732 -35.969381, -51.767763 -35.985248, -51.715774 -36.001092, -51.663764 -36.016913, -51.611733 -36.032713, -51.559681 -36.048490, -51.507608 -36.064244, -51.455515 -36.079976, -51.403400 -36.095685, -51.351265 -36.111372, -51.299109 -36.127036, -51.246932 -36.142677, -51.194734 -36.158296, -51.142516 -36.173892, -51.090277 -36.189465, -51.038017 -36.205016, -50.985736 -36.220544, -50.933435 -36.236049, -50.881112 -36.251532, -50.828769 -36.266992, -50.776406 -36.282429, -50.724021 -36.297843, -50.671616 -36.313234, -50.619191 -36.328602, -50.566744 -36.343947, -50.514277 -36.359270, -50.461789 -36.374569, -50.409281 -36.389846, -50.356752 -36.405100, -50.304202 -36.420330, -50.251632 -36.435538, -50.199042 -36.450722, -50.146430 -36.465884, -50.093798 -36.481022, -50.041146 -36.496137, -49.988473 -36.511229, -49.935779 -36.526298, -49.883065 -36.541344, -49.830331 -36.556366, -49.777576 -36.571365, -49.724800 -36.586341, -49.672004 -36.601294, -49.619188 -36.616223, -49.566351 -36.631129, -49.513493 -36.646012, -49.460616 -36.660871, -49.407717 -36.675707, -49.354799 -36.690520, -49.301860 -36.705309, -49.248901 -36.720075, -49.195921 -36.734817, -49.142921 -36.749536, -49.089901 -36.764231, -49.036860 -36.778903, -48.983799 -36.793551, -48.930718 -36.808176, -48.877617 -36.822777, -48.824495 -36.837354, -48.771353 -36.851908, -48.718191 -36.866438, -48.665009 -36.880944, -48.611806 -36.895427, -48.558584 -36.909886, -48.505341 -36.924321, -48.452078 -36.938732, -48.398794 -36.953120, -48.345491 -36.967484, -48.292168 -36.981824, -48.238824 -36.996140, -48.185461 -37.010432, -48.132077 -37.024701, -48.078674 -37.038945, -48.025250 -37.053166, -47.971806 -37.067362, -47.918343 -37.081535, -47.864859 -37.095683, -47.811355 -37.109808, -47.757832 -37.123908, -47.704288 -37.137984, -47.650725 -37.152037, -47.597142 -37.166065, -47.543539 -37.180069, -47.489916 -37.194049, -47.436273 -37.208005, -47.382610 -37.221936, -47.328928 -37.235843, -47.275225 -37.249726, -47.221503 -37.263585, -47.167761 -37.277420, -47.114000 -37.291230, -47.060218 -37.305016, -47.006417 -37.318777, -46.952597 -37.332515, -46.898756 -37.346227, -46.844896 -37.359916, -46.791017 -37.373580, -46.737118 -37.387219, -46.683199 -37.400834, -46.629260 -37.414425, -46.575302 -37.427991, -46.521325 -37.441532, -46.467328 -37.455049, -46.413311 -37.468542, -46.359275 -37.482009, -46.305220 -37.495453, -46.251145 -37.508871, -46.197050 -37.522265, -46.142937 -37.535634, -46.088803 -37.548979, -46.034651 -37.562298, -45.980479 -37.575593, -45.926288 -37.588864, -45.872077 -37.602109, -45.817847 -37.615330, -45.763598 -37.628526, -45.709330 -37.641697, -45.655042 -37.654843, -45.600736 -37.667964, -45.546410 -37.681060, -45.492065 -37.694132, -45.437700 -37.707178, -45.383317 -37.720200, -45.328914 -37.733196, -45.274493 -37.746168, -45.220052 -37.759114, -45.165592 -37.772035, -45.111114 -37.784932, -45.056616 -37.797803, -45.002099 -37.810649, -44.947564 -37.823470, -44.893009 -37.836266, -44.838436 -37.849037, -44.783843 -37.861782, -44.729232 -37.874502, -44.674602 -37.887197, -44.619953 -37.899867, -44.565285 -37.912512, -44.510599 -37.925131, -44.455894 -37.937725, -44.401170 -37.950293, -44.346427 -37.962836, -44.291666 -37.975354, -44.236886 -37.987847, -44.182087 -38.000314, -44.127270 -38.012755, -44.072434 -38.025171, -44.017580 -38.037562, -43.962707 -38.049927, -43.907815 -38.062267, -43.852905 -38.074581, -43.797977 -38.086870, -43.743030 -38.099132, -43.688064 -38.111370, -43.633081 -38.123582, -43.578078 -38.135768, -43.523058 -38.147928, -43.468019 -38.160063, -43.412962 -38.172172, -43.357887 -38.184255, -43.302793 -38.196313, -43.247681 -38.208345, -43.192551 -38.220351, -43.137403 -38.232332, -43.082236 -38.244286, -43.027052 -38.256215, -42.971849 -38.268118, -42.916629 -38.279995, -42.861390 -38.291846, -42.806133 -38.303671, -42.750858 -38.315470, -42.695565 -38.327243, -42.640255 -38.338991, -42.584926 -38.350712, -42.529580 -38.362407, -42.474215 -38.374077, -42.418833 -38.385720, -42.363433 -38.397337, -42.308015 -38.408928, -42.252580 -38.420493, -42.197126 -38.432032, -42.141655 -38.443545, -42.086167 -38.455031, -42.030660 -38.466492, -41.975136 -38.477926, -41.919595 -38.489334, -41.864035 -38.500716, -41.808459 -38.512071, -41.752865 -38.523401, -41.697253 -38.534703, -41.641624 -38.545980, -41.585977 -38.557230, -41.530313 -38.568454, -41.474632 -38.579652, -41.418933 -38.590823, -41.363217 -38.601968, -41.307484 -38.613086, -41.251733 -38.624178, -41.195966 -38.635244, -41.140181 -38.646283, -41.084378 -38.657295, -41.028559 -38.668281, -40.972723 -38.679240, -40.916869 -38.690173, -40.860999 -38.701079, -40.805111 -38.711959, -40.749207 -38.722812, -40.693285 -38.733639, -40.637347 -38.744438, -40.581391 -38.755212, -40.525419 -38.765958, -40.469430 -38.776678, -40.413424 -38.787371, -40.357402 -38.798037, -40.301362 -38.808677, -40.245306 -38.819289, -40.189233 -38.829875, -40.133144 -38.840434, -40.077038 -38.850967, -40.020915 -38.861472, -39.964776 -38.871951, -39.908620 -38.882403, -39.852448 -38.892827, -39.796259 -38.903225, -39.740054 -38.913596, -39.683832 -38.923940, -39.627594 -38.934257, -39.571340 -38.944547, -39.515069 -38.954810, -39.458782 -38.965046, -39.402479 -38.975255, -39.346159 -38.985437, -39.289824 -38.995592, -39.233472 -39.005720, -39.177104 -39.015820, -39.120720 -39.025894, -39.064320 -39.035940, -39.007904 -39.045959, -38.951473 -39.055951, -38.895025 -39.065916, -38.838561 -39.075853, -38.782081 -39.085764, -38.725585 -39.095647, -38.669074 -39.105503, -38.612547 -39.115331, -38.556004 -39.125132, -38.499445 -39.134906, -38.442871 -39.144653, -38.386281 -39.154372, -38.329675 -39.164064, -38.273054 -39.173728, -38.216418 -39.183365, -38.159765 -39.192974, -38.103098 -39.202557, -38.046415 -39.212111, -37.989716 -39.221638, -37.933002 -39.231138, -37.876273 -39.240610, -37.819528 -39.250055, -37.762769 -39.259472, -37.705994 -39.268862, -37.649203 -39.278224, -37.592398 -39.287558, -37.535577 -39.296865, -37.478742 -39.306144, -37.421891 -39.315395, -37.365026 -39.324619, -37.308145 -39.333816, -37.251249 -39.342984, -37.194339 -39.352125, -37.137414 -39.361238, -37.080473 -39.370323, -37.023518 -39.379381, -36.966549 -39.388411, -36.909564 -39.397413, -36.852565 -39.406387, -36.795551 -39.415333, -36.738523 -39.424252, -36.681480 -39.433142, -36.624422 -39.442005, -36.567350 -39.450840, -36.510264 -39.459647, -36.453163 -39.468426, -36.396048 -39.477177, -36.338918 -39.485901, -36.281774 -39.494596, -36.224616 -39.503263, -36.167443 -39.511903, -36.110257 -39.520514, -36.053056 -39.529097, -35.995841 -39.537652, -35.938612 -39.546180, -35.881369 -39.554679, -35.824112 -39.563150, -35.766841 -39.571593, -35.709556 -39.580007, -35.652257 -39.588394, -35.594944 -39.596753, -35.537618 -39.605083, -35.480277 -39.613385, -35.422923 -39.621659, -35.365556 -39.629905, -35.308174 -39.638122, -35.250779 -39.646312, -35.193371 -39.654473, -35.135949 -39.662605, -35.078513 -39.670710, -35.021064 -39.678786, -34.963601 -39.686834, -34.906126 -39.694854, -34.848636 -39.702845, -34.791134 -39.710808, -34.733618 -39.718742, -34.676089 -39.726648, -34.618547 -39.734526, -34.560992 -39.742375, -34.503424 -39.750196, -34.445842 -39.757989, -34.388248 -39.765753, -34.330641 -39.773488, -34.273020 -39.781195, -34.215387 -39.788874, -34.157741 -39.796524, -34.100083 -39.804145, -34.042411 -39.811738, -33.984727 -39.819302, -33.927030 -39.826838, -33.869320 -39.834345, -33.811598 -39.841824, -33.753863 -39.849274, -33.696116 -39.856695, -33.638356 -39.864088, -33.580584 -39.871452, -33.522800 -39.878788, -33.465003 -39.886094, -33.407194 -39.893372, -33.349373 -39.900622, -33.291539 -39.907842, -33.233693 -39.915034, -33.175835 -39.922197, -33.117965 -39.929332, -33.060083 -39.936437, -33.002189 -39.943514, -32.944283 -39.950562, -32.886365 -39.957581, -32.828436 -39.964572, -32.770494 -39.971533, -32.712541 -39.978466, -32.654576 -39.985370, -32.596599 -39.992245, -32.538611 -39.999091, -32.480611 -40.005908, -32.422599 -40.012696, -32.364576 -40.019455, -32.306541 -40.026186, -32.248495 -40.032887, -32.190438 -40.039559, -32.132369 -40.046203, -32.074289 -40.052817, -32.016198 -40.059403, -31.958095 -40.065959, -31.899982 -40.072487, -31.841857 -40.078985, -31.783721 -40.085454, -31.725574 -40.091894, -31.667417 -40.098306, -31.609248 -40.104688, -31.551068 -40.111041, -31.492878 -40.117364, -31.434676 -40.123659, -31.376464 -40.129925, -31.318242 -40.136161, -31.260008 -40.142368, -31.201764 -40.148547, -31.143510 -40.154695, -31.085244 -40.160815, -31.026969 -40.166906, -30.968683 -40.172967, -30.910386 -40.178999, -30.852080 -40.185002, -30.793763 -40.190975, -30.735435 -40.196920, -30.677098 -40.202835, -30.618750 -40.208720, -30.560392 -40.214577, -30.502024 -40.220404, -30.443647 -40.226202, -30.385259 -40.231970, -30.326861 -40.237709, -30.268453 -40.243419, -30.210036 -40.249099, -30.151609 -40.254750, -30.093172 -40.260372, -30.034725 -40.265964, -29.976269 -40.271527, -29.917803 -40.277060, -29.859327 -40.282564, -29.800843 -40.288039, -29.742348 -40.293484, -29.683844 -40.298899, -29.625331 -40.304286, -29.566809 -40.309642, -29.508277 -40.314969, -29.449736 -40.320267, -29.391186 -40.325535, -29.332627 -40.330774, -29.274059 -40.335983, -29.215481 -40.341162, -29.156895 -40.346312, -29.098300 -40.351433, -29.039696 -40.356524, -28.981083 -40.361585, -28.922462 -40.366617, -28.863831 -40.371619, -28.805192 -40.376591, -28.746544 -40.381534, -28.687888 -40.386447, -28.629223 -40.391331, -28.570550 -40.396185, -28.511868 -40.401009, -28.453178 -40.405804, -28.394480 -40.410569, -28.335773 -40.415304, -28.277058 -40.420009, -28.218335 -40.424685, -28.159604 -40.429331, -28.100865 -40.433948, -28.042117 -40.438534, -27.983362 -40.443091, -27.924598 -40.447618, -27.865827 -40.452116, -27.807048 -40.456583, -27.748261 -40.461021, -27.689467 -40.465429, -27.630664 -40.469808, -27.571854 -40.474156, -27.513037 -40.478475, -27.454212 -40.482764, -27.395379 -40.487023, -27.336539 -40.491252, -27.277692 -40.495451, -27.218837 -40.499621, -27.159975 -40.503760, -27.101106 -40.507870, -27.042229 -40.511950, -26.983346 -40.516000, -26.924455 -40.520020, -26.865558 -40.524010, -26.806653 -40.527971, -26.747741 -40.531901, -26.688823 -40.535802, -26.629897 -40.539672, -26.570965 -40.543513, -26.512026 -40.547323, -26.453081 -40.551104, -26.394129 -40.554855, -26.335170 -40.558576, -26.276205 -40.562267, -26.217233 -40.565927, -26.158255 -40.569558, -26.099270 -40.573159, -26.040279 -40.576730, -25.981282 -40.580271, -25.922279 -40.583782, -25.863269 -40.587262, -25.804253 -40.590713, -25.745232 -40.594134, -25.686204 -40.597525, -25.627170 -40.600885, -25.568131 -40.604216, -25.509085 -40.607516, -25.450034 -40.610787, -25.390977 -40.614027, -25.331914 -40.617237, -25.272846 -40.620418, -25.213772 -40.623568, -25.154692 -40.626688, -25.095607 -40.629778, -25.036517 -40.632837, -24.977421 -40.635867, -24.918320 -40.638866, -24.859213 -40.641836, -24.800102 -40.644775, -24.740985 -40.647684, -24.681863 -40.650563, -24.622736 -40.653412, -24.563604 -40.656231, -24.504467 -40.659019, -24.445325 -40.661777, -24.386178 -40.664506, -24.327026 -40.667204, -24.267870 -40.669871, -24.208708 -40.672509, -24.149543 -40.675116, -24.090372 -40.677693, -24.031197 -40.680240, -23.972018 -40.682757, -23.912834 -40.685244, -23.853646 -40.687700, -23.794453 -40.690126, -23.735256 -40.692522, -23.676055 -40.694887, -23.616850 -40.697223, -23.557640 -40.699528, -23.498427 -40.701803, -23.439209 -40.704047, -23.379988 -40.706262, -23.320763 -40.708446, -23.261533 -40.710600, -23.202300 -40.712723, -23.143064 -40.714816, -23.083823 -40.716879, -23.024579 -40.718912, -22.965331 -40.720915, -22.906080 -40.722887, -22.846825 -40.724828, -22.787567 -40.726740, -22.728305 -40.728621, -22.669041 -40.730472, -22.609772 -40.732293, -22.550501 -40.734083, -22.491226 -40.735843, -22.431949 -40.737573, -22.372668 -40.739272, -22.313384 -40.740941, -22.254098 -40.742579, -22.194808 -40.744188, -22.135516 -40.745766, -22.076221 -40.747313, -22.016923 -40.748831, -21.957622 -40.750318, -21.898319 -40.751774, -21.839013 -40.753200, -21.779705 -40.754596, -21.720394 -40.755962, -21.661081 -40.757297, -21.601766 -40.758602, -21.542448 -40.759876, -21.483128 -40.761120, -21.423805 -40.762334, -21.364481 -40.763517, -21.305154 -40.764670, -21.245826 -40.765792, -21.186495 -40.766884, -21.127163 -40.767946, -21.067829 -40.768978, -21.008493 -40.769979, -20.949155 -40.770949, -20.889815 -40.771889, -20.830474 -40.772799, -20.771131 -40.773679, -20.711787 -40.774528, -20.652441 -40.775346, -20.593094 -40.776134, -20.533745 -40.776892, -20.474395 -40.777620, -20.415044 -40.778316, -20.355691 -40.778983, -20.296338 -40.779619, -20.236983 -40.780225, -20.177627 -40.780800, -20.118270 -40.781345, -20.058912 -40.781860, -19.999554 -40.782344, -19.940194 -40.782798, -19.880834 -40.783221, -19.821473 -40.783614, -19.762111 -40.783976, -19.702749 -40.784308, -19.643386 -40.784610, -19.584023 -40.784881, -19.524659 -40.785122, -19.465295 -40.785332, -19.405930 -40.785512, -19.346565 -40.785661, -19.287200 -40.785781, -19.227835 -40.785869, -19.168469 -40.785927, -19.109104 -40.785955, -19.049738 -40.785953, -18.990373 -40.785920, -18.931007 -40.785856, -18.871642 -40.785762, -18.812277 -40.785638, -18.752912 -40.785483, -18.693548 -40.785298, -18.634183 -40.785082, -18.574820 -40.784836, -18.515456 -40.784560, -18.456094 -40.784253, -18.396731 -40.783916, -18.337370 -40.783548, -18.278009 -40.783150, -18.218649 -40.782722, -18.159289 -40.782263, -18.099931 -40.781773, -18.040573 -40.781254, -17.981217 -40.780703, -17.921861 -40.780123, -17.862506 -40.779512, -17.803153 -40.778870, -17.743801 -40.778199, -17.684450 -40.777496, -17.625100 -40.776764, -17.565751 -40.776001, -17.506404 -40.775207, -17.447059 -40.774383, -17.387715 -40.773529, -17.328372 -40.772645, -17.269031 -40.771729, -17.209692 -40.770784, -17.150354 -40.769808, -17.091018 -40.768802, -17.031685 -40.767765, -16.972352 -40.766698, -16.913022 -40.765601, -16.853694 -40.764473, -16.794368 -40.763315, -16.735044 -40.762127, -16.675722 -40.760908, -16.616402 -40.759659, -16.557085 -40.758379, -16.497770 -40.757069, -16.438457 -40.755729, -16.379147 -40.754358, -16.319839 -40.752957, -16.260534 -40.751525, -16.201231 -40.750063, -16.141931 -40.748571, -16.082633 -40.747049, -16.023339 -40.745496, -15.964047 -40.743913, -15.904758 -40.742299, -15.845471 -40.740655, -15.786188 -40.738981, -15.726908 -40.737277, -15.667631 -40.735542, -15.608357 -40.733777, -15.549086 -40.731981, -15.489819 -40.730155, -15.430554 -40.728299, -15.371293 -40.726413, -15.312036 -40.724496, -15.252782 -40.722549, -15.193531 -40.720572, -15.134284 -40.718564, -15.075040 -40.716526, -15.015800 -40.714458, -14.956564 -40.712359, -14.897332 -40.710231, -14.838103 -40.708072, -14.778879 -40.705882, -14.719658 -40.703663, -14.660441 -40.701413, -14.601228 -40.699133, -14.542019 -40.696823, -14.482815 -40.694482, -14.423614 -40.692111, -14.364418 -40.689710, -14.305226 -40.687279, -14.246039 -40.684817, -14.186856 -40.682326, -14.127677 -40.679804, -14.068503 -40.677251, -14.009333 -40.674669, -13.950168 -40.672056, -13.891008 -40.669414, -13.831852 -40.666741, -13.772702 -40.664038, -13.713556 -40.661304, -13.654414 -40.658541, -13.595278 -40.655747, -13.536147 -40.652923, -13.477021 -40.650069, -13.417900 -40.647185, -13.358784 -40.644271, -13.299673 -40.641326, -13.240567 -40.638352, -13.181467 -40.635347, -13.122372 -40.632312, -13.063283 -40.629247, -13.004199 -40.626152, -12.945120 -40.623027, -12.886047 -40.619872, -12.826980 -40.616686, -12.767918 -40.613471, -12.708862 -40.610225, -12.649812 -40.606950, -12.590767 -40.603644, -12.531728 -40.600308, -12.472696 -40.596942, -12.413669 -40.593547, -12.354648 -40.590121, -12.295634 -40.586665, -12.236625 -40.583179, -12.177623 -40.579663, -12.118627 -40.576117, -12.059637 -40.572541, -12.000654 -40.568935, -11.941677 -40.565299, -11.882706 -40.561633, -11.823742 -40.557937, -11.764784 -40.554211, -11.705833 -40.550455, -11.646889 -40.546669, -11.587951 -40.542853, -11.529020 -40.539007, -11.470096 -40.535132, -11.411179 -40.531226, -11.352268 -40.527290, -11.293365 -40.523325, -11.234468 -40.519330, -11.175579 -40.515304, -11.116696 -40.511249, -11.057821 -40.507164, -10.998953 -40.503049, -10.940092 -40.498904, -10.881239 -40.494730, -10.822393 -40.490525, -10.763554 -40.486291, -10.704723 -40.482027, -10.645899 -40.477733, -10.587083 -40.473409, -10.528274 -40.469055, -10.469473 -40.464672, -10.410680 -40.460259, -10.351894 -40.455816, -10.293117 -40.451343, -10.234347 -40.446840, -10.175585 -40.442308, -10.116831 -40.437746, -10.058085 -40.433154, -9.999347 -40.428533, -9.940617 -40.423881, -9.881895 -40.419200, -9.823182 -40.414490, -9.764476 -40.409749, -9.705779 -40.404979, -9.647091 -40.400180, -9.588411 -40.395350, -9.529739 -40.390491, -9.471075 -40.385603, -9.412421 -40.380684, -9.353774 -40.375736, -9.295137 -40.370759, -9.236508 -40.365752, -9.177888 -40.360715, -9.119277 -40.355648, -9.060674 -40.350553, -9.002080 -40.345427, -8.943496 -40.340272, -8.884920 -40.335087, -8.826353 -40.329873, -8.767796 -40.324629, -8.709247 -40.319356, -8.650708 -40.314053, -8.592178 -40.308721, -8.533657 -40.303359, -8.475145 -40.297968, -8.416643 -40.292548, -8.358151 -40.287097, -8.299667 -40.281618, -8.241193 -40.276109, -8.182729 -40.270570, -8.124275 -40.265002, -8.065830 -40.259405, -8.007394 -40.253778, -7.948969 -40.248122, -7.890553 -40.242437, -7.832147 -40.236722, -7.773751 -40.230978, -7.715365 -40.225205, -7.656989 -40.219402, -7.598623 -40.213570, -7.540267 -40.207708, -7.481921 -40.201817, -7.423585 -40.195897, -7.365259 -40.189948, -7.306944 -40.183969, -7.248639 -40.177961, -7.190344 -40.171924, -7.132060 -40.165858, -7.073786 -40.159763, -7.015523 -40.153638, -6.957270 -40.147484, -6.899028 -40.141301, -6.840797 -40.135088, -6.782576 -40.128847, -6.724365 -40.122576, -6.666166 -40.116277, -6.607977 -40.109948, -6.549800 -40.103590, -6.491633 -40.097203, -6.433477 -40.090787, -6.375332 -40.084341, -6.317198 -40.077867, -6.259075 -40.071364, -6.200963 -40.064831, -6.142863 -40.058270, -6.084774 -40.051679, -6.026695 -40.045060, -5.968629 -40.038412, -5.910573 -40.031734, -5.852529 -40.025028, -5.794497 -40.018292, -5.736476 -40.011528, -5.678466 -40.004735, -5.620468 -39.997913, -5.562482 -39.991062, -5.504507 -39.984182, -5.446544 -39.977273, -5.388592 -39.970336, -5.330653 -39.963369, -5.272725 -39.956374, -5.214809 -39.949350, -5.156905 -39.942297, -5.099014 -39.935215, -5.041134 -39.928104, -4.983266 -39.920965, -4.925410 -39.913797, -4.867566 -39.906600, -4.809735 -39.899374, -4.751915 -39.892120, -4.694108 -39.884837, -4.636314 -39.877526, -4.578531 -39.870185, -4.520761 -39.862816, -4.463004 -39.855418, -4.405259 -39.847992, -4.347526 -39.840537, -4.289806 -39.833054, -4.232099 -39.825542, -4.174404 -39.818001, -4.116722 -39.810432, -4.059053 -39.802834, -4.001396 -39.795207, -3.943752 -39.787552, -3.886121 -39.779869, -3.828503 -39.772157, -3.770898 -39.764417, -3.713306 -39.756648, -3.655727 -39.748850, -3.598161 -39.741025, -3.540608 -39.733170, -3.483068 -39.725288, -3.425542 -39.717377, -3.368028 -39.709437, -3.310528 -39.701470, -3.253041 -39.693474, -3.195568 -39.685449, -3.138107 -39.677396, -3.080661 -39.669315, -3.023227 -39.661206, -2.965808 -39.653068, -2.908401 -39.644902, -2.851009 -39.636708, -2.793630 -39.628486, -2.736264 -39.620235, -2.678913 -39.611956, -2.621575 -39.603649, -2.564251 -39.595314, -2.506940 -39.586951, -2.449644 -39.578559, -2.392361 -39.570140, -2.335093 -39.561692, -2.277838 -39.553216, -2.220597 -39.544712, -2.163371 -39.536180, -2.106158 -39.527620, -2.048960 -39.519032, -1.991776 -39.510416, -1.934606 -39.501772, -1.877450 -39.493099, -1.820308 -39.484399, -1.763181 -39.475671, -1.706068 -39.466915, -1.648970 -39.458131, -1.591886 -39.449320, -1.534816 -39.440480, -1.477761 -39.431612, -1.420721 -39.422717, -1.363695 -39.413793, -1.306684 -39.404842, -1.249687 -39.395863, -1.192705 -39.386856, -1.135738 -39.377822, -1.078786 -39.368759, -1.021848 -39.359669, -0.964925 -39.350552, -0.908017 -39.341406, -0.851124 -39.332233, -0.794246 -39.323032, -0.737383 -39.313803, -0.680535 -39.304547, -0.623702 -39.295263, -0.566884 -39.285951, -0.510081 -39.276612, -0.453294 -39.267245, -0.396521 -39.257851, -0.339764 -39.248429, -0.283022 -39.238980, -0.226296 -39.229503, -0.169584 -39.219999, -0.112889 -39.210467, -0.056208 -39.200907, 0.000457 -39.191320, 0.057106 -39.181706, 0.113741 -39.172064, 0.170359 -39.162395, 0.226962 -39.152699, 0.283549 -39.142975, 0.340121 -39.133224, 0.396677 -39.123445, 0.453217 -39.113639, 0.509741 -39.103806, 0.566250 -39.093945, 0.622743 -39.084058, 0.679220 -39.074143, 0.735681 -39.064201, 0.792126 -39.054231, 0.848555 -39.044234, 0.904969 -39.034211, 0.961366 -39.024160, 1.017747 -39.014081, 1.074112 -39.003976, 1.130461 -38.993844, 1.186794 -38.983684, 1.243110 -38.973498, 1.299411 -38.963284, 1.355695 -38.953043, 1.411963 -38.942776, 1.468214 -38.932481, 1.524449 -38.922159, 1.580668 -38.911811, 1.636870 -38.901435, 1.693056 -38.891033, 1.749226 -38.880603, 1.805379 -38.870147, 1.861515 -38.859664, 1.917635 -38.849154, 1.973738 -38.838617, 2.029825 -38.828053, 2.085895 -38.817462, 2.141948 -38.806845, 2.197985 -38.796201, 2.254004 -38.785530, 2.310007 -38.774832, 2.365994 -38.764108, 2.421963 -38.753357, 2.477915 -38.742579, 2.533851 -38.731775, 2.589769 -38.720944, 2.645671 -38.710086, 2.701556 -38.699202, 2.757423 -38.688291, 2.813274 -38.677354, 2.869107 -38.666390, 2.924924 -38.655399, 2.980723 -38.644382, 3.036505 -38.633338, 3.092270 -38.622268, 3.148017 -38.611172, 3.203747 -38.600049, 3.259461 -38.588900, 3.315156 -38.577724, 3.370835 -38.566522, 3.426496 -38.555293, 3.482139 -38.544039, 3.537765 -38.532757, 3.593374 -38.521450, 3.648965 -38.510116, 3.704539 -38.498756, 3.760095 -38.487370, 3.815633 -38.475957, 3.871154 -38.464519, 3.926658 -38.453054, 3.982143 -38.441563, 4.037611 -38.430045, 4.093062 -38.418502, 4.148494 -38.406933, 4.203909 -38.395337, 4.259306 -38.383715, 4.314685 -38.372067, 4.370046 -38.360394, 4.425390 -38.348694, 4.480715 -38.336968, 4.536023 -38.325216, 4.591313 -38.313438, 4.646584 -38.301635, 4.701838 -38.289805, 4.757074 -38.277950, 4.812291 -38.266068, 4.867491 -38.254161, 4.922672 -38.242228, 4.977835 -38.230269, 5.032980 -38.218284, 5.088107 -38.206273, 5.143216 -38.194237, 5.198307 -38.182175, 5.253379 -38.170087, 5.308433 -38.157974, 5.363468 -38.145834, 5.418486 -38.133669, 5.473485 -38.121479, 5.528465 -38.109263, 5.583428 -38.097021, 5.638371 -38.084754, 5.693297 -38.072461, 5.748203 -38.060142, 5.803092 -38.047798, 5.857961 -38.035429, 5.912813 -38.023034, 5.967645 -38.010613, 6.022459 -37.998167, 6.077255 -37.985696, 6.132032 -37.973199, 6.186790 -37.960677, 6.241529 -37.948129, 6.296250 -37.935556, 6.350952 -37.922958, 6.405635 -37.910334, 6.460300 -37.897685, 6.514945 -37.885011, 6.569572 -37.872312, 6.624180 -37.859587, 6.678769 -37.846838, 6.733339 -37.834063, 6.787891 -37.821262, 6.842423 -37.808437, 6.896937 -37.795587, 6.951431 -37.782711, 7.005906 -37.769810, 7.060363 -37.756885, 7.114800 -37.743934, 7.169218 -37.730958, 7.223618 -37.717957, 7.277998 -37.704931, 7.332359 -37.691881, 7.386701 -37.678805, 7.441023 -37.665704, 7.495327 -37.652579, 7.549611 -37.639428, 7.603876 -37.626253, 7.658122 -37.613053, 7.712348 -37.599828, 7.766555 -37.586578, 7.820743 -37.573304, 7.874912 -37.560005, 7.929061 -37.546681, 7.983191 -37.533332, 8.037301 -37.519958, 8.091392 -37.506560, 8.145464 -37.493138, 8.199516 -37.479690, 8.253549 -37.466218, 8.307562 -37.452722, 8.361556 -37.439200, 8.415530 -37.425655, 8.469484 -37.412084, 8.523419 -37.398490, 8.577335 -37.384870, 8.631231 -37.371227, 8.685107 -37.357559, 8.738964 -37.343866, 8.792801 -37.330149, 8.846618 -37.316408, 8.900416 -37.302642, 8.954193 -37.288852, 9.007952 -37.275037, 9.061690 -37.261199, 9.115409 -37.247336, 9.169108 -37.233448, 9.222787 -37.219537, 9.276446 -37.205601, 9.330085 -37.191641, 9.383705 -37.177657, 9.437305 -37.163649, 9.490885 -37.149617, 9.544444 -37.135560, 9.597985 -37.121480, 9.651505 -37.107375, 9.705005 -37.093247, 9.758485 -37.079094, 9.811945 -37.064917, 9.865385 -37.050717, 9.918806 -37.036492, 9.972206 -37.022243, 10.025586 -37.007971, 10.078946 -36.993675, 10.132286 -36.979354, 10.185606 -36.965010, 10.238906 -36.950642, 10.292185 -36.936251, 10.345445 -36.921835, 10.398684 -36.907396, 10.451904 -36.892933, 10.505103 -36.878446, 10.558282 -36.863936, 10.611440 -36.849401, 10.664579 -36.834844, 10.717697 -36.820262, 10.770795 -36.805657, 10.823872 -36.791028, 10.876930 -36.776376, 10.929967 -36.761700, 10.982984 -36.747001, 11.035980 -36.732278, 11.088956 -36.717532, 11.141912 -36.702762, 11.194847 -36.687969, 11.247762 -36.673152, 11.300657 -36.658312, 11.353531 -36.643449, 11.406385 -36.628562, 11.459218 -36.613652, 11.512031 -36.598719, 11.564824 -36.583762, 11.617596 -36.568782, 11.670347 -36.553779, 11.723078 -36.538752, 11.775789 -36.523703, 11.828479 -36.508630, 11.881148 -36.493534, 11.933797 -36.478415, 11.986426 -36.463272, 12.039034 -36.448107, 12.091621 -36.432919, 12.144187 -36.417707, 12.196733 -36.402473, 12.249259 -36.387215, 12.301764 -36.371934, 12.354248 -36.356631, 12.406711 -36.341305, 12.459154 -36.325955, 12.511576 -36.310583, 12.563978 -36.295188, 12.616359 -36.279770, 12.668719 -36.264329, 12.721058 -36.248865, 12.773377 -36.233379, 12.825675 -36.217870, 12.877952 -36.202338, 12.930208 -36.186783, 12.982444 -36.171206, 13.034659 -36.155606, 13.086853 -36.139983, 13.139026 -36.124338, 13.191179 -36.108670, 13.243310 -36.092979, 13.295421 -36.077266, 13.347511 -36.061531, 13.399580 -36.045772, 13.451628 -36.029992, 13.503656 -36.014188, 13.555662 -35.998363, 13.607648 -35.982515, 13.659613 -35.966644, 13.711557 -35.950751, 13.763480 -35.934836, 13.815382 -35.918899, 13.867263 -35.902939, 13.919123 -35.886956, 13.970962 -35.870952, 14.022781 -35.854925, 14.074578 -35.838876, 14.126354 -35.822805, 14.178110 -35.806711, 14.229844 -35.790596, 14.281558 -35.774458, 14.333250 -35.758298, 14.384921 -35.742116, 14.436572 -35.725912, 14.488201 -35.709686, 14.539810 -35.693438, 14.591397 -35.677168, 14.642963 -35.660875, 14.694508 -35.644561, 14.746032 -35.628225, 14.797536 -35.611867, 14.849018 -35.595487, 14.900478 -35.579085, 14.951918 -35.562662, 15.003337 -35.546216, 15.054735 -35.529749, 15.106111 -35.513259, 15.157467 -35.496749, 15.208801 -35.480216, 15.260114 -35.463661, 15.311406 -35.447085, 15.362677 -35.430487, 15.413927 -35.413868, 15.465156 -35.397227, 15.516363 -35.380564, 15.567549 -35.363880, 15.618714 -35.347174, 15.669858 -35.330446, 15.720981 -35.313698, 15.772083 -35.296927, 15.823163 -35.280135, 15.874222 -35.263322, 15.925260 -35.246487, 15.976277 -35.229630, 16.027273 -35.212753, 16.078247 -35.195854, 16.129200 -35.178933, 16.180132 -35.161992, 16.231043 -35.145028, 16.281933 -35.128044, 16.332801 -35.111039, 16.383648 -35.094012, 16.434474 -35.076964, 16.485278 -35.059894, 16.536062 -35.042804, 16.586824 -35.025692, 16.637564 -35.008560, 16.688284 -34.991406, 16.738982 -34.974231, 16.789659 -34.957035, 16.840315 -34.939818, 16.890949 -34.922580, 16.941562 -34.905321, 16.992154 -34.888041, 17.042725 -34.870740, 17.093274 -34.853418, 17.143802 -34.836076, 17.194309 -34.818712, 17.244794 -34.801327, 17.295258 -34.783922, 17.345701 -34.766496, 17.396123 -34.749049, 17.446523 -34.731581, 17.496902 -34.714093, 17.547259 -34.696583, 17.597595 -34.679054, 17.647910 -34.661503, 17.698204 -34.643932, 17.748476 -34.626340, 17.798727 -34.608727, 17.848957 -34.591094, 17.899165 -34.573441, 17.949352 -34.555766, 17.999517 -34.538072, 18.049662 -34.520356, 18.099785 -34.502621, 18.149886 -34.484864, 18.199967 -34.467088, 18.250025 -34.449291, 18.300063 -34.431473, 18.350079 -34.413635, 18.400074 -34.395777, 18.450048 -34.377899, 18.500000 -34.360000, 18.546850 -34.382907, 18.593725 -34.405796, 18.640627 -34.428668, 18.687553 -34.451521, 18.734506 -34.474356, 18.781484 -34.497174, 18.828488 -34.519973, 18.875518 -34.542755, 18.922573 -34.565518, 18.969654 -34.588264, 19.016761 -34.610991, 19.063894 -34.633700, 19.111052 -34.656391, 19.158237 -34.679064, 19.205447 -34.701719, 19.252683 -34.724355, 19.299945 -34.746974, 19.347233 -34.769574, 19.394546 -34.792155, 19.441886 -34.814719, 19.489251 -34.837264, 19.536643 -34.859790, 19.584060 -34.882299, 19.631504 -34.904788, 19.678973 -34.927260, 19.726468 -34.949713, 19.773990 -34.972147, 19.821537 -34.994563, 19.869110 -35.016960, 19.916710 -35.039339, 19.964335 -35.061699, 20.011987 -35.084041, 20.059665 -35.106364, 20.107369 -35.128668, 20.155099 -35.150953, 20.202855 -35.173220, 20.250637 -35.195468, 20.298445 -35.217697, 20.346280 -35.239908, 20.394141 -35.262100, 20.442028 -35.284272, 20.489941 -35.306426, 20.537881 -35.328561, 20.585846 -35.350677, 20.633838 -35.372774, 20.681857 -35.394852, 20.729901 -35.416911, 20.777972 -35.438952, 20.826069 -35.460973, 20.874193 -35.482974, 20.922342 -35.504957, 20.970519 -35.526921, 21.018721 -35.548865, 21.066950 -35.570791, 21.115206 -35.592697, 21.163487 -35.614583, 21.211795 -35.636451, 21.260130 -35.658299, 21.308491 -35.680128, 21.356879 -35.701938, 21.405293 -35.723728, 21.453733 -35.745499, 21.502200 -35.767250, 21.550693 -35.788982, 21.599213 -35.810694, 21.647760 -35.832387, 21.696333 -35.854061, 21.744932 -35.875715, 21.793559 -35.897349, 21.842211 -35.918963, 21.890891 -35.940558, 21.939596 -35.962134, 21.988329 -35.983689, 22.037088 -36.005225, 22.085874 -36.026741, 22.134686 -36.048238, 22.183525 -36.069714, 22.232391 -36.091171, 22.281283 -36.112608, 22.330203 -36.134025, 22.379148 -36.155422, 22.428121 -36.176800, 22.477120 -36.198157, 22.526146 -36.219494, 22.575199 -36.240811, 22.624278 -36.262109, 22.673384 -36.283386, 22.722517 -36.304643, 22.771677 -36.325880, 22.820863 -36.347097, 22.870077 -36.368294, 22.919317 -36.389470, 22.968584 -36.410626, 23.017877 -36.431762, 23.067198 -36.452878, 23.116546 -36.473973, 23.165920 -36.495049, 23.215321 -36.516103, 23.264749 -36.537138, 23.314204 -36.558152, 23.363686 -36.579145, 23.413195 -36.600118, 23.462730 -36.621071, 23.512293 -36.642003, 23.561882 -36.662914, 23.611499 -36.683805, 23.661142 -36.704676, 23.710813 -36.725526, 23.760510 -36.746355, 23.810234 -36.767163, 23.859985 -36.787951, 23.909764 -36.808718, 23.959569 -36.829464, 24.009401 -36.850189, 24.059260 -36.870894, 24.109147 -36.891578, 24.159060 -36.912241, 24.209000 -36.932883, 24.258968 -36.953504, 24.308962 -36.974104, 24.358984 -36.994683, 24.409032 -37.015241, 24.459108 -37.035779, 24.509211 -37.056295, 24.559341 -37.076790, 24.609497 -37.097264, 24.659681 -37.117717, 24.709893 -37.138148, 24.760131 -37.158559, 24.810396 -37.178948, 24.860689 -37.199316, 24.911008 -37.219663, 24.961355 -37.239988, 25.011729 -37.260292, 25.062130 -37.280575, 25.112558 -37.300836, 25.163013 -37.321076, 25.213496 -37.341295, 25.264006 -37.361492, 25.314543 -37.381667, 25.365107 -37.401821, 25.415698 -37.421954, 25.466316 -37.442065, 25.516962 -37.462154, 25.567635 -37.482222, 25.618335 -37.502268, 25.669062 -37.522292, 25.719817 -37.542295, 25.770599 -37.562276, 25.821408 -37.582235, 25.872244 -37.602172, 25.923107 -37.622088, 25.973998 -37.641982, 26.024916 -37.661854, 26.075861 -37.681704, 26.126834 -37.701532, 26.177833 -37.721338, 26.228860 -37.741122, 26.279915 -37.760884, 26.330996 -37.780624, 26.382105 -37.800342, 26.433241 -37.820038, 26.484404 -37.839712, 26.535595 -37.859363, 26.586813 -37.878993, 26.638058 -37.898600, 26.689331 -37.918185, 26.740631 -37.937748, 26.791958 -37.957288, 26.843312 -37.976806, 26.894694 -37.996302, 26.946103 -38.015776, 26.997539 -38.035227, 27.049003 -38.054656, 27.100494 -38.074062, 27.152012 -38.093445, 27.203558 -38.112807, 27.255131 -38.132145, 27.306731 -38.151462, 27.358359 -38.170755, 27.410013 -38.190026, 27.461696 -38.209274, 27.513405 -38.228500, 27.565142 -38.247703, 27.616906 -38.266883, 27.668698 -38.286041, 27.720517 -38.305175, 27.772363 -38.324287, 27.824236 -38.343376, 27.876137 -38.362442, 27.928065 -38.381486, 27.980021 -38.400506, 28.032004 -38.419504, 28.084014 -38.438478, 28.136051 -38.457429, 28.188116 -38.476358, 28.240208 -38.495263, 28.292328 -38.514145, 28.344475 -38.533005, 28.396649 -38.551841, 28.448850 -38.570653, 28.501079 -38.589443, 28.553335 -38.608210, 28.605619 -38.626953, 28.657930 -38.645673, 28.710268 -38.664369, 28.762633 -38.683043, 28.815026 -38.701692, 28.867446 -38.720319, 28.919893 -38.738922, 28.972368 -38.757502, 29.024870 -38.776058, 29.077399 -38.794591, 29.129956 -38.813100, 29.182540 -38.831585, 29.235151 -38.850047, 29.287790 -38.868486, 29.340456 -38.886900, 29.393149 -38.905291, 29.445869 -38.923659, 29.498617 -38.942002, 29.551392 -38.960322, 29.604194 -38.978619, 29.657023 -38.996891, 29.709880 -39.015139, 29.762764 -39.033364, 29.815676 -39.051565, 29.868614 -39.069741, 29.921580 -39.087894, 29.974573 -39.106023, 30.027594 -39.124128, 30.080641 -39.142209, 30.133716 -39.160266, 30.186818 -39.178298, 30.239947 -39.196307, 30.293104 -39.214292, 30.346288 -39.232252, 30.399499 -39.250188, 30.452737 -39.268100, 30.506002 -39.285987, 30.559295 -39.303851, 30.612614 -39.321690, 30.665961 -39.339504, 30.719336 -39.357295, 30.772737 -39.375061, 30.826165 -39.392802, 30.879621 -39.410519, 30.933104 -39.428212, 30.986614 -39.445880, 31.040151 -39.463523, 31.093715 -39.481142, 31.147306 -39.498737, 31.200925 -39.516307, 31.254570 -39.533852, 31.308243 -39.551372, 31.361943 -39.568868, 31.415669 -39.586339, 31.469423 -39.603785, 31.523204 -39.621207, 31.577012 -39.638604, 31.630847 -39.655976, 31.684710 -39.673323, 31.738599 -39.690645, 31.792515 -39.707942, 31.846458 -39.725214, 31.900429 -39.742461, 31.954426 -39.759684, 32.008450 -39.776881, 32.062501 -39.794053, 32.116580 -39.811200, 32.170685 -39.828322, 32.224817 -39.845419, 32.278976 -39.862491, 32.333162 -39.879537, 32.387375 -39.896558, 32.441615 -39.913554, 32.495882 -39.930525, 32.550175 -39.947470, 32.604496 -39.964390, 32.658843 -39.981285, 32.713217 -39.998154, 32.767619 -40.014998, 32.822047 -40.031816, 32.876501 -40.048609, 32.930983 -40.065377, 32.985491 -40.082119, 33.040027 -40.098835, 33.094589 -40.115526, 33.149177 -40.132191, 33.203793 -40.148830, 33.258435 -40.165444, 33.313104 -40.182032, 33.367800 -40.198595, 33.422522 -40.215131, 33.477272 -40.231642, 33.532047 -40.248127, 33.586850 -40.264587, 33.641679 -40.281020, 33.696535 -40.297427, 33.751417 -40.313809, 33.806326 -40.330164, 33.861262 -40.346494, 33.916224 -40.362798, 33.971213 -40.379075, 34.026228 -40.395327, 34.081270 -40.411552, 34.136338 -40.427752, 34.191433 -40.443925, 34.246555 -40.460072, 34.301702 -40.476193, 34.356877 -40.492287, 34.412078 -40.508356, 34.467305 -40.524398, 34.522558 -40.540413, 34.577839 -40.556403, 34.633145 -40.572366, 34.688478 -40.588303, 34.743837 -40.604213, 34.799222 -40.620097, 34.854634 -40.635954, 34.910072 -40.651785, 34.965537 -40.667589, 35.021028 -40.683367, 35.076545 -40.699118, 35.132088 -40.714843, 35.187657 -40.730541, 35.243253 -40.746212, 35.298875 -40.761857, 35.354523 -40.777475, 35.410197 -40.793066, 35.465897 -40.808630, 35.521623 -40.824168, 35.577376 -40.839679, 35.633154 -40.855163, 35.688959 -40.870620, 35.744790 -40.886050, 35.800646 -40.901453, 35.856529 -40.916829, 35.912438 -40.932178, 35.968372 -40.947501, 36.024333 -40.962796, 36.080319 -40.978064, 36.136332 -40.993305, 36.192370 -41.008519, 36.248434 -41.023706, 36.304524 -41.038865, 36.360640 -41.053998, 36.416781 -41.069103, 36.472949 -41.084181, 36.529142 -41.099231, 36.585361 -41.114254, 36.641605 -41.129250, 36.697875 -41.144219, 36.754171 -41.159160, 36.810493 -41.174074, 36.866840 -41.188960, 36.923213 -41.203819, 36.979611 -41.218650, 37.036035 -41.233454, 37.092485 -41.248230, 37.148960 -41.262979, 37.205460 -41.277700, 37.261986 -41.292393, 37.318537 -41.307059, 37.375114 -41.321697, 37.431716 -41.336308, 37.488344 -41.350890, 37.544997 -41.365445, 37.601675 -41.379972, 37.658379 -41.394471, 37.715108 -41.408943, 37.771862 -41.423386, 37.828641 -41.437802, 37.885446 -41.452189, 37.942275 -41.466549, 37.999130 -41.480881, 38.056010 -41.495185, 38.112915 -41.509460, 38.169845 -41.523708, 38.226801 -41.537927, 38.283781 -41.552119, 38.340786 -41.566282, 38.397816 -41.580417, 38.454871 -41.594524, 38.511951 -41.608603, 38.569056 -41.622653, 38.626186 -41.636675, 38.683341 -41.650669, 38.740520 -41.664635, 38.797725 -41.678572, 38.854954 -41.692481, 38.912208 -41.706361, 38.969486 -41.720213, 39.026789 -41.734037, 39.084117 -41.747832, 39.141469 -41.761598, 39.198846 -41.775336, 39.256248 -41.789046, 39.313674 -41.802727, 39.371125 -41.816379, 39.428600 -41.830003, 39.486099 -41.843598, 39.543623 -41.857164, 39.601171 -41.870701, 39.658744 -41.884210, 39.716341 -41.897690, 39.773962 -41.911142, 39.831608 -41.924564, 39.889277 -41.937958, 39.946971 -41.951322, 40.004690 -41.964658, 40.062432 -41.977965, 40.120198 -41.991243, 40.177989 -42.004492, 40.235803 -42.017712, 40.293642 -42.030903, 40.351504 -42.044065, 40.409391 -42.057198, 40.467301 -42.070301, 40.525235 -42.083376, 40.583194 -42.096422, 40.641175 -42.109438, 40.699181 -42.122425, 40.757211 -42.135383, 40.815264 -42.148311, 40.873341 -42.161211, 40.931441 -42.174081, 40.989566 -42.186921, 41.047713 -42.199733, 41.105885 -42.212515, 41.164080 -42.225267, 41.222298 -42.237991, 41.280540 -42.250684, 41.338805 -42.263348, 41.397094 -42.275983, 41.455406 -42.288588, 41.513741 -42.301164, 41.572099 -42.313710, 41.630481 -42.326227, 41.688886 -42.338713, 41.747314 -42.351171, 41.805766 -42.363598, 41.864240 -42.375996, 41.922738 -42.388364, 41.981258 -42.400702, 42.039802 -42.413011, 42.098368 -42.425290, 42.156957 -42.437538, 42.215570 -42.449758, 42.274205 -42.461947, 42.332863 -42.474106, 42.391543 -42.486235, 42.450247 -42.498335, 42.508973 -42.510404, 42.567722 -42.522444, 42.626493 -42.534453, 42.685287 -42.546433, 42.744104 -42.558382, 42.802943 -42.570301, 42.861804 -42.582191, 42.920688 -42.594050, 42.979594 -42.605878, 43.038523 -42.617677, 43.097474 -42.629446, 43.156447 -42.641184, 43.215442 -42.652892, 43.274460 -42.664569, 43.333500 -42.676217, 43.392562 -42.687834, 43.451645 -42.699421, 43.510751 -42.710977, 43.569879 -42.722503, 43.629029 -42.733998, 43.688201 -42.745463, 43.747395 -42.756898, 43.806610 -42.768302, 43.865847 -42.779675, 43.925106 -42.791018, 43.984387 -42.802331, 44.043689 -42.813613, 44.103013 -42.824864, 44.162359 -42.836085, 44.221726 -42.847275, 44.281114 -42.858434, 44.340524 -42.869562, 44.399956 -42.880660, 44.459408 -42.891727, 44.518882 -42.902764, 44.578378 -42.913769, 44.637894 -42.924744, 44.697432 -42.935688, 44.756991 -42.946601, 44.816571 -42.957483, 44.876172 -42.968334, 44.935794 -42.979154, 44.995437 -42.989944, 45.055100 -43.000702, 45.114785 -43.011429, 45.174491 -43.022126, 45.234217 -43.032791, 45.293964 -43.043425, 45.353732 -43.054028, 45.413520 -43.064600, 45.473329 -43.075141, 45.533159 -43.085651, 45.593009 -43.096129, 45.652879 -43.106577, 45.712770 -43.116993, 45.772681 -43.127378, 45.832613 -43.137731, 45.892565 -43.148054, 45.952537 -43.158345, 46.012529 -43.168604, 46.072541 -43.178833, 46.132574 -43.189030, 46.192626 -43.199195, 46.252698 -43.209329, 46.312791 -43.219432, 46.372903 -43.229503, 46.433035 -43.239543, 46.493187 -43.249551, 46.553359 -43.259528, 46.613550 -43.269473, 46.673761 -43.279386, 46.733992 -43.289268, 46.794242 -43.299119, 46.854511 -43.308938, 46.914800 -43.318725, 46.975109 -43.328480, 47.035436 -43.338204, 47.095783 -43.347896, 47.156150 -43.357556, 47.216535 -43.367185, 47.276940 -43.376781, 47.337364 -43.386346, 47.397806 -43.395879, 47.458268 -43.405381, 47.518749 -43.414850, 47.579248 -43.424288, 47.639767 -43.433693, 47.700304 -43.443067, 47.760860 -43.452409, 47.821435 -43.461718, 47.882028 -43.470996, 47.942640 -43.480242, 48.003270 -43.489456, 48.063919 -43.498638, 48.124586 -43.507787, 48.185272 -43.516905, 48.245975 -43.525990, 48.306698 -43.535044, 48.367438 -43.544065, 48.428196 -43.553054, 48.488973 -43.562011, 48.549768 -43.570935, 48.610580 -43.579828, 48.671411 -43.588688, 48.732259 -43.597516, 48.793126 -43.606312, 48.854010 -43.615075, 48.914911 -43.623806, 48.975831 -43.632505, 49.036768 -43.641171, 49.097722 -43.649805, 49.158694 -43.658407, 49.219684 -43.666976, 49.280691 -43.675512, 49.341715 -43.684017, 49.402756 -43.692488, 49.463815 -43.700928, 49.524891 -43.709335, 49.585984 -43.717709, 49.647094 -43.726050, 49.708221 -43.734360, 49.769365 -43.742636, 49.830525 -43.750880, 49.891703 -43.759091, 49.952897 -43.767270, 50.014108 -43.775416, 50.075336 -43.783530, 50.136580 -43.791610, 50.197841 -43.799658, 50.259119 -43.807673, 50.320412 -43.815656, 50.381722 -43.823606, 50.443049 -43.831522, 50.504391 -43.839407, 50.565750 -43.847258, 50.627125 -43.855076, 50.688516 -43.862862, 50.749923 -43.870615, 50.811346 -43.878335, 50.872785 -43.886021, 50.934239 -43.893675, 50.995710 -43.901297, 51.057196 -43.908885, 51.118698 -43.916440, 51.180215 -43.923962, 51.241748 -43.931451, 51.303296 -43.938907, 51.364860 -43.946330, 51.426439 -43.953720, 51.488033 -43.961077, 51.549643 -43.968401, 51.611268 -43.975692, 51.672907 -43.982949, 51.734562 -43.990174, 51.796232 -43.997365, 51.857917 -44.004523, 51.919616 -44.011648, 51.981331 -44.018740, 52.043060 -44.025798, 52.104804 -44.032824, 52.166562 -44.039816, 52.228335 -44.046774, 52.290123 -44.053700, 52.351924 -44.060592, 52.413741 -44.067451, 52.475571 -44.074276, 52.537416 -44.081068, 52.599275 -44.087827, 52.661148 -44.094552, 52.723035 -44.101244, 52.784936 -44.107903, 52.846851 -44.114528, 52.908780 -44.121120, 52.970722 -44.127678, 53.032678 -44.134203, 53.094648 -44.140694, 53.156632 -44.147152, 53.218629 -44.153576, 53.280640 -44.159966, 53.342663 -44.166324, 53.404701 -44.172647, 53.466751 -44.178937, 53.528815 -44.185194, 53.590892 -44.191416, 53.652982 -44.197605, 53.715085 -44.203761, 53.777201 -44.209883, 53.839329 -44.215971, 53.901471 -44.222026, 53.963625 -44.228047, 54.025792 -44.234034, 54.087972 -44.239987, 54.150164 -44.245907, 54.212369 -44.251793, 54.274586 -44.257645, 54.336815 -44.263463, 54.399057 -44.269248, 54.461311 -44.274999, 54.523577 -44.280716, 54.585855 -44.286399, 54.648146 -44.292048, 54.710448 -44.297664, 54.772762 -44.303245, 54.835088 -44.308793, 54.897425 -44.314307, 54.959774 -44.319787, 55.022135 -44.325233, 55.084508 -44.330645, 55.146892 -44.336023, 55.209287 -44.341367, 55.271693 -44.346677, 55.334111 -44.351953, 55.396540 -44.357195, 55.458981 -44.362404, 55.521432 -44.367578, 55.583894 -44.372718, 55.646368 -44.377824, 55.708852 -44.382896, 55.771347 -44.387934, 55.833852 -44.392938, 55.896368 -44.397908, 55.958895 -44.402843, 56.021433 -44.407745, 56.083981 -44.412612, 56.146539 -44.417446, 56.209107 -44.422245, 56.271686 -44.427010, 56.334275 -44.431741, 56.396874 -44.436437, 56.459483 -44.441100, 56.522102 -44.445728, 56.584731 -44.450322, 56.647369 -44.454882, 56.710018 -44.459407, 56.772676 -44.463898, 56.835344 -44.468356, 56.898021 -44.472778, 56.960708 -44.477167, 57.023404 -44.481521, 57.086109 -44.485841, 57.148824 -44.490126, 57.211548 -44.494378, 57.274281 -44.498595, 57.337023 -44.502777, 57.399774 -44.506925, 57.462533 -44.511039, 57.525302 -44.515119, 57.588080 -44.519164, 57.650866 -44.523175, 57.713660 -44.527151, 57.776464 -44.531093, 57.839275 -44.535000, 57.902095 -44.538873, 57.964924 -44.542712, 58.027761 -44.546516, 58.090605 -44.550286, 58.153458 -44.554021, 58.216319 -44.557722, 58.279188 -44.561388, 58.342065 -44.565020, 58.404950 -44.568617, 58.467842 -44.572180, 58.530742 -44.575708, 58.593650 -44.579202, 58.656565 -44.582661, 58.719488 -44.586086, 58.782418 -44.589476, 58.845355 -44.592831, 58.908300 -44.596152, 58.971251 -44.599439, 59.034210 -44.602691, 59.097176 -44.605908, 59.160149 -44.609090, 59.223128 -44.612238, 59.286115 -44.615352, 59.349108 -44.618431, 59.412108 -44.621475, 59.475114 -44.624484, 59.538127 -44.627459, 59.601146 -44.630399, 59.664172 -44.633305, 59.727204 -44.636176, 59.790242 -44.639012, 59.853286 -44.641814, 59.916336 -44.644581, 59.979392 -44.647313, 60.042454 -44.650010, 60.105522 -44.652673, 60.168596 -44.655301, 60.231675 -44.657894, 60.294760 -44.660453, 60.357851 -44.662977, 60.420947 -44.665466, 60.484048 -44.667920, 60.547155 -44.670340, 60.610267 -44.672725, 60.673384 -44.675075, 60.736506 -44.677391, 60.799633 -44.679671, 60.862765 -44.681917, 60.925902 -44.684128, 60.989044 -44.686304, 61.052190 -44.688446, 61.115341 -44.690553, 61.178497 -44.692624, 61.241657 -44.694661, 61.304821 -44.696664, 61.367990 -44.698631, 61.431163 -44.700564, 61.494341 -44.702462, 61.557522 -44.704324, 61.620707 -44.706153, 61.683897 -44.707946, 61.747090 -44.709704, 61.810287 -44.711428, 61.873488 -44.713117, 61.936692 -44.714771, 61.999900 -44.716390, 62.063112 -44.717974, 62.126326 -44.719523, 62.189545 -44.721037, 62.252766 -44.722517, 62.315991 -44.723962, 62.379219 -44.725371, 62.442450 -44.726746, 62.505683 -44.728086, 62.568920 -44.729391, 62.632160 -44.730661, 62.695402 -44.731897, 62.758647 -44.733097, 62.821894 -44.734263, 62.885145 -44.735393, 62.948397 -44.736489, 63.011652 -44.737550, 63.074909 -44.738575, 63.138168 -44.739566, 63.201430 -44.740522, 63.264693 -44.741443, 63.327959 -44.742330, 63.391226 -44.743181, 63.454495 -44.743997, 63.517766 -44.744778, 63.581039 -44.745525, 63.644313 -44.746236, 63.707589 -44.746913, 63.770866 -44.747554, 63.834145 -44.748161, 63.897425 -44.748733, 63.960706 -44.749270, 64.023988 -44.749771, 64.087271 -44.750238, 64.150555 -44.750670, 64.213841 -44.751067, 64.277126 -44.751429, 64.340413 -44.751756, 64.403701 -44.752049, 64.466989 -44.752306, 64.530277 -44.752528, 64.593566 -44.752715, 64.656856 -44.752868, 64.720145 -44.752985, 64.783435 -44.753067, 64.846725 -44.753115, 64.910015 -44.753127, 64.973305 -44.753105, 65.036595 -44.753048, 65.099885 -44.752955, 65.163175 -44.752828, 65.226464 -44.752666, 65.289753 -44.752468, 65.353041 -44.752236, 65.416329 -44.751969, 65.479616 -44.751667, 65.542903 -44.751330, 65.606189 -44.750958, 65.669474 -44.750551, 65.732758 -44.750109, 65.796041 -44.749633, 65.859322 -44.749121, 65.922603 -44.748574, 65.985883 -44.747992, 66.049161 -44.747376, 66.112438 -44.746724, 66.175713 -44.746038, 66.238987 -44.745316, 66.302259 -44.744560, 66.365529 -44.743769, 66.428798 -44.742943, 66.492065 -44.742081, 66.555330 -44.741185, 66.618593 -44.740254, 66.681854 -44.739289, 66.745112 -44.738288, 66.808369 -44.737252, 66.871623 -44.736181, 66.934875 -44.735076, 66.998124 -44.733935, 67.061371 -44.732760, 67.124615 -44.731549, 67.187857 -44.730304, 67.251095 -44.729024, 67.314331 -44.727709, 67.377564 -44.726359, 67.440794 -44.724974, 67.504021 -44.723555, 67.567245 -44.722100, 67.630466 -44.720611, 67.693683 -44.719087, 67.756897 -44.717527, 67.820107 -44.715933, 67.883314 -44.714304, 67.946518 -44.712641, 68.009717 -44.710942, 68.072913 -44.709209, 68.136106 -44.707440, 68.199294 -44.705637, 68.262478 -44.703799, 68.325658 -44.701926, 68.388834 -44.700018, 68.452006 -44.698076, 68.515174 -44.696099, 68.578337 -44.694087, 68.641496 -44.692040, 68.704650 -44.689958, 68.767800 -44.687841, 68.830945 -44.685690, 68.894085 -44.683504, 68.957221 -44.681283, 69.020352 -44.679027, 69.083477 -44.676737, 69.146598 -44.674411, 69.209714 -44.672051, 69.272824 -44.669657, 69.335929 -44.667227, 69.399029 -44.664763, 69.462123 -44.662264, 69.525212 -44.659730, 69.588296 -44.657161, 69.651374 -44.654558, 69.714446 -44.651920, 69.777512 -44.649248, 69.840572 -44.646540, 69.903627 -44.643798, 69.966675 -44.641022, 70.029718 -44.638210, 70.092754 -44.635364, 70.155784 -44.632483, 70.218808 -44.629568, 70.281826 -44.626618, 70.344837 -44.623633, 70.407841 -44.620614, 70.470839 -44.617560, 70.533830 -44.614471, 70.596815 -44.611348, 70.659792 -44.608190, 70.722763 -44.604998, 70.785727 -44.601771, 70.848684 -44.598509, 70.911633 -44.595213, 70.974576 -44.591882, 71.037511 -44.588517, 71.100439 -44.585117, 71.163360 -44.581682, 71.226273 -44.578213, 71.289178 -44.574710, 71.352076 -44.571172, 71.414966 -44.567599, 71.477849 -44.563992, 71.540723 -44.560350, 71.603590 -44.556674, 71.666449 -44.552964, 71.729299 -44.549219, 71.792142 -44.545439, 71.854976 -44.541625, 71.917802 -44.537777, 71.980620 -44.533894, 72.043429 -44.529977, 72.106230 -44.526025, 72.169023 -44.522039, 72.231806 -44.518019, 72.294581 -44.513964, 72.357347 -44.509874, 72.420105 -44.505751, 72.482853 -44.501593, 72.545593 -44.497401, 72.608323 -44.493174, 72.671044 -44.488913, 72.733756 -44.484618, 72.796459 -44.480288, 72.859153 -44.475924, 72.921837 -44.471526, 72.984511 -44.467093, 73.047176 -44.462627, 73.109831 -44.458126, 73.172477 -44.453590, 73.235113 -44.449021, 73.297739 -44.444417, 73.360355 -44.439779, 73.422961 -44.435107, 73.485558 -44.430401, 73.548144 -44.425660, 73.610719 -44.420885, 73.673285 -44.416077, 73.735840 -44.411234, 73.798385 -44.406356, 73.860919 -44.401445, 73.923443 -44.396500, 73.985957 -44.391520, 74.048459 -44.386507, 74.110951 -44.381459, 74.173432 -44.376377, 74.235902 -44.371262, 74.298361 -44.366112, 74.360810 -44.360928, 74.423247 -44.355710, 74.485673 -44.350458, 74.548087 -44.345173, 74.610491 -44.339853, 74.672883 -44.334499, 74.735263 -44.329111, 74.797633 -44.323689, 74.859990 -44.318234, 74.922336 -44.312744, 74.984670 -44.307221, 75.046993 -44.301664, 75.109303 -44.296072, 75.171602 -44.290447, 75.233889 -44.284788, 75.296164 -44.279096, 75.358426 -44.273369, 75.420677 -44.267609, 75.482915 -44.261814, 75.545141 -44.255986, 75.607355 -44.250125, 75.669556 -44.244229, 75.731744 -44.238300, 75.793920 -44.232337, 75.856084 -44.226340, 75.918235 -44.220310, 75.980373 -44.214246, 76.042498 -44.208148, 76.104610 -44.202016, 76.166709 -44.195851, 76.228795 -44.189653, 76.290869 -44.183420, 76.352929 -44.177154, 76.414975 -44.170855, 76.477009 -44.164522, 76.539029 -44.158155, 76.601036 -44.151755, 76.663029 -44.145321, 76.725009 -44.138854, 76.786975 -44.132353, 76.848927 -44.125819, 76.910866 -44.119251, 76.972791 -44.112650, 77.034702 -44.106015, 77.096599 -44.099347, 77.158482 -44.092646, 77.220351 -44.085911, 77.282206 -44.079143, 77.344046 -44.072341, 77.405873 -44.065506, 77.467685 -44.058638, 77.529483 -44.051736, 77.591266 -44.044801, 77.653035 -44.037833, 77.714789 -44.030832, 77.776529 -44.023797, 77.838254 -44.016729, 77.899964 -44.009628, 77.961659 -44.002494, 78.023340 -43.995326, 78.085005 -43.988126, 78.146656 -43.980892, 78.208292 -43.973625, 78.269912 -43.966325, 78.331517 -43.958991, 78.393107 -43.951625, 78.454682 -43.944226, 78.516241 -43.936793, 78.577785 -43.929328, 78.639314 -43.921829, 78.700827 -43.914298, 78.762324 -43.906733, 78.823806 -43.899136, 78.885271 -43.891505, 78.946722 -43.883842, 79.008156 -43.876146, 79.069574 -43.868416, 79.130977 -43.860654, 79.192363 -43.852859, 79.253733 -43.845032, 79.315088 -43.837171, 79.376426 -43.829278, 79.437747 -43.821351, 79.499053 -43.813392, 79.560342 -43.805400, 79.621615 -43.797376, 79.682871 -43.789319, 79.744110 -43.781229, 79.805333 -43.773106, 79.866540 -43.764951, 79.927729 -43.756763, 79.988902 -43.748542, 80.050058 -43.740289, 80.111197 -43.732003, 80.172319 -43.723685, 80.233424 -43.715334, 80.294513 -43.706950, 80.355584 -43.698534, 80.416637 -43.690086, 80.477674 -43.681605, 80.538693 -43.673091, 80.599695 -43.664546, 80.660680 -43.655967, 80.721647 -43.647356, 80.782596 -43.638713, 80.843528 -43.630038, 80.904443 -43.621330, 80.965339 -43.612590, 81.026218 -43.603817, 81.087080 -43.595012, 81.147923 -43.586175, 81.208748 -43.577306, 81.269556 -43.568404, 81.330345 -43.559470, 81.391117 -43.550504, 81.451870 -43.541506, 81.512605 -43.532476, 81.573322 -43.523413, 81.634021 -43.514319, 81.694702 -43.505192, 81.755363 -43.496033, 81.816007 -43.486843, 81.876632 -43.477620, 81.937239 -43.468365, 81.997827 -43.459078, 82.058396 -43.449759, 82.118947 -43.440408, 82.179478 -43.431025, 82.239991 -43.421611, 82.300486 -43.412164, 82.360961 -43.402686, 82.421417 -43.393175, 82.481855 -43.383633, 82.542273 -43.374059, 82.602672 -43.364454, 82.663052 -43.354816, 82.723413 -43.345147, 82.783755 -43.335446, 82.844077 -43.325713, 82.904380 -43.315949, 82.964663 -43.306152, 83.024928 -43.296325, 83.085172 -43.286465, 83.145397 -43.276574, 83.205602 -43.266652, 83.265788 -43.256698, 83.325954 -43.246712, 83.386100 -43.236695, 83.446227 -43.226646, 83.506334 -43.216566, 83.566420 -43.206454, 83.626487 -43.196311, 83.686534 -43.186137, 83.746561 -43.175931, 83.806567 -43.165694, 83.866554 -43.155425, 83.926520 -43.145125, 83.986466 -43.134794, 84.046392 -43.124432, 84.106297 -43.114038, 84.166182 -43.103613, 84.226047 -43.093157, 84.285891 -43.082669, 84.345715 -43.072151, 84.405518 -43.061601, 84.465301 -43.051020, 84.525062 -43.040408, 84.584804 -43.029765, 84.644524 -43.019091, 84.704224 -43.008386, 84.763902 -42.997650, 84.823560 -42.986883, 84.883197 -42.976085, 84.942813 -42.965256, 85.002408 -42.954396, 85.061982 -42.943505, 85.121535 -42.932583, 85.181067 -42.921630, 85.240577 -42.910647, 85.300066 -42.899633, 85.359534 -42.888588, 85.418981 -42.877512, 85.478406 -42.866405, 85.537810 -42.855268, 85.597193 -42.844100, 85.656554 -42.832901, 85.715893 -42.821672, 85.775211 -42.810412, 85.834507 -42.799121, 85.893782 -42.787800, 85.953034 -42.776449, 86.012265 -42.765066, 86.071475 -42.753654, 86.130662 -42.742210, 86.189828 -42.730737, 86.248971 -42.719233, 86.308093 -42.707698, 86.367193 -42.696133, 86.426270 -42.684538, 86.485326 -42.672912, 86.544360 -42.661256, 86.603371 -42.649570, 86.662360 -42.637853, 86.721327 -42.626107, 86.780271 -42.614330, 86.839194 -42.602522, 86.898094 -42.590685, 86.956971 -42.578817, 87.015826 -42.566920, 87.074659 -42.554992, 87.133469 -42.543034, 87.192256 -42.531046, 87.251021 -42.519028, 87.309764 -42.506980, 87.368483 -42.494902, 87.427180 -42.482794, 87.485855 -42.470656, 87.544506 -42.458488, 87.603135 -42.446291, 87.661740 -42.434063, 87.720323 -42.421806, 87.778883 -42.409518, 87.837420 -42.397201, 87.895934 -42.384855, 87.954425 -42.372478, 88.012893 -42.360072, 88.071338 -42.347636, 88.129759 -42.335170, 88.188158 -42.322675, 88.246533 -42.310150, 88.304885 -42.297596, 88.363214 -42.285012, 88.421519 -42.272398, 88.479801 -42.259755, 88.538059 -42.247082, 88.596295 -42.234380, 88.654506 -42.221649, 88.712694 -42.208888, 88.770859 -42.196098, 88.829000 -42.183278, 88.887118 -42.170429, 88.945212 -42.157551, 89.003282 -42.144643, 89.061328 -42.131706, 89.119351 -42.118740, 89.177350 -42.105744, 89.235325 -42.092720, 89.293277 -42.079666, 89.351204 -42.066583, 89.409108 -42.053471, 89.466987 -42.040330, 89.524843 -42.027160, 89.582675 -42.013961, 89.640482 -42.000732, 89.698266 -41.987475, 89.756026 -41.974189, 89.813761 -41.960874, 89.871472 -41.947530, 89.929159 -41.934157, 89.986822 -41.920755, 90.044461 -41.907325, 90.102075 -41.893865, 90.159665 -41.880377, 90.217231 -41.866860, 90.274772 -41.853314, 90.332289 -41.839740, 90.389782 -41.826137, 90.447250 -41.812505, 90.504694 -41.798845, 90.562113 -41.785156, 90.619507 -41.771438, 90.676877 -41.757692, 90.734223 -41.743917, 90.791544 -41.730114, 90.848840 -41.716282, 90.906111 -41.702422, 90.963358 -41.688534, 91.020580 -41.674617, 91.077777 -41.660672, 91.134950 -41.646698, 91.192097 -41.632696, 91.249220 -41.618666, 91.306318 -41.604608, 91.363391 -41.590521, 91.420439 -41.576406, 91.477462 -41.562263, 91.534460 -41.548092, 91.591433 -41.533892, 91.648382 -41.519665, 91.705305 -41.505409, 91.762203 -41.491125, 91.819075 -41.476814, 91.875923 -41.462474, 91.932746 -41.448106, 91.989543 -41.433711, 92.046315 -41.419287, 92.103062 -41.404836, 92.159784 -41.390357, 92.216480 -41.375850, 92.273151 -41.361315, 92.329797 -41.346752, 92.386417 -41.332161, 92.443012 -41.317543, 92.499582 -41.302897, 92.556126 -41.288224, 92.612645 -41.273522, 92.669138 -41.258793, 92.725606 -41.244037, 92.782048 -41.229253, 92.838465 -41.214441, 92.894856 -41.199602, 92.951221 -41.184736, 93.007561 -41.169841, 93.063876 -41.154920, 93.120164 -41.139971, 93.176427 -41.124995, 93.232664 -41.109991, 93.288876 -41.094960, 93.345062 -41.079902, 93.401222 -41.064816, 93.457356 -41.049703, 93.513464 -41.034563, 93.569547 -41.019396, 93.625604 -41.004201, 93.681635 -40.988980, 93.737640 -40.973731, 93.793619 -40.958455, 93.849572 -40.943152, 93.905499 -40.927822, 93.961401 -40.912465, 94.017276 -40.897081, 94.073125 -40.881671, 94.128948 -40.866233, 94.184746 -40.850768, 94.240517 -40.835277, 94.296262 -40.819758, 94.351981 -40.804213, 94.407674 -40.788641, 94.463340 -40.773042, 94.518981 -40.757417, 94.574595 -40.741765, 94.630183 -40.726086, 94.685745 -40.710380, 94.741281 -40.694648, 94.796791 -40.678889, 94.852274 -40.663104, 94.907731 -40.647292, 94.963162 -40.631454, 95.018566 -40.615589, 95.073944 -40.599697, 95.129296 -40.583780, 95.184621 -40.567835, 95.239920 -40.551865, 95.295192 -40.535868, 95.350439 -40.519845, 95.405658 -40.503795, 95.460852 -40.487719, 95.516019 -40.471617, 95.571159 -40.455489, 95.626273 -40.439335, 95.681360 -40.423154, 95.736421 -40.406947, 95.791455 -40.390714, 95.846463 -40.374455, 95.901444 -40.358170, 95.956399 -40.341859, 96.011327 -40.325522, 96.066228 -40.309159, 96.121103 -40.292771, 96.175951 -40.276356, 96.230773 -40.259915, 96.285568 -40.243448, 96.340336 -40.226956, 96.395078 -40.210438, 96.449793 -40.193894, 96.504481 -40.177324, 96.559142 -40.160729, 96.613777 -40.144108, 96.668385 -40.127461, 96.722966 -40.110789, 96.777520 -40.094091, 96.832048 -40.077367, 96.886549 -40.060618, 96.941023 -40.043843, 96.995470 -40.027043, 97.049890 -40.010217, 97.104284 -39.993366, 97.158650 -39.976490, 97.212990 -39.959588, 97.267303 -39.942661, 97.321589 -39.925708, 97.375848 -39.908730, 97.430081 -39.891727, 97.484286 -39.874699, 97.538464 -39.857645, 97.592616 -39.840566, 97.646740 -39.823462, 97.700838 -39.806333, 97.754908 -39.789179, 97.808952 -39.772000, 97.862968 -39.754795, 97.916958 -39.737566, 97.970921 -39.720312, 98.024856 -39.703032, 98.078765 -39.685728, 98.132646 -39.668399, 98.186501 -39.651045, 98.240328 -39.633666, 98.294128 -39.616262, 98.347902 -39.598834, 98.401648 -39.581380, 98.455367 -39.563902, 98.509059 -39.546399, 98.562724 -39.528872, 98.616362 -39.511320, 98.669973 -39.493743, 98.723556 -39.476141, 98.777113 -39.458516, 98.830642 -39.440865, 98.884144 -39.423190, 98.937619 -39.405490, 98.991067 -39.387766, 99.044488 -39.370018, 99.097882 -39.352245, 99.151248 -39.334448, 99.204587 -39.316626, 99.257899 -39.298780, 99.311184 -39.280910, 99.364442 -39.263016, 99.417672 -39.245097, 99.470876 -39.227154, 99.524052 -39.209187, 99.577200 -39.191195, 99.630322 -39.173180, 99.683416 -39.155140, 99.736483 -39.137077, 99.789523 -39.118989, 99.842536 -39.100877, 99.895521 -39.082742, 99.948479 -39.064582, 100.001410 -39.046398, 100.054314 -39.028191, 100.107190 -39.009959, 100.160039 -38.991704, 100.212861 -38.973425, 100.265655 -38.955122, 100.318423 -38.936796, 100.371163 -38.918445, 100.423875 -38.900071, 100.476561 -38.881673, 100.529219 -38.863252, 100.581849 -38.844807, 100.634453 -38.826338, 100.687029 -38.807846, 100.739578 -38.789330, 100.792100 -38.770791, 100.844594 -38.752228, 100.897061 -38.733641, 100.949500 -38.715032, 101.001913 -38.696399, 101.054298 -38.677742, 101.106655 -38.659062, 101.158986 -38.640359, 101.211289 -38.621632, 101.263564 -38.602883, 101.315813 -38.584110, 101.368034 -38.565313, 101.420228 -38.546494, 101.472394 -38.527651, 101.524533 -38.508786, 101.576645 -38.489897, 101.628729 -38.470985, 101.680786 -38.452050, 101.732816 -38.433092, 101.784818 -38.414111, 101.836794 -38.395107, 101.888741 -38.376080, 101.940662 -38.357030, 101.992555 -38.337958, 102.044421 -38.318862, 102.096259 -38.299744, 102.148070 -38.280603, 102.199854 -38.261439, 102.251610 -38.242252, 102.303339 -38.223043, 102.355041 -38.203811, 102.406716 -38.184556, 102.458363 -38.165278, 102.509983 -38.145978, 102.561575 -38.126656, 102.613140 -38.107311, 102.664678 -38.087943, 102.716189 -38.068553, 102.767672 -38.049140, 102.819128 -38.029705, 102.870556 -38.010248, 102.921958 -37.990768, 102.973332 -37.971266, 103.024678 -37.951741, 103.075998 -37.932195, 103.127290 -37.912625, 103.178554 -37.893034, 103.229792 -37.873420, 103.281002 -37.853785, 103.332185 -37.834127, 103.383341 -37.814447, 103.434469 -37.794745, 103.485570 -37.775020, 103.536644 -37.755274, 103.587690 -37.735506, 103.638710 -37.715715, 103.689702 -37.695903, 103.740666 -37.676069, 103.791604 -37.656213, 103.842514 -37.636334, 103.893397 -37.616434, 103.944253 -37.596513, 103.995081 -37.576569, 104.045882 -37.556604, 104.096656 -37.536617, 104.147403 -37.516608, 104.198123 -37.496577, 104.248815 -37.476525, 104.299480 -37.456451, 104.350118 -37.436356, 104.400729 -37.416239, 104.451313 -37.396100, 104.501869 -37.375940, 104.552398 -37.355758, 104.602900 -37.335555, 104.653375 -37.315330, 104.703823 -37.295084, 104.754243 -37.274817, 104.804636 -37.254528, 104.855003 -37.234218, 104.905342 -37.213887, 104.955654 -37.193534, 105.005938 -37.173160, 105.056196 -37.152765, 105.106426 -37.132348, 105.156630 -37.111910, 105.206806 -37.091452, 105.256955 -37.070972, 105.307078 -37.050471, 105.357173 -37.029949, 105.407241 -37.009405, 105.457281 -36.988841, 105.507295 -36.968256, 105.557282 -36.947650, 105.607242 -36.927023, 105.657174 -36.906375, 105.707080 -36.885706, 105.756959 -36.865016, 105.806810 -36.844306, 105.856635 -36.823574, 105.906432 -36.802822, 105.956203 -36.782050, 106.005947 -36.761256, 106.055663 -36.740442, 106.105353 -36.719607, 106.155016 -36.698751, 106.204651 -36.677875, 106.254260 -36.656978, 106.303842 -36.636061, 106.353397 -36.615123, 106.402925 -36.594164, 106.452426 -36.573185, 106.501900 -36.552186, 106.551348 -36.531166, 106.600768 -36.510126, 106.650161 -36.489066, 106.699528 -36.467985, 106.748868 -36.446884, 106.798181 -36.425762, 106.847467 -36.404620, 106.896726 -36.383458, 106.945959 -36.362276, 106.995165 -36.341074, 107.044344 -36.319851, 107.093496 -36.298608, 107.142621 -36.277346, 107.191720 -36.256063, 107.240791 -36.234760, 107.289837 -36.213437, 107.338855 -36.192094, 107.387846 -36.170731, 107.436811 -36.149348, 107.485750 -36.127945, 107.534661 -36.106522, 107.583546 -36.085080, 107.632404 -36.063617, 107.681235 -36.042135, 107.730040 -36.020633, 107.778819 -35.999111, 107.827570 -35.977570, 107.876295 -35.956009, 107.924993 -35.934428, 107.973665 -35.912827, 108.022310 -35.891207, 108.070929 -35.869567, 108.119521 -35.847908, 108.168086 -35.826229, 108.216625 -35.804530, 108.265138 -35.782812, 108.313624 -35.761075, 108.362083 -35.739318, 108.410516 -35.717542, 108.458922 -35.695746, 108.507302 -35.673931, 108.555656 -35.652097, 108.603983 -35.630243, 108.652284 -35.608370, 108.700558 -35.586478, 108.748806 -35.564566, 108.797027 -35.542635, 108.845222 -35.520685, 108.893391 -35.498716, 108.941533 -35.476728, 108.989650 -35.454721, 109.037739 -35.432694, 109.085803 -35.410649, 109.133840 -35.388585, 109.181850 -35.366501, 109.229835 -35.344399, 109.277793 -35.322277, 109.325725 -35.300137, 109.373631 -35.277978, 109.421511 -35.255799, 109.469364 -35.233602, 109.517191 -35.211387, 109.564992 -35.189152, 109.612767 -35.166899, 109.660516 -35.144627, 109.708238 -35.122336, 109.755935 -35.100026, 109.803605 -35.077698, 109.851249 -35.055351, 109.898867 -35.032986, 109.946459 -35.010602, 109.994025 -34.988199, 110.041565 -34.965778, 110.089079 -34.943338, 110.136567 -34.920880, 110.184029 -34.898404, 110.231465 -34.875908, 110.278875 -34.853395, 110.326259 -34.830863, 110.373618 -34.808313, 110.420950 -34.785744, 110.468256 -34.763157, 110.515536 -34.740552, 110.562791 -34.717929, 110.610020 -34.695287, 110.657223 -34.672627, 110.704400 -34.649949, 110.751551 -34.627253, 110.798676 -34.604539, 110.845776 -34.581806, 110.892850 -34.559056, 110.939898 -34.536287, 110.986920 -34.513501, 111.033917 -34.490696, 111.080888 -34.467873, 111.127833 -34.445033, 111.174752 -34.422174, 111.221646 -34.399298, 111.268514 -34.376404, 111.315357 -34.353492, 111.362174 -34.330562, 111.408966 -34.307614, 111.455731 -34.284648, 111.502472 -34.261665, 111.549186 -34.238664, 111.595876 -34.215645, 111.642539 -34.192609, 111.689177 -34.169555, 111.735790 -34.146483, 111.782377 -34.123394, 111.828939 -34.100287, 111.875476 -34.077162, 111.921987 -34.054020, 111.968472 -34.030861, 112.014932 -34.007684, 112.061367 -33.984489, 112.107777 -33.961277, 112.154161 -33.938048, 112.200520 -33.914801, 112.246853 -33.891537, 112.293161 -33.868256, 112.339444 -33.844957, 112.385702 -33.821641, 112.431935 -33.798308, 112.478142 -33.774958, 112.524324 -33.751590, 112.570481 -33.728205, 112.616613 -33.704803, 112.662720 -33.681384, 112.708801 -33.657948, 112.754858 -33.634494, 112.800889 -33.611024, 112.846895 -33.587537, 112.892876 -33.564032, 112.938833 -33.540511, 112.984764 -33.516972, 113.030670 -33.493417, 113.076551 -33.469845, 113.122407 -33.446255, 113.168239 -33.422649, 113.214045 -33.399026, 113.259827 -33.375387, 113.305583 -33.351730, 113.351315 -33.328057, 113.397022 -33.304367, 113.442704 -33.280660, 113.488361 -33.256937, 113.533993 -33.233197, 113.579601 -33.209440, 113.625184 -33.185666, 113.670742 -33.161876, 113.716275 -33.138070, 113.761784 -33.114247, 113.807268 -33.090407, 113.852727 -33.066551, 113.898162 -33.042678, 113.943572 -33.018789, 113.988958 -32.994883, 114.034319 -32.970961, 114.079655 -32.947023, 114.124967 -32.923068, 114.170254 -32.899097, 114.215516 -32.875110, 114.260755 -32.851106, 114.305968 -32.827086, 114.351158 -32.803050, 114.396322 -32.778998, 114.441463 -32.754929, 114.486579 -32.730844, 114.531670 -32.706744, 114.576738 -32.682626, 114.621781 -32.658493, 114.666799 -32.634344, 114.711794 -32.610179, 114.756764 -32.585997, 114.801709 -32.561800, 114.846631 -32.537587, 114.891528 -32.513358, 114.936401 -32.489112, 114.981250 -32.464851, 115.026075 -32.440574, 115.070875 -32.416281, 115.115652 -32.391973, 115.160404 -32.367648, 115.205132 -32.343308, 115.249837 -32.318952, 115.294517 -32.294580, 115.339173 -32.270192, 115.383805 -32.245789, 115.428413 -32.221370, 115.472997 -32.196935, 115.517557 -32.172485, 115.562094 -32.148019, 115.606606 -32.123538, 115.651095 -32.099041, 115.695559 -32.074528, 115.740000 -32.050000, 115.729173 -32.093174, 115.718335 -32.136347, 115.707488 -32.179518, 115.696630 -32.222689, 115.685762 -32.265859, 115.674883 -32.309028, 115.663994 -32.352197, 115.653095 -32.395364, 115.642185 -32.438530, 115.631265 -32.481695, 115.620334 -32.524860, 115.609393 -32.568023, 115.598441 -32.611186, 115.587479 -32.654347, 115.576506 -32.697508, 115.565522 -32.740668, 115.554528 -32.783826, 115.543523 -32.826984, 115.532508 -32.870141, 115.521481 -32.913297, 115.510444 -32.956451, 115.499396 -32.999605, 115.488338 -33.042758, 115.477268 -33.085910, 115.466188 -33.129061, 115.455097 -33.172211, 115.443995 -33.215360, 115.432881 -33.258508, 115.421757 -33.301655, 115.410622 -33.344801, 115.399476 -33.387946, 115.388319 -33.431090, 115.377150 -33.474233, 115.365971 -33.517375, 115.354780 -33.560516, 115.343579 -33.603656, 115.332366 -33.646795, 115.321141 -33.689933, 115.309906 -33.733070, 115.298659 -33.776206, 115.287401 -33.819340, 115.276131 -33.862474, 115.264850 -33.905607, 115.253558 -33.948739, 115.242254 -33.991870, 115.230939 -34.035000, 115.219612 -34.078128, 115.208274 -34.121256, 115.196924 -34.164383, 115.185563 -34.207508, 115.174189 -34.250633, 115.162805 -34.293756, 115.151408 -34.336879, 115.140000 -34.380000, 115.186307 -34.403572, 115.232640 -34.427127, 115.279000 -34.450665, 115.325385 -34.474184, 115.371796 -34.497687, 115.418234 -34.521172, 115.464698 -34.544639, 115.511188 -34.568088, 115.557705 -34.591520, 115.604247 -34.614935, 115.650816 -34.638331, 115.697411 -34.661710, 115.744032 -34.685071, 115.790680 -34.708415, 115.837354 -34.731740, 115.884054 -34.755048, 115.930781 -34.778338, 115.977534 -34.801610, 116.024314 -34.824865, 116.071120 -34.848101, 116.117952 -34.871319, 116.164811 -34.894520, 116.211696 -34.917702, 116.258608 -34.940866, 116.305546 -34.964013, 116.352511 -34.987141, 116.399502 -35.010251, 116.446520 -35.033343, 116.493564 -35.056417, 116.540635 -35.079473, 116.587733 -35.102511, 116.634857 -35.125530, 116.682008 -35.148531, 116.729185 -35.171514, 116.776389 -35.194478, 116.823620 -35.217424, 116.870878 -35.240352, 116.918162 -35.263262, 116.965473 -35.286153, 117.012810 -35.309025, 117.060175 -35.331879, 117.107566 -35.354715, 117.154984 -35.377532, 117.202429 -35.400331, 117.249901 -35.423111, 117.297399 -35.445872, 117.344925 -35.468615, 117.392477 -35.491340, 117.440056 -35.514045, 117.487663 -35.536732, 117.535296 -35.559400, 117.582956 -35.582049, 117.630642 -35.604680, 117.678356 -35.627292, 117.726097 -35.649885, 117.773865 -35.672459, 117.821660 -35.695014, 117.869482 -35.717551, 117.917331 -35.740068, 117.965207 -35.762567, 118.013110 -35.785046, 118.061040 -35.807507, 118.108998 -35.829948, 118.156982 -35.852370, 118.204994 -35.874774, 118.253032 -35.897158, 118.301098 -35.919523, 118.349191 -35.941869, 118.397311 -35.964196, 118.445459 -35.986503, 118.493634 -36.008791, 118.541836 -36.031060, 118.590065 -36.053310, 118.638321 -36.075540, 118.686605 -36.097751, 118.734916 -36.119943, 118.783254 -36.142115, 118.831620 -36.164268, 118.880013 -36.186401, 118.928433 -36.208515, 118.976881 -36.230609, 119.025356 -36.252684, 119.073858 -36.274739, 119.122388 -36.296774, 119.170945 -36.318790, 119.219530 -36.340787, 119.268142 -36.362763, 119.316781 -36.384720, 119.365448 -36.406657, 119.414143 -36.428575, 119.462865 -36.450472, 119.511614 -36.472350, 119.560391 -36.494208, 119.609196 -36.516046, 119.658028 -36.537865, 119.706888 -36.559663, 119.755775 -36.581441, 119.804690 -36.603200, 119.853632 -36.624938, 119.902602 -36.646656, 119.951599 -36.668355, 120.000625 -36.690033, 120.049678 -36.711691, 120.098758 -36.733329, 120.147866 -36.754947, 120.197002 -36.776544, 120.246165 -36.798122, 120.295357 -36.819679, 120.344576 -36.841216, 120.393822 -36.862733, 120.443096 -36.884229, 120.492399 -36.905705, 120.541728 -36.927160, 120.591086 -36.948595, 120.640471 -36.970010, 120.689884 -36.991404, 120.739325 -37.012778, 120.788794 -37.034131, 120.838291 -37.055464, 120.887815 -37.076776, 120.937367 -37.098067, 120.986947 -37.119338, 121.036555 -37.140588, 121.086191 -37.161818, 121.135855 -37.183027, 121.185546 -37.204215, 121.235266 -37.225382, 121.285013 -37.246529, 121.334788 -37.267654, 121.384591 -37.288759, 121.434423 -37.309843, 121.484282 -37.330906, 121.534169 -37.351948, 121.584084 -37.372969, 121.634027 -37.393970, 121.683997 -37.414949, 121.733996 -37.435907, 121.784023 -37.456844, 121.834078 -37.477760, 121.884161 -37.498655, 121.934272 -37.519528, 121.984411 -37.540381, 122.034578 -37.561212, 122.084773 -37.582022, 122.134996 -37.602811, 122.185247 -37.623578, 122.235527 -37.644324, 122.285834 -37.665049, 122.336169 -37.685753, 122.386533 -37.706435, 122.436924 -37.727095, 122.487344 -37.747734, 122.537792 -37.768352, 122.588268 -37.788948, 122.638772 -37.809523, 122.689304 -37.830076, 122.739864 -37.850607, 122.790453 -37.871117, 122.841070 -37.891605, 122.891714 -37.912071, 122.942387 -37.932516, 122.993089 -37.952939, 123.043818 -37.973340, 123.094576 -37.993719, 123.145361 -38.014077, 123.196175 -38.034413, 123.247017 -38.054727, 123.297888 -38.075019, 123.348786 -38.095288, 123.399713 -38.115537, 123.450668 -38.135763, 123.501652 -38.155967, 123.552663 -38.176148, 123.603703 -38.196308, 123.654771 -38.216446, 123.705867 -38.236562, 123.756992 -38.256655, 123.808145 -38.276726, 123.859326 -38.296775, 123.910535 -38.316802, 123.961773 -38.336807, 124.013039 -38.356789, 124.064333 -38.376749, 124.115656 -38.396686, 124.167006 -38.416602, 124.218386 -38.436494, 124.269793 -38.456365, 124.321229 -38.476212, 124.372693 -38.496038, 124.424185 -38.515840, 124.475706 -38.535621, 124.527255 -38.555378, 124.578832 -38.575113, 124.630438 -38.594825, 124.682072 -38.614515, 124.733734 -38.634182, 124.785425 -38.653826, 124.837144 -38.673448, 124.888891 -38.693046, 124.940667 -38.712622, 124.992471 -38.732175, 125.044304 -38.751706, 125.096164 -38.771213, 125.148053 -38.790697, 125.199971 -38.810158, 125.251917 -38.829597, 125.303891 -38.849012, 125.355893 -38.868404, 125.407924 -38.887774, 125.459984 -38.907120, 125.512071 -38.926443, 125.564187 -38.945743, 125.616332 -38.965019, 125.668504 -38.984273, 125.720706 -39.003503, 125.772935 -39.022710, 125.825193 -39.041893, 125.877479 -39.061054, 125.929794 -39.080191, 125.982137 -39.099304, 126.034508 -39.118394, 126.086908 -39.137461, 126.139336 -39.156504, 126.191792 -39.175524, 126.244277 -39.194520, 126.296790 -39.213493, 126.349332 -39.232442, 126.401902 -39.251367, 126.454500 -39.270269, 126.507127 -39.289147, 126.559782 -39.308001, 126.612465 -39.326832, 126.665177 -39.345639, 126.717917 -39.364422, 126.770685 -39.383181, 126.823482 -39.401917, 126.876307 -39.420628, 126.929161 -39.439316, 126.982043 -39.457980, 127.034953 -39.476619, 127.087892 -39.495235, 127.140859 -39.513827, 127.193854 -39.532395, 127.246877 -39.550938, 127.299929 -39.569458, 127.353010 -39.587953, 127.406118 -39.606424, 127.459255 -39.624872, 127.512420 -39.643294, 127.565614 -39.661693, 127.618836 -39.680067, 127.672086 -39.698417, 127.725364 -39.716743, 127.778671 -39.735044, 127.832006 -39.753321, 127.885369 -39.771573, 127.938761 -39.789801, 127.992181 -39.808005, 128.045629 -39.826184, 128.099105 -39.844339, 128.152610 -39.862468, 128.206143 -39.880574, 128.259704 -39.898655, 128.313294 -39.916711, 128.366912 -39.934742, 128.420558 -39.952749, 128.474232 -39.970731, 128.527934 -39.988688, 128.581665 -40.006620, 128.635424 -40.024528, 128.689211 -40.042410, 128.743026 -40.060268, 128.796870 -40.078101, 128.850741 -40.095909, 128.904641 -40.113692, 128.958569 -40.131450, 129.012526 -40.149183, 129.066510 -40.166891, 129.120523 -40.184574, 129.174563 -40.202231, 129.228632 -40.219864, 129.282729 -40.237471, 129.336854 -40.255053, 129.391007 -40.272610, 129.445188 -40.290142, 129.499398 -40.307648, 129.553635 -40.325130, 129.607901 -40.342585, 129.662194 -40.360016, 129.716516 -40.377421, 129.770866 -40.394800, 129.825244 -40.412154, 129.879649 -40.429483, 129.934083 -40.446786, 129.988545 -40.464064, 130.043035 -40.481316, 130.097553 -40.498542, 130.152099 -40.515743, 130.206672 -40.532918, 130.261274 -40.550067, 130.315904 -40.567191, 130.370562 -40.584289, 130.425247 -40.601361, 130.479961 -40.618407, 130.534702 -40.635428, 130.589471 -40.652423, 130.644269 -40.669391, 130.699094 -40.686334, 130.753947 -40.703251, 130.808827 -40.720142, 130.863736 -40.737007, 130.918672 -40.753846, 130.973637 -40.770659, 131.028629 -40.787446, 131.083649 -40.804206, 131.138696 -40.820941, 131.193772 -40.837649, 131.248875 -40.854331, 131.304006 -40.870987, 131.359164 -40.887616, 131.414350 -40.904220, 131.469564 -40.920797, 131.524806 -40.937347, 131.580075 -40.953872, 131.635372 -40.970370, 131.690697 -40.986841, 131.746049 -41.003286, 131.801429 -41.019704, 131.856837 -41.036096, 131.912272 -41.052462, 131.967734 -41.068801, 132.023224 -41.085113, 132.078742 -41.101399, 132.134287 -41.117657, 132.189860 -41.133890, 132.245460 -41.150095, 132.301088 -41.166274, 132.356743 -41.182426, 132.412425 -41.198551, 132.468135 -41.214650, 132.523873 -41.230721, 132.579637 -41.246766, 132.635430 -41.262783, 132.691249 -41.278774, 132.747096 -41.294738, 132.802970 -41.310675, 132.858871 -41.326584, 132.914800 -41.342467, 132.970756 -41.358323, 133.026739 -41.374151, 133.082750 -41.389952, 133.138787 -41.405727, 133.194852 -41.421474, 133.250944 -41.437193, 133.307064 -41.452886, 133.363210 -41.468551, 133.419383 -41.484189, 133.475584 -41.499799, 133.531811 -41.515383, 133.588066 -41.530938, 133.644348 -41.546467, 133.700657 -41.561968, 133.756992 -41.577441, 133.813355 -41.592887, 133.869745 -41.608305, 133.926161 -41.623696, 133.982605 -41.639059, 134.039075 -41.654395, 134.095572 -41.669703, 134.152096 -41.684983, 134.208647 -41.700235, 134.265225 -41.715460, 134.321830 -41.730657, 134.378461 -41.745826, 134.435119 -41.760968, 134.491804 -41.776081, 134.548515 -41.791167, 134.605253 -41.806225, 134.662018 -41.821255, 134.718810 -41.836256, 134.775628 -41.851230, 134.832472 -41.866176, 134.889343 -41.881094, 134.946241 -41.895984, 135.003165 -41.910845, 135.060116 -41.925679, 135.117093 -41.940484, 135.174097 -41.955262, 135.231127 -41.970011, 135.288183 -41.984731, 135.345266 -41.999424, 135.402375 -42.014088, 135.459510 -42.028724, 135.516672 -42.043331, 135.573860 -42.057911, 135.631074 -42.072461, 135.688315 -42.086984, 135.745581 -42.101477, 135.802874 -42.115943, 135.860193 -42.130380, 135.917538 -42.144788, 135.974909 -42.159168, 136.032306 -42.173519, 136.089729 -42.187842, 136.147179 -42.202135, 136.204654 -42.216401, 136.262155 -42.230637, 136.319682 -42.244845, 136.377235 -42.259024, 136.434814 -42.273174, 136.492418 -42.287296, 136.550049 -42.301388, 136.607705 -42.315452, 136.665387 -42.329487, 136.723094 -42.343493, 136.780828 -42.357470, 136.838587 -42.371417, 136.896371 -42.385336, 136.954182 -42.399226, 137.012017 -42.413087, 137.069879 -42.426919, 137.127766 -42.440722, 137.185678 -42.454495, 137.243616 -42.468240, 137.301579 -42.481955, 137.359568 -42.495641, 137.417582 -42.509298, 137.475621 -42.522925, 137.533685 -42.536523, 137.591775 -42.550092, 137.649890 -42.563631, 137.708031 -42.577142, 137.766196 -42.590622, 137.824387 -42.604073, 137.882602 -42.617495, 137.940843 -42.630888, 137.999109 -42.644250, 138.057400 -42.657584, 138.115716 -42.670887, 138.174056 -42.684161, 138.232422 -42.697406, 138.290813 -42.710621, 138.349228 -42.723806, 138.407668 -42.736961, 138.466133 -42.750087, 138.524623 -42.763183, 138.583137 -42.776249, 138.641676 -42.789286, 138.700240 -42.802292, 138.758828 -42.815269, 138.817441 -42.828216, 138.876079 -42.841133, 138.934741 -42.854020, 138.993427 -42.866877, 139.052138 -42.879704, 139.110873 -42.892501, 139.169632 -42.905268, 139.228416 -42.918005, 139.287224 -42.930712, 139.346057 -42.943389, 139.404913 -42.956035, 139.463794 -42.968652, 139.522699 -42.981238, 139.581628 -42.993794, 139.640581 -43.006320, 139.699558 -43.018815, 139.758559 -43.031281, 139.817584 -43.043716, 139.876633 -43.056120, 139.935705 -43.068494, 139.994802 -43.080838, 140.053922 -43.093152, 140.113066 -43.105435, 140.172234 -43.117687, 140.231425 -43.129909, 140.290641 -43.142100, 140.349879 -43.154261, 140.409141 -43.166392, 140.468427 -43.178491, 140.527736 -43.190561, 140.587069 -43.202599, 140.646425 -43.214607, 140.705804 -43.226584, 140.765207 -43.238530, 140.824633 -43.250446, 140.884082 -43.262331, 140.943555 -43.274185, 141.003050 -43.286008, 141.062569 -43.297801, 141.122110 -43.309562, 141.181675 -43.321293, 141.241263 -43.332992, 141.300873 -43.344661, 141.360507 -43.356299, 141.420163 -43.367906, 141.479842 -43.379482, 141.539544 -43.391026, 141.599269 -43.402540, 141.659016 -43.414023, 141.718786 -43.425474, 141.778579 -43.436894, 141.838394 -43.448283, 141.898231 -43.459641, 141.958091 -43.470968, 142.017974 -43.482264, 142.077879 -43.493528, 142.137806 -43.504761, 142.197755 -43.515963, 142.257727 -43.527133, 142.317720 -43.538272, 142.377736 -43.549380, 142.437774 -43.560456, 142.497834 -43.571500, 142.557917 -43.582514, 142.618021 -43.593496, 142.678147 -43.604446, 142.738294 -43.615365, 142.798464 -43.626252, 142.858655 -43.637108, 142.918868 -43.647932, 142.979103 -43.658724, 143.039360 -43.669485, 143.099638 -43.680214, 143.159937 -43.690912, 143.220258 -43.701578, 143.280601 -43.712212, 143.340964 -43.722814, 143.401350 -43.733385, 143.461756 -43.743923, 143.522184 -43.754430, 143.582633 -43.764905, 143.643103 -43.775349, 143.703594 -43.785760, 143.764106 -43.796139, 143.824639 -43.806487, 143.885193 -43.816802, 143.945768 -43.827086, 144.006364 -43.837337, 144.066981 -43.847557, 144.127618 -43.857744, 144.188276 -43.867899, 144.248955 -43.878023, 144.309654 -43.888114, 144.370374 -43.898173, 144.431114 -43.908200, 144.491875 -43.918194, 144.552656 -43.928157, 144.613457 -43.938087, 144.674279 -43.947985, 144.735121 -43.957851, 144.795983 -43.967684, 144.856865 -43.977485, 144.917768 -43.987254, 144.978690 -43.996990, 145.039632 -44.006694, 145.100595 -44.016366, 145.161577 -44.026005, 145.222579 -44.035612, 145.283600 -44.045186, 145.344641 -44.054728, 145.405702 -44.064237, 145.466783 -44.073714, 145.527883 -44.083158, 145.589003 -44.092570, 145.650142 -44.101949, 145.711300 -44.111295, 145.772478 -44.120609, 145.833674 -44.129890, 145.894891 -44.139139, 145.956126 -44.148355, 146.017380 -44.157538, 146.078654 -44.166688, 146.139946 -44.175806, 146.201257 -44.184890, 146.262587 -44.193942, 146.323936 -44.202961, 146.385304 -44.211948, 146.446690 -44.220901, 146.508095 -44.229822, 146.569519 -44.238709, 146.630961 -44.247564, 146.692422 -44.256386, 146.753901 -44.265175, 146.815398 -44.273931, 146.876914 -44.282653, 146.938448 -44.291343, 147.000000 -44.300000, 147.061811 -44.292227, 147.123605 -44.284421, 147.185382 -44.276582, 147.247144 -44.268710, 147.308888 -44.260804, 147.370616 -44.252865, 147.432327 -44.244892, 147.494022 -44.236887, 147.555700 -44.228848, 147.617360 -44.220776, 147.679004 -44.212671, 147.740631 -44.204533, 147.802241 -44.196362, 147.863833 -44.188157, 147.925409 -44.179920, 147.986967 -44.171649, 148.048508 -44.163346, 148.110032 -44.155009, 148.171538 -44.146639, 148.233027 -44.138237, 148.294498 -44.129801, 148.355952 -44.121333, 148.417387 -44.112831, 148.478806 -44.104297, 148.540206 -44.095729, 148.601589 -44.087129, 148.662954 -44.078496, 148.724300 -44.069830, 148.785629 -44.061132, 148.846940 -44.052400, 148.908233 -44.043636, 148.969507 -44.034839, 149.030764 -44.026009, 149.092002 -44.017147, 149.153221 -44.008252, 149.214423 -43.999324, 149.275605 -43.990364, 149.336770 -43.981370, 149.397915 -43.972345, 149.459043 -43.963286, 149.520151 -43.954195, 149.581241 -43.945072, 149.642312 -43.935916, 149.703364 -43.926728, 149.764397 -43.917507, 149.825411 -43.908253, 149.886407 -43.898967, 149.947383 -43.889649, 150.008340 -43.880298, 150.069278 -43.870915, 150.130197 -43.861499, 150.191096 -43.852051, 150.251976 -43.842571, 150.312837 -43.833059, 150.373678 -43.823514, 150.434500 -43.813937, 150.495303 -43.804328, 150.556085 -43.794686, 150.616848 -43.785012, 150.677592 -43.775306, 150.738315 -43.765568, 150.799019 -43.755798, 150.859703 -43.745996, 150.920367 -43.736161, 150.981011 -43.726295, 151.041636 -43.716396, 151.102240 -43.706466, 151.162824 -43.696503, 151.223387 -43.686508, 151.283931 -43.676482, 151.344454 -43.666423, 151.404957 -43.656333, 151.465440 -43.646211, 151.525902 -43.636057, 151.586344 -43.625870, 151.646765 -43.615653, 151.707166 -43.605403, 151.767546 -43.595121, 151.827905 -43.584808, 151.888244 -43.574463, 151.948562 -43.564087, 152.008859 -43.553678, 152.069135 -43.543238, 152.129391 -43.532766, 152.189625 -43.522263, 152.249839 -43.511728, 152.310031 -43.501161, 152.370202 -43.490563, 152.430353 -43.479934, 152.490481 -43.469272, 152.550589 -43.458580, 152.610676 -43.447856, 152.670741 -43.437100, 152.730784 -43.426313, 152.790807 -43.415495, 152.850807 -43.404645, 152.910787 -43.393764, 152.970744 -43.382851, 153.030681 -43.371907, 153.090595 -43.360932, 153.150488 -43.349926, 153.210359 -43.338888, 153.270208 -43.327819, 153.330035 -43.316719, 153.389841 -43.305588, 153.449624 -43.294426, 153.509386 -43.283232, 153.569126 -43.272008, 153.628843 -43.260752, 153.688538 -43.249466, 153.748212 -43.238148, 153.807863 -43.226799, 153.867491 -43.215420, 153.927098 -43.204009, 153.986682 -43.192567, 154.046244 -43.181095, 154.105783 -43.169591, 154.165300 -43.158057, 154.224795 -43.146492, 154.284267 -43.134896, 154.343716 -43.123270, 154.403143 -43.111612, 154.462547 -43.099924, 154.521928 -43.088205, 154.581287 -43.076456, 154.640623 -43.064675, 154.699936 -43.052864, 154.759226 -43.041023, 154.818493 -43.029151, 154.877738 -43.017248, 154.936959 -43.005315, 154.996157 -42.993351, 155.055332 -42.981357, 155.114484 -42.969332, 155.173613 -42.957277, 155.232719 -42.945192, 155.291801 -42.933076, 155.350861 -42.920929, 155.409897 -42.908753, 155.468909 -42.896546, 155.527898 -42.884308, 155.586864 -42.872041, 155.645806 -42.859743, 155.704725 -42.847415, 155.763620 -42.835057, 155.822492 -42.822668, 155.881340 -42.810250, 155.940164 -42.797801, 155.998965 -42.785322, 156.057742 -42.772813, 156.116495 -42.760275, 156.175225 -42.747706, 156.233930 -42.735107, 156.292612 -42.722478, 156.351269 -42.709819, 156.409903 -42.697130, 156.468513 -42.684412, 156.527099 -42.671663, 156.585661 -42.658885, 156.644198 -42.646077, 156.702712 -42.633239, 156.761201 -42.620371, 156.819666 -42.607474, 156.878107 -42.594547, 156.936524 -42.581590, 156.994916 -42.568603, 157.053284 -42.555587, 157.111628 -42.542541, 157.169947 -42.529466, 157.228242 -42.516361, 157.286512 -42.503227, 157.344758 -42.490063, 157.402979 -42.476869, 157.461176 -42.463647, 157.519348 -42.450394, 157.577496 -42.437113, 157.635619 -42.423802, 157.693717 -42.410461, 157.751790 -42.397091, 157.809839 -42.383692, 157.867862 -42.370264, 157.925861 -42.356807, 157.983835 -42.343320, 158.041785 -42.329804, 158.099709 -42.316259, 158.157608 -42.302684, 158.215483 -42.289081, 158.273332 -42.275449, 158.331156 -42.261787, 158.388955 -42.248097, 158.446730 -42.234377, 158.504479 -42.220628, 158.562202 -42.206851, 158.619901 -42.193045, 158.677574 -42.179209, 158.735222 -42.165345, 158.792845 -42.151452, 158.850443 -42.137530, 158.908015 -42.123580, 158.965562 -42.109600, 159.023083 -42.095592, 159.080579 -42.081555, 159.138049 -42.067490, 159.195494 -42.053395, 159.252914 -42.039272, 159.310308 -42.025121, 159.367676 -42.010941, 159.425019 -41.996732, 159.482336 -41.982495, 159.539628 -41.968230, 159.596893 -41.953936, 159.654133 -41.939613, 159.711348 -41.925262, 159.768536 -41.910883, 159.825699 -41.896475, 159.882836 -41.882039, 159.939947 -41.867575, 159.997033 -41.853082, 160.054092 -41.838561, 160.111126 -41.824012, 160.168133 -41.809435, 160.225115 -41.794830, 160.282071 -41.780196, 160.339000 -41.765534, 160.395904 -41.750844, 160.452781 -41.736126, 160.509633 -41.721381, 160.566458 -41.706607, 160.623257 -41.691805, 160.680030 -41.676975, 160.736777 -41.662117, 160.793498 -41.647231, 160.850192 -41.632318, 160.906860 -41.617377, 160.963502 -41.602407, 161.020118 -41.587410, 161.076707 -41.572386, 161.133270 -41.557333, 161.189806 -41.542253, 161.246317 -41.527145, 161.302800 -41.512010, 161.359258 -41.496846, 161.415689 -41.481656, 161.472093 -41.466437, 161.528471 -41.451191, 161.584822 -41.435918, 161.641147 -41.420617, 161.697445 -41.405289, 161.753717 -41.389933, 161.809962 -41.374550, 161.866181 -41.359140, 161.922373 -41.343702, 161.978538 -41.328237, 162.034676 -41.312744, 162.090788 -41.297224, 162.146873 -41.281678, 162.202932 -41.266103, 162.258963 -41.250502, 162.314968 -41.234874, 162.370946 -41.219218, 162.426897 -41.203535, 162.482822 -41.187825, 162.538719 -41.172089, 162.594590 -41.156325, 162.650433 -41.140534, 162.706250 -41.124716, 162.762040 -41.108872, 162.817803 -41.093000, 162.873539 -41.077102, 162.929248 -41.061176, 162.984930 -41.045224, 163.040585 -41.029245, 163.096213 -41.013240, 163.151814 -40.997207, 163.207388 -40.981148, 163.262935 -40.965062, 163.318455 -40.948950, 163.373947 -40.932811, 163.429413 -40.916645, 163.484851 -40.900453, 163.540262 -40.884235, 163.595646 -40.867989, 163.651003 -40.851718, 163.706333 -40.835419, 163.761635 -40.819095, 163.816910 -40.802744, 163.872158 -40.786367, 163.927379 -40.769963, 163.982572 -40.753533, 164.037738 -40.737077, 164.092877 -40.720594, 164.147989 -40.704086, 164.203073 -40.687551, 164.258130 -40.670990, 164.313159 -40.654402, 164.368161 -40.637789, 164.423136 -40.621150, 164.478083 -40.604484, 164.533003 -40.587793, 164.587895 -40.571075, 164.642760 -40.554332, 164.697597 -40.537562, 164.752407 -40.520767, 164.807190 -40.503946, 164.861945 -40.487099, 164.916673 -40.470226, 164.971373 -40.453327, 165.026045 -40.436403, 165.080690 -40.419453, 165.135308 -40.402477, 165.189897 -40.385475, 165.244460 -40.368448, 165.298994 -40.351395, 165.353502 -40.334317, 165.407981 -40.317213, 165.462433 -40.300083, 165.516857 -40.282928, 165.571254 -40.265748, 165.625623 -40.248542, 165.679964 -40.231310, 165.734278 -40.214053, 165.788564 -40.196771, 165.842822 -40.179463, 165.897053 -40.162131, 165.951256 -40.144772, 166.005431 -40.127389, 166.059578 -40.109980, 166.113698 -40.092546, 166.167790 -40.075087, 166.221854 -40.057603, 166.275891 -40.040094, 166.329899 -40.022560, 166.383880 -40.005000, 166.437834 -39.987416, 166.491759 -39.969806, 166.545657 -39.952172, 166.599526 -39.934512, 166.653368 -39.916828, 166.707183 -39.899119, 166.760969 -39.881385, 166.814727 -39.863626, 166.868458 -39.845842, 166.922161 -39.828034, 166.975836 -39.810200, 167.029483 -39.792343, 167.083102 -39.774460, 167.136693 -39.756553, 167.190257 -39.738621, 167.243793 -39.720664, 167.297300 -39.702683, 167.350780 -39.684678, 167.404232 -39.666647, 167.457656 -39.648593, 167.511052 -39.630514, 167.564420 -39.612410, 167.617760 -39.594282, 167.671073 -39.576130, 167.724357 -39.557953, 167.777614 -39.539752, 167.830842 -39.521527, 167.884043 -39.503277, 167.937215 -39.485004, 167.990360 -39.466706, 168.043476 -39.448384, 168.096565 -39.430037, 168.149626 -39.411667, 168.202659 -39.393272, 168.255664 -39.374854, 168.308640 -39.356411, 168.361589 -39.337945, 168.414510 -39.319454, 168.467403 -39.300940, 168.520268 -39.282401, 168.573105 -39.263839, 168.625914 -39.245253, 168.678695 -39.226642, 168.731447 -39.208009, 168.784172 -39.189351, 168.836869 -39.170670, 168.889538 -39.151965, 168.942179 -39.133236, 168.994792 -39.114483, 169.047377 -39.095707, 169.099933 -39.076908, 169.152462 -39.058084, 169.204963 -39.039237, 169.257436 -39.020367, 169.309881 -39.001473, 169.362297 -38.982556, 169.414686 -38.963615, 169.467047 -38.944651, 169.519379 -38.925664, 169.571684 -38.906653, 169.623961 -38.887618, 169.676209 -38.868561, 169.728430 -38.849480, 169.780622 -38.830376, 169.832787 -38.811249, 169.884923 -38.792099, 169.937032 -38.772925, 169.989112 -38.753728, 170.041165 -38.734509, 170.093189 -38.715266, 170.145186 -38.696000, 170.197154 -38.676711, 170.249094 -38.657399, 170.301007 -38.638064, 170.352891 -38.618707, 170.404747 -38.599326, 170.456576 -38.579922, 170.508376 -38.560496, 170.560148 -38.541047, 170.611892 -38.521575, 170.663609 -38.502080, 170.715297 -38.482563, 170.766957 -38.463022, 170.818590 -38.443460, 170.870194 -38.423874, 170.921770 -38.404266, 170.973318 -38.384635, 171.024839 -38.364982, 171.076331 -38.345306, 171.127795 -38.325608, 171.179232 -38.305887, 171.230640 -38.286144, 171.282020 -38.266378, 171.333373 -38.246590, 171.384697 -38.226780, 171.435994 -38.206947, 171.487262 -38.187092, 171.538503 -38.167215, 171.589715 -38.147315, 171.640900 -38.127394, 171.692057 -38.107450, 171.743185 -38.087483, 171.794286 -38.067495, 171.845359 -38.047485, 171.896404 -38.027452, 171.947421 -38.007398, 171.998410 -37.987321, 172.049371 -37.967223, 172.100305 -37.947102, 172.151210 -37.926960, 172.202088 -37.906795, 172.252937 -37.886609, 172.303759 -37.866401, 172.354553 -37.846171, 172.405319 -37.825919, 172.456057 -37.805645, 172.506767 -37.785350, 172.557450 -37.765033, 172.608104 -37.744694, 172.658731 -37.724334, 172.709330 -37.703952, 172.759901 -37.683548, 172.810444 -37.663123, 172.860959 -37.642676, 172.911447 -37.622208, 172.961906 -37.601718, 173.012338 -37.581207, 173.062743 -37.560674, 173.113119 -37.540120, 173.163467 -37.519544, 173.213788 -37.498948, 173.264081 -37.478329, 173.314347 -37.457690, 173.364584 -37.437029, 173.414794 -37.416347, 173.464976 -37.395644, 173.515130 -37.374919, 173.565257 -37.354174, 173.615356 -37.333407, 173.665427 -37.312619, 173.715470 -37.291810, 173.765486 -37.270980, 173.815474 -37.250129, 173.865434 -37.229257, 173.915367 -37.208364, 173.965272 -37.187450, 174.015150 -37.166515, 174.065000 -37.145559, 174.114822 -37.124583, 174.164616 -37.103585, 174.214383 -37.082567, 174.264123 -37.061528, 174.313834 -37.040468, 174.363519 -37.019387, 174.413175 -36.998286, 174.462804 -36.977164, 174.512406 -36.956022, 174.561980 -36.934858, 174.611526 -36.913675, 174.661045 -36.892470, 174.710536 -36.871245, 174.760000 -36.850000, 174.796251 -36.884199, 174.832534 -36.918387, 174.868850 -36.952564, 174.905199 -36.986730, 174.941580 -37.020885, 174.977994 -37.055029, 175.014440 -37.089162, 175.050920 -37.123283, 175.087432 -37.157394, 175.123978 -37.191493, 175.160556 -37.225580, 175.197167 -37.259657, 175.233812 -37.293722, 175.270490 -37.327776, 175.307201 -37.361819, 175.343945 -37.395850, 175.380723 -37.429870, 175.417534 -37.463879, 175.454379 -37.497876, 175.491257 -37.531862, 175.528169 -37.565836, 175.565114 -37.599799, 175.602093 -37.633750, 175.639106 -37.667689, 175.676153 -37.701617, 175.713234 -37.735534, 175.750349 -37.769439, 175.787498 -37.803332, 175.824681 -37.837213, 175.861898 -37.871083, 175.899149 -37.904941, 175.936435 -37.938787, 175.973755 -37.972622, 176.011109 -38.006445, 176.048498 -38.040255, 176.085922 -38.074054, 176.123380 -38.107842, 176.160872 -38.141617, 176.198400 -38.175380, 176.235962 -38.209132, 176.273559 -38.242871, 176.311191 -38.276598, 176.348858 -38.310314, 176.386560 -38.344017, 176.424297 -38.377708, 176.462069 -38.411387, 176.499877 -38.445054, 176.537719 -38.478709, 176.575597 -38.512352, 176.613511 -38.545982, 176.651460 -38.579600, 176.689444 -38.613206, 176.727464 -38.646800, 176.765520 -38.680381, 176.803611 -38.713950, 176.841739 -38.747507, 176.879902 -38.781051, 176.918101 -38.814583, 176.956336 -38.848102, 176.994607 -38.881609, 177.032914 -38.915103, 177.071257 -38.948585, 177.109637 -38.982054, 177.148052 -39.015511, 177.186505 -39.048955, 177.224993 -39.082387, 177.263518 -39.115805, 177.302080 -39.149211, 177.340678 -39.182605, 177.379313 -39.215985, 177.417985 -39.249353, 177.456693 -39.282708, 177.495439 -39.316050, 177.534221 -39.349380, 177.573040 -39.382696, 177.611897 -39.416000, 177.650790 -39.449290, 177.689721 -39.482568, 177.728689 -39.515833, 177.767694 -39.549084, 177.806737 -39.582323, 177.845817 -39.615548, 177.884935 -39.648761, 177.924090 -39.681960, 177.963283 -39.715146, 178.002514 -39.748319, 178.041782 -39.781479, 178.081089 -39.814625, 178.120433 -39.847759, 178.159815 -39.880878, 178.199235 -39.913985, 178.238694 -39.947078, 178.278190 -39.980158, 178.317725 -40.013224, 178.357299 -40.046277, 178.396910 -40.079317, 178.436560 -40.112343, 178.476249 -40.145355, 178.515976 -40.178354, 178.555742 -40.211339, 178.595546 -40.244311, 178.635389 -40.277269, 178.675271 -40.310213, 178.715192 -40.343144, 178.755152 -40.376061, 178.795152 -40.408964, 178.835190 -40.441853, 178.875267 -40.474728, 178.915384 -40.507590, 178.955540 -40.540438, 178.995735 -40.573272, 179.035970 -40.606091, 179.076244 -40.638897, 179.116558 -40.671689, 179.156912 -40.704467, 179.197305 -40.737231, 179.237738 -40.769981, 179.278211 -40.802716, 179.318724 -40.835438, 179.359277 -40.868145, 179.399870 -40.900838, 179.440504 -40.933517, 179.481177 -40.966181, 179.521891 -40.998831, 179.562645 -41.031467, 179.603439 -41.064089, 179.644274 -41.096696, 179.685149 -41.129288, 179.726065 -41.161866, 179.767022 -41.194430, 179.808020 -41.226979, 179.849058 -41.259514, 179.890137 -41.292034, 179.931257 -41.324539, 179.972419 -41.357030, 180.000000 -41.378770), (-180.000000 -41.378770, -179.986379 -41.389506, -179.945135 -41.421968, -179.903851 -41.454414, -179.862525 -41.486846, -179.821157 -41.519263, -179.779748 -41.551665, -179.738298 -41.584053, -179.696806 -41.616425, -179.655272 -41.648783, -179.613697 -41.681125, -179.572079 -41.713453, -179.530420 -41.745765, -179.488719 -41.778063, -179.446976 -41.810345, -179.405191 -41.842612, -179.363364 -41.874864, -179.321494 -41.907101, -179.279582 -41.939323, -179.237628 -41.971529, -179.195632 -42.003720, -179.153592 -42.035896, -179.111511 -42.068056, -179.069386 -42.100201, -179.027219 -42.132331, -178.985009 -42.164445, -178.942757 -42.196544, -178.900461 -42.228627, -178.858122 -42.260694, -178.815741 -42.292746, -178.773316 -42.324783, -178.730848 -42.356804, -178.688336 -42.388809, -178.645781 -42.420798, -178.603183 -42.452772, -178.560542 -42.484729, -178.517856 -42.516671, -178.475127 -42.548597, -178.432355 -42.580508, -178.389538 -42.612402, -178.346678 -42.644280, -178.303774 -42.676142, -178.260825 -42.707989, -178.217833 -42.739819, -178.174797 -42.771633, -178.131716 -42.803431, -178.088591 -42.835213, -178.045422 -42.866979, -178.002208 -42.898728, -177.958949 -42.930461, -177.915646 -42.962178, -177.872299 -42.993878, -177.828907 -43.025563, -177.785469 -43.057230, -177.741987 -43.088882, -177.698461 -43.120516, -177.654889 -43.152135, -177.611272 -43.183736, -177.567609 -43.215322, -177.523902 -43.246890, -177.480149 -43.278442, -177.436351 -43.309977, -177.392507 -43.341495, -177.348618 -43.372997, -177.304683 -43.404482, -177.260703 -43.435950, -177.216677 -43.467401, -177.172605 -43.498835, -177.128487 -43.530253, -177.084323 -43.561653, -177.040113 -43.593036, -176.995857 -43.624403, -176.951555 -43.655752, -176.907206 -43.687084, -176.862811 -43.718399, -176.818370 -43.749696, -176.773882 -43.780977, -176.729348 -43.812240, -176.684767 -43.843486, -176.640139 -43.874714, -176.595465 -43.905926, -176.550743 -43.937119, -176.505975 -43.968296, -176.461160 -43.999454, -176.416297 -44.030596, -176.371388 -44.061719, -176.326431 -44.092825, -176.281427 -44.123914, -176.236376 -44.154984, -176.191277 -44.186037, -176.146130 -44.217072, -176.100936 -44.248090, -176.055695 -44.279089, -176.010405 -44.310071, -175.965068 -44.341035, -175.919683 -44.371981, -175.874250 -44.402909, -175.828769 -44.433818, -175.783239 -44.464710, -175.737662 -44.495584, -175.692036 -44.526439, -175.646362 -44.557277, -175.600639 -44.588096, -175.554868 -44.618897, -175.509049 -44.649679, -175.463181 -44.680443, -175.417264 -44.711189, -175.371298 -44.741917, -175.325283 -44.772626, -175.279220 -44.803316, -175.233107 -44.833988, -175.186945 -44.864641, -175.140734 -44.895276, -175.094474 -44.925892, -175.048165 -44.956489, -175.001806 -44.987068, -174.955398 -45.017628, -174.908940 -45.048169, -174.862432 -45.078691, -174.815875 -45.109194, -174.769268 -45.139679, -174.722611 -45.170144, -174.675905 -45.200591, -174.629148 -45.231018, -174.582341 -45.261426, -174.535484 -45.291815, -174.488577 -45.322185, -174.441620 -45.352536, -174.394612 -45.382867, -174.347553 -45.413179, -174.300445 -45.443472, -174.253285 -45.473745, -174.206075 -45.503999, -174.158814 -45.534234, -174.111502 -45.564449, -174.064140 -45.594644, -174.016726 -45.624820, -173.969262 -45.654976, -173.921746 -45.685113, -173.874179 -45.715230, -173.826561 -45.745327, -173.778891 -45.775404, -173.731170 -45.805461, -173.683398 -45.835499, -173.635573 -45.865516, -173.587698 -45.895514, -173.539770 -45.925492, -173.491791 -45.955449, -173.443760 -45.985387, -173.395676 -46.015304, -173.347541 -46.045201, -173.299354 -46.075078, -173.251114 -46.104935, -173.202823 -46.134771, -173.154479 -46.164587, -173.106082 -46.194382, -173.057633 -46.224157, -173.009131 -46.253912, -172.960577 -46.283646, -172.911970 -46.313360, -172.863311 -46.343053, -172.814598 -46.372725, -172.765832 -46.402376, -172.717014 -46.432007, -172.668142 -46.461617, -172.619217 -46.491206, -172.570239 -46.520774, -172.521208 -46.550322, -172.472123 -46.579848, -172.422985 -46.609353, -172.373793 -46.638838, -172.324548 -46.668301, -172.275249 -46.697743, -172.225896 -46.727164, -172.176489 -46.756563, -172.127028 -46.785942, -172.077514 -46.815299, -172.027945 -46.844634, -171.978322 -46.873948, -171.928645 -46.903241, -171.878914 -46.932512, -171.829128 -46.961762, -171.779288 -46.990990, -171.729393 -47.020196, -171.679444 -47.049381, -171.629440 -47.078544, -171.579381 -47.107685, -171.529268 -47.136805, -171.479099 -47.165902, -171.428876 -47.194978, -171.378597 -47.224031, -171.328264 -47.253063, -171.277875 -47.282072, -171.227431 -47.311059, -171.176932 -47.340025, -171.126377 -47.368968, -171.075766 -47.397888, -171.025101 -47.426787, -170.974379 -47.455663, -170.923602 -47.484517, -170.872769 -47.513348, -170.821880 -47.542157, -170.770935 -47.570943, -170.719934 -47.599707, -170.668877 -47.628448, -170.617764 -47.657166, -170.566595 -47.685862, -170.515369 -47.714535, -170.464087 -47.743185, -170.412749 -47.771812, -170.361354 -47.800416, -170.309902 -47.828997, -170.258394 -47.857556, -170.206829 -47.886091, -170.155207 -47.914603, -170.103528 -47.943092, -170.051793 -47.971558, -170.000000 -48.000000, -169.941883 -48.022479, -169.883715 -48.044929, -169.825496 -48.067350, -169.767227 -48.089741, -169.708907 -48.112103, -169.650536 -48.134435, -169.592114 -48.156737, -169.533642 -48.179010, -169.475119 -48.201253, -169.416545 -48.223467, -169.357920 -48.245651, -169.299244 -48.267805, -169.240518 -48.289929, -169.181740 -48.312023, -169.122912 -48.334087, -169.064033 -48.356121, -169.005103 -48.378125, -168.946122 -48.400099, -168.887090 -48.422043, -168.828007 -48.443956, -168.768873 -48.465839, -168.709688 -48.487692, -168.650452 -48.509515, -168.591165 -48.531307, -168.531827 -48.553069, -168.472438 -48.574800, -168.412998 -48.596501, -168.353507 -48.618171, -168.293965 -48.639810, -168.234372 -48.661419, -168.174728 -48.682996, -168.115033 -48.704543, -168.055286 -48.726060, -167.995489 -48.747545, -167.935640 -48.768999, -167.875740 -48.790422, -167.815789 -48.811815, -167.755787 -48.833176, -167.695734 -48.854506, -167.635630 -48.875804, -167.575474 -48.897072, -167.515267 -48.918308, -167.455010 -48.939513, -167.394700 -48.960686, -167.334340 -48.981828, -167.273929 -49.002938, -167.213466 -49.024017, -167.152952 -49.045064, -167.092387 -49.066080, -167.031771 -49.087064, -166.971103 -49.108016, -166.910385 -49.128936, -166.849615 -49.149824, -166.788794 -49.170681, -166.727921 -49.191505, -166.666998 -49.212298, -166.606023 -49.233058, -166.544997 -49.253787, -166.483919 -49.274483, -166.422791 -49.295147, -166.361611 -49.315778, -166.300380 -49.336377, -166.239098 -49.356944, -166.177764 -49.377479, -166.116380 -49.397981, -166.054944 -49.418450, -165.993457 -49.438887, -165.931918 -49.459292, -165.870329 -49.479663, -165.808688 -49.500002, -165.746996 -49.520308, -165.685252 -49.540582, -165.623458 -49.560822, -165.561612 -49.581030, -165.499715 -49.601204, -165.437767 -49.621346, -165.375768 -49.641454, -165.313717 -49.661529, -165.251616 -49.681572, -165.189463 -49.701580, -165.127259 -49.721556, -165.065004 -49.741498, -165.002697 -49.761407, -164.940340 -49.781283, -164.877931 -49.801124, -164.815471 -49.820933, -164.752961 -49.840708, -164.690399 -49.860449, -164.627786 -49.880156, -164.565121 -49.899830, -164.502406 -49.919470, -164.439640 -49.939076, -164.376822 -49.958648, -164.313954 -49.978186, -164.251035 -49.997691, -164.188064 -50.017161, -164.125043 -50.036597, -164.061970 -50.055999, -163.998847 -50.075367, -163.935672 -50.094700, -163.872447 -50.113999, -163.809170 -50.133264, -163.745843 -50.152494, -163.682465 -50.171690, -163.619036 -50.190852, -163.555556 -50.209979, -163.492025 -50.229071, -163.428443 -50.248128, -163.364811 -50.267151, -163.301128 -50.286139, -163.237394 -50.305093, -163.173609 -50.324011, -163.109773 -50.342895, -163.045887 -50.361743, -162.981950 -50.380557, -162.917962 -50.399335, -162.853924 -50.418078, -162.789834 -50.436786, -162.725695 -50.455459, -162.661504 -50.474097, -162.597264 -50.492699, -162.532972 -50.511266, -162.468630 -50.529797, -162.404238 -50.548293, -162.339795 -50.566754, -162.275301 -50.585179, -162.210757 -50.603568, -162.146163 -50.621922, -162.081518 -50.640239, -162.016823 -50.658521, -161.952078 -50.676767, -161.887282 -50.694978, -161.822436 -50.713152, -161.757540 -50.731290, -161.692593 -50.749393, -161.627596 -50.767459, -161.562550 -50.785489, -161.497453 -50.803483, -161.432305 -50.821440, -161.367108 -50.839361, -161.301861 -50.857246, -161.236564 -50.875095, -161.171217 -50.892907, -161.105819 -50.910683, -161.040372 -50.928422, -160.974875 -50.946124, -160.909328 -50.963790, -160.843732 -50.981419, -160.778085 -50.999011, -160.712389 -51.016566, -160.646643 -51.034085, -160.580848 -51.051567, -160.515003 -51.069011, -160.449108 -51.086419, -160.383163 -51.103789, -160.317170 -51.121123, -160.251126 -51.138419, -160.185033 -51.155678, -160.118891 -51.172900, -160.052699 -51.190085, -159.986459 -51.207232, -159.920168 -51.224341, -159.853829 -51.241414, -159.787440 -51.258448, -159.721002 -51.275446, -159.654515 -51.292405, -159.587979 -51.309327, -159.521394 -51.326211, -159.454760 -51.343057, -159.388077 -51.359866, -159.321345 -51.376636, -159.254564 -51.393369, -159.187735 -51.410064, -159.120856 -51.426720, -159.053929 -51.443339, -158.986953 -51.459919, -158.919929 -51.476462, -158.852856 -51.492966, -158.785735 -51.509431, -158.718565 -51.525859, -158.651346 -51.542248, -158.584079 -51.558599, -158.516764 -51.574911, -158.449401 -51.591184, -158.381989 -51.607419, -158.314530 -51.623616, -158.247022 -51.639773, -158.179466 -51.655892, -158.111862 -51.671972, -158.044210 -51.688014, -157.976510 -51.704016, -157.908762 -51.719980, -157.840967 -51.735904, -157.773124 -51.751790, -157.705233 -51.767636, -157.637294 -51.783443, -157.569308 -51.799211, -157.501275 -51.814940, -157.433193 -51.830630, -157.365065 -51.846280, -157.296889 -51.861891, -157.228666 -51.877462, -157.160396 -51.892994, -157.092079 -51.908487, -157.023714 -51.923940, -156.955303 -51.939353, -156.886844 -51.954726, -156.818339 -51.970060, -156.749786 -51.985354, -156.681187 -52.000609, -156.612542 -52.015823, -156.543849 -52.030997, -156.475110 -52.046132, -156.406325 -52.061226, -156.337493 -52.076281, -156.268615 -52.091295, -156.199690 -52.106269, -156.130720 -52.121203, -156.061703 -52.136096, -155.992639 -52.150950, -155.923530 -52.165763, -155.854375 -52.180535, -155.785174 -52.195267, -155.715927 -52.209959, -155.646635 -52.224610, -155.577297 -52.239220, -155.507913 -52.253790, -155.438483 -52.268319, -155.369009 -52.282807, -155.299488 -52.297255, -155.229923 -52.311661, -155.160312 -52.326027, -155.090656 -52.340352, -155.020955 -52.354636, -154.951209 -52.368879, -154.881418 -52.383081, -154.811583 -52.397241, -154.741702 -52.411361, -154.671777 -52.425439, -154.601807 -52.439476, -154.531793 -52.453471, -154.461734 -52.467426, -154.391631 -52.481339, -154.321483 -52.495210, -154.251292 -52.509040, -154.181056 -52.522828, -154.110776 -52.536575, -154.040452 -52.550280, -153.970084 -52.563943, -153.899673 -52.577565, -153.829218 -52.591145, -153.758719 -52.604683, -153.688177 -52.618179, -153.617591 -52.631633, -153.546962 -52.645046, -153.476290 -52.658416, -153.405574 -52.671744, -153.334815 -52.685030, -153.264014 -52.698274, -153.193169 -52.711476, -153.122282 -52.724635, -153.051352 -52.737752, -152.980379 -52.750827, -152.909364 -52.763860, -152.838306 -52.776850, -152.767206 -52.789797, -152.696064 -52.802702, -152.624879 -52.815565, -152.553653 -52.828385, -152.482384 -52.841162, -152.411074 -52.853896, -152.339722 -52.866588, -152.268328 -52.879237, -152.196892 -52.891843, -152.125415 -52.904407, -152.053897 -52.916927, -151.982337 -52.929404, -151.910737 -52.941839, -151.839095 -52.954230, -151.767412 -52.966578, -151.695688 -52.978883, -151.623923 -52.991145, -151.552118 -53.003364, -151.480272 -53.015539, -151.408386 -53.027671, -151.336459 -53.039760, -151.264492 -53.051805, -151.192485 -53.063807, -151.120437 -53.075765, -151.048350 -53.087680, -150.976223 -53.099551, -150.904056 -53.111379, -150.831850 -53.123163, -150.759604 -53.134903, -150.687318 -53.146600, -150.614994 -53.158252, -150.542630 -53.169861, -150.470227 -53.181426, -150.397785 -53.192947, -150.325304 -53.204424, -150.252784 -53.215858, -150.180226 -53.227247, -150.107629 -53.238592, -150.034994 -53.249893, -149.962320 -53.261149, -149.889609 -53.272362, -149.816859 -53.283530, -149.744071 -53.294654, -149.671245 -53.305733, -149.598382 -53.316769, -149.525481 -53.327760, -149.452543 -53.338706, -149.379567 -53.349608, -149.306554 -53.360465, -149.233504 -53.371278, -149.160416 -53.382046, -149.087292 -53.392770, -149.014131 -53.403448, -148.940934 -53.414082, -148.867700 -53.424672, -148.794429 -53.435216, -148.721122 -53.445716, -148.647779 -53.456170, -148.574400 -53.466580, -148.500985 -53.476945, -148.427535 -53.487265, -148.354048 -53.497539, -148.280526 -53.507769, -148.206969 -53.517954, -148.133376 -53.528093, -148.059748 -53.538187, -147.986086 -53.548236, -147.912388 -53.558240, -147.838655 -53.568198, -147.764888 -53.578111, -147.691086 -53.587978, -147.617250 -53.597801, -147.543380 -53.607577, -147.469475 -53.617308, -147.395537 -53.626994, -147.321564 -53.636634, -147.247558 -53.646228, -147.173518 -53.655777, -147.099445 -53.665280, -147.025339 -53.674737, -146.951199 -53.684149, -146.877026 -53.693515, -146.802820 -53.702835, -146.728582 -53.712109, -146.654311 -53.721337, -146.580007 -53.730519, -146.505671 -53.739655, -146.431302 -53.748745, -146.356902 -53.757790, -146.282470 -53.766788, -146.208005 -53.775740, -146.133509 -53.784645, -146.058982 -53.793505, -145.984423 -53.802318, -145.909833 -53.811085, -145.835212 -53.819806, -145.760559 -53.828481, -145.685876 -53.837109, -145.611163 -53.845691, -145.536418 -53.854226, -145.461643 -53.862715, -145.386838 -53.871157, -145.312003 -53.879553, -145.237138 -53.887902, -145.162243 -53.896205, -145.087318 -53.904461, -145.012364 -53.912670, -144.937381 -53.920833, -144.862368 -53.928949, -144.787326 -53.937018, -144.712255 -53.945040, -144.637155 -53.953016, -144.562027 -53.960945, -144.486870 -53.968827, -144.411685 -53.976662, -144.336472 -53.984450, -144.261230 -53.992191, -144.185961 -53.999885, -144.110664 -54.007532, -144.035339 -54.015131, -143.959987 -54.022684, -143.884608 -54.030190, -143.809202 -54.037648, -143.733768 -54.045060, -143.658308 -54.052424, -143.582821 -54.059741, -143.507307 -54.067010, -143.431768 -54.074233, -143.356202 -54.081407, -143.280609 -54.088535, -143.204992 -54.095615, -143.129348 -54.102648, -143.053679 -54.109633, -142.977984 -54.116571, -142.902264 -54.123461, -142.826519 -54.130304, -142.750749 -54.137099, -142.674954 -54.143847, -142.599135 -54.150547, -142.523291 -54.157200, -142.447423 -54.163804, -142.371531 -54.170361, -142.295614 -54.176871, -142.219674 -54.183332, -142.143711 -54.189746, -142.067723 -54.196112, -141.991713 -54.202430, -141.915679 -54.208700, -141.839623 -54.214923, -141.763543 -54.221097, -141.687441 -54.227224, -141.611316 -54.233302, -141.535169 -54.239333, -141.459000 -54.245315, -141.382809 -54.251250, -141.306596 -54.257137, -141.230361 -54.262975, -141.154105 -54.268765, -141.077827 -54.274508, -141.001529 -54.280202, -140.925209 -54.285848, -140.848868 -54.291445, -140.772507 -54.296995, -140.696125 -54.302496, -140.619723 -54.307949, -140.543301 -54.313354, -140.466859 -54.318710, -140.390397 -54.324018, -140.313915 -54.329278, -140.237414 -54.334489, -140.160894 -54.339652, -140.084354 -54.344766, -140.007796 -54.349833, -139.931218 -54.354850, -139.854622 -54.359819, -139.778008 -54.364740, -139.701375 -54.369612, -139.624725 -54.374436, -139.548056 -54.379211, -139.471369 -54.383937, -139.394666 -54.388615, -139.317944 -54.393244, -139.241206 -54.397824, -139.164450 -54.402356, -139.087677 -54.406840, -139.010888 -54.411274, -138.934082 -54.415660, -138.857260 -54.419997, -138.780422 -54.424285, -138.703568 -54.428525, -138.626698 -54.432716, -138.549812 -54.436857, -138.472911 -54.440951, -138.395995 -54.444995, -138.319063 -54.448990, -138.242117 -54.452937, -138.165155 -54.456834, -138.088180 -54.460683, -138.011190 -54.464483, -137.934185 -54.468234, -137.857167 -54.471936, -137.780135 -54.475589, -137.703089 -54.479193, -137.626029 -54.482748, -137.548957 -54.486254, -137.471871 -54.489711, -137.394772 -54.493119, -137.317661 -54.496477, -137.240536 -54.499787, -137.163400 -54.503048, -137.086251 -54.506259, -137.009090 -54.509422, -136.931918 -54.512535, -136.854734 -54.515599, -136.777538 -54.518614, -136.700331 -54.521580, -136.623112 -54.524497, -136.545883 -54.527364, -136.468643 -54.530183, -136.391393 -54.532952, -136.314132 -54.535672, -136.236861 -54.538342, -136.159580 -54.540964, -136.082289 -54.543536, -136.004989 -54.546059, -135.927678 -54.548532, -135.850359 -54.550956, -135.773031 -54.553331, -135.695693 -54.555657, -135.618347 -54.557933, -135.540993 -54.560160, -135.463630 -54.562338, -135.386259 -54.564466, -135.308880 -54.566545, -135.231493 -54.568575, -135.154098 -54.570555, -135.076696 -54.572485, -134.999287 -54.574367, -134.921871 -54.576199, -134.844448 -54.577981, -134.767018 -54.579715, -134.689582 -54.581398, -134.612139 -54.583033, -134.534690 -54.584617, -134.457236 -54.586153, -134.379775 -54.587639, -134.302309 -54.589075, -134.224838 -54.590462, -134.147362 -54.591800, -134.069880 -54.593088, -133.992394 -54.594327, -133.914903 -54.595516, -133.837408 -54.596655, -133.759908 -54.597745, -133.682404 -54.598786, -133.604897 -54.599777, -133.527386 -54.600719, -133.449871 -54.601611, -133.372353 -54.602453, -133.294832 -54.603247, -133.217308 -54.603990, -133.139781 -54.604684, -133.062252 -54.605329, -132.984720 -54.605923, -132.907186 -54.606469, -132.829651 -54.606965, -132.752113 -54.607411, -132.674574 -54.607808, -132.597033 -54.608155, -132.519491 -54.608453, -132.441948 -54.608701, -132.364405 -54.608899, -132.286860 -54.609048, -132.209315 -54.609148, -132.131770 -54.609198, -132.054225 -54.609198, -131.976680 -54.609149, -131.899135 -54.609050, -131.821590 -54.608902, -131.744047 -54.608704, -131.666504 -54.608457, -131.588962 -54.608160, -131.511421 -54.607813, -131.433882 -54.607417, -131.356344 -54.606972, -131.278809 -54.606477, -131.201275 -54.605932, -131.123743 -54.605338, -131.046214 -54.604694, -130.968687 -54.604001, -130.891163 -54.603258, -130.813642 -54.602466, -130.736124 -54.601624, -130.658609 -54.600733, -130.581098 -54.599792, -130.503590 -54.598801, -130.426086 -54.597762, -130.348587 -54.596672, -130.271091 -54.595533, -130.193600 -54.594345, -130.116114 -54.593107, -130.038633 -54.591820, -129.961156 -54.590483, -129.883685 -54.589097, -129.806219 -54.587661, -129.728758 -54.586176, -129.651303 -54.584641, -129.573855 -54.583057, -129.496412 -54.581423, -129.418976 -54.579740, -129.341546 -54.578008, -129.264122 -54.576226, -129.186706 -54.574395, -129.109297 -54.572514, -129.031895 -54.570584, -128.954500 -54.568605, -128.877113 -54.566576, -128.799734 -54.564498, -128.722363 -54.562370, -128.645000 -54.560193, -128.567645 -54.557967, -128.490299 -54.555692, -128.412961 -54.553367, -128.335633 -54.550992, -128.258313 -54.548569, -128.181003 -54.546096, -128.103702 -54.543574, -128.026411 -54.541003, -127.949130 -54.538382, -127.871859 -54.535712, -127.794598 -54.532993, -127.717347 -54.530225, -127.640107 -54.527407, -127.562878 -54.524540, -127.485660 -54.521625, -127.408452 -54.518659, -127.331256 -54.515645, -127.254072 -54.512582, -127.176899 -54.509469, -127.099738 -54.506307, -127.022589 -54.503097, -126.945453 -54.499837, -126.868328 -54.496528, -126.791217 -54.493170, -126.714118 -54.489762, -126.637032 -54.486306, -126.559959 -54.482801, -126.482899 -54.479247, -126.405853 -54.475643, -126.328821 -54.471991, -126.251802 -54.468290, -126.174797 -54.464540, -126.097807 -54.460741, -126.020831 -54.456893, -125.943870 -54.452996, -125.866923 -54.449050, -125.789991 -54.445055, -125.713075 -54.441012, -125.636173 -54.436919, -125.559287 -54.432778, -125.482417 -54.428588, -125.405563 -54.424349, -125.328724 -54.420062, -125.251902 -54.415726, -125.175096 -54.411340, -125.098306 -54.406907, -125.021534 -54.402424, -124.944778 -54.397893, -124.868039 -54.393313, -124.791317 -54.388685, -124.714613 -54.384008, -124.637926 -54.379282, -124.561257 -54.374508, -124.484606 -54.369685, -124.407973 -54.364814, -124.331359 -54.359894, -124.254763 -54.354925, -124.178185 -54.349908, -124.101626 -54.344843, -124.025086 -54.339729, -123.948566 -54.334567, -123.872064 -54.329357, -123.795582 -54.324098, -123.719120 -54.318790, -123.642677 -54.313435, -123.566255 -54.308031, -123.489853 -54.302578, -123.413470 -54.297078, -123.337109 -54.291529, -123.260768 -54.285932, -123.184448 -54.280287, -123.108149 -54.274594, -123.031871 -54.268852, -122.955615 -54.263063, -122.879380 -54.257225, -122.803166 -54.251339, -122.726975 -54.245405, -122.650805 -54.239423, -122.574658 -54.233393, -122.498533 -54.227315, -122.422430 -54.221190, -122.346350 -54.215016, -122.270293 -54.208794, -122.194259 -54.202525, -122.118249 -54.196207, -122.042261 -54.189842, -121.966297 -54.183429, -121.890357 -54.176968, -121.814440 -54.170460, -121.738547 -54.163903, -121.662679 -54.157299, -121.586835 -54.150648, -121.511015 -54.143948, -121.435220 -54.137201, -121.359449 -54.130407, -121.283704 -54.123565, -121.207984 -54.116675, -121.132289 -54.109738, -121.056619 -54.102754, -120.980975 -54.095721, -120.905357 -54.088642, -120.829764 -54.081515, -120.754198 -54.074341, -120.678657 -54.067119, -120.603144 -54.059850, -120.527656 -54.052534, -120.452195 -54.045171, -120.376762 -54.037760, -120.301355 -54.030303, -120.225975 -54.022798, -120.150622 -54.015245, -120.075297 -54.007646, -120.000000 -54.000000, -119.931008 -54.019373, -119.861952 -54.038706, -119.792831 -54.058000, -119.723647 -54.077254, -119.654398 -54.096468, -119.585085 -54.115642, -119.515708 -54.134777, -119.446267 -54.153871, -119.376762 -54.172926, -119.307193 -54.191941, -119.237560 -54.210915, -119.167863 -54.229850, -119.098103 -54.248744, -119.028278 -54.267597, -118.958389 -54.286411, -118.888437 -54.305184, -118.818421 -54.323916, -118.748341 -54.342608, -118.678198 -54.361259, -118.607990 -54.379870, -118.537720 -54.398439, -118.467385 -54.416968, -118.396987 -54.435456, -118.326526 -54.453903, -118.256001 -54.472310, -118.185413 -54.490675, -118.114761 -54.508998, -118.044046 -54.527281, -117.973268 -54.545522, -117.902426 -54.563722, -117.831522 -54.581881, -117.760554 -54.599998, -117.689523 -54.618073, -117.618429 -54.636107, -117.547272 -54.654099, -117.476052 -54.672050, -117.404769 -54.689959, -117.333423 -54.707825, -117.262014 -54.725650, -117.190543 -54.743433, -117.119009 -54.761174, -117.047412 -54.778873, -116.975753 -54.796529, -116.904031 -54.814144, -116.832246 -54.831715, -116.760399 -54.849245, -116.688490 -54.866732, -116.616519 -54.884177, -116.544485 -54.901579, -116.472389 -54.918938, -116.400230 -54.936255, -116.328010 -54.953529, -116.255728 -54.970760, -116.183383 -54.987948, -116.110977 -55.005093, -116.038509 -55.022195, -115.965979 -55.039255, -115.893388 -55.056271, -115.820734 -55.073243, -115.748020 -55.090173, -115.675243 -55.107059, -115.602405 -55.123902, -115.529506 -55.140701, -115.456546 -55.157456, -115.383524 -55.174169, -115.310441 -55.190837, -115.237297 -55.207462, -115.164092 -55.224043, -115.090826 -55.240580, -115.017499 -55.257073, -114.944111 -55.273522, -114.870663 -55.289927, -114.797154 -55.306288, -114.723584 -55.322605, -114.649954 -55.338877, -114.576263 -55.355106, -114.502512 -55.371290, -114.428701 -55.387429, -114.354829 -55.403524, -114.280898 -55.419575, -114.206906 -55.435580, -114.132854 -55.451542, -114.058743 -55.467458, -113.984572 -55.483330, -113.910341 -55.499156, -113.836050 -55.514938, -113.761700 -55.530675, -113.687291 -55.546367, -113.612822 -55.562013, -113.538294 -55.577615, -113.463707 -55.593171, -113.389061 -55.608682, -113.314355 -55.624148, -113.239591 -55.639568, -113.164768 -55.654942, -113.089886 -55.670272, -113.014946 -55.685555, -112.939947 -55.700793, -112.864890 -55.715985, -112.789775 -55.731131, -112.714601 -55.746232, -112.639369 -55.761286, -112.564079 -55.776295, -112.488731 -55.791257, -112.413326 -55.806174, -112.337862 -55.821044, -112.262341 -55.835868, -112.186763 -55.850645, -112.111127 -55.865377, -112.035434 -55.880062, -111.959684 -55.894700, -111.883876 -55.909292, -111.808012 -55.923837, -111.732090 -55.938336, -111.656112 -55.952788, -111.580078 -55.967193, -111.503986 -55.981552, -111.427839 -55.995863, -111.351635 -56.010128, -111.275374 -56.024345, -111.199058 -56.038515, -111.122686 -56.052639, -111.046258 -56.066715, -110.969774 -56.080744, -110.893234 -56.094725, -110.816639 -56.108659, -110.739989 -56.122546, -110.663283 -56.136385, -110.586522 -56.150177, -110.509706 -56.163921, -110.432836 -56.177617, -110.355910 -56.191266, -110.278930 -56.204867, -110.201895 -56.218420, -110.124806 -56.231925, -110.047663 -56.245382, -109.970465 -56.258792, -109.893214 -56.272153, -109.815908 -56.285466, -109.738549 -56.298731, -109.661136 -56.311947, -109.583670 -56.325115, -109.506150 -56.338235, -109.428577 -56.351307, -109.350952 -56.364330, -109.273273 -56.377304, -109.195541 -56.390230, -109.117756 -56.403107, -109.039919 -56.415936, -108.962030 -56.428715, -108.884088 -56.441446, -108.806094 -56.454128, -108.728049 -56.466761, -108.649951 -56.479345, -108.571802 -56.491881, -108.493601 -56.504367, -108.415348 -56.516803, -108.337045 -56.529191, -108.258690 -56.541529, -108.180284 -56.553818, -108.101828 -56.566058, -108.023320 -56.578248, -107.944763 -56.590389, -107.866154 -56.602480, -107.787496 -56.614522, -107.708787 -56.626514, -107.630029 -56.638456, -107.551221 -56.650349, -107.472363 -56.662191, -107.393456 -56.673984, -107.314499 -56.685727, -107.235493 -56.697420, -107.156439 -56.709063, -107.077335 -56.720656, -106.998183 -56.732198, -106.918982 -56.743691, -106.839733 -56.755133, -106.760436 -56.766525, -106.681090 -56.777867, -106.601697 -56.789158, -106.522256 -56.800399, -106.442768 -56.811589, -106.363232 -56.822729, -106.283649 -56.833818, -106.204019 -56.844857, -106.124342 -56.855845, -106.044618 -56.866782, -105.964848 -56.877668, -105.885031 -56.888504, -105.805168 -56.899288, -105.725259 -56.910022, -105.645305 -56.920704, -105.565304 -56.931336, -105.485259 -56.941916, -105.405167 -56.952445, -105.325031 -56.962923, -105.244850 -56.973350, -105.164624 -56.983726, -105.084353 -56.994050, -105.004038 -57.004323, -104.923679 -57.014544, -104.843275 -57.024714, -104.762828 -57.034832, -104.682337 -57.044898, -104.601802 -57.054913, -104.521224 -57.064877, -104.440603 -57.074788, -104.359939 -57.084648, -104.279232 -57.094456, -104.198483 -57.104212, -104.117691 -57.113916, -104.036857 -57.123568, -103.955981 -57.133169, -103.875063 -57.142717, -103.794103 -57.152213, -103.713102 -57.161656, -103.632059 -57.171048, -103.550976 -57.180387, -103.469852 -57.189675, -103.388687 -57.198909, -103.307481 -57.208092, -103.226235 -57.217222, -103.144950 -57.226299, -103.063624 -57.235324, -102.982258 -57.244296, -102.900853 -57.253216, -102.819409 -57.262083, -102.737926 -57.270898, -102.656403 -57.279660, -102.574842 -57.288369, -102.493243 -57.297025, -102.411605 -57.305628, -102.329929 -57.314178, -102.248215 -57.322676, -102.166464 -57.331120, -102.084675 -57.339512, -102.002849 -57.347850, -101.920986 -57.356135, -101.839086 -57.364367, -101.757149 -57.372546, -101.675176 -57.380672, -101.593166 -57.388744, -101.511121 -57.396763, -101.429040 -57.404729, -101.346923 -57.412641, -101.264771 -57.420500, -101.182584 -57.428306, -101.100361 -57.436058, -101.018104 -57.443756, -100.935813 -57.451401, -100.853487 -57.458992, -100.771127 -57.466530, -100.688734 -57.474014, -100.606306 -57.481444, -100.523846 -57.488820, -100.441352 -57.496142, -100.358825 -57.503411, -100.276265 -57.510626, -100.193673 -57.517787, -100.111049 -57.524894, -100.028392 -57.531946, -99.945704 -57.538945, -99.862983 -57.545890, -99.780232 -57.552781, -99.697449 -57.559617, -99.614636 -57.566400, -99.531791 -57.573128, -99.448916 -57.579802, -99.366011 -57.586422, -99.283076 -57.592987, -99.200111 -57.599498, -99.117116 -57.605955, -99.034092 -57.612357, -98.951039 -57.618705, -98.867957 -57.624998, -98.784846 -57.631237, -98.701707 -57.637422, -98.618540 -57.643551, -98.535344 -57.649626, -98.452121 -57.655647, -98.368871 -57.661613, -98.285593 -57.667524, -98.202288 -57.673381, -98.118956 -57.679182, -98.035598 -57.684929, -97.952214 -57.690622, -97.868803 -57.696259, -97.785367 -57.701841, -97.701905 -57.707369, -97.618417 -57.712842, -97.534905 -57.718259, -97.451367 -57.723622, -97.367805 -57.728930, -97.284219 -57.734182, -97.200608 -57.739380, -97.116974 -57.744522, -97.033316 -57.749610, -96.949634 -57.754642, -96.865929 -57.759619, -96.782202 -57.764541, -96.698451 -57.769408, -96.614679 -57.774219, -96.530884 -57.778975, -96.447067 -57.783676, -96.363228 -57.788322, -96.279368 -57.792912, -96.195487 -57.797447, -96.111584 -57.801926, -96.027662 -57.806350, -95.943718 -57.810719, -95.859754 -57.815032, -95.775771 -57.819290, -95.691768 -57.823492, -95.607745 -57.827639, -95.523703 -57.831730, -95.439642 -57.835765, -95.355562 -57.839745, -95.271464 -57.843670, -95.187348 -57.847538, -95.103214 -57.851351, -95.019062 -57.855109, -94.934893 -57.858810, -94.850706 -57.862456, -94.766503 -57.866047, -94.682283 -57.869581, -94.598046 -57.873060, -94.513793 -57.876483, -94.429525 -57.879850, -94.345241 -57.883161, -94.260941 -57.886417, -94.176626 -57.889616, -94.092297 -57.892760, -94.007952 -57.895848, -93.923594 -57.898880, -93.839221 -57.901856, -93.754834 -57.904776, -93.670434 -57.907640, -93.586021 -57.910448, -93.501594 -57.913200, -93.417155 -57.915897, -93.332703 -57.918537, -93.248239 -57.921121, -93.163763 -57.923649, -93.079275 -57.926121, -92.994775 -57.928537, -92.910265 -57.930897, -92.825743 -57.933201, -92.741211 -57.935448, -92.656668 -57.937640, -92.572115 -57.939776, -92.487552 -57.941855, -92.402979 -57.943878, -92.318397 -57.945845, -92.233806 -57.947756, -92.149206 -57.949611, -92.064597 -57.951409, -91.979980 -57.953151, -91.895355 -57.954837, -91.810722 -57.956467, -91.726081 -57.958041, -91.641434 -57.959558, -91.556779 -57.961019, -91.472117 -57.962424, -91.387449 -57.963773, -91.302775 -57.965065, -91.218094 -57.966301, -91.133408 -57.967481, -91.048717 -57.968605, -90.964020 -57.969672, -90.879319 -57.970683, -90.794612 -57.971638, -90.709902 -57.972536, -90.625187 -57.973378, -90.540469 -57.974164, -90.455746 -57.974893, -90.371021 -57.975566, -90.286293 -57.976183, -90.201561 -57.976743, -90.116827 -57.977247, -90.032091 -57.977695, -89.947353 -57.978086, -89.862614 -57.978421, -89.777872 -57.978700, -89.693130 -57.978922, -89.608387 -57.979088, -89.523643 -57.979198, -89.438899 -57.979251, -89.354154 -57.979248, -89.269410 -57.979189, -89.184666 -57.979073, -89.099923 -57.978901, -89.015180 -57.978673, -88.930439 -57.978388, -88.845700 -57.978047, -88.760962 -57.977649, -88.676226 -57.977195, -88.591493 -57.976685, -88.506762 -57.976119, -88.422033 -57.975496, -88.337308 -57.974817, -88.252587 -57.974081, -88.167868 -57.973289, -88.083154 -57.972441, -87.998444 -57.971537, -87.913738 -57.970576, -87.829037 -57.969559, -87.744341 -57.968486, -87.659650 -57.967356, -87.574965 -57.966170, -87.490285 -57.964928, -87.405612 -57.963630, -87.320944 -57.962275, -87.236283 -57.960864, -87.151629 -57.959397, -87.066982 -57.957873, -86.982342 -57.956294, -86.897710 -57.954658, -86.813086 -57.952966, -86.728470 -57.951217, -86.643862 -57.949413, -86.559263 -57.947552, -86.474673 -57.945635, -86.390092 -57.943662, -86.305520 -57.941633, -86.220958 -57.939547, -86.136406 -57.937406, -86.051864 -57.935208, -85.967333 -57.932954, -85.882813 -57.930644, -85.798303 -57.928278, -85.713805 -57.925856, -85.629318 -57.923378, -85.544843 -57.920844, -85.460381 -57.918254, -85.375930 -57.915608, -85.291492 -57.912905, -85.207067 -57.910147, -85.122655 -57.907333, -85.038256 -57.904463, -84.953871 -57.901537, -84.869500 -57.898554, -84.785143 -57.895516, -84.700800 -57.892423, -84.616472 -57.889273, -84.532159 -57.886067, -84.447861 -57.882806, -84.363578 -57.879488, -84.279312 -57.876115, -84.195061 -57.872686, -84.110826 -57.869201, -84.026608 -57.865661, -83.942406 -57.862065, -83.858221 -57.858413, -83.774054 -57.854705, -83.689904 -57.850941, -83.605772 -57.847122, -83.521657 -57.843248, -83.437561 -57.839317, -83.353484 -57.835331, -83.269425 -57.831290, -83.185385 -57.827193, -83.101364 -57.823040, -83.017363 -57.818832, -82.933382 -57.814568, -82.849420 -57.810249, -82.765479 -57.805874, -82.681558 -57.801444, -82.597658 -57.796959, -82.513779 -57.792418, -82.429921 -57.787822, -82.346085 -57.783170, -82.262271 -57.778463, -82.178478 -57.773701, -82.094708 -57.768884, -82.010960 -57.764011, -81.927235 -57.759083, -81.843532 -57.754100, -81.759853 -57.749062, -81.676198 -57.743969, -81.592566 -57.738820, -81.508958 -57.733617, -81.425374 -57.728358, -81.341815 -57.723044, -81.258280 -57.717676, -81.174770 -57.712252, -81.091286 -57.706773, -81.007826 -57.701240, -80.924393 -57.695651, -80.840985 -57.690008, -80.757603 -57.684310, -80.674248 -57.678557, -80.590919 -57.672750, -80.507617 -57.666887, -80.424342 -57.660970, -80.341095 -57.654998, -80.257875 -57.648972, -80.174682 -57.642891, -80.091518 -57.636755, -80.008382 -57.630565, -79.925274 -57.624320, -79.842195 -57.618021, -79.759145 -57.611667, -79.676124 -57.605259, -79.593133 -57.598796, -79.510171 -57.592279, -79.427239 -57.585708, -79.344337 -57.579082, -79.261466 -57.572403, -79.178624 -57.565668, -79.095814 -57.558880, -79.013035 -57.552038, -78.930287 -57.545141, -78.847570 -57.538191, -78.764885 -57.531186, -78.682232 -57.524127, -78.599611 -57.517014, -78.517022 -57.509848, -78.434466 -57.502627, -78.351943 -57.495353, -78.269452 -57.488024, -78.186995 -57.480642, -78.104572 -57.473206, -78.022182 -57.465717, -77.939825 -57.458173, -77.857503 -57.450576, -77.775216 -57.442926, -77.692962 -57.435221, -77.610744 -57.427464, -77.528561 -57.419653, -77.446412 -57.411788, -77.364299 -57.403870, -77.282222 -57.395898, -77.200181 -57.387873, -77.118175 -57.379795, -77.036206 -57.371664, -76.954273 -57.363479, -76.872377 -57.355241, -76.790518 -57.346950, -76.708696 -57.338606, -76.626911 -57.330209, -76.545163 -57.321759, -76.463454 -57.313256, -76.381782 -57.304700, -76.300148 -57.296091, -76.218553 -57.287429, -76.136996 -57.278714, -76.055478 -57.269947, -75.973999 -57.261126, -75.892559 -57.252254, -75.811158 -57.243328, -75.729797 -57.234350, -75.648475 -57.225319, -75.567194 -57.216236, -75.485952 -57.207101, -75.404751 -57.197912, -75.323591 -57.188672, -75.242471 -57.179379, -75.161392 -57.170034, -75.080354 -57.160637, -74.999357 -57.151188, -74.918402 -57.141686, -74.837489 -57.132132, -74.756617 -57.122526, -74.675788 -57.112869, -74.595000 -57.103159, -74.514255 -57.093397, -74.433553 -57.083584, -74.352894 -57.073718, -74.272277 -57.063801, -74.191704 -57.053832, -74.111174 -57.043812, -74.030688 -57.033739, -73.950245 -57.023616, -73.869846 -57.013440, -73.789492 -57.003213, -73.709182 -56.992935, -73.628916 -56.982605, -73.548694 -56.972224, -73.468518 -56.961792, -73.388387 -56.951308, -73.308300 -56.940774, -73.228259 -56.930188, -73.148264 -56.919551, -73.068314 -56.908863, -72.988410 -56.898124, -72.908553 -56.887333, -72.828741 -56.876493, -72.748976 -56.865601, -72.669257 -56.854658, -72.589585 -56.843665, -72.509960 -56.832621, -72.430382 -56.821526, -72.350851 -56.810381, -72.271368 -56.799185, -72.191932 -56.787939, -72.112544 -56.776642, -72.033204 -56.765295, -71.953912 -56.753898, -71.874668 -56.742450, -71.795472 -56.730952, -71.716325 -56.719404, -71.637227 -56.707805, -71.558178 -56.696157, -71.479177 -56.684459, -71.400226 -56.672710, -71.321324 -56.660912, -71.242472 -56.649064, -71.163669 -56.637166, -71.084916 -56.625219, -71.006213 -56.613221, -70.927560 -56.601174, -70.848957 -56.589078, -70.770405 -56.576932, -70.691903 -56.564736, -70.613452 -56.552491, -70.535052 -56.540197, -70.456702 -56.527853, -70.378404 -56.515460, -70.300158 -56.503018, -70.221962 -56.490526, -70.143818 -56.477986, -70.065726 -56.465397, -69.987686 -56.452758, -69.909698 -56.440071, -69.831762 -56.427335, -69.753878 -56.414550, -69.676047 -56.401716, -69.598268 -56.388833, -69.520542 -56.375902, -69.442869 -56.362923, -69.365249 -56.349894, -69.287681 -56.336818, -69.210168 -56.323693, -69.132707 -56.310519, -69.055300 -56.297297, -68.977947 -56.284027, -68.900647 -56.270709, -68.823401 -56.257343, -68.746210 -56.243929, -68.669072 -56.230466, -68.591989 -56.216956, -68.514960 -56.203398, -68.437986 -56.189791, -68.361066 -56.176138, -68.284202 -56.162436, -68.207392 -56.148687, -68.130637 -56.134890, -68.053937 -56.121046, -67.977293 -56.107154, -67.900704 -56.093214, -67.824170 -56.079228, -67.747692 -56.065194, -67.671270 -56.051113, -67.594904 -56.036984, -67.518594 -56.022809, -67.442340 -56.008586, -67.366142 -55.994317, -67.290000 -55.980000, -67.253505 -55.939967, -67.217085 -55.899923, -67.180740 -55.859869, -67.144470 -55.819804, -67.108275 -55.779728, -67.072154 -55.739641, -67.036108 -55.699544, -67.000135 -55.659437, -66.964236 -55.619319, -66.928410 -55.579190, -66.892657 -55.539051, -66.856978 -55.498902, -66.821371 -55.458743, -66.785836 -55.418573, -66.750374 -55.378392, -66.714983 -55.338202, -66.679665 -55.298001, -66.644418 -55.257790, -66.609242 -55.217569, -66.574137 -55.177338, -66.539103 -55.137097, -66.504140 -55.096846, -66.469247 -55.056585, -66.434424 -55.016314, -66.399671 -54.976033, -66.364987 -54.935742, -66.330374 -54.895441, -66.295829 -54.855130, -66.261353 -54.814810, -66.226946 -54.774480, -66.192608 -54.734140, -66.158338 -54.693790, -66.124136 -54.653431, -66.090001 -54.613062, -66.055935 -54.572684, -66.021936 -54.532296, -65.988004 -54.491899, -65.954139 -54.451492, -65.920341 -54.411075, -65.886610 -54.370649, -65.852945 -54.330214, -65.819346 -54.289770, -65.785813 -54.249316, -65.752345 -54.208853, -65.718944 -54.168380, -65.685607 -54.127899, -65.652336 -54.087408, -65.619129 -54.046908, -65.585987 -54.006399, -65.552910 -53.965881, -65.519897 -53.925353, -65.486948 -53.884817, -65.454062 -53.844272, -65.421241 -53.803717, -65.388483 -53.763154, -65.355788 -53.722582, -65.323156 -53.682001, -65.290587 -53.641411, -65.258080 -53.600813, -65.225636 -53.560205, -65.193254 -53.519589, -65.160935 -53.478964, -65.128677 -53.438330, -65.096480 -53.397688, -65.064346 -53.357037, -65.032272 -53.316377, -65.000259 -53.275709, -64.968308 -53.235032, -64.936417 -53.194347, -64.904586 -53.153653, -64.872816 -53.112951, -64.841106 -53.072240, -64.809456 -53.031521, -64.777865 -52.990794, -64.746334 -52.950058, -64.714863 -52.909314, -64.683450 -52.868561, -64.652097 -52.827800, -64.620802 -52.787031, -64.589566 -52.746254, -64.558388 -52.705469, -64.527269 -52.664675, -64.496207 -52.623874, -64.465204 -52.583064, -64.434258 -52.542246, -64.403369 -52.501420, -64.372538 -52.460586, -64.341764 -52.419744, -64.311047 -52.378894, -64.280387 -52.338036, -64.249784 -52.297170, -64.219236 -52.256297, -64.188746 -52.215415, -64.158311 -52.174526, -64.127932 -52.133628, -64.097609 -52.092723, -64.067341 -52.051811, -64.037129 -52.010890, -64.006972 -51.969962, -63.976870 -51.929026, -63.946823 -51.888082, -63.916830 -51.847131, -63.886893 -51.806172, -63.857009 -51.765206, -63.827180 -51.724232, -63.797404 -51.683250, -63.767683 -51.642261, -63.738015 -51.601265, -63.708401 -51.560261, -63.678840 -51.519249, -63.649332 -51.478230, -63.619878 -51.437204, -63.590476 -51.396171, -63.561127 -51.355130, -63.531830 -51.314081, -63.502586 -51.273026, -63.473394 -51.231963, -63.444255 -51.190893, -63.415167 -51.149816, -63.386130 -51.108731, -63.357146 -51.067639, -63.328212 -51.026540, -63.299331 -50.985434, -63.270500 -50.944321, -63.241720 -50.903201, -63.212991 -50.862074, -63.184312 -50.820940, -63.155684 -50.779798, -63.127107 -50.738650, -63.098579 -50.697495, -63.070102 -50.656333, -63.041674 -50.615163, -63.013296 -50.573987, -62.984968 -50.532804, -62.956689 -50.491615, -62.928460 -50.450418, -62.900279 -50.409215, -62.872148 -50.368004, -62.844065 -50.326787, -62.816031 -50.285564, -62.788046 -50.244333, -62.760109 -50.203096, -62.732220 -50.161852, -62.704379 -50.120601, -62.676586 -50.079344, -62.648841 -50.038080, -62.621144 -49.996810, -62.593494 -49.955533, -62.565892 -49.914249, -62.538336 -49.872959, -62.510828 -49.831663, -62.483367 -49.790360, -62.455952 -49.749050, -62.428585 -49.707734, -62.401263 -49.666411, -62.373989 -49.625082, -62.346760 -49.583747, -62.319577 -49.542405, -62.292441 -49.501057, -62.265350 -49.459703, -62.238305 -49.418342, -62.211305 -49.376975, -62.184351 -49.335602, -62.157443 -49.294222, -62.130579 -49.252837, -62.103760 -49.211445, -62.076986 -49.170046, -62.050257 -49.128642, -62.023573 -49.087232, -61.996933 -49.045815, -61.970337 -49.004392, -61.943786 -48.962963, -61.917279 -48.921528, -61.890815 -48.880087, -61.864396 -48.838640, -61.838020 -48.797187, -61.811687 -48.755728, -61.785399 -48.714263, -61.759153 -48.672792, -61.732951 -48.631315, -61.706791 -48.589832, -61.680675 -48.548343, -61.654601 -48.506848, -61.628570 -48.465347, -61.602582 -48.423841, -61.576636 -48.382329, -61.550732 -48.340810, -61.524870 -48.299286, -61.499051 -48.257757, -61.473273 -48.216221, -61.447537 -48.174680, -61.421843 -48.133133, -61.396191 -48.091580, -61.370579 -48.050022, -61.345009 -48.008457, -61.319481 -47.966888, -61.293993 -47.925312, -61.268546 -47.883731, -61.243141 -47.842144, -61.217775 -47.800552, -61.192451 -47.758954, -61.167167 -47.717351, -61.141923 -47.675742, -61.116719 -47.634127, -61.091556 -47.592507, -61.066433 -47.550882, -61.041349 -47.509251, -61.016305 -47.467614, -60.991301 -47.425972, -60.966336 -47.384325, -60.941411 -47.342672, -60.916525 -47.301014, -60.891679 -47.259351, -60.866871 -47.217682, -60.842102 -47.176008, -60.817373 -47.134328, -60.792682 -47.092643, -60.768029 -47.050953, -60.743415 -47.009258, -60.718840 -46.967557, -60.694302 -46.925851, -60.669803 -46.884140, -60.645342 -46.842424, -60.620919 -46.800702, -60.596534 -46.758975, -60.572187 -46.717243, -60.547877 -46.675506, -60.523605 -46.633764, -60.499370 -46.592016, -60.475172 -46.550264, -60.451012 -46.508506, -60.426889 -46.466744, -60.402802 -46.424976, -60.378753 -46.383203, -60.354740 -46.341425, -60.330764 -46.299643, -60.306825 -46.257855, -60.282922 -46.216062, -60.259056 -46.174264, -60.235225 -46.132461, -60.211431 -46.090654, -60.187673 -46.048841, -60.163951 -46.007023, -60.140265 -45.965201, -60.116614 -45.923374, -60.092999 -45.881541, -60.069420 -45.839704, -60.045876 -45.797862, -60.022367 -45.756016, -59.998894 -45.714164, -59.975455 -45.672308, -59.952052 -45.630447, -59.928684 -45.588581, -59.905350 -45.546710, -59.882052 -45.504835, -59.858788 -45.462955, -59.835558 -45.421070, -59.812363 -45.379180, -59.789202 -45.337286, -59.766076 -45.295387, -59.742983 -45.253484, -59.719925 -45.211575, -59.696901 -45.169662, -59.673910 -45.127745, -59.650953 -45.085823, -59.628030 -45.043896, -59.605141 -45.001965, -59.582285 -44.960029, -59.559462 -44.918089, -59.536673 -44.876144, -59.513917 -44.834194, -59.491194 -44.792241, -59.468504 -44.750282, -59.445847 -44.708319, -59.423223 -44.666352, -59.400631 -44.624380, -59.378072 -44.582404, -59.355546 -44.540423, -59.333052 -44.498438, -59.310591 -44.456448, -59.288161 -44.414454, -59.265765 -44.372456, -59.243400 -44.330453, -59.221067 -44.288446, -59.198766 -44.246435, -59.176497 -44.204419, -59.154259 -44.162399, -59.132054 -44.120374, -59.109879 -44.078346, -59.087737 -44.036313, -59.065626 -43.994276, -59.043546 -43.952234, -59.021497 -43.910188, -58.999479 -43.868138, -58.977493 -43.826084, -58.955537 -43.784026, -58.933612 -43.741963, -58.911718 -43.699896, -58.889855 -43.657825, -58.868022 -43.615750, -58.846220 -43.573671, -58.824449 -43.531588, -58.802707 -43.489500, -58.780996 -43.447409, -58.759316 -43.405313, -58.737665 -43.363213, -58.716044 -43.321109, -58.694453 -43.279001, -58.672893 -43.236889, -58.651362 -43.194773, -58.629860 -43.152653, -58.608388 -43.110529, -58.586946 -43.068401, -58.565533 -43.026269, -58.544150 -42.984132, -58.522796 -42.941992, -58.501471 -42.899848, -58.480175 -42.857700, -58.458909 -42.815548, -58.437671 -42.773392, -58.416462 -42.731233, -58.395282 -42.689069, -58.374131 -42.646901, -58.353008 -42.604730, -58.331914 -42.562554, -58.310849 -42.520375, -58.289811 -42.478192, -58.268803 -42.436005, -58.247822 -42.393814, -58.226870 -42.351620, -58.205946 -42.309422, -58.185049 -42.267219, -58.164181 -42.225013, -58.143341 -42.182804, -58.122528 -42.140590, -58.101744 -42.098373, -58.080987 -42.056152, -58.060257 -42.013927, -58.039555 -41.971699, -58.018880 -41.929466, -57.998233 -41.887231, -57.977613 -41.844991, -57.957020 -41.802748, -57.936455 -41.760501, -57.915916 -41.718250, -57.895405 -41.675996, -57.874920 -41.633738, -57.854462 -41.591476, -57.834031 -41.549211, -57.813627 -41.506943, -57.793249 -41.464670, -57.772898 -41.422394, -57.752573 -41.380115, -57.732275 -41.337832, -57.712003 -41.295545, -57.691757 -41.253255, -57.671538 -41.210961, -57.651345 -41.168664, -57.631177 -41.126363, -57.611036 -41.084058, -57.590921 -41.041751, -57.570831 -40.999439, -57.550767 -40.957125, -57.530729 -40.914806, -57.510717 -40.872484, -57.490730 -40.830159, -57.470769 -40.787831, -57.450833 -40.745499, -57.430922 -40.703163, -57.411037 -40.660824, -57.391177 -40.618482, -57.371342 -40.576136, -57.351532 -40.533787, -57.331748 -40.491434, -57.311988 -40.449079, -57.292253 -40.406719, -57.272543 -40.364357, -57.252858 -40.321991, -57.233197 -40.279622, -57.213561 -40.237249, -57.193950 -40.194873, -57.174363 -40.152494, -57.154800 -40.110111, -57.135262 -40.067726, -57.115748 -40.025337, -57.096259 -39.982944, -57.076793 -39.940549, -57.057352 -39.898150, -57.037935 -39.855748, -57.018541 -39.813343, -56.999172 -39.770934, -56.979827 -39.728522, -56.960505 -39.686107, -56.941207 -39.643689, -56.921932 -39.601268, -56.902682 -39.558843, -56.883455 -39.516416, -56.864251 -39.473985, -56.845070 -39.431551, -56.825913 -39.389114, -56.806780 -39.346673, -56.787669 -39.304230, -56.768582 -39.261783, -56.749518 -39.219334, -56.730477 -39.176881, -56.711458 -39.134425, -56.692463 -39.091966, -56.673491 -39.049504, -56.654541 -39.007039, -56.635614 -38.964571, -56.616710 -38.922100, -56.597829 -38.879625, -56.578970 -38.837148, -56.560133 -38.794668, -56.541319 -38.752184, -56.522527 -38.709698, -56.503758 -38.667209, -56.485011 -38.624716, -56.466286 -38.582221, -56.447583 -38.539723, -56.428903 -38.497221, -56.410244 -38.454717, -56.391607 -38.412210, -56.372993 -38.369700, -56.354400 -38.327187, -56.335829 -38.284671, -56.317279 -38.242152, -56.298752 -38.199630, -56.280246 -38.157105, -56.261761 -38.114577, -56.243298 -38.072047, -56.224857 -38.029513, -56.206437 -37.986977, -56.188038 -37.944438, -56.169661 -37.901896, -56.151304 -37.859351, -56.132969 -37.816803, -56.114655 -37.774252, -56.096363 -37.731699, -56.078091 -37.689143, -56.059840 -37.646584, -56.041610 -37.604022, -56.023401 -37.561457, -56.005213 -37.518890, -55.987045 -37.476319, -55.968898 -37.433746, -55.950772 -37.391171, -55.932666 -37.348592, -55.914581 -37.306011, -55.896516 -37.263427, -55.878472 -37.220840, -55.860448 -37.178250, -55.842445 -37.135658, -55.824461 -37.093063, -55.806498 -37.050465, -55.788555 -37.007865, -55.770632 -36.965262, -55.752730 -36.922656, -55.734847 -36.880047, -55.716984 -36.837436, -55.699141 -36.794822, -55.681318 -36.752206, -55.663514 -36.709587, -55.645731 -36.666965, -55.627967 -36.624340, -55.610223 -36.581713, -55.592498 -36.539084, -55.574793 -36.496451, -55.557107 -36.453816, -55.539441 -36.411179, -55.521794 -36.368539, -55.504166 -36.325896, -55.486558 -36.283251, -55.468969 -36.240603, -55.451399 -36.197952, -55.433849 -36.155299, -55.416317 -36.112644, -55.398804 -36.069986, -55.381311 -36.027325, -55.363836 -35.984662, -55.346380 -35.941996, -55.328944 -35.899328, -55.311525 -35.856657, -55.294126 -35.813983, -55.276745 -35.771308, -55.259383 -35.728629, -55.242040 -35.685949, -55.224715 -35.643265, -55.207408 -35.600580, -55.190120 -35.557891, -55.172851 -35.515201, -55.155600 -35.472507, -55.138367 -35.429812, -55.121152 -35.387114, -55.103956 -35.344413, -55.086777 -35.301710, -55.069617 -35.259005, -55.052475 -35.216297, -55.035351 -35.173587, -55.018245 -35.130874, -55.001157 -35.088159, -54.984087 -35.045442, -54.967035 -35.002722, -54.950000 -34.960000, -54.902375 -34.937767, -54.854777 -34.915516, -54.807204 -34.893247, -54.759657 -34.870959, -54.712135 -34.848652, -54.664640 -34.826327, -54.617170 -34.803983, -54.569726 -34.781621, -54.522307 -34.759241, -54.474915 -34.736842, -54.427548 -34.714425, -54.380206 -34.691989, -54.332891 -34.669536, -54.285601 -34.647064, -54.238336 -34.624573, -54.191098 -34.602065, -54.143885 -34.579538, -54.096697 -34.556993, -54.049535 -34.534430, -54.002399 -34.511849, -53.955288 -34.489250, -53.908203 -34.466633, -53.861143 -34.443997, -53.814109 -34.421344, -53.767100 -34.398673, -53.720117 -34.375983, -53.673159 -34.353276, -53.626227 -34.330551, -53.579320 -34.307808, -53.532438 -34.285047, -53.485582 -34.262268, -53.438751 -34.239472, -53.391946 -34.216657, -53.345166 -34.193825, -53.298411 -34.170975, -53.251682 -34.148107, -53.204978 -34.125222, -53.158299 -34.102319, -53.111645 -34.079398, -53.065017 -34.056460, -53.018414 -34.033504, -52.971836 -34.010531, -52.925284 -33.987540, -52.878756 -33.964531, -52.832254 -33.941505, -52.785777 -33.918462, -52.739325 -33.895401, -52.692898 -33.872323, -52.646496 -33.849227, -52.600120 -33.826114, -52.553768 -33.802983, -52.507442 -33.779836, -52.461140 -33.756671, -52.414864 -33.733488, -52.368613 -33.710289, -52.322386 -33.687072, -52.276185 -33.663838, -52.230008 -33.640586, -52.183857 -33.617318, -52.137730 -33.594033, -52.091628 -33.570730, -52.045552 -33.547410, -51.999500 -33.524073, -51.953473 -33.500720, -51.907470 -33.477349, -51.861493 -33.453961, -51.815540 -33.430556, -51.769612 -33.407135, -51.723709 -33.383696, -51.677831 -33.360241, -51.631977 -33.336768, -51.586149 -33.313279, -51.540344 -33.289773, -51.494565 -33.266250, -51.448810 -33.242711, -51.403080 -33.219154, -51.357374 -33.195581, -51.311693 -33.171992, -51.266037 -33.148385, -51.220405 -33.124762, -51.174798 -33.101123, -51.129215 -33.077466, -51.083657 -33.053794, -51.038123 -33.030104, -50.992614 -33.006398, -50.947129 -32.982676, -50.901669 -32.958937, -50.856233 -32.935182, -50.810822 -32.911410, -50.765435 -32.887622, -50.720072 -32.863817, -50.674734 -32.839996, -50.629420 -32.816159, -50.584130 -32.792305, -50.538865 -32.768435, -50.493624 -32.744549, -50.448407 -32.720647, -50.403214 -32.696728, -50.358046 -32.672793, -50.312902 -32.648842, -50.267782 -32.624875, -50.222686 -32.600892, -50.177614 -32.576893, -50.132566 -32.552877, -50.087543 -32.528846, -50.042544 -32.504798, -49.997568 -32.480735, -49.952617 -32.456655, -49.907690 -32.432560, -49.862787 -32.408448, -49.817907 -32.384321, -49.773052 -32.360178, -49.728221 -32.336019, -49.683414 -32.311844, -49.638630 -32.287653, -49.593871 -32.263447, -49.549135 -32.239224, -49.504423 -32.214986, -49.459735 -32.190732, -49.415071 -32.166463, -49.370431 -32.142178, -49.325814 -32.117877, -49.281221 -32.093560, -49.236652 -32.069228, -49.192107 -32.044881, -49.147585 -32.020517, -49.103087 -31.996138, -49.058613 -31.971744, -49.014162 -31.947334, -48.969735 -31.922909, -48.925332 -31.898468, -48.880952 -31.874012, -48.836596 -31.849541, -48.792263 -31.825054, -48.747954 -31.800551, -48.703668 -31.776034, -48.659406 -31.751501, -48.615167 -31.726952, -48.570952 -31.702389, -48.526760 -31.677810, -48.482591 -31.653216, -48.438446 -31.628607, -48.394324 -31.603982, -48.350226 -31.579343, -48.306150 -31.554688, -48.262098 -31.530018, -48.218070 -31.505333, -48.174065 -31.480633, -48.130082 -31.455918, -48.086123 -31.431188, -48.042188 -31.406443, -47.998275 -31.381683, -47.954386 -31.356908, -47.910520 -31.332119, -47.866676 -31.307314, -47.822856 -31.282494, -47.779059 -31.257659, -47.735285 -31.232810, -47.691535 -31.207946, -47.647807 -31.183067, -47.604102 -31.158173, -47.560420 -31.133265, -47.516761 -31.108341, -47.473125 -31.083403, -47.429511 -31.058451, -47.385921 -31.033483, -47.342354 -31.008501, -47.298809 -30.983505, -47.255287 -30.958494, -47.211788 -30.933468, -47.168312 -30.908428, -47.124858 -30.883373, -47.081428 -30.858303, -47.038020 -30.833220, -46.994634 -30.808121, -46.951271 -30.783008, -46.907931 -30.757881, -46.864614 -30.732740, -46.821319 -30.707584, -46.778047 -30.682413, -46.734797 -30.657229, -46.691570 -30.632030, -46.648365 -30.606817, -46.605183 -30.581589, -46.562024 -30.556347, -46.518886 -30.531091, -46.475771 -30.505821, -46.432679 -30.480537, -46.389609 -30.455238, -46.346561 -30.429926, -46.303536 -30.404599, -46.260533 -30.379258, -46.217553 -30.353903, -46.174594 -30.328534, -46.131658 -30.303151, -46.088744 -30.277754, -46.045852 -30.252343, -46.002983 -30.226918, -45.960136 -30.201479, -45.917310 -30.176026, -45.874507 -30.150559, -45.831726 -30.125079, -45.788967 -30.099584, -45.746231 -30.074076, -45.703516 -30.048553, -45.660823 -30.023018, -45.618152 -29.997468, -45.575503 -29.971904, -45.532877 -29.946327, -45.490272 -29.920736, -45.447689 -29.895131, -45.405127 -29.869513, -45.362588 -29.843881, -45.320071 -29.818236, -45.277575 -29.792577, -45.235101 -29.766904, -45.192649 -29.741217, -45.150219 -29.715518, -45.107810 -29.689804, -45.065423 -29.664077, -45.023058 -29.638337, -44.980714 -29.612583, -44.938392 -29.586816, -44.896092 -29.561035, -44.853813 -29.535241, -44.811556 -29.509434, -44.769321 -29.483613, -44.727107 -29.457779, -44.684914 -29.431931, -44.642743 -29.406071, -44.600593 -29.380197, -44.558465 -29.354309, -44.516358 -29.328409, -44.474273 -29.302495, -44.432209 -29.276568, -44.390166 -29.250628, -44.348145 -29.224675, -44.306144 -29.198709, -44.264166 -29.172729, -44.222208 -29.146737, -44.180272 -29.120731, -44.138357 -29.094713, -44.096463 -29.068681, -44.054590 -29.042637, -44.012738 -29.016579, -43.970908 -28.990508, -43.929098 -28.964425, -43.887310 -28.938329, -43.845542 -28.912219, -43.803796 -28.886097, -43.762071 -28.859962, -43.720366 -28.833814, -43.678683 -28.807653, -43.637021 -28.781480, -43.595379 -28.755294, -43.553758 -28.729094, -43.512159 -28.702883, -43.470580 -28.676658, -43.429022 -28.650421, -43.387484 -28.624171, -43.345968 -28.597909, -43.304472 -28.571633, -43.262997 -28.545346, -43.221542 -28.519045, -43.180109 -28.492732, -43.138696 -28.466407, -43.097303 -28.440069, -43.055932 -28.413718, -43.014580 -28.387355, -42.973250 -28.360980, -42.931940 -28.334592, -42.890650 -28.308191, -42.849381 -28.281778, -42.808132 -28.255353, -42.766904 -28.228915, -42.725696 -28.202465, -42.684509 -28.176003, -42.643342 -28.149528, -42.602195 -28.123042, -42.561069 -28.096542, -42.519963 -28.070031, -42.478877 -28.043507, -42.437812 -28.016971, -42.396767 -27.990423, -42.355742 -27.963863, -42.314737 -27.937290, -42.273753 -27.910706, -42.232788 -27.884109, -42.191844 -27.857500, -42.150920 -27.830879, -42.110015 -27.804246, -42.069131 -27.777601, -42.028267 -27.750944, -41.987423 -27.724275, -41.946599 -27.697594, -41.905795 -27.670901, -41.865011 -27.644196, -41.824246 -27.617479, -41.783502 -27.590751, -41.742777 -27.564010, -41.702073 -27.537257, -41.661388 -27.510493, -41.620723 -27.483717, -41.580078 -27.456929, -41.539452 -27.430129, -41.498846 -27.403317, -41.458260 -27.376494, -41.417694 -27.349659, -41.377147 -27.322812, -41.336620 -27.295954, -41.296112 -27.269084, -41.255624 -27.242202, -41.215156 -27.215308, -41.174707 -27.188403, -41.134277 -27.161487, -41.093868 -27.134558, -41.053477 -27.107619, -41.013106 -27.080667, -40.972755 -27.053704, -40.932423 -27.026730, -40.892110 -26.999744, -40.851816 -26.972747, -40.811542 -26.945738, -40.771287 -26.918718, -40.731052 -26.891686, -40.690836 -26.864643, -40.650639 -26.837589, -40.610461 -26.810523, -40.570302 -26.783446, -40.530163 -26.756357, -40.490042 -26.729258, -40.449941 -26.702147, -40.409859 -26.675025, -40.369796 -26.647891, -40.329752 -26.620746, -40.289727 -26.593590, -40.249721 -26.566423, -40.209733 -26.539245, -40.169765 -26.512056, -40.129816 -26.484855, -40.089886 -26.457643, -40.049974 -26.430421, -40.010082 -26.403187, -39.970208 -26.375942, -39.930353 -26.348686, -39.890517 -26.321419, -39.850700 -26.294141, -39.810901 -26.266852, -39.771121 -26.239552, -39.731360 -26.212241, -39.691617 -26.184920, -39.651893 -26.157587, -39.612188 -26.130243, -39.572501 -26.102889, -39.532833 -26.075524, -39.493183 -26.048147, -39.453552 -26.020760, -39.413939 -25.993363, -39.374345 -25.965954, -39.334769 -25.938535, -39.295212 -25.911105, -39.255673 -25.883664, -39.216152 -25.856212, -39.176650 -25.828750, -39.137166 -25.801277, -39.097701 -25.773794, -39.058253 -25.746299, -39.018824 -25.718795, -38.979414 -25.691279, -38.940021 -25.663753, -38.900647 -25.636217, -38.861290 -25.608670, -38.821952 -25.581112, -38.782632 -25.553544, -38.743330 -25.525965, -38.704047 -25.498376, -38.664781 -25.470776, -38.625533 -25.443166, -38.586303 -25.415546, -38.547091 -25.387915, -38.507898 -25.360274, -38.468722 -25.332622, -38.429564 -25.304960, -38.390424 -25.277288, -38.351301 -25.249605, -38.312197 -25.221912, -38.273110 -25.194209, -38.234041 -25.166496, -38.194990 -25.138772, -38.155957 -25.111038, -38.116941 -25.083294, -38.077943 -25.055539, -38.038963 -25.027775, -38.000000 -25.000000, -37.974907 -24.961376, -37.949829 -24.922748, -37.924768 -24.884116, -37.899722 -24.845480, -37.874691 -24.806839, -37.849676 -24.768195, -37.824677 -24.729546, -37.799693 -24.690893, -37.774725 -24.652236, -37.749772 -24.613575, -37.724835 -24.574909, -37.699913 -24.536240, -37.675006 -24.497566, -37.650115 -24.458889, -37.625239 -24.420207, -37.600378 -24.381521, -37.575533 -24.342832, -37.550702 -24.304138, -37.525887 -24.265440, -37.501087 -24.226738, -37.476302 -24.188032, -37.451532 -24.149322, -37.426777 -24.110608, -37.402037 -24.071890, -37.377311 -24.033168, -37.352601 -23.994443, -37.327906 -23.955713, -37.303225 -23.916979, -37.278560 -23.878241, -37.253909 -23.839500, -37.229272 -23.800754, -37.204651 -23.762005, -37.180044 -23.723251, -37.155452 -23.684494, -37.130874 -23.645733, -37.106311 -23.606968, -37.081762 -23.568199, -37.057228 -23.529427, -37.032708 -23.490650, -37.008203 -23.451870, -36.983712 -23.413086, -36.959236 -23.374298, -36.934774 -23.335506, -36.910326 -23.296710, -36.885892 -23.257911, -36.861473 -23.219108, -36.837067 -23.180301, -36.812676 -23.141490, -36.788299 -23.102676, -36.763937 -23.063857, -36.739588 -23.025035, -36.715253 -22.986210, -36.690932 -22.947380, -36.666625 -22.908547, -36.642332 -22.869711, -36.618053 -22.830870, -36.593788 -22.792026, -36.569537 -22.753178, -36.545299 -22.714327, -36.521075 -22.675472, -36.496865 -22.636613, -36.472669 -22.597751, -36.448486 -22.558885, -36.424317 -22.520015, -36.400161 -22.481142, -36.376019 -22.442265, -36.351891 -22.403385, -36.327776 -22.364501, -36.303674 -22.325613, -36.279586 -22.286722, -36.255512 -22.247827, -36.231450 -22.208929, -36.207402 -22.170027, -36.183368 -22.131122, -36.159346 -22.092213, -36.135338 -22.053301, -36.111343 -22.014385, -36.087361 -21.975466, -36.063393 -21.936543, -36.039437 -21.897617, -36.015495 -21.858687, -35.991566 -21.819754, -35.967649 -21.780818, -35.943746 -21.741878, -35.919855 -21.702934, -35.895978 -21.663987, -35.872113 -21.625037, -35.848262 -21.586083, -35.824423 -21.547126, -35.800597 -21.508166, -35.776783 -21.469202, -35.752983 -21.430235, -35.729195 -21.391264, -35.705419 -21.352290, -35.681657 -21.313313, -35.657907 -21.274332, -35.634169 -21.235348, -35.610445 -21.196361, -35.586732 -21.157370, -35.563032 -21.118376, -35.539345 -21.079379, -35.515670 -21.040379, -35.492007 -21.001375, -35.468357 -20.962368, -35.444719 -20.923358, -35.421094 -20.884344, -35.397480 -20.845328, -35.373879 -20.806308, -35.350291 -20.767284, -35.326714 -20.728258, -35.303149 -20.689228, -35.279597 -20.650196, -35.256057 -20.611159, -35.232528 -20.572120, -35.209012 -20.533078, -35.185508 -20.494032, -35.162016 -20.454984, -35.138536 -20.415932, -35.115067 -20.376877, -35.091611 -20.337819, -35.068166 -20.298757, -35.044733 -20.259693, -35.021312 -20.220625, -34.997903 -20.181555, -34.974505 -20.142481, -34.951120 -20.103404, -34.927745 -20.064324, -34.904383 -20.025241, -34.881032 -19.986155, -34.857693 -19.947066, -34.834365 -19.907974, -34.811049 -19.868879, -34.787744 -19.829781, -34.764451 -19.790680, -34.741169 -19.751575, -34.717898 -19.712468, -34.694639 -19.673358, -34.671392 -19.634245, -34.648155 -19.595128, -34.624930 -19.556009, -34.601716 -19.516887, -34.578514 -19.477762, -34.555322 -19.438634, -34.532142 -19.399503, -34.508973 -19.360369, -34.485815 -19.321232, -34.462668 -19.282092, -34.439533 -19.242950, -34.416408 -19.203804, -34.393294 -19.164655, -34.370191 -19.125504, -34.347099 -19.086350, -34.324019 -19.047193, -34.300948 -19.008033, -34.277889 -18.968870, -34.254841 -18.929704, -34.231803 -18.890535, -34.208777 -18.851364, -34.185761 -18.812190, -34.162755 -18.773013, -34.139761 -18.733833, -34.116777 -18.694650, -34.093804 -18.655465, -34.070841 -18.616276, -34.047889 -18.577085, -34.024947 -18.537891, -34.002016 -18.498695, -33.979096 -18.459495, -33.956186 -18.420293, -33.933286 -18.381088, -33.910397 -18.341881, -33.887518 -18.302671, -33.864650 -18.263457, -33.841791 -18.224242, -33.818944 -18.185023, -33.796106 -18.145802, -33.773279 -18.106578, -33.750462 -18.067352, -33.727655 -18.028122, -33.704858 -17.988890, -33.682071 -17.949656, -33.659295 -17.910419, -33.636528 -17.871179, -33.613772 -17.831936, -33.591026 -17.792691, -33.568289 -17.753443, -33.545563 -17.714193, -33.522846 -17.674940, -33.500140 -17.635684, -33.477443 -17.596426, -33.454756 -17.557165, -33.432079 -17.517902, -33.409412 -17.478636, -33.386755 -17.439368, -33.364107 -17.400097, -33.341469 -17.360823, -33.318841 -17.321547, -33.296223 -17.282268, -33.273614 -17.242987, -33.251015 -17.203703, -33.228425 -17.164417, -33.205845 -17.125128, -33.183275 -17.085837, -33.160713 -17.046543, -33.138162 -17.007247, -33.115620 -16.967948, -33.093087 -16.928647, -33.070564 -16.889343, -33.048050 -16.850037, -33.025546 -16.810728, -33.003051 -16.771417, -32.980565 -16.732103, -32.958088 -16.692788, -32.935621 -16.653469, -32.913163 -16.614148, -32.890714 -16.574825, -32.868274 -16.535500, -32.845843 -16.496172, -32.823422 -16.456841, -32.801009 -16.417508, -32.778606 -16.378173, -32.756212 -16.338836, -32.733826 -16.299496, -32.711450 -16.260154, -32.689083 -16.220809, -32.666724 -16.181462, -32.644375 -16.142113, -32.622034 -16.102761, -32.599703 -16.063407, -32.577380 -16.024051, -32.555066 -15.984693, -32.532760 -15.945332, -32.510464 -15.905969, -32.488176 -15.866603, -32.465897 -15.827236, -32.443626 -15.787866, -32.421364 -15.748494, -32.399111 -15.709119, -32.376867 -15.669742, -32.354631 -15.630363, -32.332403 -15.590982, -32.310184 -15.551599, -32.287974 -15.512213, -32.265772 -15.472825, -32.243578 -15.433435, -32.221393 -15.394043, -32.199217 -15.354648, -32.177048 -15.315252, -32.154888 -15.275853, -32.132737 -15.236452, -32.110593 -15.197048, -32.088458 -15.157643, -32.066331 -15.118236, -32.044213 -15.078826, -32.022102 -15.039414, -32.000000 -15.000000, -32.009211 -14.956052, -32.018418 -14.912104, -32.027621 -14.868155, -32.036821 -14.824206, -32.046017 -14.780257, -32.055209 -14.736307, -32.064398 -14.692357, -32.073582 -14.648407, -32.082763 -14.604456, -32.091941 -14.560505, -32.101115 -14.516553, -32.110285 -14.472601, -32.119451 -14.428649, -32.128614 -14.384697, -32.137773 -14.340744, -32.146929 -14.296790, -32.156081 -14.252837, -32.165230 -14.208883, -32.174375 -14.164928, -32.183516 -14.120974, -32.192654 -14.077019, -32.201788 -14.033063, -32.210919 -13.989108, -32.220047 -13.945152, -32.229171 -13.901195, -32.238291 -13.857239, -32.247408 -13.813281, -32.256522 -13.769324, -32.265632 -13.725366, -32.274739 -13.681408, -32.283842 -13.637450, -32.292942 -13.593491, -32.302038 -13.549532, -32.311132 -13.505573, -32.320221 -13.461613, -32.329308 -13.417653, -32.338391 -13.373693, -32.347471 -13.329732, -32.356548 -13.285771, -32.365621 -13.241810, -32.374691 -13.197848, -32.383758 -13.153886, -32.392821 -13.109924, -32.401881 -13.065961, -32.410938 -13.021998, -32.419992 -12.978035, -32.429043 -12.934071, -32.438090 -12.890107, -32.447134 -12.846143, -32.456176 -12.802179, -32.465213 -12.758214, -32.474248 -12.714249, -32.483280 -12.670284, -32.492308 -12.626318, -32.501334 -12.582352, -32.510356 -12.538385, -32.519376 -12.494419, -32.528392 -12.450452, -32.537405 -12.406485, -32.546415 -12.362517, -32.555422 -12.318549, -32.564426 -12.274581, -32.573427 -12.230613, -32.582425 -12.186644, -32.591420 -12.142675, -32.600412 -12.098706, -32.609402 -12.054736, -32.618388 -12.010767, -32.627371 -11.966796, -32.636351 -11.922826, -32.645329 -11.878855, -32.654303 -11.834884, -32.663275 -11.790913, -32.672244 -11.746941, -32.681210 -11.702970, -32.690173 -11.658998, -32.699133 -11.615025, -32.708090 -11.571053, -32.717045 -11.527080, -32.725997 -11.483106, -32.734946 -11.439133, -32.743892 -11.395159, -32.752835 -11.351185, -32.761776 -11.307211, -32.770714 -11.263236, -32.779649 -11.219261, -32.788582 -11.175286, -32.797512 -11.131311, -32.806439 -11.087335, -32.815363 -11.043359, -32.824285 -10.999383, -32.833204 -10.955407, -32.842120 -10.911430, -32.851034 -10.867453, -32.859945 -10.823476, -32.868854 -10.779499, -32.877760 -10.735521, -32.886663 -10.691543, -32.895564 -10.647565, -32.904462 -10.603586, -32.913358 -10.559608, -32.922251 -10.515629, -32.931141 -10.471650, -32.940029 -10.427670, -32.948915 -10.383690, -32.957798 -10.339710, -32.966679 -10.295730, -32.975557 -10.251750, -32.984432 -10.207769, -32.993305 -10.163788, -33.002176 -10.119807, -33.011044 -10.075826, -33.019910 -10.031844, -33.028774 -9.987862, -33.037635 -9.943880, -33.046493 -9.899898, -33.055350 -9.855915, -33.064204 -9.811933, -33.073055 -9.767950, -33.081904 -9.723966, -33.090751 -9.679983, -33.099596 -9.635999, -33.108438 -9.592015, -33.117278 -9.548031, -33.126116 -9.504047, -33.134951 -9.460062, -33.143785 -9.416077, -33.152616 -9.372092, -33.161444 -9.328107, -33.170271 -9.284122, -33.179095 -9.240136, -33.187917 -9.196150, -33.196737 -9.152164, -33.205555 -9.108178, -33.214370 -9.064191, -33.223183 -9.020205, -33.231995 -8.976218, -33.240804 -8.932230, -33.249611 -8.888243, -33.258415 -8.844255, -33.267218 -8.800268, -33.276019 -8.756280, -33.284817 -8.712292, -33.293614 -8.668303, -33.302408 -8.624315, -33.311201 -8.580326, -33.319991 -8.536337, -33.328779 -8.492348, -33.337566 -8.448358, -33.346350 -8.404369, -33.355132 -8.360379, -33.363913 -8.316389, -33.372691 -8.272399, -33.381467 -8.228408, -33.390242 -8.184418, -33.399014 -8.140427, -33.407785 -8.096436, -33.416553 -8.052445, -33.425320 -8.008454, -33.434085 -7.964462, -33.442848 -7.920471, -33.451609 -7.876479, -33.460368 -7.832487, -33.469126 -7.788495, -33.477881 -7.744502, -33.486635 -7.700510, -33.495387 -7.656517, -33.504137 -7.612524, -33.512885 -7.568531, -33.521632 -7.524538, -33.530377 -7.480544, -33.539120 -7.436551, -33.547861 -7.392557, -33.556600 -7.348563, -33.565338 -7.304569, -33.574074 -7.260574, -33.582809 -7.216580, -33.591541 -7.172585, -33.600272 -7.128591, -33.609001 -7.084596, -33.617729 -7.040600, -33.626455 -6.996605, -33.635179 -6.952610, -33.643902 -6.908614, -33.652623 -6.864618, -33.661342 -6.820622, -33.670060 -6.776626, -33.678776 -6.732630, -33.687491 -6.688634, -33.696204 -6.644637, -33.704916 -6.600641, -33.713626 -6.556644, -33.722334 -6.512647, -33.731041 -6.468650, -33.739747 -6.424652, -33.748450 -6.380655, -33.757153 -6.336657, -33.765854 -6.292660, -33.774553 -6.248662, -33.783251 -6.204664, -33.791948 -6.160666, -33.800643 -6.116667, -33.809336 -6.072669, -33.818029 -6.028670, -33.826720 -5.984672, -33.835409 -5.940673, -33.844097 -5.896674, -33.852784 -5.852675, -33.861469 -5.808675, -33.870153 -5.764676, -33.878836 -5.720676, -33.887517 -5.676677, -33.896197 -5.632677, -33.904875 -5.588677, -33.913553 -5.544677, -33.922229 -5.500677, -33.930903 -5.456677, -33.939577 -5.412676, -33.948249 -5.368676, -33.956920 -5.324675, -33.965590 -5.280674, -33.974258 -5.236673, -33.982925 -5.192672, -33.991592 -5.148671, -34.000256 -5.104670, -34.008920 -5.060669, -34.017583 -5.016667, -34.026244 -4.972666, -34.034904 -4.928664, -34.043563 -4.884662, -34.052221 -4.840660, -34.060878 -4.796658, -34.069533 -4.752656, -34.078188 -4.708654, -34.086841 -4.664651, -34.095494 -4.620649, -34.104145 -4.576646, -34.112795 -4.532644, -34.121444 -4.488641, -34.130092 -4.444638, -34.138739 -4.400635, -34.147385 -4.356632, -34.156031 -4.312629, -34.164675 -4.268625, -34.173318 -4.224622, -34.181960 -4.180619, -34.190601 -4.136615, -34.199241 -4.092611, -34.207880 -4.048608, -34.216518 -4.004604, -34.225156 -3.960600, -34.233792 -3.916596, -34.242428 -3.872592, -34.251062 -3.828587, -34.259696 -3.784583, -34.268329 -3.740579, -34.276961 -3.696574, -34.285592 -3.652570, -34.294222 -3.608565, -34.302852 -3.564560, -34.311480 -3.520556, -34.320108 -3.476551, -34.328735 -3.432546, -34.337361 -3.388541, -34.345987 -3.344536, -34.354611 -3.300531, -34.363235 -3.256525, -34.371858 -3.212520, -34.380481 -3.168515, -34.389102 -3.124509, -34.397723 -3.080504, -34.406343 -3.036498, -34.414963 -2.992492, -34.423582 -2.948487, -34.432200 -2.904481, -34.440817 -2.860475, -34.449434 -2.816469, -34.458050 -2.772463, -34.466666 -2.728457, -34.475281 -2.684451, -34.483895 -2.640445, -34.492508 -2.596438, -34.501121 -2.552432, -34.509734 -2.508426, -34.518346 -2.464419, -34.526957 -2.420413, -34.535568 -2.376406, -34.544178 -2.332400, -34.552788 -2.288393, -34.561397 -2.244386, -34.570005 -2.200380, -34.578614 -2.156373, -34.587221 -2.112366, -34.595828 -2.068359, -34.604435 -2.024352, -34.613041 -1.980345, -34.621647 -1.936338, -34.630252 -1.892331, -34.638857 -1.848324, -34.647461 -1.804317, -34.656065 -1.760310, -34.664669 -1.716302, -34.673272 -1.672295, -34.681875 -1.628288, -34.690477 -1.584280, -34.699079 -1.540273, -34.707681 -1.496266, -34.716282 -1.452258, -34.724883 -1.408251, -34.733484 -1.364243, -34.742084 -1.320236, -34.750685 -1.276228, -34.759284 -1.232220, -34.767884 -1.188213, -34.776483 -1.144205, -34.785082 -1.100198, -34.793681 -1.056190, -34.802279 -1.012182, -34.810877 -0.968174, -34.819475 -0.924167, -34.828073 -0.880159, -34.836671 -0.836151, -34.845268 -0.792143, -34.853865 -0.748135, -34.862462 -0.704127, -34.871059 -0.660120, -34.879656 -0.616112, -34.888253 -0.572104, -34.896849 -0.528096, -34.905445 -0.484088, -34.914042 -0.440080, -34.922638 -0.396072, -34.931234 -0.352064, -34.939830 -0.308056, -34.948426 -0.264048, -34.957021 -0.220040, -34.965617 -0.176032, -34.974213 -0.132024, -34.982809 -0.088016, -34.991404 -0.044008, -35.000000 0.000000, -35.036959 0.025570, -35.073918 0.051141, -35.110877 0.076711, -35.147836 0.102281, -35.184795 0.127852, -35.221754 0.153422, -35.258713 0.178992, -35.295672 0.204562, -35.332632 0.230132, -35.369591 0.255702, -35.406551 0.281272, -35.443511 0.306842, -35.480471 0.332411, -35.517431 0.357981, -35.554392 0.383550, -35.591352 0.409119, -35.628313 0.434688, -35.665274 0.460257, -35.702236 0.485825, -35.739197 0.511394, -35.776159 0.536962, -35.813122 0.562530, -35.850084 0.588097, -35.887047 0.613665, -35.924011 0.639232, -35.960974 0.664799, -35.997938 0.690366, -36.034903 0.715932, -36.071868 0.741498, -36.108833 0.767064, -36.145799 0.792629, -36.182765 0.818194, -36.219731 0.843759, -36.256699 0.869323, -36.293666 0.894888, -36.330634 0.920451, -36.367603 0.946015, -36.404572 0.971577, -36.441542 0.997140, -36.478513 1.022702, -36.515484 1.048264, -36.552455 1.073825, -36.589427 1.099386, -36.626400 1.124946, -36.663374 1.150506, -36.700348 1.176065, -36.737323 1.201624, -36.774298 1.227182, -36.811274 1.252740, -36.848251 1.278298, -36.885229 1.303855, -36.922207 1.329411, -36.959186 1.354967, -36.996166 1.380522, -37.033147 1.406076, -37.070129 1.431630, -37.107111 1.457184, -37.144094 1.482736, -37.181078 1.508289, -37.218063 1.533840, -37.255049 1.559391, -37.292036 1.584941, -37.329024 1.610491, -37.366012 1.636040, -37.403002 1.661588, -37.439992 1.687136, -37.476983 1.712683, -37.513976 1.738229, -37.550969 1.763774, -37.587964 1.789319, -37.624959 1.814863, -37.661956 1.840406, -37.698953 1.865948, -37.735952 1.891490, -37.772952 1.917031, -37.809953 1.942571, -37.846955 1.968110, -37.883958 1.993648, -37.920962 2.019186, -37.957967 2.044723, -37.994974 2.070259, -38.031982 2.095794, -38.068991 2.121328, -38.106001 2.146861, -38.143012 2.172393, -38.180025 2.197925, -38.217039 2.223456, -38.254054 2.248985, -38.291071 2.274514, -38.328089 2.300042, -38.365108 2.325568, -38.402128 2.351094, -38.439150 2.376619, -38.476173 2.402143, -38.513198 2.427666, -38.550224 2.453187, -38.587252 2.478708, -38.624280 2.504228, -38.661311 2.529747, -38.698342 2.555264, -38.735376 2.580781, -38.772410 2.606297, -38.809447 2.631811, -38.846484 2.657324, -38.883524 2.682837, -38.920564 2.708348, -38.957607 2.733858, -38.994651 2.759367, -39.031696 2.784874, -39.068743 2.810381, -39.105792 2.835886, -39.142843 2.861390, -39.179895 2.886893, -39.216948 2.912395, -39.254004 2.937896, -39.291061 2.963395, -39.328120 2.988893, -39.365180 3.014390, -39.402242 3.039885, -39.439306 3.065380, -39.476372 3.090873, -39.513440 3.116364, -39.550509 3.141855, -39.587580 3.167344, -39.624653 3.192832, -39.661728 3.218318, -39.698805 3.243803, -39.735883 3.269287, -39.772964 3.294770, -39.810046 3.320251, -39.847130 3.345730, -39.884216 3.371209, -39.921304 3.396685, -39.958395 3.422161, -39.995487 3.447635, -40.032581 3.473107, -40.069677 3.498578, -40.106775 3.524048, -40.143875 3.549516, -40.180977 3.574983, -40.218081 3.600448, -40.255187 3.625912, -40.292296 3.651374, -40.329406 3.676834, -40.366519 3.702293, -40.403633 3.727751, -40.440750 3.753207, -40.477869 3.778661, -40.514990 3.804114, -40.552114 3.829565, -40.589239 3.855015, -40.626367 3.880463, -40.663497 3.905909, -40.700630 3.931354, -40.737764 3.956797, -40.774901 3.982239, -40.812040 4.007679, -40.849182 4.033117, -40.886325 4.058553, -40.923472 4.083988, -40.960620 4.109421, -40.997771 4.134852, -41.034924 4.160282, -41.072080 4.185709, -41.109238 4.211135, -41.146398 4.236560, -41.183561 4.261982, -41.220727 4.287403, -41.257895 4.312822, -41.295065 4.338239, -41.332238 4.363654, -41.369413 4.389068, -41.406591 4.414479, -41.443771 4.439889, -41.480954 4.465297, -41.518140 4.490703, -41.555328 4.516107, -41.592519 4.541510, -41.629712 4.566910, -41.666908 4.592308, -41.704107 4.617705, -41.741308 4.643099, -41.778512 4.668492, -41.815719 4.693883, -41.852928 4.719271, -41.890140 4.744658, -41.927355 4.770043, -41.964573 4.795426, -42.001793 4.820806, -42.039017 4.846185, -42.076242 4.871562, -42.113471 4.896936, -42.150703 4.922309, -42.187937 4.947679, -42.225175 4.973048, -42.262415 4.998414, -42.299658 5.023778, -42.336904 5.049140, -42.374153 5.074500, -42.411404 5.099858, -42.448659 5.125214, -42.485917 5.150567, -42.523177 5.175919, -42.560441 5.201268, -42.597708 5.226615, -42.634977 5.251960, -42.672250 5.277302, -42.709526 5.302642, -42.746805 5.327981, -42.784087 5.353317, -42.821371 5.378650, -42.858660 5.403982, -42.895951 5.429311, -42.933245 5.454637, -42.970543 5.479962, -43.007843 5.505284, -43.045147 5.530604, -43.082454 5.555922, -43.119764 5.581237, -43.157078 5.606550, -43.194394 5.631860, -43.231714 5.657168, -43.269037 5.682474, -43.306364 5.707777, -43.343694 5.733078, -43.381027 5.758377, -43.418363 5.783673, -43.455703 5.808967, -43.493046 5.834258, -43.530392 5.859547, -43.567742 5.884833, -43.605095 5.910117, -43.642452 5.935398, -43.679812 5.960677, -43.717176 5.985953, -43.754543 6.011227, -43.791913 6.036498, -43.829287 6.061767, -43.866664 6.087033, -43.904045 6.112296, -43.941430 6.137557, -43.978818 6.162816, -44.016210 6.188071, -44.053605 6.213324, -44.091003 6.238575, -44.128406 6.263823, -44.165812 6.289068, -44.203221 6.314311, -44.240635 6.339550, -44.278051 6.364788, -44.315472 6.390022, -44.352896 6.415254, -44.390324 6.440483, -44.427756 6.465709, -44.465191 6.490933, -44.502631 6.516154, -44.540074 6.541372, -44.577520 6.566588, -44.614971 6.591800, -44.652425 6.617010, -44.689883 6.642217, -44.727345 6.667421, -44.764811 6.692622, -44.802281 6.717821, -44.839755 6.743017, -44.877232 6.768209, -44.914713 6.793399, -44.952199 6.818586, -44.989688 6.843771, -45.027181 6.868952, -45.064679 6.894130, -45.102180 6.919306, -45.139685 6.944478, -45.177194 6.969648, -45.214707 6.994814, -45.252225 7.019978, -45.289746 7.045138, -45.327271 7.070296, -45.364801 7.095451, -45.402334 7.120602, -45.439872 7.145751, -45.477414 7.170896, -45.514960 7.196039, -45.552510 7.221178, -45.590064 7.246315, -45.627623 7.271448, -45.665186 7.296578, -45.702753 7.321706, -45.740324 7.346830, -45.777899 7.371950, -45.815479 7.397068, -45.853063 7.422183, -45.890651 7.447294, -45.928244 7.472402, -45.965841 7.497508, -46.003442 7.522609, -46.041047 7.547708, -46.078657 7.572804, -46.116272 7.597896, -46.153890 7.622985, -46.191513 7.648071, -46.229141 7.673153, -46.266773 7.698232, -46.304409 7.723308, -46.342050 7.748381, -46.379696 7.773450, -46.417345 7.798516, -46.455000 7.823579, -46.492659 7.848638, -46.530322 7.873695, -46.567990 7.898747, -46.605663 7.923796, -46.643340 7.948842, -46.681022 7.973885, -46.718708 7.998924, -46.756399 8.023960, -46.794095 8.048992, -46.831795 8.074021, -46.869500 8.099046, -46.907210 8.124068, -46.944924 8.149087, -46.982643 8.174102, -47.020367 8.199113, -47.058096 8.224121, -47.095829 8.249125, -47.133567 8.274126, -47.171310 8.299124, -47.209058 8.324118, -47.246810 8.349108, -47.284567 8.374095, -47.322330 8.399078, -47.360097 8.424057, -47.397869 8.449033, -47.435645 8.474005, -47.473427 8.498974, -47.511214 8.523939, -47.549005 8.548900, -47.586802 8.573858, -47.624603 8.598812, -47.662410 8.623762, -47.700221 8.648709, -47.738038 8.673652, -47.775859 8.698591, -47.813686 8.723527, -47.851517 8.748458, -47.889354 8.773386, -47.927196 8.798310, -47.965043 8.823231, -48.002895 8.848148, -48.040752 8.873060, -48.078614 8.897969, -48.116481 8.922875, -48.154354 8.947776, -48.192232 8.972673, -48.230114 8.997567, -48.268003 9.022457, -48.305896 9.047343, -48.343794 9.072225, -48.381698 9.097103, -48.419607 9.121977, -48.457522 9.146847, -48.495442 9.171714, -48.533367 9.196576, -48.571297 9.221434, -48.609233 9.246289, -48.647174 9.271139, -48.685120 9.295986, -48.723072 9.320828, -48.761029 9.345667, -48.798992 9.370501, -48.836960 9.395331, -48.874933 9.420158, -48.912912 9.444980, -48.950897 9.469798, -48.988887 9.494612, -49.026882 9.519422, -49.064883 9.544228, -49.102889 9.569030, -49.140901 9.593828, -49.178919 9.618621, -49.216942 9.643410, -49.254971 9.668195, -49.293005 9.692976, -49.331045 9.717753, -49.369091 9.742526, -49.407142 9.767294, -49.445199 9.792058, -49.483262 9.816818, -49.521330 9.841574, -49.559404 9.866325, -49.597484 9.891072, -49.635569 9.915815, -49.673660 9.940554, -49.711757 9.965288, -49.749860 9.990018, -49.787969 10.014744, -49.826083 10.039465, -49.864203 10.064182, -49.902329 10.088894, -49.940461 10.113602, -49.978599 10.138306, -50.016742 10.163005, -50.054892 10.187700, -50.093047 10.212391, -50.131209 10.237077, -50.169376 10.261759, -50.207549 10.286436, -50.245728 10.311109, -50.283914 10.335777, -50.322105 10.360441, -50.360302 10.385100, -50.398505 10.409755, -50.436714 10.434405, -50.474930 10.459050, -50.513151 10.483692, -50.551379 10.508328, -50.589612 10.532960, -50.627852 10.557588, -50.666098 10.582210, -50.704349 10.606828, -50.742608 10.631442, -50.780872 10.656051, -50.819142 10.680655, -50.857419 10.705255, -50.895702 10.729850, -50.933991 10.754440, -50.972286 10.779026, -51.010588 10.803607, -51.048896 10.828183, -51.087210 10.852754, -51.125530 10.877321, -51.163857 10.901883, -51.202190 10.926440, -51.240530 10.950993, -51.278875 10.975540, -51.317228 11.000083, -51.355586 11.024621, -51.393951 11.049154, -51.432322 11.073683, -51.470700 11.098206, -51.509084 11.122725, -51.547475 11.147239, -51.585872 11.171748, -51.624276 11.196252, -51.662686 11.220751, -51.701103 11.245245, -51.739526 11.269734, -51.777956 11.294219, -51.816392 11.318698, -51.854835 11.343172, -51.893284 11.367642, -51.931740 11.392106, -51.970203 11.416566, -52.008673 11.441020, -52.047148 11.465470, -52.085631 11.489914, -52.124120 11.514353, -52.162616 11.538788, -52.201119 11.563217, -52.239629 11.587641, -52.278145 11.612060, -52.316668 11.636474, -52.355197 11.660883, -52.393734 11.685287, -52.432277 11.709685, -52.470827 11.734079, -52.509384 11.758467, -52.547947 11.782850, -52.586518 11.807228, -52.625095 11.831600, -52.663680 11.855968, -52.702271 11.880330, -52.740869 11.904687, -52.779474 11.929039, -52.818086 11.953385, -52.856704 11.977727, -52.895330 12.002062, -52.933963 12.026393, -52.972603 12.050718, -53.011250 12.075038, -53.049903 12.099353, -53.088564 12.123662, -53.127232 12.147966, -53.165907 12.172265, -53.204589 12.196558, -53.243278 12.220846, -53.281974 12.245128, -53.320678 12.269405, -53.359388 12.293677, -53.398106 12.317943, -53.436830 12.342204, -53.475562 12.366459, -53.514302 12.390709, -53.553048 12.414953, -53.591801 12.439192, -53.630562 12.463425, -53.669330 12.487653, -53.708106 12.511875, -53.746888 12.536091, -53.785678 12.560302, -53.824475 12.584508, -53.863280 12.608708, -53.902091 12.632902, -53.940911 12.657091, -53.979737 12.681274, -54.018571 12.705451, -54.057412 12.729623, -54.096261 12.753789, -54.135117 12.777949, -54.173981 12.802104, -54.212852 12.826253, -54.251730 12.850396, -54.290616 12.874534, -54.329509 12.898666, -54.368410 12.922792, -54.407319 12.946912, -54.446235 12.971027, -54.485158 12.995136, -54.524089 13.019239, -54.563028 13.043336, -54.601974 13.067427, -54.640928 13.091513, -54.679889 13.115593, -54.718858 13.139666, -54.757835 13.163734, -54.796819 13.187797, -54.835811 13.211853, -54.874811 13.235903, -54.913819 13.259948, -54.952834 13.283986, -54.991857 13.308018, -55.030887 13.332045, -55.069926 13.356066, -55.108972 13.380080, -55.148026 13.404089, -55.187087 13.428092, -55.226157 13.452088, -55.265234 13.476079, -55.304320 13.500063, -55.343413 13.524042, -55.382514 13.548014, -55.421622 13.571981, -55.460739 13.595941, -55.499864 13.619895, -55.538996 13.643843, -55.578137 13.667785, -55.617285 13.691721, -55.656442 13.715650, -55.695606 13.739574, -55.734779 13.763491, -55.773959 13.787402, -55.813147 13.811307, -55.852344 13.835206, -55.891548 13.859098, -55.930761 13.882984, -55.969982 13.906864, -56.009210 13.930738, -56.048447 13.954605, -56.087692 13.978466, -56.126945 14.002321, -56.166207 14.026170, -56.205476 14.050012, -56.244754 14.073848, -56.284040 14.097677, -56.323334 14.121500, -56.362636 14.145317, -56.401946 14.169127, -56.441265 14.192931, -56.480592 14.216729, -56.519927 14.240520, -56.559271 14.264304, -56.598623 14.288083, -56.637983 14.311854, -56.677352 14.335620, -56.716728 14.359378, -56.756114 14.383131, -56.795507 14.406876, -56.834909 14.430616, -56.874320 14.454348, -56.913738 14.478074, -56.953166 14.501794, -56.992601 14.525507, -57.032045 14.549213, -57.071498 14.572913, -57.110959 14.596606, -57.150429 14.620293, -57.189907 14.643973, -57.229393 14.667646, -57.268889 14.691313, -57.308392 14.714973, -57.347905 14.738626, -57.387425 14.762272, -57.426955 14.785912, -57.466493 14.809545, -57.506040 14.833171, -57.545595 14.856791, -57.585159 14.880404, -57.624732 14.904010, -57.664313 14.927609, -57.703903 14.951201, -57.743502 14.974787, -57.783109 14.998366, -57.822725 15.021937, -57.862350 15.045502, -57.901984 15.069061, -57.941626 15.092612, -57.981278 15.116156, -58.020938 15.139694, -58.060607 15.163224, -58.100284 15.186748, -58.139971 15.210265, -58.179666 15.233774, -58.219371 15.257277, -58.259084 15.280773, -58.298806 15.304262, -58.338537 15.327743, -58.378277 15.351218, -58.418025 15.374686, -58.457783 15.398146, -58.497550 15.421600, -58.537326 15.445046, -58.577110 15.468486, -58.616904 15.491918, -58.656707 15.515343, -58.696519 15.538761, -58.736340 15.562172, -58.776169 15.585576, -58.816008 15.608972, -58.855857 15.632362, -58.895714 15.655744, -58.935580 15.679119, -58.975455 15.702487, -59.015340 15.725847, -59.055234 15.749201, -59.095137 15.772547, -59.135049 15.795885, -59.174970 15.819217, -59.214900 15.842541, -59.254840 15.865858, -59.294789 15.889168, -59.334747 15.912470, -59.374715 15.935765, -59.414691 15.959052, -59.454677 15.982332, -59.494673 16.005605, -59.534677 16.028870, -59.574691 16.052128, -59.614715 16.075379, -59.654748 16.098622, -59.694790 16.121858, -59.734841 16.145086, -59.774902 16.168306, -59.814972 16.191519, -59.855052 16.214725, -59.895141 16.237923, -59.935240 16.261114, -59.975348 16.284297, -60.015465 16.307472, -60.055592 16.330640, -60.095729 16.353801, -60.135875 16.376954, -60.176031 16.400099, -60.216196 16.423236, -60.256370 16.446366, -60.296555 16.469488, -60.336749 16.492603, -60.376952 16.515710, -60.417165 16.538809, -60.457388 16.561900, -60.497620 16.584984, -60.537862 16.608060, -60.578114 16.631129, -60.618375 16.654189, -60.658646 16.677242, -60.698927 16.700287, -60.739218 16.723324, -60.779518 16.746353, -60.819828 16.769375, -60.860148 16.792389, -60.900477 16.815395, -60.940816 16.838393, -60.981165 16.861383, -61.021524 16.884365, -61.061893 16.907339, -61.102272 16.930306, -61.142660 16.953264, -61.183058 16.976215, -61.223467 16.999157, -61.263885 17.022092, -61.304313 17.045019, -61.344751 17.067937, -61.385198 17.090848, -61.425656 17.113751, -61.466124 17.136645, -61.506602 17.159532, -61.547089 17.182410, -61.587587 17.205281, -61.628095 17.228143, -61.668612 17.250997, -61.709140 17.273843, -61.749678 17.296681, -61.790226 17.319511, -61.830784 17.342333, -61.871352 17.365146, -61.911930 17.387951, -61.952518 17.410749, -61.993116 17.433537, -62.033725 17.456318, -62.074344 17.479090, -62.114972 17.501855, -62.155611 17.524611, -62.196261 17.547358, -62.236920 17.570098, -62.277590 17.592829, -62.318270 17.615551, -62.358960 17.638266, -62.399660 17.660972, -62.440371 17.683669, -62.481092 17.706359, -62.521823 17.729040, -62.562564 17.751712, -62.603316 17.774376, -62.644078 17.797032, -62.684851 17.819679, -62.725634 17.842318, -62.766427 17.864948, -62.807231 17.887570, -62.848045 17.910183, -62.888869 17.932788, -62.929704 17.955384, -62.970549 17.977972, -63.011405 18.000551, -63.052271 18.023122, -63.093148 18.045684, -63.134035 18.068237, -63.174933 18.090782, -63.215841 18.113319, -63.256760 18.135846, -63.297689 18.158365, -63.338629 18.180875, -63.379579 18.203377, -63.420540 18.225870, -63.461512 18.248354, -63.502494 18.270830, -63.543487 18.293297, -63.584490 18.315755, -63.625504 18.338204, -63.666529 18.360644, -63.707564 18.383076, -63.748610 18.405499, -63.789667 18.427913, -63.830735 18.450319, -63.871813 18.472715, -63.912902 18.495103, -63.954001 18.517481, -63.995112 18.539851, -64.036233 18.562212, -64.077365 18.584564, -64.118507 18.606907, -64.159661 18.629242, -64.200825 18.651567, -64.242000 18.673883, -64.283186 18.696191, -64.324383 18.718489, -64.365591 18.740778, -64.406809 18.763059, -64.448039 18.785330, -64.489279 18.807592, -64.530530 18.829845, -64.571793 18.852089, -64.613066 18.874324, -64.654350 18.896550, -64.695645 18.918767, -64.736951 18.940975, -64.778268 18.963173, -64.819596 18.985362, -64.860935 19.007543, -64.902285 19.029713, -64.943646 19.051875, -64.985018 19.074028, -65.026401 19.096171, -65.067796 19.118305, -65.109201 19.140430, -65.150617 19.162546, -65.192045 19.184652, -65.233484 19.206749, -65.274934 19.228837, -65.316395 19.250915, -65.357867 19.272984, -65.399350 19.295044, -65.440844 19.317094, -65.482350 19.339135, -65.523867 19.361166, -65.565395 19.383188, -65.606934 19.405201, -65.648485 19.427204, -65.690047 19.449198, -65.731620 19.471182, -65.773204 19.493157, -65.814800 19.515122, -65.856407 19.537078, -65.898025 19.559024, -65.939655 19.580961, -65.981296 19.602888, -66.022948 19.624806, -66.064612 19.646714, -66.106287 19.668612, -66.147973 19.690501, -66.189671 19.712380, -66.231380 19.734250, -66.273101 19.756110, -66.314833 19.777960, -66.356576 19.799801, -66.398331 19.821631, -66.440098 19.843453, -66.481876 19.865264, -66.523665 19.887066, -66.565466 19.908858, -66.607278 19.930640, -66.649102 19.952412, -66.690938 19.974175, -66.732785 19.995928, -66.774644 20.017671, -66.816514 20.039404, -66.858396 20.061127, -66.900289 20.082840, -66.942194 20.104544, -66.984110 20.126238, -67.026039 20.147921, -67.067979 20.169595, -67.109930 20.191259, -67.151893 20.212913, -67.193868 20.234557, -67.235855 20.256191, -67.277853 20.277815, -67.319863 20.299429, -67.361885 20.321033, -67.403918 20.342626, -67.445963 20.364210, -67.488020 20.385784, -67.530089 20.407348, -67.572169 20.428901, -67.614261 20.450445, -67.656366 20.471978, -67.698481 20.493501, -67.740609 20.515014, -67.782749 20.536517, -67.824900 20.558010, -67.867063 20.579492, -67.909238 20.600965, -67.951425 20.622427, -67.993624 20.643878, -68.035835 20.665320, -68.078058 20.686751, -68.120292 20.708172, -68.162539 20.729583, -68.204798 20.750983, -68.247068 20.772373, -68.289351 20.793753, -68.331645 20.815122, -68.373951 20.836481, -68.416270 20.857830, -68.458600 20.879168, -68.500943 20.900496, -68.543297 20.921813, -68.585664 20.943120, -68.628042 20.964417, -68.670433 20.985703, -68.712836 21.006978, -68.755251 21.028243, -68.797678 21.049497, -68.840117 21.070741, -68.882568 21.091975, -68.925031 21.113197, -68.967507 21.134410, -69.009994 21.155611, -69.052494 21.176802, -69.095006 21.197983, -69.137530 21.219152, -69.180067 21.240312, -69.222615 21.261460, -69.265176 21.282598, -69.307749 21.303725, -69.350334 21.324841, -69.392932 21.345947, -69.435542 21.367042, -69.478164 21.388126, -69.520798 21.409199, -69.563445 21.430262, -69.606104 21.451313, -69.648775 21.472354, -69.691458 21.493385, -69.734154 21.514404, -69.776863 21.535412, -69.819583 21.556410, -69.862316 21.577397, -69.905062 21.598372, -69.947819 21.619337, -69.990589 21.640291, -70.033372 21.661234, -70.076167 21.682166, -70.118974 21.703087, -70.161794 21.723997, -70.204627 21.744896, -70.247471 21.765784, -70.290329 21.786661, -70.333198 21.807527, -70.376081 21.828382, -70.418975 21.849226, -70.461883 21.870058, -70.504802 21.890880, -70.547735 21.911690, -70.590679 21.932490, -70.633637 21.953278, -70.676607 21.974055, -70.719589 21.994821, -70.762584 22.015575, -70.805592 22.036318, -70.848612 22.057051, -70.891645 22.077772, -70.934691 22.098481, -70.977749 22.119180, -71.020820 22.139867, -71.063903 22.160542, -71.106999 22.181207, -71.150108 22.201860, -71.193230 22.222502, -71.236364 22.243132, -71.279511 22.263751, -71.322670 22.284359, -71.365843 22.304955, -71.409028 22.325540, -71.452226 22.346113, -71.495436 22.366675, -71.538659 22.387225, -71.581895 22.407764, -71.625144 22.428292, -71.668406 22.448807, -71.711680 22.469312, -71.754968 22.489805, -71.798268 22.510286, -71.841581 22.530756, -71.884906 22.551214, -71.928245 22.571660, -71.971596 22.592095, -72.014961 22.612518, -72.058338 22.632930, -72.101728 22.653330, -72.145131 22.673718, -72.188547 22.694094, -72.231975 22.714459, -72.275417 22.734812, -72.318872 22.755154, -72.362339 22.775483, -72.405820 22.795801, -72.449313 22.816107, -72.492820 22.836401, -72.536339 22.856684, -72.579871 22.876954, -72.623417 22.897213, -72.666975 22.917460, -72.710547 22.937695, -72.754131 22.957918, -72.797728 22.978129, -72.841339 22.998328, -72.884962 23.018515, -72.928599 23.038691, -72.972249 23.058854, -73.015911 23.079006, -73.059587 23.099145, -73.103276 23.119272, -73.146978 23.139388, -73.190693 23.159491, -73.234422 23.179582, -73.278163 23.199661, -73.321918 23.219728, -73.365685 23.239783, -73.409466 23.259826, -73.453260 23.279857, -73.497067 23.299875, -73.540888 23.319881, -73.584721 23.339875, -73.628568 23.359857, -73.672428 23.379827, -73.716301 23.399785, -73.760187 23.419730, -73.804087 23.439663, -73.848000 23.459583, -73.891926 23.479492, -73.935865 23.499388, -73.979818 23.519272, -74.023784 23.539143, -74.067763 23.559002, -74.111755 23.578849, -74.155761 23.598683, -74.199780 23.618505, -74.243813 23.638315, -74.287858 23.658112, -74.331917 23.677896, -74.375990 23.697668, -74.420076 23.717428, -74.464175 23.737175, -74.508287 23.756910, -74.552413 23.776632, -74.596552 23.796342, -74.640705 23.816039, -74.684871 23.835723, -74.729050 23.855395, -74.773243 23.875054, -74.817449 23.894701, -74.861669 23.914335, -74.905902 23.933956, -74.950149 23.953565, -74.994409 23.973161, -75.038682 23.992744, -75.082969 24.012315, -75.127270 24.031873, -75.171583 24.051418, -75.215911 24.070950, -75.260252 24.090470, -75.304606 24.109976, -75.348974 24.129470, -75.393355 24.148952, -75.437750 24.168420, -75.482159 24.187875, -75.526581 24.207318, -75.571017 24.226748, -75.615466 24.246165, -75.659928 24.265568, -75.704405 24.284959, -75.748895 24.304337, -75.793398 24.323703, -75.837915 24.343055, -75.882446 24.362394, -75.926990 24.381720, -75.971548 24.401033, -76.016119 24.420333, -76.060705 24.439620, -76.105303 24.458894, -76.149916 24.478155, -76.194542 24.497402, -76.239182 24.516637, -76.283835 24.535858, -76.328502 24.555067, -76.373183 24.574262, -76.417877 24.593444, -76.462585 24.612612, -76.507307 24.631768, -76.552043 24.650910, -76.596792 24.670039, -76.641555 24.689155, -76.686332 24.708258, -76.731122 24.727347, -76.775926 24.746423, -76.820744 24.765485, -76.865576 24.784535, -76.910421 24.803571, -76.955281 24.822593, -77.000154 24.841602, -77.045040 24.860598, -77.089941 24.879580, -77.134855 24.898549, -77.179784 24.917505, -77.224725 24.936447, -77.269681 24.955375, -77.314651 24.974290, -77.359634 24.993192, -77.404632 25.012080, -77.449643 25.030954, -77.494668 25.049815, -77.539706 25.068662, -77.584759 25.087496, -77.629826 25.106316, -77.674906 25.125122, -77.720000 25.143915, -77.765108 25.162694, -77.810230 25.181460, -77.855366 25.200212, -77.900516 25.218950, -77.945680 25.237674, -77.990858 25.256385, -78.036049 25.275082, -78.081255 25.293765, -78.126474 25.312434, -78.171707 25.331090, -78.216955 25.349732, -78.262216 25.368360, -78.307491 25.386974, -78.352780 25.405574, -78.398083 25.424160, -78.443400 25.442733, -78.488732 25.461291, -78.534077 25.479836, -78.579436 25.498366, -78.624809 25.516883, -78.670196 25.535386, -78.715597 25.553875, -78.761012 25.572349, -78.806441 25.590810, -78.851884 25.609257, -78.897341 25.627689, -78.942812 25.646108, -78.988297 25.664512, -79.033796 25.682903, -79.079309 25.701279, -79.124837 25.719641, -79.170378 25.737989, -79.215933 25.756323, -79.261503 25.774642, -79.307086 25.792948, -79.352684 25.811239, -79.398295 25.829516, -79.443921 25.847779, -79.489561 25.866027, -79.535215 25.884262, -79.580883 25.902482, -79.626565 25.920687, -79.672261 25.938878, -79.717971 25.957055, -79.763696 25.975218, -79.809434 25.993366, -79.855187 26.011500, -79.900954 26.029619, -79.946735 26.047724, -79.992530 26.065815, -80.038339 26.083891, -80.084162 26.101953, -80.130000 26.120000, -80.095280 26.152384, -80.060542 26.184759, -80.025783 26.217126, -79.991006 26.249484, -79.956209 26.281834, -79.921393 26.314176, -79.886557 26.346509, -79.851702 26.378834, -79.816827 26.411151, -79.781933 26.443459, -79.747019 26.475758, -79.712086 26.508049, -79.677132 26.540332, -79.642160 26.572606, -79.607167 26.604871, -79.572155 26.637128, -79.537123 26.669376, -79.502071 26.701616, -79.467000 26.733847, -79.431908 26.766069, -79.396797 26.798283, -79.361665 26.830488, -79.326514 26.862685, -79.291343 26.894872, -79.256151 26.927052, -79.220940 26.959222, -79.185708 26.991383, -79.150456 27.023536, -79.115184 27.055680, -79.079892 27.087815, -79.044580 27.119942, -79.009247 27.152059, -78.973894 27.184168, -78.938521 27.216268, -78.903127 27.248359, -78.867713 27.280441, -78.832278 27.312514, -78.796823 27.344578, -78.761347 27.376633, -78.725851 27.408680, -78.690334 27.440717, -78.654797 27.472745, -78.619239 27.504764, -78.583660 27.536774, -78.548061 27.568776, -78.512440 27.600768, -78.476799 27.632751, -78.441137 27.664724, -78.405455 27.696689, -78.369751 27.728645, -78.334026 27.760591, -78.298281 27.792528, -78.262514 27.824456, -78.226727 27.856375, -78.190918 27.888284, -78.155088 27.920185, -78.119237 27.952076, -78.083365 27.983957, -78.047471 28.015830, -78.011557 28.047693, -77.975621 28.079546, -77.939664 28.111391, -77.903685 28.143226, -77.867685 28.175051, -77.831664 28.206867, -77.795621 28.238674, -77.759557 28.270471, -77.723471 28.302259, -77.687363 28.334037, -77.651234 28.365806, -77.615084 28.397565, -77.578911 28.429315, -77.542717 28.461055, -77.506501 28.492786, -77.470264 28.524506, -77.434004 28.556218, -77.397723 28.587919, -77.361420 28.619611, -77.325095 28.651294, -77.288748 28.682966, -77.252379 28.714629, -77.215988 28.746282, -77.179575 28.777926, -77.143140 28.809560, -77.106683 28.841183, -77.070203 28.872797, -77.033702 28.904402, -76.997178 28.935996, -76.960632 28.967581, -76.924063 28.999155, -76.887472 29.030720, -76.850859 29.062275, -76.814224 29.093820, -76.777565 29.125354, -76.740885 29.156879, -76.704182 29.188394, -76.667456 29.219899, -76.630708 29.251394, -76.593937 29.282879, -76.557144 29.314354, -76.520328 29.345818, -76.483489 29.377273, -76.446627 29.408717, -76.409742 29.440152, -76.372835 29.471576, -76.335905 29.502990, -76.298952 29.534393, -76.261975 29.565787, -76.224976 29.597170, -76.187954 29.628543, -76.150909 29.659906, -76.113841 29.691258, -76.076749 29.722600, -76.039635 29.753932, -76.002497 29.785253, -75.965336 29.816564, -75.928151 29.847865, -75.890944 29.879155, -75.853713 29.910434, -75.816458 29.941704, -75.779181 29.972962, -75.741879 30.004211, -75.704554 30.035448, -75.667206 30.066675, -75.629834 30.097892, -75.592439 30.129098, -75.555020 30.160293, -75.517577 30.191478, -75.480110 30.222652, -75.442620 30.253816, -75.405106 30.284969, -75.367568 30.316111, -75.330006 30.347242, -75.292421 30.378363, -75.254811 30.409473, -75.217177 30.440572, -75.179520 30.471660, -75.141838 30.502737, -75.104132 30.533804, -75.066403 30.564860, -75.028649 30.595905, -74.990870 30.626938, -74.953068 30.657962, -74.915241 30.688974, -74.877390 30.719975, -74.839515 30.750965, -74.801615 30.781944, -74.763691 30.812912, -74.725742 30.843869, -74.687769 30.874815, -74.649772 30.905750, -74.611749 30.936674, -74.573703 30.967586, -74.535631 30.998488, -74.497535 31.029378, -74.459414 31.060257, -74.421269 31.091125, -74.383098 31.121982, -74.344903 31.152827, -74.306683 31.183661, -74.268438 31.214484, -74.230168 31.245295, -74.191873 31.276095, -74.153553 31.306884, -74.115208 31.337662, -74.076838 31.368428, -74.038443 31.399182, -74.000023 31.429925, -73.961578 31.460657, -73.923107 31.491377, -73.884611 31.522086, -73.846089 31.552783, -73.807543 31.583468, -73.768971 31.614142, -73.730373 31.644805, -73.691750 31.675455, -73.653102 31.706094, -73.614428 31.736722, -73.575728 31.767338, -73.537003 31.797942, -73.498252 31.828534, -73.459476 31.859114, -73.420673 31.889683, -73.381845 31.920240, -73.342991 31.950785, -73.304112 31.981319, -73.265206 32.011840, -73.226275 32.042350, -73.187317 32.072847, -73.148334 32.103333, -73.109324 32.133807, -73.070289 32.164269, -73.031227 32.194719, -72.992140 32.225157, -72.953026 32.255582, -72.913886 32.285996, -72.874719 32.316398, -72.835526 32.346787, -72.796307 32.377165, -72.757062 32.407530, -72.717790 32.437883, -72.678492 32.468224, -72.639167 32.498553, -72.599816 32.528869, -72.560438 32.559173, -72.521033 32.589465, -72.481602 32.619745, -72.442145 32.650012, -72.402660 32.680267, -72.363149 32.710510, -72.323611 32.740740, -72.284046 32.770957, -72.244454 32.801163, -72.204836 32.831356, -72.165190 32.861536, -72.125517 32.891704, -72.085818 32.921859, -72.046091 32.952002, -72.006337 32.982132, -71.966557 33.012249, -71.926749 33.042354, -71.886913 33.072447, -71.847051 33.102526, -71.807161 33.132593, -71.767244 33.162647, -71.727299 33.192689, -71.687327 33.222717, -71.647328 33.252733, -71.607301 33.282736, -71.567247 33.312726, -71.527165 33.342704, -71.487055 33.372668, -71.446918 33.402620, -71.406753 33.432558, -71.366561 33.462484, -71.326340 33.492397, -71.286092 33.522297, -71.245816 33.552183, -71.205513 33.582057, -71.165181 33.611917, -71.124821 33.641765, -71.084434 33.671599, -71.044018 33.701420, -71.003574 33.731228, -70.963102 33.761023, -70.922602 33.790805, -70.882074 33.820573, -70.841518 33.850328, -70.800933 33.880070, -70.760320 33.909799, -70.719679 33.939514, -70.679009 33.969216, -70.638311 33.998904, -70.597585 34.028579, -70.556830 34.058241, -70.516046 34.087889, -70.475234 34.117523, -70.434394 34.147144, -70.393524 34.176752, -70.352626 34.206346, -70.311699 34.235926, -70.270744 34.265493, -70.229760 34.295046, -70.188747 34.324586, -70.147705 34.354112, -70.106634 34.383624, -70.065534 34.413122, -70.024405 34.442607, -69.983247 34.472078, -69.942060 34.501535, -69.900844 34.530978, -69.859599 34.560408, -69.818324 34.589823, -69.777020 34.619225, -69.735688 34.648613, -69.694325 34.677986, -69.652934 34.707346, -69.611513 34.736692, -69.570062 34.766024, -69.528582 34.795341, -69.487073 34.824645, -69.445534 34.853934, -69.403966 34.883210, -69.362368 34.912471, -69.320740 34.941718, -69.279082 34.970950, -69.237395 35.000169, -69.195678 35.029373, -69.153931 35.058563, -69.112155 35.087739, -69.070348 35.116900, -69.028512 35.146047, -68.986645 35.175180, -68.944749 35.204298, -68.902823 35.233402, -68.860866 35.262491, -68.818879 35.291566, -68.776862 35.320626, -68.734815 35.349672, -68.692738 35.378703, -68.650630 35.407719, -68.608493 35.436721, -68.566324 35.465709, -68.524126 35.494681, -68.481896 35.523639, -68.439637 35.552582, -68.397347 35.581511, -68.355026 35.610424, -68.312675 35.639323, -68.270293 35.668207, -68.227880 35.697076, -68.185437 35.725930, -68.142963 35.754770, -68.100458 35.783594, -68.057923 35.812403, -68.015356 35.841198, -67.972759 35.869977, -67.930130 35.898742, -67.887471 35.927491, -67.844781 35.956225, -67.802059 35.984944, -67.759307 36.013648, -67.716523 36.042337, -67.673708 36.071010, -67.630862 36.099668, -67.587985 36.128311, -67.545076 36.156939, -67.502136 36.185551, -67.459165 36.214148, -67.416162 36.242730, -67.373128 36.271296, -67.330062 36.299847, -67.286965 36.328382, -67.243836 36.356902, -67.200676 36.385407, -67.157484 36.413895, -67.114260 36.442369, -67.071005 36.470826, -67.027717 36.499268, -66.984398 36.527695, -66.941047 36.556106, -66.897665 36.584501, -66.854250 36.612880, -66.810803 36.641243, -66.767325 36.669591, -66.723814 36.697923, -66.680271 36.726239, -66.636696 36.754539, -66.593089 36.782824, -66.549450 36.811092, -66.505779 36.839345, -66.462075 36.867581, -66.418339 36.895801, -66.374571 36.924006, -66.330770 36.952194, -66.286937 36.980366, -66.243071 37.008522, -66.199173 37.036662, -66.155243 37.064786, -66.111279 37.092894, -66.067283 37.120985, -66.023255 37.149060, -65.979194 37.177119, -65.935100 37.205161, -65.890973 37.233187, -65.846814 37.261197, -65.802621 37.289190, -65.758396 37.317167, -65.714138 37.345127, -65.669847 37.373071, -65.625523 37.400998, -65.581165 37.428909, -65.536775 37.456803, -65.492352 37.484681, -65.447895 37.512542, -65.403406 37.540386, -65.358883 37.568214, -65.314326 37.596024, -65.269737 37.623818, -65.225114 37.651596, -65.180458 37.679356, -65.135768 37.707100, -65.091045 37.734826, -65.046288 37.762536, -65.001498 37.790229, -64.956674 37.817905, -64.911817 37.845564, -64.866926 37.873206, -64.822001 37.900831, -64.777043 37.928438, -64.732051 37.956029, -64.687025 37.983602, -64.641965 38.011159, -64.596871 38.038698, -64.551744 38.066220, -64.506582 38.093724, -64.461386 38.121211, -64.416157 38.148681, -64.370893 38.176134, -64.325595 38.203569, -64.280263 38.230987, -64.234897 38.258387, -64.189497 38.285770, -64.144062 38.313135, -64.098594 38.340483, -64.053090 38.367813, -64.007553 38.395126, -63.961981 38.422421, -63.916374 38.449698, -63.870734 38.476958, -63.825058 38.504200, -63.779348 38.531424, -63.733604 38.558631, -63.687824 38.585819, -63.642010 38.612990, -63.596162 38.640143, -63.550279 38.667278, -63.504360 38.694395, -63.458408 38.721494, -63.412420 38.748575, -63.366397 38.775638, -63.320340 38.802683, -63.274247 38.829710, -63.228119 38.856718, -63.181957 38.883709, -63.135759 38.910681, -63.089526 38.937635, -63.043259 38.964571, -62.996955 38.991489, -62.950617 39.018388, -62.904244 39.045269, -62.857835 39.072132, -62.811390 39.098976, -62.764911 39.125802, -62.718396 39.152609, -62.671845 39.179398, -62.625260 39.206168, -62.578638 39.232920, -62.531981 39.259653, -62.485289 39.286367, -62.438560 39.313063, -62.391797 39.339740, -62.344997 39.366398, -62.298162 39.393038, -62.251291 39.419659, -62.204384 39.446261, -62.157441 39.472844, -62.110463 39.499408, -62.063448 39.525954, -62.016398 39.552480, -61.969312 39.578987, -61.922189 39.605476, -61.875031 39.631945, -61.827836 39.658395, -61.780606 39.684826, -61.733339 39.711238, -61.686036 39.737631, -61.638697 39.764005, -61.591321 39.790359, -61.543909 39.816694, -61.496461 39.843010, -61.448977 39.869306, -61.401456 39.895583, -61.353898 39.921841, -61.306305 39.948079, -61.258674 39.974298, -61.211007 40.000497, -61.163304 40.026676, -61.115564 40.052836, -61.067787 40.078977, -61.019974 40.105098, -60.972124 40.131199, -60.924237 40.157280, -60.876313 40.183342, -60.828353 40.209384, -60.780355 40.235406, -60.732321 40.261408, -60.684250 40.287391, -60.636142 40.313353, -60.587997 40.339296, -60.539814 40.365218, -60.491595 40.391121, -60.443339 40.417003, -60.395046 40.442866, -60.346715 40.468708, -60.298347 40.494530, -60.249942 40.520332, -60.201500 40.546114, -60.153021 40.571876, -60.104504 40.597617, -60.055949 40.623338, -60.007358 40.649038, -59.958729 40.674719, -59.910062 40.700378, -59.861358 40.726018, -59.812617 40.751637, -59.763838 40.777235, -59.715021 40.802813, -59.666167 40.828370, -59.617275 40.853906, -59.568345 40.879422, -59.519378 40.904918, -59.470372 40.930392, -59.421330 40.955846, -59.372249 40.981279, -59.323130 41.006691, -59.273974 41.032082, -59.224779 41.057452, -59.175547 41.082802, -59.126277 41.108130, -59.076968 41.133438, -59.027622 41.158724, -58.978238 41.183989, -58.928815 41.209233, -58.879354 41.234457, -58.829855 41.259658, -58.780318 41.284839, -58.730743 41.309998, -58.681130 41.335137, -58.631478 41.360253, -58.581788 41.385349, -58.532059 41.410423, -58.482292 41.435475, -58.432487 41.460507, -58.382643 41.485516, -58.332761 41.510504, -58.282840 41.535471, -58.232881 41.560416, -58.182883 41.585339, -58.132846 41.610241, -58.082771 41.635121, -58.032658 41.659979, -57.982505 41.684815, -57.932314 41.709630, -57.882084 41.734422, -57.831816 41.759193, -57.781508 41.783942, -57.731162 41.808669, -57.680777 41.833374, -57.630353 41.858057, -57.579890 41.882718, -57.529388 41.907356, -57.478847 41.931973, -57.428267 41.956567, -57.377648 41.981140, -57.326990 42.005689, -57.276293 42.030217, -57.225557 42.054722, -57.174781 42.079205, -57.123967 42.103666, -57.073113 42.128104, -57.022220 42.152520, -56.971288 42.176913, -56.920316 42.201283, -56.869305 42.225631, -56.818255 42.249957, -56.767166 42.274259, -56.716037 42.298539, -56.664868 42.322797, -56.613660 42.347031, -56.562413 42.371243, -56.511126 42.395432, -56.459800 42.419598, -56.408434 42.443741, -56.357028 42.467861, -56.305583 42.491958, -56.254099 42.516032, -56.202574 42.540083, -56.151010 42.564111, -56.099406 42.588116, -56.047763 42.612098, -55.996079 42.636056, -55.944356 42.659991, -55.892593 42.683903, -55.840790 42.707792, -55.788948 42.731657, -55.737065 42.755499, -55.685143 42.779317, -55.633180 42.803112, -55.581178 42.826884, -55.529136 42.850632, -55.477053 42.874356, -55.424931 42.898056, -55.372768 42.921733, -55.320566 42.945387, -55.268323 42.969016, -55.216040 42.992622, -55.163717 43.016204, -55.111354 43.039762, -55.058951 43.063296, -55.006507 43.086807, -54.954023 43.110293, -54.901499 43.133755, -54.848935 43.157194, -54.796330 43.180608, -54.743685 43.203998, -54.691000 43.227364, -54.638274 43.250705, -54.585508 43.274023, -54.532701 43.297316, -54.479854 43.320585, -54.426966 43.343830, -54.374038 43.367050, -54.321070 43.390245, -54.268061 43.413417, -54.215011 43.436564, -54.161921 43.459686, -54.108790 43.482783, -54.055618 43.505856, -54.002406 43.528905, -53.949153 43.551929, -53.895860 43.574927, -53.842526 43.597902, -53.789151 43.620851, -53.735735 43.643776, -53.682279 43.666675, -53.628782 43.689550, -53.575244 43.712400, -53.521665 43.735224, -53.468045 43.758024, -53.414385 43.780799, -53.360683 43.803548, -53.306941 43.826272, -53.253158 43.848971, -53.199334 43.871645, -53.145469 43.894294, -53.091563 43.916917, -53.037616 43.939515, -52.983628 43.962087, -52.929599 43.984634, -52.875529 44.007156, -52.821418 44.029652, -52.767266 44.052123, -52.713072 44.074568, -52.658838 44.096987, -52.604563 44.119380, -52.550246 44.141748, -52.495888 44.164090, -52.441489 44.186407, -52.387049 44.208697, -52.332568 44.230962, -52.278045 44.253201, -52.223482 44.275413, -52.168877 44.297600, -52.114231 44.319761, -52.059543 44.341896, -52.004814 44.364004, -51.950044 44.386087, -51.895233 44.408143, -51.840380 44.430173, -51.785486 44.452176, -51.730551 44.474154, -51.675574 44.496105, -51.620556 44.518030, -51.565496 44.539928, -51.510395 44.561799, -51.455253 44.583645, -51.400069 44.605463, -51.344844 44.627256, -51.289577 44.649021, -51.234269 44.670760, -51.178919 44.692472, -51.123528 44.714157, -51.068095 44.735816, -51.012621 44.757447, -50.957105 44.779052, -50.901548 44.800630, -50.845949 44.822181, -50.790309 44.843705, -50.734627 44.865202, -50.678904 44.886672, -50.623139 44.908114, -50.567332 44.929530, -50.511484 44.950918, -50.455594 44.972280, -50.399662 44.993613, -50.343689 45.014920, -50.287674 45.036199, -50.231618 45.057451, -50.175520 45.078675, -50.119380 45.099872, -50.063199 45.121041, -50.006976 45.142183, -49.950711 45.163297, -49.894404 45.184384, -49.838056 45.205443, -49.781666 45.226474, -49.725235 45.247477, -49.668761 45.268453, -49.612246 45.289400, -49.555690 45.310320, -49.499091 45.331212, -49.442451 45.352076, -49.385769 45.372911, -49.329045 45.393719, -49.272280 45.414499, -49.215472 45.435251, -49.158623 45.455974, -49.101733 45.476669, -49.044800 45.497336, -48.987826 45.517975, -48.930809 45.538585, -48.873752 45.559167, -48.816652 45.579720, -48.759510 45.600245, -48.702327 45.620742, -48.645102 45.641209, -48.587835 45.661649, -48.530526 45.682059, -48.473176 45.702441, -48.415784 45.722795, -48.358350 45.743119, -48.300874 45.763415, -48.243356 45.783682, -48.185796 45.803920, -48.128195 45.824129, -48.070552 45.844309, -48.012867 45.864460, -47.955140 45.884583, -47.897372 45.904676, -47.839562 45.924739, -47.781709 45.944774, -47.723815 45.964780, -47.665880 45.984756, -47.607902 46.004703, -47.549883 46.024620, -47.491822 46.044509, -47.433719 46.064367, -47.375574 46.084197, -47.317388 46.103997, -47.259160 46.123767, -47.200890 46.143508, -47.142578 46.163219, -47.084224 46.182900, -47.025829 46.202552, -46.967392 46.222174, -46.908913 46.241766, -46.850392 46.261328, -46.791830 46.280861, -46.733226 46.300363, -46.674580 46.319836, -46.615893 46.339278, -46.557163 46.358691, -46.498392 46.378073, -46.439580 46.397426, -46.380725 46.416748, -46.321829 46.436040, -46.262892 46.455301, -46.203912 46.474533, -46.144891 46.493734, -46.085828 46.512904, -46.026724 46.532045, -45.967578 46.551154, -45.908390 46.570234, -45.849161 46.589282, -45.789890 46.608300, -45.730578 46.627288, -45.671224 46.646245, -45.611828 46.665171, -45.552391 46.684066, -45.492912 46.702931, -45.433392 46.721764, -45.373830 46.740567, -45.314226 46.759339, -45.254581 46.778080, -45.194895 46.796790, -45.135167 46.815469, -45.075398 46.834117, -45.015587 46.852733, -44.955735 46.871319, -44.895841 46.889873, -44.835906 46.908396, -44.775929 46.926888, -44.715911 46.945348, -44.655852 46.963777, -44.595751 46.982175, -44.535609 47.000541, -44.475426 47.018876, -44.415201 47.037179, -44.354936 47.055450, -44.294628 47.073690, -44.234280 47.091898, -44.173890 47.110074, -44.113459 47.128219, -44.052987 47.146332, -43.992474 47.164413, -43.931919 47.182462, -43.871324 47.200479, -43.810687 47.218464, -43.750009 47.236418, -43.689290 47.254339, -43.628530 47.272228, -43.567729 47.290085, -43.506887 47.307910, -43.446004 47.325702, -43.385079 47.343462, -43.324114 47.361190, -43.263108 47.378886, -43.202061 47.396549, -43.140973 47.414180, -43.079845 47.431778, -43.018675 47.449344, -42.957464 47.466877, -42.896213 47.484378, -42.834921 47.501846, -42.773588 47.519281, -42.712215 47.536684, -42.650800 47.554054, -42.589345 47.571391, -42.527850 47.588695, -42.466313 47.605966, -42.404737 47.623205, -42.343119 47.640410, -42.281461 47.657582, -42.219763 47.674722, -42.158023 47.691828, -42.096244 47.708901, -42.034424 47.725941, -41.972563 47.742948, -41.910663 47.759921, -41.848721 47.776861, -41.786740 47.793768, -41.724718 47.810642, -41.662656 47.827481, -41.600554 47.844288, -41.538411 47.861061, -41.476228 47.877800, -41.414006 47.894506, -41.351743 47.911178, -41.289439 47.927817, -41.227096 47.944422, -41.164713 47.960993, -41.102290 47.977530, -41.039827 47.994033, -40.977324 48.010503, -40.914781 48.026939, -40.852198 48.043340, -40.789575 48.059708, -40.726913 48.076041, -40.664211 48.092341, -40.601469 48.108606, -40.538687 48.124837, -40.475866 48.141034, -40.413005 48.157197, -40.350105 48.173325, -40.287165 48.189420, -40.224185 48.205479, -40.161166 48.221505, -40.098108 48.237495, -40.035010 48.253452, -39.971873 48.269373, -39.908697 48.285261, -39.845481 48.301113, -39.782226 48.316931, -39.718932 48.332714, -39.655599 48.348463, -39.592226 48.364176, -39.528815 48.379855, -39.465364 48.395499, -39.401875 48.411108, -39.338346 48.426682, -39.274779 48.442222, -39.211173 48.457726, -39.147528 48.473195, -39.083844 48.488629, -39.020122 48.504027, -38.956360 48.519391, -38.892561 48.534719, -38.828722 48.550012, -38.764845 48.565270, -38.700930 48.580493, -38.636976 48.595680, -38.572983 48.610831, -38.508952 48.625947, -38.444883 48.641028, -38.380776 48.656073, -38.316630 48.671082, -38.252447 48.686056, -38.188225 48.700994, -38.123965 48.715897, -38.059667 48.730763, -37.995331 48.745594, -37.930957 48.760389, -37.866545 48.775148, -37.802095 48.789872, -37.737608 48.804559, -37.673083 48.819210, -37.608520 48.833826, -37.543919 48.848405, -37.479281 48.862948, -37.414606 48.877455, -37.349892 48.891926, -37.285142 48.906360, -37.220354 48.920758, -37.155529 48.935120, -37.090666 48.949446, -37.025767 48.963735, -36.960830 48.977988, -36.895856 48.992204, -36.830845 49.006384, -36.765797 49.020527, -36.700712 49.034634, -36.635590 49.048704, -36.570432 49.062737, -36.505236 49.076734, -36.440004 49.090694, -36.374735 49.104617, -36.309430 49.118504, -36.244088 49.132353, -36.178710 49.146166, -36.113295 49.159942, -36.047844 49.173680, -35.982357 49.187382, -35.916833 49.201047, -35.851273 49.214674, -35.785678 49.228265, -35.720046 49.241818, -35.654378 49.255334, -35.588674 49.268813, -35.522934 49.282255, -35.457159 49.295659, -35.391348 49.309026, -35.325501 49.322356, -35.259618 49.335648, -35.193700 49.348902, -35.127747 49.362119, -35.061758 49.375299, -34.995733 49.388441, -34.929674 49.401545, -34.863579 49.414612, -34.797449 49.427641, -34.731284 49.440633, -34.665084 49.453586, -34.598849 49.466502, -34.532579 49.479380, -34.466275 49.492220, -34.399935 49.505022, -34.333561 49.517786, -34.267152 49.530513, -34.200709 49.543201, -34.134231 49.555851, -34.067719 49.568463, -34.001173 49.581037, -33.934592 49.593572, -33.867977 49.606070, -33.801328 49.618529, -33.734645 49.630950, -33.667929 49.643333, -33.601178 49.655677, -33.534393 49.667983, -33.467575 49.680250, -33.400722 49.692480, -33.333837 49.704670, -33.266918 49.716822, -33.199965 49.728935, -33.132979 49.741010, -33.065960 49.753046, -32.998907 49.765044, -32.931821 49.777003, -32.864703 49.788923, -32.797551 49.800804, -32.730366 49.812646, -32.663149 49.824450, -32.595899 49.836215, -32.528616 49.847940, -32.461300 49.859627, -32.393952 49.871275, -32.326572 49.882884, -32.259159 49.894454, -32.191714 49.905984, -32.124236 49.917476, -32.056727 49.928928, -31.989186 49.940341, -31.921612 49.951715, -31.854007 49.963050, -31.786370 49.974345, -31.718701 49.985601, -31.651001 49.996817, -31.583269 50.007994, -31.515505 50.019132, -31.447711 50.030230, -31.379885 50.041289, -31.312027 50.052308, -31.244139 50.063288, -31.176220 50.074228, -31.108269 50.085128, -31.040288 50.095989, -30.972276 50.106810, -30.904234 50.117591, -30.836160 50.128333, -30.768057 50.139034, -30.699922 50.149696, -30.631758 50.160318, -30.563563 50.170900, -30.495338 50.181442, -30.427083 50.191944, -30.358799 50.202406, -30.290484 50.212828, -30.222139 50.223210, -30.153765 50.233552, -30.085361 50.243854, -30.016928 50.254115, -29.948465 50.264337, -29.879973 50.274518, -29.811451 50.284659, -29.742901 50.294759, -29.674321 50.304820, -29.605712 50.314840, -29.537075 50.324819, -29.468409 50.334758, -29.399714 50.344657, -29.330990 50.354515, -29.262238 50.364333, -29.193458 50.374110, -29.124649 50.383846, -29.055813 50.393542, -28.986948 50.403197, -28.918055 50.412812, -28.849134 50.422386, -28.780185 50.431919, -28.711209 50.441411, -28.642205 50.450863, -28.573173 50.460274, -28.504114 50.469644, -28.435028 50.478973, -28.365915 50.488261, -28.296774 50.497508, -28.227606 50.506715, -28.158412 50.515880, -28.089191 50.525004, -28.019943 50.534087, -27.950668 50.543129, -27.881367 50.552130, -27.812039 50.561090, -27.742685 50.570009, -27.673305 50.578886, -27.603899 50.587723, -27.534467 50.596518, -27.465009 50.605271, -27.395525 50.613984, -27.326015 50.622655, -27.256480 50.631284, -27.186920 50.639873, -27.117334 50.648420, -27.047723 50.656925, -26.978086 50.665389, -26.908425 50.673811, -26.838738 50.682192, -26.769027 50.690532, -26.699291 50.698829, -26.629531 50.707085, -26.559746 50.715300, -26.489936 50.723473, -26.420102 50.731604, -26.350245 50.739693, -26.280363 50.747741, -26.210457 50.755747, -26.140527 50.763711, -26.070573 50.771633, -26.000596 50.779513, -25.930595 50.787352, -25.860571 50.795148, -25.790524 50.802903, -25.720453 50.810616, -25.650359 50.818286, -25.580242 50.825915, -25.510103 50.833502, -25.439941 50.841046, -25.369756 50.848549, -25.299548 50.856009, -25.229318 50.863428, -25.159066 50.870804, -25.088792 50.878138, -25.018496 50.885430, -24.948177 50.892679, -24.877837 50.899886, -24.807475 50.907051, -24.737092 50.914174, -24.666687 50.921254, -24.596261 50.928292, -24.525813 50.935288, -24.455344 50.942241, -24.384855 50.949152, -24.314344 50.956021, -24.243813 50.962846, -24.173261 50.969630, -24.102688 50.976371, -24.032095 50.983069, -23.961482 50.989725, -23.890848 50.996338, -23.820194 51.002909, -23.749521 51.009437, -23.678828 51.015922, -23.608114 51.022365, -23.537382 51.028765, -23.466630 51.035123, -23.395858 51.041437, -23.325067 51.047709, -23.254258 51.053938, -23.183429 51.060124, -23.112581 51.066268, -23.041715 51.072368, -22.970829 51.078426, -22.899926 51.084441, -22.829004 51.090413, -22.758064 51.096342, -22.687105 51.102228, -22.616129 51.108072, -22.545135 51.113872, -22.474123 51.119629, -22.403093 51.125343, -22.332046 51.131014, -22.260982 51.136642, -22.189900 51.142227, -22.118801 51.147769, -22.047685 51.153268, -21.976552 51.158724, -21.905403 51.164136, -21.834237 51.169506, -21.763054 51.174832, -21.691855 51.180115, -21.620640 51.185355, -21.549408 51.190551, -21.478161 51.195705, -21.406897 51.200815, -21.335618 51.205881, -21.264324 51.210905, -21.193013 51.215885, -21.121688 51.220821, -21.050347 51.225715, -20.978991 51.230565, -20.907620 51.235371, -20.836235 51.240135, -20.764834 51.244854, -20.693419 51.249531, -20.621990 51.254163, -20.550546 51.258753, -20.479088 51.263299, -20.407616 51.267801, -20.336130 51.272260, -20.264630 51.276675, -20.193117 51.281047, -20.121590 51.285375, -20.050049 51.289660, -19.978496 51.293901, -19.906929 51.298098, -19.835349 51.302252, -19.763756 51.306362, -19.692151 51.310428, -19.620532 51.314451, -19.548902 51.318430, -19.477259 51.322366, -19.405603 51.326257, -19.333936 51.330105, -19.262257 51.333909, -19.190566 51.337670, -19.118863 51.341387, -19.047149 51.345059, -18.975423 51.348689, -18.903686 51.352274, -18.831937 51.355815, -18.760178 51.359313, -18.688408 51.362767, -18.616627 51.366177, -18.544835 51.369543, -18.473033 51.372865, -18.401221 51.376144, -18.329398 51.379378, -18.257566 51.382569, -18.185723 51.385715, -18.113871 51.388818, -18.042008 51.391877, -17.970137 51.394891, -17.898256 51.397862, -17.826365 51.400789, -17.754466 51.403672, -17.682557 51.406511, -17.610640 51.409306, -17.538714 51.412056, -17.466779 51.414763, -17.394836 51.417426, -17.322885 51.420045, -17.250925 51.422619, -17.178958 51.425150, -17.106982 51.427637, -17.034999 51.430079, -16.963008 51.432478, -16.891010 51.434832, -16.819004 51.437142, -16.746991 51.439408, -16.674971 51.441630, -16.602944 51.443808, -16.530910 51.445941, -16.458870 51.448031, -16.386823 51.450076, -16.314769 51.452078, -16.242710 51.454035, -16.170644 51.455948, -16.098572 51.457816, -16.026495 51.459641, -15.954411 51.461421, -15.882323 51.463157, -15.810229 51.464849, -15.738129 51.466497, -15.666024 51.468100, -15.593915 51.469660, -15.521800 51.471175, -15.449681 51.472646, -15.377558 51.474072, -15.305429 51.475454, -15.233297 51.476793, -15.161160 51.478086, -15.089019 51.479336, -15.016875 51.480541, -14.944727 51.481702, -14.872575 51.482819, -14.800419 51.483892, -14.728261 51.484920, -14.656099 51.485904, -14.583934 51.486844, -14.511766 51.487739, -14.439595 51.488590, -14.367422 51.489397, -14.295246 51.490159, -14.223068 51.490877, -14.150888 51.491551, -14.078706 51.492181, -14.006522 51.492766, -13.934336 51.493307, -13.862148 51.493804, -13.789959 51.494256, -13.717768 51.494664, -13.645576 51.495028, -13.573384 51.495347, -13.501190 51.495622, -13.428995 51.495853, -13.356800 51.496040, -13.284604 51.496182, -13.212408 51.496280, -13.140212 51.496333, -13.068015 51.496342, -12.995819 51.496307, -12.923623 51.496228, -12.851427 51.496104, -12.779231 51.495936, -12.707036 51.495723, -12.634842 51.495466, -12.562649 51.495165, -12.490457 51.494820, -12.418266 51.494430, -12.346076 51.493996, -12.273888 51.493518, -12.201701 51.492995, -12.129516 51.492428, -12.057333 51.491817, -11.985152 51.491161, -11.912973 51.490461, -11.840796 51.489717, -11.768622 51.488929, -11.696450 51.488096, -11.624281 51.487219, -11.552115 51.486298, -11.479952 51.485332, -11.407792 51.484322, -11.335635 51.483268, -11.263482 51.482169, -11.191332 51.481026, -11.119186 51.479839, -11.047043 51.478608, -10.974905 51.477333, -10.902771 51.476013, -10.830641 51.474649, -10.758515 51.473240, -10.686394 51.471788, -10.614278 51.470291, -10.542166 51.468750, -10.470059 51.467165, -10.397958 51.465535, -10.325861 51.463862, -10.253770 51.462144, -10.181685 51.460382, -10.109605 51.458576, -10.037531 51.456725, -9.965463 51.454831, -9.893401 51.452892, -9.821345 51.450909, -9.749295 51.448882, -9.677252 51.446810, -9.605215 51.444695, -9.533186 51.442535, -9.461163 51.440332, -9.389147 51.438084, -9.317138 51.435792, -9.245136 51.433456, -9.173142 51.431076, -9.101156 51.428651, -9.029177 51.426183, -8.957206 51.423671, -8.885243 51.421114, -8.813289 51.418514, -8.741342 51.415869, -8.669404 51.413180, -8.597474 51.410448, -8.525553 51.407671, -8.453641 51.404850, -8.381738 51.401986, -8.309844 51.399077, -8.237959 51.396124, -8.166083 51.393128, -8.094217 51.390087, -8.022361 51.387003, -7.950514 51.383874, -7.878677 51.380702, -7.806850 51.377486, -7.735034 51.374225, -7.663227 51.370921, -7.591432 51.367573, -7.519646 51.364181, -7.447872 51.360746, -7.376108 51.357266, -7.304355 51.353743, -7.232613 51.350176, -7.160883 51.346564, -7.089164 51.342910, -7.017456 51.339211, -6.945760 51.335469, -6.874076 51.331683, -6.802404 51.327853, -6.730743 51.323979, -6.659095 51.320062, -6.587459 51.316101, -6.515836 51.312096, -6.444225 51.308048, -6.372627 51.303956, -6.301042 51.299820, -6.229470 51.295640, -6.157911 51.291418, -6.086365 51.287151, -6.014832 51.282841, -5.943313 51.278487, -5.871807 51.274090, -5.800316 51.269649, -5.728838 51.265165, -5.657374 51.260637, -5.585924 51.256065, -5.514489 51.251450, -5.443068 51.246792, -5.371662 51.242090, -5.300270 51.237345, -5.228893 51.232556, -5.157531 51.227724, -5.086184 51.222849, -5.014852 51.217930, -4.943535 51.212968, -4.872234 51.207963, -4.800949 51.202914, -4.729679 51.197822, -4.658425 51.192686, -4.587187 51.187508, -4.515965 51.182286, -4.444759 51.177021, -4.373569 51.171712, -4.302396 51.166361, -4.231240 51.160966, -4.160100 51.155528, -4.088977 51.150047, -4.017871 51.144523, -3.946783 51.138956, -3.875711 51.133345, -3.804657 51.127692, -3.733620 51.121996, -3.662601 51.116256, -3.591599 51.110474, -3.520615 51.104648, -3.449649 51.098780, -3.378702 51.092869, -3.307772 51.086914, -3.236861 51.080917, -3.165968 51.074877, -3.095094 51.068794, -3.024239 51.062668, -2.953402 51.056500, -2.882584 51.050288, -2.811786 51.044034, -2.741006 51.037737, -2.670246 51.031398, -2.599505 51.025015, -2.528784 51.018590, -2.458083 51.012122, -2.387401 51.005612, -2.316739 50.999059, -2.246097 50.992463, -2.175475 50.985825, -2.104874 50.979144, -2.034293 50.972421, -1.963732 50.965655, -1.893193 50.958847, -1.822673 50.951996, -1.752175 50.945102, -1.681698 50.938167, -1.611241 50.931189, -1.540806 50.924168, -1.470392 50.917105, -1.400000 50.910000))
