MULTILINESTRING ((10.700000 59.900000, 10.682015 59.887603, 10.664043 59.875203, 10.646085 59.862801, 10.628140 59.850397, 10.610208 59.837990, 10.592290 59.825581, 10.574385 59.813169, 10.556493 59.800755, 10.538615 59.788338, 10.520750 59.775919, 10.502898 59.763498, 10.485060 59.751074, 10.467235 59.738647, 10.449423 59.726219, 10.431624 59.713788, 10.413839 59.701354, 10.396067 59.688918, 10.378308 59.676480, 10.360562 59.664039, 10.342829 59.651596, 10.325110 59.639150, 10.307403 59.626703, 10.289710 59.614252, 10.272030 59.601800, 10.254363 59.589345, 10.236709 59.576887, 10.219068 59.564427, 10.201440 59.551965, 10.183825 59.539501, 10.166224 59.527034, 10.148635 59.514565, 10.131059 59.502093, 10.113496 59.489619, 10.095946 59.477143, 10.078410 59.464664, 10.060886 59.452183, 10.043375 59.439700, 10.025877 59.427214, 10.008392 59.414726, 9.990919 59.402235, 9.973460 59.389743, 9.956013 59.377248, 9.938580 59.364750, 9.921159 59.352251, 9.903751 59.339749, 9.886356 59.327244, 9.868973 59.314738, 9.851604 59.302229, 9.834247 59.289717, 9.816903 59.277204, 9.799572 59.264688, 9.782253 59.252170, 9.764947 59.239649, 9.747654 59.227126, 9.730374 59.214601, 9.713106 59.202074, 9.695851 59.189544, 9.678608 59.177012, 9.661378 59.164478, 9.644161 59.151942, 9.626956 59.139403, 9.609764 59.126862, 9.592585 59.114319, 9.575418 59.101773, 9.558264 59.089225, 9.541122 59.076675, 9.523993 59.064123, 9.506876 59.051568, 9.489772 59.039011, 9.472680 59.026452, 9.455601 59.013891, 9.438534 59.001327, 9.421480 58.988761, 9.404438 58.976193, 9.387409 58.963623, 9.370392 58.951050, 9.353387 58.938475, 9.336395 58.925898, 9.319415 58.913319, 9.302448 58.900738, 9.285492 58.888154, 9.268550 58.875568, 9.251619 58.862980, 9.234701 58.850389, 9.217795 58.837797, 9.200901 58.825202, 9.184020 58.812605, 9.167151 58.800006, 9.150294 58.787405, 9.133450 58.774801, 9.116617 58.762195, 9.099797 58.749587, 9.082989 58.736977, 9.066194 58.724365, 9.049410 58.711750, 9.032639 58.699134, 9.015879 58.686515, 8.999132 58.673894, 8.982397 58.661271, 8.965674 58.648645, 8.948963 58.636018, 8.932265 58.623388, 8.915578 58.610756, 8.898903 58.598122, 8.882241 58.585486, 8.865590 58.572847, 8.848951 58.560207, 8.832325 58.547564, 8.815710 58.534919, 8.799108 58.522273, 8.782517 58.509623, 8.765939 58.496972, 8.749372 58.484319, 8.732817 58.471663, 8.716274 58.459006, 8.699743 58.446346, 8.683224 58.433684, 8.666717 58.421020, 8.650222 58.408354, 8.633738 58.395686, 8.617267 58.383015, 8.600807 58.370343, 8.584359 58.357668, 8.567923 58.344992, 8.551498 58.332313, 8.535086 58.319632, 8.518685 58.306949, 8.502296 58.294264, 8.485919 58.281577, 8.469553 58.268888, 8.453199 58.256196, 8.436857 58.243503, 8.420527 58.230807, 8.404208 58.218110, 8.387901 58.205410, 8.371605 58.192708, 8.355322 58.180004, 8.339049 58.167298, 8.322789 58.154590, 8.306540 58.141880, 8.290303 58.129168, 8.274077 58.116454, 8.257863 58.103738, 8.241660 58.091020, 8.225469 58.078299, 8.209289 58.065577, 8.193121 58.052852, 8.176965 58.040126, 8.160820 58.027397, 8.144686 58.014667, 8.128564 58.001934, 8.112454 57.989199, 8.096355 57.976463, 8.080267 57.963724, 8.064191 57.950983, 8.048126 57.938240, 8.032073 57.925496, 8.016031 57.912749, 8.000000 57.900000, 7.972327 57.895674, 7.944660 57.891343, 7.917000 57.887005, 7.889347 57.882661, 7.861700 57.878311, 7.834061 57.873956, 7.806427 57.869594, 7.778801 57.865226, 7.751181 57.860852, 7.723568 57.856473, 7.695962 57.852087, 7.668362 57.847695, 7.640769 57.843297, 7.613183 57.838894, 7.585604 57.834484, 7.558031 57.830068, 7.530465 57.825647, 7.502906 57.821219, 7.475354 57.816786, 7.447808 57.812346, 7.420269 57.807900, 7.392738 57.803449, 7.365212 57.798991, 7.337694 57.794528, 7.310182 57.790059, 7.282678 57.785583, 7.255180 57.781102, 7.227689 57.776615, 7.200204 57.772122, 7.172727 57.767622, 7.145256 57.763117, 7.117793 57.758606, 7.090336 57.754089, 7.062886 57.749566, 7.035443 57.745038, 7.008007 57.740503, 6.980577 57.735962, 6.953155 57.731415, 6.925739 57.726863, 6.898331 57.722304, 6.870929 57.717740, 6.843534 57.713170, 6.816146 57.708594, 6.788765 57.704011, 6.761391 57.699423, 6.734024 57.694829, 6.706664 57.690230, 6.679310 57.685624, 6.651964 57.681012, 6.624625 57.676395, 6.597293 57.671771, 6.569967 57.667142, 6.542649 57.662507, 6.515337 57.657866, 6.488033 57.653219, 6.460736 57.648566, 6.433445 57.643907, 6.406162 57.639242, 6.378885 57.634572, 6.351616 57.629896, 6.324354 57.625213, 6.297098 57.620525, 6.269850 57.615831, 6.242609 57.611132, 6.215375 57.606426, 6.188148 57.601714, 6.160928 57.596997, 6.133715 57.592274, 6.106509 57.587545, 6.079310 57.582810, 6.052118 57.578069, 6.024933 57.573322, 5.997756 57.568570, 5.970585 57.563812, 5.943422 57.559048, 5.916266 57.554278, 5.889116 57.549502, 5.861974 57.544720, 5.834839 57.539933, 5.807712 57.535140, 5.780591 57.530341, 5.753478 57.525536, 5.726371 57.520725, 5.699272 57.515909, 5.672180 57.511087, 5.645095 57.506259, 5.618017 57.501425, 5.590947 57.496585, 5.563883 57.491740, 5.536827 57.486888, 5.509778 57.482031, 5.482737 57.477169, 5.455702 57.472300, 5.428675 57.467426, 5.401655 57.462545, 5.374642 57.457659, 5.347636 57.452768, 5.320637 57.447870, 5.293646 57.442967, 5.266662 57.438058, 5.239685 57.433143, 5.212716 57.428223, 5.185754 57.423296, 5.158799 57.418364, 5.131851 57.413426, 5.104910 57.408483, 5.077977 57.403534, 5.051051 57.398579, 5.024133 57.393618, 4.997221 57.388651, 4.970317 57.383679, 4.943421 57.378701, 4.916531 57.373717, 4.889649 57.368728, 4.862774 57.363733, 4.835907 57.358732, 4.809047 57.353725, 4.782194 57.348713, 4.755348 57.343695, 4.728510 57.338671, 4.701679 57.333641, 4.674856 57.328606, 4.648040 57.323565, 4.621231 57.318519, 4.594430 57.313466, 4.567636 57.308408, 4.540849 57.303345, 4.514070 57.298275, 4.487298 57.293200, 4.460533 57.288119, 4.433776 57.283033, 4.407027 57.277941, 4.380284 57.272843, 4.353549 57.267740, 4.326822 57.262630, 4.300102 57.257516, 4.273389 57.252395, 4.246684 57.247269, 4.219986 57.242137, 4.193296 57.237000, 4.166613 57.231857, 4.139938 57.226708, 4.113270 57.221553, 4.086609 57.216393, 4.059956 57.211227, 4.033310 57.206056, 4.006672 57.200879, 3.980041 57.195696, 3.953418 57.190508, 3.926802 57.185314, 3.900194 57.180115, 3.873593 57.174910, 3.847000 57.169699, 3.820414 57.164482, 3.793836 57.159260, 3.767266 57.154033, 3.740702 57.148799, 3.714147 57.143561, 3.687598 57.138316, 3.661058 57.133066, 3.634525 57.127810, 3.607999 57.122549, 3.581481 57.117282, 3.554970 57.112010, 3.528467 57.106732, 3.501972 57.101448, 3.475484 57.096159, 3.449004 57.090864, 3.422531 57.085563, 3.396066 57.080257, 3.369608 57.074946, 3.343158 57.069629, 3.316716 57.064306, 3.290281 57.058978, 3.263854 57.053644, 3.237434 57.048304, 3.211022 57.042959, 3.184618 57.037609, 3.158221 57.032253, 3.131832 57.026891, 3.105450 57.021524, 3.079076 57.016151, 3.052710 57.010773, 3.026351 57.005389, 3.000000 57.000000, 3.002966 57.015262, 3.005935 57.030525, 3.008907 57.045787, 3.011880 57.061049, 3.014856 57.076311, 3.017835 57.091573, 3.020816 57.106835, 3.023800 57.122097, 3.026786 57.137359, 3.029774 57.152621, 3.032765 57.167883, 3.035759 57.183144, 3.038754 57.198406, 3.041753 57.213667, 3.044754 57.228929, 3.047757 57.244190, 3.050763 57.259451, 3.053771 57.274713, 3.056782 57.289974, 3.059795 57.305235, 3.062811 57.320496, 3.065829 57.335757, 3.068850 57.351018, 3.071873 57.366278, 3.074899 57.381539, 3.077928 57.396800, 3.080958 57.412060, 3.083992 57.427321, 3.087028 57.442581, 3.090066 57.457842, 3.093107 57.473102, 3.096151 57.488362, 3.099197 57.503622, 3.102246 57.518882, 3.105297 57.534142, 3.108351 57.549402, 3.111407 57.564662, 3.114466 57.579922, 3.117527 57.595181, 3.120591 57.610441, 3.123658 57.625700, 3.126727 57.640960, 3.129799 57.656219, 3.132873 57.671479, 3.135950 57.686738, 3.139029 57.701997, 3.142112 57.717256, 3.145196 57.732515, 3.148284 57.747774, 3.151373 57.763033, 3.154466 57.778292, 3.157561 57.793550, 3.160659 57.808809, 3.163759 57.824068, 3.166862 57.839326, 3.169968 57.854584, 3.173076 57.869843, 3.176187 57.885101, 3.179301 57.900359, 3.182417 57.915617, 3.185536 57.930875, 3.188657 57.946133, 3.191781 57.961391, 3.194908 57.976649, 3.198038 57.991907, 3.201170 58.007164, 3.204305 58.022422, 3.207442 58.037679, 3.210582 58.052937, 3.213725 58.068194, 3.216871 58.083451, 3.220019 58.098709, 3.223170 58.113966, 3.226323 58.129223, 3.229480 58.144480, 3.232639 58.159736, 3.235800 58.174993, 3.238965 58.190250, 3.242132 58.205507, 3.245302 58.220763, 3.248475 58.236020, 3.251650 58.251276, 3.254828 58.266532, 3.258009 58.281789, 3.261192 58.297045, 3.264379 58.312301, 3.267568 58.327557, 3.270760 58.342813, 3.273954 58.358069, 3.277151 58.373324, 3.280352 58.388580, 3.283554 58.403836, 3.286760 58.419091, 3.289969 58.434347, 3.293180 58.449602, 3.296394 58.464857, 3.299611 58.480112, 3.302830 58.495368, 3.306052 58.510623, 3.309278 58.525878, 3.312506 58.541132, 3.315736 58.556387, 3.318970 58.571642, 3.322206 58.586897, 3.325446 58.602151, 3.328688 58.617406, 3.331933 58.632660, 3.335180 58.647914, 3.338431 58.663169, 3.341684 58.678423, 3.344941 58.693677, 3.348200 58.708931, 3.351462 58.724185, 3.354727 58.739438, 3.357994 58.754692, 3.361265 58.769946, 3.364538 58.785199, 3.367815 58.800453, 3.371094 58.815706, 3.374376 58.830960, 3.377661 58.846213, 3.380949 58.861466, 3.384240 58.876719, 3.387533 58.891972, 3.390830 58.907225, 3.394129 58.922478, 3.397432 58.937730, 3.400737 58.952983, 3.404046 58.968236, 3.407357 58.983488, 3.410671 58.998741, 3.413988 59.013993, 3.417308 59.029245, 3.420631 59.044497, 3.423957 59.059749, 3.427286 59.075001, 3.430617 59.090253, 3.433952 59.105505, 3.437290 59.120757, 3.440631 59.136008, 3.443974 59.151260, 3.447321 59.166511, 3.450671 59.181763, 3.454023 59.197014, 3.457379 59.212265, 3.460738 59.227516, 3.464099 59.242767, 3.467464 59.258018, 3.470832 59.273269, 3.474202 59.288520, 3.477576 59.303771, 3.480953 59.319021, 3.484333 59.334272, 3.487715 59.349522, 3.491101 59.364772, 3.494490 59.380023, 3.497882 59.395273, 3.501277 59.410523, 3.504675 59.425773, 3.508076 59.441023, 3.511481 59.456272, 3.514888 59.471522, 3.518298 59.486772, 3.521712 59.502021, 3.525128 59.517271, 3.528548 59.532520, 3.531970 59.547769, 3.535396 59.563019, 3.538825 59.578268, 3.542257 59.593517, 3.545692 59.608766, 3.549130 59.624014, 3.552572 59.639263, 3.556016 59.654512, 3.559464 59.669760, 3.562915 59.685009, 3.566369 59.700257, 3.569826 59.715505, 3.573286 59.730754, 3.576749 59.746002, 3.580216 59.761250, 3.583685 59.776498, 3.587158 59.791745, 3.590634 59.806993, 3.594114 59.822241, 3.597596 59.837488, 3.601082 59.852736, 3.604570 59.867983, 3.608062 59.883230, 3.611558 59.898477, 3.615056 59.913725, 3.618558 59.928972, 3.622063 59.944218, 3.625571 59.959465, 3.629082 59.974712, 3.632596 59.989959, 3.636114 60.005205, 3.639635 60.020452, 3.643160 60.035698, 3.646687 60.050944, 3.650218 60.066190, 3.653752 60.081436, 3.657289 60.096682, 3.660830 60.111928, 3.664374 60.127174, 3.667921 60.142420, 3.671471 60.157665, 3.675025 60.172911, 3.678582 60.188156, 3.682142 60.203401, 3.685706 60.218647, 3.689273 60.233892, 3.692843 60.249137, 3.696417 60.264382, 3.699994 60.279626, 3.703574 60.294871, 3.707158 60.310116, 3.710745 60.325360, 3.714335 60.340605, 3.717929 60.355849, 3.721526 60.371093, 3.725126 60.386337, 3.728730 60.401581, 3.732337 60.416825, 3.735948 60.432069, 3.739562 60.447313, 3.743179 60.462557, 3.746800 60.477800, 3.750424 60.493044, 3.754051 60.508287, 3.757682 60.523530, 3.761317 60.538773, 3.764955 60.554016, 3.768596 60.569259, 3.772241 60.584502, 3.775889 60.599745, 3.779540 60.614988, 3.783195 60.630230, 3.786854 60.645473, 3.790516 60.660715, 3.794181 60.675957, 3.797850 60.691199, 3.801522 60.706442, 3.805198 60.721683, 3.808877 60.736925, 3.812560 60.752167, 3.816246 60.767409, 3.819936 60.782650, 3.823630 60.797892, 3.827326 60.813133, 3.831027 60.828374, 3.834731 60.843616, 3.838438 60.858857, 3.842149 60.874098, 3.845864 60.889338, 3.849582 60.904579, 3.853303 60.919820, 3.857029 60.935060, 3.860757 60.950301, 3.864490 60.965541, 3.868226 60.980781, 3.871965 60.996021, 3.875708 61.011261, 3.879455 61.026501, 3.883205 61.041741, 3.886959 61.056981, 3.890716 61.072220, 3.894478 61.087460, 3.898242 61.102699, 3.902011 61.117939, 3.905783 61.133178, 3.909558 61.148417, 3.913338 61.163656, 3.917121 61.178895, 3.920907 61.194134, 3.924697 61.209372, 3.928491 61.224611, 3.932289 61.239849, 3.936090 61.255088, 3.939895 61.270326, 3.943704 61.285564, 3.947516 61.300802, 3.951332 61.316040, 3.955152 61.331278, 3.958976 61.346515, 3.962803 61.361753, 3.966634 61.376990, 3.970469 61.392228, 3.974307 61.407465, 3.978149 61.422702, 3.981995 61.437939, 3.985845 61.453176, 3.989698 61.468413, 3.993556 61.483650, 3.997417 61.498886, 4.001281 61.514123, 4.005150 61.529359, 4.009022 61.544596, 4.012899 61.559832, 4.016779 61.575068, 4.020662 61.590304, 4.024550 61.605540, 4.028442 61.620775, 4.032337 61.636011, 4.036236 61.651247, 4.040139 61.666482, 4.044046 61.681717, 4.047957 61.696952, 4.051871 61.712188, 4.055790 61.727422, 4.059712 61.742657, 4.063638 61.757892, 4.067568 61.773127, 4.071502 61.788361, 4.075440 61.803596, 4.079382 61.818830, 4.083327 61.834064, 4.087277 61.849298, 4.091231 61.864532, 4.095188 61.879766, 4.099149 61.895000, 4.103115 61.910233, 4.107084 61.925467, 4.111057 61.940700, 4.115035 61.955933, 4.119016 61.971167, 4.123001 61.986400, 4.126990 62.001632, 4.130983 62.016865, 4.134980 62.032098, 4.138982 62.047331, 4.142987 62.062563, 4.146996 62.077795, 4.151009 62.093028, 4.155027 62.108260, 4.159048 62.123492, 4.163073 62.138724, 4.167103 62.153955, 4.171136 62.169187, 4.175173 62.184418, 4.179215 62.199650, 4.183261 62.214881, 4.187310 62.230112, 4.191364 62.245343, 4.195422 62.260574, 4.199484 62.275805, 4.203550 62.291036, 4.207621 62.306266, 4.211695 62.321497, 4.215774 62.336727, 4.219856 62.351957, 4.223943 62.367187, 4.228034 62.382417, 4.232129 62.397647, 4.236228 62.412877, 4.240332 62.428107, 4.244439 62.443336, 4.248551 62.458566, 4.252667 62.473795, 4.256787 62.489024, 4.260912 62.504253, 4.265041 62.519482, 4.269173 62.534711, 4.273310 62.549939, 4.277452 62.565168, 4.281597 62.580396, 4.285747 62.595624, 4.289901 62.610853, 4.294060 62.626081, 4.298222 62.641309, 4.302389 62.656536, 4.306560 62.671764, 4.310736 62.686992, 4.314915 62.702219, 4.319100 62.717446, 4.323288 62.732673, 4.327481 62.747900, 4.331678 62.763127, 4.335879 62.778354, 4.340085 62.793581, 4.344295 62.808807, 4.348509 62.824034, 4.352728 62.839260, 4.356951 62.854486, 4.361179 62.869712, 4.365411 62.884938, 4.369647 62.900164, 4.373888 62.915390, 4.378133 62.930615, 4.382382 62.945841, 4.386636 62.961066, 4.390895 62.976291, 4.395158 62.991516, 4.399425 63.006741, 4.403697 63.021966, 4.407973 63.037190, 4.412254 63.052415, 4.416539 63.067639, 4.420828 63.082863, 4.425122 63.098087, 4.429421 63.113311, 4.433724 63.128535, 4.438032 63.143759, 4.442344 63.158983, 4.446661 63.174206, 4.450982 63.189429, 4.455308 63.204653, 4.459638 63.219876, 4.463973 63.235099, 4.468313 63.250321, 4.472657 63.265544, 4.477005 63.280767, 4.481358 63.295989, 4.485716 63.311211, 4.490079 63.326433, 4.494446 63.341655, 4.498818 63.356877, 4.503194 63.372099, 4.507575 63.387321, 4.511960 63.402542, 4.516351 63.417763, 4.520746 63.432985, 4.525145 63.448206, 4.529549 63.463427, 4.533958 63.478647, 4.538372 63.493868, 4.542790 63.509089, 4.547214 63.524309, 4.551641 63.539529, 4.556074 63.554749, 4.560511 63.569969, 4.564953 63.585189, 4.569400 63.600409, 4.573851 63.615628, 4.578308 63.630848, 4.582769 63.646067, 4.587235 63.661286, 4.591705 63.676505, 4.596181 63.691724, 4.600661 63.706943, 4.605146 63.722161, 4.609636 63.737380, 4.614131 63.752598, 4.618630 63.767816, 4.623135 63.783034, 4.627644 63.798252, 4.632158 63.813470, 4.636678 63.828688, 4.641201 63.843905, 4.645730 63.859123, 4.650264 63.874340, 4.654803 63.889557, 4.659346 63.904774, 4.663895 63.919990, 4.668448 63.935207, 4.673007 63.950424, 4.677570 63.965640, 4.682138 63.980856, 4.686712 63.996072, 4.691290 64.011288, 4.695873 64.026504, 4.700462 64.041719, 4.705055 64.056935, 4.709653 64.072150, 4.714256 64.087365, 4.718865 64.102580, 4.723478 64.117795, 4.728097 64.133010, 4.732720 64.148225, 4.737349 64.163439, 4.741982 64.178653, 4.746621 64.193867, 4.751265 64.209081, 4.755914 64.224295, 4.760568 64.239509, 4.765227 64.254723, 4.769892 64.269936, 4.774561 64.285149, 4.779236 64.300362, 4.783915 64.315575, 4.788600 64.330788, 4.793291 64.346001, 4.797986 64.361213, 4.802686 64.376426, 4.807392 64.391638, 4.812103 64.406850, 4.816819 64.422062, 4.821541 64.437274, 4.826267 64.452485, 4.830999 64.467697, 4.835736 64.482908, 4.840479 64.498119, 4.845227 64.513330, 4.849980 64.528541, 4.854738 64.543752, 4.859502 64.558962, 4.864270 64.574173, 4.869045 64.589383, 4.873824 64.604593, 4.878609 64.619803, 4.883400 64.635013, 4.888195 64.650222, 4.892996 64.665432, 4.897803 64.680641, 4.902615 64.695850, 4.907432 64.711059, 4.912255 64.726268, 4.917083 64.741477, 4.921916 64.756685, 4.926755 64.771894, 4.931600 64.787102, 4.936450 64.802310, 4.941305 64.817518, 4.946166 64.832726, 4.951032 64.847933, 4.955904 64.863140, 4.960781 64.878348, 4.965664 64.893555, 4.970553 64.908762, 4.975447 64.923969, 4.980346 64.939175, 4.985251 64.954382, 4.990162 64.969588, 4.995078 64.984794, 5.000000 65.000000, 5.024387 65.011379, 5.048794 65.022755, 5.073222 65.034126, 5.097671 65.045493, 5.122141 65.056856, 5.146632 65.068216, 5.171143 65.079571, 5.195676 65.090922, 5.220230 65.102270, 5.244804 65.113613, 5.269399 65.124952, 5.294016 65.136287, 5.318653 65.147618, 5.343312 65.158945, 5.367991 65.170268, 5.392692 65.181587, 5.417414 65.192902, 5.442157 65.204213, 5.466921 65.215520, 5.491706 65.226823, 5.516513 65.238121, 5.541340 65.249416, 5.566189 65.260706, 5.591059 65.271993, 5.615951 65.283275, 5.640863 65.294553, 5.665797 65.305827, 5.690753 65.317097, 5.715729 65.328363, 5.740728 65.339625, 5.765747 65.350882, 5.790788 65.362135, 5.815851 65.373385, 5.840935 65.384630, 5.866040 65.395871, 5.891167 65.407107, 5.916315 65.418340, 5.941485 65.429568, 5.966677 65.440792, 5.991890 65.452012, 6.017125 65.463228, 6.042381 65.474440, 6.067660 65.485647, 6.092959 65.496850, 6.118281 65.508049, 6.143624 65.519244, 6.168989 65.530434, 6.194376 65.541621, 6.219785 65.552803, 6.245215 65.563981, 6.270667 65.575154, 6.296142 65.586323, 6.321638 65.597488, 6.347156 65.608649, 6.372695 65.619805, 6.398257 65.630958, 6.423841 65.642105, 6.449447 65.653249, 6.475075 65.664388, 6.500724 65.675523, 6.526396 65.686654, 6.552090 65.697780, 6.577806 65.708902, 6.603545 65.720020, 6.629305 65.731133, 6.655088 65.742242, 6.680892 65.753347, 6.706719 65.764447, 6.732568 65.775543, 6.758440 65.786635, 6.784334 65.797722, 6.810250 65.808805, 6.836188 65.819883, 6.862149 65.830957, 6.888132 65.842027, 6.914137 65.853092, 6.940165 65.864153, 6.966215 65.875209, 6.992288 65.886261, 7.018383 65.897309, 7.044501 65.908352, 7.070641 65.919390, 7.096804 65.930425, 7.122989 65.941454, 7.149197 65.952480, 7.175428 65.963500, 7.201681 65.974517, 7.227957 65.985529, 7.254255 65.996536, 7.280576 66.007539, 7.306920 66.018538, 7.333287 66.029531, 7.359676 66.040521, 7.386088 66.051506, 7.412523 66.062486, 7.438981 66.073462, 7.465462 66.084433, 7.491966 66.095400, 7.518492 66.106362, 7.545041 66.117320, 7.571614 66.128273, 7.598209 66.139222, 7.624827 66.150166, 7.651468 66.161105, 7.678133 66.172040, 7.704820 66.182970, 7.731531 66.193896, 7.758264 66.204817, 7.785021 66.215733, 7.811800 66.226645, 7.838603 66.237552, 7.865429 66.248455, 7.892279 66.259353, 7.919151 66.270246, 7.946047 66.281135, 7.972966 66.292019, 7.999909 66.302898, 8.026874 66.313773, 8.053863 66.324643, 8.080876 66.335508, 8.107911 66.346369, 8.134971 66.357225, 8.162053 66.368076, 8.189159 66.378922, 8.216289 66.389764, 8.243442 66.400601, 8.270618 66.411434, 8.297818 66.422261, 8.325042 66.433084, 8.352289 66.443903, 8.379560 66.454716, 8.406854 66.465525, 8.434173 66.476328, 8.461514 66.487128, 8.488880 66.497922, 8.516269 66.508712, 8.543682 66.519496, 8.571119 66.530276, 8.598579 66.541051, 8.626063 66.551822, 8.653571 66.562587, 8.681103 66.573348, 8.708659 66.584104, 8.736239 66.594855, 8.763842 66.605601, 8.791470 66.616343, 8.819122 66.627079, 8.846797 66.637811, 8.874497 66.648537, 8.902220 66.659259, 8.929968 66.669976, 8.957739 66.680688, 8.985535 66.691396, 9.013355 66.702098, 9.041199 66.712795, 9.069067 66.723488, 9.096960 66.734175, 9.124876 66.744858, 9.152817 66.755536, 9.180782 66.766208, 9.208771 66.776876, 9.236785 66.787539, 9.264823 66.798197, 9.292885 66.808850, 9.320972 66.819498, 9.349083 66.830141, 9.377218 66.840779, 9.405378 66.851412, 9.433563 66.862039, 9.461771 66.872662, 9.490005 66.883280, 9.518262 66.893893, 9.546545 66.904501, 9.574852 66.915104, 9.603183 66.925701, 9.631539 66.936294, 9.659920 66.946882, 9.688325 66.957464, 9.716755 66.968042, 9.745210 66.978614, 9.773690 66.989181, 9.802194 66.999744, 9.830723 67.010301, 9.859277 67.020853, 9.887855 67.031400, 9.916459 67.041941, 9.945087 67.052478, 9.973740 67.063009, 10.002418 67.073536, 10.031121 67.084057, 10.059849 67.094573, 10.088602 67.105084, 10.117379 67.115589, 10.146182 67.126090, 10.175010 67.136585, 10.203863 67.147075, 10.232741 67.157560, 10.261644 67.168040, 10.290572 67.178514, 10.319525 67.188984, 10.348504 67.199448, 10.377508 67.209906, 10.406537 67.220360, 10.435591 67.230808, 10.464670 67.241251, 10.493775 67.251689, 10.522905 67.262121, 10.552060 67.272548, 10.581240 67.282970, 10.610446 67.293387, 10.639678 67.303798, 10.668934 67.314204, 10.698217 67.324605, 10.727524 67.335000, 10.756857 67.345390, 10.786216 67.355774, 10.815600 67.366154, 10.845010 67.376528, 10.874445 67.386896, 10.903906 67.397259, 10.933392 67.407617, 10.962904 67.417970, 10.992442 67.428317, 11.022005 67.438658, 11.051594 67.448994, 11.081209 67.459325, 11.110849 67.469651, 11.140515 67.479971, 11.170207 67.490285, 11.199925 67.500594, 11.229669 67.510898, 11.259438 67.521196, 11.289233 67.531488, 11.319055 67.541776, 11.348902 67.552057, 11.378775 67.562334, 11.408674 67.572604, 11.438599 67.582869, 11.468550 67.593129, 11.498527 67.603383, 11.528530 67.613632, 11.558559 67.623875, 11.588614 67.634113, 11.618695 67.644345, 11.648803 67.654571, 11.678936 67.664792, 11.709096 67.675007, 11.739282 67.685217, 11.769494 67.695421, 11.799733 67.705620, 11.829997 67.715812, 11.860288 67.726000, 11.890605 67.736181, 11.920949 67.746358, 11.951319 67.756528, 11.981715 67.766693, 12.012138 67.776852, 12.042587 67.787005, 12.073062 67.797153, 12.103564 67.807295, 12.134093 67.817432, 12.164648 67.827562, 12.195229 67.837687, 12.225837 67.847807, 12.256472 67.857920, 12.287133 67.868028, 12.317821 67.878130, 12.348535 67.888227, 12.379276 67.898317, 12.410044 67.908402, 12.440838 67.918482, 12.471659 67.928555, 12.502507 67.938623, 12.533381 67.948684, 12.564283 67.958740, 12.595211 67.968791, 12.626166 67.978835, 12.657148 67.988874, 12.688156 67.998906, 12.719192 68.008933, 12.750254 68.018954, 12.781343 68.028970, 12.812460 68.038979, 12.843603 68.048983, 12.874773 68.058980, 12.905970 68.068972, 12.937195 68.078958, 12.968446 68.088938, 12.999724 68.098912, 13.031030 68.108880, 13.062363 68.118842, 13.093722 68.128799, 13.125109 68.138749, 13.156523 68.148693, 13.187964 68.158632, 13.219433 68.168564, 13.250929 68.178491, 13.282452 68.188411, 13.314002 68.198326, 13.345579 68.208234, 13.377184 68.218137, 13.408817 68.228033, 13.440476 68.237924, 13.472163 68.247809, 13.503877 68.257687, 13.535619 68.267559, 13.567389 68.277426, 13.599185 68.287286, 13.631009 68.297140, 13.662861 68.306988, 13.694740 68.316830, 13.726647 68.326666, 13.758581 68.336496, 13.790543 68.346320, 13.822533 68.356138, 13.854550 68.365949, 13.886595 68.375755, 13.918667 68.385554, 13.950768 68.395347, 13.982896 68.405134, 14.015051 68.414914, 14.047235 68.424689, 14.079446 68.434457, 14.111685 68.444220, 14.143951 68.453975, 14.176246 68.463725, 14.208568 68.473469, 14.240919 68.483206, 14.273297 68.492937, 14.305703 68.502662, 14.338137 68.512381, 14.370599 68.522093, 14.403089 68.531799, 14.435607 68.541499, 14.468153 68.551192, 14.500727 68.560879, 14.533329 68.570560, 14.565959 68.580235, 14.598618 68.589903, 14.631304 68.599565, 14.664019 68.609220, 14.696761 68.618869, 14.729532 68.628512, 14.762331 68.638149, 14.795158 68.647779, 14.828014 68.657403, 14.860897 68.667020, 14.893809 68.676631, 14.926750 68.686235, 14.959718 68.695833, 14.992715 68.705425, 15.025740 68.715010, 15.058794 68.724589, 15.091876 68.734161, 15.124986 68.743727, 15.158125 68.753287, 15.191292 68.762840, 15.224488 68.772386, 15.257712 68.781926, 15.290965 68.791459, 15.324246 68.800986, 15.357556 68.810507, 15.390894 68.820021, 15.424261 68.829528, 15.457657 68.839029, 15.491081 68.848523, 15.524534 68.858011, 15.558015 68.867492, 15.591525 68.876966, 15.625064 68.886434, 15.658631 68.895895, 15.692227 68.905350, 15.725852 68.914798, 15.759506 68.924240, 15.793188 68.933674, 15.826900 68.943102, 15.860640 68.952524, 15.894409 68.961939, 15.928206 68.971347, 15.962033 68.980748, 15.995889 68.990143, 16.029773 68.999531, 16.063687 69.008913, 16.097629 69.018287, 16.131600 69.027655, 16.165600 69.037016, 16.199630 69.046371, 16.233688 69.055718, 16.267775 69.065059, 16.301892 69.074393, 16.336037 69.083721, 16.370212 69.093041, 16.404415 69.102355, 16.438648 69.111662, 16.472910 69.120962, 16.507201 69.130256, 16.541521 69.139542, 16.575871 69.148822, 16.610250 69.158094, 16.644658 69.167360, 16.679095 69.176619, 16.713561 69.185871, 16.748057 69.195117, 16.782582 69.204355, 16.817136 69.213586, 16.851720 69.222811, 16.886333 69.232029, 16.920975 69.241239, 16.955647 69.250443, 16.990348 69.259640, 17.025079 69.268829, 17.059839 69.278012, 17.094628 69.287188, 17.129447 69.296357, 17.164296 69.305519, 17.199174 69.314673, 17.234081 69.323821, 17.269018 69.332962, 17.303985 69.342096, 17.338981 69.351222, 17.374006 69.360342, 17.409062 69.369455, 17.444147 69.378560, 17.479261 69.387658, 17.514405 69.396750, 17.549579 69.405834, 17.584783 69.414911, 17.620016 69.423981, 17.655279 69.433044, 17.690572 69.442099, 17.725894 69.451148, 17.761247 69.460189, 17.796629 69.469223, 17.832040 69.478250, 17.867482 69.487270, 17.902953 69.496282, 17.938455 69.505288, 17.973986 69.514286, 18.009547 69.523277, 18.045138 69.532261, 18.080759 69.541237, 18.116409 69.550206, 18.152090 69.559168, 18.187801 69.568123, 18.223541 69.577070, 18.259312 69.586010, 18.295112 69.594943, 18.330943 69.603868, 18.366803 69.612786, 18.402694 69.621697, 18.438615 69.630601, 18.474565 69.639497, 18.510546 69.648385, 18.546557 69.657267, 18.582598 69.666141, 18.618669 69.675007, 18.654770 69.683866, 18.690902 69.692718, 18.727063 69.701562, 18.763255 69.710399, 18.799477 69.719229, 18.835729 69.728051, 18.872012 69.736865, 18.908324 69.745672, 18.944667 69.754472, 18.981041 69.763264, 19.017444 69.772048, 19.053878 69.780825, 19.090342 69.789595, 19.126836 69.798357, 19.163361 69.807111, 19.199916 69.815858, 19.236501 69.824598, 19.273117 69.833330, 19.309763 69.842054, 19.346440 69.850770, 19.383147 69.859479, 19.419884 69.868181, 19.456652 69.876875, 19.493450 69.885561, 19.530279 69.894239, 19.567139 69.902910, 19.604028 69.911573, 19.640948 69.920229, 19.677899 69.928877, 19.714881 69.937517, 19.751892 69.946150, 19.788935 69.954774, 19.826008 69.963392, 19.863111 69.972001, 19.900245 69.980602, 19.937410 69.989196, 19.974605 69.997782, 20.011831 70.006361, 20.049088 70.014931, 20.086375 70.023494, 20.123693 70.032049, 20.161041 70.040596, 20.198421 70.049136, 20.235831 70.057667, 20.273271 70.066191, 20.310743 70.074707, 20.348245 70.083215, 20.385777 70.091715, 20.423341 70.100207, 20.460935 70.108691, 20.498560 70.117168, 20.536216 70.125636, 20.573903 70.134097, 20.611620 70.142550, 20.649369 70.150994, 20.687148 70.159431, 20.724958 70.167860, 20.762798 70.176281, 20.800670 70.184694, 20.838573 70.193099, 20.876506 70.201496, 20.914470 70.209885, 20.952465 70.218265, 20.990491 70.226638, 21.028548 70.235003, 21.066636 70.243360, 21.104755 70.251708, 21.142905 70.260049, 21.181085 70.268382, 21.219297 70.276706, 21.257540 70.285022, 21.295813 70.293331, 21.334118 70.301631, 21.372453 70.309923, 21.410820 70.318207, 21.449218 70.326482, 21.487646 70.334750, 21.526106 70.343009, 21.564597 70.351260, 21.603118 70.359503, 21.641671 70.367738, 21.680255 70.375964, 21.718870 70.384183, 21.757516 70.392393, 21.796193 70.400595, 21.834901 70.408788, 21.873640 70.416974, 21.912411 70.425151, 21.951212 70.433319, 21.990045 70.441480, 22.028909 70.449632, 22.067804 70.457776, 22.106730 70.465911, 22.145687 70.474038, 22.184675 70.482157, 22.223695 70.490267, 22.262746 70.498370, 22.301828 70.506463, 22.340941 70.514549, 22.380085 70.522625, 22.419260 70.530694, 22.458467 70.538754, 22.497705 70.546805, 22.536974 70.554849, 22.576274 70.562883, 22.615606 70.570910, 22.654969 70.578927, 22.694363 70.586937, 22.733788 70.594937, 22.773245 70.602930, 22.812733 70.610913, 22.852252 70.618889, 22.891802 70.626855, 22.931384 70.634813, 22.970997 70.642763, 23.010641 70.650704, 23.050316 70.658636, 23.090023 70.666560, 23.129761 70.674475, 23.169530 70.682382, 23.209331 70.690280, 23.249163 70.698169, 23.289026 70.706050, 23.328921 70.713922, 23.368847 70.721786, 23.408804 70.729640, 23.448793 70.737486, 23.488813 70.745324, 23.528864 70.753152, 23.568947 70.760972, 23.609061 70.768783, 23.649206 70.776586, 23.689383 70.784379, 23.729591 70.792164, 23.769830 70.799940, 23.810101 70.807708, 23.850403 70.815466, 23.890736 70.823216, 23.931101 70.830957, 23.971497 70.838689, 24.011925 70.846412, 24.052384 70.854127, 24.092874 70.861832, 24.133396 70.869529, 24.173949 70.877217, 24.214533 70.884896, 24.255149 70.892566, 24.295796 70.900227, 24.336475 70.907879, 24.377185 70.915522, 24.417926 70.923157, 24.458699 70.930782, 24.499503 70.938398, 24.540339 70.946006, 24.581206 70.953604, 24.622104 70.961194, 24.663034 70.968774, 24.703995 70.976345, 24.744988 70.983908, 24.786011 70.991461, 24.827067 70.999005, 24.868153 71.006540, 24.909271 71.014067, 24.950421 71.021584, 24.991602 71.029092, 25.032814 71.036590, 25.074058 71.044080, 25.115333 71.051561, 25.156639 71.059032, 25.197977 71.066494, 25.239346 71.073948, 25.280746 71.081392, 25.322178 71.088826, 25.363642 71.096252, 25.405136 71.103668, 25.446662 71.111076, 25.488220 71.118474, 25.529809 71.125862, 25.571429 71.133242, 25.613080 71.140612, 25.654763 71.147973, 25.696477 71.155325, 25.738223 71.162667, 25.780000 71.170000, 25.822293 71.176985, 25.864617 71.183961, 25.906970 71.190928, 25.949354 71.197884, 25.991768 71.204831, 26.034212 71.211769, 26.076687 71.218697, 26.119192 71.225615, 26.161726 71.232524, 26.204291 71.239423, 26.246887 71.246313, 26.289512 71.253193, 26.332168 71.260063, 26.374853 71.266923, 26.417569 71.273774, 26.460315 71.280615, 26.503091 71.287447, 26.545897 71.294268, 26.588733 71.301081, 26.631600 71.307883, 26.674496 71.314675, 26.717422 71.321458, 26.760379 71.328231, 26.803366 71.334994, 26.846382 71.341748, 26.889429 71.348492, 26.932505 71.355225, 26.975612 71.361950, 27.018749 71.368664, 27.061915 71.375368, 27.105112 71.382063, 27.148338 71.388747, 27.191595 71.395422, 27.234881 71.402087, 27.278197 71.408742, 27.321543 71.415387, 27.364919 71.422022, 27.408325 71.428648, 27.451761 71.435263, 27.495227 71.441868, 27.538722 71.448464, 27.582248 71.455049, 27.625803 71.461625, 27.669388 71.468190, 27.713002 71.474746, 27.756647 71.481292, 27.800321 71.487827, 27.844025 71.494352, 27.887759 71.500868, 27.931522 71.507373, 27.975315 71.513869, 28.019138 71.520354, 28.062991 71.526829, 28.106873 71.533294, 28.150785 71.539749, 28.194726 71.546194, 28.238697 71.552629, 28.282698 71.559053, 28.326728 71.565468, 28.370788 71.571872, 28.414877 71.578266, 28.458996 71.584650, 28.503144 71.591024, 28.547322 71.597387, 28.591530 71.603741, 28.635766 71.610084, 28.680033 71.616417, 28.724328 71.622739, 28.768653 71.629052, 28.813008 71.635354, 28.857392 71.641646, 28.901805 71.647927, 28.946248 71.654198, 28.990719 71.660459, 29.035221 71.666710, 29.079751 71.672950, 29.124311 71.679180, 29.168900 71.685400, 29.213518 71.691609, 29.258166 71.697808, 29.302842 71.703997, 29.347548 71.710175, 29.392283 71.716343, 29.437047 71.722500, 29.481840 71.728647, 29.526663 71.734783, 29.571514 71.740909, 29.616395 71.747025, 29.661304 71.753130, 29.706242 71.759225, 29.751210 71.765309, 29.796206 71.771382, 29.841232 71.777446, 29.886286 71.783498, 29.931369 71.789540, 29.976482 71.795572, 30.021623 71.801593, 30.066792 71.807603, 30.111991 71.813603, 30.157219 71.819593, 30.202475 71.825571, 30.247760 71.831540, 30.293074 71.837497, 30.338416 71.843444, 30.383787 71.849380, 30.429187 71.855306, 30.474615 71.861221, 30.520072 71.867125, 30.565558 71.873019, 30.611072 71.878902, 30.656615 71.884774, 30.702186 71.890635, 30.747786 71.896486, 30.793414 71.902326, 30.839071 71.908156, 30.884756 71.913974, 30.930469 71.919782, 30.976211 71.925579, 31.021981 71.931366, 31.067780 71.937141, 31.113607 71.942906, 31.159462 71.948660, 31.205345 71.954403, 31.251257 71.960135, 31.297196 71.965857, 31.343164 71.971567, 31.389160 71.977267, 31.435184 71.982956, 31.481237 71.988634, 31.527317 71.994301, 31.573425 71.999957, 31.619561 72.005603, 31.665726 72.011237, 31.711918 72.016860, 31.758138 72.022473, 31.804386 72.028074, 31.850662 72.033665, 31.896965 72.039245, 31.943297 72.044813, 31.989656 72.050371, 32.036043 72.055917, 32.082458 72.061453, 32.128900 72.066978, 32.175370 72.072491, 32.221868 72.077994, 32.268393 72.083485, 32.314946 72.088965, 32.361527 72.094435, 32.408135 72.099893, 32.454770 72.105340, 32.501433 72.110776, 32.548123 72.116201, 32.594840 72.121615, 32.641585 72.127017, 32.688358 72.132409, 32.735157 72.137789, 32.781984 72.143158, 32.828838 72.148516, 32.875719 72.153863, 32.922628 72.159199, 32.969563 72.164523, 33.016526 72.169836, 33.063515 72.175138, 33.110532 72.180429, 33.157576 72.185709, 33.204646 72.190977, 33.251744 72.196234, 33.298868 72.201479, 33.346020 72.206714, 33.393198 72.211937, 33.440403 72.217149, 33.487634 72.222349, 33.534893 72.227538, 33.582178 72.232716, 33.629489 72.237883, 33.676828 72.243038, 33.724193 72.248181, 33.771584 72.253314, 33.819002 72.258435, 33.866446 72.263544, 33.913917 72.268642, 33.961414 72.273729, 34.008938 72.278805, 34.056488 72.283868, 34.104064 72.288921, 34.151667 72.293962, 34.199295 72.298991, 34.246950 72.304009, 34.294631 72.309016, 34.342338 72.314011, 34.390072 72.318995, 34.437831 72.323967, 34.485616 72.328927, 34.533427 72.333876, 34.581264 72.338814, 34.629127 72.343740, 34.677016 72.348654, 34.724930 72.353557, 34.772871 72.358448, 34.820837 72.363328, 34.868828 72.368196, 34.916846 72.373052, 34.964889 72.377897, 35.012957 72.382730, 35.061051 72.387551, 35.109170 72.392361, 35.157315 72.397159, 35.205486 72.401946, 35.253681 72.406721, 35.301902 72.411484, 35.350148 72.416235, 35.398420 72.420975, 35.446716 72.425703, 35.495038 72.430420, 35.543385 72.435124, 35.591757 72.439817, 35.640154 72.444498, 35.688576 72.449167, 35.737023 72.453825, 35.785494 72.458471, 35.833991 72.463105, 35.882512 72.467727, 35.931058 72.472337, 35.979629 72.476936, 36.028225 72.481523, 36.076845 72.486098, 36.125490 72.490661, 36.174159 72.495212, 36.222853 72.499751, 36.271571 72.504279, 36.320313 72.508794, 36.369080 72.513298, 36.417871 72.517790, 36.466687 72.522269, 36.515527 72.526737, 36.564390 72.531193, 36.613278 72.535637, 36.662191 72.540070, 36.711127 72.544490, 36.760087 72.548898, 36.809071 72.553294, 36.858079 72.557678, 36.907110 72.562051, 36.956166 72.566411, 37.005245 72.570759, 37.054348 72.575095, 37.103475 72.579420, 37.152625 72.583732, 37.201799 72.588032, 37.250997 72.592320, 37.300217 72.596596, 37.349462 72.600860, 37.398729 72.605112, 37.448020 72.609351, 37.497334 72.613579, 37.546672 72.617795, 37.596032 72.621998, 37.645416 72.626189, 37.694822 72.630368, 37.744252 72.634535, 37.793705 72.638690, 37.843180 72.642833, 37.892679 72.646963, 37.942200 72.651082, 37.991744 72.655188, 38.041311 72.659282, 38.090900 72.663364, 38.140512 72.667433, 38.190147 72.671490, 38.239804 72.675535, 38.289483 72.679568, 38.339185 72.683589, 38.388910 72.687597, 38.438656 72.691593, 38.488425 72.695577, 38.538216 72.699549, 38.588029 72.703508, 38.637864 72.707455, 38.687721 72.711389, 38.737601 72.715312, 38.787502 72.719222, 38.837425 72.723119, 38.887369 72.727005, 38.937336 72.730878, 38.987324 72.734738, 39.037334 72.738586, 39.087365 72.742422, 39.137418 72.746246, 39.187493 72.750057, 39.237589 72.753855, 39.287706 72.757642, 39.337844 72.761416, 39.388004 72.765177, 39.438185 72.768926, 39.488387 72.772663, 39.538611 72.776387, 39.588855 72.780098, 39.639120 72.783798, 39.689406 72.787484, 39.739713 72.791158, 39.790041 72.794820, 39.840390 72.798469, 39.890759 72.802106, 39.941149 72.805730, 39.991559 72.809342, 40.041990 72.812941, 40.092442 72.816528, 40.142913 72.820102, 40.193406 72.823664, 40.243918 72.827213, 40.294451 72.830749, 40.345003 72.834273, 40.395576 72.837784, 40.446169 72.841283, 40.496782 72.844769, 40.547415 72.848243, 40.598068 72.851703, 40.648740 72.855152, 40.699432 72.858587, 40.750144 72.862010, 40.800876 72.865421, 40.851627 72.868818, 40.902397 72.872203, 40.953187 72.875576, 41.003997 72.878935, 41.054825 72.882282, 41.105673 72.885617, 41.156540 72.888938, 41.207427 72.892247, 41.258332 72.895543, 41.309256 72.898827, 41.360200 72.902098, 41.411162 72.905356, 41.462143 72.908601, 41.513142 72.911833, 41.564161 72.915053, 41.615198 72.918260, 41.666253 72.921455, 41.717327 72.924636, 41.768420 72.927805, 41.819531 72.930961, 41.870660 72.934104, 41.921807 72.937234, 41.972973 72.940351, 42.024156 72.943456, 42.075358 72.946548, 42.126578 72.949627, 42.177815 72.952693, 42.229071 72.955746, 42.280344 72.958787, 42.331635 72.961815, 42.382944 72.964829, 42.434270 72.967831, 42.485614 72.970820, 42.536975 72.973796, 42.588353 72.976759, 42.639749 72.979710, 42.691162 72.982647, 42.742593 72.985572, 42.794040 72.988483, 42.845505 72.991382, 42.896986 72.994267, 42.948485 72.997140, 43.000000 73.000000, 43.046487 73.007149, 43.093013 73.014288, 43.139576 73.021416, 43.186178 73.028533, 43.232817 73.035640, 43.279494 73.042737, 43.326209 73.049822, 43.372962 73.056897, 43.419753 73.063962, 43.466582 73.071015, 43.513448 73.078059, 43.560353 73.085091, 43.607295 73.092113, 43.654275 73.099124, 43.701293 73.106124, 43.748349 73.113113, 43.795442 73.120092, 43.842574 73.127060, 43.889743 73.134017, 43.936950 73.140964, 43.984194 73.147900, 44.031477 73.154824, 44.078797 73.161738, 44.126155 73.168641, 44.173551 73.175534, 44.220984 73.182415, 44.268455 73.189286, 44.315963 73.196145, 44.363510 73.202994, 44.411094 73.209832, 44.458715 73.216659, 44.506374 73.223475, 44.554071 73.230280, 44.601805 73.237074, 44.649577 73.243857, 44.697387 73.250629, 44.745234 73.257390, 44.793118 73.264139, 44.841040 73.270878, 44.889000 73.277606, 44.936997 73.284323, 44.985031 73.291029, 45.033103 73.297723, 45.081213 73.304407, 45.129359 73.311079, 45.177543 73.317740, 45.225765 73.324390, 45.274024 73.331029, 45.322320 73.337657, 45.370653 73.344273, 45.419024 73.350879, 45.467432 73.357473, 45.515877 73.364056, 45.564360 73.370627, 45.612880 73.377188, 45.661437 73.383737, 45.710031 73.390274, 45.758662 73.396801, 45.807330 73.403316, 45.856036 73.409820, 45.904779 73.416312, 45.953558 73.422794, 46.002375 73.429263, 46.051229 73.435722, 46.100120 73.442169, 46.149047 73.448605, 46.198012 73.455029, 46.247014 73.461442, 46.296053 73.467843, 46.345128 73.474233, 46.394241 73.480611, 46.443390 73.486978, 46.492576 73.493334, 46.541799 73.499678, 46.591058 73.506010, 46.640355 73.512331, 46.689688 73.518640, 46.739058 73.524938, 46.788464 73.531224, 46.837907 73.537499, 46.887387 73.543762, 46.936904 73.550013, 46.986457 73.556253, 47.036046 73.562481, 47.085672 73.568697, 47.135335 73.574902, 47.185034 73.581095, 47.234769 73.587276, 47.284541 73.593446, 47.334349 73.599604, 47.384194 73.605750, 47.434075 73.611885, 47.483992 73.618007, 47.533946 73.624118, 47.583935 73.630217, 47.633961 73.636305, 47.684023 73.642380, 47.734122 73.648444, 47.784256 73.654496, 47.834426 73.660536, 47.884633 73.666564, 47.934876 73.672580, 47.985154 73.678584, 48.035469 73.684577, 48.085819 73.690557, 48.136205 73.696526, 48.186628 73.702482, 48.237086 73.708427, 48.287580 73.714360, 48.338109 73.720280, 48.388675 73.726189, 48.439276 73.732086, 48.489912 73.737970, 48.540585 73.743843, 48.591293 73.749704, 48.642036 73.755552, 48.692815 73.761389, 48.743630 73.767213, 48.794480 73.773025, 48.845365 73.778825, 48.896286 73.784613, 48.947242 73.790389, 48.998234 73.796153, 49.049260 73.801904, 49.100322 73.807644, 49.151420 73.813371, 49.202552 73.819086, 49.253720 73.824788, 49.304922 73.830479, 49.356160 73.836157, 49.407432 73.841823, 49.458740 73.847477, 49.510083 73.853118, 49.561460 73.858747, 49.612872 73.864364, 49.664320 73.869969, 49.715802 73.875561, 49.767318 73.881141, 49.818869 73.886708, 49.870455 73.892263, 49.922076 73.897806, 49.973731 73.903336, 50.025421 73.908854, 50.077145 73.914359, 50.128904 73.919852, 50.180697 73.925333, 50.232524 73.930801, 50.284386 73.936256, 50.336282 73.941699, 50.388212 73.947130, 50.440176 73.952548, 50.492175 73.957954, 50.544208 73.963347, 50.596274 73.968727, 50.648375 73.974095, 50.700510 73.979450, 50.752678 73.984793, 50.804880 73.990123, 50.857117 73.995441, 50.909387 74.000746, 50.961690 74.006038, 51.014028 74.011317, 51.066399 74.016584, 51.118804 74.021838, 51.171242 74.027080, 51.223713 74.032309, 51.276218 74.037525, 51.328757 74.042728, 51.381329 74.047919, 51.433934 74.053097, 51.486572 74.058262, 51.539244 74.063414, 51.591948 74.068554, 51.644686 74.073681, 51.697457 74.078794, 51.750261 74.083896, 51.803098 74.088984, 51.855967 74.094059, 51.908870 74.099122, 51.961805 74.104171, 52.014773 74.109208, 52.067774 74.114232, 52.120807 74.119243, 52.173873 74.124241, 52.226972 74.129226, 52.280102 74.134198, 52.333266 74.139157, 52.386461 74.144103, 52.439689 74.149037, 52.492950 74.153957, 52.546242 74.158864, 52.599567 74.163758, 52.652923 74.168639, 52.706312 74.173507, 52.759732 74.178362, 52.813185 74.183204, 52.866669 74.188033, 52.920186 74.192849, 52.973734 74.197652, 53.027313 74.202441, 53.080924 74.207217, 53.134567 74.211981, 53.188242 74.216731, 53.241947 74.221468, 53.295685 74.226191, 53.349453 74.230902, 53.403253 74.235599, 53.457084 74.240283, 53.510946 74.244954, 53.564839 74.249612, 53.618763 74.254256, 53.672719 74.258888, 53.726705 74.263505, 53.780722 74.268110, 53.834770 74.272701, 53.888848 74.277279, 53.942957 74.281844, 53.997097 74.286395, 54.051267 74.290933, 54.105468 74.295458, 54.159699 74.299969, 54.213961 74.304467, 54.268253 74.308951, 54.322575 74.313423, 54.376927 74.317880, 54.431309 74.322324, 54.485722 74.326755, 54.540164 74.331173, 54.594636 74.335577, 54.649138 74.339967, 54.703670 74.344344, 54.758231 74.348707, 54.812822 74.353057, 54.867443 74.357394, 54.922093 74.361717, 54.976772 74.366026, 55.031481 74.370322, 55.086219 74.374604, 55.140987 74.378873, 55.195783 74.383128, 55.250609 74.387369, 55.305463 74.391597, 55.360347 74.395811, 55.415259 74.400012, 55.470200 74.404199, 55.525170 74.408373, 55.580169 74.412532, 55.635196 74.416678, 55.690252 74.420811, 55.745336 74.424929, 55.800448 74.429034, 55.855589 74.433125, 55.910758 74.437203, 55.965956 74.441267, 56.021181 74.445317, 56.076434 74.449353, 56.131715 74.453376, 56.187024 74.457384, 56.242361 74.461379, 56.297726 74.465360, 56.353118 74.469328, 56.408538 74.473281, 56.463985 74.477221, 56.519460 74.481147, 56.574962 74.485059, 56.630491 74.488957, 56.686047 74.492841, 56.741631 74.496711, 56.797242 74.500568, 56.852879 74.504410, 56.908543 74.508239, 56.964235 74.512054, 57.019953 74.515854, 57.075697 74.519641, 57.131468 74.523414, 57.187266 74.527173, 57.243090 74.530918, 57.298940 74.534649, 57.354817 74.538366, 57.410720 74.542069, 57.466649 74.545757, 57.522603 74.549432, 57.578584 74.553093, 57.634591 74.556740, 57.690623 74.560373, 57.746681 74.563991, 57.802765 74.567596, 57.858874 74.571186, 57.915009 74.574763, 57.971169 74.578325, 58.027354 74.581873, 58.083564 74.585407, 58.139800 74.588927, 58.196060 74.592433, 58.252346 74.595925, 58.308656 74.599402, 58.364991 74.602865, 58.421351 74.606314, 58.477736 74.609749, 58.534145 74.613170, 58.590578 74.616576, 58.647036 74.619969, 58.703518 74.623347, 58.760024 74.626710, 58.816554 74.630060, 58.873108 74.633395, 58.929686 74.636716, 58.986288 74.640023, 59.042914 74.643315, 59.099563 74.646593, 59.156236 74.649857, 59.212932 74.653107, 59.269652 74.656342, 59.326395 74.659563, 59.383162 74.662769, 59.439951 74.665961, 59.496763 74.669139, 59.553599 74.672303, 59.610457 74.675452, 59.667338 74.678586, 59.724241 74.681707, 59.781168 74.684812, 59.838116 74.687904, 59.895087 74.690981, 59.952081 74.694043, 60.009096 74.697092, 60.066134 74.700125, 60.123194 74.703144, 60.180276 74.706149, 60.237379 74.709140, 60.294505 74.712115, 60.351652 74.715077, 60.408820 74.718023, 60.466010 74.720956, 60.523221 74.723874, 60.580454 74.726777, 60.637708 74.729666, 60.694983 74.732540, 60.752279 74.735399, 60.809596 74.738244, 60.866933 74.741075, 60.924292 74.743891, 60.981671 74.746692, 61.039070 74.749479, 61.096490 74.752251, 61.153931 74.755009, 61.211391 74.757752, 61.268872 74.760480, 61.326373 74.763194, 61.383893 74.765893, 61.441434 74.768577, 61.498994 74.771247, 61.556574 74.773902, 61.614174 74.776543, 61.671792 74.779168, 61.729431 74.781779, 61.787088 74.784376, 61.844765 74.786957, 61.902461 74.789524, 61.960176 74.792077, 62.017909 74.794614, 62.075662 74.797137, 62.133433 74.799645, 62.191222 74.802139, 62.249030 74.804617, 62.306857 74.807081, 62.364701 74.809530, 62.422564 74.811964, 62.480445 74.814384, 62.538344 74.816789, 62.596261 74.819178, 62.654195 74.821554, 62.712147 74.823914, 62.770117 74.826259, 62.828104 74.828590, 62.886109 74.830906, 62.944130 74.833207, 63.002169 74.835493, 63.060225 74.837764, 63.118298 74.840021, 63.176388 74.842263, 63.234494 74.844489, 63.292617 74.846701, 63.350757 74.848898, 63.408912 74.851080, 63.467085 74.853248, 63.525273 74.855400, 63.583478 74.857537, 63.641698 74.859660, 63.699935 74.861767, 63.758187 74.863860, 63.816455 74.865938, 63.874738 74.868000, 63.933037 74.870048, 63.991351 74.872081, 64.049681 74.874099, 64.108026 74.876102, 64.166385 74.878090, 64.224760 74.880063, 64.283149 74.882021, 64.341554 74.883964, 64.399972 74.885892, 64.458406 74.887805, 64.516853 74.889703, 64.575315 74.891586, 64.633792 74.893454, 64.692282 74.895307, 64.750786 74.897145, 64.809304 74.898968, 64.867836 74.900776, 64.926381 74.902569, 64.984940 74.904347, 65.043513 74.906110, 65.102098 74.907858, 65.160697 74.909590, 65.219309 74.911308, 65.277934 74.913010, 65.336572 74.914698, 65.395222 74.916370, 65.453886 74.918028, 65.512561 74.919670, 65.571250 74.921297, 65.629950 74.922909, 65.688663 74.924506, 65.747388 74.926087, 65.806124 74.927654, 65.864873 74.929206, 65.923633 74.930742, 65.982405 74.932263, 66.041189 74.933769, 66.099984 74.935260, 66.158790 74.936736, 66.217608 74.938197, 66.276436 74.939642, 66.335276 74.941073, 66.394127 74.942488, 66.452988 74.943888, 66.511860 74.945273, 66.570742 74.946643, 66.629635 74.947997, 66.688538 74.949336, 66.747451 74.950661, 66.806374 74.951970, 66.865308 74.953263, 66.924251 74.954542, 66.983204 74.955805, 67.042166 74.957053, 67.101138 74.958286, 67.160119 74.959504, 67.219110 74.960707, 67.278110 74.961894, 67.337119 74.963066, 67.396136 74.964223, 67.455163 74.965364, 67.514198 74.966491, 67.573242 74.967602, 67.632294 74.968698, 67.691355 74.969778, 67.750424 74.970844, 67.809501 74.971894, 67.868586 74.972929, 67.927679 74.973948, 67.986780 74.974953, 68.045888 74.975942, 68.105004 74.976916, 68.164127 74.977874, 68.223258 74.978817, 68.282396 74.979745, 68.341541 74.980658, 68.400693 74.981555, 68.459852 74.982438, 68.519017 74.983304, 68.578189 74.984156, 68.637368 74.984992, 68.696553 74.985813, 68.755744 74.986619, 68.814941 74.987409, 68.874145 74.988184, 68.933354 74.988944, 68.992569 74.989689, 69.051790 74.990418, 69.111017 74.991132, 69.170248 74.991830, 69.229486 74.992513, 69.288728 74.993181, 69.347975 74.993834, 69.407228 74.994471, 69.466485 74.995093, 69.525747 74.995699, 69.585014 74.996291, 69.644285 74.996867, 69.703561 74.997427, 69.762840 74.997972, 69.822124 74.998502, 69.881412 74.999017, 69.940704 74.999516, 70.000000 75.000000, 70.047616 75.009168, 70.095288 75.018326, 70.143017 75.027474, 70.190804 75.036612, 70.238647 75.045741, 70.286548 75.054859, 70.334505 75.063967, 70.382520 75.073066, 70.430592 75.082154, 70.478721 75.091232, 70.526908 75.100300, 70.575151 75.109359, 70.623453 75.118407, 70.671811 75.127444, 70.720227 75.136472, 70.768701 75.145490, 70.817232 75.154497, 70.865821 75.163494, 70.914467 75.172481, 70.963171 75.181458, 71.011932 75.190425, 71.060752 75.199381, 71.109629 75.208327, 71.158564 75.217263, 71.207556 75.226188, 71.256607 75.235103, 71.305716 75.244008, 71.354882 75.252902, 71.404106 75.261786, 71.453389 75.270659, 71.502730 75.279522, 71.552128 75.288375, 71.601585 75.297217, 71.651100 75.306048, 71.700673 75.314870, 71.750305 75.323680, 71.799994 75.332480, 71.849742 75.341270, 71.899549 75.350048, 71.949413 75.358817, 71.999337 75.367574, 72.049318 75.376321, 72.099358 75.385058, 72.149457 75.393783, 72.199614 75.402498, 72.249830 75.411202, 72.300104 75.419896, 72.350437 75.428578, 72.400829 75.437250, 72.451280 75.445912, 72.501789 75.454562, 72.552357 75.463201, 72.602984 75.471830, 72.653669 75.480448, 72.704414 75.489054, 72.755217 75.497650, 72.806079 75.506235, 72.857001 75.514809, 72.907981 75.523373, 72.959020 75.531925, 73.010119 75.540466, 73.061276 75.548996, 73.112492 75.557515, 73.163768 75.566023, 73.215103 75.574519, 73.266497 75.583005, 73.317950 75.591480, 73.369462 75.599943, 73.421034 75.608395, 73.472665 75.616836, 73.524355 75.625266, 73.576105 75.633685, 73.627914 75.642092, 73.679783 75.650488, 73.731710 75.658873, 73.783698 75.667247, 73.835744 75.675609, 73.887851 75.683960, 73.940016 75.692299, 73.992242 75.700628, 74.044527 75.708944, 74.096871 75.717250, 74.149275 75.725543, 74.201739 75.733826, 74.254262 75.742097, 74.306845 75.750356, 74.359488 75.758604, 74.412190 75.766840, 74.464952 75.775065, 74.517774 75.783278, 74.570655 75.791480, 74.623597 75.799669, 74.676598 75.807848, 74.729659 75.816014, 74.782780 75.824169, 74.835960 75.832312, 74.889201 75.840444, 74.942501 75.848564, 74.995862 75.856672, 75.049282 75.864768, 75.102762 75.872852, 75.156302 75.880925, 75.209903 75.888985, 75.263563 75.897034, 75.317283 75.905071, 75.371063 75.913096, 75.424903 75.921109, 75.478803 75.929110, 75.532764 75.937099, 75.586784 75.945077, 75.640864 75.953042, 75.695005 75.960995, 75.749205 75.968936, 75.803466 75.976865, 75.857787 75.984782, 75.912168 75.992687, 75.966609 76.000579, 76.021110 76.008460, 76.075671 76.016328, 76.130293 76.024184, 76.184974 76.032028, 76.239716 76.039860, 76.294518 76.047679, 76.349381 76.055487, 76.404303 76.063281, 76.459286 76.071064, 76.514329 76.078834, 76.569432 76.086592, 76.624595 76.094337, 76.679818 76.102070, 76.735102 76.109791, 76.790446 76.117499, 76.845850 76.125195, 76.901315 76.132878, 76.956840 76.140549, 77.012424 76.148207, 77.068070 76.155853, 77.123775 76.163486, 77.179541 76.171106, 77.235367 76.178714, 77.291253 76.186309, 77.347199 76.193892, 77.403206 76.201462, 77.459273 76.209019, 77.515400 76.216563, 77.571587 76.224095, 77.627835 76.231614, 77.684143 76.239120, 77.740511 76.246614, 77.796939 76.254094, 77.853427 76.261562, 77.909976 76.269017, 77.966585 76.276459, 78.023254 76.283888, 78.079983 76.291304, 78.136773 76.298708, 78.193622 76.306098, 78.250532 76.313475, 78.307502 76.320839, 78.364532 76.328191, 78.421623 76.335529, 78.478773 76.342854, 78.535983 76.350166, 78.593254 76.357465, 78.650585 76.364751, 78.707976 76.372023, 78.765426 76.379283, 78.822937 76.386529, 78.880508 76.393762, 78.938139 76.400982, 78.995830 76.408188, 79.053581 76.415382, 79.111392 76.422562, 79.169263 76.429728, 79.227194 76.436882, 79.285185 76.444021, 79.343236 76.451148, 79.401346 76.458261, 79.459517 76.465361, 79.517747 76.472447, 79.576038 76.479520, 79.634388 76.486579, 79.692797 76.493625, 79.751267 76.500657, 79.809797 76.507676, 79.868386 76.514681, 79.927035 76.521672, 79.985743 76.528650, 80.044511 76.535614, 80.103339 76.542565, 80.162227 76.549502, 80.221174 76.556425, 80.280180 76.563334, 80.339247 76.570230, 80.398372 76.577112, 80.457557 76.583980, 80.516802 76.590834, 80.576106 76.597675, 80.635470 76.604501, 80.694892 76.611314, 80.754374 76.618113, 80.813916 76.624898, 80.873517 76.631669, 80.933177 76.638426, 80.992896 76.645169, 81.052674 76.651898, 81.112512 76.658613, 81.172408 76.665314, 81.232364 76.672001, 81.292379 76.678674, 81.352453 76.685333, 81.412585 76.691977, 81.472777 76.698608, 81.533027 76.705224, 81.593337 76.711826, 81.653705 76.718414, 81.714132 76.724987, 81.774618 76.731547, 81.835162 76.738092, 81.895765 76.744623, 81.956427 76.751139, 82.017147 76.757641, 82.077926 76.764129, 82.138763 76.770602, 82.199659 76.777061, 82.260613 76.783506, 82.321625 76.789936, 82.382696 76.796352, 82.443825 76.802753, 82.505012 76.809139, 82.566258 76.815512, 82.627561 76.821869, 82.688923 76.828212, 82.750342 76.834540, 82.811820 76.840854, 82.873355 76.847153, 82.934949 76.853438, 82.996600 76.859708, 83.058309 76.865963, 83.120075 76.872203, 83.181899 76.878429, 83.243781 76.884640, 83.305720 76.890836, 83.367717 76.897017, 83.429772 76.903184, 83.491883 76.909335, 83.554052 76.915472, 83.616278 76.921594, 83.678562 76.927701, 83.740902 76.933793, 83.803300 76.939870, 83.865754 76.945932, 83.928266 76.951979, 83.990835 76.958011, 84.053460 76.964028, 84.116142 76.970030, 84.178881 76.976017, 84.241676 76.981989, 84.304528 76.987946, 84.367437 76.993887, 84.430401 76.999814, 84.493423 77.005725, 84.556500 77.011621, 84.619634 77.017502, 84.682824 77.023367, 84.746070 77.029217, 84.809372 77.035052, 84.872731 77.040872, 84.936144 77.046677, 84.999614 77.052466, 85.063140 77.058239, 85.126721 77.063998, 85.190358 77.069740, 85.254050 77.075468, 85.317798 77.081180, 85.381601 77.086876, 85.445459 77.092557, 85.509373 77.098223, 85.573341 77.103873, 85.637365 77.109507, 85.701444 77.115126, 85.765577 77.120730, 85.829766 77.126317, 85.894009 77.131889, 85.958307 77.137446, 86.022659 77.142986, 86.087066 77.148511, 86.151527 77.154021, 86.216043 77.159514, 86.280612 77.164992, 86.345236 77.170454, 86.409914 77.175900, 86.474646 77.181331, 86.539432 77.186745, 86.604271 77.192144, 86.669165 77.197527, 86.734112 77.202894, 86.799112 77.208245, 86.864166 77.213580, 86.929273 77.218899, 86.994433 77.224203, 87.059647 77.229490, 87.124913 77.234761, 87.190232 77.240016, 87.255605 77.245255, 87.321030 77.250478, 87.386508 77.255685, 87.452038 77.260876, 87.517620 77.266051, 87.583256 77.271209, 87.648943 77.276352, 87.714682 77.281478, 87.780474 77.286588, 87.846318 77.291682, 87.912213 77.296759, 87.978160 77.301820, 88.044159 77.306865, 88.110209 77.311894, 88.176311 77.316906, 88.242464 77.321902, 88.308668 77.326882, 88.374924 77.331845, 88.441230 77.336792, 88.507587 77.341722, 88.573995 77.346636, 88.640454 77.351533, 88.706963 77.356414, 88.773523 77.361279, 88.840133 77.366127, 88.906793 77.370958, 88.973504 77.375773, 89.040264 77.380571, 89.107075 77.385353, 89.173935 77.390118, 89.240844 77.394866, 89.307803 77.399598, 89.374812 77.404313, 89.441870 77.409011, 89.508977 77.413693, 89.576133 77.418358, 89.643338 77.423006, 89.710592 77.427638, 89.777895 77.432252, 89.845246 77.436850, 89.912645 77.441431, 89.980093 77.445996, 90.047589 77.450543, 90.115133 77.455073, 90.182725 77.459587, 90.250365 77.464084, 90.318052 77.468563, 90.385788 77.473026, 90.453570 77.477472, 90.521400 77.481901, 90.589277 77.486313, 90.657201 77.490707, 90.725171 77.495085, 90.793189 77.499446, 90.861253 77.503790, 90.929364 77.508116, 90.997521 77.512426, 91.065724 77.516718, 91.133973 77.520993, 91.202269 77.525251, 91.270610 77.529492, 91.338996 77.533715, 91.407429 77.537922, 91.475906 77.542111, 91.544429 77.546283, 91.612997 77.550438, 91.681610 77.554575, 91.750268 77.558695, 91.818971 77.562798, 91.887718 77.566883, 91.956509 77.570951, 92.025345 77.575002, 92.094224 77.579035, 92.163148 77.583051, 92.232116 77.587050, 92.301127 77.591031, 92.370181 77.594994, 92.439279 77.598940, 92.508421 77.602869, 92.577605 77.606780, 92.646832 77.610674, 92.716102 77.614550, 92.785414 77.618408, 92.854769 77.622249, 92.924167 77.626072, 92.993606 77.629878, 93.063087 77.633666, 93.132610 77.637437, 93.202175 77.641189, 93.271782 77.644925, 93.341429 77.648642, 93.411118 77.652342, 93.480848 77.656024, 93.550619 77.659688, 93.620430 77.663335, 93.690282 77.666964, 93.760175 77.670575, 93.830107 77.674168, 93.900080 77.677743, 93.970092 77.681301, 94.040145 77.684840, 94.110236 77.688362, 94.180368 77.691866, 94.250538 77.695352, 94.320748 77.698821, 94.390996 77.702271, 94.461283 77.705703, 94.531609 77.709118, 94.601973 77.712514, 94.672375 77.715893, 94.742815 77.719253, 94.813294 77.722596, 94.883809 77.725920, 94.954363 77.729226, 95.024953 77.732515, 95.095581 77.735785, 95.166246 77.739037, 95.236948 77.742271, 95.307686 77.745487, 95.378461 77.748685, 95.449272 77.751865, 95.520119 77.755027, 95.591003 77.758170, 95.661922 77.761295, 95.732876 77.764402, 95.803866 77.767491, 95.874891 77.770562, 95.945951 77.773614, 96.017046 77.776648, 96.088176 77.779664, 96.159340 77.782662, 96.230538 77.785641, 96.301771 77.788602, 96.373037 77.791545, 96.444337 77.794469, 96.515671 77.797375, 96.587038 77.800263, 96.658438 77.803132, 96.729871 77.805983, 96.801337 77.808815, 96.872836 77.811630, 96.944367 77.814425, 97.015930 77.817203, 97.087526 77.819961, 97.159153 77.822702, 97.230812 77.825424, 97.302502 77.828127, 97.374223 77.830812, 97.445976 77.833478, 97.517759 77.836126, 97.589574 77.838755, 97.661418 77.841366, 97.733293 77.843958, 97.805198 77.846532, 97.877133 77.849087, 97.949098 77.851624, 98.021092 77.854141, 98.093115 77.856641, 98.165168 77.859121, 98.237249 77.861583, 98.309359 77.864027, 98.381498 77.866451, 98.453665 77.868857, 98.525860 77.871245, 98.598082 77.873613, 98.670333 77.875963, 98.742611 77.878295, 98.814916 77.880607, 98.887249 77.882901, 98.959608 77.885176, 99.031994 77.887432, 99.104406 77.889670, 99.176845 77.891888, 99.249310 77.894088, 99.321800 77.896269, 99.394316 77.898432, 99.466858 77.900575, 99.539425 77.902700, 99.612016 77.904806, 99.684633 77.906892, 99.757274 77.908961, 99.829940 77.911010, 99.902629 77.913040, 99.975343 77.915052, 100.048080 77.917044, 100.120841 77.919018, 100.193625 77.920973, 100.266433 77.922908, 100.339263 77.924825, 100.412116 77.926723, 100.484991 77.928602, 100.557889 77.930462, 100.630808 77.932303, 100.703750 77.934125, 100.776713 77.935928, 100.849697 77.937713, 100.922703 77.939478, 100.995729 77.941224, 101.068776 77.942951, 101.141844 77.944659, 101.214932 77.946348, 101.288040 77.948018, 101.361168 77.949669, 101.434316 77.951300, 101.507483 77.952913, 101.580669 77.954507, 101.653874 77.956081, 101.727098 77.957637, 101.800340 77.959173, 101.873601 77.960691, 101.946879 77.962189, 102.020176 77.963668, 102.093490 77.965128, 102.166822 77.966569, 102.240171 77.967990, 102.313537 77.969393, 102.386919 77.970776, 102.460318 77.972140, 102.533734 77.973485, 102.607165 77.974811, 102.680612 77.976118, 102.754075 77.977405, 102.827554 77.978674, 102.901047 77.979923, 102.974555 77.981153, 103.048078 77.982363, 103.121616 77.983555, 103.195168 77.984727, 103.268734 77.985880, 103.342313 77.987014, 103.415906 77.988128, 103.489513 77.989224, 103.563133 77.990300, 103.636765 77.991356, 103.710410 77.992394, 103.784068 77.993412, 103.857738 77.994411, 103.931420 77.995391, 104.005113 77.996351, 104.078818 77.997292, 104.152535 77.998214, 104.226262 77.999117, 104.300000 78.000000, 104.373680 78.000984, 104.447371 78.001949, 104.521074 78.002894, 104.594788 78.003820, 104.668514 78.004727, 104.742250 78.005615, 104.815997 78.006483, 104.889754 78.007332, 104.963522 78.008162, 105.037299 78.008972, 105.111087 78.009763, 105.184883 78.010535, 105.258689 78.011288, 105.332504 78.012021, 105.406328 78.012735, 105.480160 78.013429, 105.554000 78.014104, 105.627849 78.014760, 105.701705 78.015397, 105.775570 78.016014, 105.849441 78.016612, 105.923320 78.017190, 105.997205 78.017749, 106.071097 78.018289, 106.144996 78.018809, 106.218901 78.019310, 106.292812 78.019792, 106.366728 78.020254, 106.440650 78.020697, 106.514578 78.021121, 106.588510 78.021525, 106.662447 78.021910, 106.736389 78.022276, 106.810335 78.022622, 106.884285 78.022949, 106.958239 78.023256, 107.032197 78.023544, 107.106158 78.023813, 107.180122 78.024062, 107.254089 78.024292, 107.328059 78.024502, 107.402031 78.024693, 107.476005 78.024865, 107.549982 78.025017, 107.623960 78.025150, 107.697939 78.025264, 107.771920 78.025358, 107.845902 78.025433, 107.919885 78.025488, 107.993868 78.025524, 108.067852 78.025540, 108.141836 78.025538, 108.215819 78.025516, 108.289802 78.025474, 108.363785 78.025413, 108.437766 78.025333, 108.511747 78.025233, 108.585726 78.025114, 108.659704 78.024975, 108.733680 78.024817, 108.807653 78.024640, 108.881625 78.024443, 108.955594 78.024227, 109.029560 78.023992, 109.103523 78.023737, 109.177484 78.023463, 109.251440 78.023169, 109.325393 78.022856, 109.399342 78.022524, 109.473287 78.022172, 109.547227 78.021801, 109.621163 78.021411, 109.695094 78.021001, 109.769020 78.020572, 109.842940 78.020123, 109.916855 78.019655, 109.990764 78.019168, 110.064668 78.018661, 110.138564 78.018135, 110.212455 78.017590, 110.286338 78.017025, 110.360215 78.016441, 110.434084 78.015838, 110.507946 78.015215, 110.581800 78.014573, 110.655647 78.013912, 110.729485 78.013231, 110.803315 78.012531, 110.877136 78.011812, 110.950948 78.011073, 111.024751 78.010315, 111.098545 78.009537, 111.172330 78.008741, 111.246104 78.007925, 111.319869 78.007090, 111.393623 78.006235, 111.467367 78.005361, 111.541100 78.004468, 111.614822 78.003555, 111.688534 78.002624, 111.762233 78.001673, 111.835921 78.000702, 111.909598 77.999713, 111.983262 77.998704, 112.056913 77.997676, 112.130553 77.996629, 112.204179 77.995562, 112.277793 77.994476, 112.351393 77.993371, 112.424980 77.992247, 112.498553 77.991103, 112.572112 77.989941, 112.645657 77.988759, 112.719187 77.987557, 112.792703 77.986337, 112.866205 77.985098, 112.939691 77.983839, 113.013162 77.982561, 113.086617 77.981264, 113.160057 77.979947, 113.233480 77.978612, 113.306888 77.977257, 113.380279 77.975883, 113.453653 77.974490, 113.527011 77.973078, 113.600351 77.971647, 113.673674 77.970197, 113.746980 77.968727, 113.820268 77.967239, 113.893538 77.965731, 113.966789 77.964204, 114.040023 77.962658, 114.113237 77.961093, 114.186433 77.959509, 114.259610 77.957906, 114.332767 77.956284, 114.405905 77.954642, 114.479023 77.952982, 114.552121 77.951303, 114.625199 77.949604, 114.698256 77.947887, 114.771293 77.946150, 114.844309 77.944395, 114.917304 77.942620, 114.990278 77.940827, 115.063230 77.939015, 115.136161 77.937183, 115.209069 77.935333, 115.281956 77.933464, 115.354820 77.931575, 115.427661 77.929668, 115.500480 77.927742, 115.573276 77.925797, 115.646048 77.923833, 115.718798 77.921850, 115.791523 77.919848, 115.864225 77.917828, 115.936902 77.915788, 116.009555 77.913730, 116.082184 77.911652, 116.154788 77.909556, 116.227367 77.907441, 116.299921 77.905308, 116.372450 77.903155, 116.444953 77.900984, 116.517431 77.898793, 116.589882 77.896584, 116.662308 77.894357, 116.734707 77.892110, 116.807079 77.889845, 116.879425 77.887561, 116.951743 77.885258, 117.024035 77.882937, 117.096299 77.880596, 117.168535 77.878238, 117.240744 77.875860, 117.312925 77.873464, 117.385077 77.871049, 117.457201 77.868615, 117.529297 77.866163, 117.601363 77.863692, 117.673401 77.861203, 117.745409 77.858695, 117.817388 77.856168, 117.889338 77.853623, 117.961257 77.851059, 118.033147 77.848476, 118.105006 77.845875, 118.176835 77.843256, 118.248634 77.840618, 118.320402 77.837961, 118.392138 77.835286, 118.463844 77.832592, 118.535518 77.829880, 118.607160 77.827150, 118.678771 77.824401, 118.750350 77.821633, 118.821897 77.818848, 118.893411 77.816043, 118.964893 77.813221, 119.036342 77.810380, 119.107758 77.807520, 119.179142 77.804642, 119.250491 77.801746, 119.321808 77.798832, 119.393091 77.795899, 119.464340 77.792948, 119.535555 77.789978, 119.606735 77.786990, 119.677882 77.783984, 119.748993 77.780960, 119.820070 77.777918, 119.891112 77.774857, 119.962119 77.771778, 120.033091 77.768681, 120.104027 77.765565, 120.174927 77.762432, 120.245792 77.759280, 120.316620 77.756110, 120.387413 77.752922, 120.458169 77.749716, 120.528888 77.746492, 120.599571 77.743249, 120.670216 77.739989, 120.740825 77.736710, 120.811396 77.733414, 120.881930 77.730099, 120.952427 77.726767, 121.022885 77.723416, 121.093306 77.720047, 121.163688 77.716661, 121.234032 77.713256, 121.304338 77.709834, 121.374605 77.706393, 121.444833 77.702935, 121.515022 77.699459, 121.585172 77.695965, 121.655283 77.692453, 121.725354 77.688923, 121.795386 77.685375, 121.865378 77.681809, 121.935330 77.678226, 122.005241 77.674625, 122.075113 77.671006, 122.144944 77.667369, 122.214734 77.663715, 122.284483 77.660043, 122.354192 77.656353, 122.423859 77.652645, 122.493485 77.648920, 122.563070 77.645177, 122.632613 77.641417, 122.702114 77.637638, 122.771574 77.633842, 122.840991 77.630029, 122.910366 77.626198, 122.979699 77.622349, 123.048989 77.618483, 123.118237 77.614600, 123.187442 77.610698, 123.256603 77.606780, 123.325722 77.602843, 123.394797 77.598890, 123.463829 77.594919, 123.532818 77.590930, 123.601762 77.586924, 123.670663 77.582901, 123.739519 77.578860, 123.808332 77.574802, 123.877100 77.570726, 123.945824 77.566633, 124.014503 77.562523, 124.083137 77.558395, 124.151727 77.554251, 124.220271 77.550089, 124.288770 77.545909, 124.357224 77.541713, 124.425632 77.537499, 124.493995 77.533268, 124.562312 77.529020, 124.630584 77.524755, 124.698809 77.520472, 124.766988 77.516173, 124.835120 77.511856, 124.903207 77.507522, 124.971246 77.503171, 125.039239 77.498804, 125.107186 77.494419, 125.175085 77.490017, 125.242937 77.485598, 125.310742 77.481162, 125.378499 77.476709, 125.446209 77.472239, 125.513872 77.467752, 125.581486 77.463248, 125.649053 77.458728, 125.716572 77.454190, 125.784043 77.449636, 125.851465 77.445065, 125.918839 77.440477, 125.986165 77.435872, 126.053442 77.431250, 126.120670 77.426612, 126.187849 77.421957, 126.254979 77.417285, 126.322060 77.412597, 126.389092 77.407891, 126.456075 77.403169, 126.523008 77.398431, 126.589892 77.393676, 126.656725 77.388904, 126.723509 77.384115, 126.790243 77.379310, 126.856927 77.374489, 126.923561 77.369651, 126.990145 77.364796, 127.056678 77.359925, 127.123160 77.355037, 127.189592 77.350133, 127.255974 77.345213, 127.322304 77.340276, 127.388584 77.335322, 127.454812 77.330353, 127.520989 77.325367, 127.587115 77.320364, 127.653190 77.315345, 127.719213 77.310310, 127.785184 77.305259, 127.851104 77.300191, 127.916972 77.295107, 127.982788 77.290007, 128.048552 77.284891, 128.114264 77.279758, 128.179924 77.274609, 128.245531 77.269445, 128.311086 77.264264, 128.376588 77.259066, 128.442038 77.253853, 128.507435 77.248624, 128.572780 77.243378, 128.638071 77.238117, 128.703309 77.232840, 128.768495 77.227546, 128.833627 77.222237, 128.898706 77.216911, 128.963731 77.211570, 129.028703 77.206213, 129.093622 77.200840, 129.158486 77.195451, 129.223297 77.190046, 129.288054 77.184625, 129.352758 77.179189, 129.417407 77.173737, 129.482002 77.168269, 129.546543 77.162785, 129.611030 77.157285, 129.675462 77.151770, 129.739840 77.146239, 129.804164 77.140692, 129.868432 77.135130, 129.932646 77.129552, 129.996806 77.123959, 130.060910 77.118349, 130.124960 77.112725, 130.188954 77.107084, 130.252894 77.101429, 130.316778 77.095757, 130.380607 77.090070, 130.444380 77.084368, 130.508099 77.078650, 130.571761 77.072917, 130.635369 77.067169, 130.698920 77.061405, 130.762416 77.055625, 130.825856 77.049831, 130.889240 77.044021, 130.952569 77.038195, 131.015841 77.032355, 131.079057 77.026499, 131.142217 77.020628, 131.205321 77.014742, 131.268369 77.008840, 131.331360 77.002923, 131.394295 76.996991, 131.457174 76.991044, 131.519995 76.985082, 131.582761 76.979105, 131.645469 76.973113, 131.708121 76.967105, 131.770716 76.961083, 131.833254 76.955045, 131.895735 76.948993, 131.958160 76.942926, 132.020527 76.936843, 132.082837 76.930746, 132.145090 76.924634, 132.207285 76.918507, 132.269424 76.912365, 132.331505 76.906208, 132.393529 76.900036, 132.455495 76.893850, 132.517403 76.887648, 132.579254 76.881432, 132.641048 76.875202, 132.702784 76.868956, 132.764462 76.862696, 132.826082 76.856421, 132.887644 76.850132, 132.949149 76.843827, 133.010595 76.837509, 133.071984 76.831175, 133.133314 76.824827, 133.194587 76.818465, 133.255801 76.812088, 133.316957 76.805696, 133.378055 76.799290, 133.439095 76.792869, 133.500076 76.786435, 133.560999 76.779985, 133.621863 76.773521, 133.682669 76.767043, 133.743417 76.760550, 133.804106 76.754044, 133.864736 76.747522, 133.925308 76.740987, 133.985821 76.734437, 134.046275 76.727873, 134.106671 76.721295, 134.167007 76.714702, 134.227285 76.708095, 134.287504 76.701474, 134.347664 76.694839, 134.407765 76.688190, 134.467808 76.681527, 134.527791 76.674849, 134.587715 76.668158, 134.647580 76.661452, 134.707386 76.654733, 134.767132 76.647999, 134.826820 76.641252, 134.886448 76.634490, 134.946017 76.627715, 135.005527 76.620925, 135.064977 76.614122, 135.124368 76.607305, 135.183700 76.600474, 135.242972 76.593629, 135.302185 76.586771, 135.361338 76.579898, 135.420432 76.573012, 135.479466 76.566112, 135.538441 76.559198, 135.597356 76.552271, 135.656211 76.545330, 135.715007 76.538375, 135.773743 76.531406, 135.832420 76.524424, 135.891037 76.517429, 135.949594 76.510420, 136.008091 76.503397, 136.066528 76.496360, 136.124906 76.489311, 136.183224 76.482247, 136.241482 76.475170, 136.299681 76.468080, 136.357819 76.460976, 136.415897 76.453859, 136.473916 76.446729, 136.531875 76.439585, 136.589773 76.432428, 136.647612 76.425257, 136.705391 76.418073, 136.763110 76.410876, 136.820768 76.403666, 136.878367 76.396442, 136.935906 76.389205, 136.993384 76.381955, 137.050803 76.374692, 137.108161 76.367415, 137.165460 76.360126, 137.222698 76.352823, 137.279876 76.345507, 137.336994 76.338178, 137.394052 76.330836, 137.451050 76.323481, 137.507987 76.316114, 137.564865 76.308733, 137.621682 76.301339, 137.678439 76.293932, 137.735136 76.286512, 137.791773 76.279079, 137.848349 76.271634, 137.904865 76.264175, 137.961321 76.256704, 138.017717 76.249220, 138.074053 76.241723, 138.130328 76.234213, 138.186543 76.226691, 138.242698 76.219155, 138.298793 76.211607, 138.354827 76.204047, 138.410801 76.196473, 138.466715 76.188887, 138.522569 76.181289, 138.578362 76.173678, 138.634096 76.166054, 138.689769 76.158417, 138.745381 76.150769, 138.800934 76.143107, 138.856426 76.135433, 138.911858 76.127747, 138.967230 76.120048, 139.022541 76.112336, 139.077792 76.104612, 139.132983 76.096876, 139.188114 76.089128, 139.243185 76.081367, 139.298195 76.073593, 139.353145 76.065808, 139.408035 76.058010, 139.462865 76.050199, 139.517634 76.042377, 139.572344 76.034542, 139.626993 76.026695, 139.681582 76.018836, 139.736111 76.010965, 139.790579 76.003081, 139.844988 75.995186, 139.899336 75.987278, 139.953625 75.979358, 140.007853 75.971426, 140.062021 75.963482, 140.116129 75.955526, 140.170177 75.947558, 140.224165 75.939578, 140.278092 75.931586, 140.331960 75.923582, 140.385768 75.915566, 140.439516 75.907538, 140.493203 75.899499, 140.546831 75.891447, 140.600399 75.883384, 140.653906 75.875308, 140.707354 75.867221, 140.760742 75.859122, 140.814070 75.851012, 140.867338 75.842889, 140.920546 75.834755, 140.973694 75.826609, 141.026783 75.818452, 141.079811 75.810283, 141.132780 75.802102, 141.185689 75.793909, 141.238538 75.785705, 141.291328 75.777489, 141.344058 75.769262, 141.396728 75.761023, 141.449338 75.752773, 141.501888 75.744511, 141.554379 75.736238, 141.606811 75.727953, 141.659182 75.719657, 141.711495 75.711349, 141.763747 75.703030, 141.815940 75.694699, 141.868074 75.686358, 141.920148 75.678004, 141.972162 75.669640, 142.024117 75.661264, 142.076013 75.652877, 142.127849 75.644478, 142.179626 75.636069, 142.231343 75.627648, 142.283001 75.619216, 142.334600 75.610772, 142.386140 75.602318, 142.437620 75.593852, 142.489041 75.585376, 142.540403 75.576888, 142.591705 75.568389, 142.642949 75.559879, 142.694133 75.551358, 142.745259 75.542826, 142.796325 75.534282, 142.847332 75.525728, 142.898280 75.517163, 142.949170 75.508587, 143.000000 75.500000), (143.000000 75.500000, 142.994073 75.505583, 142.988142 75.511166, 142.982206 75.516749, 142.976265 75.522332, 142.970320 75.527915, 142.964371 75.533497, 142.958417 75.539080, 142.952458 75.544662, 142.946496 75.550244, 142.940528 75.555826, 142.934556 75.561408, 142.928580 75.566990, 142.922599 75.572571, 142.916613 75.578152, 142.910623 75.583734, 142.904629 75.589315, 142.898629 75.594895, 142.892626 75.600476, 142.886618 75.606057, 142.880605 75.611637, 142.874587 75.617217, 142.868565 75.622798, 142.862539 75.628378, 142.856508 75.633957, 142.850472 75.639537, 142.844432 75.645117, 142.838387 75.650696, 142.832337 75.656275, 142.826283 75.661854, 142.820225 75.667433, 142.814161 75.673012, 142.808093 75.678590, 142.802021 75.684169, 142.795943 75.689747, 142.789862 75.695325, 142.783775 75.700903, 142.777684 75.706481, 142.771588 75.712059, 142.765488 75.717636, 142.759382 75.723214, 142.753273 75.728791, 142.747158 75.734368, 142.741039 75.739945, 142.734915 75.745521, 142.728786 75.751098, 142.722653 75.756674, 142.716515 75.762251, 142.710373 75.767827, 142.704225 75.773403, 142.698073 75.778979, 142.691916 75.784554, 142.685755 75.790130, 142.679588 75.795705, 142.673417 75.801280, 142.667241 75.806855, 142.661061 75.812430, 142.654876 75.818005, 142.648685 75.823579, 142.642491 75.829154, 142.636291 75.834728, 142.630087 75.840302, 142.623877 75.845876, 142.617663 75.851449, 142.611445 75.857023, 142.605221 75.862596, 142.598993 75.868170, 142.592759 75.873743, 142.586521 75.879316, 142.580278 75.884888, 142.574031 75.890461, 142.567778 75.896034, 142.561521 75.901606, 142.555259 75.907178, 142.548992 75.912750, 142.542720 75.918322, 142.536443 75.923893, 142.530161 75.929465, 142.523875 75.935036, 142.517583 75.940607, 142.511287 75.946178, 142.504986 75.951749, 142.498680 75.957320, 142.492369 75.962890, 142.486053 75.968461, 142.479732 75.974031, 142.473406 75.979601, 142.467075 75.985171, 142.460740 75.990740, 142.454399 75.996310, 142.448054 76.001879, 142.441703 76.007448, 142.435348 76.013017, 142.428987 76.018586, 142.422622 76.024155, 142.416252 76.029723, 142.409877 76.035292, 142.403496 76.040860, 142.397111 76.046428, 142.390721 76.051996, 142.384326 76.057563, 142.377925 76.063131, 142.371520 76.068698, 142.365110 76.074265, 142.358694 76.079833, 142.352274 76.085399, 142.345849 76.090966, 142.339418 76.096533, 142.332983 76.102099, 142.326542 76.107665, 142.320096 76.113231, 142.313646 76.118797, 142.307190 76.124363, 142.300729 76.129928, 142.294263 76.135493, 142.287792 76.141059, 142.281316 76.146624, 142.274835 76.152188, 142.268349 76.157753, 142.261857 76.163318, 142.255361 76.168882, 142.248859 76.174446, 142.242352 76.180010, 142.235840 76.185574, 142.229323 76.191137, 142.222801 76.196701, 142.216273 76.202264, 142.209741 76.207827, 142.203203 76.213390, 142.196660 76.218953, 142.190112 76.224515, 142.183559 76.230078, 142.177000 76.235640, 142.170437 76.241202, 142.163868 76.246764, 142.157294 76.252326, 142.150714 76.257887, 142.144130 76.263449, 142.137540 76.269010, 142.130945 76.274571, 142.124345 76.280132, 142.117739 76.285692, 142.111129 76.291253, 142.104512 76.296813, 142.097891 76.302373, 142.091265 76.307933, 142.084633 76.313493, 142.077996 76.319053, 142.071353 76.324612, 142.064706 76.330171, 142.058052 76.335730, 142.051394 76.341289, 142.044730 76.346848, 142.038061 76.352407, 142.031387 76.357965, 142.024707 76.363523, 142.018022 76.369081, 142.011332 76.374639, 142.004636 76.380197, 141.997935 76.385754, 141.991229 76.391312, 141.984517 76.396869, 141.977800 76.402426, 141.971077 76.407982, 141.964349 76.413539, 141.957616 76.419095, 141.950877 76.424652, 141.944133 76.430208, 141.937383 76.435763, 141.930628 76.441319, 141.923868 76.446875, 141.917102 76.452430, 141.910330 76.457985, 141.903554 76.463540, 141.896771 76.469095, 141.889984 76.474649, 141.883190 76.480204, 141.876392 76.485758, 141.869587 76.491312, 141.862778 76.496866, 141.855963 76.502419, 141.849142 76.507973, 141.842316 76.513526, 141.835484 76.519079, 141.828647 76.524632, 141.821804 76.530185, 141.814955 76.535738, 141.808102 76.541290, 141.801242 76.546842, 141.794377 76.552394, 141.787507 76.557946, 141.780631 76.563497, 141.773749 76.569049, 141.766862 76.574600, 141.759969 76.580151, 141.753070 76.585702, 141.746166 76.591253, 141.739256 76.596803, 141.732341 76.602354, 141.725420 76.607904, 141.718493 76.613454, 141.711561 76.619003, 141.704623 76.624553, 141.697680 76.630102, 141.690731 76.635652, 141.683776 76.641201, 141.676815 76.646749, 141.669849 76.652298, 141.662877 76.657846, 141.655900 76.663395, 141.648916 76.668943, 141.641927 76.674490, 141.634932 76.680038, 141.627932 76.685586, 141.620926 76.691133, 141.613914 76.696680, 141.606896 76.702227, 141.599873 76.707774, 141.592844 76.713320, 141.585809 76.718866, 141.578768 76.724412, 141.571721 76.729958, 141.564669 76.735504, 141.557611 76.741050, 141.550547 76.746595, 141.543478 76.752140, 141.536402 76.757685, 141.529321 76.763230, 141.522234 76.768774, 141.515141 76.774319, 141.508042 76.779863, 141.500937 76.785407, 141.493827 76.790951, 141.486710 76.796494, 141.479588 76.802038, 141.472460 76.807581, 141.465326 76.813124, 141.458186 76.818667, 141.451040 76.824209, 141.443888 76.829752, 141.436731 76.835294, 141.429567 76.840836, 141.422398 76.846378, 141.415222 76.851919, 141.408041 76.857461, 141.400853 76.863002, 141.393660 76.868543, 141.386461 76.874084, 141.379256 76.879624, 141.372044 76.885165, 141.364827 76.890705, 141.357604 76.896245, 141.350375 76.901785, 141.343139 76.907324, 141.335898 76.912864, 141.328651 76.918403, 141.321398 76.923942, 141.314138 76.929481, 141.306873 76.935019, 141.299602 76.940558, 141.292324 76.946096, 141.285040 76.951634, 141.277751 76.957171, 141.270455 76.962709, 141.263153 76.968246, 141.255845 76.973784, 141.248531 76.979321, 141.241211 76.984857, 141.233885 76.990394, 141.226552 76.995930, 141.219214 77.001466, 141.211869 77.007002, 141.204518 77.012538, 141.197161 77.018073, 141.189798 77.023609, 141.182429 77.029144, 141.175053 77.034679, 141.167672 77.040213, 141.160284 77.045748, 141.152890 77.051282, 141.145489 77.056816, 141.138083 77.062350, 141.130670 77.067884, 141.123251 77.073417, 141.115826 77.078950, 141.108394 77.084483, 141.100956 77.090016, 141.093512 77.095549, 141.086062 77.101081, 141.078605 77.106613, 141.071142 77.112145, 141.063673 77.117677, 141.056198 77.123209, 141.048716 77.128740, 141.041228 77.134271, 141.033733 77.139802, 141.026232 77.145333, 141.018725 77.150863, 141.011211 77.156393, 141.003691 77.161923, 140.996165 77.167453, 140.988633 77.172983, 140.981093 77.178512, 140.973548 77.184041, 140.965996 77.189570, 140.958438 77.195099, 140.950873 77.200628, 140.943302 77.206156, 140.935725 77.211684, 140.928141 77.217212, 140.920550 77.222740, 140.912953 77.228267, 140.905350 77.233794, 140.897740 77.239321, 140.890124 77.244848, 140.882501 77.250375, 140.874871 77.255901, 140.867236 77.261427, 140.859593 77.266953, 140.851944 77.272479, 140.844289 77.278004, 140.836627 77.283530, 140.828958 77.289055, 140.821283 77.294580, 140.813602 77.300104, 140.805913 77.305629, 140.798219 77.311153, 140.790517 77.316677, 140.782809 77.322200, 140.775095 77.327724, 140.767373 77.333247, 140.759646 77.338770, 140.751911 77.344293, 140.744170 77.349816, 140.736422 77.355338, 140.728668 77.360860, 140.720907 77.366382, 140.713139 77.371904, 140.705364 77.377425, 140.697583 77.382947, 140.689795 77.388468, 140.682001 77.393989, 140.674199 77.399509, 140.666391 77.405030, 140.658577 77.410550, 140.650755 77.416070, 140.642927 77.421589, 140.635092 77.427109, 140.627250 77.432628, 140.619401 77.438147, 140.611546 77.443666, 140.603684 77.449184, 140.595815 77.454703, 140.587939 77.460221, 140.580056 77.465738, 140.572167 77.471256, 140.564271 77.476773, 140.556368 77.482291, 140.548458 77.487808, 140.540541 77.493324, 140.532617 77.498841, 140.524686 77.504357, 140.516749 77.509873, 140.508804 77.515389, 140.500853 77.520904, 140.492895 77.526420, 140.484930 77.531935, 140.476958 77.537450, 140.468978 77.542964, 140.460992 77.548478, 140.452999 77.553993, 140.445000 77.559507, 140.436993 77.565020, 140.428979 77.570534, 140.420958 77.576047, 140.412930 77.581560, 140.404895 77.587072, 140.396853 77.592585, 140.388804 77.598097, 140.380748 77.603609, 140.372685 77.609121, 140.364614 77.614633, 140.356537 77.620144, 140.348453 77.625655, 140.340361 77.631166, 140.332263 77.636676, 140.324157 77.642187, 140.316044 77.647697, 140.307925 77.653207, 140.299798 77.658716, 140.291663 77.664226, 140.283522 77.669735, 140.275374 77.675244, 140.267218 77.680752, 140.259055 77.686261, 140.250885 77.691769, 140.242708 77.697277, 140.234523 77.702784, 140.226332 77.708292, 140.218133 77.713799, 140.209927 77.719306, 140.201713 77.724813, 140.193492 77.730319, 140.185265 77.735825, 140.177029 77.741331, 140.168787 77.746837, 140.160537 77.752343, 140.152280 77.757848, 140.144015 77.763353, 140.135744 77.768858, 140.127465 77.774362, 140.119178 77.779866, 140.110884 77.785370, 140.102583 77.790874, 140.094275 77.796378, 140.085959 77.801881, 140.077636 77.807384, 140.069305 77.812887, 140.060967 77.818389, 140.052621 77.823891, 140.044268 77.829393, 140.035908 77.834895, 140.027540 77.840397, 140.019165 77.845898, 140.010782 77.851399, 140.002392 77.856900, 139.993994 77.862400, 139.985589 77.867900, 139.977176 77.873400, 139.968756 77.878900, 139.960328 77.884399, 139.951892 77.889899, 139.943450 77.895398, 139.934999 77.900896, 139.926541 77.906395, 139.918075 77.911893, 139.909602 77.917391, 139.901121 77.922889, 139.892633 77.928386, 139.884137 77.933883, 139.875633 77.939380, 139.867122 77.944877, 139.858603 77.950373, 139.850076 77.955869, 139.841542 77.961365, 139.833000 77.966861, 139.824450 77.972356, 139.815893 77.977851, 139.807328 77.983346, 139.798755 77.988841, 139.790175 77.994335, 139.781586 77.999829, 139.772990 78.005323, 139.764387 78.010816, 139.755775 78.016310, 139.747156 78.021803, 139.738529 78.027295, 139.729894 78.032788, 139.721251 78.038280, 139.712600 78.043772, 139.703942 78.049264, 139.695276 78.054755, 139.686602 78.060246, 139.677920 78.065737, 139.669230 78.071228, 139.660532 78.076718, 139.651826 78.082208, 139.643113 78.087698, 139.634391 78.093187, 139.625662 78.098677, 139.616925 78.104166, 139.608179 78.109654, 139.599426 78.115143, 139.590665 78.120631, 139.581896 78.126119, 139.573119 78.131607, 139.564333 78.137094, 139.555540 78.142581, 139.546739 78.148068, 139.537930 78.153555, 139.529112 78.159041, 139.520287 78.164527, 139.511454 78.170013, 139.502612 78.175498, 139.493763 78.180983, 139.484905 78.186468, 139.476039 78.191953, 139.467165 78.197437, 139.458283 78.202922, 139.449393 78.208405, 139.440494 78.213889, 139.431588 78.219372, 139.422673 78.224855, 139.413750 78.230338, 139.404819 78.235820, 139.395880 78.241303, 139.386932 78.246784, 139.377977 78.252266, 139.369012 78.257747, 139.360040 78.263228, 139.351060 78.268709, 139.342071 78.274190, 139.333074 78.279670, 139.324068 78.285150, 139.315055 78.290630, 139.306033 78.296109, 139.297002 78.301588, 139.287964 78.307067, 139.278916 78.312545, 139.269861 78.318024, 139.260797 78.323501, 139.251725 78.328979, 139.242644 78.334457, 139.233555 78.339934, 139.224458 78.345410, 139.215352 78.350887, 139.206238 78.356363, 139.197115 78.361839, 139.187984 78.367315, 139.178844 78.372790, 139.169696 78.378265, 139.160539 78.383740, 139.151374 78.389215, 139.142200 78.394689, 139.133018 78.400163, 139.123827 78.405636, 139.114627 78.411110, 139.105419 78.416583, 139.096203 78.422056, 139.086978 78.427528, 139.077744 78.433000, 139.068501 78.438472, 139.059250 78.443944, 139.049991 78.449415, 139.040722 78.454886, 139.031445 78.460357, 139.022159 78.465827, 139.012865 78.471297, 139.003562 78.476767, 138.994250 78.482237, 138.984930 78.487706, 138.975600 78.493175, 138.966262 78.498644, 138.956915 78.504112, 138.947560 78.509580, 138.938195 78.515048, 138.928822 78.520515, 138.919440 78.525982, 138.910050 78.531449, 138.900650 78.536916, 138.891241 78.542382, 138.881824 78.547848, 138.872398 78.553314, 138.862963 78.558779, 138.853519 78.564244, 138.844066 78.569709, 138.834604 78.575173, 138.825133 78.580637, 138.815653 78.586101, 138.806165 78.591565, 138.796667 78.597028, 138.787160 78.602491, 138.777645 78.607953, 138.768120 78.613416, 138.758586 78.618878, 138.749044 78.624339, 138.739492 78.629801, 138.729931 78.635262, 138.720361 78.640723, 138.710782 78.646183, 138.701194 78.651643, 138.691597 78.657103, 138.681991 78.662563, 138.672375 78.668022, 138.662751 78.673481, 138.653117 78.678939, 138.643474 78.684398, 138.633822 78.689856, 138.624161 78.695313, 138.614490 78.700771, 138.604810 78.706228, 138.595121 78.711684, 138.585423 78.717141, 138.575716 78.722597, 138.565999 78.728053, 138.556273 78.733508, 138.546538 78.738963, 138.536793 78.744418, 138.527039 78.749873, 138.517276 78.755327, 138.507503 78.760781, 138.497721 78.766234, 138.487929 78.771687, 138.478129 78.777140, 138.468318 78.782593, 138.458499 78.788045, 138.448670 78.793497, 138.438831 78.798949, 138.428983 78.804400, 138.419126 78.809851, 138.409259 78.815302, 138.399382 78.820752, 138.389496 78.826202, 138.379601 78.831652, 138.369696 78.837101, 138.359781 78.842550, 138.349857 78.847999, 138.339923 78.853447, 138.329980 78.858895, 138.320027 78.864343, 138.310065 78.869790, 138.300093 78.875237, 138.290111 78.880684, 138.280119 78.886131, 138.270118 78.891577, 138.260107 78.897022, 138.250087 78.902468, 138.240057 78.907913, 138.230017 78.913358, 138.219967 78.918802, 138.209907 78.924246, 138.199838 78.929690, 138.189759 78.935133, 138.179670 78.940576, 138.169572 78.946019, 138.159463 78.951462, 138.149345 78.956904, 138.139217 78.962345, 138.129079 78.967787, 138.118931 78.973228, 138.108773 78.978669, 138.098605 78.984109, 138.088428 78.989549, 138.078240 78.994989, 138.068042 79.000428, 138.057835 79.005867, 138.047617 79.011306, 138.037390 79.016744, 138.027153 79.022182, 138.016905 79.027620, 138.006647 79.033057, 137.996380 79.038494, 137.986102 79.043931, 137.975815 79.049367, 137.965517 79.054803, 137.955209 79.060239, 137.944891 79.065674, 137.934562 79.071109, 137.924224 79.076544, 137.913876 79.081978, 137.903517 79.087412, 137.893148 79.092845, 137.882769 79.098278, 137.872380 79.103711, 137.861980 79.109144, 137.851570 79.114576, 137.841150 79.120008, 137.830720 79.125439, 137.820279 79.130870, 137.809828 79.136301, 137.799367 79.141731, 137.788895 79.147161, 137.778413 79.152591, 137.767921 79.158020, 137.757418 79.163449, 137.746905 79.168878, 137.736381 79.174306, 137.725847 79.179734, 137.715303 79.185161, 137.704748 79.190589, 137.694182 79.196015, 137.683606 79.201442, 137.673020 79.206868, 137.662423 79.212294, 137.651816 79.217719, 137.641198 79.223144, 137.630569 79.228569, 137.619930 79.233993, 137.609280 79.239417, 137.598620 79.244840, 137.587949 79.250264, 137.577267 79.255686, 137.566575 79.261109, 137.555872 79.266531, 137.545158 79.271953, 137.534433 79.277374, 137.523698 79.282795, 137.512952 79.288216, 137.502196 79.293636, 137.491428 79.299056, 137.480650 79.304475, 137.469861 79.309895, 137.459061 79.315313, 137.448251 79.320732, 137.437429 79.326150, 137.426597 79.331567, 137.415754 79.336985, 137.404900 79.342402, 137.394035 79.347818, 137.383159 79.353234, 137.372272 79.358650, 137.361374 79.364066, 137.350465 79.369481, 137.339545 79.374895, 137.328615 79.380310, 137.317673 79.385723, 137.306720 79.391137, 137.295756 79.396550, 137.284781 79.401963, 137.273795 79.407375, 137.262798 79.412787, 137.251789 79.418199, 137.240770 79.423610, 137.229739 79.429021, 137.218697 79.434432, 137.207644 79.439842, 137.196580 79.445251, 137.185505 79.450661, 137.174418 79.456070, 137.163320 79.461478, 137.152211 79.466886, 137.141091 79.472294, 137.129959 79.477702, 137.118816 79.483109, 137.107662 79.488515, 137.096496 79.493921, 137.085319 79.499327, 137.074130 79.504733, 137.062930 79.510138, 137.051719 79.515542, 137.040496 79.520947, 137.029262 79.526350, 137.018016 79.531754, 137.006759 79.537157, 136.995491 79.542560, 136.984211 79.547962, 136.972919 79.553364, 136.961616 79.558765, 136.950301 79.564167, 136.938974 79.569567, 136.927636 79.574968, 136.916287 79.580367, 136.904925 79.585767, 136.893552 79.591166, 136.882168 79.596565, 136.870772 79.601963, 136.859364 79.607361, 136.847944 79.612758, 136.836512 79.618155, 136.825069 79.623552, 136.813614 79.628948, 136.802147 79.634344, 136.790669 79.639740, 136.779178 79.645135, 136.767676 79.650529, 136.756162 79.655924, 136.744636 79.661318, 136.733098 79.666711, 136.721548 79.672104, 136.709986 79.677497, 136.698412 79.682889, 136.686826 79.688281, 136.675229 79.693672, 136.663619 79.699063, 136.651997 79.704453, 136.640363 79.709844, 136.628718 79.715233, 136.617060 79.720623, 136.605390 79.726011, 136.593707 79.731400, 136.582013 79.736788, 136.570307 79.742176, 136.558588 79.747563, 136.546857 79.752949, 136.535114 79.758336, 136.523359 79.763722, 136.511591 79.769107, 136.499812 79.774492, 136.488020 79.779877, 136.476215 79.785261, 136.464399 79.790645, 136.452570 79.796028, 136.440728 79.801411, 136.428875 79.806794, 136.417008 79.812176, 136.405130 79.817558, 136.393239 79.822939, 136.381336 79.828320, 136.369420 79.833700, 136.357491 79.839080, 136.345550 79.844460, 136.333597 79.849839, 136.321631 79.855218, 136.309653 79.860596, 136.297662 79.865974, 136.285658 79.871351, 136.273642 79.876728, 136.261613 79.882104, 136.249571 79.887480, 136.237517 79.892856, 136.225450 79.898231, 136.213370 79.903606, 136.201278 79.908980, 136.189173 79.914354, 136.177055 79.919727, 136.164924 79.925100, 136.152780 79.930473, 136.140624 79.935845, 136.128455 79.941217, 136.116273 79.946588, 136.104078 79.951959, 136.091870 79.957329, 136.079649 79.962699, 136.067415 79.968068, 136.055169 79.973437, 136.042909 79.978806, 136.030636 79.984174, 136.018350 79.989541, 136.006052 79.994909, 135.993740 80.000275, 135.981415 80.005641, 135.969077 80.011007, 135.956726 80.016373, 135.944361 80.021738, 135.931984 80.027102, 135.919593 80.032466, 135.907189 80.037829, 135.894772 80.043193, 135.882342 80.048555, 135.869898 80.053917, 135.857441 80.059279, 135.844971 80.064640, 135.832487 80.070001, 135.819990 80.075361, 135.807480 80.080721, 135.794956 80.086080, 135.782419 80.091439, 135.769869 80.096798, 135.757305 80.102156, 135.744727 80.107513, 135.732137 80.112870, 135.719532 80.118227, 135.706914 80.123583, 135.694283 80.128939, 135.681637 80.134294, 135.668979 80.139649, 135.656306 80.145003, 135.643620 80.150356, 135.630921 80.155710, 135.618207 80.161063, 135.605480 80.166415, 135.592740 80.171767, 135.579985 80.177118, 135.567217 80.182469, 135.554435 80.187819, 135.541639 80.193169, 135.528829 80.198519, 135.516006 80.203868, 135.503168 80.209216, 135.490317 80.214564, 135.477452 80.219912, 135.464572 80.225259, 135.451679 80.230605, 135.438772 80.235951, 135.425851 80.241297, 135.412916 80.246642, 135.399967 80.251987, 135.387003 80.257331, 135.374026 80.262674, 135.361035 80.268018, 135.348029 80.273360, 135.335009 80.278702, 135.321975 80.284044, 135.308927 80.289385, 135.295865 80.294726, 135.282788 80.300066, 135.269697 80.305406, 135.256592 80.310745, 135.243473 80.316084, 135.230339 80.321422, 135.217191 80.326760, 135.204028 80.332097, 135.190851 80.337433, 135.177660 80.342770, 135.164454 80.348105, 135.151234 80.353440, 135.137999 80.358775, 135.124749 80.364109, 135.111486 80.369443, 135.098207 80.374776, 135.084914 80.380109, 135.071607 80.385441, 135.058284 80.390773, 135.044948 80.396104, 135.031596 80.401434, 135.018230 80.406764, 135.004849 80.412094, 134.991453 80.417423, 134.978043 80.422752, 134.964617 80.428080, 134.951177 80.433407, 134.937722 80.438734, 134.924253 80.444061, 134.910768 80.449387, 134.897268 80.454712, 134.883754 80.460037, 134.870224 80.465361, 134.856680 80.470685, 134.843120 80.476009, 134.829546 80.481331, 134.815957 80.486654, 134.802352 80.491976, 134.788732 80.497297, 134.775097 80.502618, 134.761447 80.507938, 134.747782 80.513257, 134.734102 80.518577, 134.720407 80.523895, 134.706696 80.529213, 134.692970 80.534531, 134.679228 80.539848, 134.665472 80.545164, 134.651700 80.550480, 134.637912 80.555796, 134.624110 80.561111, 134.610292 80.566425, 134.596458 80.571739, 134.582609 80.577052, 134.568744 80.582365, 134.554864 80.587677, 134.540969 80.592988, 134.527058 80.598299, 134.513131 80.603610, 134.499189 80.608920, 134.485231 80.614229, 134.471257 80.619538, 134.457268 80.624847, 134.443263 80.630154, 134.429242 80.635462, 134.415206 80.640768, 134.401153 80.646075, 134.387085 80.651380, 134.373001 80.656685, 134.358902 80.661990, 134.344786 80.667294, 134.330654 80.672597, 134.316507 80.677900, 134.302344 80.683202, 134.288164 80.688504, 134.273969 80.693805, 134.259757 80.699105, 134.245530 80.704405, 134.231286 80.709705, 134.217026 80.715004, 134.202750 80.720302, 134.188458 80.725600, 134.174150 80.730897, 134.159825 80.736193, 134.145485 80.741489, 134.131128 80.746785, 134.116754 80.752080, 134.102365 80.757374, 134.087959 80.762668, 134.073536 80.767961, 134.059098 80.773254, 134.044642 80.778546, 134.030171 80.783837, 134.015683 80.789128, 134.001178 80.794418, 133.986657 80.799708, 133.972119 80.804997, 133.957565 80.810286, 133.942994 80.815574, 133.928406 80.820861, 133.913802 80.826148, 133.899181 80.831434, 133.884543 80.836720, 133.869889 80.842005, 133.855218 80.847289, 133.840530 80.852573, 133.825825 80.857856, 133.811103 80.863139, 133.796365 80.868421, 133.781609 80.873702, 133.766837 80.878983, 133.752047 80.884263, 133.737241 80.889543, 133.722417 80.894822, 133.707577 80.900101, 133.692719 80.905379, 133.677845 80.910656, 133.662953 80.915933, 133.648044 80.921209, 133.633118 80.926484, 133.618174 80.931759, 133.603214 80.937033, 133.588236 80.942307, 133.573240 80.947580, 133.558228 80.952852, 133.543198 80.958124, 133.528151 80.963395, 133.513086 80.968666, 133.498004 80.973936, 133.482904 80.979205, 133.467787 80.984474, 133.452652 80.989742, 133.437500 80.995010, 133.422330 81.000276, 133.407143 81.005543, 133.391938 81.010808, 133.376715 81.016073, 133.361474 81.021338, 133.346216 81.026602, 133.330940 81.031865, 133.315646 81.037127, 133.300335 81.042389, 133.285005 81.047650, 133.269658 81.052911, 133.254293 81.058171, 133.238910 81.063430, 133.223509 81.068689, 133.208089 81.073947, 133.192652 81.079204, 133.177197 81.084461, 133.161724 81.089717, 133.146232 81.094973, 133.130723 81.100228, 133.115195 81.105482, 133.099649 81.110736, 133.084085 81.115989, 133.068502 81.121241, 133.052901 81.126493, 133.037282 81.131744, 133.021645 81.136994, 133.005989 81.142244, 132.990315 81.147493, 132.974622 81.152741, 132.958911 81.157989, 132.943181 81.163236, 132.927433 81.168483, 132.911666 81.173728, 132.895881 81.178973, 132.880077 81.184218, 132.864254 81.189462, 132.848413 81.194705, 132.832552 81.199947, 132.816674 81.205189, 132.800776 81.210430, 132.784859 81.215671, 132.768924 81.220911, 132.752970 81.226150, 132.736997 81.231388, 132.721004 81.236626, 132.704993 81.241863, 132.688963 81.247100, 132.672914 81.252335, 132.656846 81.257571, 132.640759 81.262805, 132.624652 81.268039, 132.608527 81.273272, 132.592382 81.278504, 132.576218 81.283736, 132.560034 81.288967, 132.543832 81.294197, 132.527610 81.299427, 132.511369 81.304656, 132.495108 81.309884, 132.478828 81.315112, 132.462528 81.320339, 132.446209 81.325565, 132.429871 81.330790, 132.413512 81.336015, 132.397135 81.341239, 132.380737 81.346463, 132.364320 81.351685, 132.347884 81.356907, 132.331427 81.362129, 132.314951 81.367349, 132.298455 81.372569, 132.281939 81.377789, 132.265404 81.383007, 132.248848 81.388225, 132.232273 81.393442, 132.215677 81.398658, 132.199062 81.403874, 132.182426 81.409089, 132.165771 81.414303, 132.149095 81.419517, 132.132400 81.424729, 132.115684 81.429941, 132.098948 81.435153, 132.082192 81.440363, 132.065415 81.445573, 132.048618 81.450783, 132.031801 81.455991, 132.014964 81.461199, 131.998106 81.466406, 131.981228 81.471612, 131.964329 81.476818, 131.947409 81.482023, 131.930470 81.487227, 131.913509 81.492430, 131.896528 81.497633, 131.879527 81.502835, 131.862504 81.508036, 131.845461 81.513236, 131.828397 81.518436, 131.811313 81.523635, 131.794208 81.528833, 131.777081 81.534030, 131.759934 81.539227, 131.742766 81.544423, 131.725577 81.549618, 131.708367 81.554813, 131.691136 81.560006, 131.673884 81.565199, 131.656611 81.570391, 131.639317 81.575583, 131.622001 81.580773, 131.604665 81.585963, 131.587307 81.591153, 131.569927 81.596341, 131.552527 81.601529, 131.535105 81.606715, 131.517662 81.611902, 131.500197 81.617087, 131.482711 81.622271, 131.465203 81.627455, 131.447674 81.632638, 131.430123 81.637821, 131.412551 81.643002, 131.394957 81.648183, 131.377341 81.653363, 131.359704 81.658542, 131.342045 81.663720, 131.324364 81.668898, 131.306661 81.674074, 131.288936 81.679250, 131.271189 81.684426, 131.253421 81.689600, 131.235630 81.694774, 131.217818 81.699947, 131.199983 81.705119, 131.182126 81.710290, 131.164248 81.715460, 131.146347 81.720630, 131.128423 81.725799, 131.110478 81.730967, 131.092510 81.736134, 131.074520 81.741301, 131.056508 81.746467, 131.038473 81.751631, 131.020415 81.756795, 131.002336 81.761959, 130.984233 81.767121, 130.966109 81.772283, 130.947961 81.777444, 130.929791 81.782604, 130.911598 81.787763, 130.893383 81.792921, 130.875144 81.798079, 130.856883 81.803236, 130.838600 81.808391, 130.820293 81.813546, 130.801963 81.818701, 130.783611 81.823854, 130.765235 81.829007, 130.746836 81.834159, 130.728415 81.839310, 130.709970 81.844460, 130.691502 81.849609, 130.673011 81.854757, 130.654497 81.859905, 130.635959 81.865052, 130.617398 81.870198, 130.598814 81.875343, 130.580206 81.880487, 130.561575 81.885630, 130.542920 81.890773, 130.524242 81.895915, 130.505540 81.901055, 130.486815 81.906195, 130.468066 81.911334, 130.449294 81.916473, 130.430497 81.921610, 130.411677 81.926747, 130.392833 81.931882, 130.373966 81.937017, 130.355074 81.942151, 130.336159 81.947284, 130.317219 81.952417, 130.298256 81.957548, 130.279268 81.962678, 130.260256 81.967808, 130.241221 81.972937, 130.222161 81.978065, 130.203077 81.983192, 130.183968 81.988318, 130.164835 81.993443, 130.145678 81.998567, 130.126497 82.003691, 130.107291 82.008814, 130.088060 82.013935, 130.068805 82.019056, 130.049526 82.024176, 130.030222 82.029295, 130.010893 82.034413, 129.991540 82.039530, 129.972162 82.044647, 129.952759 82.049762, 129.933331 82.054877, 129.913878 82.059990, 129.894401 82.065103, 129.874898 82.070215, 129.855371 82.075326, 129.835818 82.080436, 129.816240 82.085545, 129.796638 82.090653, 129.777010 82.095760, 129.757357 82.100867, 129.737678 82.105972, 129.717975 82.111077, 129.698245 82.116180, 129.678491 82.121283, 129.658711 82.126385, 129.638906 82.131485, 129.619075 82.136585, 129.599218 82.141684, 129.579336 82.146782, 129.559428 82.151879, 129.539495 82.156976, 129.519536 82.162071, 129.499551 82.167165, 129.479540 82.172258, 129.459503 82.177351, 129.439440 82.182442, 129.419351 82.187533, 129.399237 82.192622, 129.379096 82.197711, 129.358929 82.202798, 129.338736 82.207885, 129.318517 82.212971, 129.298271 82.218056, 129.277999 82.223139, 129.257701 82.228222, 129.237376 82.233304, 129.217025 82.238385, 129.196647 82.243465, 129.176243 82.248544, 129.155813 82.253622, 129.135355 82.258699, 129.114871 82.263775, 129.094360 82.268850, 129.073823 82.273924, 129.053258 82.278997, 129.032667 82.284069, 129.012049 82.289140, 128.991404 82.294211, 128.970732 82.299280, 128.950032 82.304348, 128.929306 82.309415, 128.908552 82.314481, 128.887772 82.319546, 128.866964 82.324611, 128.846128 82.329674, 128.825266 82.334736, 128.804376 82.339797, 128.783458 82.344857, 128.762513 82.349916, 128.741540 82.354974, 128.720540 82.360032, 128.699512 82.365088, 128.678457 82.370143, 128.657374 82.375197, 128.636262 82.380250, 128.615124 82.385302, 128.593957 82.390353, 128.572762 82.395403, 128.551539 82.400452, 128.530288 82.405500, 128.509009 82.410547, 128.487702 82.415592, 128.466367 82.420637, 128.445003 82.425681, 128.423612 82.430724, 128.402191 82.435765, 128.380743 82.440806, 128.359266 82.445846, 128.337760 82.450884, 128.316226 82.455922, 128.294663 82.460958, 128.273072 82.465993, 128.251452 82.471028, 128.229803 82.476061, 128.208125 82.481093, 128.186419 82.486124, 128.164683 82.491154, 128.142919 82.496183, 128.121125 82.501211, 128.099303 82.506238, 128.077451 82.511264, 128.055570 82.516289, 128.033660 82.521312, 128.011721 82.526335, 127.989752 82.531356, 127.967754 82.536376, 127.945727 82.541396, 127.923670 82.546414, 127.901583 82.551431, 127.879467 82.556447, 127.857321 82.561462, 127.835146 82.566476, 127.812940 82.571488, 127.790705 82.576500, 127.768440 82.581510, 127.746145 82.586520, 127.723821 82.591528, 127.701466 82.596535, 127.679081 82.601541, 127.656666 82.606546, 127.634220 82.611550, 127.611745 82.616552, 127.589239 82.621554, 127.566702 82.626554, 127.544136 82.631553, 127.521539 82.636552, 127.498911 82.641549, 127.476253 82.646544, 127.453564 82.651539, 127.430844 82.656533, 127.408094 82.661525, 127.385313 82.666516, 127.362501 82.671507, 127.339658 82.676496, 127.316784 82.681483, 127.293879 82.686470, 127.270943 82.691456, 127.247976 82.696440, 127.224978 82.701423, 127.201948 82.706405, 127.178888 82.711386, 127.155795 82.716366, 127.132672 82.721344, 127.109517 82.726322, 127.086330 82.731298, 127.063112 82.736273, 127.039862 82.741247, 127.016580 82.746219, 126.993267 82.751191, 126.969922 82.756161, 126.946544 82.761130, 126.923135 82.766098, 126.899694 82.771065, 126.876221 82.776030, 126.852716 82.780994, 126.829179 82.785958, 126.805609 82.790919, 126.782007 82.795880, 126.758373 82.800840, 126.734706 82.805798, 126.711007 82.810755, 126.687275 82.815711, 126.663511 82.820665, 126.639714 82.825619, 126.615885 82.830571, 126.592022 82.835522, 126.568127 82.840471, 126.544199 82.845420, 126.520238 82.850367, 126.496244 82.855313, 126.472217 82.860258, 126.448157 82.865201, 126.424063 82.870143, 126.399937 82.875084, 126.375777 82.880024, 126.351583 82.884962, 126.327356 82.889900, 126.303096 82.894836, 126.278802 82.899770, 126.254475 82.904704, 126.230114 82.909636, 126.205719 82.914567, 126.181290 82.919496, 126.156828 82.924425, 126.132331 82.929352, 126.107801 82.934278, 126.083237 82.939202, 126.058638 82.944125, 126.034005 82.949047, 126.009338 82.953968, 125.984637 82.958887, 125.959901 82.963805, 125.935131 82.968722, 125.910327 82.973637, 125.885488 82.978551, 125.860614 82.983464, 125.835705 82.988376, 125.810762 82.993286, 125.785784 82.998195, 125.760772 83.003102, 125.735724 83.008009, 125.710641 83.012913, 125.685523 83.017817, 125.660370 83.022719, 125.635182 83.027620, 125.609959 83.032520, 125.584700 83.037418, 125.559406 83.042315, 125.534077 83.047211, 125.508712 83.052105, 125.483311 83.056998, 125.457875 83.061889, 125.432403 83.066779, 125.406895 83.071668, 125.381351 83.076555, 125.355772 83.081442, 125.330156 83.086326, 125.304505 83.091210, 125.278817 83.096091, 125.253094 83.100972, 125.227333 83.105851, 125.201537 83.110729, 125.175704 83.115606, 125.149835 83.120481, 125.123930 83.125354, 125.097987 83.130226, 125.072009 83.135097, 125.045993 83.139967, 125.019941 83.144835, 124.993851 83.149701, 124.967725 83.154567, 124.941562 83.159431, 124.915362 83.164293, 124.889125 83.169154, 124.862850 83.174014, 124.836539 83.178872, 124.810190 83.183728, 124.783803 83.188584, 124.757379 83.193438, 124.730918 83.198290, 124.704419 83.203141, 124.677882 83.207991, 124.651308 83.212839, 124.624695 83.217685, 124.598045 83.222531, 124.571357 83.227374, 124.544631 83.232217, 124.517867 83.237057, 124.491065 83.241897, 124.464224 83.246735, 124.437345 83.251571, 124.410428 83.256406, 124.383472 83.261239, 124.356478 83.266071, 124.329445 83.270902, 124.302374 83.275731, 124.275264 83.280559, 124.248115 83.285385, 124.220927 83.290209, 124.193700 83.295032, 124.166435 83.299854, 124.139130 83.304674, 124.111786 83.309492, 124.084403 83.314309, 124.056980 83.319125, 124.029518 83.323939, 124.002017 83.328751, 123.974476 83.333562, 123.946896 83.338372, 123.919275 83.343180, 123.891616 83.347986, 123.863916 83.352791, 123.836176 83.357594, 123.808397 83.362396, 123.780577 83.367196, 123.752718 83.371994, 123.724818 83.376791, 123.696878 83.381587, 123.668897 83.386381, 123.640876 83.391173, 123.612815 83.395964, 123.584713 83.400753, 123.556571 83.405541, 123.528387 83.410327, 123.500163 83.415112, 123.471898 83.419894, 123.443593 83.424676, 123.415246 83.429456, 123.386858 83.434234, 123.358429 83.439010, 123.329959 83.443785, 123.301447 83.448558, 123.272894 83.453330, 123.244300 83.458100, 123.215664 83.462869, 123.186986 83.467636, 123.158267 83.472401, 123.129506 83.477164, 123.100703 83.481926, 123.071858 83.486687, 123.042971 83.491445, 123.014042 83.496202, 122.985071 83.500958, 122.956058 83.505712, 122.927002 83.510464, 122.897904 83.515214, 122.868764 83.519963, 122.839580 83.524710, 122.810355 83.529456, 122.781086 83.534199, 122.751775 83.538941, 122.722421 83.543682, 122.693024 83.548421, 122.663584 83.553158, 122.634101 83.557893, 122.604575 83.562627, 122.575005 83.567359, 122.545392 83.572089, 122.515736 83.576817, 122.486036 83.581544, 122.456292 83.586269, 122.426505 83.590993, 122.396674 83.595715, 122.366800 83.600435, 122.336881 83.605153, 122.306919 83.609869, 122.276912 83.614584, 122.246861 83.619297, 122.216766 83.624009, 122.186627 83.628718, 122.156443 83.633426, 122.126215 83.638132, 122.095942 83.642836, 122.065624 83.647539, 122.035262 83.652240, 122.004855 83.656939, 121.974403 83.661636, 121.943906 83.666331, 121.913365 83.671025, 121.882778 83.675717, 121.852145 83.680407, 121.821468 83.685095, 121.790745 83.689782, 121.759976 83.694466, 121.729162 83.699149, 121.698303 83.703830, 121.667397 83.708510, 121.636446 83.713187, 121.605449 83.717863, 121.574406 83.722536, 121.543317 83.727208, 121.512181 83.731878, 121.481000 83.736547, 121.449772 83.741213, 121.418498 83.745878, 121.387177 83.750541, 121.355810 83.755201, 121.324396 83.759860, 121.292935 83.764518, 121.261428 83.769173, 121.229873 83.773826, 121.198272 83.778478, 121.166623 83.783128, 121.134927 83.787775, 121.103184 83.792421, 121.071394 83.797065, 121.039556 83.801707, 121.007671 83.806348, 120.975738 83.810986, 120.943757 83.815622, 120.911729 83.820257, 120.879652 83.824889, 120.847528 83.829520, 120.815356 83.834149, 120.783135 83.838775, 120.750866 83.843400, 120.718549 83.848023, 120.686184 83.852644, 120.653770 83.857263, 120.621307 83.861880, 120.588796 83.866495, 120.556236 83.871108, 120.523627 83.875719, 120.490969 83.880329, 120.458263 83.884936, 120.425507 83.889541, 120.392702 83.894144, 120.359847 83.898746, 120.326943 83.903345, 120.293990 83.907942, 120.260987 83.912537, 120.227934 83.917131, 120.194832 83.921722, 120.161680 83.926311, 120.128478 83.930898, 120.095226 83.935483, 120.061923 83.940067, 120.028571 83.944648, 119.995168 83.949227, 119.961715 83.953804, 119.928211 83.958379, 119.894657 83.962952, 119.861052 83.967522, 119.827397 83.972091, 119.793690 83.976658, 119.759933 83.981223, 119.726124 83.985785, 119.692264 83.990346, 119.658353 83.994904, 119.624391 83.999461, 119.590378 84.004015, 119.556313 84.008567, 119.522196 84.013117, 119.488027 84.017665, 119.453807 84.022211, 119.419535 84.026754, 119.385211 84.031296, 119.350835 84.035835, 119.316407 84.040373, 119.281926 84.044908, 119.247393 84.049441, 119.212808 84.053971, 119.178170 84.058500, 119.143479 84.063027, 119.108736 84.067551, 119.073940 84.072073, 119.039091 84.076593, 119.004189 84.081111, 118.969233 84.085627, 118.934225 84.090140, 118.899163 84.094652, 118.864048 84.099161, 118.828879 84.103668, 118.793657 84.108172, 118.758381 84.112675, 118.723051 84.117175, 118.687668 84.121673, 118.652230 84.126169, 118.616739 84.130662, 118.581193 84.135154, 118.545592 84.139643, 118.509938 84.144129, 118.474229 84.148614, 118.438465 84.153096, 118.402647 84.157576, 118.366774 84.162054, 118.330846 84.166530, 118.294863 84.171003, 118.258825 84.175474, 118.222732 84.179942, 118.186584 84.184409, 118.150380 84.188873, 118.114121 84.193334, 118.077806 84.197794, 118.041436 84.202251, 118.005010 84.206706, 117.968528 84.211158, 117.931990 84.215608, 117.895396 84.220056, 117.858746 84.224501, 117.822039 84.228944, 117.785276 84.233385, 117.748457 84.237824, 117.711581 84.242259, 117.674649 84.246693, 117.637660 84.251124, 117.600614 84.255553, 117.563511 84.259980, 117.526351 84.264404, 117.489133 84.268825, 117.451859 84.273245, 117.414527 84.277661, 117.377138 84.282076, 117.339691 84.286488, 117.302186 84.290897, 117.264624 84.295305, 117.227003 84.299709, 117.189325 84.304112, 117.151589 84.308511, 117.113794 84.312909, 117.075942 84.317304, 117.038031 84.321696, 117.000061 84.326086, 116.962033 84.330473, 116.923946 84.334858, 116.885800 84.339241, 116.847595 84.343621, 116.809332 84.347998, 116.771009 84.352373, 116.732627 84.356746, 116.694186 84.361116, 116.655685 84.365483, 116.617125 84.369848, 116.578505 84.374210, 116.539826 84.378570, 116.501086 84.382927, 116.462287 84.387282, 116.423428 84.391634, 116.384508 84.395984, 116.345528 84.400331, 116.306488 84.404675, 116.267388 84.409017, 116.228227 84.413356, 116.189005 84.417693, 116.149722 84.422027, 116.110379 84.426359, 116.070974 84.430687, 116.031509 84.435014, 115.991982 84.439337, 115.952394 84.443658, 115.912745 84.447976, 115.873034 84.452292, 115.833261 84.456605, 115.793427 84.460915, 115.753531 84.465223, 115.713573 84.469528, 115.673553 84.473830, 115.633470 84.478130, 115.593326 84.482427, 115.553119 84.486721, 115.512850 84.491013, 115.472518 84.495302, 115.432123 84.499588, 115.391666 84.503871, 115.351145 84.508152, 115.310562 84.512430, 115.269916 84.516705, 115.229206 84.520977, 115.188433 84.525247, 115.147597 84.529514, 115.106697 84.533778, 115.065733 84.538040, 115.024706 84.542298, 114.983615 84.546554, 114.942460 84.550807, 114.901240 84.555057, 114.859957 84.559305, 114.818609 84.563550, 114.777197 84.567791, 114.735720 84.572030, 114.694179 84.576267, 114.652573 84.580500, 114.610902 84.584730, 114.569167 84.588958, 114.527366 84.593183, 114.485500 84.597405, 114.443569 84.601624, 114.401572 84.605840, 114.359510 84.610053, 114.317382 84.614263, 114.275189 84.618471, 114.232930 84.622675, 114.190605 84.626877, 114.148214 84.631076, 114.105756 84.635272, 114.063233 84.639464, 114.020643 84.643654, 113.977987 84.647841, 113.935264 84.652025, 113.892474 84.656207, 113.849618 84.660385, 113.806694 84.664560, 113.763704 84.668732, 113.720647 84.672901, 113.677522 84.677067, 113.634330 84.681230, 113.591071 84.685391, 113.547744 84.689548, 113.504349 84.693702, 113.460887 84.697853, 113.417356 84.702001, 113.373758 84.706146, 113.330091 84.710288, 113.286357 84.714427, 113.242554 84.718563, 113.198682 84.722695, 113.154742 84.726825, 113.110734 84.730951, 113.066656 84.735075, 113.022510 84.739195, 112.978295 84.743313, 112.934011 84.747427, 112.889657 84.751538, 112.845234 84.755646, 112.800742 84.759750, 112.756180 84.763852, 112.711549 84.767950, 112.666847 84.772046, 112.622076 84.776138, 112.577235 84.780227, 112.532324 84.784313, 112.487343 84.788395, 112.442291 84.792474, 112.397169 84.796551, 112.351976 84.800624, 112.306713 84.804693, 112.261379 84.808760, 112.215974 84.812823, 112.170499 84.816883, 112.124952 84.820940, 112.079334 84.824993, 112.033644 84.829043, 111.987883 84.833090, 111.942051 84.837134, 111.896147 84.841174, 111.850172 84.845211, 111.804124 84.849245, 111.758005 84.853276, 111.711813 84.857303, 111.665549 84.861327, 111.619213 84.865347, 111.572805 84.869364, 111.526324 84.873378, 111.479771 84.877388, 111.433145 84.881395, 111.386446 84.885399, 111.339674 84.889399, 111.292828 84.893396, 111.245910 84.897390, 111.198919 84.901380, 111.151854 84.905366, 111.104716 84.909350, 111.057504 84.913330, 111.010218 84.917306, 110.962859 84.921279, 110.915425 84.925248, 110.867918 84.929214, 110.820336 84.933177, 110.772680 84.937136, 110.724950 84.941091, 110.677145 84.945043, 110.629266 84.948992, 110.581312 84.952937, 110.533284 84.956878, 110.485180 84.960816, 110.437001 84.964751, 110.388748 84.968682, 110.340419 84.972609, 110.292014 84.976533, 110.243534 84.980453, 110.194979 84.984370, 110.146348 84.988283, 110.097641 84.992192, 110.048859 84.996098, 110.000000 85.000000, 109.944526 85.003164, 109.888981 85.006323, 109.833367 85.009478, 109.777683 85.012628, 109.721928 85.015773, 109.666103 85.018914, 109.610208 85.022050, 109.554243 85.025181, 109.498207 85.028308, 109.442101 85.031429, 109.385925 85.034546, 109.329679 85.037658, 109.273362 85.040766, 109.216974 85.043869, 109.160517 85.046966, 109.103989 85.050060, 109.047390 85.053148, 108.990721 85.056231, 108.933981 85.059310, 108.877171 85.062384, 108.820291 85.065453, 108.763339 85.068517, 108.706318 85.071576, 108.649225 85.074631, 108.592062 85.077680, 108.534829 85.080725, 108.477524 85.083765, 108.420149 85.086800, 108.362704 85.089830, 108.305187 85.092855, 108.247600 85.095875, 108.189942 85.098890, 108.132214 85.101901, 108.074414 85.104906, 108.016544 85.107906, 107.958603 85.110902, 107.900591 85.113892, 107.842509 85.116877, 107.784355 85.119858, 107.726131 85.122833, 107.667836 85.125804, 107.609470 85.128769, 107.551033 85.131729, 107.492525 85.134684, 107.433947 85.137635, 107.375297 85.140580, 107.316577 85.143520, 107.257785 85.146455, 107.198923 85.149385, 107.139990 85.152310, 107.080986 85.155229, 107.021911 85.158144, 106.962765 85.161053, 106.903548 85.163958, 106.844260 85.166857, 106.784901 85.169751, 106.725472 85.172640, 106.665971 85.175523, 106.606399 85.178402, 106.546757 85.181275, 106.487043 85.184143, 106.427259 85.187006, 106.367404 85.189864, 106.307477 85.192716, 106.247480 85.195563, 106.187412 85.198405, 106.127273 85.201242, 106.067063 85.204073, 106.006782 85.206899, 105.946431 85.209720, 105.886008 85.212536, 105.825515 85.215346, 105.764950 85.218151, 105.704315 85.220950, 105.643609 85.223745, 105.582832 85.226534, 105.521984 85.229317, 105.461066 85.232095, 105.400076 85.234868, 105.339016 85.237636, 105.277885 85.240398, 105.216684 85.243154, 105.155411 85.245905, 105.094068 85.248651, 105.032654 85.251392, 104.971170 85.254127, 104.909615 85.256856, 104.847989 85.259580, 104.786292 85.262299, 104.724525 85.265012, 104.662687 85.267720, 104.600779 85.270422, 104.538800 85.273118, 104.476751 85.275810, 104.414631 85.278495, 104.352441 85.281175, 104.290180 85.283850, 104.227849 85.286519, 104.165447 85.289182, 104.102975 85.291840, 104.040433 85.294492, 103.977820 85.297139, 103.915138 85.299780, 103.852384 85.302416, 103.789561 85.305045, 103.726667 85.307670, 103.663704 85.310288, 103.600670 85.312901, 103.537566 85.315509, 103.474392 85.318110, 103.411148 85.320706, 103.347834 85.323296, 103.284450 85.325881, 103.220996 85.328460, 103.157473 85.331033, 103.093879 85.333601, 103.030216 85.336162, 102.966483 85.338718, 102.902680 85.341269, 102.838808 85.343813, 102.774866 85.346352, 102.710854 85.348885, 102.646773 85.351412, 102.582623 85.353933, 102.518403 85.356449, 102.454113 85.358959, 102.389755 85.361463, 102.325327 85.363961, 102.260829 85.366453, 102.196263 85.368939, 102.131627 85.371420, 102.066923 85.373894, 102.002149 85.376363, 101.937306 85.378826, 101.872395 85.381283, 101.807414 85.383734, 101.742365 85.386179, 101.677247 85.388619, 101.612060 85.391052, 101.546805 85.393479, 101.481481 85.395901, 101.416089 85.398316, 101.350628 85.400726, 101.285099 85.403129, 101.219501 85.405527, 101.153835 85.407918, 101.088101 85.410303, 101.022299 85.412683, 100.956429 85.415056, 100.890491 85.417424, 100.824484 85.419785, 100.758410 85.422140, 100.692268 85.424489, 100.626059 85.426833, 100.559782 85.429170, 100.493437 85.431501, 100.427025 85.433825, 100.360545 85.436144, 100.293998 85.438457, 100.227384 85.440763, 100.160702 85.443063, 100.093953 85.445358, 100.027138 85.447646, 99.960255 85.449927, 99.893305 85.452203, 99.826289 85.454473, 99.759206 85.456736, 99.692056 85.458993, 99.624840 85.461244, 99.557557 85.463488, 99.490208 85.465727, 99.422793 85.467959, 99.355311 85.470185, 99.287763 85.472404, 99.220150 85.474618, 99.152470 85.476825, 99.084724 85.479025, 99.016913 85.481220, 98.949036 85.483408, 98.881093 85.485590, 98.813085 85.487765, 98.745012 85.489935, 98.676873 85.492097, 98.608669 85.494254, 98.540401 85.496404, 98.472067 85.498548, 98.403668 85.500685, 98.335204 85.502816, 98.266676 85.504941, 98.198083 85.507059, 98.129426 85.509170, 98.060704 85.511276, 97.991918 85.513375, 97.923068 85.515467, 97.854154 85.517553, 97.785176 85.519632, 97.716134 85.521705, 97.647028 85.523772, 97.577859 85.525832, 97.508626 85.527886, 97.439330 85.529933, 97.369970 85.531973, 97.300548 85.534007, 97.231062 85.536035, 97.161514 85.538056, 97.091902 85.540070, 97.022228 85.542078, 96.952492 85.544079, 96.882693 85.546074, 96.812831 85.548062, 96.742908 85.550043, 96.672922 85.552018, 96.602875 85.553986, 96.532765 85.555948, 96.462594 85.557903, 96.392362 85.559851, 96.322068 85.561793, 96.251712 85.563728, 96.181296 85.565656, 96.110818 85.567578, 96.040280 85.569493, 95.969681 85.571401, 95.899021 85.573303, 95.828300 85.575198, 95.757520 85.577086, 95.686679 85.578967, 95.615778 85.580842, 95.544817 85.582710, 95.473796 85.584571, 95.402715 85.586425, 95.331575 85.588273, 95.260376 85.590114, 95.189117 85.591948, 95.117799 85.593775, 95.046423 85.595596, 94.974987 85.597410, 94.903493 85.599216, 94.831940 85.601016, 94.760329 85.602810, 94.688660 85.604596, 94.616933 85.606375, 94.545147 85.608148, 94.473305 85.609914, 94.401404 85.611673, 94.329446 85.613425, 94.257431 85.615170, 94.185358 85.616908, 94.113229 85.618639, 94.041043 85.620364, 93.968800 85.622081, 93.896501 85.623791, 93.824145 85.625495, 93.751734 85.627191, 93.679266 85.628881, 93.606743 85.630564, 93.534163 85.632239, 93.461529 85.633908, 93.388839 85.635570, 93.316094 85.637224, 93.243294 85.638872, 93.170439 85.640513, 93.097529 85.642146, 93.024565 85.643773, 92.951547 85.645392, 92.878475 85.647005, 92.805348 85.648610, 92.732168 85.650209, 92.658935 85.651800, 92.585648 85.653384, 92.512307 85.654961, 92.438914 85.656531, 92.365468 85.658094, 92.291969 85.659650, 92.218418 85.661199, 92.144814 85.662740, 92.071158 85.664275, 91.997451 85.665802, 91.923691 85.667322, 91.849880 85.668835, 91.776018 85.670341, 91.702104 85.671839, 91.628140 85.673331, 91.554125 85.674815, 91.480059 85.676292, 91.405942 85.677762, 91.331776 85.679225, 91.257559 85.680680, 91.183293 85.682128, 91.108977 85.683569, 91.034612 85.685003, 90.960197 85.686430, 90.885734 85.687849, 90.811221 85.689261, 90.736660 85.690666, 90.662051 85.692063, 90.587393 85.693453, 90.512688 85.694836, 90.437934 85.696212, 90.363133 85.697580, 90.288285 85.698941, 90.213389 85.700294, 90.138447 85.701641, 90.063458 85.702980, 89.988422 85.704311, 89.913340 85.705636, 89.838211 85.706953, 89.763037 85.708262, 89.687818 85.709564, 89.612552 85.710859, 89.537242 85.712147, 89.461886 85.713427, 89.386486 85.714700, 89.311041 85.715965, 89.235552 85.717223, 89.160019 85.718473, 89.084441 85.719716, 89.008820 85.720952, 88.933156 85.722180, 88.857448 85.723401, 88.781697 85.724614, 88.705904 85.725820, 88.630068 85.727019, 88.554189 85.728210, 88.478268 85.729393, 88.402306 85.730569, 88.326302 85.731738, 88.250256 85.732899, 88.174170 85.734052, 88.098042 85.735198, 88.021874 85.736337, 87.945665 85.737468, 87.869416 85.738591, 87.793127 85.739707, 87.716798 85.740816, 87.640429 85.741917, 87.564022 85.743010, 87.487575 85.744096, 87.411089 85.745174, 87.334565 85.746245, 87.258003 85.747308, 87.181402 85.748364, 87.104764 85.749412, 87.028088 85.750452, 86.951374 85.751485, 86.874624 85.752511, 86.797837 85.753528, 86.721013 85.754538, 86.644152 85.755541, 86.567256 85.756536, 86.490324 85.757523, 86.413356 85.758503, 86.336353 85.759475, 86.259314 85.760439, 86.182241 85.761396, 86.105134 85.762345, 86.027991 85.763286, 85.950815 85.764220, 85.873605 85.765146, 85.796362 85.766064, 85.719085 85.766975, 85.641775 85.767878, 85.564432 85.768774, 85.487057 85.769661, 85.409649 85.770541, 85.332209 85.771414, 85.254738 85.772278, 85.177235 85.773135, 85.099701 85.773984, 85.022136 85.774826, 84.944540 85.775660, 84.866914 85.776486, 84.789258 85.777304, 84.711571 85.778115, 84.633855 85.778918, 84.556110 85.779713, 84.478336 85.780500, 84.400532 85.781280, 84.322700 85.782052, 84.244840 85.782816, 84.166952 85.783572, 84.089036 85.784321, 84.011093 85.785061, 83.933122 85.785795, 83.855125 85.786520, 83.777100 85.787237, 83.699050 85.787947, 83.620973 85.788649, 83.542871 85.789343, 83.464743 85.790029, 83.386589 85.790708, 83.308411 85.791379, 83.230208 85.792041, 83.151980 85.792696, 83.073728 85.793344, 82.995453 85.793983, 82.917153 85.794615, 82.838831 85.795239, 82.760485 85.795855, 82.682117 85.796463, 82.603726 85.797063, 82.525312 85.797655, 82.446877 85.798240, 82.368421 85.798817, 82.289943 85.799386, 82.211443 85.799947, 82.132924 85.800500, 82.054383 85.801045, 81.975822 85.801583, 81.897242 85.802112, 81.818642 85.802634, 81.740022 85.803148, 81.661383 85.803654, 81.582726 85.804152, 81.504050 85.804642, 81.425356 85.805124, 81.346644 85.805599, 81.267914 85.806065, 81.189167 85.806524, 81.110403 85.806975, 81.031622 85.807418, 80.952825 85.807853, 80.874011 85.808280, 80.795182 85.808699, 80.716337 85.809110, 80.637476 85.809514, 80.558601 85.809909, 80.479711 85.810297, 80.400807 85.810676, 80.321888 85.811048, 80.242956 85.811412, 80.164010 85.811767, 80.085051 85.812115, 80.006079 85.812455, 79.927094 85.812787, 79.848097 85.813112, 79.769088 85.813428, 79.690067 85.813736, 79.611034 85.814036, 79.531991 85.814329, 79.452936 85.814613, 79.373871 85.814890, 79.294796 85.815158, 79.215710 85.815419, 79.136615 85.815672, 79.057511 85.815916, 78.978398 85.816153, 78.899275 85.816382, 78.820145 85.816603, 78.741006 85.816816, 78.661859 85.817021, 78.582704 85.817218, 78.503543 85.817407, 78.424374 85.817588, 78.345199 85.817761, 78.266017 85.817926, 78.186829 85.818084, 78.107635 85.818233, 78.028436 85.818374, 77.949232 85.818508, 77.870022 85.818633, 77.790809 85.818751, 77.711590 85.818860, 77.632368 85.818961, 77.553142 85.819055, 77.473913 85.819141, 77.394681 85.819218, 77.315446 85.819288, 77.236208 85.819350, 77.156969 85.819403, 77.077727 85.819449, 76.998484 85.819487, 76.919239 85.819517, 76.839994 85.819538, 76.760748 85.819552, 76.681501 85.819558, 76.602254 85.819556, 76.523008 85.819546, 76.443762 85.819528, 76.364517 85.819502, 76.285273 85.819468, 76.206031 85.819426, 76.126790 85.819376, 76.047552 85.819318, 75.968315 85.819253, 75.889082 85.819179, 75.809851 85.819097, 75.730623 85.819007, 75.651399 85.818910, 75.572179 85.818804, 75.492963 85.818690, 75.413752 85.818569, 75.334545 85.818439, 75.255343 85.818302, 75.176147 85.818156, 75.096956 85.818003, 75.017772 85.817841, 74.938593 85.817672, 74.859421 85.817495, 74.780256 85.817310, 74.701098 85.817116, 74.621948 85.816915, 74.542805 85.816706, 74.463670 85.816489, 74.384544 85.816264, 74.305426 85.816031, 74.226317 85.815790, 74.147218 85.815541, 74.068128 85.815284, 73.989048 85.815020, 73.909978 85.814747, 73.830918 85.814466, 73.751869 85.814178, 73.672831 85.813881, 73.593805 85.813577, 73.514790 85.813264, 73.435787 85.812944, 73.356796 85.812616, 73.277818 85.812279, 73.198853 85.811935, 73.119900 85.811583, 73.040962 85.811223, 72.962036 85.810855, 72.883125 85.810480, 72.804228 85.810096, 72.725346 85.809704, 72.646478 85.809305, 72.567626 85.808897, 72.488789 85.808482, 72.409968 85.808058, 72.331163 85.807627, 72.252374 85.807188, 72.173602 85.806741, 72.094847 85.806286, 72.016108 85.805824, 71.937388 85.805353, 71.858685 85.804874, 71.780000 85.804388, 71.701334 85.803894, 71.622686 85.803391, 71.544057 85.802881, 71.465448 85.802363, 71.386858 85.801838, 71.308288 85.801304, 71.229737 85.800762, 71.151208 85.800213, 71.072698 85.799656, 70.994210 85.799090, 70.915743 85.798517, 70.837298 85.797937, 70.758874 85.797348, 70.680473 85.796751, 70.602093 85.796147, 70.523737 85.795535, 70.445403 85.794915, 70.367092 85.794287, 70.288805 85.793651, 70.210542 85.793008, 70.132303 85.792356, 70.054088 85.791697, 69.975898 85.791030, 69.897732 85.790356, 69.819592 85.789673, 69.741477 85.788983, 69.663388 85.788284, 69.585325 85.787578, 69.507288 85.786865, 69.429278 85.786143, 69.351294 85.785414, 69.273338 85.784677, 69.195409 85.783932, 69.117507 85.783179, 69.039633 85.782419, 68.961788 85.781651, 68.883971 85.780875, 68.806183 85.780091, 68.728423 85.779300, 68.650693 85.778501, 68.572993 85.777694, 68.495322 85.776879, 68.417681 85.776057, 68.340071 85.775227, 68.262491 85.774389, 68.184942 85.773543, 68.107424 85.772690, 68.029938 85.771829, 67.952483 85.770960, 67.875060 85.770084, 67.797669 85.769200, 67.720311 85.768308, 67.642985 85.767409, 67.565692 85.766502, 67.488432 85.765587, 67.411206 85.764665, 67.334014 85.763735, 67.256855 85.762797, 67.179731 85.761852, 67.102641 85.760898, 67.025586 85.759938, 66.948566 85.758969, 66.871581 85.757994, 66.794632 85.757010, 66.717718 85.756019, 66.640841 85.755020, 66.563999 85.754014, 66.487195 85.752999, 66.410426 85.751978, 66.333695 85.750949, 66.257001 85.749912, 66.180345 85.748867, 66.103726 85.747815, 66.027145 85.746756, 65.950603 85.745689, 65.874099 85.744614, 65.797633 85.743532, 65.721207 85.742442, 65.644820 85.741345, 65.568472 85.740240, 65.492164 85.739127, 65.415895 85.738008, 65.339667 85.736880, 65.263479 85.735745, 65.187332 85.734603, 65.111226 85.733453, 65.035160 85.732295, 64.959136 85.731130, 64.883154 85.729958, 64.807213 85.728778, 64.731315 85.727591, 64.655458 85.726396, 64.579644 85.725193, 64.503873 85.723984, 64.428144 85.722766, 64.352459 85.721542, 64.276817 85.720310, 64.201219 85.719070, 64.125664 85.717823, 64.050154 85.716569, 63.974688 85.715307, 63.899266 85.714038, 63.823889 85.712761, 63.748557 85.711477, 63.673270 85.710186, 63.598028 85.708887, 63.522832 85.707581, 63.447682 85.706268, 63.372578 85.704947, 63.297520 85.703619, 63.222508 85.702284, 63.147544 85.700941, 63.072625 85.699591, 62.997754 85.698233, 62.922931 85.696868, 62.848154 85.695496, 62.773426 85.694117, 62.698745 85.692730, 62.624113 85.691336, 62.549528 85.689935, 62.474993 85.688527, 62.400506 85.687111, 62.326068 85.685688, 62.251679 85.684258, 62.177339 85.682820, 62.103049 85.681375, 62.028808 85.679923, 61.954618 85.678464, 61.880478 85.676998, 61.806387 85.675524, 61.732348 85.674043, 61.658359 85.672555, 61.584421 85.671060, 61.510534 85.669558, 61.436699 85.668048, 61.362914 85.666532, 61.289182 85.665008, 61.215501 85.663477, 61.141873 85.661939, 61.068296 85.660393, 60.994772 85.658841, 60.921301 85.657281, 60.847882 85.655715, 60.774516 85.654141, 60.701204 85.652560, 60.627944 85.650972, 60.554739 85.649377, 60.481587 85.647775, 60.408488 85.646166, 60.335444 85.644550, 60.262454 85.642927, 60.189518 85.641297, 60.116637 85.639659, 60.043811 85.638015, 59.971039 85.636364, 59.898323 85.634706, 59.825662 85.633040, 59.753056 85.631368, 59.680506 85.629689, 59.608011 85.628002, 59.535573 85.626309, 59.463190 85.624609, 59.390864 85.622902, 59.318594 85.621188, 59.246381 85.619467, 59.174224 85.617739, 59.102125 85.616004, 59.030082 85.614262, 58.958097 85.612513, 58.886169 85.610758, 58.814298 85.608995, 58.742485 85.607226, 58.670730 85.605450, 58.599033 85.603667, 58.527394 85.601877, 58.455813 85.600080, 58.384291 85.598277, 58.312827 85.596466, 58.241422 85.594649, 58.170076 85.592825, 58.098789 85.590994, 58.027562 85.589157, 57.956393 85.587312, 57.885284 85.585461, 57.814234 85.583603, 57.743245 85.581738, 57.672315 85.579867, 57.601445 85.577989, 57.530635 85.576104, 57.459886 85.574212, 57.389197 85.572314, 57.318569 85.570409, 57.248001 85.568497, 57.177495 85.566578, 57.107049 85.564653, 57.036664 85.562721, 56.966341 85.560783, 56.896079 85.558838, 56.825878 85.556886, 56.755739 85.554927, 56.685662 85.552962, 56.615647 85.550991, 56.545693 85.549012, 56.475802 85.547027, 56.405973 85.545036, 56.336207 85.543038, 56.266503 85.541033, 56.196861 85.539022, 56.127283 85.537004, 56.057767 85.534980, 55.988314 85.532949, 55.918924 85.530912, 55.849598 85.528868, 55.780335 85.526817, 55.711135 85.524760, 55.641999 85.522697, 55.572926 85.520627, 55.503918 85.518551, 55.434973 85.516468, 55.366092 85.514379, 55.297275 85.512283, 55.228523 85.510181, 55.159834 85.508072, 55.091211 85.505957, 55.022651 85.503835, 54.954157 85.501707, 54.885727 85.499573, 54.817362 85.497433, 54.749062 85.495285, 54.680827 85.493132, 54.612657 85.490972, 54.544552 85.488806, 54.476512 85.486634, 54.408539 85.484455, 54.340630 85.482270, 54.272787 85.480078, 54.205010 85.477881, 54.137299 85.475677, 54.069654 85.473466, 54.002074 85.471250, 53.934561 85.469027, 53.867114 85.466798, 53.799733 85.464562, 53.732418 85.462321, 53.665170 85.460073, 53.597988 85.457819, 53.530873 85.455558, 53.463825 85.453292, 53.396843 85.451019, 53.329929 85.448740, 53.263081 85.446455, 53.196300 85.444164, 53.129586 85.441867, 53.062940 85.439563, 52.996360 85.437254, 52.929848 85.434938, 52.863404 85.432616, 52.797027 85.430288, 52.730717 85.427954, 52.664475 85.425614, 52.598301 85.423267, 52.532194 85.420915, 52.466155 85.418557, 52.400185 85.416192, 52.334282 85.413822, 52.268447 85.411445, 52.202680 85.409062, 52.136982 85.406674, 52.071351 85.404279, 52.005789 85.401879, 51.940296 85.399472, 51.874870 85.397059, 51.809514 85.394641, 51.744225 85.392216, 51.679006 85.389786, 51.613855 85.387350, 51.548773 85.384907, 51.483759 85.382459, 51.418815 85.380005, 51.353939 85.377545, 51.289132 85.375079, 51.224394 85.372607, 51.159726 85.370129, 51.095126 85.367646, 51.030596 85.365156, 50.966135 85.362661, 50.901743 85.360160, 50.837420 85.357653, 50.773167 85.355140, 50.708983 85.352621, 50.644868 85.350097, 50.580824 85.347567, 50.516848 85.345031, 50.452942 85.342489, 50.389106 85.339942, 50.325340 85.337388, 50.261643 85.334829, 50.198016 85.332265, 50.134459 85.329694, 50.070972 85.327118, 50.007554 85.324536, 49.944207 85.321949, 49.880929 85.319355, 49.817722 85.316757, 49.754584 85.314152, 49.691517 85.311542, 49.628520 85.308926, 49.565592 85.306304, 49.502735 85.303677, 49.439949 85.301044, 49.377232 85.298406, 49.314586 85.295762, 49.252010 85.293112, 49.189504 85.290457, 49.127069 85.287796, 49.064704 85.285130, 49.002409 85.282458, 48.940185 85.279781, 48.878031 85.277098, 48.815948 85.274409, 48.753936 85.271715, 48.691994 85.269016, 48.630122 85.266311, 48.568321 85.263600, 48.506591 85.260884, 48.444931 85.258163, 48.383342 85.255436, 48.321823 85.252704, 48.260376 85.249966, 48.198999 85.247223, 48.137692 85.244474, 48.076457 85.241720, 48.015292 85.238960, 47.954198 85.236196, 47.893175 85.233425, 47.832222 85.230650, 47.771340 85.227869, 47.710530 85.225082, 47.649790 85.222291, 47.589120 85.219494, 47.528522 85.216691, 47.467995 85.213884, 47.407538 85.211071, 47.347152 85.208252, 47.286837 85.205429, 47.226594 85.202600, 47.166421 85.199766, 47.106318 85.196926, 47.046287 85.194082, 46.986327 85.191232, 46.926438 85.188377, 46.866619 85.185516, 46.806872 85.182651, 46.747195 85.179780, 46.687590 85.176904, 46.628055 85.174023, 46.568591 85.171136, 46.509199 85.168245, 46.449877 85.165348, 46.390626 85.162446, 46.331446 85.159539, 46.272337 85.156627, 46.213299 85.153710, 46.154332 85.150788, 46.095435 85.147860, 46.036610 85.144928, 45.977856 85.141990, 45.919172 85.139047, 45.860559 85.136099, 45.802018 85.133147, 45.743547 85.130189, 45.685147 85.127226, 45.626818 85.124258, 45.568560 85.121285, 45.510372 85.118307, 45.452256 85.115324, 45.394210 85.112336, 45.336235 85.109343, 45.278331 85.106345, 45.220497 85.103342, 45.162735 85.100334, 45.105043 85.097321, 45.047422 85.094303, 44.989872 85.091281, 44.932392 85.088253, 44.874983 85.085220, 44.817645 85.082183, 44.760378 85.079141, 44.703181 85.076093, 44.646054 85.073041, 44.588999 85.069984, 44.532014 85.066923, 44.475099 85.063856, 44.418255 85.060784, 44.361482 85.057708, 44.304779 85.054627, 44.248147 85.051541, 44.191585 85.048450, 44.135094 85.045354, 44.078672 85.042254, 44.022322 85.039149, 43.966042 85.036039, 43.909832 85.032924, 43.853692 85.029805, 43.797623 85.026681, 43.741624 85.023552, 43.685695 85.020418, 43.629837 85.017280, 43.574048 85.014137, 43.518330 85.010989, 43.462682 85.007836, 43.407104 85.004679, 43.351596 85.001517, 43.296159 84.998351, 43.240791 84.995180, 43.185493 84.992004, 43.130265 84.988824, 43.075108 84.985639, 43.020020 84.982449, 42.965002 84.979255, 42.910053 84.976056, 42.855175 84.972853, 42.800366 84.969645, 42.745627 84.966432, 42.690958 84.963215, 42.636358 84.959993, 42.581828 84.956767, 42.527368 84.953536, 42.472977 84.950301, 42.418656 84.947061, 42.364404 84.943817, 42.310222 84.940568, 42.256109 84.937314, 42.202065 84.934056, 42.148091 84.930794, 42.094186 84.927527, 42.040350 84.924256, 41.986583 84.920980, 41.932886 84.917700, 41.879258 84.914416, 41.825699 84.911127, 41.772209 84.907833, 41.718788 84.904535, 41.665436 84.901233, 41.612152 84.897926, 41.558938 84.894615, 41.505793 84.891300, 41.452716 84.887980, 41.399708 84.884656, 41.346769 84.881328, 41.293899 84.877995, 41.241097 84.874658, 41.188363 84.871316, 41.135699 84.867971, 41.083102 84.864620, 41.030574 84.861266, 40.978115 84.857907, 40.925724 84.854544, 40.873401 84.851177, 40.821146 84.847806, 40.768960 84.844430, 40.716842 84.841050, 40.664792 84.837666, 40.612810 84.834277, 40.560896 84.830885, 40.509050 84.827488, 40.457271 84.824087, 40.405561 84.820681, 40.353919 84.817272, 40.302344 84.813858, 40.250837 84.810440, 40.199397 84.807018, 40.148026 84.803592, 40.096721 84.800162, 40.045485 84.796727, 39.994315 84.793289, 39.943214 84.789846, 39.892179 84.786399, 39.841212 84.782948, 39.790312 84.779493, 39.739479 84.776034, 39.688713 84.772571, 39.638015 84.769103, 39.587383 84.765632, 39.536818 84.762156, 39.486321 84.758677, 39.435890 84.755193, 39.385526 84.751706, 39.335228 84.748214, 39.284998 84.744719, 39.234834 84.741219, 39.184736 84.737715, 39.134705 84.734208, 39.084741 84.730696, 39.034843 84.727181, 38.985011 84.723661, 38.935246 84.720138, 38.885546 84.716610, 38.835913 84.713079, 38.786346 84.709543, 38.736845 84.706004, 38.687411 84.702461, 38.638042 84.698914, 38.588739 84.695363, 38.539501 84.691808, 38.490330 84.688249, 38.441224 84.684686, 38.392184 84.681120, 38.343209 84.677549, 38.294300 84.673975, 38.245456 84.670397, 38.196678 84.666815, 38.147965 84.663229, 38.099317 84.659639, 38.050735 84.656045, 38.002217 84.652448, 37.953765 84.648847, 37.905378 84.645242, 37.857056 84.641633, 37.808798 84.638021, 37.760606 84.634404, 37.712478 84.630784, 37.664415 84.627161, 37.616416 84.623533, 37.568482 84.619902, 37.520613 84.616267, 37.472808 84.612628, 37.425067 84.608985, 37.377391 84.605339, 37.329779 84.601689, 37.282231 84.598036, 37.234747 84.594378, 37.187327 84.590717, 37.139972 84.587052, 37.092680 84.583384, 37.045452 84.579712, 36.998288 84.576036, 36.951187 84.572357, 36.904151 84.568674, 36.857177 84.564987, 36.810268 84.561297, 36.763422 84.557603, 36.716639 84.553906, 36.669919 84.550205, 36.623263 84.546500, 36.576670 84.542792, 36.530140 84.539080, 36.483673 84.535365, 36.437269 84.531646, 36.390928 84.527923, 36.344650 84.524197, 36.298435 84.520467, 36.252282 84.516734, 36.206192 84.512998, 36.160164 84.509257, 36.114199 84.505514, 36.068297 84.501766, 36.022457 84.498016, 35.976679 84.494261, 35.930963 84.490504, 35.885310 84.486742, 35.839718 84.482978, 35.794189 84.479209, 35.748722 84.475438, 35.703316 84.471663, 35.657972 84.467884, 35.612690 84.464102, 35.567470 84.460317, 35.522311 84.456528, 35.477214 84.452736, 35.432178 84.448940, 35.387204 84.445141, 35.342290 84.441339, 35.297439 84.437533, 35.252648 84.433724, 35.207918 84.429911, 35.163250 84.426095, 35.118642 84.422276, 35.074095 84.418453, 35.029609 84.414627, 34.985184 84.410798, 34.940820 84.406965, 34.896516 84.403129, 34.852272 84.399289, 34.808089 84.395447, 34.763967 84.391601, 34.719904 84.387752, 34.675902 84.383899, 34.631961 84.380043, 34.588079 84.376184, 34.544257 84.372322, 34.500495 84.368456, 34.456793 84.364587, 34.413151 84.360715, 34.369568 84.356839, 34.326046 84.352961, 34.282582 84.349079, 34.239179 84.345194, 34.195834 84.341305, 34.152550 84.337414, 34.109324 84.333519, 34.066157 84.329621, 34.023050 84.325720, 33.980002 84.321815, 33.937013 84.317908, 33.894082 84.313997, 33.851211 84.310083, 33.808398 84.306166, 33.765644 84.302246, 33.722949 84.298323, 33.680312 84.294396, 33.637734 84.290467, 33.595214 84.286534, 33.552752 84.282598, 33.510348 84.278659, 33.468003 84.274717, 33.425716 84.270772, 33.383487 84.266824, 33.341316 84.262872, 33.299203 84.258918, 33.257147 84.254960, 33.215149 84.251000, 33.173209 84.247036, 33.131327 84.243069, 33.089502 84.239099, 33.047734 84.235127, 33.006024 84.231151, 32.964371 84.227172, 32.922775 84.223190, 32.881237 84.219205, 32.839755 84.215217, 32.798331 84.211226, 32.756963 84.207232, 32.715652 84.203235, 32.674398 84.199235, 32.633201 84.195232, 32.592060 84.191226, 32.550976 84.187218, 32.509948 84.183206, 32.468977 84.179191, 32.428061 84.175173, 32.387203 84.171152, 32.346400 84.167129, 32.305653 84.163102, 32.264963 84.159073, 32.224328 84.155040, 32.183749 84.151005, 32.143226 84.146967, 32.102759 84.142926, 32.062347 84.138882, 32.021991 84.134835, 31.981690 84.130785, 31.941445 84.126732, 31.901255 84.122677, 31.861120 84.118618, 31.821041 84.114557, 31.781016 84.110493, 31.741047 84.106426, 31.701132 84.102356, 31.661273 84.098283, 31.621468 84.094208, 31.581718 84.090129, 31.542022 84.086048, 31.502382 84.081964, 31.462795 84.077877, 31.423263 84.073788, 31.383786 84.069695, 31.344362 84.065600, 31.304993 84.061502, 31.265678 84.057401, 31.226417 84.053298, 31.187210 84.049192, 31.148057 84.045083, 31.108958 84.040971, 31.069913 84.036856, 31.030921 84.032739, 30.991983 84.028619, 30.953098 84.024496, 30.914267 84.020371, 30.875489 84.016242, 30.836764 84.012111, 30.798093 84.007978, 30.759474 84.003841, 30.720909 83.999702, 30.682397 83.995561, 30.643938 83.991416, 30.605531 83.987269, 30.567177 83.983119, 30.528876 83.978967, 30.490628 83.974812, 30.452432 83.970654, 30.414289 83.966493, 30.376198 83.962330, 30.338159 83.958164, 30.300173 83.953996, 30.262239 83.949825, 30.224356 83.945651, 30.186526 83.941475, 30.148748 83.937296, 30.111022 83.933114, 30.073347 83.928930, 30.035724 83.924744, 29.998153 83.920554, 29.960633 83.916362, 29.923165 83.912168, 29.885749 83.907971, 29.848383 83.903771, 29.811069 83.899569, 29.773806 83.895364, 29.736594 83.891157, 29.699434 83.886947, 29.662324 83.882734, 29.625265 83.878519, 29.588257 83.874302, 29.551300 83.870082, 29.514393 83.865859, 29.477537 83.861634, 29.440731 83.857406, 29.403976 83.853176, 29.367272 83.848944, 29.330617 83.844708, 29.294013 83.840471, 29.257459 83.836231, 29.220955 83.831988, 29.184501 83.827743, 29.148097 83.823495, 29.111743 83.819245, 29.075438 83.814993, 29.039184 83.810738, 29.002979 83.806480, 28.966823 83.802220, 28.930717 83.797958, 28.894661 83.793693, 28.858653 83.789426, 28.822695 83.785156, 28.786787 83.780884, 28.750927 83.776610, 28.715116 83.772333, 28.679355 83.768054, 28.643642 83.763772, 28.607978 83.759488, 28.572363 83.755201, 28.536797 83.750912, 28.501279 83.746621, 28.465809 83.742327, 28.430388 83.738031, 28.395016 83.733733, 28.359692 83.729432, 28.324416 83.725129, 28.289188 83.720824, 28.254008 83.716516, 28.218877 83.712205, 28.183793 83.707893, 28.148757 83.703578, 28.113769 83.699261, 28.078829 83.694941, 28.043936 83.690619, 28.009091 83.686295, 27.974294 83.681969, 27.939544 83.677640, 27.904841 83.673309, 27.870186 83.668975, 27.835578 83.664640, 27.801017 83.660302, 27.766503 83.655962, 27.732036 83.651619, 27.697616 83.647274, 27.663243 83.642927, 27.628917 83.638578, 27.594637 83.634226, 27.560404 83.629872, 27.526218 83.625516, 27.492078 83.621158, 27.457984 83.616797, 27.423937 83.612434, 27.389937 83.608069, 27.355982 83.603702, 27.322074 83.599332, 27.288212 83.594960, 27.254395 83.590586, 27.220625 83.586210, 27.186901 83.581832, 27.153222 83.577451, 27.119589 83.573068, 27.086002 83.568683, 27.052460 83.564296, 27.018964 83.559907, 26.985514 83.555515, 26.952108 83.551122, 26.918748 83.546726, 26.885434 83.542328, 26.852164 83.537927, 26.818939 83.533525, 26.785760 83.529120, 26.752625 83.524714, 26.719536 83.520305, 26.686491 83.515894, 26.653491 83.511481, 26.620536 83.507066, 26.587625 83.502648, 26.554759 83.498229, 26.521937 83.493807, 26.489159 83.489383, 26.456426 83.484958, 26.423738 83.480530, 26.391093 83.476100, 26.358493 83.471668, 26.325936 83.467233, 26.293424 83.462797, 26.260955 83.458359, 26.228531 83.453918, 26.196150 83.449476, 26.163813 83.445031, 26.131519 83.440584, 26.099269 83.436136, 26.067063 83.431685, 26.034900 83.427232, 26.002780 83.422777, 25.970704 83.418320, 25.938671 83.413861, 25.906681 83.409400, 25.874734 83.404937, 25.842830 83.400472, 25.810969 83.396005, 25.779151 83.391535, 25.747376 83.387064, 25.715644 83.382591, 25.683954 83.378116, 25.652307 83.373639, 25.620702 83.369160, 25.589140 83.364678, 25.557621 83.360195, 25.526144 83.355710, 25.494709 83.351223, 25.463316 83.346734, 25.431965 83.342243, 25.400657 83.337749, 25.369390 83.333254, 25.338166 83.328757, 25.306983 83.324258, 25.275842 83.319757, 25.244743 83.315255, 25.213686 83.310750, 25.182670 83.306243, 25.151696 83.301734, 25.120763 83.297224, 25.089872 83.292711, 25.059022 83.288196, 25.028213 83.283680, 24.997446 83.279162, 24.966720 83.274641, 24.936035 83.270119, 24.905390 83.265595, 24.874787 83.261069, 24.844225 83.256541, 24.813704 83.252011, 24.783223 83.247480, 24.752783 83.242946, 24.722384 83.238410, 24.692025 83.233873, 24.661707 83.229334, 24.631429 83.224793, 24.601192 83.220250, 24.570994 83.215705, 24.540838 83.211158, 24.510721 83.206609, 24.480644 83.202059, 24.450608 83.197507, 24.420611 83.192952, 24.390655 83.188396, 24.360738 83.183839, 24.330861 83.179279, 24.301024 83.174717, 24.271227 83.170154, 24.241469 83.165589, 24.211751 83.161022, 24.182072 83.156453, 24.152432 83.151882, 24.122832 83.147310, 24.093272 83.142736, 24.063750 83.138160, 24.034268 83.133582, 24.004824 83.129002, 23.975420 83.124421, 23.946055 83.119837, 23.916729 83.115252, 23.887441 83.110666, 23.858193 83.106077, 23.828983 83.101487, 23.799811 83.096894, 23.770679 83.092300, 23.741585 83.087705, 23.712529 83.083107, 23.683512 83.078508, 23.654533 83.073907, 23.625592 83.069304, 23.596690 83.064700, 23.567826 83.060094, 23.539000 83.055486, 23.510212 83.050876, 23.481462 83.046265, 23.452750 83.041651, 23.424075 83.037037, 23.395439 83.032420, 23.366840 83.027802, 23.338279 83.023182, 23.309756 83.018560, 23.281270 83.013936, 23.252822 83.009311, 23.224411 83.004684, 23.196037 83.000056, 23.167701 82.995425, 23.139402 82.990793, 23.111141 82.986160, 23.082916 82.981524, 23.054729 82.976887, 23.026578 82.972249, 22.998465 82.967608, 22.970388 82.962966, 22.942348 82.958322, 22.914345 82.953677, 22.886379 82.949030, 22.858449 82.944381, 22.830556 82.939731, 22.802700 82.935079, 22.774880 82.930425, 22.747096 82.925770, 22.719349 82.921113, 22.691638 82.916454, 22.663963 82.911794, 22.636325 82.907132, 22.608722 82.902468, 22.581156 82.897803, 22.553626 82.893136, 22.526132 82.888468, 22.498673 82.883798, 22.471251 82.879126, 22.443864 82.874453, 22.416513 82.869778, 22.389197 82.865102, 22.361917 82.860424, 22.334673 82.855744, 22.307464 82.851063, 22.280291 82.846380, 22.253153 82.841695, 22.226050 82.837009, 22.198983 82.832322, 22.171951 82.827632, 22.144954 82.822942, 22.117992 82.818249, 22.091065 82.813555, 22.064173 82.808860, 22.037316 82.804163, 22.010494 82.799464, 21.983706 82.794764, 21.956953 82.790062, 21.930236 82.785359, 21.903552 82.780654, 21.876903 82.775948, 21.850289 82.771240, 21.823710 82.766530, 21.797164 82.761819, 21.770653 82.757107, 21.744177 82.752393, 21.717734 82.747677, 21.691326 82.742960, 21.664952 82.738241, 21.638612 82.733521, 21.612306 82.728799, 21.586034 82.724076, 21.559795 82.719351, 21.533591 82.714625, 21.507421 82.709897, 21.481284 82.705168, 21.455181 82.700437, 21.429111 82.695705, 21.403075 82.690971, 21.377073 82.686236, 21.351104 82.681499, 21.325169 82.676761, 21.299267 82.672022, 21.273398 82.667280, 21.247562 82.662538, 21.221760 82.657794, 21.195991 82.653048, 21.170255 82.648301, 21.144552 82.643552, 21.118882 82.638802, 21.093245 82.634051, 21.067640 82.629298, 21.042069 82.624544, 21.016530 82.619788, 20.991024 82.615031, 20.965551 82.610272, 20.940110 82.605512, 20.914702 82.600750, 20.889327 82.595987, 20.863983 82.591223, 20.838673 82.586457, 20.813394 82.581690, 20.788148 82.576921, 20.762934 82.572151, 20.737752 82.567379, 20.712603 82.562606, 20.687485 82.557832, 20.662400 82.553056, 20.637346 82.548279, 20.612325 82.543500, 20.587335 82.538720, 20.562377 82.533939, 20.537451 82.529156, 20.512557 82.524371, 20.487694 82.519586, 20.462863 82.514799, 20.438064 82.510010, 20.413296 82.505221, 20.388559 82.500429, 20.363854 82.495637, 20.339180 82.490843, 20.314538 82.486048, 20.289926 82.481251, 20.265346 82.476453, 20.240798 82.471653, 20.216280 82.466853, 20.191793 82.462050, 20.167337 82.457247, 20.142913 82.452442, 20.118519 82.447636, 20.094156 82.442828, 20.069824 82.438019, 20.045522 82.433209, 20.021252 82.428397, 19.997012 82.423585, 19.972802 82.418770, 19.948623 82.413955, 19.924475 82.409138, 19.900357 82.404319, 19.876269 82.399500, 19.852212 82.394679, 19.828185 82.389857, 19.804188 82.385033, 19.780222 82.380208, 19.756286 82.375382, 19.732380 82.370554, 19.708503 82.365725, 19.684657 82.360895, 19.660841 82.356064, 19.637055 82.351231, 19.613299 82.346397, 19.589572 82.341562, 19.565875 82.336725, 19.542208 82.331887, 19.518571 82.327048, 19.494963 82.322207, 19.471385 82.317365, 19.447836 82.312522, 19.424317 82.307678, 19.400827 82.302832, 19.377367 82.297985, 19.353936 82.293137, 19.330534 82.288288, 19.307162 82.283437, 19.283818 82.278585, 19.260504 82.273731, 19.237219 82.268877, 19.213963 82.264021, 19.190736 82.259164, 19.167538 82.254306, 19.144369 82.249446, 19.121229 82.244585, 19.098117 82.239723, 19.075034 82.234860, 19.051980 82.229995, 19.028955 82.225129, 19.005958 82.220262, 18.982990 82.215394, 18.960051 82.210525, 18.937140 82.205654, 18.914257 82.200782, 18.891403 82.195909, 18.868577 82.191034, 18.845779 82.186159, 18.823010 82.181282, 18.800269 82.176404, 18.777556 82.171524, 18.754871 82.166644, 18.732215 82.161762, 18.709586 82.156879, 18.686985 82.151995, 18.664412 82.147110, 18.641867 82.142223, 18.619350 82.137335, 18.596861 82.132446, 18.574400 82.127556, 18.551966 82.122665, 18.529560 82.117772, 18.507181 82.112879, 18.484831 82.107984, 18.462507 82.103088, 18.440211 82.098190, 18.417943 82.093292, 18.395702 82.088392, 18.373488 82.083491, 18.351302 82.078590, 18.329143 82.073686, 18.307011 82.068782, 18.284907 82.063877, 18.262829 82.058970, 18.240779 82.054062, 18.218755 82.049153, 18.196759 82.044243, 18.174790 82.039332, 18.152847 82.034419, 18.130932 82.029506, 18.109043 82.024591, 18.087181 82.019675, 18.065346 82.014758, 18.043537 82.009840, 18.021755 82.004920, 18.000000 82.000000), (18.000000 82.000000, 18.000690 81.996472, 18.001380 81.992944, 18.002069 81.989417, 18.002758 81.985889, 18.003446 81.982361, 18.004133 81.978833, 18.004820 81.975305, 18.005506 81.971778, 18.006192 81.968250, 18.006877 81.964722, 18.007561 81.961194, 18.008245 81.957667, 18.008928 81.954139, 18.009610 81.950611, 18.010292 81.947083, 18.010974 81.943555, 18.011655 81.940028, 18.012335 81.936500, 18.013014 81.932972, 18.013693 81.929444, 18.014372 81.925916, 18.015050 81.922389, 18.015727 81.918861, 18.016404 81.915333, 18.017080 81.911805, 18.017755 81.908277, 18.018430 81.904749, 18.019104 81.901222, 18.019778 81.897694, 18.020451 81.894166, 18.021124 81.890638, 18.021796 81.887110, 18.022467 81.883583, 18.023138 81.880055, 18.023808 81.876527, 18.024478 81.872999, 18.025147 81.869471, 18.025816 81.865943, 18.026484 81.862416, 18.027151 81.858888, 18.027818 81.855360, 18.028484 81.851832, 18.029150 81.848304, 18.029815 81.844777, 18.030479 81.841249, 18.031143 81.837721, 18.031807 81.834193, 18.032469 81.830665, 18.033132 81.827137, 18.033793 81.823609, 18.034454 81.820082, 18.035115 81.816554, 18.035775 81.813026, 18.036434 81.809498, 18.037093 81.805970, 18.037751 81.802442, 18.038409 81.798915, 18.039066 81.795387, 18.039723 81.791859, 18.040379 81.788331, 18.041034 81.784803, 18.041689 81.781275, 18.042344 81.777748, 18.042997 81.774220, 18.043651 81.770692, 18.044303 81.767164, 18.044955 81.763636, 18.045607 81.760108, 18.046258 81.756580, 18.046908 81.753053, 18.047558 81.749525, 18.048208 81.745997, 18.048857 81.742469, 18.049505 81.738941, 18.050152 81.735413, 18.050800 81.731885, 18.051446 81.728357, 18.052092 81.724830, 18.052738 81.721302, 18.053383 81.717774, 18.054027 81.714246, 18.054671 81.710718, 18.055314 81.707190, 18.055957 81.703662, 18.056600 81.700135, 18.057241 81.696607, 18.057882 81.693079, 18.058523 81.689551, 18.059163 81.686023, 18.059803 81.682495, 18.060442 81.678967, 18.061080 81.675439, 18.061718 81.671912, 18.062355 81.668384, 18.062992 81.664856, 18.063629 81.661328, 18.064264 81.657800, 18.064900 81.654272, 18.065534 81.650744, 18.066169 81.647216, 18.066802 81.643688, 18.067435 81.640161, 18.068068 81.636633, 18.068700 81.633105, 18.069332 81.629577, 18.069963 81.626049, 18.070593 81.622521, 18.071223 81.618993, 18.071853 81.615465, 18.072481 81.611937, 18.073110 81.608409, 18.073738 81.604882, 18.074365 81.601354, 18.074992 81.597826, 18.075618 81.594298, 18.076244 81.590770, 18.076869 81.587242, 18.077494 81.583714, 18.078118 81.580186, 18.078742 81.576658, 18.079365 81.573130, 18.079988 81.569602, 18.080610 81.566075, 18.081231 81.562547, 18.081852 81.559019, 18.082473 81.555491, 18.083093 81.551963, 18.083713 81.548435, 18.084332 81.544907, 18.084950 81.541379, 18.085568 81.537851, 18.086186 81.534323, 18.086803 81.530795, 18.087419 81.527267, 18.088035 81.523740, 18.088651 81.520212, 18.089266 81.516684, 18.089880 81.513156, 18.090494 81.509628, 18.091108 81.506100, 18.091720 81.502572, 18.092333 81.499044, 18.092945 81.495516, 18.093556 81.491988, 18.094167 81.488460, 18.094778 81.484932, 18.095388 81.481404, 18.095997 81.477876, 18.096606 81.474349, 18.097214 81.470821, 18.097822 81.467293, 18.098430 81.463765, 18.099037 81.460237, 18.099643 81.456709, 18.100249 81.453181, 18.100854 81.449653, 18.101459 81.446125, 18.102064 81.442597, 18.102668 81.439069, 18.103271 81.435541, 18.103874 81.432013, 18.104476 81.428485, 18.105078 81.424957, 18.105680 81.421429, 18.106281 81.417901, 18.106881 81.414373, 18.107481 81.410845, 18.108081 81.407318, 18.108680 81.403790, 18.109278 81.400262, 18.109877 81.396734, 18.110474 81.393206, 18.111071 81.389678, 18.111668 81.386150, 18.112264 81.382622, 18.112860 81.379094, 18.113455 81.375566, 18.114049 81.372038, 18.114644 81.368510, 18.115237 81.364982, 18.115830 81.361454, 18.116423 81.357926, 18.117015 81.354398, 18.117607 81.350870, 18.118198 81.347342, 18.118789 81.343814, 18.119380 81.340286, 18.119970 81.336758, 18.120559 81.333230, 18.121148 81.329702, 18.121736 81.326174, 18.122324 81.322646, 18.122912 81.319118, 18.123499 81.315590, 18.124085 81.312062, 18.124671 81.308534, 18.125257 81.305006, 18.125842 81.301478, 18.126427 81.297950, 18.127011 81.294423, 18.127595 81.290895, 18.128178 81.287367, 18.128761 81.283839, 18.129343 81.280311, 18.129925 81.276783, 18.130506 81.273255, 18.131087 81.269727, 18.131667 81.266199, 18.132247 81.262671, 18.132827 81.259143, 18.133406 81.255615, 18.133985 81.252087, 18.134563 81.248559, 18.135140 81.245031, 18.135718 81.241503, 18.136294 81.237975, 18.136871 81.234447, 18.137446 81.230919, 18.138022 81.227391, 18.138597 81.223863, 18.139171 81.220335, 18.139745 81.216807, 18.140319 81.213279, 18.140892 81.209751, 18.141464 81.206223, 18.142036 81.202695, 18.142608 81.199167, 18.143179 81.195639, 18.143750 81.192111, 18.144321 81.188583, 18.144890 81.185055, 18.145460 81.181527, 18.146029 81.177999, 18.146597 81.174471, 18.147165 81.170943, 18.147733 81.167414, 18.148300 81.163886, 18.148867 81.160358, 18.149433 81.156830, 18.149999 81.153302, 18.150564 81.149774, 18.151129 81.146246, 18.151694 81.142718, 18.152258 81.139190, 18.152822 81.135662, 18.153385 81.132134, 18.153947 81.128606, 18.154510 81.125078, 18.155071 81.121550, 18.155633 81.118022, 18.156194 81.114494, 18.156754 81.110966, 18.157314 81.107438, 18.157874 81.103910, 18.158433 81.100382, 18.158992 81.096854, 18.159550 81.093326, 18.160108 81.089798, 18.160665 81.086270, 18.161222 81.082742, 18.161779 81.079214, 18.162335 81.075686, 18.162891 81.072158, 18.163446 81.068630, 18.164001 81.065102, 18.164555 81.061574, 18.165109 81.058046, 18.165663 81.054518, 18.166216 81.050990, 18.166768 81.047461, 18.167321 81.043933, 18.167872 81.040405, 18.168424 81.036877, 18.168975 81.033349, 18.169525 81.029821, 18.170075 81.026293, 18.170625 81.022765, 18.171174 81.019237, 18.171723 81.015709, 18.172271 81.012181, 18.172819 81.008653, 18.173366 81.005125, 18.173913 81.001597, 18.174460 80.998069, 18.175006 80.994541, 18.175552 80.991013, 18.176097 80.987485, 18.176642 80.983957, 18.177187 80.980428, 18.177731 80.976900, 18.178275 80.973372, 18.178818 80.969844, 18.179361 80.966316, 18.179903 80.962788, 18.180445 80.959260, 18.180987 80.955732, 18.181528 80.952204, 18.182069 80.948676, 18.182609 80.945148, 18.183149 80.941620, 18.183688 80.938092, 18.184227 80.934564, 18.184766 80.931036, 18.185304 80.927508, 18.185842 80.923979, 18.186380 80.920451, 18.186917 80.916923, 18.187453 80.913395, 18.187989 80.909867, 18.188525 80.906339, 18.189060 80.902811, 18.189595 80.899283, 18.190130 80.895755, 18.190664 80.892227, 18.191198 80.888699, 18.191731 80.885171, 18.192264 80.881643, 18.192796 80.878114, 18.193328 80.874586, 18.193860 80.871058, 18.194391 80.867530, 18.194922 80.864002, 18.195452 80.860474, 18.195982 80.856946, 18.196512 80.853418, 18.197041 80.849890, 18.197570 80.846362, 18.198099 80.842834, 18.198627 80.839305, 18.199154 80.835777, 18.199681 80.832249, 18.200208 80.828721, 18.200735 80.825193, 18.201261 80.821665, 18.201786 80.818137, 18.202311 80.814609, 18.202836 80.811081, 18.203361 80.807553, 18.203885 80.804025, 18.204408 80.800496, 18.204931 80.796968, 18.205454 80.793440, 18.205977 80.789912, 18.206499 80.786384, 18.207020 80.782856, 18.207541 80.779328, 18.208062 80.775800, 18.208583 80.772272, 18.209103 80.768744, 18.209622 80.765215, 18.210141 80.761687, 18.210660 80.758159, 18.211179 80.754631, 18.211697 80.751103, 18.212215 80.747575, 18.212732 80.744047, 18.213249 80.740519, 18.213765 80.736991, 18.214281 80.733462, 18.214797 80.729934, 18.215312 80.726406, 18.215827 80.722878, 18.216342 80.719350, 18.216856 80.715822, 18.217370 80.712294, 18.217883 80.708766, 18.218396 80.705237, 18.218909 80.701709, 18.219421 80.698181, 18.219933 80.694653, 18.220444 80.691125, 18.220956 80.687597, 18.221466 80.684069, 18.221977 80.680541, 18.222486 80.677013, 18.222996 80.673484, 18.223505 80.669956, 18.224014 80.666428, 18.224522 80.662900, 18.225030 80.659372, 18.225538 80.655844, 18.226045 80.652316, 18.226552 80.648787, 18.227059 80.645259, 18.227565 80.641731, 18.228071 80.638203, 18.228576 80.634675, 18.229081 80.631147, 18.229586 80.627619, 18.230090 80.624091, 18.230594 80.620562, 18.231097 80.617034, 18.231600 80.613506, 18.232103 80.609978, 18.232605 80.606450, 18.233107 80.602922, 18.233609 80.599394, 18.234110 80.595865, 18.234611 80.592337, 18.235112 80.588809, 18.235612 80.585281, 18.236112 80.581753, 18.236611 80.578225, 18.237110 80.574697, 18.237609 80.571168, 18.238107 80.567640, 18.238605 80.564112, 18.239102 80.560584, 18.239599 80.557056, 18.240096 80.553528, 18.240593 80.550000, 18.241089 80.546471, 18.241584 80.542943, 18.242080 80.539415, 18.242575 80.535887, 18.243069 80.532359, 18.243564 80.528831, 18.244058 80.525302, 18.244551 80.521774, 18.245044 80.518246, 18.245537 80.514718, 18.246029 80.511190, 18.246521 80.507662, 18.247013 80.504134, 18.247504 80.500605, 18.247995 80.497077, 18.248486 80.493549, 18.248976 80.490021, 18.249466 80.486493, 18.249956 80.482965, 18.250445 80.479436, 18.250934 80.475908, 18.251422 80.472380, 18.251910 80.468852, 18.252398 80.465324, 18.252885 80.461796, 18.253372 80.458267, 18.253859 80.454739, 18.254345 80.451211, 18.254831 80.447683, 18.255317 80.444155, 18.255802 80.440627, 18.256287 80.437098, 18.256772 80.433570, 18.257256 80.430042, 18.257740 80.426514, 18.258223 80.422986, 18.258706 80.419457, 18.259189 80.415929, 18.259671 80.412401, 18.260153 80.408873, 18.260635 80.405345, 18.261116 80.401817, 18.261597 80.398288, 18.262078 80.394760, 18.262558 80.391232, 18.263038 80.387704, 18.263518 80.384176, 18.263997 80.380648, 18.264476 80.377119, 18.264955 80.373591, 18.265433 80.370063, 18.265911 80.366535, 18.266388 80.363007, 18.266866 80.359478, 18.267342 80.355950, 18.267819 80.352422, 18.268295 80.348894, 18.268771 80.345366, 18.269246 80.341837, 18.269721 80.338309, 18.270196 80.334781, 18.270671 80.331253, 18.271145 80.327725, 18.271618 80.324197, 18.272092 80.320668, 18.272565 80.317140, 18.273038 80.313612, 18.273510 80.310084, 18.273982 80.306556, 18.274454 80.303027, 18.274925 80.299499, 18.275396 80.295971, 18.275867 80.292443, 18.276337 80.288915, 18.276807 80.285386, 18.277277 80.281858, 18.277746 80.278330, 18.278215 80.274802, 18.278684 80.271274, 18.279152 80.267745, 18.279620 80.264217, 18.280088 80.260689, 18.280555 80.257161, 18.281022 80.253632, 18.281489 80.250104, 18.281955 80.246576, 18.282421 80.243048, 18.282886 80.239520, 18.283352 80.235991, 18.283817 80.232463, 18.284281 80.228935, 18.284746 80.225407, 18.285210 80.221879, 18.285673 80.218350, 18.286137 80.214822, 18.286600 80.211294, 18.287062 80.207766, 18.287524 80.204238, 18.287986 80.200709, 18.288448 80.197181, 18.288909 80.193653, 18.289370 80.190125, 18.289831 80.186596, 18.290291 80.183068, 18.290751 80.179540, 18.291211 80.176012, 18.291671 80.172484, 18.292130 80.168955, 18.292588 80.165427, 18.293047 80.161899, 18.293505 80.158371, 18.293962 80.154842, 18.294420 80.151314, 18.294877 80.147786, 18.295334 80.144258, 18.295790 80.140730, 18.296246 80.137201, 18.296702 80.133673, 18.297157 80.130145, 18.297613 80.126617, 18.298067 80.123088, 18.298522 80.119560, 18.298976 80.116032, 18.299430 80.112504, 18.299884 80.108976, 18.300337 80.105447, 18.300790 80.101919, 18.301242 80.098391, 18.301694 80.094863, 18.302146 80.091334, 18.302598 80.087806, 18.303049 80.084278, 18.303500 80.080750, 18.303951 80.077221, 18.304401 80.073693, 18.304851 80.070165, 18.305301 80.066637, 18.305751 80.063108, 18.306200 80.059580, 18.306648 80.056052, 18.307097 80.052524, 18.307545 80.048995, 18.307993 80.045467, 18.308440 80.041939, 18.308888 80.038411, 18.309334 80.034883, 18.309781 80.031354, 18.310227 80.027826, 18.310673 80.024298, 18.311119 80.020770, 18.311564 80.017241, 18.312009 80.013713, 18.312454 80.010185, 18.312898 80.006657, 18.313342 80.003128, 18.313786 79.999600, 18.314230 79.996072, 18.314673 79.992544, 18.315116 79.989015, 18.315558 79.985487, 18.316000 79.981959, 18.316442 79.978431, 18.316884 79.974902, 18.317325 79.971374, 18.317766 79.967846, 18.318207 79.964317, 18.318647 79.960789, 18.319087 79.957261, 18.319527 79.953733, 18.319966 79.950204, 18.320406 79.946676, 18.320844 79.943148, 18.321283 79.939620, 18.321721 79.936091, 18.322159 79.932563, 18.322597 79.929035, 18.323034 79.925507, 18.323471 79.921978, 18.323908 79.918450, 18.324344 79.914922, 18.324780 79.911394, 18.325216 79.907865, 18.325652 79.904337, 18.326087 79.900809, 18.326522 79.897281, 18.326957 79.893752, 18.327391 79.890224, 18.327825 79.886696, 18.328259 79.883167, 18.328692 79.879639, 18.329125 79.876111, 18.329558 79.872583, 18.329990 79.869054, 18.330423 79.865526, 18.330855 79.861998, 18.331286 79.858470, 18.331718 79.854941, 18.332149 79.851413, 18.332579 79.847885, 18.333010 79.844356, 18.333440 79.840828, 18.333870 79.837300, 18.334299 79.833772, 18.334729 79.830243, 18.335157 79.826715, 18.335586 79.823187, 18.336015 79.819659, 18.336443 79.816130, 18.336870 79.812602, 18.337298 79.809074, 18.337725 79.805545, 18.338152 79.802017, 18.338579 79.798489, 18.339005 79.794961, 18.339431 79.791432, 18.339857 79.787904, 18.340282 79.784376, 18.340707 79.780847, 18.341132 79.777319, 18.341557 79.773791, 18.341981 79.770263, 18.342405 79.766734, 18.342829 79.763206, 18.343252 79.759678, 18.343675 79.756149, 18.344098 79.752621, 18.344521 79.749093, 18.344943 79.745565, 18.345365 79.742036, 18.345787 79.738508, 18.346208 79.734980, 18.346629 79.731451, 18.347050 79.727923, 18.347471 79.724395, 18.347891 79.720866, 18.348311 79.717338, 18.348731 79.713810, 18.349150 79.710282, 18.349569 79.706753, 18.349988 79.703225, 18.350407 79.699697, 18.350825 79.696168, 18.351243 79.692640, 18.351660 79.689112, 18.352078 79.685583, 18.352495 79.682055, 18.352912 79.678527, 18.353328 79.674999, 18.353745 79.671470, 18.354161 79.667942, 18.354577 79.664414, 18.354992 79.660885, 18.355407 79.657357, 18.355822 79.653829, 18.356237 79.650300, 18.356651 79.646772, 18.357065 79.643244, 18.357479 79.639716, 18.357892 79.636187, 18.358306 79.632659, 18.358719 79.629131, 18.359131 79.625602, 18.359544 79.622074, 18.359956 79.618546, 18.360368 79.615017, 18.360779 79.611489, 18.361190 79.607961, 18.361601 79.604432, 18.362012 79.600904, 18.362423 79.597376, 18.362833 79.593847, 18.363243 79.590319, 18.363652 79.586791, 18.364062 79.583263, 18.364471 79.579734, 18.364879 79.576206, 18.365288 79.572678, 18.365696 79.569149, 18.366104 79.565621, 18.366512 79.562093, 18.366919 79.558564, 18.367327 79.555036, 18.367733 79.551508, 18.368140 79.547979, 18.368546 79.544451, 18.368952 79.540923, 18.369358 79.537394, 18.369764 79.533866, 18.370169 79.530338, 18.370574 79.526809, 18.370979 79.523281, 18.371383 79.519753, 18.371787 79.516224, 18.372191 79.512696, 18.372595 79.509168, 18.372998 79.505639, 18.373402 79.502111, 18.373804 79.498583, 18.374207 79.495054, 18.374609 79.491526, 18.375011 79.487998, 18.375413 79.484470, 18.375815 79.480941, 18.376216 79.477413, 18.376617 79.473885, 18.377018 79.470356, 18.377418 79.466828, 18.377818 79.463300, 18.378218 79.459771, 18.378618 79.456243, 18.379017 79.452715, 18.379416 79.449186, 18.379815 79.445658, 18.380214 79.442130, 18.380612 79.438601, 18.381010 79.435073, 18.381408 79.431545, 18.381806 79.428016, 18.382203 79.424488, 18.382600 79.420959, 18.382997 79.417431, 18.383393 79.413903, 18.383789 79.410374, 18.384185 79.406846, 18.384581 79.403318, 18.384977 79.399789, 18.385372 79.396261, 18.385767 79.392733, 18.386161 79.389204, 18.386556 79.385676, 18.386950 79.382148, 18.387344 79.378619, 18.387737 79.375091, 18.388131 79.371563, 18.388524 79.368034, 18.388917 79.364506, 18.389309 79.360978, 18.389702 79.357449, 18.390094 79.353921, 18.390486 79.350393, 18.390877 79.346864, 18.391269 79.343336, 18.391660 79.339808, 18.392051 79.336279, 18.392441 79.332751, 18.392831 79.329223, 18.393221 79.325694, 18.393611 79.322166, 18.394001 79.318637, 18.394390 79.315109, 18.394779 79.311581, 18.395168 79.308052, 18.395556 79.304524, 18.395945 79.300996, 18.396333 79.297467, 18.396720 79.293939, 18.397108 79.290411, 18.397495 79.286882, 18.397882 79.283354, 18.398269 79.279826, 18.398655 79.276297, 18.399042 79.272769, 18.399428 79.269240, 18.399813 79.265712, 18.400199 79.262184, 18.400584 79.258655, 18.400969 79.255127, 18.401354 79.251599, 18.401738 79.248070, 18.402123 79.244542, 18.402507 79.241014, 18.402890 79.237485, 18.403274 79.233957, 18.403657 79.230428, 18.404040 79.226900, 18.404423 79.223372, 18.404805 79.219843, 18.405188 79.216315, 18.405570 79.212787, 18.405952 79.209258, 18.406333 79.205730, 18.406714 79.202202, 18.407095 79.198673, 18.407476 79.195145, 18.407857 79.191616, 18.408237 79.188088, 18.408617 79.184560, 18.408997 79.181031, 18.409376 79.177503, 18.409756 79.173975, 18.410135 79.170446, 18.410514 79.166918, 18.410892 79.163389, 18.411271 79.159861, 18.411649 79.156333, 18.412027 79.152804, 18.412404 79.149276, 18.412781 79.145748, 18.413159 79.142219, 18.413536 79.138691, 18.413912 79.135162, 18.414289 79.131634, 18.414665 79.128106, 18.415041 79.124577, 18.415416 79.121049, 18.415792 79.117521, 18.416167 79.113992, 18.416542 79.110464, 18.416917 79.106935, 18.417291 79.103407, 18.417665 79.099879, 18.418039 79.096350, 18.418413 79.092822, 18.418787 79.089293, 18.419160 79.085765, 18.419533 79.082237, 18.419906 79.078708, 18.420278 79.075180, 18.420651 79.071652, 18.421023 79.068123, 18.421395 79.064595, 18.421766 79.061066, 18.422138 79.057538, 18.422509 79.054010, 18.422880 79.050481, 18.423250 79.046953, 18.423621 79.043424, 18.423991 79.039896, 18.424361 79.036368, 18.424731 79.032839, 18.425100 79.029311, 18.425469 79.025783, 18.425838 79.022254, 18.426207 79.018726, 18.426576 79.015197, 18.426944 79.011669, 18.427312 79.008141, 18.427680 79.004612, 18.428048 79.001084, 18.428415 78.997555, 18.428782 78.994027, 18.429149 78.990499, 18.429516 78.986970, 18.429882 78.983442, 18.430249 78.979913, 18.430615 78.976385, 18.430980 78.972857, 18.431346 78.969328, 18.431711 78.965800, 18.432076 78.962271, 18.432441 78.958743, 18.432806 78.955215, 18.433170 78.951686, 18.433534 78.948158, 18.433898 78.944629, 18.434262 78.941101, 18.434625 78.937573, 18.434989 78.934044, 18.435352 78.930516, 18.435714 78.926987, 18.436077 78.923459, 18.436439 78.919931, 18.436801 78.916402, 18.437163 78.912874, 18.437525 78.909345, 18.437886 78.905817, 18.438247 78.902289, 18.438608 78.898760, 18.438969 78.895232, 18.439330 78.891703, 18.439690 78.888175, 18.440050 78.884647, 18.440410 78.881118, 18.440769 78.877590, 18.441129 78.874061, 18.441488 78.870533, 18.441847 78.867004, 18.442206 78.863476, 18.442564 78.859948, 18.442922 78.856419, 18.443280 78.852891, 18.443638 78.849362, 18.443996 78.845834, 18.444353 78.842306, 18.444710 78.838777, 18.445067 78.835249, 18.445424 78.831720, 18.445780 78.828192, 18.446137 78.824663, 18.446493 78.821135, 18.446848 78.817607, 18.447204 78.814078, 18.447559 78.810550, 18.447914 78.807021, 18.448269 78.803493, 18.448624 78.799965, 18.448979 78.796436, 18.449333 78.792908, 18.449687 78.789379, 18.450041 78.785851, 18.450394 78.782322, 18.450748 78.778794, 18.451101 78.775266, 18.451454 78.771737, 18.451806 78.768209, 18.452159 78.764680, 18.452511 78.761152, 18.452863 78.757624, 18.453215 78.754095, 18.453567 78.750567, 18.453918 78.747038, 18.454269 78.743510, 18.454620 78.739981, 18.454971 78.736453, 18.455322 78.732925, 18.455672 78.729396, 18.456022 78.725868, 18.456372 78.722339, 18.456722 78.718811, 18.457071 78.715282, 18.457420 78.711754, 18.457769 78.708226, 18.458118 78.704697, 18.458467 78.701169, 18.458815 78.697640, 18.459163 78.694112, 18.459511 78.690583, 18.459859 78.687055, 18.460207 78.683527, 18.460554 78.679998, 18.460901 78.676470, 18.461248 78.672941, 18.461595 78.669413, 18.461941 78.665884, 18.462287 78.662356, 18.462633 78.658827, 18.462979 78.655299, 18.463325 78.651771, 18.463670 78.648242, 18.464015 78.644714, 18.464360 78.641185, 18.464705 78.637657, 18.465050 78.634128, 18.465394 78.630600, 18.465738 78.627072, 18.466082 78.623543, 18.466426 78.620015, 18.466769 78.616486, 18.467113 78.612958, 18.467456 78.609429, 18.467799 78.605901, 18.468141 78.602372, 18.468484 78.598844, 18.468826 78.595316, 18.469168 78.591787, 18.469510 78.588259, 18.469851 78.584730, 18.470193 78.581202, 18.470534 78.577673, 18.470875 78.574145, 18.471216 78.570616, 18.471556 78.567088, 18.471897 78.563560, 18.472237 78.560031, 18.472577 78.556503, 18.472917 78.552974, 18.473256 78.549446, 18.473595 78.545917, 18.473935 78.542389, 18.474273 78.538860, 18.474612 78.535332, 18.474951 78.531804, 18.475289 78.528275, 18.475627 78.524747, 18.475965 78.521218, 18.476303 78.517690, 18.476640 78.514161, 18.476977 78.510633, 18.477315 78.507104, 18.477651 78.503576, 18.477988 78.500047, 18.478325 78.496519, 18.478661 78.492991, 18.478997 78.489462, 18.479333 78.485934, 18.479668 78.482405, 18.480004 78.478877, 18.480339 78.475348, 18.480674 78.471820, 18.481009 78.468291, 18.481344 78.464763, 18.481678 78.461234, 18.482012 78.457706, 18.482346 78.454178, 18.482680 78.450649, 18.483014 78.447121, 18.483347 78.443592, 18.483680 78.440064, 18.484013 78.436535, 18.484346 78.433007, 18.484679 78.429478, 18.485011 78.425950, 18.485344 78.422421, 18.485676 78.418893, 18.486007 78.415364, 18.486339 78.411836, 18.486671 78.408308, 18.487002 78.404779, 18.487333 78.401251, 18.487664 78.397722, 18.487994 78.394194, 18.488325 78.390665, 18.488655 78.387137, 18.488985 78.383608, 18.489315 78.380080, 18.489644 78.376551, 18.489974 78.373023, 18.490303 78.369494, 18.490632 78.365966, 18.490961 78.362437, 18.491290 78.358909, 18.491618 78.355381, 18.491946 78.351852, 18.492275 78.348324, 18.492602 78.344795, 18.492930 78.341267, 18.493258 78.337738, 18.493585 78.334210, 18.493912 78.330681, 18.494239 78.327153, 18.494566 78.323624, 18.494892 78.320096, 18.495218 78.316567, 18.495545 78.313039, 18.495870 78.309510, 18.496196 78.305982, 18.496522 78.302453, 18.496847 78.298925, 18.497172 78.295397, 18.497497 78.291868, 18.497822 78.288340, 18.498147 78.284811, 18.498471 78.281283, 18.498795 78.277754, 18.499119 78.274226, 18.499443 78.270697, 18.499767 78.267169, 18.500090 78.263640, 18.500413 78.260112, 18.500736 78.256583, 18.501059 78.253055, 18.501382 78.249526, 18.501704 78.245998, 18.502027 78.242469, 18.502349 78.238941, 18.502670 78.235412, 18.502992 78.231884, 18.503314 78.228355, 18.503635 78.224827, 18.503956 78.221298, 18.504277 78.217770, 18.504598 78.214241, 18.504918 78.210713, 18.505239 78.207185, 18.505559 78.203656, 18.505879 78.200128, 18.506199 78.196599, 18.506518 78.193071, 18.506838 78.189542, 18.507157 78.186014, 18.507476 78.182485, 18.507795 78.178957, 18.508114 78.175428, 18.508432 78.171900, 18.508750 78.168371, 18.509069 78.164843, 18.509387 78.161314, 18.509704 78.157786, 18.510022 78.154257, 18.510339 78.150729, 18.510656 78.147200, 18.510973 78.143672, 18.511290 78.140143, 18.511607 78.136615, 18.511923 78.133086, 18.512240 78.129558, 18.512556 78.126029, 18.512872 78.122501, 18.513187 78.118972, 18.513503 78.115444, 18.513818 78.111915, 18.514133 78.108387, 18.514448 78.104858, 18.514763 78.101330, 18.515078 78.097801, 18.515392 78.094273, 18.515706 78.090744, 18.516020 78.087216, 18.516334 78.083687, 18.516648 78.080159, 18.516961 78.076630, 18.517275 78.073102, 18.517588 78.069573, 18.517901 78.066045, 18.518213 78.062516, 18.518526 78.058988, 18.518838 78.055459, 18.519151 78.051931, 18.519463 78.048402, 18.519775 78.044874, 18.520086 78.041345, 18.520398 78.037817, 18.520709 78.034288, 18.521020 78.030760, 18.521331 78.027231, 18.521642 78.023703, 18.521952 78.020174, 18.522263 78.016646, 18.522573 78.013117, 18.522883 78.009589, 18.523193 78.006060, 18.523503 78.002532, 18.523812 77.999003, 18.524122 77.995475, 18.524431 77.991946, 18.524740 77.988418, 18.525048 77.984889, 18.525357 77.981361, 18.525666 77.977832, 18.525974 77.974304, 18.526282 77.970775, 18.526590 77.967247, 18.526897 77.963718, 18.527205 77.960190, 18.527512 77.956661, 18.527820 77.953133, 18.528127 77.949604, 18.528433 77.946076, 18.528740 77.942547, 18.529047 77.939019, 18.529353 77.935490, 18.529659 77.931962, 18.529965 77.928433, 18.530271 77.924905, 18.530576 77.921376, 18.530882 77.917848, 18.531187 77.914319, 18.531492 77.910791, 18.531797 77.907262, 18.532102 77.903734, 18.532406 77.900205, 18.532711 77.896677, 18.533015 77.893148, 18.533319 77.889620, 18.533623 77.886091, 18.533926 77.882563, 18.534230 77.879034, 18.534533 77.875505, 18.534836 77.871977, 18.535139 77.868448, 18.535442 77.864920, 18.535745 77.861391, 18.536047 77.857863, 18.536350 77.854334, 18.536652 77.850806, 18.536954 77.847277, 18.537255 77.843749, 18.537557 77.840220, 18.537858 77.836692, 18.538160 77.833163, 18.538461 77.829635, 18.538762 77.826106, 18.539062 77.822578, 18.539363 77.819049, 18.539663 77.815521, 18.539964 77.811992, 18.540264 77.808464, 18.540564 77.804935, 18.540863 77.801407, 18.541163 77.797878, 18.541462 77.794350, 18.541761 77.790821, 18.542060 77.787292, 18.542359 77.783764, 18.542658 77.780235, 18.542956 77.776707, 18.543255 77.773178, 18.543553 77.769650, 18.543851 77.766121, 18.544149 77.762593, 18.544447 77.759064, 18.544744 77.755536, 18.545041 77.752007, 18.545339 77.748479, 18.545636 77.744950, 18.545932 77.741422, 18.546229 77.737893, 18.546525 77.734365, 18.546822 77.730836, 18.547118 77.727307, 18.547414 77.723779, 18.547710 77.720250, 18.548005 77.716722, 18.548301 77.713193, 18.548596 77.709665, 18.548891 77.706136, 18.549186 77.702608, 18.549481 77.699079, 18.549776 77.695551, 18.550070 77.692022, 18.550365 77.688494, 18.550659 77.684965, 18.550953 77.681437, 18.551247 77.677908, 18.551540 77.674380, 18.551834 77.670851, 18.552127 77.667322, 18.552420 77.663794, 18.552713 77.660265, 18.553006 77.656737, 18.553299 77.653208, 18.553591 77.649680, 18.553884 77.646151, 18.554176 77.642623, 18.554468 77.639094, 18.554760 77.635566, 18.555051 77.632037, 18.555343 77.628509, 18.555634 77.624980, 18.555925 77.621451, 18.556216 77.617923, 18.556507 77.614394, 18.556798 77.610866, 18.557088 77.607337, 18.557379 77.603809, 18.557669 77.600280, 18.557959 77.596752, 18.558249 77.593223, 18.558539 77.589695, 18.558828 77.586166, 18.559118 77.582637, 18.559407 77.579109, 18.559696 77.575580, 18.559985 77.572052, 18.560274 77.568523, 18.560562 77.564995, 18.560851 77.561466, 18.561139 77.557938, 18.561427 77.554409, 18.561715 77.550881, 18.562003 77.547352, 18.562290 77.543824, 18.562578 77.540295, 18.562865 77.536766, 18.563152 77.533238, 18.563439 77.529709, 18.563726 77.526181, 18.564013 77.522652, 18.564299 77.519124, 18.564586 77.515595, 18.564872 77.512067, 18.565158 77.508538, 18.565444 77.505009, 18.565729 77.501481, 18.566015 77.497952, 18.566300 77.494424, 18.566586 77.490895, 18.566871 77.487367, 18.567156 77.483838, 18.567440 77.480310, 18.567725 77.476781, 18.568009 77.473253, 18.568294 77.469724, 18.568578 77.466195, 18.568862 77.462667, 18.569146 77.459138, 18.569429 77.455610, 18.569713 77.452081, 18.569996 77.448553, 18.570279 77.445024, 18.570562 77.441496, 18.570845 77.437967, 18.571128 77.434438, 18.571411 77.430910, 18.571693 77.427381, 18.571975 77.423853, 18.572257 77.420324, 18.572539 77.416796, 18.572821 77.413267, 18.573103 77.409739, 18.573384 77.406210, 18.573665 77.402681, 18.573947 77.399153, 18.574228 77.395624, 18.574508 77.392096, 18.574789 77.388567, 18.575070 77.385039, 18.575350 77.381510, 18.575630 77.377981, 18.575910 77.374453, 18.576190 77.370924, 18.576470 77.367396, 18.576750 77.363867, 18.577029 77.360339, 18.577308 77.356810, 18.577588 77.353282, 18.577867 77.349753, 18.578146 77.346224, 18.578424 77.342696, 18.578703 77.339167, 18.578981 77.335639, 18.579259 77.332110, 18.579537 77.328582, 18.579815 77.325053, 18.580093 77.321524, 18.580371 77.317996, 18.580648 77.314467, 18.580926 77.310939, 18.581203 77.307410, 18.581480 77.303882, 18.581757 77.300353, 18.582033 77.296825, 18.582310 77.293296, 18.582586 77.289767, 18.582863 77.286239, 18.583139 77.282710, 18.583415 77.279182, 18.583691 77.275653, 18.583966 77.272125, 18.584242 77.268596, 18.584517 77.265067, 18.584792 77.261539, 18.585067 77.258010, 18.585342 77.254482, 18.585617 77.250953, 18.585892 77.247425, 18.586166 77.243896, 18.586441 77.240367, 18.586715 77.236839, 18.586989 77.233310, 18.587263 77.229782, 18.587536 77.226253, 18.587810 77.222725, 18.588083 77.219196, 18.588357 77.215667, 18.588630 77.212139, 18.588903 77.208610, 18.589176 77.205082, 18.589448 77.201553, 18.589721 77.198025, 18.589993 77.194496, 18.590265 77.190967, 18.590538 77.187439, 18.590809 77.183910, 18.591081 77.180382, 18.591353 77.176853, 18.591624 77.173325, 18.591896 77.169796, 18.592167 77.166267, 18.592438 77.162739, 18.592709 77.159210, 18.592980 77.155682, 18.593250 77.152153, 18.593521 77.148624, 18.593791 77.145096, 18.594061 77.141567, 18.594331 77.138039, 18.594601 77.134510, 18.594871 77.130982, 18.595141 77.127453, 18.595410 77.123924, 18.595680 77.120396, 18.595949 77.116867, 18.596218 77.113339, 18.596487 77.109810, 18.596755 77.106282, 18.597024 77.102753, 18.597292 77.099224, 18.597561 77.095696, 18.597829 77.092167, 18.598097 77.088639, 18.598365 77.085110, 18.598632 77.081581, 18.598900 77.078053, 18.599167 77.074524, 18.599435 77.070996, 18.599702 77.067467, 18.599969 77.063938, 18.600236 77.060410, 18.600503 77.056881, 18.600769 77.053353, 18.601036 77.049824, 18.601302 77.046296, 18.601568 77.042767, 18.601834 77.039238, 18.602100 77.035710, 18.602366 77.032181, 18.602631 77.028653, 18.602897 77.025124, 18.603162 77.021595, 18.603427 77.018067, 18.603692 77.014538, 18.603957 77.011010, 18.604222 77.007481, 18.604486 77.003953, 18.604751 77.000424, 18.605015 76.996895, 18.605279 76.993367, 18.605543 76.989838, 18.605807 76.986310, 18.606071 76.982781, 18.606335 76.979252, 18.606598 76.975724, 18.606861 76.972195, 18.607125 76.968667, 18.607388 76.965138, 18.607650 76.961609, 18.607913 76.958081, 18.608176 76.954552, 18.608438 76.951024, 18.608701 76.947495, 18.608963 76.943966, 18.609225 76.940438, 18.609487 76.936909, 18.609749 76.933381, 18.610010 76.929852, 18.610272 76.926323, 18.610533 76.922795, 18.610794 76.919266, 18.611056 76.915738, 18.611317 76.912209, 18.611577 76.908680, 18.611838 76.905152, 18.612099 76.901623, 18.612359 76.898095, 18.612619 76.894566, 18.612879 76.891037, 18.613139 76.887509, 18.613399 76.883980, 18.613659 76.880452, 18.613919 76.876923, 18.614178 76.873394, 18.614437 76.869866, 18.614696 76.866337, 18.614956 76.862809, 18.615214 76.859280, 18.615473 76.855751, 18.615732 76.852223, 18.615990 76.848694, 18.616249 76.845166, 18.616507 76.841637, 18.616765 76.838108, 18.617023 76.834580, 18.617281 76.831051, 18.617538 76.827523, 18.617796 76.823994, 18.618053 76.820465, 18.618311 76.816937, 18.618568 76.813408, 18.618825 76.809880, 18.619082 76.806351, 18.619338 76.802822, 18.619595 76.799294, 18.619851 76.795765, 18.620108 76.792237, 18.620364 76.788708, 18.620620 76.785179, 18.620876 76.781651, 18.621132 76.778122, 18.621387 76.774594, 18.621643 76.771065, 18.621898 76.767536, 18.622153 76.764008, 18.622409 76.760479, 18.622663 76.756951, 18.622918 76.753422, 18.623173 76.749893, 18.623428 76.746365, 18.623682 76.742836, 18.623936 76.739308, 18.624191 76.735779, 18.624445 76.732250, 18.624699 76.728722, 18.624952 76.725193, 18.625206 76.721664, 18.625460 76.718136, 18.625713 76.714607, 18.625966 76.711079, 18.626219 76.707550, 18.626472 76.704021, 18.626725 76.700493, 18.626978 76.696964, 18.627230 76.693436, 18.627483 76.689907, 18.627735 76.686378, 18.627987 76.682850, 18.628240 76.679321, 18.628491 76.675793, 18.628743 76.672264, 18.628995 76.668735, 18.629247 76.665207, 18.629498 76.661678, 18.629749 76.658149, 18.630000 76.654621, 18.630251 76.651092, 18.630502 76.647564, 18.630753 76.644035, 18.631004 76.640506, 18.631254 76.636978, 18.631505 76.633449, 18.631755 76.629921, 18.632005 76.626392, 18.632255 76.622863, 18.632505 76.619335, 18.632755 76.615806, 18.633004 76.612277, 18.633254 76.608749, 18.633503 76.605220, 18.633752 76.601692, 18.634001 76.598163, 18.634250 76.594634, 18.634499 76.591106, 18.634748 76.587577, 18.634996 76.584048, 18.635245 76.580520, 18.635493 76.576991, 18.635741 76.573463, 18.635989 76.569934, 18.636237 76.566405, 18.636485 76.562877, 18.636733 76.559348, 18.636980 76.555819, 18.637228 76.552291, 18.637475 76.548762, 18.637722 76.545234, 18.637969 76.541705, 18.638216 76.538176, 18.638463 76.534648, 18.638709 76.531119, 18.638956 76.527591, 18.639202 76.524062, 18.639449 76.520533, 18.639695 76.517005, 18.639941 76.513476, 18.640187 76.509947, 18.640432 76.506419, 18.640678 76.502890, 18.640924 76.499362, 18.641169 76.495833, 18.641414 76.492304, 18.641659 76.488776, 18.641904 76.485247, 18.642149 76.481718, 18.642394 76.478190, 18.642639 76.474661, 18.642883 76.471132, 18.643128 76.467604, 18.643372 76.464075, 18.643616 76.460547, 18.643860 76.457018, 18.644104 76.453489, 18.644348 76.449961, 18.644591 76.446432, 18.644835 76.442903, 18.645078 76.439375, 18.645321 76.435846, 18.645565 76.432318, 18.645808 76.428789, 18.646051 76.425260, 18.646293 76.421732, 18.646536 76.418203, 18.646778 76.414674, 18.647021 76.411146, 18.647263 76.407617, 18.647505 76.404089, 18.647747 76.400560, 18.647989 76.397031, 18.648231 76.393503, 18.648473 76.389974, 18.648714 76.386445, 18.648956 76.382917, 18.649197 76.379388, 18.649438 76.375859, 18.649679 76.372331, 18.649920 76.368802, 18.650161 76.365274, 18.650402 76.361745, 18.650642 76.358216, 18.650882 76.354688, 18.651123 76.351159, 18.651363 76.347630, 18.651603 76.344102, 18.651843 76.340573, 18.652083 76.337044, 18.652323 76.333516, 18.652562 76.329987, 18.652802 76.326459, 18.653041 76.322930, 18.653280 76.319401, 18.653519 76.315873, 18.653758 76.312344, 18.653997 76.308815, 18.654236 76.305287, 18.654474 76.301758, 18.654713 76.298229, 18.654951 76.294701, 18.655190 76.291172, 18.655428 76.287644, 18.655666 76.284115, 18.655904 76.280586, 18.656141 76.277058, 18.656379 76.273529, 18.656617 76.270000, 18.656854 76.266472, 18.657091 76.262943, 18.657328 76.259414, 18.657565 76.255886, 18.657802 76.252357, 18.658039 76.248828, 18.658276 76.245300, 18.658512 76.241771, 18.658749 76.238243, 18.658985 76.234714, 18.659221 76.231185, 18.659458 76.227657, 18.659694 76.224128, 18.659929 76.220599, 18.660165 76.217071, 18.660401 76.213542, 18.660636 76.210013, 18.660872 76.206485, 18.661107 76.202956, 18.661342 76.199427, 18.661577 76.195899, 18.661812 76.192370, 18.662047 76.188842, 18.662282 76.185313, 18.662516 76.181784, 18.662751 76.178256, 18.662985 76.174727, 18.663219 76.171198, 18.663453 76.167670, 18.663687 76.164141, 18.663921 76.160612, 18.664155 76.157084, 18.664388 76.153555, 18.664622 76.150026, 18.664855 76.146498, 18.665089 76.142969, 18.665322 76.139440, 18.665555 76.135912, 18.665788 76.132383, 18.666021 76.128854, 18.666253 76.125326, 18.666486 76.121797, 18.666718 76.118269, 18.666951 76.114740, 18.667183 76.111211, 18.667415 76.107683, 18.667647 76.104154, 18.667879 76.100625, 18.668111 76.097097, 18.668342 76.093568, 18.668574 76.090039, 18.668805 76.086511, 18.669037 76.082982, 18.669268 76.079453, 18.669499 76.075925, 18.669730 76.072396, 18.669961 76.068867, 18.670191 76.065339, 18.670422 76.061810, 18.670653 76.058281, 18.670883 76.054753, 18.671113 76.051224, 18.671343 76.047695, 18.671574 76.044167, 18.671803 76.040638, 18.672033 76.037110, 18.672263 76.033581, 18.672493 76.030052, 18.672722 76.026524, 18.672951 76.022995, 18.673181 76.019466, 18.673410 76.015938, 18.673639 76.012409, 18.673868 76.008880, 18.674097 76.005352, 18.674325 76.001823, 18.674554 75.998294, 18.674782 75.994766, 18.675011 75.991237, 18.675239 75.987708, 18.675467 75.984180, 18.675695 75.980651, 18.675923 75.977122, 18.676151 75.973594, 18.676378 75.970065, 18.676606 75.966536, 18.676833 75.963008, 18.677061 75.959479, 18.677288 75.955950, 18.677515 75.952422, 18.677742 75.948893, 18.677969 75.945364, 18.678196 75.941836, 18.678422 75.938307, 18.678649 75.934778, 18.678875 75.931250, 18.679102 75.927721, 18.679328 75.924192, 18.679554 75.920664, 18.679780 75.917135, 18.680006 75.913606, 18.680232 75.910078, 18.680457 75.906549, 18.680683 75.903020, 18.680908 75.899492, 18.681134 75.895963, 18.681359 75.892434, 18.681584 75.888906, 18.681809 75.885377, 18.682034 75.881848, 18.682259 75.878320, 18.682484 75.874791, 18.682708 75.871262, 18.682933 75.867734, 18.683157 75.864205, 18.683381 75.860676, 18.683605 75.857148, 18.683829 75.853619, 18.684053 75.850090, 18.684277 75.846562, 18.684501 75.843033, 18.684724 75.839504, 18.684948 75.835976, 18.685171 75.832447, 18.685394 75.828918, 18.685618 75.825390, 18.685841 75.821861, 18.686063 75.818332, 18.686286 75.814804, 18.686509 75.811275, 18.686732 75.807746, 18.686954 75.804218, 18.687176 75.800689, 18.687399 75.797160, 18.687621 75.793632, 18.687843 75.790103, 18.688065 75.786574, 18.688287 75.783046, 18.688509 75.779517, 18.688730 75.775988, 18.688952 75.772460, 18.689173 75.768931, 18.689394 75.765402, 18.689616 75.761874, 18.689837 75.758345, 18.690058 75.754816, 18.690279 75.751288, 18.690499 75.747759, 18.690720 75.744230, 18.690941 75.740702, 18.691161 75.737173, 18.691381 75.733644, 18.691602 75.730116, 18.691822 75.726587, 18.692042 75.723058, 18.692262 75.719530, 18.692481 75.716001, 18.692701 75.712472, 18.692921 75.708944, 18.693140 75.705415, 18.693360 75.701886, 18.693579 75.698358, 18.693798 75.694829, 18.694017 75.691300, 18.694236 75.687772, 18.694455 75.684243, 18.694674 75.680714, 18.694892 75.677186, 18.695111 75.673657, 18.695329 75.670128, 18.695548 75.666599, 18.695766 75.663071, 18.695984 75.659542, 18.696202 75.656013, 18.696420 75.652485, 18.696638 75.648956, 18.696855 75.645427, 18.697073 75.641899, 18.697290 75.638370, 18.697508 75.634841, 18.697725 75.631313, 18.697942 75.627784, 18.698159 75.624255, 18.698376 75.620727, 18.698593 75.617198, 18.698810 75.613669, 18.699027 75.610141, 18.699243 75.606612, 18.699460 75.603083, 18.699676 75.599555, 18.699892 75.596026, 18.700108 75.592497, 18.700324 75.588969, 18.700540 75.585440, 18.700756 75.581911, 18.700972 75.578382, 18.701187 75.574854, 18.701403 75.571325, 18.701618 75.567796, 18.701834 75.564268, 18.702049 75.560739, 18.702264 75.557210, 18.702479 75.553682, 18.702694 75.550153, 18.702909 75.546624, 18.703123 75.543096, 18.703338 75.539567, 18.703552 75.536038, 18.703767 75.532510, 18.703981 75.528981, 18.704195 75.525452, 18.704409 75.521924, 18.704623 75.518395, 18.704837 75.514866, 18.705051 75.511337, 18.705265 75.507809, 18.705478 75.504280, 18.705692 75.500751, 18.705905 75.497223, 18.706118 75.493694, 18.706331 75.490165, 18.706545 75.486637, 18.706758 75.483108, 18.706970 75.479579, 18.707183 75.476051, 18.707396 75.472522, 18.707608 75.468993, 18.707821 75.465465, 18.708033 75.461936, 18.708245 75.458407, 18.708458 75.454878, 18.708670 75.451350, 18.708882 75.447821, 18.709093 75.444292, 18.709305 75.440764, 18.709517 75.437235, 18.709728 75.433706, 18.709940 75.430178, 18.710151 75.426649, 18.710362 75.423120, 18.710574 75.419592, 18.710785 75.416063, 18.710995 75.412534, 18.711206 75.409006, 18.711417 75.405477, 18.711628 75.401948, 18.711838 75.398419, 18.712049 75.394891, 18.712259 75.391362, 18.712469 75.387833, 18.712679 75.384305, 18.712890 75.380776, 18.713099 75.377247, 18.713309 75.373719, 18.713519 75.370190, 18.713729 75.366661, 18.713938 75.363132, 18.714148 75.359604, 18.714357 75.356075, 18.714566 75.352546, 18.714776 75.349018, 18.714985 75.345489, 18.715194 75.341960, 18.715402 75.338432, 18.715611 75.334903, 18.715820 75.331374, 18.716028 75.327846, 18.716237 75.324317, 18.716445 75.320788, 18.716654 75.317259, 18.716862 75.313731, 18.717070 75.310202, 18.717278 75.306673, 18.717486 75.303145, 18.717693 75.299616, 18.717901 75.296087, 18.718109 75.292559, 18.718316 75.289030, 18.718524 75.285501, 18.718731 75.281972, 18.718938 75.278444, 18.719145 75.274915, 18.719352 75.271386, 18.719559 75.267858, 18.719766 75.264329, 18.719973 75.260800, 18.720179 75.257272, 18.720386 75.253743, 18.720592 75.250214, 18.720799 75.246685, 18.721005 75.243157, 18.721211 75.239628, 18.721417 75.236099, 18.721623 75.232571, 18.721829 75.229042, 18.722035 75.225513, 18.722240 75.221985, 18.722446 75.218456, 18.722651 75.214927, 18.722857 75.211398, 18.723062 75.207870, 18.723267 75.204341, 18.723472 75.200812, 18.723677 75.197284, 18.723882 75.193755, 18.724087 75.190226, 18.724292 75.186698, 18.724496 75.183169, 18.724701 75.179640, 18.724905 75.176111, 18.725109 75.172583, 18.725314 75.169054, 18.725518 75.165525, 18.725722 75.161997, 18.725926 75.158468, 18.726130 75.154939, 18.726333 75.151411, 18.726537 75.147882, 18.726741 75.144353, 18.726944 75.140824, 18.727147 75.137296, 18.727351 75.133767, 18.727554 75.130238, 18.727757 75.126710, 18.727960 75.123181, 18.728163 75.119652, 18.728366 75.116123, 18.728568 75.112595, 18.728771 75.109066, 18.728974 75.105537, 18.729176 75.102009, 18.729378 75.098480, 18.729581 75.094951, 18.729783 75.091422, 18.729985 75.087894, 18.730187 75.084365, 18.730389 75.080836, 18.730590 75.077308, 18.730792 75.073779, 18.730994 75.070250, 18.731195 75.066722, 18.731397 75.063193, 18.731598 75.059664, 18.731799 75.056135, 18.732000 75.052607, 18.732201 75.049078, 18.732402 75.045549, 18.732603 75.042021, 18.732804 75.038492, 18.733004 75.034963, 18.733205 75.031434, 18.733405 75.027906, 18.733606 75.024377, 18.733806 75.020848, 18.734006 75.017320, 18.734206 75.013791, 18.734406 75.010262, 18.734606 75.006733, 18.734806 75.003205, 18.735006 74.999676, 18.735206 74.996147, 18.735405 74.992619, 18.735605 74.989090, 18.735804 74.985561, 18.736003 74.982032, 18.736203 74.978504, 18.736402 74.974975, 18.736601 74.971446, 18.736800 74.967918, 18.736998 74.964389, 18.737197 74.960860, 18.737396 74.957331, 18.737594 74.953803, 18.737793 74.950274, 18.737991 74.946745, 18.738189 74.943217, 18.738388 74.939688, 18.738586 74.936159, 18.738784 74.932630, 18.738982 74.929102, 18.739179 74.925573, 18.739377 74.922044, 18.739575 74.918516, 18.739772 74.914987, 18.739970 74.911458, 18.740167 74.907929, 18.740365 74.904401, 18.740562 74.900872, 18.740759 74.897343, 18.740956 74.893815, 18.741153 74.890286, 18.741350 74.886757, 18.741546 74.883228, 18.741743 74.879700, 18.741940 74.876171, 18.742136 74.872642, 18.742332 74.869114, 18.742529 74.865585, 18.742725 74.862056, 18.742921 74.858527, 18.743117 74.854999, 18.743313 74.851470, 18.743509 74.847941, 18.743705 74.844412, 18.743900 74.840884, 18.744096 74.837355, 18.744291 74.833826, 18.744487 74.830298, 18.744682 74.826769, 18.744877 74.823240, 18.745072 74.819711, 18.745268 74.816183, 18.745463 74.812654, 18.745657 74.809125, 18.745852 74.805597, 18.746047 74.802068, 18.746241 74.798539, 18.746436 74.795010, 18.746630 74.791482, 18.746825 74.787953, 18.747019 74.784424, 18.747213 74.780895, 18.747407 74.777367, 18.747601 74.773838, 18.747795 74.770309, 18.747989 74.766781, 18.748183 74.763252, 18.748376 74.759723, 18.748570 74.756194, 18.748763 74.752666, 18.748957 74.749137, 18.749150 74.745608, 18.749343 74.742080, 18.749536 74.738551, 18.749729 74.735022, 18.749922 74.731493, 18.750115 74.727965, 18.750308 74.724436, 18.750501 74.720907, 18.750693 74.717378, 18.750886 74.713850, 18.751078 74.710321, 18.751271 74.706792, 18.751463 74.703264, 18.751655 74.699735, 18.751847 74.696206, 18.752039 74.692677, 18.752231 74.689149, 18.752423 74.685620, 18.752615 74.682091, 18.752806 74.678562, 18.752998 74.675034, 18.753189 74.671505, 18.753381 74.667976, 18.753572 74.664448, 18.753763 74.660919, 18.753954 74.657390, 18.754145 74.653861, 18.754336 74.650333, 18.754527 74.646804, 18.754718 74.643275, 18.754909 74.639746, 18.755099 74.636218, 18.755290 74.632689, 18.755480 74.629160, 18.755671 74.625632, 18.755861 74.622103, 18.756051 74.618574, 18.756241 74.615045, 18.756431 74.611517, 18.756621 74.607988, 18.756811 74.604459, 18.757001 74.600930, 18.757190 74.597402, 18.757380 74.593873, 18.757569 74.590344, 18.757759 74.586815, 18.757948 74.583287, 18.758138 74.579758, 18.758327 74.576229, 18.758516 74.572701, 18.758705 74.569172, 18.758894 74.565643, 18.759083 74.562114, 18.759271 74.558586, 18.759460 74.555057, 18.759649 74.551528, 18.759837 74.547999, 18.760025 74.544471, 18.760214 74.540942, 18.760402 74.537413, 18.760590 74.533884, 18.760778 74.530356, 18.760966 74.526827, 18.761154 74.523298, 18.761342 74.519770, 18.761530 74.516241, 18.761717 74.512712, 18.761905 74.509183, 18.762092 74.505655, 18.762280 74.502126, 18.762467 74.498597, 18.762654 74.495068, 18.762842 74.491540, 18.763029 74.488011, 18.763216 74.484482, 18.763403 74.480953, 18.763589 74.477425, 18.763776 74.473896, 18.763963 74.470367, 18.764149 74.466838, 18.764336 74.463310, 18.764522 74.459781, 18.764709 74.456252, 18.764895 74.452724, 18.765081 74.449195, 18.765267 74.445666, 18.765453 74.442137, 18.765639 74.438609, 18.765825 74.435080, 18.766011 74.431551, 18.766196 74.428022, 18.766382 74.424494, 18.766567 74.420965, 18.766753 74.417436, 18.766938 74.413907, 18.767123 74.410379, 18.767309 74.406850, 18.767494 74.403321, 18.767679 74.399792, 18.767864 74.396264, 18.768049 74.392735, 18.768233 74.389206, 18.768418 74.385677, 18.768603 74.382149, 18.768787 74.378620, 18.768972 74.375091, 18.769156 74.371562, 18.769340 74.368034, 18.769525 74.364505, 18.769709 74.360976, 18.769893 74.357448, 18.770077 74.353919, 18.770261 74.350390, 18.770444 74.346861, 18.770628 74.343333, 18.770812 74.339804, 18.770995 74.336275, 18.771179 74.332746, 18.771362 74.329218, 18.771545 74.325689, 18.771729 74.322160, 18.771912 74.318631, 18.772095 74.315103, 18.772278 74.311574, 18.772461 74.308045, 18.772644 74.304516, 18.772826 74.300988, 18.773009 74.297459, 18.773192 74.293930, 18.773374 74.290401, 18.773557 74.286873, 18.773739 74.283344, 18.773921 74.279815, 18.774103 74.276286, 18.774286 74.272758, 18.774468 74.269229, 18.774650 74.265700, 18.774831 74.262171, 18.775013 74.258643, 18.775195 74.255114, 18.775377 74.251585, 18.775558 74.248056, 18.775740 74.244528, 18.775921 74.240999, 18.776102 74.237470, 18.776284 74.233941, 18.776465 74.230413, 18.776646 74.226884, 18.776827 74.223355, 18.777008 74.219826, 18.777189 74.216298, 18.777369 74.212769, 18.777550 74.209240, 18.777731 74.205711, 18.777911 74.202183, 18.778092 74.198654, 18.778272 74.195125, 18.778452 74.191596, 18.778633 74.188068, 18.778813 74.184539, 18.778993 74.181010, 18.779173 74.177481, 18.779353 74.173953, 18.779533 74.170424, 18.779712 74.166895, 18.779892 74.163366, 18.780072 74.159838, 18.780251 74.156309, 18.780431 74.152780, 18.780610 74.149251, 18.780789 74.145723, 18.780968 74.142194, 18.781147 74.138665, 18.781327 74.135136, 18.781506 74.131608, 18.781684 74.128079, 18.781863 74.124550, 18.782042 74.121021, 18.782221 74.117493, 18.782399 74.113964, 18.782578 74.110435, 18.782756 74.106906, 18.782935 74.103378, 18.783113 74.099849, 18.783291 74.096320, 18.783469 74.092791, 18.783647 74.089263, 18.783825 74.085734, 18.784003 74.082205, 18.784181 74.078676, 18.784359 74.075148, 18.784536 74.071619, 18.784714 74.068090, 18.784891 74.064561, 18.785069 74.061033, 18.785246 74.057504, 18.785423 74.053975, 18.785601 74.050446, 18.785778 74.046918, 18.785955 74.043389, 18.786132 74.039860, 18.786309 74.036331, 18.786485 74.032803, 18.786662 74.029274, 18.786839 74.025745, 18.787015 74.022216, 18.787192 74.018688, 18.787368 74.015159, 18.787545 74.011630, 18.787721 74.008101, 18.787897 74.004573, 18.788073 74.001044, 18.788249 73.997515, 18.788425 73.993986, 18.788601 73.990457, 18.788777 73.986929, 18.788953 73.983400, 18.789129 73.979871, 18.789304 73.976342, 18.789480 73.972814, 18.789655 73.969285, 18.789831 73.965756, 18.790006 73.962227, 18.790181 73.958699, 18.790356 73.955170, 18.790531 73.951641, 18.790706 73.948112, 18.790881 73.944584, 18.791056 73.941055, 18.791231 73.937526, 18.791406 73.933997, 18.791580 73.930469, 18.791755 73.926940, 18.791929 73.923411, 18.792104 73.919882, 18.792278 73.916354, 18.792452 73.912825, 18.792627 73.909296, 18.792801 73.905767, 18.792975 73.902238, 18.793149 73.898710, 18.793323 73.895181, 18.793496 73.891652, 18.793670 73.888123, 18.793844 73.884595, 18.794017 73.881066, 18.794191 73.877537, 18.794364 73.874008, 18.794538 73.870480, 18.794711 73.866951, 18.794884 73.863422, 18.795057 73.859893, 18.795230 73.856365, 18.795403 73.852836, 18.795576 73.849307, 18.795749 73.845778, 18.795922 73.842250, 18.796095 73.838721, 18.796267 73.835192, 18.796440 73.831663, 18.796612 73.828134, 18.796785 73.824606, 18.796957 73.821077, 18.797129 73.817548, 18.797302 73.814019, 18.797474 73.810491, 18.797646 73.806962, 18.797818 73.803433, 18.797990 73.799904, 18.798162 73.796376, 18.798333 73.792847, 18.798505 73.789318, 18.798677 73.785789, 18.798848 73.782261, 18.799020 73.778732, 18.799191 73.775203, 18.799362 73.771674, 18.799534 73.768145, 18.799705 73.764617, 18.799876 73.761088, 18.800047 73.757559, 18.800218 73.754030, 18.800389 73.750502, 18.800560 73.746973, 18.800730 73.743444, 18.800901 73.739915, 18.801072 73.736387, 18.801242 73.732858, 18.801413 73.729329, 18.801583 73.725800, 18.801753 73.722271, 18.801924 73.718743, 18.802094 73.715214, 18.802264 73.711685, 18.802434 73.708156, 18.802604 73.704628, 18.802774 73.701099, 18.802943 73.697570, 18.803113 73.694041, 18.803283 73.690513, 18.803452 73.686984, 18.803622 73.683455, 18.803791 73.679926, 18.803961 73.676397, 18.804130 73.672869, 18.804299 73.669340, 18.804469 73.665811, 18.804638 73.662282, 18.804807 73.658754, 18.804976 73.655225, 18.805144 73.651696, 18.805313 73.648167, 18.805482 73.644639, 18.805651 73.641110, 18.805819 73.637581, 18.805988 73.634052, 18.806156 73.630523, 18.806325 73.626995, 18.806493 73.623466, 18.806661 73.619937, 18.806829 73.616408, 18.806998 73.612880, 18.807166 73.609351, 18.807334 73.605822, 18.807501 73.602293, 18.807669 73.598764, 18.807837 73.595236, 18.808005 73.591707, 18.808172 73.588178, 18.808340 73.584649, 18.808507 73.581121, 18.808675 73.577592, 18.808842 73.574063, 18.809009 73.570534, 18.809177 73.567006, 18.809344 73.563477, 18.809511 73.559948, 18.809678 73.556419, 18.809845 73.552890, 18.810011 73.549362, 18.810178 73.545833, 18.810345 73.542304, 18.810512 73.538775, 18.810678 73.535247, 18.810845 73.531718, 18.811011 73.528189, 18.811177 73.524660, 18.811344 73.521131, 18.811510 73.517603, 18.811676 73.514074, 18.811842 73.510545, 18.812008 73.507016, 18.812174 73.503488, 18.812340 73.499959, 18.812506 73.496430, 18.812672 73.492901, 18.812837 73.489372, 18.813003 73.485844, 18.813168 73.482315, 18.813334 73.478786, 18.813499 73.475257, 18.813665 73.471729, 18.813830 73.468200, 18.813995 73.464671, 18.814160 73.461142, 18.814325 73.457613, 18.814490 73.454085, 18.814655 73.450556, 18.814820 73.447027, 18.814985 73.443498, 18.815149 73.439970, 18.815314 73.436441, 18.815479 73.432912, 18.815643 73.429383, 18.815808 73.425854, 18.815972 73.422326, 18.816136 73.418797, 18.816300 73.415268, 18.816465 73.411739, 18.816629 73.408211, 18.816793 73.404682, 18.816957 73.401153, 18.817121 73.397624, 18.817284 73.394095, 18.817448 73.390567, 18.817612 73.387038, 18.817776 73.383509, 18.817939 73.379980, 18.818103 73.376452, 18.818266 73.372923, 18.818429 73.369394, 18.818593 73.365865, 18.818756 73.362336, 18.818919 73.358808, 18.819082 73.355279, 18.819245 73.351750, 18.819408 73.348221, 18.819571 73.344692, 18.819734 73.341164, 18.819896 73.337635, 18.820059 73.334106, 18.820222 73.330577, 18.820384 73.327049, 18.820547 73.323520, 18.820709 73.319991, 18.820872 73.316462, 18.821034 73.312933, 18.821196 73.309405, 18.821358 73.305876, 18.821520 73.302347, 18.821682 73.298818, 18.821844 73.295289, 18.822006 73.291761, 18.822168 73.288232, 18.822330 73.284703, 18.822491 73.281174, 18.822653 73.277646, 18.822815 73.274117, 18.822976 73.270588, 18.823137 73.267059, 18.823299 73.263530, 18.823460 73.260002, 18.823621 73.256473, 18.823782 73.252944, 18.823944 73.249415, 18.824105 73.245887, 18.824266 73.242358, 18.824426 73.238829, 18.824587 73.235300, 18.824748 73.231771, 18.824909 73.228243, 18.825069 73.224714, 18.825230 73.221185, 18.825390 73.217656, 18.825551 73.214127, 18.825711 73.210599, 18.825871 73.207070, 18.826032 73.203541, 18.826192 73.200012, 18.826352 73.196483, 18.826512 73.192955, 18.826672 73.189426, 18.826832 73.185897, 18.826992 73.182368, 18.827152 73.178840, 18.827311 73.175311, 18.827471 73.171782, 18.827630 73.168253, 18.827790 73.164724, 18.827949 73.161196, 18.828109 73.157667, 18.828268 73.154138, 18.828427 73.150609, 18.828587 73.147080, 18.828746 73.143552, 18.828905 73.140023, 18.829064 73.136494, 18.829223 73.132965, 18.829382 73.129436, 18.829540 73.125908, 18.829699 73.122379, 18.829858 73.118850, 18.830016 73.115321, 18.830175 73.111793, 18.830333 73.108264, 18.830492 73.104735, 18.830650 73.101206, 18.830809 73.097677, 18.830967 73.094149, 18.831125 73.090620, 18.831283 73.087091, 18.831441 73.083562, 18.831599 73.080033, 18.831757 73.076505, 18.831915 73.072976, 18.832073 73.069447, 18.832230 73.065918, 18.832388 73.062389, 18.832545 73.058861, 18.832703 73.055332, 18.832860 73.051803, 18.833018 73.048274, 18.833175 73.044745, 18.833332 73.041217, 18.833490 73.037688, 18.833647 73.034159, 18.833804 73.030630, 18.833961 73.027102, 18.834118 73.023573, 18.834275 73.020044, 18.834432 73.016515, 18.834588 73.012986, 18.834745 73.009458, 18.834902 73.005929, 18.835058 73.002400, 18.835215 72.998871, 18.835371 72.995342, 18.835528 72.991814, 18.835684 72.988285, 18.835840 72.984756, 18.835996 72.981227, 18.836152 72.977698, 18.836309 72.974170, 18.836465 72.970641, 18.836621 72.967112, 18.836776 72.963583, 18.836932 72.960054, 18.837088 72.956526, 18.837244 72.952997, 18.837399 72.949468, 18.837555 72.945939, 18.837710 72.942410, 18.837866 72.938882, 18.838021 72.935353, 18.838176 72.931824, 18.838332 72.928295, 18.838487 72.924766, 18.838642 72.921238, 18.838797 72.917709, 18.838952 72.914180, 18.839107 72.910651, 18.839262 72.907122, 18.839417 72.903594, 18.839572 72.900065, 18.839726 72.896536, 18.839881 72.893007, 18.840035 72.889478, 18.840190 72.885950, 18.840344 72.882421, 18.840499 72.878892, 18.840653 72.875363, 18.840807 72.871834, 18.840962 72.868306, 18.841116 72.864777, 18.841270 72.861248, 18.841424 72.857719, 18.841578 72.854190, 18.841732 72.850662, 18.841886 72.847133, 18.842039 72.843604, 18.842193 72.840075, 18.842347 72.836546, 18.842500 72.833018, 18.842654 72.829489, 18.842807 72.825960, 18.842961 72.822431, 18.843114 72.818902, 18.843267 72.815374, 18.843421 72.811845, 18.843574 72.808316, 18.843727 72.804787, 18.843880 72.801258, 18.844033 72.797730, 18.844186 72.794201, 18.844339 72.790672, 18.844491 72.787143, 18.844644 72.783614, 18.844797 72.780086, 18.844949 72.776557, 18.845102 72.773028, 18.845254 72.769499, 18.845407 72.765970, 18.845559 72.762442, 18.845712 72.758913, 18.845864 72.755384, 18.846016 72.751855, 18.846168 72.748326, 18.846320 72.744798, 18.846472 72.741269, 18.846624 72.737740, 18.846776 72.734211, 18.846928 72.730682, 18.847080 72.727154, 18.847231 72.723625, 18.847383 72.720096, 18.847535 72.716567, 18.847686 72.713038, 18.847838 72.709510, 18.847989 72.705981, 18.848140 72.702452, 18.848292 72.698923, 18.848443 72.695394, 18.848594 72.691866, 18.848745 72.688337, 18.848896 72.684808, 18.849047 72.681279, 18.849198 72.677750, 18.849349 72.674222, 18.849500 72.670693, 18.849650 72.667164, 18.849801 72.663635, 18.849952 72.660106, 18.850102 72.656578, 18.850253 72.653049, 18.850403 72.649520, 18.850554 72.645991, 18.850704 72.642462, 18.850854 72.638933, 18.851005 72.635405, 18.851155 72.631876, 18.851305 72.628347, 18.851455 72.624818, 18.851605 72.621289, 18.851755 72.617761, 18.851905 72.614232, 18.852054 72.610703, 18.852204 72.607174, 18.852354 72.603645, 18.852503 72.600117, 18.852653 72.596588, 18.852803 72.593059, 18.852952 72.589530, 18.853101 72.586001, 18.853251 72.582473, 18.853400 72.578944, 18.853549 72.575415, 18.853698 72.571886, 18.853847 72.568357, 18.853997 72.564829, 18.854146 72.561300, 18.854294 72.557771, 18.854443 72.554242, 18.854592 72.550713, 18.854741 72.547184, 18.854890 72.543656, 18.855038 72.540127, 18.855187 72.536598, 18.855335 72.533069, 18.855484 72.529540, 18.855632 72.526012, 18.855780 72.522483, 18.855929 72.518954, 18.856077 72.515425, 18.856225 72.511896, 18.856373 72.508368, 18.856521 72.504839, 18.856669 72.501310, 18.856817 72.497781, 18.856965 72.494252, 18.857113 72.490724, 18.857261 72.487195, 18.857408 72.483666, 18.857556 72.480137, 18.857704 72.476608, 18.857851 72.473079, 18.857999 72.469551, 18.858146 72.466022, 18.858293 72.462493, 18.858441 72.458964, 18.858588 72.455435, 18.858735 72.451907, 18.858882 72.448378, 18.859029 72.444849, 18.859176 72.441320, 18.859323 72.437791, 18.859470 72.434263, 18.859617 72.430734, 18.859764 72.427205, 18.859911 72.423676, 18.860057 72.420147, 18.860204 72.416618, 18.860350 72.413090, 18.860497 72.409561, 18.860643 72.406032, 18.860790 72.402503, 18.860936 72.398974, 18.861082 72.395446, 18.861229 72.391917, 18.861375 72.388388, 18.861521 72.384859, 18.861667 72.381330, 18.861813 72.377802, 18.861959 72.374273, 18.862105 72.370744, 18.862251 72.367215, 18.862396 72.363686, 18.862542 72.360157, 18.862688 72.356629, 18.862833 72.353100, 18.862979 72.349571, 18.863124 72.346042, 18.863270 72.342513, 18.863415 72.338985, 18.863560 72.335456, 18.863706 72.331927, 18.863851 72.328398, 18.863996 72.324869, 18.864141 72.321340, 18.864286 72.317812, 18.864431 72.314283, 18.864576 72.310754, 18.864721 72.307225, 18.864866 72.303696, 18.865010 72.300168, 18.865155 72.296639, 18.865300 72.293110, 18.865444 72.289581, 18.865589 72.286052, 18.865733 72.282523, 18.865878 72.278995, 18.866022 72.275466, 18.866166 72.271937, 18.866311 72.268408, 18.866455 72.264879, 18.866599 72.261351, 18.866743 72.257822, 18.866887 72.254293, 18.867031 72.250764, 18.867175 72.247235, 18.867319 72.243706, 18.867463 72.240178, 18.867607 72.236649, 18.867750 72.233120, 18.867894 72.229591, 18.868037 72.226062, 18.868181 72.222534, 18.868324 72.219005, 18.868468 72.215476, 18.868611 72.211947, 18.868755 72.208418, 18.868898 72.204889, 18.869041 72.201361, 18.869184 72.197832, 18.869327 72.194303, 18.869470 72.190774, 18.869613 72.187245, 18.869756 72.183717, 18.869899 72.180188, 18.870042 72.176659, 18.870185 72.173130, 18.870327 72.169601, 18.870470 72.166072, 18.870613 72.162544, 18.870755 72.159015, 18.870898 72.155486, 18.871040 72.151957, 18.871182 72.148428, 18.871325 72.144900, 18.871467 72.141371, 18.871609 72.137842, 18.871751 72.134313, 18.871894 72.130784, 18.872036 72.127255, 18.872178 72.123727, 18.872320 72.120198, 18.872461 72.116669, 18.872603 72.113140, 18.872745 72.109611, 18.872887 72.106082, 18.873028 72.102554, 18.873170 72.099025, 18.873312 72.095496, 18.873453 72.091967, 18.873595 72.088438, 18.873736 72.084910, 18.873877 72.081381, 18.874019 72.077852, 18.874160 72.074323, 18.874301 72.070794, 18.874442 72.067265, 18.874583 72.063737, 18.874724 72.060208, 18.874865 72.056679, 18.875006 72.053150, 18.875147 72.049621, 18.875288 72.046092, 18.875429 72.042564, 18.875569 72.039035, 18.875710 72.035506, 18.875851 72.031977, 18.875991 72.028448, 18.876132 72.024920, 18.876272 72.021391, 18.876413 72.017862, 18.876553 72.014333, 18.876693 72.010804, 18.876833 72.007275, 18.876974 72.003747, 18.877114 72.000218, 18.877254 71.996689, 18.877394 71.993160, 18.877534 71.989631, 18.877674 71.986102, 18.877814 71.982574, 18.877953 71.979045, 18.878093 71.975516, 18.878233 71.971987, 18.878372 71.968458, 18.878512 71.964929, 18.878652 71.961401, 18.878791 71.957872, 18.878930 71.954343, 18.879070 71.950814, 18.879209 71.947285, 18.879348 71.943757, 18.879488 71.940228, 18.879627 71.936699, 18.879766 71.933170, 18.879905 71.929641, 18.880044 71.926112, 18.880183 71.922584, 18.880322 71.919055, 18.880461 71.915526, 18.880600 71.911997, 18.880738 71.908468, 18.880877 71.904939, 18.881016 71.901411, 18.881154 71.897882, 18.881293 71.894353, 18.881431 71.890824, 18.881570 71.887295, 18.881708 71.883766, 18.881846 71.880238, 18.881985 71.876709, 18.882123 71.873180, 18.882261 71.869651, 18.882399 71.866122, 18.882537 71.862593, 18.882675 71.859065, 18.882813 71.855536, 18.882951 71.852007, 18.883089 71.848478, 18.883227 71.844949, 18.883365 71.841420, 18.883502 71.837892, 18.883640 71.834363, 18.883778 71.830834, 18.883915 71.827305, 18.884053 71.823776, 18.884190 71.820247, 18.884328 71.816719, 18.884465 71.813190, 18.884602 71.809661, 18.884740 71.806132, 18.884877 71.802603, 18.885014 71.799074, 18.885151 71.795546, 18.885288 71.792017, 18.885425 71.788488, 18.885562 71.784959, 18.885699 71.781430, 18.885836 71.777902, 18.885972 71.774373, 18.886109 71.770844, 18.886246 71.767315, 18.886382 71.763786, 18.886519 71.760257, 18.886656 71.756729, 18.886792 71.753200, 18.886928 71.749671, 18.887065 71.746142, 18.887201 71.742613, 18.887337 71.739084, 18.887474 71.735556, 18.887610 71.732027, 18.887746 71.728498, 18.887882 71.724969, 18.888018 71.721440, 18.888154 71.717911, 18.888290 71.714383, 18.888426 71.710854, 18.888562 71.707325, 18.888697 71.703796, 18.888833 71.700267, 18.888969 71.696738, 18.889104 71.693210, 18.889240 71.689681, 18.889376 71.686152, 18.889511 71.682623, 18.889646 71.679094, 18.889782 71.675565, 18.889917 71.672037, 18.890052 71.668508, 18.890188 71.664979, 18.890323 71.661450, 18.890458 71.657921, 18.890593 71.654392, 18.890728 71.650863, 18.890863 71.647335, 18.890998 71.643806, 18.891133 71.640277, 18.891267 71.636748, 18.891402 71.633219, 18.891537 71.629690, 18.891672 71.626162, 18.891806 71.622633, 18.891941 71.619104, 18.892075 71.615575, 18.892210 71.612046, 18.892344 71.608517, 18.892478 71.604989, 18.892613 71.601460, 18.892747 71.597931, 18.892881 71.594402, 18.893015 71.590873, 18.893150 71.587344, 18.893284 71.583816, 18.893418 71.580287, 18.893552 71.576758, 18.893686 71.573229, 18.893819 71.569700, 18.893953 71.566171, 18.894087 71.562643, 18.894221 71.559114, 18.894354 71.555585, 18.894488 71.552056, 18.894622 71.548527, 18.894755 71.544998, 18.894889 71.541470, 18.895022 71.537941, 18.895155 71.534412, 18.895289 71.530883, 18.895422 71.527354, 18.895555 71.523825, 18.895688 71.520297, 18.895821 71.516768, 18.895955 71.513239, 18.896088 71.509710, 18.896221 71.506181, 18.896353 71.502652, 18.896486 71.499123, 18.896619 71.495595, 18.896752 71.492066, 18.896885 71.488537, 18.897017 71.485008, 18.897150 71.481479, 18.897283 71.477950, 18.897415 71.474422, 18.897548 71.470893, 18.897680 71.467364, 18.897812 71.463835, 18.897945 71.460306, 18.898077 71.456777, 18.898209 71.453249, 18.898342 71.449720, 18.898474 71.446191, 18.898606 71.442662, 18.898738 71.439133, 18.898870 71.435604, 18.899002 71.432076, 18.899134 71.428547, 18.899266 71.425018, 18.899397 71.421489, 18.899529 71.417960, 18.899661 71.414431, 18.899793 71.410902, 18.899924 71.407374, 18.900056 71.403845, 18.900187 71.400316, 18.900319 71.396787, 18.900450 71.393258, 18.900582 71.389729, 18.900713 71.386201, 18.900844 71.382672, 18.900975 71.379143, 18.901107 71.375614, 18.901238 71.372085, 18.901369 71.368556, 18.901500 71.365028, 18.901631 71.361499, 18.901762 71.357970, 18.901893 71.354441, 18.902024 71.350912, 18.902154 71.347383, 18.902285 71.343854, 18.902416 71.340326, 18.902547 71.336797, 18.902677 71.333268, 18.902808 71.329739, 18.902938 71.326210, 18.903069 71.322681, 18.903199 71.319153, 18.903329 71.315624, 18.903460 71.312095, 18.903590 71.308566, 18.903720 71.305037, 18.903851 71.301508, 18.903981 71.297979, 18.904111 71.294451, 18.904241 71.290922, 18.904371 71.287393, 18.904501 71.283864, 18.904631 71.280335, 18.904760 71.276806, 18.904890 71.273278, 18.905020 71.269749, 18.905150 71.266220, 18.905279 71.262691, 18.905409 71.259162, 18.905539 71.255633, 18.905668 71.252104, 18.905798 71.248576, 18.905927 71.245047, 18.906056 71.241518, 18.906186 71.237989, 18.906315 71.234460, 18.906444 71.230931, 18.906574 71.227403, 18.906703 71.223874, 18.906832 71.220345, 18.906961 71.216816, 18.907090 71.213287, 18.907219 71.209758, 18.907348 71.206229, 18.907477 71.202701, 18.907605 71.199172, 18.907734 71.195643, 18.907863 71.192114, 18.907992 71.188585, 18.908120 71.185056, 18.908249 71.181528, 18.908377 71.177999, 18.908506 71.174470, 18.908634 71.170941, 18.908763 71.167412, 18.908891 71.163883, 18.909019 71.160354, 18.909148 71.156826, 18.909276 71.153297, 18.909404 71.149768, 18.909532 71.146239, 18.909660 71.142710, 18.909788 71.139181, 18.909916 71.135653, 18.910044 71.132124, 18.910172 71.128595, 18.910300 71.125066, 18.910428 71.121537, 18.910556 71.118008, 18.910683 71.114479, 18.910811 71.110951, 18.910939 71.107422, 18.911066 71.103893, 18.911194 71.100364, 18.911321 71.096835, 18.911449 71.093306, 18.911576 71.089777, 18.911703 71.086249, 18.911831 71.082720, 18.911958 71.079191, 18.912085 71.075662, 18.912212 71.072133, 18.912339 71.068604, 18.912466 71.065076, 18.912593 71.061547, 18.912720 71.058018, 18.912847 71.054489, 18.912974 71.050960, 18.913101 71.047431, 18.913228 71.043902, 18.913355 71.040374, 18.913481 71.036845, 18.913608 71.033316, 18.913735 71.029787, 18.913861 71.026258, 18.913988 71.022729, 18.914114 71.019200, 18.914241 71.015672, 18.914367 71.012143, 18.914493 71.008614, 18.914620 71.005085, 18.914746 71.001556, 18.914872 70.998027, 18.914998 70.994499, 18.915124 70.990970, 18.915250 70.987441, 18.915376 70.983912, 18.915502 70.980383, 18.915628 70.976854, 18.915754 70.973325, 18.915880 70.969797, 18.916006 70.966268, 18.916132 70.962739, 18.916257 70.959210, 18.916383 70.955681, 18.916509 70.952152, 18.916634 70.948623, 18.916760 70.945095, 18.916885 70.941566, 18.917011 70.938037, 18.917136 70.934508, 18.917261 70.930979, 18.917387 70.927450, 18.917512 70.923921, 18.917637 70.920393, 18.917762 70.916864, 18.917888 70.913335, 18.918013 70.909806, 18.918138 70.906277, 18.918263 70.902748, 18.918388 70.899219, 18.918513 70.895691, 18.918637 70.892162, 18.918762 70.888633, 18.918887 70.885104, 18.919012 70.881575, 18.919136 70.878046, 18.919261 70.874517, 18.919386 70.870989, 18.919510 70.867460, 18.919635 70.863931, 18.919759 70.860402, 18.919884 70.856873, 18.920008 70.853344, 18.920132 70.849815, 18.920257 70.846287, 18.920381 70.842758, 18.920505 70.839229, 18.920629 70.835700, 18.920753 70.832171, 18.920877 70.828642, 18.921001 70.825113, 18.921125 70.821585, 18.921249 70.818056, 18.921373 70.814527, 18.921497 70.810998, 18.921621 70.807469, 18.921745 70.803940, 18.921868 70.800412, 18.921992 70.796883, 18.922116 70.793354, 18.922239 70.789825, 18.922363 70.786296, 18.922486 70.782767, 18.922610 70.779238, 18.922733 70.775710, 18.922857 70.772181, 18.922980 70.768652, 18.923103 70.765123, 18.923226 70.761594, 18.923350 70.758065, 18.923473 70.754536, 18.923596 70.751007, 18.923719 70.747479, 18.923842 70.743950, 18.923965 70.740421, 18.924088 70.736892, 18.924211 70.733363, 18.924334 70.729834, 18.924456 70.726305, 18.924579 70.722777, 18.924702 70.719248, 18.924825 70.715719, 18.924947 70.712190, 18.925070 70.708661, 18.925192 70.705132, 18.925315 70.701603, 18.925437 70.698075, 18.925560 70.694546, 18.925682 70.691017, 18.925804 70.687488, 18.925927 70.683959, 18.926049 70.680430, 18.926171 70.676901, 18.926293 70.673373, 18.926415 70.669844, 18.926538 70.666315, 18.926660 70.662786, 18.926782 70.659257, 18.926903 70.655728, 18.927025 70.652199, 18.927147 70.648671, 18.927269 70.645142, 18.927391 70.641613, 18.927513 70.638084, 18.927634 70.634555, 18.927756 70.631026, 18.927877 70.627497, 18.927999 70.623969, 18.928121 70.620440, 18.928242 70.616911, 18.928363 70.613382, 18.928485 70.609853, 18.928606 70.606324, 18.928728 70.602795, 18.928849 70.599267, 18.928970 70.595738, 18.929091 70.592209, 18.929212 70.588680, 18.929333 70.585151, 18.929454 70.581622, 18.929575 70.578093, 18.929696 70.574564, 18.929817 70.571036, 18.929938 70.567507, 18.930059 70.563978, 18.930180 70.560449, 18.930301 70.556920, 18.930421 70.553391, 18.930542 70.549862, 18.930663 70.546334, 18.930783 70.542805, 18.930904 70.539276, 18.931024 70.535747, 18.931145 70.532218, 18.931265 70.528689, 18.931386 70.525160, 18.931506 70.521632, 18.931626 70.518103, 18.931746 70.514574, 18.931867 70.511045, 18.931987 70.507516, 18.932107 70.503987, 18.932227 70.500458, 18.932347 70.496930, 18.932467 70.493401, 18.932587 70.489872, 18.932707 70.486343, 18.932827 70.482814, 18.932947 70.479285, 18.933066 70.475756, 18.933186 70.472227, 18.933306 70.468699, 18.933426 70.465170, 18.933545 70.461641, 18.933665 70.458112, 18.933784 70.454583, 18.933904 70.451054, 18.934023 70.447525, 18.934143 70.443997, 18.934262 70.440468, 18.934381 70.436939, 18.934501 70.433410, 18.934620 70.429881, 18.934739 70.426352, 18.934858 70.422823, 18.934977 70.419294, 18.935097 70.415766, 18.935216 70.412237, 18.935335 70.408708, 18.935454 70.405179, 18.935572 70.401650, 18.935691 70.398121, 18.935810 70.394592, 18.935929 70.391064, 18.936048 70.387535, 18.936166 70.384006, 18.936285 70.380477, 18.936404 70.376948, 18.936522 70.373419, 18.936641 70.369890, 18.936759 70.366361, 18.936878 70.362833, 18.936996 70.359304, 18.937115 70.355775, 18.937233 70.352246, 18.937351 70.348717, 18.937470 70.345188, 18.937588 70.341659, 18.937706 70.338131, 18.937824 70.334602, 18.937942 70.331073, 18.938060 70.327544, 18.938178 70.324015, 18.938296 70.320486, 18.938414 70.316957, 18.938532 70.313428, 18.938650 70.309900, 18.938768 70.306371, 18.938886 70.302842, 18.939003 70.299313, 18.939121 70.295784, 18.939239 70.292255, 18.939356 70.288726, 18.939474 70.285198, 18.939592 70.281669, 18.939709 70.278140, 18.939826 70.274611, 18.939944 70.271082, 18.940061 70.267553, 18.940179 70.264024, 18.940296 70.260495, 18.940413 70.256967, 18.940530 70.253438, 18.940648 70.249909, 18.940765 70.246380, 18.940882 70.242851, 18.940999 70.239322, 18.941116 70.235793, 18.941233 70.232265, 18.941350 70.228736, 18.941467 70.225207, 18.941583 70.221678, 18.941700 70.218149, 18.941817 70.214620, 18.941934 70.211091, 18.942050 70.207562, 18.942167 70.204034, 18.942284 70.200505, 18.942400 70.196976, 18.942517 70.193447, 18.942633 70.189918, 18.942750 70.186389, 18.942866 70.182860, 18.942983 70.179331, 18.943099 70.175803, 18.943215 70.172274, 18.943331 70.168745, 18.943448 70.165216, 18.943564 70.161687, 18.943680 70.158158, 18.943796 70.154629, 18.943912 70.151100, 18.944028 70.147572, 18.944144 70.144043, 18.944260 70.140514, 18.944376 70.136985, 18.944492 70.133456, 18.944608 70.129927, 18.944723 70.126398, 18.944839 70.122870, 18.944955 70.119341, 18.945071 70.115812, 18.945186 70.112283, 18.945302 70.108754, 18.945417 70.105225, 18.945533 70.101696, 18.945648 70.098167, 18.945764 70.094639, 18.945879 70.091110, 18.945994 70.087581, 18.946110 70.084052, 18.946225 70.080523, 18.946340 70.076994, 18.946455 70.073465, 18.946571 70.069936, 18.946686 70.066408, 18.946801 70.062879, 18.946916 70.059350, 18.947031 70.055821, 18.947146 70.052292, 18.947261 70.048763, 18.947376 70.045234, 18.947490 70.041705, 18.947605 70.038177, 18.947720 70.034648, 18.947835 70.031119, 18.947949 70.027590, 18.948064 70.024061, 18.948179 70.020532, 18.948293 70.017003, 18.948408 70.013474, 18.948522 70.009946, 18.948637 70.006417, 18.948751 70.002888, 18.948865 69.999359, 18.948980 69.995830, 18.949094 69.992301, 18.949208 69.988772, 18.949322 69.985243, 18.949437 69.981715, 18.949551 69.978186, 18.949665 69.974657, 18.949779 69.971128, 18.949893 69.967599, 18.950007 69.964070, 18.950121 69.960541, 18.950235 69.957012, 18.950349 69.953484, 18.950463 69.949955, 18.950576 69.946426, 18.950690 69.942897, 18.950804 69.939368, 18.950918 69.935839, 18.951031 69.932310, 18.951145 69.928781, 18.951258 69.925253, 18.951372 69.921724, 18.951485 69.918195, 18.951599 69.914666, 18.951712 69.911137, 18.951826 69.907608, 18.951939 69.904079, 18.952052 69.900550, 18.952165 69.897022, 18.952279 69.893493, 18.952392 69.889964, 18.952505 69.886435, 18.952618 69.882906, 18.952731 69.879377, 18.952844 69.875848, 18.952957 69.872319, 18.953070 69.868791, 18.953183 69.865262, 18.953296 69.861733, 18.953409 69.858204, 18.953522 69.854675, 18.953634 69.851146, 18.953747 69.847617, 18.953860 69.844088, 18.953972 69.840560, 18.954085 69.837031, 18.954198 69.833502, 18.954310 69.829973, 18.954423 69.826444, 18.954535 69.822915, 18.954648 69.819386, 18.954760 69.815857, 18.954872 69.812328, 18.954985 69.808800, 18.955097 69.805271, 18.955209 69.801742, 18.955321 69.798213, 18.955433 69.794684, 18.955546 69.791155, 18.955658 69.787626, 18.955770 69.784097, 18.955882 69.780569, 18.955994 69.777040, 18.956106 69.773511, 18.956218 69.769982, 18.956329 69.766453, 18.956441 69.762924, 18.956553 69.759395, 18.956665 69.755866, 18.956776 69.752338, 18.956888 69.748809, 18.957000 69.745280, 18.957111 69.741751, 18.957223 69.738222, 18.957334 69.734693, 18.957446 69.731164, 18.957557 69.727635, 18.957669 69.724106, 18.957780 69.720578, 18.957892 69.717049, 18.958003 69.713520, 18.958114 69.709991, 18.958225 69.706462, 18.958337 69.702933, 18.958448 69.699404, 18.958559 69.695875, 18.958670 69.692347, 18.958781 69.688818, 18.958892 69.685289, 18.959003 69.681760, 18.959114 69.678231, 18.959225 69.674702, 18.959336 69.671173, 18.959446 69.667644, 18.959557 69.664116, 18.959668 69.660587, 18.959779 69.657058, 18.959889 69.653529, 18.960000 69.650000))
