MULTILINESTRING ((106.630000 10.820000, 106.629201 10.818589, 106.628403 10.817179, 106.627604 10.815768, 106.626805 10.814357, 106.626006 10.812946, 106.625208 10.811536, 106.624409 10.810125, 106.623610 10.808714, 106.622812 10.807303, 106.622013 10.805893, 106.621214 10.804482, 106.620416 10.803071, 106.619617 10.801661, 106.618818 10.800250, 106.618020 10.798839, 106.617221 10.797428, 106.616422 10.796018, 106.615624 10.794607, 106.614825 10.793196, 106.614026 10.791785, 106.613228 10.790375, 106.612429 10.788964, 106.611631 10.787553, 106.610832 10.786142, 106.610034 10.784732, 106.609235 10.783321, 106.608436 10.781910, 106.607638 10.780499, 106.606839 10.779088, 106.606041 10.777678, 106.605242 10.776267, 106.604444 10.774856, 106.603645 10.773445, 106.602847 10.772035, 106.602048 10.770624, 106.601250 10.769213, 106.600451 10.767802, 106.599653 10.766391, 106.598854 10.764981, 106.598056 10.763570, 106.597257 10.762159, 106.596459 10.760748, 106.595661 10.759337, 106.594862 10.757927, 106.594064 10.756516, 106.593265 10.755105, 106.592467 10.753694, 106.591669 10.752283, 106.590870 10.750873, 106.590072 10.749462, 106.589273 10.748051, 106.588475 10.746640, 106.587677 10.745229, 106.586878 10.743818, 106.586080 10.742408, 106.585282 10.740997, 106.584483 10.739586, 106.583685 10.738175, 106.582887 10.736764, 106.582088 10.735354, 106.581290 10.733943, 106.580492 10.732532, 106.579693 10.731121, 106.578895 10.729710, 106.578097 10.728299, 106.577299 10.726888, 106.576500 10.725478, 106.575702 10.724067, 106.574904 10.722656, 106.574106 10.721245, 106.573307 10.719834, 106.572509 10.718423, 106.571711 10.717012, 106.570913 10.715602, 106.570115 10.714191, 106.569316 10.712780, 106.568518 10.711369, 106.567720 10.709958, 106.566922 10.708547, 106.566124 10.707136, 106.565326 10.705726, 106.564527 10.704315, 106.563729 10.702904, 106.562931 10.701493, 106.562133 10.700082, 106.561335 10.698671, 106.560537 10.697260, 106.559739 10.695849, 106.558941 10.694438, 106.558143 10.693028, 106.557345 10.691617, 106.556546 10.690206, 106.555748 10.688795, 106.554950 10.687384, 106.554152 10.685973, 106.553354 10.684562, 106.552556 10.683151, 106.551758 10.681740, 106.550960 10.680329, 106.550162 10.678918, 106.549364 10.677508, 106.548566 10.676097, 106.547768 10.674686, 106.546970 10.673275, 106.546172 10.671864, 106.545374 10.670453, 106.544576 10.669042, 106.543778 10.667631, 106.542980 10.666220, 106.542182 10.664809, 106.541385 10.663398, 106.540587 10.661987, 106.539789 10.660576, 106.538991 10.659165, 106.538193 10.657754, 106.537395 10.656344, 106.536597 10.654933, 106.535799 10.653522, 106.535001 10.652111, 106.534204 10.650700, 106.533406 10.649289, 106.532608 10.647878, 106.531810 10.646467, 106.531012 10.645056, 106.530214 10.643645, 106.529416 10.642234, 106.528619 10.640823, 106.527821 10.639412, 106.527023 10.638001, 106.526225 10.636590, 106.525428 10.635179, 106.524630 10.633768, 106.523832 10.632357, 106.523034 10.630946, 106.522236 10.629535, 106.521439 10.628124, 106.520641 10.626713, 106.519843 10.625302, 106.519046 10.623891, 106.518248 10.622480, 106.517450 10.621069, 106.516652 10.619658, 106.515855 10.618247, 106.515057 10.616836, 106.514259 10.615425, 106.513462 10.614014, 106.512664 10.612603, 106.511866 10.611192, 106.511069 10.609781, 106.510271 10.608370, 106.509473 10.606959, 106.508676 10.605548, 106.507878 10.604137, 106.507081 10.602726, 106.506283 10.601315, 106.505485 10.599904, 106.504688 10.598493, 106.503890 10.597082, 106.503093 10.595671, 106.502295 10.594260, 106.501498 10.592849, 106.500700 10.591438, 106.499902 10.590027, 106.499105 10.588616, 106.498307 10.587205, 106.497510 10.585794, 106.496712 10.584382, 106.495915 10.582971, 106.495117 10.581560, 106.494320 10.580149, 106.493522 10.578738, 106.492725 10.577327, 106.491927 10.575916, 106.491130 10.574505, 106.490332 10.573094, 106.489535 10.571683, 106.488738 10.570272, 106.487940 10.568861, 106.487143 10.567450, 106.486345 10.566039, 106.485548 10.564628, 106.484750 10.563216, 106.483953 10.561805, 106.483156 10.560394, 106.482358 10.558983, 106.481561 10.557572, 106.480764 10.556161, 106.479966 10.554750, 106.479169 10.553339, 106.478371 10.551928, 106.477574 10.550517, 106.476777 10.549106, 106.475979 10.547694, 106.475182 10.546283, 106.474385 10.544872, 106.473588 10.543461, 106.472790 10.542050, 106.471993 10.540639, 106.471196 10.539228, 106.470398 10.537817, 106.469601 10.536406, 106.468804 10.534994, 106.468007 10.533583, 106.467209 10.532172, 106.466412 10.530761, 106.465615 10.529350, 106.464818 10.527939, 106.464020 10.526528, 106.463223 10.525116, 106.462426 10.523705, 106.461629 10.522294, 106.460832 10.520883, 106.460035 10.519472, 106.459237 10.518061, 106.458440 10.516650, 106.457643 10.515238, 106.456846 10.513827, 106.456049 10.512416, 106.455252 10.511005, 106.454454 10.509594, 106.453657 10.508183, 106.452860 10.506772, 106.452063 10.505360, 106.451266 10.503949, 106.450469 10.502538, 106.449672 10.501127, 106.448875 10.499716, 106.448078 10.498305, 106.447281 10.496893, 106.446484 10.495482, 106.445687 10.494071, 106.444890 10.492660, 106.444092 10.491249, 106.443295 10.489837, 106.442498 10.488426, 106.441701 10.487015, 106.440904 10.485604, 106.440107 10.484193, 106.439310 10.482782, 106.438513 10.481370, 106.437716 10.479959, 106.436919 10.478548, 106.436123 10.477137, 106.435326 10.475726, 106.434529 10.474314, 106.433732 10.472903, 106.432935 10.471492, 106.432138 10.470081, 106.431341 10.468669, 106.430544 10.467258, 106.429747 10.465847, 106.428950 10.464436, 106.428153 10.463025, 106.427356 10.461613, 106.426560 10.460202, 106.425763 10.458791, 106.424966 10.457380, 106.424169 10.455968, 106.423372 10.454557, 106.422575 10.453146, 106.421778 10.451735, 106.420982 10.450323, 106.420185 10.448912, 106.419388 10.447501, 106.418591 10.446090, 106.417794 10.444679, 106.416998 10.443267, 106.416201 10.441856, 106.415404 10.440445, 106.414607 10.439033, 106.413811 10.437622, 106.413014 10.436211, 106.412217 10.434800, 106.411420 10.433388, 106.410624 10.431977, 106.409827 10.430566, 106.409030 10.429155, 106.408233 10.427743, 106.407437 10.426332, 106.406640 10.424921, 106.405843 10.423510, 106.405047 10.422098, 106.404250 10.420687, 106.403453 10.419276, 106.402657 10.417864, 106.401860 10.416453, 106.401063 10.415042, 106.400267 10.413631, 106.399470 10.412219, 106.398674 10.410808, 106.397877 10.409397, 106.397080 10.407985, 106.396284 10.406574, 106.395487 10.405163, 106.394691 10.403751, 106.393894 10.402340, 106.393097 10.400929, 106.392301 10.399518, 106.391504 10.398106, 106.390708 10.396695, 106.389911 10.395284, 106.389115 10.393872, 106.388318 10.392461, 106.387522 10.391050, 106.386725 10.389638, 106.385929 10.388227, 106.385132 10.386816, 106.384336 10.385404, 106.383539 10.383993, 106.382743 10.382582, 106.381946 10.381170, 106.381150 10.379759, 106.380353 10.378348, 106.379557 10.376936, 106.378760 10.375525, 106.377964 10.374114, 106.377168 10.372702, 106.376371 10.371291, 106.375575 10.369880, 106.374778 10.368468, 106.373982 10.367057, 106.373185 10.365645, 106.372389 10.364234, 106.371593 10.362823, 106.370796 10.361411, 106.370000 10.360000, 106.368418 10.359566, 106.366837 10.359132, 106.365255 10.358699, 106.363674 10.358265, 106.362092 10.357831, 106.360511 10.357397, 106.358929 10.356963, 106.357347 10.356529, 106.355766 10.356095, 106.354184 10.355662, 106.352603 10.355228, 106.351021 10.354794, 106.349440 10.354360, 106.347858 10.353926, 106.346277 10.353492, 106.344695 10.353058, 106.343114 10.352624, 106.341532 10.352190, 106.339951 10.351756, 106.338369 10.351322, 106.336788 10.350888, 106.335206 10.350454, 106.333625 10.350020, 106.332043 10.349586, 106.330462 10.349152, 106.328880 10.348718, 106.327299 10.348284, 106.325717 10.347850, 106.324136 10.347416, 106.322555 10.346982, 106.320973 10.346548, 106.319392 10.346114, 106.317810 10.345680, 106.316229 10.345246, 106.314647 10.344812, 106.313066 10.344378, 106.311485 10.343944, 106.309903 10.343510, 106.308322 10.343076, 106.306740 10.342641, 106.305159 10.342207, 106.303577 10.341773, 106.301996 10.341339, 106.300415 10.340905, 106.298833 10.340471, 106.297252 10.340037, 106.295671 10.339602, 106.294089 10.339168, 106.292508 10.338734, 106.290926 10.338300, 106.289345 10.337866, 106.287764 10.337431, 106.286182 10.336997, 106.284601 10.336563, 106.283020 10.336129, 106.281438 10.335695, 106.279857 10.335260, 106.278276 10.334826, 106.276694 10.334392, 106.275113 10.333958, 106.273532 10.333523, 106.271950 10.333089, 106.270369 10.332655, 106.268788 10.332220, 106.267207 10.331786, 106.265625 10.331352, 106.264044 10.330917, 106.262463 10.330483, 106.260881 10.330049, 106.259300 10.329614, 106.257719 10.329180, 106.256138 10.328746, 106.254556 10.328311, 106.252975 10.327877, 106.251394 10.327443, 106.249813 10.327008, 106.248231 10.326574, 106.246650 10.326139, 106.245069 10.325705, 106.243488 10.325271, 106.241906 10.324836, 106.240325 10.324402, 106.238744 10.323967, 106.237163 10.323533, 106.235581 10.323098, 106.234000 10.322664, 106.232419 10.322229, 106.230838 10.321795, 106.229257 10.321360, 106.227675 10.320926, 106.226094 10.320491, 106.224513 10.320057, 106.222932 10.319622, 106.221351 10.319188, 106.219770 10.318753, 106.218188 10.318319, 106.216607 10.317884, 106.215026 10.317450, 106.213445 10.317015, 106.211864 10.316581, 106.210283 10.316146, 106.208702 10.315711, 106.207120 10.315277, 106.205539 10.314842, 106.203958 10.314408, 106.202377 10.313973, 106.200796 10.313538, 106.199215 10.313104, 106.197634 10.312669, 106.196053 10.312234, 106.194472 10.311800, 106.192890 10.311365, 106.191309 10.310930, 106.189728 10.310496, 106.188147 10.310061, 106.186566 10.309626, 106.184985 10.309192, 106.183404 10.308757, 106.181823 10.308322, 106.180242 10.307887, 106.178661 10.307453, 106.177080 10.307018, 106.175499 10.306583, 106.173918 10.306148, 106.172337 10.305714, 106.170756 10.305279, 106.169175 10.304844, 106.167594 10.304409, 106.166013 10.303974, 106.164432 10.303540, 106.162851 10.303105, 106.161270 10.302670, 106.159689 10.302235, 106.158108 10.301800, 106.156527 10.301365, 106.154946 10.300931, 106.153365 10.300496, 106.151784 10.300061, 106.150203 10.299626, 106.148622 10.299191, 106.147041 10.298756, 106.145460 10.298321, 106.143879 10.297886, 106.142298 10.297452, 106.140717 10.297017, 106.139136 10.296582, 106.137555 10.296147, 106.135974 10.295712, 106.134393 10.295277, 106.132812 10.294842, 106.131231 10.294407, 106.129650 10.293972, 106.128069 10.293537, 106.126488 10.293102, 106.124908 10.292667, 106.123327 10.292232, 106.121746 10.291797, 106.120165 10.291362, 106.118584 10.290927, 106.117003 10.290492, 106.115422 10.290057, 106.113841 10.289622, 106.112261 10.289187, 106.110680 10.288752, 106.109099 10.288317, 106.107518 10.287882, 106.105937 10.287446, 106.104356 10.287011, 106.102775 10.286576, 106.101195 10.286141, 106.099614 10.285706, 106.098033 10.285271, 106.096452 10.284836, 106.094871 10.284401, 106.093290 10.283965, 106.091710 10.283530, 106.090129 10.283095, 106.088548 10.282660, 106.086967 10.282225, 106.085386 10.281790, 106.083806 10.281354, 106.082225 10.280919, 106.080644 10.280484, 106.079063 10.280049, 106.077482 10.279613, 106.075902 10.279178, 106.074321 10.278743, 106.072740 10.278308, 106.071159 10.277872, 106.069579 10.277437, 106.067998 10.277002, 106.066417 10.276567, 106.064836 10.276131, 106.063256 10.275696, 106.061675 10.275261, 106.060094 10.274825, 106.058514 10.274390, 106.056933 10.273955, 106.055352 10.273519, 106.053771 10.273084, 106.052191 10.272649, 106.050610 10.272213, 106.049029 10.271778, 106.047449 10.271343, 106.045868 10.270907, 106.044287 10.270472, 106.042707 10.270037, 106.041126 10.269601, 106.039545 10.269166, 106.037965 10.268730, 106.036384 10.268295, 106.034803 10.267859, 106.033223 10.267424, 106.031642 10.266989, 106.030061 10.266553, 106.028481 10.266118, 106.026900 10.265682, 106.025319 10.265247, 106.023739 10.264811, 106.022158 10.264376, 106.020577 10.263940, 106.018997 10.263505, 106.017416 10.263069, 106.015836 10.262634, 106.014255 10.262198, 106.012674 10.261763, 106.011094 10.261327, 106.009513 10.260891, 106.007933 10.260456, 106.006352 10.260020, 106.004772 10.259585, 106.003191 10.259149, 106.001610 10.258714, 106.000030 10.258278, 105.998449 10.257842, 105.996869 10.257407, 105.995288 10.256971, 105.993708 10.256535, 105.992127 10.256100, 105.990547 10.255664, 105.988966 10.255228, 105.987386 10.254793, 105.985805 10.254357, 105.984224 10.253921, 105.982644 10.253486, 105.981063 10.253050, 105.979483 10.252614, 105.977902 10.252179, 105.976322 10.251743, 105.974741 10.251307, 105.973161 10.250871, 105.971580 10.250436, 105.970000 10.250000, 105.968561 10.250782, 105.967123 10.251563, 105.965684 10.252345, 105.964246 10.253126, 105.962807 10.253908, 105.961369 10.254689, 105.959930 10.255471, 105.958491 10.256252, 105.957053 10.257034, 105.955614 10.257815, 105.954175 10.258597, 105.952737 10.259378, 105.951298 10.260160, 105.949860 10.260941, 105.948421 10.261723, 105.946982 10.262504, 105.945544 10.263286, 105.944105 10.264067, 105.942666 10.264848, 105.941228 10.265630, 105.939789 10.266411, 105.938350 10.267193, 105.936911 10.267974, 105.935473 10.268756, 105.934034 10.269537, 105.932595 10.270318, 105.931156 10.271100, 105.929718 10.271881, 105.928279 10.272662, 105.926840 10.273444, 105.925401 10.274225, 105.923963 10.275007, 105.922524 10.275788, 105.921085 10.276569, 105.919646 10.277351, 105.918207 10.278132, 105.916769 10.278913, 105.915330 10.279695, 105.913891 10.280476, 105.912452 10.281257, 105.911013 10.282039, 105.909574 10.282820, 105.908136 10.283601, 105.906697 10.284382, 105.905258 10.285164, 105.903819 10.285945, 105.902380 10.286726, 105.900941 10.287507, 105.899502 10.288289, 105.898063 10.289070, 105.896625 10.289851, 105.895186 10.290632, 105.893747 10.291414, 105.892308 10.292195, 105.890869 10.292976, 105.889430 10.293757, 105.887991 10.294538, 105.886552 10.295320, 105.885113 10.296101, 105.883674 10.296882, 105.882235 10.297663, 105.880796 10.298444, 105.879357 10.299226, 105.877918 10.300007, 105.876479 10.300788, 105.875040 10.301569, 105.873601 10.302350, 105.872162 10.303131, 105.870723 10.303912, 105.869284 10.304693, 105.867845 10.305475, 105.866406 10.306256, 105.864967 10.307037, 105.863528 10.307818, 105.862088 10.308599, 105.860649 10.309380, 105.859210 10.310161, 105.857771 10.310942, 105.856332 10.311723, 105.854893 10.312504, 105.853454 10.313285, 105.852015 10.314066, 105.850576 10.314847, 105.849136 10.315628, 105.847697 10.316409, 105.846258 10.317190, 105.844819 10.317971, 105.843380 10.318752, 105.841941 10.319533, 105.840501 10.320314, 105.839062 10.321095, 105.837623 10.321876, 105.836184 10.322657, 105.834745 10.323438, 105.833305 10.324219, 105.831866 10.325000, 105.830427 10.325781, 105.828988 10.326562, 105.827548 10.327343, 105.826109 10.328124, 105.824670 10.328905, 105.823231 10.329686, 105.821791 10.330467, 105.820352 10.331248, 105.818913 10.332029, 105.817473 10.332809, 105.816034 10.333590, 105.814595 10.334371, 105.813155 10.335152, 105.811716 10.335933, 105.810277 10.336714, 105.808837 10.337495, 105.807398 10.338275, 105.805959 10.339056, 105.804519 10.339837, 105.803080 10.340618, 105.801641 10.341399, 105.800201 10.342180, 105.798762 10.342960, 105.797322 10.343741, 105.795883 10.344522, 105.794443 10.345303, 105.793004 10.346084, 105.791565 10.346864, 105.790125 10.347645, 105.788686 10.348426, 105.787246 10.349207, 105.785807 10.349987, 105.784367 10.350768, 105.782928 10.351549, 105.781488 10.352330, 105.780049 10.353110, 105.778609 10.353891, 105.777170 10.354672, 105.775730 10.355452, 105.774291 10.356233, 105.772851 10.357014, 105.771412 10.357794, 105.769972 10.358575, 105.768533 10.359356, 105.767093 10.360136, 105.765654 10.360917, 105.764214 10.361698, 105.762774 10.362478, 105.761335 10.363259, 105.759895 10.364040, 105.758456 10.364820, 105.757016 10.365601, 105.755576 10.366382, 105.754137 10.367162, 105.752697 10.367943, 105.751258 10.368723, 105.749818 10.369504, 105.748378 10.370284, 105.746939 10.371065, 105.745499 10.371846, 105.744059 10.372626, 105.742620 10.373407, 105.741180 10.374187, 105.739740 10.374968, 105.738301 10.375748, 105.736861 10.376529, 105.735421 10.377309, 105.733981 10.378090, 105.732542 10.378870, 105.731102 10.379651, 105.729662 10.380431, 105.728222 10.381212, 105.726783 10.381992, 105.725343 10.382773, 105.723903 10.383553, 105.722463 10.384334, 105.721024 10.385114, 105.719584 10.385895, 105.718144 10.386675, 105.716704 10.387456, 105.715264 10.388236, 105.713825 10.389016, 105.712385 10.389797, 105.710945 10.390577, 105.709505 10.391358, 105.708065 10.392138, 105.706625 10.392919, 105.705185 10.393699, 105.703746 10.394479, 105.702306 10.395260, 105.700866 10.396040, 105.699426 10.396820, 105.697986 10.397601, 105.696546 10.398381, 105.695106 10.399161, 105.693666 10.399942, 105.692226 10.400722, 105.690786 10.401502, 105.689346 10.402283, 105.687906 10.403063, 105.686467 10.403843, 105.685027 10.404624, 105.683587 10.405404, 105.682147 10.406184, 105.680707 10.406965, 105.679267 10.407745, 105.677827 10.408525, 105.676387 10.409305, 105.674947 10.410086, 105.673507 10.410866, 105.672067 10.411646, 105.670627 10.412426, 105.669186 10.413207, 105.667746 10.413987, 105.666306 10.414767, 105.664866 10.415547, 105.663426 10.416327, 105.661986 10.417108, 105.660546 10.417888, 105.659106 10.418668, 105.657666 10.419448, 105.656226 10.420228, 105.654786 10.421008, 105.653346 10.421789, 105.651905 10.422569, 105.650465 10.423349, 105.649025 10.424129, 105.647585 10.424909, 105.646145 10.425689, 105.644705 10.426469, 105.643264 10.427250, 105.641824 10.428030, 105.640384 10.428810, 105.638944 10.429590, 105.637504 10.430370, 105.636063 10.431150, 105.634623 10.431930, 105.633183 10.432710, 105.631743 10.433490, 105.630303 10.434270, 105.628862 10.435050, 105.627422 10.435830, 105.625982 10.436610, 105.624542 10.437390, 105.623101 10.438170, 105.621661 10.438950, 105.620221 10.439730, 105.618780 10.440510, 105.617340 10.441290, 105.615900 10.442070, 105.614459 10.442850, 105.613019 10.443630, 105.611579 10.444410, 105.610138 10.445190, 105.608698 10.445970, 105.607258 10.446750, 105.605817 10.447530, 105.604377 10.448310, 105.602937 10.449090, 105.601496 10.449870, 105.600056 10.450650, 105.598615 10.451430, 105.597175 10.452210, 105.595735 10.452990, 105.594294 10.453769, 105.592854 10.454549, 105.591413 10.455329, 105.589973 10.456109, 105.588532 10.456889, 105.587092 10.457669, 105.585652 10.458449, 105.584211 10.459229, 105.582771 10.460008, 105.581330 10.460788, 105.579890 10.461568, 105.578449 10.462348, 105.577009 10.463128, 105.575568 10.463907, 105.574128 10.464687, 105.572687 10.465467, 105.571246 10.466247, 105.569806 10.467027, 105.568365 10.467806, 105.566925 10.468586, 105.565484 10.469366, 105.564044 10.470146, 105.562603 10.470925, 105.561163 10.471705, 105.559722 10.472485, 105.558281 10.473265, 105.556841 10.474044, 105.555400 10.474824, 105.553959 10.475604, 105.552519 10.476384, 105.551078 10.477163, 105.549638 10.477943, 105.548197 10.478723, 105.546756 10.479502, 105.545316 10.480282, 105.543875 10.481062, 105.542434 10.481841, 105.540994 10.482621, 105.539553 10.483401, 105.538112 10.484180, 105.536671 10.484960, 105.535231 10.485739, 105.533790 10.486519, 105.532349 10.487299, 105.530909 10.488078, 105.529468 10.488858, 105.528027 10.489637, 105.526586 10.490417, 105.525145 10.491197, 105.523705 10.491976, 105.522264 10.492756, 105.520823 10.493535, 105.519382 10.494315, 105.517942 10.495094, 105.516501 10.495874, 105.515060 10.496654, 105.513619 10.497433, 105.512178 10.498213, 105.510737 10.498992, 105.509297 10.499772, 105.507856 10.500551, 105.506415 10.501331, 105.504974 10.502110, 105.503533 10.502890, 105.502092 10.503669, 105.500651 10.504449, 105.499210 10.505228, 105.497770 10.506007, 105.496329 10.506787, 105.494888 10.507566, 105.493447 10.508346, 105.492006 10.509125, 105.490565 10.509905, 105.489124 10.510684, 105.487683 10.511463, 105.486242 10.512243, 105.484801 10.513022, 105.483360 10.513802, 105.481919 10.514581, 105.480478 10.515360, 105.479037 10.516140, 105.477596 10.516919, 105.476155 10.517699, 105.474714 10.518478, 105.473273 10.519257, 105.471832 10.520037, 105.470391 10.520816, 105.468950 10.521595, 105.467509 10.522375, 105.466068 10.523154, 105.464627 10.523933, 105.463186 10.524713, 105.461744 10.525492, 105.460303 10.526271, 105.458862 10.527050, 105.457421 10.527830, 105.455980 10.528609, 105.454539 10.529388, 105.453098 10.530167, 105.451657 10.530947, 105.450216 10.531726, 105.448774 10.532505, 105.447333 10.533284, 105.445892 10.534064, 105.444451 10.534843, 105.443010 10.535622, 105.441568 10.536401, 105.440127 10.537180, 105.438686 10.537960, 105.437245 10.538739, 105.435804 10.539518, 105.434362 10.540297, 105.432921 10.541076, 105.431480 10.541855, 105.430039 10.542635, 105.428597 10.543414, 105.427156 10.544193, 105.425715 10.544972, 105.424274 10.545751, 105.422832 10.546530, 105.421391 10.547309, 105.419950 10.548089, 105.418508 10.548868, 105.417067 10.549647, 105.415626 10.550426, 105.414184 10.551205, 105.412743 10.551984, 105.411302 10.552763, 105.409860 10.553542, 105.408419 10.554321, 105.406978 10.555100, 105.405536 10.555879, 105.404095 10.556658, 105.402654 10.557437, 105.401212 10.558216, 105.399771 10.558995, 105.398329 10.559774, 105.396888 10.560553, 105.395447 10.561332, 105.394005 10.562111, 105.392564 10.562890, 105.391122 10.563669, 105.389681 10.564448, 105.388239 10.565227, 105.386798 10.566006, 105.385356 10.566785, 105.383915 10.567564, 105.382473 10.568343, 105.381032 10.569122, 105.379590 10.569901, 105.378149 10.570680, 105.376707 10.571459, 105.375266 10.572238, 105.373824 10.573016, 105.372383 10.573795, 105.370941 10.574574, 105.369500 10.575353, 105.368058 10.576132, 105.366617 10.576911, 105.365175 10.577690, 105.363733 10.578469, 105.362292 10.579247, 105.360850 10.580026, 105.359409 10.580805, 105.357967 10.581584, 105.356525 10.582363, 105.355084 10.583142, 105.353642 10.583920, 105.352200 10.584699, 105.350759 10.585478, 105.349317 10.586257, 105.347875 10.587036, 105.346434 10.587814, 105.344992 10.588593, 105.343550 10.589372, 105.342109 10.590151, 105.340667 10.590929, 105.339225 10.591708, 105.337784 10.592487, 105.336342 10.593266, 105.334900 10.594044, 105.333458 10.594823, 105.332017 10.595602, 105.330575 10.596380, 105.329133 10.597159, 105.327691 10.597938, 105.326250 10.598716, 105.324808 10.599495, 105.323366 10.600274, 105.321924 10.601052, 105.320482 10.601831, 105.319041 10.602610, 105.317599 10.603388, 105.316157 10.604167, 105.314715 10.604946, 105.313273 10.605724, 105.311831 10.606503, 105.310390 10.607281, 105.308948 10.608060, 105.307506 10.608839, 105.306064 10.609617, 105.304622 10.610396, 105.303180 10.611174, 105.301738 10.611953, 105.300296 10.612732, 105.298854 10.613510, 105.297413 10.614289, 105.295971 10.615067, 105.294529 10.615846, 105.293087 10.616624, 105.291645 10.617403, 105.290203 10.618181, 105.288761 10.618960, 105.287319 10.619738, 105.285877 10.620517, 105.284435 10.621295, 105.282993 10.622074, 105.281551 10.622852, 105.280109 10.623631, 105.278667 10.624409, 105.277225 10.625188, 105.275783 10.625966, 105.274341 10.626745, 105.272899 10.627523, 105.271457 10.628301, 105.270015 10.629080, 105.268573 10.629858, 105.267131 10.630637, 105.265688 10.631415, 105.264246 10.632193, 105.262804 10.632972, 105.261362 10.633750, 105.259920 10.634529, 105.258478 10.635307, 105.257036 10.636085, 105.255594 10.636864, 105.254151 10.637642, 105.252709 10.638420, 105.251267 10.639199, 105.249825 10.639977, 105.248383 10.640755, 105.246941 10.641534, 105.245498 10.642312, 105.244056 10.643090, 105.242614 10.643869, 105.241172 10.644647, 105.239730 10.645425, 105.238287 10.646204, 105.236845 10.646982, 105.235403 10.647760, 105.233961 10.648538, 105.232518 10.649317, 105.231076 10.650095, 105.229634 10.650873, 105.228192 10.651651, 105.226749 10.652430, 105.225307 10.653208, 105.223865 10.653986, 105.222422 10.654764, 105.220980 10.655542, 105.219538 10.656321, 105.218096 10.657099, 105.216653 10.657877, 105.215211 10.658655, 105.213769 10.659433, 105.212326 10.660211, 105.210884 10.660990, 105.209441 10.661768, 105.207999 10.662546, 105.206557 10.663324, 105.205114 10.664102, 105.203672 10.664880, 105.202229 10.665658, 105.200787 10.666436, 105.199345 10.667215, 105.197902 10.667993, 105.196460 10.668771, 105.195017 10.669549, 105.193575 10.670327, 105.192132 10.671105, 105.190690 10.671883, 105.189247 10.672661, 105.187805 10.673439, 105.186362 10.674217, 105.184920 10.674995, 105.183477 10.675773, 105.182035 10.676551, 105.180592 10.677329, 105.179150 10.678107, 105.177707 10.678885, 105.176265 10.679663, 105.174822 10.680441, 105.173380 10.681219, 105.171937 10.681997, 105.170495 10.682775, 105.169052 10.683553, 105.167609 10.684331, 105.166167 10.685109, 105.164724 10.685887, 105.163282 10.686665, 105.161839 10.687443, 105.160396 10.688221, 105.158954 10.688999, 105.157511 10.689777, 105.156069 10.690555, 105.154626 10.691332, 105.153183 10.692110, 105.151741 10.692888, 105.150298 10.693666, 105.148855 10.694444, 105.147412 10.695222, 105.145970 10.696000, 105.144527 10.696778, 105.143084 10.697555, 105.141642 10.698333, 105.140199 10.699111, 105.138756 10.699889, 105.137313 10.700667, 105.135871 10.701445, 105.134428 10.702222, 105.132985 10.703000, 105.131542 10.703778, 105.130100 10.704556, 105.128657 10.705333, 105.127214 10.706111, 105.125771 10.706889, 105.124328 10.707667, 105.122886 10.708445, 105.121443 10.709222, 105.120000 10.710000, 105.119649 10.711577, 105.119297 10.713154, 105.118946 10.714731, 105.118594 10.716308, 105.118243 10.717886, 105.117891 10.719463, 105.117539 10.721040, 105.117188 10.722617, 105.116836 10.724194, 105.116485 10.725771, 105.116133 10.727348, 105.115782 10.728925, 105.115430 10.730502, 105.115079 10.732079, 105.114727 10.733657, 105.114376 10.735234, 105.114024 10.736811, 105.113673 10.738388, 105.113321 10.739965, 105.112969 10.741542, 105.112618 10.743119, 105.112266 10.744696, 105.111915 10.746273, 105.111563 10.747850, 105.111212 10.749427, 105.110860 10.751005, 105.110508 10.752582, 105.110157 10.754159, 105.109805 10.755736, 105.109454 10.757313, 105.109102 10.758890, 105.108750 10.760467, 105.108399 10.762044, 105.108047 10.763621, 105.107696 10.765198, 105.107344 10.766775, 105.106992 10.768353, 105.106641 10.769930, 105.106289 10.771507, 105.105937 10.773084, 105.105586 10.774661, 105.105234 10.776238, 105.104883 10.777815, 105.104531 10.779392, 105.104179 10.780969, 105.103828 10.782546, 105.103476 10.784123, 105.103124 10.785701, 105.102773 10.787278, 105.102421 10.788855, 105.102069 10.790432, 105.101718 10.792009, 105.101366 10.793586, 105.101014 10.795163, 105.100663 10.796740, 105.100311 10.798317, 105.099959 10.799894, 105.099607 10.801471, 105.099256 10.803048, 105.098904 10.804626, 105.098552 10.806203, 105.098201 10.807780, 105.097849 10.809357, 105.097497 10.810934, 105.097145 10.812511, 105.096794 10.814088, 105.096442 10.815665, 105.096090 10.817242, 105.095738 10.818819, 105.095387 10.820396, 105.095035 10.821973, 105.094683 10.823550, 105.094331 10.825128, 105.093980 10.826705, 105.093628 10.828282, 105.093276 10.829859, 105.092924 10.831436, 105.092573 10.833013, 105.092221 10.834590, 105.091869 10.836167, 105.091517 10.837744, 105.091165 10.839321, 105.090814 10.840898, 105.090462 10.842475, 105.090110 10.844052, 105.089758 10.845629, 105.089406 10.847207, 105.089055 10.848784, 105.088703 10.850361, 105.088351 10.851938, 105.087999 10.853515, 105.087647 10.855092, 105.087296 10.856669, 105.086944 10.858246, 105.086592 10.859823, 105.086240 10.861400, 105.085888 10.862977, 105.085536 10.864554, 105.085184 10.866131, 105.084833 10.867708, 105.084481 10.869285, 105.084129 10.870863, 105.083777 10.872440, 105.083425 10.874017, 105.083073 10.875594, 105.082721 10.877171, 105.082370 10.878748, 105.082018 10.880325, 105.081666 10.881902, 105.081314 10.883479, 105.080962 10.885056, 105.080610 10.886633, 105.080258 10.888210, 105.079906 10.889787, 105.079554 10.891364, 105.079202 10.892941, 105.078851 10.894518, 105.078499 10.896095, 105.078147 10.897673, 105.077795 10.899250, 105.077443 10.900827, 105.077091 10.902404, 105.076739 10.903981, 105.076387 10.905558, 105.076035 10.907135, 105.075683 10.908712, 105.075331 10.910289, 105.074979 10.911866, 105.074627 10.913443, 105.074275 10.915020, 105.073923 10.916597, 105.073571 10.918174, 105.073219 10.919751, 105.072867 10.921328, 105.072515 10.922905, 105.072163 10.924482, 105.071811 10.926059, 105.071459 10.927637, 105.071107 10.929214, 105.070755 10.930791, 105.070403 10.932368, 105.070051 10.933945, 105.069699 10.935522, 105.069347 10.937099, 105.068995 10.938676, 105.068643 10.940253, 105.068291 10.941830, 105.067939 10.943407, 105.067587 10.944984, 105.067235 10.946561, 105.066883 10.948138, 105.066531 10.949715, 105.066179 10.951292, 105.065827 10.952869, 105.065475 10.954446, 105.065123 10.956023, 105.064771 10.957600, 105.064419 10.959177, 105.064066 10.960754, 105.063714 10.962331, 105.063362 10.963909, 105.063010 10.965486, 105.062658 10.967063, 105.062306 10.968640, 105.061954 10.970217, 105.061602 10.971794, 105.061250 10.973371, 105.060898 10.974948, 105.060546 10.976525, 105.060193 10.978102, 105.059841 10.979679, 105.059489 10.981256, 105.059137 10.982833, 105.058785 10.984410, 105.058433 10.985987, 105.058081 10.987564, 105.057728 10.989141, 105.057376 10.990718, 105.057024 10.992295, 105.056672 10.993872, 105.056320 10.995449, 105.055968 10.997026, 105.055616 10.998603, 105.055263 11.000180, 105.054911 11.001757, 105.054559 11.003334, 105.054207 11.004911, 105.053855 11.006488, 105.053502 11.008065, 105.053150 11.009643, 105.052798 11.011220, 105.052446 11.012797, 105.052094 11.014374, 105.051741 11.015951, 105.051389 11.017528, 105.051037 11.019105, 105.050685 11.020682, 105.050333 11.022259, 105.049980 11.023836, 105.049628 11.025413, 105.049276 11.026990, 105.048924 11.028567, 105.048571 11.030144, 105.048219 11.031721, 105.047867 11.033298, 105.047515 11.034875, 105.047162 11.036452, 105.046810 11.038029, 105.046458 11.039606, 105.046106 11.041183, 105.045753 11.042760, 105.045401 11.044337, 105.045049 11.045914, 105.044696 11.047491, 105.044344 11.049068, 105.043992 11.050645, 105.043640 11.052222, 105.043287 11.053799, 105.042935 11.055376, 105.042583 11.056953, 105.042230 11.058530, 105.041878 11.060107, 105.041526 11.061684, 105.041173 11.063261, 105.040821 11.064838, 105.040469 11.066415, 105.040116 11.067992, 105.039764 11.069569, 105.039412 11.071146, 105.039059 11.072723, 105.038707 11.074300, 105.038355 11.075877, 105.038002 11.077454, 105.037650 11.079031, 105.037298 11.080608, 105.036945 11.082185, 105.036593 11.083762, 105.036240 11.085339, 105.035888 11.086916, 105.035536 11.088493, 105.035183 11.090070, 105.034831 11.091647, 105.034479 11.093224, 105.034126 11.094801, 105.033774 11.096378, 105.033421 11.097955, 105.033069 11.099532, 105.032717 11.101109, 105.032364 11.102686, 105.032012 11.104263, 105.031659 11.105840, 105.031307 11.107417, 105.030954 11.108994, 105.030602 11.110571, 105.030250 11.112148, 105.029897 11.113725, 105.029545 11.115302, 105.029192 11.116879, 105.028840 11.118456, 105.028487 11.120033, 105.028135 11.121610, 105.027782 11.123187, 105.027430 11.124764, 105.027077 11.126341, 105.026725 11.127918, 105.026372 11.129495, 105.026020 11.131072, 105.025667 11.132649, 105.025315 11.134226, 105.024962 11.135803, 105.024610 11.137380, 105.024257 11.138957, 105.023905 11.140534, 105.023552 11.142111, 105.023200 11.143688, 105.022847 11.145265, 105.022495 11.146842, 105.022142 11.148419, 105.021790 11.149996, 105.021437 11.151573, 105.021085 11.153150, 105.020732 11.154727, 105.020380 11.156304, 105.020027 11.157881, 105.019675 11.159458, 105.019322 11.161035, 105.018969 11.162612, 105.018617 11.164189, 105.018264 11.165766, 105.017912 11.167343, 105.017559 11.168920, 105.017207 11.170497, 105.016854 11.172074, 105.016501 11.173651, 105.016149 11.175228, 105.015796 11.176805, 105.015444 11.178382, 105.015091 11.179959, 105.014738 11.181536, 105.014386 11.183113, 105.014033 11.184690, 105.013681 11.186267, 105.013328 11.187844, 105.012975 11.189421, 105.012623 11.190998, 105.012270 11.192575, 105.011917 11.194152, 105.011565 11.195729, 105.011212 11.197306, 105.010859 11.198883, 105.010507 11.200460, 105.010154 11.202037, 105.009801 11.203614, 105.009449 11.205191, 105.009096 11.206768, 105.008743 11.208345, 105.008391 11.209922, 105.008038 11.211499, 105.007685 11.213076, 105.007333 11.214653, 105.006980 11.216230, 105.006627 11.217807, 105.006275 11.219384, 105.005922 11.220961, 105.005569 11.222538, 105.005216 11.224114, 105.004864 11.225691, 105.004511 11.227268, 105.004158 11.228845, 105.003806 11.230422, 105.003453 11.231999, 105.003100 11.233576, 105.002747 11.235153, 105.002395 11.236730, 105.002042 11.238307, 105.001689 11.239884, 105.001336 11.241461, 105.000984 11.243038, 105.000631 11.244615, 105.000278 11.246192, 104.999925 11.247769, 104.999573 11.249346, 104.999220 11.250923, 104.998867 11.252500, 104.998514 11.254077, 104.998161 11.255654, 104.997809 11.257231, 104.997456 11.258808, 104.997103 11.260385, 104.996750 11.261962, 104.996397 11.263539, 104.996045 11.265116, 104.995692 11.266693, 104.995339 11.268270, 104.994986 11.269847, 104.994633 11.271423, 104.994280 11.273000, 104.993928 11.274577, 104.993575 11.276154, 104.993222 11.277731, 104.992869 11.279308, 104.992516 11.280885, 104.992163 11.282462, 104.991811 11.284039, 104.991458 11.285616, 104.991105 11.287193, 104.990752 11.288770, 104.990399 11.290347, 104.990046 11.291924, 104.989693 11.293501, 104.989340 11.295078, 104.988988 11.296655, 104.988635 11.298232, 104.988282 11.299809, 104.987929 11.301386, 104.987576 11.302963, 104.987223 11.304540, 104.986870 11.306116, 104.986517 11.307693, 104.986164 11.309270, 104.985811 11.310847, 104.985458 11.312424, 104.985105 11.314001, 104.984753 11.315578, 104.984400 11.317155, 104.984047 11.318732, 104.983694 11.320309, 104.983341 11.321886, 104.982988 11.323463, 104.982635 11.325040, 104.982282 11.326617, 104.981929 11.328194, 104.981576 11.329771, 104.981223 11.331348, 104.980870 11.332925, 104.980517 11.334502, 104.980164 11.336078, 104.979811 11.337655, 104.979458 11.339232, 104.979105 11.340809, 104.978752 11.342386, 104.978399 11.343963, 104.978046 11.345540, 104.977693 11.347117, 104.977340 11.348694, 104.976987 11.350271, 104.976634 11.351848, 104.976281 11.353425, 104.975928 11.355002, 104.975575 11.356579, 104.975222 11.358156, 104.974869 11.359733, 104.974516 11.361309, 104.974163 11.362886, 104.973810 11.364463, 104.973457 11.366040, 104.973103 11.367617, 104.972750 11.369194, 104.972397 11.370771, 104.972044 11.372348, 104.971691 11.373925, 104.971338 11.375502, 104.970985 11.377079, 104.970632 11.378656, 104.970279 11.380233, 104.969926 11.381810, 104.969573 11.383387, 104.969219 11.384963, 104.968866 11.386540, 104.968513 11.388117, 104.968160 11.389694, 104.967807 11.391271, 104.967454 11.392848, 104.967101 11.394425, 104.966748 11.396002, 104.966394 11.397579, 104.966041 11.399156, 104.965688 11.400733, 104.965335 11.402310, 104.964982 11.403887, 104.964629 11.405464, 104.964276 11.407040, 104.963922 11.408617, 104.963569 11.410194, 104.963216 11.411771, 104.962863 11.413348, 104.962510 11.414925, 104.962156 11.416502, 104.961803 11.418079, 104.961450 11.419656, 104.961097 11.421233, 104.960744 11.422810, 104.960391 11.424387, 104.960037 11.425963, 104.959684 11.427540, 104.959331 11.429117, 104.958978 11.430694, 104.958624 11.432271, 104.958271 11.433848, 104.957918 11.435425, 104.957565 11.437002, 104.957211 11.438579, 104.956858 11.440156, 104.956505 11.441733, 104.956152 11.443310, 104.955798 11.444886, 104.955445 11.446463, 104.955092 11.448040, 104.954739 11.449617, 104.954385 11.451194, 104.954032 11.452771, 104.953679 11.454348, 104.953326 11.455925, 104.952972 11.457502, 104.952619 11.459079, 104.952266 11.460656, 104.951912 11.462232, 104.951559 11.463809, 104.951206 11.465386, 104.950852 11.466963, 104.950499 11.468540, 104.950146 11.470117, 104.949792 11.471694, 104.949439 11.473271, 104.949086 11.474848, 104.948732 11.476425, 104.948379 11.478002, 104.948026 11.479578, 104.947672 11.481155, 104.947319 11.482732, 104.946966 11.484309, 104.946612 11.485886, 104.946259 11.487463, 104.945906 11.489040, 104.945552 11.490617, 104.945199 11.492194, 104.944846 11.493771, 104.944492 11.495347, 104.944139 11.496924, 104.943785 11.498501, 104.943432 11.500078, 104.943079 11.501655, 104.942725 11.503232, 104.942372 11.504809, 104.942018 11.506386, 104.941665 11.507963, 104.941312 11.509540, 104.940958 11.511116, 104.940605 11.512693, 104.940251 11.514270, 104.939898 11.515847, 104.939544 11.517424, 104.939191 11.519001, 104.938837 11.520578, 104.938484 11.522155, 104.938131 11.523732, 104.937777 11.525308, 104.937424 11.526885, 104.937070 11.528462, 104.936717 11.530039, 104.936363 11.531616, 104.936010 11.533193, 104.935656 11.534770, 104.935303 11.536347, 104.934949 11.537924, 104.934596 11.539500, 104.934242 11.541077, 104.933889 11.542654, 104.933535 11.544231, 104.933182 11.545808, 104.932828 11.547385, 104.932475 11.548962, 104.932121 11.550539, 104.931768 11.552116, 104.931414 11.553692, 104.931061 11.555269, 104.930707 11.556846, 104.930354 11.558423, 104.930000 11.560000, 104.931269 11.561032, 104.932538 11.562065, 104.933807 11.563097, 104.935076 11.564129, 104.936345 11.565162, 104.937614 11.566194, 104.938883 11.567226, 104.940152 11.568259, 104.941421 11.569291, 104.942691 11.570323, 104.943960 11.571355, 104.945229 11.572388, 104.946498 11.573420, 104.947767 11.574452, 104.949036 11.575485, 104.950305 11.576517, 104.951574 11.577549, 104.952844 11.578581, 104.954113 11.579613, 104.955382 11.580646, 104.956651 11.581678, 104.957920 11.582710, 104.959190 11.583742, 104.960459 11.584775, 104.961728 11.585807, 104.962997 11.586839, 104.964267 11.587871, 104.965536 11.588903, 104.966805 11.589936, 104.968074 11.590968, 104.969344 11.592000, 104.970613 11.593032, 104.971882 11.594064, 104.973152 11.595096, 104.974421 11.596129, 104.975690 11.597161, 104.976960 11.598193, 104.978229 11.599225, 104.979498 11.600257, 104.980768 11.601289, 104.982037 11.602321, 104.983307 11.603353, 104.984576 11.604386, 104.985845 11.605418, 104.987115 11.606450, 104.988384 11.607482, 104.989654 11.608514, 104.990923 11.609546, 104.992193 11.610578, 104.993462 11.611610, 104.994732 11.612642, 104.996001 11.613674, 104.997271 11.614706, 104.998540 11.615738, 104.999810 11.616770, 105.001079 11.617802, 105.002349 11.618834, 105.003618 11.619867, 105.004888 11.620899, 105.006157 11.621931, 105.007427 11.622963, 105.008696 11.623995, 105.009966 11.625027, 105.011236 11.626059, 105.012505 11.627091, 105.013775 11.628122, 105.015045 11.629154, 105.016314 11.630186, 105.017584 11.631218, 105.018853 11.632250, 105.020123 11.633282, 105.021393 11.634314, 105.022663 11.635346, 105.023932 11.636378, 105.025202 11.637410, 105.026472 11.638442, 105.027741 11.639474, 105.029011 11.640506, 105.030281 11.641538, 105.031551 11.642570, 105.032820 11.643602, 105.034090 11.644633, 105.035360 11.645665, 105.036630 11.646697, 105.037900 11.647729, 105.039169 11.648761, 105.040439 11.649793, 105.041709 11.650825, 105.042979 11.651856, 105.044249 11.652888, 105.045519 11.653920, 105.046788 11.654952, 105.048058 11.655984, 105.049328 11.657016, 105.050598 11.658047, 105.051868 11.659079, 105.053138 11.660111, 105.054408 11.661143, 105.055678 11.662175, 105.056948 11.663206, 105.058218 11.664238, 105.059488 11.665270, 105.060758 11.666302, 105.062028 11.667334, 105.063298 11.668365, 105.064568 11.669397, 105.065838 11.670429, 105.067108 11.671461, 105.068378 11.672492, 105.069648 11.673524, 105.070918 11.674556, 105.072188 11.675588, 105.073458 11.676619, 105.074728 11.677651, 105.075998 11.678683, 105.077268 11.679714, 105.078538 11.680746, 105.079808 11.681778, 105.081078 11.682809, 105.082349 11.683841, 105.083619 11.684873, 105.084889 11.685904, 105.086159 11.686936, 105.087429 11.687968, 105.088699 11.688999, 105.089969 11.690031, 105.091240 11.691063, 105.092510 11.692094, 105.093780 11.693126, 105.095050 11.694158, 105.096321 11.695189, 105.097591 11.696221, 105.098861 11.697252, 105.100131 11.698284, 105.101402 11.699316, 105.102672 11.700347, 105.103942 11.701379, 105.105212 11.702410, 105.106483 11.703442, 105.107753 11.704473, 105.109023 11.705505, 105.110294 11.706537, 105.111564 11.707568, 105.112835 11.708600, 105.114105 11.709631, 105.115375 11.710663, 105.116646 11.711694, 105.117916 11.712726, 105.119186 11.713757, 105.120457 11.714789, 105.121727 11.715820, 105.122998 11.716852, 105.124268 11.717883, 105.125539 11.718915, 105.126809 11.719946, 105.128080 11.720978, 105.129350 11.722009, 105.130621 11.723041, 105.131891 11.724072, 105.133162 11.725104, 105.134432 11.726135, 105.135703 11.727167, 105.136973 11.728198, 105.138244 11.729229, 105.139514 11.730261, 105.140785 11.731292, 105.142055 11.732324, 105.143326 11.733355, 105.144597 11.734386, 105.145867 11.735418, 105.147138 11.736449, 105.148408 11.737481, 105.149679 11.738512, 105.150950 11.739543, 105.152220 11.740575, 105.153491 11.741606, 105.154762 11.742637, 105.156032 11.743669, 105.157303 11.744700, 105.158574 11.745732, 105.159844 11.746763, 105.161115 11.747794, 105.162386 11.748826, 105.163657 11.749857, 105.164927 11.750888, 105.166198 11.751919, 105.167469 11.752951, 105.168740 11.753982, 105.170010 11.755013, 105.171281 11.756045, 105.172552 11.757076, 105.173823 11.758107, 105.175094 11.759138, 105.176365 11.760170, 105.177635 11.761201, 105.178906 11.762232, 105.180177 11.763263, 105.181448 11.764295, 105.182719 11.765326, 105.183990 11.766357, 105.185261 11.767388, 105.186532 11.768420, 105.187802 11.769451, 105.189073 11.770482, 105.190344 11.771513, 105.191615 11.772544, 105.192886 11.773576, 105.194157 11.774607, 105.195428 11.775638, 105.196699 11.776669, 105.197970 11.777700, 105.199241 11.778732, 105.200512 11.779763, 105.201783 11.780794, 105.203054 11.781825, 105.204325 11.782856, 105.205596 11.783887, 105.206867 11.784918, 105.208138 11.785949, 105.209410 11.786981, 105.210681 11.788012, 105.211952 11.789043, 105.213223 11.790074, 105.214494 11.791105, 105.215765 11.792136, 105.217036 11.793167, 105.218307 11.794198, 105.219579 11.795229, 105.220850 11.796260, 105.222121 11.797291, 105.223392 11.798323, 105.224663 11.799354, 105.225935 11.800385, 105.227206 11.801416, 105.228477 11.802447, 105.229748 11.803478, 105.231019 11.804509, 105.232291 11.805540, 105.233562 11.806571, 105.234833 11.807602, 105.236104 11.808633, 105.237376 11.809664, 105.238647 11.810695, 105.239918 11.811726, 105.241190 11.812757, 105.242461 11.813788, 105.243732 11.814819, 105.245004 11.815850, 105.246275 11.816881, 105.247546 11.817912, 105.248818 11.818942, 105.250089 11.819973, 105.251361 11.821004, 105.252632 11.822035, 105.253903 11.823066, 105.255175 11.824097, 105.256446 11.825128, 105.257718 11.826159, 105.258989 11.827190, 105.260261 11.828221, 105.261532 11.829252, 105.262804 11.830282, 105.264075 11.831313, 105.265347 11.832344, 105.266618 11.833375, 105.267890 11.834406, 105.269161 11.835437, 105.270433 11.836468, 105.271704 11.837498, 105.272976 11.838529, 105.274247 11.839560, 105.275519 11.840591, 105.276791 11.841622, 105.278062 11.842653, 105.279334 11.843683, 105.280605 11.844714, 105.281877 11.845745, 105.283149 11.846776, 105.284420 11.847807, 105.285692 11.848837, 105.286964 11.849868, 105.288235 11.850899, 105.289507 11.851930, 105.290779 11.852960, 105.292050 11.853991, 105.293322 11.855022, 105.294594 11.856053, 105.295866 11.857083, 105.297137 11.858114, 105.298409 11.859145, 105.299681 11.860175, 105.300953 11.861206, 105.302224 11.862237, 105.303496 11.863268, 105.304768 11.864298, 105.306040 11.865329, 105.307312 11.866360, 105.308583 11.867390, 105.309855 11.868421, 105.311127 11.869452, 105.312399 11.870482, 105.313671 11.871513, 105.314943 11.872544, 105.316215 11.873574, 105.317487 11.874605, 105.318758 11.875636, 105.320030 11.876666, 105.321302 11.877697, 105.322574 11.878727, 105.323846 11.879758, 105.325118 11.880789, 105.326390 11.881819, 105.327662 11.882850, 105.328934 11.883880, 105.330206 11.884911, 105.331478 11.885942, 105.332750 11.886972, 105.334022 11.888003, 105.335294 11.889033, 105.336566 11.890064, 105.337838 11.891094, 105.339110 11.892125, 105.340382 11.893155, 105.341654 11.894186, 105.342926 11.895216, 105.344199 11.896247, 105.345471 11.897277, 105.346743 11.898308, 105.348015 11.899338, 105.349287 11.900369, 105.350559 11.901399, 105.351831 11.902430, 105.353104 11.903460, 105.354376 11.904491, 105.355648 11.905521, 105.356920 11.906552, 105.358192 11.907582, 105.359464 11.908613, 105.360737 11.909643, 105.362009 11.910674, 105.363281 11.911704, 105.364553 11.912734, 105.365826 11.913765, 105.367098 11.914795, 105.368370 11.915826, 105.369643 11.916856, 105.370915 11.917886, 105.372187 11.918917, 105.373459 11.919947, 105.374732 11.920978, 105.376004 11.922008, 105.377277 11.923038, 105.378549 11.924069, 105.379821 11.925099, 105.381094 11.926129, 105.382366 11.927160, 105.383638 11.928190, 105.384911 11.929220, 105.386183 11.930251, 105.387456 11.931281, 105.388728 11.932311, 105.390001 11.933342, 105.391273 11.934372, 105.392545 11.935402, 105.393818 11.936433, 105.395090 11.937463, 105.396363 11.938493, 105.397635 11.939523, 105.398908 11.940554, 105.400180 11.941584, 105.401453 11.942614, 105.402726 11.943645, 105.403998 11.944675, 105.405271 11.945705, 105.406543 11.946735, 105.407816 11.947765, 105.409088 11.948796, 105.410361 11.949826, 105.411634 11.950856, 105.412906 11.951886, 105.414179 11.952917, 105.415451 11.953947, 105.416724 11.954977, 105.417997 11.956007, 105.419269 11.957037, 105.420542 11.958067, 105.421815 11.959098, 105.423088 11.960128, 105.424360 11.961158, 105.425633 11.962188, 105.426906 11.963218, 105.428178 11.964248, 105.429451 11.965279, 105.430724 11.966309, 105.431997 11.967339, 105.433269 11.968369, 105.434542 11.969399, 105.435815 11.970429, 105.437088 11.971459, 105.438361 11.972489, 105.439633 11.973519, 105.440906 11.974549, 105.442179 11.975580, 105.443452 11.976610, 105.444725 11.977640, 105.445998 11.978670, 105.447271 11.979700, 105.448544 11.980730, 105.449816 11.981760, 105.451089 11.982790, 105.452362 11.983820, 105.453635 11.984850, 105.454908 11.985880, 105.456181 11.986910, 105.457454 11.987940, 105.458727 11.988970, 105.460000 11.990000, 105.461218 11.991091, 105.462436 11.992181, 105.463653 11.993272, 105.464871 11.994362, 105.466089 11.995453, 105.467307 11.996543, 105.468524 11.997634, 105.469742 11.998724, 105.470960 11.999815, 105.472178 12.000905, 105.473396 12.001996, 105.474614 12.003086, 105.475832 12.004177, 105.477049 12.005267, 105.478267 12.006358, 105.479485 12.007448, 105.480703 12.008539, 105.481921 12.009629, 105.483139 12.010720, 105.484357 12.011810, 105.485575 12.012900, 105.486793 12.013991, 105.488011 12.015081, 105.489229 12.016172, 105.490447 12.017262, 105.491665 12.018353, 105.492883 12.019443, 105.494101 12.020533, 105.495319 12.021624, 105.496537 12.022714, 105.497755 12.023805, 105.498973 12.024895, 105.500191 12.025985, 105.501409 12.027076, 105.502627 12.028166, 105.503845 12.029256, 105.505064 12.030347, 105.506282 12.031437, 105.507500 12.032527, 105.508718 12.033618, 105.509936 12.034708, 105.511154 12.035798, 105.512372 12.036889, 105.513591 12.037979, 105.514809 12.039069, 105.516027 12.040160, 105.517245 12.041250, 105.518463 12.042340, 105.519682 12.043431, 105.520900 12.044521, 105.522118 12.045611, 105.523336 12.046702, 105.524555 12.047792, 105.525773 12.048882, 105.526991 12.049972, 105.528209 12.051063, 105.529428 12.052153, 105.530646 12.053243, 105.531864 12.054333, 105.533083 12.055424, 105.534301 12.056514, 105.535519 12.057604, 105.536738 12.058694, 105.537956 12.059784, 105.539175 12.060875, 105.540393 12.061965, 105.541611 12.063055, 105.542830 12.064145, 105.544048 12.065235, 105.545267 12.066326, 105.546485 12.067416, 105.547704 12.068506, 105.548922 12.069596, 105.550141 12.070686, 105.551359 12.071776, 105.552578 12.072867, 105.553796 12.073957, 105.555015 12.075047, 105.556233 12.076137, 105.557452 12.077227, 105.558670 12.078317, 105.559889 12.079407, 105.561107 12.080498, 105.562326 12.081588, 105.563544 12.082678, 105.564763 12.083768, 105.565982 12.084858, 105.567200 12.085948, 105.568419 12.087038, 105.569638 12.088128, 105.570856 12.089218, 105.572075 12.090308, 105.573294 12.091398, 105.574512 12.092488, 105.575731 12.093578, 105.576950 12.094669, 105.578168 12.095759, 105.579387 12.096849, 105.580606 12.097939, 105.581824 12.099029, 105.583043 12.100119, 105.584262 12.101209, 105.585481 12.102299, 105.586699 12.103389, 105.587918 12.104479, 105.589137 12.105569, 105.590356 12.106659, 105.591575 12.107749, 105.592794 12.108839, 105.594012 12.109929, 105.595231 12.111019, 105.596450 12.112109, 105.597669 12.113198, 105.598888 12.114288, 105.600107 12.115378, 105.601326 12.116468, 105.602544 12.117558, 105.603763 12.118648, 105.604982 12.119738, 105.606201 12.120828, 105.607420 12.121918, 105.608639 12.123008, 105.609858 12.124098, 105.611077 12.125188, 105.612296 12.126278, 105.613515 12.127367, 105.614734 12.128457, 105.615953 12.129547, 105.617172 12.130637, 105.618391 12.131727, 105.619610 12.132817, 105.620829 12.133907, 105.622048 12.134996, 105.623267 12.136086, 105.624486 12.137176, 105.625706 12.138266, 105.626925 12.139356, 105.628144 12.140446, 105.629363 12.141535, 105.630582 12.142625, 105.631801 12.143715, 105.633020 12.144805, 105.634239 12.145895, 105.635459 12.146984, 105.636678 12.148074, 105.637897 12.149164, 105.639116 12.150254, 105.640335 12.151344, 105.641555 12.152433, 105.642774 12.153523, 105.643993 12.154613, 105.645212 12.155703, 105.646432 12.156792, 105.647651 12.157882, 105.648870 12.158972, 105.650089 12.160062, 105.651309 12.161151, 105.652528 12.162241, 105.653747 12.163331, 105.654967 12.164420, 105.656186 12.165510, 105.657405 12.166600, 105.658625 12.167689, 105.659844 12.168779, 105.661064 12.169869, 105.662283 12.170959, 105.663502 12.172048, 105.664722 12.173138, 105.665941 12.174227, 105.667161 12.175317, 105.668380 12.176407, 105.669600 12.177496, 105.670819 12.178586, 105.672038 12.179676, 105.673258 12.180765, 105.674477 12.181855, 105.675697 12.182945, 105.676916 12.184034, 105.678136 12.185124, 105.679356 12.186213, 105.680575 12.187303, 105.681795 12.188393, 105.683014 12.189482, 105.684234 12.190572, 105.685453 12.191661, 105.686673 12.192751, 105.687893 12.193840, 105.689112 12.194930, 105.690332 12.196020, 105.691551 12.197109, 105.692771 12.198199, 105.693991 12.199288, 105.695210 12.200378, 105.696430 12.201467, 105.697650 12.202557, 105.698869 12.203646, 105.700089 12.204736, 105.701309 12.205825, 105.702529 12.206915, 105.703748 12.208004, 105.704968 12.209094, 105.706188 12.210183, 105.707408 12.211273, 105.708627 12.212362, 105.709847 12.213452, 105.711067 12.214541, 105.712287 12.215630, 105.713507 12.216720, 105.714726 12.217809, 105.715946 12.218899, 105.717166 12.219988, 105.718386 12.221078, 105.719606 12.222167, 105.720826 12.223257, 105.722046 12.224346, 105.723265 12.225435, 105.724485 12.226525, 105.725705 12.227614, 105.726925 12.228703, 105.728145 12.229793, 105.729365 12.230882, 105.730585 12.231972, 105.731805 12.233061, 105.733025 12.234150, 105.734245 12.235240, 105.735465 12.236329, 105.736685 12.237418, 105.737905 12.238508, 105.739125 12.239597, 105.740345 12.240686, 105.741565 12.241776, 105.742785 12.242865, 105.744005 12.243954, 105.745225 12.245044, 105.746445 12.246133, 105.747665 12.247222, 105.748886 12.248312, 105.750106 12.249401, 105.751326 12.250490, 105.752546 12.251579, 105.753766 12.252669, 105.754986 12.253758, 105.756206 12.254847, 105.757427 12.255936, 105.758647 12.257026, 105.759867 12.258115, 105.761087 12.259204, 105.762307 12.260293, 105.763528 12.261383, 105.764748 12.262472, 105.765968 12.263561, 105.767188 12.264650, 105.768409 12.265740, 105.769629 12.266829, 105.770849 12.267918, 105.772069 12.269007, 105.773290 12.270096, 105.774510 12.271185, 105.775730 12.272275, 105.776951 12.273364, 105.778171 12.274453, 105.779391 12.275542, 105.780612 12.276631, 105.781832 12.277720, 105.783053 12.278810, 105.784273 12.279899, 105.785493 12.280988, 105.786714 12.282077, 105.787934 12.283166, 105.789155 12.284255, 105.790375 12.285344, 105.791596 12.286433, 105.792816 12.287522, 105.794036 12.288612, 105.795257 12.289701, 105.796477 12.290790, 105.797698 12.291879, 105.798919 12.292968, 105.800139 12.294057, 105.801360 12.295146, 105.802580 12.296235, 105.803801 12.297324, 105.805021 12.298413, 105.806242 12.299502, 105.807462 12.300591, 105.808683 12.301680, 105.809904 12.302769, 105.811124 12.303858, 105.812345 12.304947, 105.813566 12.306036, 105.814786 12.307125, 105.816007 12.308214, 105.817228 12.309303, 105.818448 12.310392, 105.819669 12.311481, 105.820890 12.312570, 105.822110 12.313659, 105.823331 12.314748, 105.824552 12.315837, 105.825773 12.316926, 105.826993 12.318015, 105.828214 12.319104, 105.829435 12.320193, 105.830656 12.321282, 105.831876 12.322371, 105.833097 12.323460, 105.834318 12.324549, 105.835539 12.325637, 105.836760 12.326726, 105.837980 12.327815, 105.839201 12.328904, 105.840422 12.329993, 105.841643 12.331082, 105.842864 12.332171, 105.844085 12.333260, 105.845306 12.334349, 105.846527 12.335437, 105.847748 12.336526, 105.848969 12.337615, 105.850189 12.338704, 105.851410 12.339793, 105.852631 12.340882, 105.853852 12.341970, 105.855073 12.343059, 105.856294 12.344148, 105.857515 12.345237, 105.858736 12.346326, 105.859957 12.347414, 105.861178 12.348503, 105.862399 12.349592, 105.863621 12.350681, 105.864842 12.351770, 105.866063 12.352858, 105.867284 12.353947, 105.868505 12.355036, 105.869726 12.356125, 105.870947 12.357213, 105.872168 12.358302, 105.873389 12.359391, 105.874611 12.360480, 105.875832 12.361568, 105.877053 12.362657, 105.878274 12.363746, 105.879495 12.364835, 105.880716 12.365923, 105.881938 12.367012, 105.883159 12.368101, 105.884380 12.369189, 105.885601 12.370278, 105.886823 12.371367, 105.888044 12.372455, 105.889265 12.373544, 105.890486 12.374633, 105.891708 12.375721, 105.892929 12.376810, 105.894150 12.377899, 105.895372 12.378987, 105.896593 12.380076, 105.897814 12.381165, 105.899036 12.382253, 105.900257 12.383342, 105.901478 12.384430, 105.902700 12.385519, 105.903921 12.386608, 105.905143 12.387696, 105.906364 12.388785, 105.907585 12.389873, 105.908807 12.390962, 105.910028 12.392051, 105.911250 12.393139, 105.912471 12.394228, 105.913693 12.395316, 105.914914 12.396405, 105.916136 12.397493, 105.917357 12.398582, 105.918579 12.399670, 105.919800 12.400759, 105.921022 12.401848, 105.922243 12.402936, 105.923465 12.404025, 105.924686 12.405113, 105.925908 12.406202, 105.927130 12.407290, 105.928351 12.408379, 105.929573 12.409467, 105.930794 12.410556, 105.932016 12.411644, 105.933238 12.412732, 105.934459 12.413821, 105.935681 12.414909, 105.936903 12.415998, 105.938124 12.417086, 105.939346 12.418175, 105.940568 12.419263, 105.941789 12.420352, 105.943011 12.421440, 105.944233 12.422528, 105.945455 12.423617, 105.946676 12.424705, 105.947898 12.425794, 105.949120 12.426882, 105.950342 12.427971, 105.951563 12.429059, 105.952785 12.430147, 105.954007 12.431236, 105.955229 12.432324, 105.956451 12.433412, 105.957672 12.434501, 105.958894 12.435589, 105.960116 12.436677, 105.961338 12.437766, 105.962560 12.438854, 105.963782 12.439943, 105.965004 12.441031, 105.966226 12.442119, 105.967448 12.443207, 105.968670 12.444296, 105.969891 12.445384, 105.971113 12.446472, 105.972335 12.447561, 105.973557 12.448649, 105.974779 12.449737, 105.976001 12.450826, 105.977223 12.451914, 105.978445 12.453002, 105.979667 12.454090, 105.980889 12.455179, 105.982111 12.456267, 105.983334 12.457355, 105.984556 12.458443, 105.985778 12.459532, 105.987000 12.460620, 105.988222 12.461708, 105.989444 12.462796, 105.990666 12.463884, 105.991888 12.464973, 105.993110 12.466061, 105.994332 12.467149, 105.995555 12.468237, 105.996777 12.469325, 105.997999 12.470414, 105.999221 12.471502, 106.000443 12.472590, 106.001666 12.473678, 106.002888 12.474766, 106.004110 12.475854, 106.005332 12.476943, 106.006555 12.478031, 106.007777 12.479119, 106.008999 12.480207, 106.010221 12.481295, 106.011444 12.482383, 106.012666 12.483471, 106.013888 12.484560, 106.015111 12.485648, 106.016333 12.486736, 106.017555 12.487824, 106.018778 12.488912, 106.020000 12.490000, 106.019969 12.491615, 106.019938 12.493230, 106.019907 12.494845, 106.019876 12.496460, 106.019845 12.498075, 106.019814 12.499689, 106.019783 12.501304, 106.019753 12.502919, 106.019722 12.504534, 106.019691 12.506149, 106.019660 12.507764, 106.019629 12.509379, 106.019598 12.510994, 106.019567 12.512609, 106.019536 12.514224, 106.019505 12.515839, 106.019474 12.517453, 106.019443 12.519068, 106.019412 12.520683, 106.019381 12.522298, 106.019350 12.523913, 106.019319 12.525528, 106.019289 12.527143, 106.019258 12.528758, 106.019227 12.530373, 106.019196 12.531988, 106.019165 12.533603, 106.019134 12.535217, 106.019103 12.536832, 106.019072 12.538447, 106.019041 12.540062, 106.019010 12.541677, 106.018979 12.543292, 106.018948 12.544907, 106.018917 12.546522, 106.018886 12.548137, 106.018855 12.549752, 106.018824 12.551367, 106.018794 12.552981, 106.018763 12.554596, 106.018732 12.556211, 106.018701 12.557826, 106.018670 12.559441, 106.018639 12.561056, 106.018608 12.562671, 106.018577 12.564286, 106.018546 12.565901, 106.018515 12.567516, 106.018484 12.569130, 106.018453 12.570745, 106.018422 12.572360, 106.018391 12.573975, 106.018360 12.575590, 106.018329 12.577205, 106.018298 12.578820, 106.018267 12.580435, 106.018236 12.582050, 106.018206 12.583665, 106.018175 12.585280, 106.018144 12.586894, 106.018113 12.588509, 106.018082 12.590124, 106.018051 12.591739, 106.018020 12.593354, 106.017989 12.594969, 106.017958 12.596584, 106.017927 12.598199, 106.017896 12.599814, 106.017865 12.601429, 106.017834 12.603044, 106.017803 12.604658, 106.017772 12.606273, 106.017741 12.607888, 106.017710 12.609503, 106.017679 12.611118, 106.017648 12.612733, 106.017617 12.614348, 106.017586 12.615963, 106.017556 12.617578, 106.017525 12.619193, 106.017494 12.620808, 106.017463 12.622422, 106.017432 12.624037, 106.017401 12.625652, 106.017370 12.627267, 106.017339 12.628882, 106.017308 12.630497, 106.017277 12.632112, 106.017246 12.633727, 106.017215 12.635342, 106.017184 12.636957, 106.017153 12.638572, 106.017122 12.640186, 106.017091 12.641801, 106.017060 12.643416, 106.017029 12.645031, 106.016998 12.646646, 106.016967 12.648261, 106.016936 12.649876, 106.016905 12.651491, 106.016874 12.653106, 106.016843 12.654721, 106.016812 12.656336, 106.016781 12.657950, 106.016750 12.659565, 106.016719 12.661180, 106.016689 12.662795, 106.016658 12.664410, 106.016627 12.666025, 106.016596 12.667640, 106.016565 12.669255, 106.016534 12.670870, 106.016503 12.672485, 106.016472 12.674099, 106.016441 12.675714, 106.016410 12.677329, 106.016379 12.678944, 106.016348 12.680559, 106.016317 12.682174, 106.016286 12.683789, 106.016255 12.685404, 106.016224 12.687019, 106.016193 12.688634, 106.016162 12.690249, 106.016131 12.691863, 106.016100 12.693478, 106.016069 12.695093, 106.016038 12.696708, 106.016007 12.698323, 106.015976 12.699938, 106.015945 12.701553, 106.015914 12.703168, 106.015883 12.704783, 106.015852 12.706398, 106.015821 12.708013, 106.015790 12.709627, 106.015759 12.711242, 106.015728 12.712857, 106.015697 12.714472, 106.015666 12.716087, 106.015635 12.717702, 106.015604 12.719317, 106.015573 12.720932, 106.015542 12.722547, 106.015511 12.724162, 106.015480 12.725777, 106.015449 12.727391, 106.015418 12.729006, 106.015387 12.730621, 106.015356 12.732236, 106.015325 12.733851, 106.015295 12.735466, 106.015264 12.737081, 106.015233 12.738696, 106.015202 12.740311, 106.015171 12.741926, 106.015140 12.743541, 106.015109 12.745155, 106.015078 12.746770, 106.015047 12.748385, 106.015016 12.750000, 106.014985 12.751615, 106.014954 12.753230, 106.014923 12.754845, 106.014892 12.756460, 106.014861 12.758075, 106.014830 12.759690, 106.014799 12.761304, 106.014768 12.762919, 106.014737 12.764534, 106.014706 12.766149, 106.014675 12.767764, 106.014644 12.769379, 106.014613 12.770994, 106.014582 12.772609, 106.014551 12.774224, 106.014520 12.775839, 106.014489 12.777454, 106.014458 12.779068, 106.014427 12.780683, 106.014396 12.782298, 106.014365 12.783913, 106.014334 12.785528, 106.014303 12.787143, 106.014272 12.788758, 106.014241 12.790373, 106.014210 12.791988, 106.014179 12.793603, 106.014148 12.795218, 106.014117 12.796832, 106.014086 12.798447, 106.014055 12.800062, 106.014024 12.801677, 106.013993 12.803292, 106.013962 12.804907, 106.013931 12.806522, 106.013900 12.808137, 106.013869 12.809752, 106.013838 12.811367, 106.013807 12.812982, 106.013776 12.814596, 106.013745 12.816211, 106.013714 12.817826, 106.013683 12.819441, 106.013652 12.821056, 106.013621 12.822671, 106.013590 12.824286, 106.013559 12.825901, 106.013528 12.827516, 106.013497 12.829131, 106.013466 12.830746, 106.013435 12.832360, 106.013404 12.833975, 106.013373 12.835590, 106.013342 12.837205, 106.013311 12.838820, 106.013280 12.840435, 106.013249 12.842050, 106.013217 12.843665, 106.013186 12.845280, 106.013155 12.846895, 106.013124 12.848509, 106.013093 12.850124, 106.013062 12.851739, 106.013031 12.853354, 106.013000 12.854969, 106.012969 12.856584, 106.012938 12.858199, 106.012907 12.859814, 106.012876 12.861429, 106.012845 12.863044, 106.012814 12.864659, 106.012783 12.866273, 106.012752 12.867888, 106.012721 12.869503, 106.012690 12.871118, 106.012659 12.872733, 106.012628 12.874348, 106.012597 12.875963, 106.012566 12.877578, 106.012535 12.879193, 106.012504 12.880808, 106.012473 12.882423, 106.012442 12.884037, 106.012411 12.885652, 106.012380 12.887267, 106.012349 12.888882, 106.012318 12.890497, 106.012287 12.892112, 106.012256 12.893727, 106.012225 12.895342, 106.012194 12.896957, 106.012163 12.898572, 106.012132 12.900187, 106.012101 12.901801, 106.012070 12.903416, 106.012039 12.905031, 106.012008 12.906646, 106.011977 12.908261, 106.011946 12.909876, 106.011915 12.911491, 106.011884 12.913106, 106.011853 12.914721, 106.011821 12.916336, 106.011790 12.917950, 106.011759 12.919565, 106.011728 12.921180, 106.011697 12.922795, 106.011666 12.924410, 106.011635 12.926025, 106.011604 12.927640, 106.011573 12.929255, 106.011542 12.930870, 106.011511 12.932485, 106.011480 12.934100, 106.011449 12.935714, 106.011418 12.937329, 106.011387 12.938944, 106.011356 12.940559, 106.011325 12.942174, 106.011294 12.943789, 106.011263 12.945404, 106.011232 12.947019, 106.011201 12.948634, 106.011170 12.950249, 106.011139 12.951864, 106.011108 12.953478, 106.011077 12.955093, 106.011046 12.956708, 106.011015 12.958323, 106.010983 12.959938, 106.010952 12.961553, 106.010921 12.963168, 106.010890 12.964783, 106.010859 12.966398, 106.010828 12.968013, 106.010797 12.969628, 106.010766 12.971242, 106.010735 12.972857, 106.010704 12.974472, 106.010673 12.976087, 106.010642 12.977702, 106.010611 12.979317, 106.010580 12.980932, 106.010549 12.982547, 106.010518 12.984162, 106.010487 12.985777, 106.010456 12.987391, 106.010425 12.989006, 106.010394 12.990621, 106.010363 12.992236, 106.010331 12.993851, 106.010300 12.995466, 106.010269 12.997081, 106.010238 12.998696, 106.010207 13.000311, 106.010176 13.001926, 106.010145 13.003541, 106.010114 13.005155, 106.010083 13.006770, 106.010052 13.008385, 106.010021 13.010000, 106.009990 13.011615, 106.009959 13.013230, 106.009928 13.014845, 106.009897 13.016460, 106.009866 13.018075, 106.009835 13.019690, 106.009804 13.021305, 106.009773 13.022919, 106.009741 13.024534, 106.009710 13.026149, 106.009679 13.027764, 106.009648 13.029379, 106.009617 13.030994, 106.009586 13.032609, 106.009555 13.034224, 106.009524 13.035839, 106.009493 13.037454, 106.009462 13.039069, 106.009431 13.040683, 106.009400 13.042298, 106.009369 13.043913, 106.009338 13.045528, 106.009307 13.047143, 106.009276 13.048758, 106.009244 13.050373, 106.009213 13.051988, 106.009182 13.053603, 106.009151 13.055218, 106.009120 13.056832, 106.009089 13.058447, 106.009058 13.060062, 106.009027 13.061677, 106.008996 13.063292, 106.008965 13.064907, 106.008934 13.066522, 106.008903 13.068137, 106.008872 13.069752, 106.008841 13.071367, 106.008810 13.072982, 106.008778 13.074596, 106.008747 13.076211, 106.008716 13.077826, 106.008685 13.079441, 106.008654 13.081056, 106.008623 13.082671, 106.008592 13.084286, 106.008561 13.085901, 106.008530 13.087516, 106.008499 13.089131, 106.008468 13.090746, 106.008437 13.092360, 106.008406 13.093975, 106.008374 13.095590, 106.008343 13.097205, 106.008312 13.098820, 106.008281 13.100435, 106.008250 13.102050, 106.008219 13.103665, 106.008188 13.105280, 106.008157 13.106895, 106.008126 13.108510, 106.008095 13.110124, 106.008064 13.111739, 106.008033 13.113354, 106.008002 13.114969, 106.007970 13.116584, 106.007939 13.118199, 106.007908 13.119814, 106.007877 13.121429, 106.007846 13.123044, 106.007815 13.124659, 106.007784 13.126273, 106.007753 13.127888, 106.007722 13.129503, 106.007691 13.131118, 106.007660 13.132733, 106.007629 13.134348, 106.007597 13.135963, 106.007566 13.137578, 106.007535 13.139193, 106.007504 13.140808, 106.007473 13.142423, 106.007442 13.144037, 106.007411 13.145652, 106.007380 13.147267, 106.007349 13.148882, 106.007318 13.150497, 106.007287 13.152112, 106.007255 13.153727, 106.007224 13.155342, 106.007193 13.156957, 106.007162 13.158572, 106.007131 13.160187, 106.007100 13.161801, 106.007069 13.163416, 106.007038 13.165031, 106.007007 13.166646, 106.006976 13.168261, 106.006945 13.169876, 106.006913 13.171491, 106.006882 13.173106, 106.006851 13.174721, 106.006820 13.176336, 106.006789 13.177950, 106.006758 13.179565, 106.006727 13.181180, 106.006696 13.182795, 106.006665 13.184410, 106.006634 13.186025, 106.006602 13.187640, 106.006571 13.189255, 106.006540 13.190870, 106.006509 13.192485, 106.006478 13.194100, 106.006447 13.195714, 106.006416 13.197329, 106.006385 13.198944, 106.006354 13.200559, 106.006323 13.202174, 106.006291 13.203789, 106.006260 13.205404, 106.006229 13.207019, 106.006198 13.208634, 106.006167 13.210249, 106.006136 13.211864, 106.006105 13.213478, 106.006074 13.215093, 106.006043 13.216708, 106.006012 13.218323, 106.005980 13.219938, 106.005949 13.221553, 106.005918 13.223168, 106.005887 13.224783, 106.005856 13.226398, 106.005825 13.228013, 106.005794 13.229627, 106.005763 13.231242, 106.005732 13.232857, 106.005700 13.234472, 106.005669 13.236087, 106.005638 13.237702, 106.005607 13.239317, 106.005576 13.240932, 106.005545 13.242547, 106.005514 13.244162, 106.005483 13.245777, 106.005451 13.247391, 106.005420 13.249006, 106.005389 13.250621, 106.005358 13.252236, 106.005327 13.253851, 106.005296 13.255466, 106.005265 13.257081, 106.005234 13.258696, 106.005203 13.260311, 106.005171 13.261926, 106.005140 13.263541, 106.005109 13.265155, 106.005078 13.266770, 106.005047 13.268385, 106.005016 13.270000, 106.004985 13.271615, 106.004954 13.273230, 106.004922 13.274845, 106.004891 13.276460, 106.004860 13.278075, 106.004829 13.279690, 106.004798 13.281304, 106.004767 13.282919, 106.004736 13.284534, 106.004705 13.286149, 106.004673 13.287764, 106.004642 13.289379, 106.004611 13.290994, 106.004580 13.292609, 106.004549 13.294224, 106.004518 13.295839, 106.004487 13.297454, 106.004456 13.299068, 106.004424 13.300683, 106.004393 13.302298, 106.004362 13.303913, 106.004331 13.305528, 106.004300 13.307143, 106.004269 13.308758, 106.004238 13.310373, 106.004207 13.311988, 106.004175 13.313603, 106.004144 13.315218, 106.004113 13.316832, 106.004082 13.318447, 106.004051 13.320062, 106.004020 13.321677, 106.003989 13.323292, 106.003958 13.324907, 106.003926 13.326522, 106.003895 13.328137, 106.003864 13.329752, 106.003833 13.331367, 106.003802 13.332981, 106.003771 13.334596, 106.003740 13.336211, 106.003708 13.337826, 106.003677 13.339441, 106.003646 13.341056, 106.003615 13.342671, 106.003584 13.344286, 106.003553 13.345901, 106.003522 13.347516, 106.003490 13.349131, 106.003459 13.350745, 106.003428 13.352360, 106.003397 13.353975, 106.003366 13.355590, 106.003335 13.357205, 106.003304 13.358820, 106.003272 13.360435, 106.003241 13.362050, 106.003210 13.363665, 106.003179 13.365280, 106.003148 13.366895, 106.003117 13.368509, 106.003086 13.370124, 106.003054 13.371739, 106.003023 13.373354, 106.002992 13.374969, 106.002961 13.376584, 106.002930 13.378199, 106.002899 13.379814, 106.002868 13.381429, 106.002836 13.383044, 106.002805 13.384658, 106.002774 13.386273, 106.002743 13.387888, 106.002712 13.389503, 106.002681 13.391118, 106.002649 13.392733, 106.002618 13.394348, 106.002587 13.395963, 106.002556 13.397578, 106.002525 13.399193, 106.002494 13.400808, 106.002463 13.402422, 106.002431 13.404037, 106.002400 13.405652, 106.002369 13.407267, 106.002338 13.408882, 106.002307 13.410497, 106.002276 13.412112, 106.002244 13.413727, 106.002213 13.415342, 106.002182 13.416957, 106.002151 13.418572, 106.002120 13.420186, 106.002089 13.421801, 106.002057 13.423416, 106.002026 13.425031, 106.001995 13.426646, 106.001964 13.428261, 106.001933 13.429876, 106.001902 13.431491, 106.001871 13.433106, 106.001839 13.434721, 106.001808 13.436335, 106.001777 13.437950, 106.001746 13.439565, 106.001715 13.441180, 106.001684 13.442795, 106.001652 13.444410, 106.001621 13.446025, 106.001590 13.447640, 106.001559 13.449255, 106.001528 13.450870, 106.001497 13.452485, 106.001465 13.454099, 106.001434 13.455714, 106.001403 13.457329, 106.001372 13.458944, 106.001341 13.460559, 106.001310 13.462174, 106.001278 13.463789, 106.001247 13.465404, 106.001216 13.467019, 106.001185 13.468634, 106.001154 13.470248, 106.001122 13.471863, 106.001091 13.473478, 106.001060 13.475093, 106.001029 13.476708, 106.000998 13.478323, 106.000967 13.479938, 106.000935 13.481553, 106.000904 13.483168, 106.000873 13.484783, 106.000842 13.486398, 106.000811 13.488012, 106.000780 13.489627, 106.000748 13.491242, 106.000717 13.492857, 106.000686 13.494472, 106.000655 13.496087, 106.000624 13.497702, 106.000592 13.499317, 106.000561 13.500932, 106.000530 13.502547, 106.000499 13.504162, 106.000468 13.505776, 106.000437 13.507391, 106.000405 13.509006, 106.000374 13.510621, 106.000343 13.512236, 106.000312 13.513851, 106.000281 13.515466, 106.000249 13.517081, 106.000218 13.518696, 106.000187 13.520311, 106.000156 13.521925, 106.000125 13.523540, 106.000094 13.525155, 106.000062 13.526770, 106.000031 13.528385, 106.000000 13.530000, 105.999747 13.531594, 105.999494 13.533188, 105.999241 13.534783, 105.998987 13.536377, 105.998734 13.537971, 105.998481 13.539565, 105.998228 13.541160, 105.997975 13.542754, 105.997722 13.544348, 105.997468 13.545942, 105.997215 13.547537, 105.996962 13.549131, 105.996709 13.550725, 105.996456 13.552319, 105.996202 13.553914, 105.995949 13.555508, 105.995696 13.557102, 105.995443 13.558696, 105.995190 13.560290, 105.994936 13.561885, 105.994683 13.563479, 105.994430 13.565073, 105.994177 13.566667, 105.993923 13.568262, 105.993670 13.569856, 105.993417 13.571450, 105.993164 13.573044, 105.992910 13.574639, 105.992657 13.576233, 105.992404 13.577827, 105.992151 13.579421, 105.991897 13.581015, 105.991644 13.582610, 105.991391 13.584204, 105.991138 13.585798, 105.990884 13.587392, 105.990631 13.588987, 105.990378 13.590581, 105.990125 13.592175, 105.989871 13.593769, 105.989618 13.595364, 105.989365 13.596958, 105.989111 13.598552, 105.988858 13.600146, 105.988605 13.601740, 105.988352 13.603335, 105.988098 13.604929, 105.987845 13.606523, 105.987592 13.608117, 105.987338 13.609712, 105.987085 13.611306, 105.986832 13.612900, 105.986578 13.614494, 105.986325 13.616089, 105.986072 13.617683, 105.985818 13.619277, 105.985565 13.620871, 105.985312 13.622465, 105.985058 13.624060, 105.984805 13.625654, 105.984552 13.627248, 105.984298 13.628842, 105.984045 13.630437, 105.983791 13.632031, 105.983538 13.633625, 105.983285 13.635219, 105.983031 13.636813, 105.982778 13.638408, 105.982525 13.640002, 105.982271 13.641596, 105.982018 13.643190, 105.981764 13.644785, 105.981511 13.646379, 105.981258 13.647973, 105.981004 13.649567, 105.980751 13.651161, 105.980497 13.652756, 105.980244 13.654350, 105.979991 13.655944, 105.979737 13.657538, 105.979484 13.659132, 105.979230 13.660727, 105.978977 13.662321, 105.978723 13.663915, 105.978470 13.665509, 105.978217 13.667104, 105.977963 13.668698, 105.977710 13.670292, 105.977456 13.671886, 105.977203 13.673480, 105.976949 13.675075, 105.976696 13.676669, 105.976442 13.678263, 105.976189 13.679857, 105.975935 13.681451, 105.975682 13.683046, 105.975428 13.684640, 105.975175 13.686234, 105.974922 13.687828, 105.974668 13.689423, 105.974415 13.691017, 105.974161 13.692611, 105.973908 13.694205, 105.973654 13.695799, 105.973401 13.697394, 105.973147 13.698988, 105.972894 13.700582, 105.972640 13.702176, 105.972386 13.703770, 105.972133 13.705365, 105.971879 13.706959, 105.971626 13.708553, 105.971372 13.710147, 105.971119 13.711742, 105.970865 13.713336, 105.970612 13.714930, 105.970358 13.716524, 105.970105 13.718118, 105.969851 13.719713, 105.969598 13.721307, 105.969344 13.722901, 105.969090 13.724495, 105.968837 13.726089, 105.968583 13.727684, 105.968330 13.729278, 105.968076 13.730872, 105.967823 13.732466, 105.967569 13.734060, 105.967315 13.735655, 105.967062 13.737249, 105.966808 13.738843, 105.966555 13.740437, 105.966301 13.742031, 105.966047 13.743626, 105.965794 13.745220, 105.965540 13.746814, 105.965287 13.748408, 105.965033 13.750002, 105.964779 13.751597, 105.964526 13.753191, 105.964272 13.754785, 105.964018 13.756379, 105.963765 13.757973, 105.963511 13.759568, 105.963257 13.761162, 105.963004 13.762756, 105.962750 13.764350, 105.962496 13.765944, 105.962243 13.767539, 105.961989 13.769133, 105.961736 13.770727, 105.961482 13.772321, 105.961228 13.773915, 105.960974 13.775510, 105.960721 13.777104, 105.960467 13.778698, 105.960213 13.780292, 105.959960 13.781886, 105.959706 13.783481, 105.959452 13.785075, 105.959199 13.786669, 105.958945 13.788263, 105.958691 13.789857, 105.958438 13.791452, 105.958184 13.793046, 105.957930 13.794640, 105.957676 13.796234, 105.957423 13.797828, 105.957169 13.799423, 105.956915 13.801017, 105.956661 13.802611, 105.956408 13.804205, 105.956154 13.805799, 105.955900 13.807394, 105.955647 13.808988, 105.955393 13.810582, 105.955139 13.812176, 105.954885 13.813770, 105.954631 13.815365, 105.954378 13.816959, 105.954124 13.818553, 105.953870 13.820147, 105.953616 13.821741, 105.953363 13.823336, 105.953109 13.824930, 105.952855 13.826524, 105.952601 13.828118, 105.952347 13.829712, 105.952094 13.831306, 105.951840 13.832901, 105.951586 13.834495, 105.951332 13.836089, 105.951078 13.837683, 105.950825 13.839277, 105.950571 13.840872, 105.950317 13.842466, 105.950063 13.844060, 105.949809 13.845654, 105.949556 13.847248, 105.949302 13.848843, 105.949048 13.850437, 105.948794 13.852031, 105.948540 13.853625, 105.948286 13.855219, 105.948032 13.856813, 105.947779 13.858408, 105.947525 13.860002, 105.947271 13.861596, 105.947017 13.863190, 105.946763 13.864784, 105.946509 13.866379, 105.946255 13.867973, 105.946002 13.869567, 105.945748 13.871161, 105.945494 13.872755, 105.945240 13.874350, 105.944986 13.875944, 105.944732 13.877538, 105.944478 13.879132, 105.944224 13.880726, 105.943970 13.882320, 105.943716 13.883915, 105.943463 13.885509, 105.943209 13.887103, 105.942955 13.888697, 105.942701 13.890291, 105.942447 13.891886, 105.942193 13.893480, 105.941939 13.895074, 105.941685 13.896668, 105.941431 13.898262, 105.941177 13.899856, 105.940923 13.901451, 105.940669 13.903045, 105.940415 13.904639, 105.940161 13.906233, 105.939907 13.907827, 105.939653 13.909421, 105.939399 13.911016, 105.939145 13.912610, 105.938891 13.914204, 105.938637 13.915798, 105.938383 13.917392, 105.938129 13.918987, 105.937875 13.920581, 105.937622 13.922175, 105.937368 13.923769, 105.937113 13.925363, 105.936859 13.926957, 105.936605 13.928552, 105.936351 13.930146, 105.936097 13.931740, 105.935843 13.933334, 105.935589 13.934928, 105.935335 13.936522, 105.935081 13.938117, 105.934827 13.939711, 105.934573 13.941305, 105.934319 13.942899, 105.934065 13.944493, 105.933811 13.946087, 105.933557 13.947682, 105.933303 13.949276, 105.933049 13.950870, 105.932795 13.952464, 105.932541 13.954058, 105.932287 13.955652, 105.932033 13.957247, 105.931779 13.958841, 105.931525 13.960435, 105.931270 13.962029, 105.931016 13.963623, 105.930762 13.965217, 105.930508 13.966812, 105.930254 13.968406, 105.930000 13.970000), (105.930000 13.970000, 105.929951 13.970898, 105.929903 13.971795, 105.929854 13.972693, 105.929806 13.973590, 105.929757 13.974488, 105.929709 13.975385, 105.929660 13.976283, 105.929611 13.977181, 105.929563 13.978078, 105.929514 13.978976, 105.929466 13.979873, 105.929417 13.980771, 105.929368 13.981668, 105.929320 13.982566, 105.929271 13.983463, 105.929223 13.984361, 105.929174 13.985259, 105.929125 13.986156, 105.929077 13.987054, 105.929028 13.987951, 105.928980 13.988849, 105.928931 13.989746, 105.928883 13.990644, 105.928834 13.991542, 105.928785 13.992439, 105.928737 13.993337, 105.928688 13.994234, 105.928640 13.995132, 105.928591 13.996029, 105.928542 13.996927, 105.928494 13.997825, 105.928445 13.998722, 105.928397 13.999620, 105.928348 14.000517, 105.928299 14.001415, 105.928251 14.002312, 105.928202 14.003210, 105.928154 14.004108, 105.928105 14.005005, 105.928056 14.005903, 105.928008 14.006800, 105.927959 14.007698, 105.927911 14.008595, 105.927862 14.009493, 105.927813 14.010390, 105.927765 14.011288, 105.927716 14.012186, 105.927668 14.013083, 105.927619 14.013981, 105.927570 14.014878, 105.927522 14.015776, 105.927473 14.016673, 105.927425 14.017571, 105.927376 14.018469, 105.927327 14.019366, 105.927279 14.020264, 105.927230 14.021161, 105.927182 14.022059, 105.927133 14.022956, 105.927084 14.023854, 105.927036 14.024752, 105.926987 14.025649, 105.926939 14.026547, 105.926890 14.027444, 105.926841 14.028342, 105.926793 14.029239, 105.926744 14.030137, 105.926696 14.031034, 105.926647 14.031932, 105.926598 14.032830, 105.926550 14.033727, 105.926501 14.034625, 105.926453 14.035522, 105.926404 14.036420, 105.926355 14.037317, 105.926307 14.038215, 105.926258 14.039113, 105.926209 14.040010, 105.926161 14.040908, 105.926112 14.041805, 105.926064 14.042703, 105.926015 14.043600, 105.925966 14.044498, 105.925918 14.045396, 105.925869 14.046293, 105.925821 14.047191, 105.925772 14.048088, 105.925723 14.048986, 105.925675 14.049883, 105.925626 14.050781, 105.925578 14.051678, 105.925529 14.052576, 105.925480 14.053474, 105.925432 14.054371, 105.925383 14.055269, 105.925334 14.056166, 105.925286 14.057064, 105.925237 14.057961, 105.925189 14.058859, 105.925140 14.059757, 105.925091 14.060654, 105.925043 14.061552, 105.924994 14.062449, 105.924945 14.063347, 105.924897 14.064244, 105.924848 14.065142, 105.924800 14.066040, 105.924751 14.066937, 105.924702 14.067835, 105.924654 14.068732, 105.924605 14.069630, 105.924556 14.070527, 105.924508 14.071425, 105.924459 14.072322, 105.924411 14.073220, 105.924362 14.074118, 105.924313 14.075015, 105.924265 14.075913, 105.924216 14.076810, 105.924167 14.077708, 105.924119 14.078605, 105.924070 14.079503, 105.924022 14.080401, 105.923973 14.081298, 105.923924 14.082196, 105.923876 14.083093, 105.923827 14.083991, 105.923778 14.084888, 105.923730 14.085786, 105.923681 14.086684, 105.923633 14.087581, 105.923584 14.088479, 105.923535 14.089376, 105.923487 14.090274, 105.923438 14.091171, 105.923389 14.092069, 105.923341 14.092966, 105.923292 14.093864, 105.923244 14.094762, 105.923195 14.095659, 105.923146 14.096557, 105.923098 14.097454, 105.923049 14.098352, 105.923000 14.099249, 105.922952 14.100147, 105.922903 14.101045, 105.922854 14.101942, 105.922806 14.102840, 105.922757 14.103737, 105.922709 14.104635, 105.922660 14.105532, 105.922611 14.106430, 105.922563 14.107327, 105.922514 14.108225, 105.922465 14.109123, 105.922417 14.110020, 105.922368 14.110918, 105.922319 14.111815, 105.922271 14.112713, 105.922222 14.113610, 105.922173 14.114508, 105.922125 14.115406, 105.922076 14.116303, 105.922028 14.117201, 105.921979 14.118098, 105.921930 14.118996, 105.921882 14.119893, 105.921833 14.120791, 105.921784 14.121689, 105.921736 14.122586, 105.921687 14.123484, 105.921638 14.124381, 105.921590 14.125279, 105.921541 14.126176, 105.921492 14.127074, 105.921444 14.127971, 105.921395 14.128869, 105.921346 14.129767, 105.921298 14.130664, 105.921249 14.131562, 105.921201 14.132459, 105.921152 14.133357, 105.921103 14.134254, 105.921055 14.135152, 105.921006 14.136050, 105.920957 14.136947, 105.920909 14.137845, 105.920860 14.138742, 105.920811 14.139640, 105.920763 14.140537, 105.920714 14.141435, 105.920665 14.142333, 105.920617 14.143230, 105.920568 14.144128, 105.920519 14.145025, 105.920471 14.145923, 105.920422 14.146820, 105.920373 14.147718, 105.920325 14.148615, 105.920276 14.149513, 105.920227 14.150411, 105.920179 14.151308, 105.920130 14.152206, 105.920081 14.153103, 105.920033 14.154001, 105.919984 14.154898, 105.919935 14.155796, 105.919887 14.156694, 105.919838 14.157591, 105.919790 14.158489, 105.919741 14.159386, 105.919692 14.160284, 105.919644 14.161181, 105.919595 14.162079, 105.919546 14.162976, 105.919498 14.163874, 105.919449 14.164772, 105.919400 14.165669, 105.919352 14.166567, 105.919303 14.167464, 105.919254 14.168362, 105.919206 14.169259, 105.919157 14.170157, 105.919108 14.171055, 105.919060 14.171952, 105.919011 14.172850, 105.918962 14.173747, 105.918914 14.174645, 105.918865 14.175542, 105.918816 14.176440, 105.918768 14.177337, 105.918719 14.178235, 105.918670 14.179133, 105.918622 14.180030, 105.918573 14.180928, 105.918524 14.181825, 105.918476 14.182723, 105.918427 14.183620, 105.918378 14.184518, 105.918329 14.185416, 105.918281 14.186313, 105.918232 14.187211, 105.918183 14.188108, 105.918135 14.189006, 105.918086 14.189903, 105.918037 14.190801, 105.917989 14.191699, 105.917940 14.192596, 105.917891 14.193494, 105.917843 14.194391, 105.917794 14.195289, 105.917745 14.196186, 105.917697 14.197084, 105.917648 14.197981, 105.917599 14.198879, 105.917551 14.199777, 105.917502 14.200674, 105.917453 14.201572, 105.917405 14.202469, 105.917356 14.203367, 105.917307 14.204264, 105.917259 14.205162, 105.917210 14.206060, 105.917161 14.206957, 105.917113 14.207855, 105.917064 14.208752, 105.917015 14.209650, 105.916966 14.210547, 105.916918 14.211445, 105.916869 14.212342, 105.916820 14.213240, 105.916772 14.214138, 105.916723 14.215035, 105.916674 14.215933, 105.916626 14.216830, 105.916577 14.217728, 105.916528 14.218625, 105.916480 14.219523, 105.916431 14.220421, 105.916382 14.221318, 105.916334 14.222216, 105.916285 14.223113, 105.916236 14.224011, 105.916187 14.224908, 105.916139 14.225806, 105.916090 14.226703, 105.916041 14.227601, 105.915993 14.228499, 105.915944 14.229396, 105.915895 14.230294, 105.915847 14.231191, 105.915798 14.232089, 105.915749 14.232986, 105.915701 14.233884, 105.915652 14.234782, 105.915603 14.235679, 105.915554 14.236577, 105.915506 14.237474, 105.915457 14.238372, 105.915408 14.239269, 105.915360 14.240167, 105.915311 14.241065, 105.915262 14.241962, 105.915214 14.242860, 105.915165 14.243757, 105.915116 14.244655, 105.915068 14.245552, 105.915019 14.246450, 105.914970 14.247347, 105.914921 14.248245, 105.914873 14.249143, 105.914824 14.250040, 105.914775 14.250938, 105.914727 14.251835, 105.914678 14.252733, 105.914629 14.253630, 105.914581 14.254528, 105.914532 14.255426, 105.914483 14.256323, 105.914434 14.257221, 105.914386 14.258118, 105.914337 14.259016, 105.914288 14.259913, 105.914240 14.260811, 105.914191 14.261708, 105.914142 14.262606, 105.914093 14.263504, 105.914045 14.264401, 105.913996 14.265299, 105.913947 14.266196, 105.913899 14.267094, 105.913850 14.267991, 105.913801 14.268889, 105.913753 14.269787, 105.913704 14.270684, 105.913655 14.271582, 105.913606 14.272479, 105.913558 14.273377, 105.913509 14.274274, 105.913460 14.275172, 105.913412 14.276069, 105.913363 14.276967, 105.913314 14.277865, 105.913265 14.278762, 105.913217 14.279660, 105.913168 14.280557, 105.913119 14.281455, 105.913071 14.282352, 105.913022 14.283250, 105.912973 14.284148, 105.912924 14.285045, 105.912876 14.285943, 105.912827 14.286840, 105.912778 14.287738, 105.912730 14.288635, 105.912681 14.289533, 105.912632 14.290430, 105.912583 14.291328, 105.912535 14.292226, 105.912486 14.293123, 105.912437 14.294021, 105.912388 14.294918, 105.912340 14.295816, 105.912291 14.296713, 105.912242 14.297611, 105.912194 14.298509, 105.912145 14.299406, 105.912096 14.300304, 105.912047 14.301201, 105.911999 14.302099, 105.911950 14.302996, 105.911901 14.303894, 105.911853 14.304791, 105.911804 14.305689, 105.911755 14.306587, 105.911706 14.307484, 105.911658 14.308382, 105.911609 14.309279, 105.911560 14.310177, 105.911511 14.311074, 105.911463 14.311972, 105.911414 14.312870, 105.911365 14.313767, 105.911317 14.314665, 105.911268 14.315562, 105.911219 14.316460, 105.911170 14.317357, 105.911122 14.318255, 105.911073 14.319152, 105.911024 14.320050, 105.910975 14.320948, 105.910927 14.321845, 105.910878 14.322743, 105.910829 14.323640, 105.910781 14.324538, 105.910732 14.325435, 105.910683 14.326333, 105.910634 14.327231, 105.910586 14.328128, 105.910537 14.329026, 105.910488 14.329923, 105.910439 14.330821, 105.910391 14.331718, 105.910342 14.332616, 105.910293 14.333513, 105.910244 14.334411, 105.910196 14.335309, 105.910147 14.336206, 105.910098 14.337104, 105.910049 14.338001, 105.910001 14.338899, 105.909952 14.339796, 105.909903 14.340694, 105.909854 14.341592, 105.909806 14.342489, 105.909757 14.343387, 105.909708 14.344284, 105.909660 14.345182, 105.909611 14.346079, 105.909562 14.346977, 105.909513 14.347874, 105.909465 14.348772, 105.909416 14.349670, 105.909367 14.350567, 105.909318 14.351465, 105.909270 14.352362, 105.909221 14.353260, 105.909172 14.354157, 105.909123 14.355055, 105.909075 14.355952, 105.909026 14.356850, 105.908977 14.357748, 105.908928 14.358645, 105.908880 14.359543, 105.908831 14.360440, 105.908782 14.361338, 105.908733 14.362235, 105.908685 14.363133, 105.908636 14.364031, 105.908587 14.364928, 105.908538 14.365826, 105.908490 14.366723, 105.908441 14.367621, 105.908392 14.368518, 105.908343 14.369416, 105.908295 14.370313, 105.908246 14.371211, 105.908197 14.372109, 105.908148 14.373006, 105.908100 14.373904, 105.908051 14.374801, 105.908002 14.375699, 105.907953 14.376596, 105.907905 14.377494, 105.907856 14.378392, 105.907807 14.379289, 105.907758 14.380187, 105.907710 14.381084, 105.907661 14.381982, 105.907612 14.382879, 105.907563 14.383777, 105.907514 14.384674, 105.907466 14.385572, 105.907417 14.386470, 105.907368 14.387367, 105.907319 14.388265, 105.907271 14.389162, 105.907222 14.390060, 105.907173 14.390957, 105.907124 14.391855, 105.907076 14.392753, 105.907027 14.393650, 105.906978 14.394548, 105.906929 14.395445, 105.906881 14.396343, 105.906832 14.397240, 105.906783 14.398138, 105.906734 14.399035, 105.906686 14.399933, 105.906637 14.400831, 105.906588 14.401728, 105.906539 14.402626, 105.906490 14.403523, 105.906442 14.404421, 105.906393 14.405318, 105.906344 14.406216, 105.906295 14.407114, 105.906247 14.408011, 105.906198 14.408909, 105.906149 14.409806, 105.906100 14.410704, 105.906052 14.411601, 105.906003 14.412499, 105.905954 14.413396, 105.905905 14.414294, 105.905856 14.415192, 105.905808 14.416089, 105.905759 14.416987, 105.905710 14.417884, 105.905661 14.418782, 105.905613 14.419679, 105.905564 14.420577, 105.905515 14.421474, 105.905466 14.422372, 105.905417 14.423270, 105.905369 14.424167, 105.905320 14.425065, 105.905271 14.425962, 105.905222 14.426860, 105.905174 14.427757, 105.905125 14.428655, 105.905076 14.429553, 105.905027 14.430450, 105.904978 14.431348, 105.904930 14.432245, 105.904881 14.433143, 105.904832 14.434040, 105.904783 14.434938, 105.904735 14.435835, 105.904686 14.436733, 105.904637 14.437631, 105.904588 14.438528, 105.904539 14.439426, 105.904491 14.440323, 105.904442 14.441221, 105.904393 14.442118, 105.904344 14.443016, 105.904296 14.443914, 105.904247 14.444811, 105.904198 14.445709, 105.904149 14.446606, 105.904100 14.447504, 105.904052 14.448401, 105.904003 14.449299, 105.903954 14.450196, 105.903905 14.451094, 105.903856 14.451992, 105.903808 14.452889, 105.903759 14.453787, 105.903710 14.454684, 105.903661 14.455582, 105.903612 14.456479, 105.903564 14.457377, 105.903515 14.458274, 105.903466 14.459172, 105.903417 14.460070, 105.903369 14.460967, 105.903320 14.461865, 105.903271 14.462762, 105.903222 14.463660, 105.903173 14.464557, 105.903125 14.465455, 105.903076 14.466353, 105.903027 14.467250, 105.902978 14.468148, 105.902929 14.469045, 105.902881 14.469943, 105.902832 14.470840, 105.902783 14.471738, 105.902734 14.472635, 105.902685 14.473533, 105.902637 14.474431, 105.902588 14.475328, 105.902539 14.476226, 105.902490 14.477123, 105.902441 14.478021, 105.902393 14.478918, 105.902344 14.479816, 105.902295 14.480713, 105.902246 14.481611, 105.902197 14.482509, 105.902149 14.483406, 105.902100 14.484304, 105.902051 14.485201, 105.902002 14.486099, 105.901953 14.486996, 105.901905 14.487894, 105.901856 14.488792, 105.901807 14.489689, 105.901758 14.490587, 105.901709 14.491484, 105.901661 14.492382, 105.901612 14.493279, 105.901563 14.494177, 105.901514 14.495074, 105.901465 14.495972, 105.901417 14.496870, 105.901368 14.497767, 105.901319 14.498665, 105.901270 14.499562, 105.901221 14.500460, 105.901172 14.501357, 105.901124 14.502255, 105.901075 14.503153, 105.901026 14.504050, 105.900977 14.504948, 105.900928 14.505845, 105.900880 14.506743, 105.900831 14.507640, 105.900782 14.508538, 105.900733 14.509435, 105.900684 14.510333, 105.900636 14.511231, 105.900587 14.512128, 105.900538 14.513026, 105.900489 14.513923, 105.900440 14.514821, 105.900391 14.515718, 105.900343 14.516616, 105.900294 14.517513, 105.900245 14.518411, 105.900196 14.519309, 105.900147 14.520206, 105.900099 14.521104, 105.900050 14.522001, 105.900001 14.522899, 105.899952 14.523796, 105.899903 14.524694, 105.899854 14.525592, 105.899806 14.526489, 105.899757 14.527387, 105.899708 14.528284, 105.899659 14.529182, 105.899610 14.530079, 105.899561 14.530977, 105.899513 14.531874, 105.899464 14.532772, 105.899415 14.533670, 105.899366 14.534567, 105.899317 14.535465, 105.899269 14.536362, 105.899220 14.537260, 105.899171 14.538157, 105.899122 14.539055, 105.899073 14.539952, 105.899024 14.540850, 105.898976 14.541748, 105.898927 14.542645, 105.898878 14.543543, 105.898829 14.544440, 105.898780 14.545338, 105.898731 14.546235, 105.898683 14.547133, 105.898634 14.548031, 105.898585 14.548928, 105.898536 14.549826, 105.898487 14.550723, 105.898438 14.551621, 105.898390 14.552518, 105.898341 14.553416, 105.898292 14.554313, 105.898243 14.555211, 105.898194 14.556109, 105.898145 14.557006, 105.898097 14.557904, 105.898048 14.558801, 105.897999 14.559699, 105.897950 14.560596, 105.897901 14.561494, 105.897852 14.562391, 105.897804 14.563289, 105.897755 14.564187, 105.897706 14.565084, 105.897657 14.565982, 105.897608 14.566879, 105.897559 14.567777, 105.897511 14.568674, 105.897462 14.569572, 105.897413 14.570469, 105.897364 14.571367, 105.897315 14.572265, 105.897266 14.573162, 105.897217 14.574060, 105.897169 14.574957, 105.897120 14.575855, 105.897071 14.576752, 105.897022 14.577650, 105.896973 14.578548, 105.896924 14.579445, 105.896876 14.580343, 105.896827 14.581240, 105.896778 14.582138, 105.896729 14.583035, 105.896680 14.583933, 105.896631 14.584830, 105.896583 14.585728, 105.896534 14.586626, 105.896485 14.587523, 105.896436 14.588421, 105.896387 14.589318, 105.896338 14.590216, 105.896289 14.591113, 105.896241 14.592011, 105.896192 14.592908, 105.896143 14.593806, 105.896094 14.594704, 105.896045 14.595601, 105.895996 14.596499, 105.895947 14.597396, 105.895899 14.598294, 105.895850 14.599191, 105.895801 14.600089, 105.895752 14.600987, 105.895703 14.601884, 105.895654 14.602782, 105.895605 14.603679, 105.895557 14.604577, 105.895508 14.605474, 105.895459 14.606372, 105.895410 14.607269, 105.895361 14.608167, 105.895312 14.609065, 105.895263 14.609962, 105.895215 14.610860, 105.895166 14.611757, 105.895117 14.612655, 105.895068 14.613552, 105.895019 14.614450, 105.894970 14.615347, 105.894921 14.616245, 105.894873 14.617143, 105.894824 14.618040, 105.894775 14.618938, 105.894726 14.619835, 105.894677 14.620733, 105.894628 14.621630, 105.894579 14.622528, 105.894531 14.623425, 105.894482 14.624323, 105.894433 14.625221, 105.894384 14.626118, 105.894335 14.627016, 105.894286 14.627913, 105.894237 14.628811, 105.894188 14.629708, 105.894140 14.630606, 105.894091 14.631504, 105.894042 14.632401, 105.893993 14.633299, 105.893944 14.634196, 105.893895 14.635094, 105.893846 14.635991, 105.893798 14.636889, 105.893749 14.637786, 105.893700 14.638684, 105.893651 14.639582, 105.893602 14.640479, 105.893553 14.641377, 105.893504 14.642274, 105.893455 14.643172, 105.893407 14.644069, 105.893358 14.644967, 105.893309 14.645864, 105.893260 14.646762, 105.893211 14.647660, 105.893162 14.648557, 105.893113 14.649455, 105.893064 14.650352, 105.893016 14.651250, 105.892967 14.652147, 105.892918 14.653045, 105.892869 14.653942, 105.892820 14.654840, 105.892771 14.655738, 105.892722 14.656635, 105.892673 14.657533, 105.892625 14.658430, 105.892576 14.659328, 105.892527 14.660225, 105.892478 14.661123, 105.892429 14.662020, 105.892380 14.662918, 105.892331 14.663816, 105.892282 14.664713, 105.892233 14.665611, 105.892185 14.666508, 105.892136 14.667406, 105.892087 14.668303, 105.892038 14.669201, 105.891989 14.670099, 105.891940 14.670996, 105.891891 14.671894, 105.891842 14.672791, 105.891793 14.673689, 105.891745 14.674586, 105.891696 14.675484, 105.891647 14.676381, 105.891598 14.677279, 105.891549 14.678177, 105.891500 14.679074, 105.891451 14.679972, 105.891402 14.680869, 105.891353 14.681767, 105.891305 14.682664, 105.891256 14.683562, 105.891207 14.684459, 105.891158 14.685357, 105.891109 14.686255, 105.891060 14.687152, 105.891011 14.688050, 105.890962 14.688947, 105.890913 14.689845, 105.890865 14.690742, 105.890816 14.691640, 105.890767 14.692537, 105.890718 14.693435, 105.890669 14.694333, 105.890620 14.695230, 105.890571 14.696128, 105.890522 14.697025, 105.890473 14.697923, 105.890425 14.698820, 105.890376 14.699718, 105.890327 14.700616, 105.890278 14.701513, 105.890229 14.702411, 105.890180 14.703308, 105.890131 14.704206, 105.890082 14.705103, 105.890033 14.706001, 105.889984 14.706898, 105.889935 14.707796, 105.889887 14.708694, 105.889838 14.709591, 105.889789 14.710489, 105.889740 14.711386, 105.889691 14.712284, 105.889642 14.713181, 105.889593 14.714079, 105.889544 14.714976, 105.889495 14.715874, 105.889446 14.716772, 105.889398 14.717669, 105.889349 14.718567, 105.889300 14.719464, 105.889251 14.720362, 105.889202 14.721259, 105.889153 14.722157, 105.889104 14.723054, 105.889055 14.723952, 105.889006 14.724850, 105.888957 14.725747, 105.888908 14.726645, 105.888860 14.727542, 105.888811 14.728440, 105.888762 14.729337, 105.888713 14.730235, 105.888664 14.731132, 105.888615 14.732030, 105.888566 14.732928, 105.888517 14.733825, 105.888468 14.734723, 105.888419 14.735620, 105.888370 14.736518, 105.888322 14.737415, 105.888273 14.738313, 105.888224 14.739210, 105.888175 14.740108, 105.888126 14.741006, 105.888077 14.741903, 105.888028 14.742801, 105.887979 14.743698, 105.887930 14.744596, 105.887881 14.745493, 105.887832 14.746391, 105.887783 14.747289, 105.887734 14.748186, 105.887686 14.749084, 105.887637 14.749981, 105.887588 14.750879, 105.887539 14.751776, 105.887490 14.752674, 105.887441 14.753571, 105.887392 14.754469, 105.887343 14.755367, 105.887294 14.756264, 105.887245 14.757162, 105.887196 14.758059, 105.887147 14.758957, 105.887098 14.759854, 105.887050 14.760752, 105.887001 14.761649, 105.886952 14.762547, 105.886903 14.763445, 105.886854 14.764342, 105.886805 14.765240, 105.886756 14.766137, 105.886707 14.767035, 105.886658 14.767932, 105.886609 14.768830, 105.886560 14.769727, 105.886511 14.770625, 105.886462 14.771523, 105.886413 14.772420, 105.886365 14.773318, 105.886316 14.774215, 105.886267 14.775113, 105.886218 14.776010, 105.886169 14.776908, 105.886120 14.777805, 105.886071 14.778703, 105.886022 14.779601, 105.885973 14.780498, 105.885924 14.781396, 105.885875 14.782293, 105.885826 14.783191, 105.885777 14.784088, 105.885728 14.784986, 105.885679 14.785883, 105.885631 14.786781, 105.885582 14.787679, 105.885533 14.788576, 105.885484 14.789474, 105.885435 14.790371, 105.885386 14.791269, 105.885337 14.792166, 105.885288 14.793064, 105.885239 14.793961, 105.885190 14.794859, 105.885141 14.795757, 105.885092 14.796654, 105.885043 14.797552, 105.884994 14.798449, 105.884945 14.799347, 105.884896 14.800244, 105.884847 14.801142, 105.884799 14.802039, 105.884750 14.802937, 105.884701 14.803835, 105.884652 14.804732, 105.884603 14.805630, 105.884554 14.806527, 105.884505 14.807425, 105.884456 14.808322, 105.884407 14.809220, 105.884358 14.810117, 105.884309 14.811015, 105.884260 14.811913, 105.884211 14.812810, 105.884162 14.813708, 105.884113 14.814605, 105.884064 14.815503, 105.884015 14.816400, 105.883966 14.817298, 105.883917 14.818196, 105.883869 14.819093, 105.883820 14.819991, 105.883771 14.820888, 105.883722 14.821786, 105.883673 14.822683, 105.883624 14.823581, 105.883575 14.824478, 105.883526 14.825376, 105.883477 14.826274, 105.883428 14.827171, 105.883379 14.828069, 105.883330 14.828966, 105.883281 14.829864, 105.883232 14.830761, 105.883183 14.831659, 105.883134 14.832556, 105.883085 14.833454, 105.883036 14.834352, 105.882987 14.835249, 105.882938 14.836147, 105.882889 14.837044, 105.882840 14.837942, 105.882791 14.838839, 105.882742 14.839737, 105.882694 14.840634, 105.882645 14.841532, 105.882596 14.842430, 105.882547 14.843327, 105.882498 14.844225, 105.882449 14.845122, 105.882400 14.846020, 105.882351 14.846917, 105.882302 14.847815, 105.882253 14.848712, 105.882204 14.849610, 105.882155 14.850508, 105.882106 14.851405, 105.882057 14.852303, 105.882008 14.853200, 105.881959 14.854098, 105.881910 14.854995, 105.881861 14.855893, 105.881812 14.856790, 105.881763 14.857688, 105.881714 14.858586, 105.881665 14.859483, 105.881616 14.860381, 105.881567 14.861278, 105.881518 14.862176, 105.881469 14.863073, 105.881420 14.863971, 105.881371 14.864868, 105.881322 14.865766, 105.881273 14.866664, 105.881224 14.867561, 105.881176 14.868459, 105.881127 14.869356, 105.881078 14.870254, 105.881029 14.871151, 105.880980 14.872049, 105.880931 14.872946, 105.880882 14.873844, 105.880833 14.874742, 105.880784 14.875639, 105.880735 14.876537, 105.880686 14.877434, 105.880637 14.878332, 105.880588 14.879229, 105.880539 14.880127, 105.880490 14.881024, 105.880441 14.881922, 105.880392 14.882820, 105.880343 14.883717, 105.880294 14.884615, 105.880245 14.885512, 105.880196 14.886410, 105.880147 14.887307, 105.880098 14.888205, 105.880049 14.889102, 105.880000 14.890000), (105.880000 14.890000, 105.879001 14.892875, 105.878002 14.895750, 105.877003 14.898626, 105.876004 14.901501, 105.875005 14.904376, 105.874006 14.907251, 105.873007 14.910126, 105.872008 14.913001, 105.871009 14.915876, 105.870009 14.918752, 105.869010 14.921627, 105.868011 14.924502, 105.867012 14.927377, 105.866012 14.930252, 105.865013 14.933127, 105.864014 14.936002, 105.863014 14.938877, 105.862015 14.941752, 105.861016 14.944628, 105.860016 14.947503, 105.859017 14.950378, 105.858017 14.953253, 105.857018 14.956128, 105.856018 14.959003, 105.855018 14.961878, 105.854019 14.964753, 105.853019 14.967628, 105.852020 14.970503, 105.851020 14.973378, 105.850020 14.976253, 105.849020 14.979128, 105.848021 14.982003, 105.847021 14.984878, 105.846021 14.987753, 105.845021 14.990628, 105.844021 14.993503, 105.843021 14.996378, 105.842021 14.999253, 105.841022 15.002128, 105.840022 15.005003, 105.839022 15.007878, 105.838021 15.010753, 105.837021 15.013628, 105.836021 15.016503, 105.835021 15.019378, 105.834021 15.022253, 105.833021 15.025128, 105.832021 15.028003, 105.831020 15.030878, 105.830020 15.033753, 105.829020 15.036628, 105.828020 15.039503, 105.827019 15.042378, 105.826019 15.045253, 105.825019 15.048128, 105.824018 15.051003, 105.823018 15.053878, 105.822017 15.056753, 105.821017 15.059628, 105.820016 15.062503, 105.819016 15.065378, 105.818015 15.068252, 105.817014 15.071127, 105.816014 15.074002, 105.815013 15.076877, 105.814012 15.079752, 105.813012 15.082627, 105.812011 15.085502, 105.811010 15.088377, 105.810009 15.091252, 105.809009 15.094126, 105.808008 15.097001, 105.807007 15.099876, 105.806006 15.102751, 105.805005 15.105626, 105.804004 15.108501, 105.803003 15.111376, 105.802002 15.114250, 105.801001 15.117125, 105.800000 15.120000, 105.798177 15.122504, 105.796354 15.125009, 105.794531 15.127513, 105.792708 15.130017, 105.790885 15.132521, 105.789062 15.135026, 105.787239 15.137530, 105.785415 15.140034, 105.783592 15.142538, 105.781769 15.145043, 105.779946 15.147547, 105.778122 15.150051, 105.776299 15.152555, 105.774475 15.155059, 105.772652 15.157563, 105.770828 15.160067, 105.769005 15.162572, 105.767181 15.165076, 105.765357 15.167580, 105.763533 15.170084, 105.761710 15.172588, 105.759886 15.175092, 105.758062 15.177596, 105.756238 15.180100, 105.754414 15.182604, 105.752590 15.185108, 105.750766 15.187612, 105.748942 15.190116, 105.747118 15.192620, 105.745294 15.195123, 105.743469 15.197627, 105.741645 15.200131, 105.739821 15.202635, 105.737997 15.205139, 105.736172 15.207643, 105.734348 15.210147, 105.732523 15.212650, 105.730699 15.215154, 105.728874 15.217658, 105.727050 15.220162, 105.725225 15.222665, 105.723400 15.225169, 105.721576 15.227673, 105.719751 15.230177, 105.717926 15.232680, 105.716101 15.235184, 105.714276 15.237688, 105.712451 15.240191, 105.710626 15.242695, 105.708801 15.245198, 105.706976 15.247702, 105.705151 15.250206, 105.703326 15.252709, 105.701501 15.255213, 105.699675 15.257716, 105.697850 15.260220, 105.696025 15.262723, 105.694199 15.265227, 105.692374 15.267730, 105.690548 15.270234, 105.688723 15.272737, 105.686897 15.275241, 105.685072 15.277744, 105.683246 15.280247, 105.681420 15.282751, 105.679595 15.285254, 105.677769 15.287758, 105.675943 15.290261, 105.674117 15.292764, 105.672291 15.295268, 105.670465 15.297771, 105.668639 15.300274, 105.666813 15.302777, 105.664987 15.305281, 105.663161 15.307784, 105.661335 15.310287, 105.659509 15.312790, 105.657682 15.315294, 105.655856 15.317797, 105.654030 15.320300, 105.652203 15.322803, 105.650377 15.325306, 105.648550 15.327809, 105.646724 15.330312, 105.644897 15.332815, 105.643071 15.335319, 105.641244 15.337822, 105.639417 15.340325, 105.637591 15.342828, 105.635764 15.345331, 105.633937 15.347834, 105.632110 15.350337, 105.630283 15.352840, 105.628456 15.355343, 105.626629 15.357846, 105.624802 15.360349, 105.622975 15.362851, 105.621148 15.365354, 105.619321 15.367857, 105.617494 15.370360, 105.615666 15.372863, 105.613839 15.375366, 105.612012 15.377869, 105.610184 15.380371, 105.608357 15.382874, 105.606529 15.385377, 105.604702 15.387880, 105.602874 15.390382, 105.601047 15.392885, 105.599219 15.395388, 105.597391 15.397891, 105.595564 15.400393, 105.593736 15.402896, 105.591908 15.405399, 105.590080 15.407901, 105.588252 15.410404, 105.586424 15.412907, 105.584596 15.415409, 105.582768 15.417912, 105.580940 15.420414, 105.579112 15.422917, 105.577284 15.425419, 105.575455 15.427922, 105.573627 15.430424, 105.571799 15.432927, 105.569970 15.435429, 105.568142 15.437932, 105.566314 15.440434, 105.564485 15.442937, 105.562657 15.445439, 105.560828 15.447942, 105.558999 15.450444, 105.557171 15.452946, 105.555342 15.455449, 105.553513 15.457951, 105.551684 15.460453, 105.549856 15.462956, 105.548027 15.465458, 105.546198 15.467960, 105.544369 15.470463, 105.542540 15.472965, 105.540711 15.475467, 105.538882 15.477969, 105.537052 15.480471, 105.535223 15.482974, 105.533394 15.485476, 105.531565 15.487978, 105.529735 15.490480, 105.527906 15.492982, 105.526076 15.495484, 105.524247 15.497987, 105.522417 15.500489, 105.520588 15.502991, 105.518758 15.505493, 105.516929 15.507995, 105.515099 15.510497, 105.513269 15.512999, 105.511439 15.515501, 105.509610 15.518003, 105.507780 15.520505, 105.505950 15.523007, 105.504120 15.525509, 105.502290 15.528011, 105.500460 15.530513, 105.498630 15.533014, 105.496800 15.535516, 105.494969 15.538018, 105.493139 15.540520, 105.491309 15.543022, 105.489479 15.545524, 105.487648 15.548025, 105.485818 15.550527, 105.483987 15.553029, 105.482157 15.555531, 105.480326 15.558033, 105.478496 15.560534, 105.476665 15.563036, 105.474835 15.565538, 105.473004 15.568039, 105.471173 15.570541, 105.469342 15.573043, 105.467511 15.575544, 105.465681 15.578046, 105.463850 15.580548, 105.462019 15.583049, 105.460188 15.585551, 105.458357 15.588052, 105.456525 15.590554, 105.454694 15.593055, 105.452863 15.595557, 105.451032 15.598058, 105.449200 15.600560, 105.447369 15.603061, 105.445538 15.605563, 105.443706 15.608064, 105.441875 15.610566, 105.440043 15.613067, 105.438212 15.615568, 105.436380 15.618070, 105.434549 15.620571, 105.432717 15.623073, 105.430885 15.625574, 105.429053 15.628075, 105.427221 15.630577, 105.425390 15.633078, 105.423558 15.635579, 105.421726 15.638080, 105.419894 15.640582, 105.418062 15.643083, 105.416230 15.645584, 105.414397 15.648085, 105.412565 15.650586, 105.410733 15.653088, 105.408901 15.655589, 105.407068 15.658090, 105.405236 15.660591, 105.403404 15.663092, 105.401571 15.665593, 105.399739 15.668094, 105.397906 15.670595, 105.396074 15.673096, 105.394241 15.675597, 105.392408 15.678098, 105.390575 15.680599, 105.388743 15.683100, 105.386910 15.685601, 105.385077 15.688102, 105.383244 15.690603, 105.381411 15.693104, 105.379578 15.695605, 105.377745 15.698106, 105.375912 15.700607, 105.374079 15.703108, 105.372246 15.705609, 105.370413 15.708109, 105.368579 15.710610, 105.366746 15.713111, 105.364913 15.715612, 105.363079 15.718113, 105.361246 15.720613, 105.359412 15.723114, 105.357579 15.725615, 105.355745 15.728115, 105.353911 15.730616, 105.352078 15.733117, 105.350244 15.735618, 105.348410 15.738118, 105.346577 15.740619, 105.344743 15.743119, 105.342909 15.745620, 105.341075 15.748121, 105.339241 15.750621, 105.337407 15.753122, 105.335573 15.755622, 105.333739 15.758123, 105.331904 15.760623, 105.330070 15.763124, 105.328236 15.765624, 105.326402 15.768125, 105.324567 15.770625, 105.322733 15.773126, 105.320898 15.775626, 105.319064 15.778126, 105.317229 15.780627, 105.315395 15.783127, 105.313560 15.785628, 105.311726 15.788128, 105.309891 15.790628, 105.308056 15.793129, 105.306221 15.795629, 105.304387 15.798129, 105.302552 15.800629, 105.300717 15.803130, 105.298882 15.805630, 105.297047 15.808130, 105.295212 15.810630, 105.293376 15.813130, 105.291541 15.815631, 105.289706 15.818131, 105.287871 15.820631, 105.286036 15.823131, 105.284200 15.825631, 105.282365 15.828131, 105.280529 15.830631, 105.278694 15.833131, 105.276858 15.835631, 105.275023 15.838131, 105.273187 15.840631, 105.271352 15.843131, 105.269516 15.845631, 105.267680 15.848131, 105.265844 15.850631, 105.264008 15.853131, 105.262173 15.855631, 105.260337 15.858131, 105.258501 15.860631, 105.256665 15.863131, 105.254828 15.865631, 105.252992 15.868131, 105.251156 15.870630, 105.249320 15.873130, 105.247484 15.875630, 105.245647 15.878130, 105.243811 15.880630, 105.241975 15.883129, 105.240138 15.885629, 105.238302 15.888129, 105.236465 15.890629, 105.234629 15.893128, 105.232792 15.895628, 105.230955 15.898128, 105.229119 15.900627, 105.227282 15.903127, 105.225445 15.905626, 105.223608 15.908126, 105.221771 15.910626, 105.219934 15.913125, 105.218097 15.915625, 105.216260 15.918124, 105.214423 15.920624, 105.212586 15.923123, 105.210749 15.925623, 105.208912 15.928122, 105.207075 15.930622, 105.205237 15.933121, 105.203400 15.935621, 105.201563 15.938120, 105.199725 15.940619, 105.197888 15.943119, 105.196050 15.945618, 105.194212 15.948118, 105.192375 15.950617, 105.190537 15.953116, 105.188699 15.955616, 105.186862 15.958115, 105.185024 15.960614, 105.183186 15.963113, 105.181348 15.965613, 105.179510 15.968112, 105.177672 15.970611, 105.175834 15.973110, 105.173996 15.975609, 105.172158 15.978109, 105.170320 15.980608, 105.168482 15.983107, 105.166643 15.985606, 105.164805 15.988105, 105.162967 15.990604, 105.161128 15.993103, 105.159290 15.995602, 105.157451 15.998101, 105.155613 16.000600, 105.153774 16.003099, 105.151935 16.005598, 105.150097 16.008097, 105.148258 16.010596, 105.146419 16.013095, 105.144580 16.015594, 105.142742 16.018093, 105.140903 16.020592, 105.139064 16.023091, 105.137225 16.025590, 105.135386 16.028089, 105.133547 16.030587, 105.131707 16.033086, 105.129868 16.035585, 105.128029 16.038084, 105.126190 16.040583, 105.124350 16.043081, 105.122511 16.045580, 105.120672 16.048079, 105.118832 16.050577, 105.116993 16.053076, 105.115153 16.055575, 105.113313 16.058074, 105.111474 16.060572, 105.109634 16.063071, 105.107794 16.065569, 105.105955 16.068068, 105.104115 16.070567, 105.102275 16.073065, 105.100435 16.075564, 105.098595 16.078062, 105.096755 16.080561, 105.094915 16.083059, 105.093075 16.085558, 105.091235 16.088056, 105.089394 16.090555, 105.087554 16.093053, 105.085714 16.095552, 105.083874 16.098050, 105.082033 16.100548, 105.080193 16.103047, 105.078352 16.105545, 105.076512 16.108043, 105.074671 16.110542, 105.072831 16.113040, 105.070990 16.115538, 105.069149 16.118037, 105.067308 16.120535, 105.065468 16.123033, 105.063627 16.125531, 105.061786 16.128030, 105.059945 16.130528, 105.058104 16.133026, 105.056263 16.135524, 105.054422 16.138022, 105.052581 16.140521, 105.050739 16.143019, 105.048898 16.145517, 105.047057 16.148015, 105.045216 16.150513, 105.043374 16.153011, 105.041533 16.155509, 105.039691 16.158007, 105.037850 16.160505, 105.036008 16.163003, 105.034167 16.165501, 105.032325 16.167999, 105.030483 16.170497, 105.028642 16.172995, 105.026800 16.175493, 105.024958 16.177991, 105.023116 16.180489, 105.021274 16.182987, 105.019432 16.185484, 105.017590 16.187982, 105.015748 16.190480, 105.013906 16.192978, 105.012064 16.195476, 105.010222 16.197973, 105.008379 16.200471, 105.006537 16.202969, 105.004695 16.205467, 105.002852 16.207964, 105.001010 16.210462, 104.999168 16.212960, 104.997325 16.215457, 104.995482 16.217955, 104.993640 16.220453, 104.991797 16.222950, 104.989954 16.225448, 104.988112 16.227946, 104.986269 16.230443, 104.984426 16.232941, 104.982583 16.235438, 104.980740 16.237936, 104.978897 16.240433, 104.977054 16.242931, 104.975211 16.245428, 104.973368 16.247926, 104.971525 16.250423, 104.969681 16.252921, 104.967838 16.255418, 104.965995 16.257915, 104.964151 16.260413, 104.962308 16.262910, 104.960465 16.265407, 104.958621 16.267905, 104.956777 16.270402, 104.954934 16.272899, 104.953090 16.275397, 104.951247 16.277894, 104.949403 16.280391, 104.947559 16.282888, 104.945715 16.285386, 104.943871 16.287883, 104.942027 16.290380, 104.940183 16.292877, 104.938339 16.295374, 104.936495 16.297872, 104.934651 16.300369, 104.932807 16.302866, 104.930963 16.305363, 104.929118 16.307860, 104.927274 16.310357, 104.925430 16.312854, 104.923585 16.315351, 104.921741 16.317848, 104.919896 16.320345, 104.918052 16.322842, 104.916207 16.325339, 104.914363 16.327836, 104.912518 16.330333, 104.910673 16.332830, 104.908828 16.335327, 104.906984 16.337824, 104.905139 16.340321, 104.903294 16.342817, 104.901449 16.345314, 104.899604 16.347811, 104.897759 16.350308, 104.895914 16.352805, 104.894069 16.355301, 104.892223 16.357798, 104.890378 16.360295, 104.888533 16.362792, 104.886687 16.365288, 104.884842 16.367785, 104.882997 16.370282, 104.881151 16.372778, 104.879306 16.375275, 104.877460 16.377772, 104.875614 16.380268, 104.873769 16.382765, 104.871923 16.385261, 104.870077 16.387758, 104.868231 16.390255, 104.866385 16.392751, 104.864540 16.395248, 104.862694 16.397744, 104.860848 16.400241, 104.859001 16.402737, 104.857155 16.405233, 104.855309 16.407730, 104.853463 16.410226, 104.851617 16.412723, 104.849771 16.415219, 104.847924 16.417716, 104.846078 16.420212, 104.844231 16.422708, 104.842385 16.425205, 104.840538 16.427701, 104.838692 16.430197, 104.836845 16.432693, 104.834998 16.435190, 104.833152 16.437686, 104.831305 16.440182, 104.829458 16.442678, 104.827611 16.445175, 104.825764 16.447671, 104.823917 16.450167, 104.822070 16.452663, 104.820223 16.455159, 104.818376 16.457655, 104.816529 16.460151, 104.814682 16.462647, 104.812835 16.465143, 104.810987 16.467640, 104.809140 16.470136, 104.807293 16.472632, 104.805445 16.475128, 104.803598 16.477624, 104.801750 16.480120, 104.799903 16.482615, 104.798055 16.485111, 104.796207 16.487607, 104.794360 16.490103, 104.792512 16.492599, 104.790664 16.495095, 104.788816 16.497591, 104.786968 16.500087, 104.785120 16.502582, 104.783272 16.505078, 104.781424 16.507574, 104.779576 16.510070, 104.777728 16.512566, 104.775880 16.515061, 104.774032 16.517557, 104.772183 16.520053, 104.770335 16.522548, 104.768487 16.525044, 104.766638 16.527540, 104.764790 16.530035, 104.762941 16.532531, 104.761092 16.535027, 104.759244 16.537522, 104.757395 16.540018, 104.755546 16.542513, 104.753698 16.545009, 104.751849 16.547504, 104.750000 16.550000, 104.750179 16.553058, 104.750358 16.556115, 104.750537 16.559173, 104.750716 16.562230, 104.750895 16.565288, 104.751074 16.568345, 104.751253 16.571403, 104.751433 16.574461, 104.751612 16.577518, 104.751791 16.580576, 104.751970 16.583633, 104.752149 16.586691, 104.752328 16.589748, 104.752507 16.592806, 104.752686 16.595864, 104.752866 16.598921, 104.753045 16.601979, 104.753224 16.605036, 104.753403 16.608094, 104.753582 16.611151, 104.753761 16.614209, 104.753940 16.617267, 104.754120 16.620324, 104.754299 16.623382, 104.754478 16.626439, 104.754657 16.629497, 104.754836 16.632554, 104.755016 16.635612, 104.755195 16.638670, 104.755374 16.641727, 104.755553 16.644785, 104.755733 16.647842, 104.755912 16.650900, 104.756091 16.653957, 104.756270 16.657015, 104.756449 16.660073, 104.756629 16.663130, 104.756808 16.666188, 104.756987 16.669245, 104.757167 16.672303, 104.757346 16.675360, 104.757525 16.678418, 104.757704 16.681476, 104.757884 16.684533, 104.758063 16.687591, 104.758242 16.690648, 104.758422 16.693706, 104.758601 16.696763, 104.758780 16.699821, 104.758960 16.702879, 104.759139 16.705936, 104.759318 16.708994, 104.759498 16.712051, 104.759677 16.715109, 104.759856 16.718166, 104.760036 16.721224, 104.760215 16.724282, 104.760394 16.727339, 104.760574 16.730397, 104.760753 16.733454, 104.760933 16.736512, 104.761112 16.739569, 104.761291 16.742627, 104.761471 16.745685, 104.761650 16.748742, 104.761830 16.751800, 104.762009 16.754857, 104.762189 16.757915, 104.762368 16.760972, 104.762547 16.764030, 104.762727 16.767087, 104.762906 16.770145, 104.763086 16.773203, 104.763265 16.776260, 104.763445 16.779318, 104.763624 16.782375, 104.763804 16.785433, 104.763983 16.788490, 104.764163 16.791548, 104.764342 16.794606, 104.764522 16.797663, 104.764701 16.800721, 104.764881 16.803778, 104.765060 16.806836, 104.765240 16.809893, 104.765419 16.812951, 104.765599 16.816008, 104.765779 16.819066, 104.765958 16.822124, 104.766138 16.825181, 104.766317 16.828239, 104.766497 16.831296, 104.766676 16.834354, 104.766856 16.837411, 104.767036 16.840469, 104.767215 16.843527, 104.767395 16.846584, 104.767574 16.849642, 104.767754 16.852699, 104.767934 16.855757, 104.768113 16.858814, 104.768293 16.861872, 104.768473 16.864929, 104.768652 16.867987, 104.768832 16.871045, 104.769011 16.874102, 104.769191 16.877160, 104.769371 16.880217, 104.769550 16.883275, 104.769730 16.886332, 104.769910 16.889390, 104.770090 16.892448, 104.770269 16.895505, 104.770449 16.898563, 104.770629 16.901620, 104.770808 16.904678, 104.770988 16.907735, 104.771168 16.910793, 104.771348 16.913850, 104.771527 16.916908, 104.771707 16.919966, 104.771887 16.923023, 104.772067 16.926081, 104.772246 16.929138, 104.772426 16.932196, 104.772606 16.935253, 104.772786 16.938311, 104.772965 16.941368, 104.773145 16.944426, 104.773325 16.947484, 104.773505 16.950541, 104.773685 16.953599, 104.773864 16.956656, 104.774044 16.959714, 104.774224 16.962771, 104.774404 16.965829, 104.774584 16.968886, 104.774764 16.971944, 104.774943 16.975002, 104.775123 16.978059, 104.775303 16.981117, 104.775483 16.984174, 104.775663 16.987232, 104.775843 16.990289, 104.776023 16.993347, 104.776202 16.996404, 104.776382 16.999462, 104.776562 17.002520, 104.776742 17.005577, 104.776922 17.008635, 104.777102 17.011692, 104.777282 17.014750, 104.777462 17.017807, 104.777642 17.020865, 104.777822 17.023922, 104.778002 17.026980, 104.778182 17.030037, 104.778362 17.033095, 104.778542 17.036153, 104.778722 17.039210, 104.778902 17.042268, 104.779082 17.045325, 104.779262 17.048383, 104.779442 17.051440, 104.779622 17.054498, 104.779802 17.057555, 104.779982 17.060613, 104.780162 17.063671, 104.780342 17.066728, 104.780522 17.069786, 104.780702 17.072843, 104.780882 17.075901, 104.781062 17.078958, 104.781242 17.082016, 104.781422 17.085073, 104.781602 17.088131, 104.781782 17.091188, 104.781962 17.094246, 104.782142 17.097304, 104.782322 17.100361, 104.782502 17.103419, 104.782682 17.106476, 104.782863 17.109534, 104.783043 17.112591, 104.783223 17.115649, 104.783403 17.118706, 104.783583 17.121764, 104.783763 17.124821, 104.783943 17.127879, 104.784123 17.130937, 104.784304 17.133994, 104.784484 17.137052, 104.784664 17.140109, 104.784844 17.143167, 104.785024 17.146224, 104.785205 17.149282, 104.785385 17.152339, 104.785565 17.155397, 104.785745 17.158454, 104.785925 17.161512, 104.786106 17.164570, 104.786286 17.167627, 104.786466 17.170685, 104.786646 17.173742, 104.786826 17.176800, 104.787007 17.179857, 104.787187 17.182915, 104.787367 17.185972, 104.787547 17.189030, 104.787728 17.192087, 104.787908 17.195145, 104.788088 17.198203, 104.788269 17.201260, 104.788449 17.204318, 104.788629 17.207375, 104.788809 17.210433, 104.788990 17.213490, 104.789170 17.216548, 104.789350 17.219605, 104.789531 17.222663, 104.789711 17.225720, 104.789891 17.228778, 104.790072 17.231836, 104.790252 17.234893, 104.790432 17.237951, 104.790613 17.241008, 104.790793 17.244066, 104.790974 17.247123, 104.791154 17.250181, 104.791334 17.253238, 104.791515 17.256296, 104.791695 17.259353, 104.791876 17.262411, 104.792056 17.265468, 104.792236 17.268526, 104.792417 17.271584, 104.792597 17.274641, 104.792778 17.277699, 104.792958 17.280756, 104.793139 17.283814, 104.793319 17.286871, 104.793499 17.289929, 104.793680 17.292986, 104.793860 17.296044, 104.794041 17.299101, 104.794221 17.302159, 104.794402 17.305216, 104.794582 17.308274, 104.794763 17.311332, 104.794943 17.314389, 104.795124 17.317447, 104.795304 17.320504, 104.795485 17.323562, 104.795665 17.326619, 104.795846 17.329677, 104.796027 17.332734, 104.796207 17.335792, 104.796388 17.338849, 104.796568 17.341907, 104.796749 17.344964, 104.796929 17.348022, 104.797110 17.351079, 104.797290 17.354137, 104.797471 17.357195, 104.797652 17.360252, 104.797832 17.363310, 104.798013 17.366367, 104.798194 17.369425, 104.798374 17.372482, 104.798555 17.375540, 104.798735 17.378597, 104.798916 17.381655, 104.799097 17.384712, 104.799277 17.387770, 104.799458 17.390827, 104.799639 17.393885, 104.799819 17.396942, 104.800000 17.400000, 104.796908 17.400810, 104.793815 17.401620, 104.790723 17.402431, 104.787631 17.403241, 104.784538 17.404051, 104.781446 17.404861, 104.778353 17.405671, 104.775261 17.406480, 104.772168 17.407290, 104.769075 17.408100, 104.765983 17.408910, 104.762890 17.409719, 104.759798 17.410529, 104.756705 17.411339, 104.753612 17.412148, 104.750519 17.412958, 104.747427 17.413767, 104.744334 17.414577, 104.741241 17.415386, 104.738148 17.416195, 104.735055 17.417005, 104.731962 17.417814, 104.728870 17.418623, 104.725777 17.419432, 104.722684 17.420241, 104.719591 17.421050, 104.716498 17.421859, 104.713404 17.422668, 104.710311 17.423477, 104.707218 17.424286, 104.704125 17.425095, 104.701032 17.425903, 104.697939 17.426712, 104.694845 17.427521, 104.691752 17.428329, 104.688659 17.429138, 104.685566 17.429946, 104.682472 17.430755, 104.679379 17.431563, 104.676286 17.432372, 104.673192 17.433180, 104.670099 17.433988, 104.667005 17.434796, 104.663912 17.435605, 104.660818 17.436413, 104.657725 17.437221, 104.654631 17.438029, 104.651537 17.438837, 104.648444 17.439645, 104.645350 17.440453, 104.642256 17.441260, 104.639163 17.442068, 104.636069 17.442876, 104.632975 17.443684, 104.629881 17.444491, 104.626787 17.445299, 104.623694 17.446106, 104.620600 17.446914, 104.617506 17.447721, 104.614412 17.448529, 104.611318 17.449336, 104.608224 17.450143, 104.605130 17.450951, 104.602036 17.451758, 104.598942 17.452565, 104.595848 17.453372, 104.592753 17.454179, 104.589659 17.454986, 104.586565 17.455793, 104.583471 17.456600, 104.580377 17.457407, 104.577282 17.458214, 104.574188 17.459021, 104.571094 17.459827, 104.567999 17.460634, 104.564905 17.461441, 104.561811 17.462247, 104.558716 17.463054, 104.555622 17.463860, 104.552527 17.464667, 104.549433 17.465473, 104.546338 17.466280, 104.543244 17.467086, 104.540149 17.467892, 104.537054 17.468698, 104.533960 17.469504, 104.530865 17.470311, 104.527770 17.471117, 104.524676 17.471923, 104.521581 17.472729, 104.518486 17.473535, 104.515391 17.474340, 104.512296 17.475146, 104.509201 17.475952, 104.506107 17.476758, 104.503012 17.477563, 104.499917 17.478369, 104.496822 17.479175, 104.493727 17.479980, 104.490632 17.480786, 104.487537 17.481591, 104.484441 17.482397, 104.481346 17.483202, 104.478251 17.484007, 104.475156 17.484812, 104.472061 17.485618, 104.468966 17.486423, 104.465870 17.487228, 104.462775 17.488033, 104.459680 17.488838, 104.456584 17.489643, 104.453489 17.490448, 104.450394 17.491253, 104.447298 17.492058, 104.444203 17.492862, 104.441107 17.493667, 104.438012 17.494472, 104.434916 17.495276, 104.431821 17.496081, 104.428725 17.496885, 104.425629 17.497690, 104.422534 17.498494, 104.419438 17.499299, 104.416342 17.500103, 104.413247 17.500907, 104.410151 17.501712, 104.407055 17.502516, 104.403959 17.503320, 104.400864 17.504124, 104.397768 17.504928, 104.394672 17.505732, 104.391576 17.506536, 104.388480 17.507340, 104.385384 17.508144, 104.382288 17.508948, 104.379192 17.509751, 104.376096 17.510555, 104.373000 17.511359, 104.369904 17.512162, 104.366808 17.512966, 104.363711 17.513769, 104.360615 17.514573, 104.357519 17.515376, 104.354423 17.516180, 104.351326 17.516983, 104.348230 17.517786, 104.345134 17.518590, 104.342037 17.519393, 104.338941 17.520196, 104.335845 17.520999, 104.332748 17.521802, 104.329652 17.522605, 104.326555 17.523408, 104.323459 17.524211, 104.320362 17.525014, 104.317266 17.525817, 104.314169 17.526619, 104.311072 17.527422, 104.307976 17.528225, 104.304879 17.529027, 104.301782 17.529830, 104.298686 17.530632, 104.295589 17.531435, 104.292492 17.532237, 104.289395 17.533040, 104.286298 17.533842, 104.283201 17.534644, 104.280105 17.535446, 104.277008 17.536249, 104.273911 17.537051, 104.270814 17.537853, 104.267717 17.538655, 104.264620 17.539457, 104.261523 17.540259, 104.258425 17.541061, 104.255328 17.541863, 104.252231 17.542664, 104.249134 17.543466, 104.246037 17.544268, 104.242940 17.545069, 104.239842 17.545871, 104.236745 17.546673, 104.233648 17.547474, 104.230550 17.548276, 104.227453 17.549077, 104.224356 17.549878, 104.221258 17.550680, 104.218161 17.551481, 104.215063 17.552282, 104.211966 17.553083, 104.208868 17.553884, 104.205771 17.554685, 104.202673 17.555487, 104.199575 17.556287, 104.196478 17.557088, 104.193380 17.557889, 104.190282 17.558690, 104.187185 17.559491, 104.184087 17.560292, 104.180989 17.561092, 104.177891 17.561893, 104.174794 17.562694, 104.171696 17.563494, 104.168598 17.564295, 104.165500 17.565095, 104.162402 17.565895, 104.159304 17.566696, 104.156206 17.567496, 104.153108 17.568296, 104.150010 17.569097, 104.146912 17.569897, 104.143814 17.570697, 104.140716 17.571497, 104.137617 17.572297, 104.134519 17.573097, 104.131421 17.573897, 104.128323 17.574697, 104.125224 17.575496, 104.122126 17.576296, 104.119028 17.577096, 104.115929 17.577896, 104.112831 17.578695, 104.109733 17.579495, 104.106634 17.580294, 104.103536 17.581094, 104.100437 17.581893, 104.097339 17.582693, 104.094240 17.583492, 104.091142 17.584291, 104.088043 17.585090, 104.084944 17.585890, 104.081846 17.586689, 104.078747 17.587488, 104.075648 17.588287, 104.072550 17.589086, 104.069451 17.589885, 104.066352 17.590684, 104.063253 17.591483, 104.060154 17.592281, 104.057055 17.593080, 104.053957 17.593879, 104.050858 17.594678, 104.047759 17.595476, 104.044660 17.596275, 104.041561 17.597073, 104.038462 17.597872, 104.035363 17.598670, 104.032263 17.599469, 104.029164 17.600267, 104.026065 17.601065, 104.022966 17.601863, 104.019867 17.602662, 104.016768 17.603460, 104.013668 17.604258, 104.010569 17.605056, 104.007470 17.605854, 104.004370 17.606652, 104.001271 17.607450, 103.998172 17.608247, 103.995072 17.609045, 103.991973 17.609843, 103.988873 17.610641, 103.985774 17.611438, 103.982674 17.612236, 103.979575 17.613033, 103.976475 17.613831, 103.973375 17.614628, 103.970276 17.615426, 103.967176 17.616223, 103.964076 17.617020, 103.960977 17.617818, 103.957877 17.618615, 103.954777 17.619412, 103.951677 17.620209, 103.948578 17.621006, 103.945478 17.621803, 103.942378 17.622600, 103.939278 17.623397, 103.936178 17.624194, 103.933078 17.624991, 103.929978 17.625788, 103.926878 17.626584, 103.923778 17.627381, 103.920678 17.628178, 103.917578 17.628974, 103.914478 17.629771, 103.911377 17.630567, 103.908277 17.631364, 103.905177 17.632160, 103.902077 17.632956, 103.898976 17.633753, 103.895876 17.634549, 103.892776 17.635345, 103.889675 17.636141, 103.886575 17.636937, 103.883475 17.637733, 103.880374 17.638529, 103.877274 17.639325, 103.874173 17.640121, 103.871073 17.640917, 103.867972 17.641713, 103.864872 17.642509, 103.861771 17.643304, 103.858670 17.644100, 103.855570 17.644896, 103.852469 17.645691, 103.849368 17.646487, 103.846268 17.647282, 103.843167 17.648078, 103.840066 17.648873, 103.836965 17.649668, 103.833864 17.650464, 103.830763 17.651259, 103.827663 17.652054, 103.824562 17.652849, 103.821461 17.653644, 103.818360 17.654439, 103.815259 17.655234, 103.812158 17.656029, 103.809057 17.656824, 103.805955 17.657619, 103.802854 17.658414, 103.799753 17.659208, 103.796652 17.660003, 103.793551 17.660798, 103.790450 17.661592, 103.787348 17.662387, 103.784247 17.663181, 103.781146 17.663976, 103.778044 17.664770, 103.774943 17.665565, 103.771842 17.666359, 103.768740 17.667153, 103.765639 17.667947, 103.762537 17.668742, 103.759436 17.669536, 103.756334 17.670330, 103.753233 17.671124, 103.750131 17.671918, 103.747029 17.672712, 103.743928 17.673505, 103.740826 17.674299, 103.737724 17.675093, 103.734623 17.675887, 103.731521 17.676680, 103.728419 17.677474, 103.725317 17.678268, 103.722216 17.679061, 103.719114 17.679855, 103.716012 17.680648, 103.712910 17.681441, 103.709808 17.682235, 103.706706 17.683028, 103.703604 17.683821, 103.700502 17.684614, 103.697400 17.685408, 103.694298 17.686201, 103.691196 17.686994, 103.688094 17.687787, 103.684991 17.688580, 103.681889 17.689373, 103.678787 17.690165, 103.675685 17.690958, 103.672582 17.691751, 103.669480 17.692544, 103.666378 17.693336, 103.663275 17.694129, 103.660173 17.694921, 103.657071 17.695714, 103.653968 17.696506, 103.650866 17.697299, 103.647763 17.698091, 103.644661 17.698884, 103.641558 17.699676, 103.638456 17.700468, 103.635353 17.701260, 103.632250 17.702052, 103.629148 17.702844, 103.626045 17.703636, 103.622942 17.704428, 103.619840 17.705220, 103.616737 17.706012, 103.613634 17.706804, 103.610531 17.707596, 103.607428 17.708387, 103.604326 17.709179, 103.601223 17.709971, 103.598120 17.710762, 103.595017 17.711554, 103.591914 17.712345, 103.588811 17.713137, 103.585708 17.713928, 103.582605 17.714719, 103.579502 17.715511, 103.576398 17.716302, 103.573295 17.717093, 103.570192 17.717884, 103.567089 17.718675, 103.563986 17.719466, 103.560882 17.720257, 103.557779 17.721048, 103.554676 17.721839, 103.551572 17.722630, 103.548469 17.723421, 103.545366 17.724212, 103.542262 17.725002, 103.539159 17.725793, 103.536055 17.726584, 103.532952 17.727374, 103.529848 17.728165, 103.526745 17.728955, 103.523641 17.729746, 103.520538 17.730536, 103.517434 17.731326, 103.514330 17.732117, 103.511227 17.732907, 103.508123 17.733697, 103.505019 17.734487, 103.501915 17.735277, 103.498811 17.736067, 103.495708 17.736857, 103.492604 17.737647, 103.489500 17.738437, 103.486396 17.739227, 103.483292 17.740017, 103.480188 17.740806, 103.477084 17.741596, 103.473980 17.742386, 103.470876 17.743175, 103.467772 17.743965, 103.464668 17.744754, 103.461564 17.745544, 103.458459 17.746333, 103.455355 17.747122, 103.452251 17.747912, 103.449147 17.748701, 103.446043 17.749490, 103.442938 17.750279, 103.439834 17.751068, 103.436730 17.751857, 103.433625 17.752646, 103.430521 17.753435, 103.427416 17.754224, 103.424312 17.755013, 103.421207 17.755802, 103.418103 17.756591, 103.414998 17.757379, 103.411894 17.758168, 103.408789 17.758957, 103.405685 17.759745, 103.402580 17.760534, 103.399475 17.761322, 103.396370 17.762110, 103.393266 17.762899, 103.390161 17.763687, 103.387056 17.764475, 103.383951 17.765264, 103.380847 17.766052, 103.377742 17.766840, 103.374637 17.767628, 103.371532 17.768416, 103.368427 17.769204, 103.365322 17.769992, 103.362217 17.770780, 103.359112 17.771568, 103.356007 17.772355, 103.352902 17.773143, 103.349797 17.773931, 103.346691 17.774718, 103.343586 17.775506, 103.340481 17.776293, 103.337376 17.777081, 103.334271 17.777868, 103.331165 17.778656, 103.328060 17.779443, 103.324955 17.780230, 103.321849 17.781018, 103.318744 17.781805, 103.315638 17.782592, 103.312533 17.783379, 103.309427 17.784166, 103.306322 17.784953, 103.303216 17.785740, 103.300111 17.786527, 103.297005 17.787314, 103.293900 17.788100, 103.290794 17.788887, 103.287688 17.789674, 103.284583 17.790461, 103.281477 17.791247, 103.278371 17.792034, 103.275265 17.792820, 103.272160 17.793607, 103.269054 17.794393, 103.265948 17.795179, 103.262842 17.795966, 103.259736 17.796752, 103.256630 17.797538, 103.253524 17.798324, 103.250418 17.799110, 103.247312 17.799897, 103.244206 17.800683, 103.241100 17.801468, 103.237994 17.802254, 103.234888 17.803040, 103.231782 17.803826, 103.228676 17.804612, 103.225569 17.805398, 103.222463 17.806183, 103.219357 17.806969, 103.216250 17.807754, 103.213144 17.808540, 103.210038 17.809325, 103.206931 17.810111, 103.203825 17.810896, 103.200719 17.811682, 103.197612 17.812467, 103.194506 17.813252, 103.191399 17.814037, 103.188293 17.814822, 103.185186 17.815607, 103.182079 17.816392, 103.178973 17.817177, 103.175866 17.817962, 103.172759 17.818747, 103.169653 17.819532, 103.166546 17.820317, 103.163439 17.821102, 103.160332 17.821886, 103.157226 17.822671, 103.154119 17.823456, 103.151012 17.824240, 103.147905 17.825025, 103.144798 17.825809, 103.141691 17.826593, 103.138584 17.827378, 103.135477 17.828162, 103.132370 17.828946, 103.129263 17.829730, 103.126156 17.830515, 103.123049 17.831299, 103.119942 17.832083, 103.116835 17.832867, 103.113727 17.833651, 103.110620 17.834435, 103.107513 17.835218, 103.104406 17.836002, 103.101298 17.836786, 103.098191 17.837570, 103.095084 17.838353, 103.091976 17.839137, 103.088869 17.839921, 103.085761 17.840704, 103.082654 17.841487, 103.079546 17.842271, 103.076439 17.843054, 103.073331 17.843838, 103.070224 17.844621, 103.067116 17.845404, 103.064008 17.846187, 103.060901 17.846970, 103.057793 17.847753, 103.054685 17.848536, 103.051578 17.849319, 103.048470 17.850102, 103.045362 17.850885, 103.042254 17.851668, 103.039146 17.852451, 103.036038 17.853233, 103.032931 17.854016, 103.029823 17.854799, 103.026715 17.855581, 103.023607 17.856364, 103.020499 17.857146, 103.017391 17.857929, 103.014283 17.858711, 103.011174 17.859493, 103.008066 17.860276, 103.004958 17.861058, 103.001850 17.861840, 102.998742 17.862622, 102.995633 17.863404, 102.992525 17.864186, 102.989417 17.864968, 102.986309 17.865750, 102.983200 17.866532, 102.980092 17.867314, 102.976983 17.868096, 102.973875 17.868878, 102.970767 17.869659, 102.967658 17.870441, 102.964550 17.871222, 102.961441 17.872004, 102.958332 17.872785, 102.955224 17.873567, 102.952115 17.874348, 102.949007 17.875130, 102.945898 17.875911, 102.942789 17.876692, 102.939681 17.877473, 102.936572 17.878255, 102.933463 17.879036, 102.930354 17.879817, 102.927245 17.880598, 102.924136 17.881379, 102.921028 17.882160, 102.917919 17.882940, 102.914810 17.883721, 102.911701 17.884502, 102.908592 17.885283, 102.905483 17.886063, 102.902374 17.886844, 102.899265 17.887624, 102.896155 17.888405, 102.893046 17.889185, 102.889937 17.889966, 102.886828 17.890746, 102.883719 17.891526, 102.880609 17.892307, 102.877500 17.893087, 102.874391 17.893867, 102.871282 17.894647, 102.868172 17.895427, 102.865063 17.896207, 102.861953 17.896987, 102.858844 17.897767, 102.855734 17.898547, 102.852625 17.899327, 102.849515 17.900107, 102.846406 17.900886, 102.843296 17.901666, 102.840187 17.902446, 102.837077 17.903225, 102.833967 17.904005, 102.830858 17.904784, 102.827748 17.905564, 102.824638 17.906343, 102.821528 17.907122, 102.818419 17.907902, 102.815309 17.908681, 102.812199 17.909460, 102.809089 17.910239, 102.805979 17.911018, 102.802869 17.911797, 102.799759 17.912576, 102.796649 17.913355, 102.793539 17.914134, 102.790429 17.914913, 102.787319 17.915692, 102.784209 17.916470, 102.781099 17.917249, 102.777989 17.918028, 102.774879 17.918806, 102.771768 17.919585, 102.768658 17.920363, 102.765548 17.921142, 102.762438 17.921920, 102.759327 17.922698, 102.756217 17.923477, 102.753107 17.924255, 102.749996 17.925033, 102.746886 17.925811, 102.743775 17.926589, 102.740665 17.927367, 102.737554 17.928145, 102.734444 17.928923, 102.731333 17.929701, 102.728223 17.930479, 102.725112 17.931257, 102.722001 17.932034, 102.718891 17.932812, 102.715780 17.933590, 102.712669 17.934367, 102.709559 17.935145, 102.706448 17.935922, 102.703337 17.936700, 102.700226 17.937477, 102.697115 17.938255, 102.694004 17.939032, 102.690893 17.939809, 102.687783 17.940586, 102.684672 17.941363, 102.681561 17.942140, 102.678450 17.942918, 102.675338 17.943695, 102.672227 17.944471, 102.669116 17.945248, 102.666005 17.946025, 102.662894 17.946802, 102.659783 17.947579, 102.656672 17.948355, 102.653560 17.949132, 102.650449 17.949909, 102.647338 17.950685, 102.644226 17.951462, 102.641115 17.952238, 102.638004 17.953015, 102.634892 17.953791, 102.631781 17.954567, 102.628669 17.955344, 102.625558 17.956120, 102.622446 17.956896, 102.619335 17.957672, 102.616223 17.958448, 102.613112 17.959224, 102.610000 17.960000, 102.606856 17.960645, 102.603712 17.961289, 102.600568 17.961933, 102.597424 17.962578, 102.594281 17.963222, 102.591137 17.963866, 102.587993 17.964511, 102.584849 17.965155, 102.581705 17.965799, 102.578561 17.966443, 102.575416 17.967087, 102.572272 17.967731, 102.569128 17.968375, 102.565984 17.969019, 102.562840 17.969662, 102.559696 17.970306, 102.556552 17.970950, 102.553407 17.971593, 102.550263 17.972237, 102.547119 17.972881, 102.543974 17.973524, 102.540830 17.974168, 102.537686 17.974811, 102.534541 17.975454, 102.531397 17.976098, 102.528253 17.976741, 102.525108 17.977384, 102.521964 17.978027, 102.518819 17.978670, 102.515675 17.979313, 102.512530 17.979956, 102.509386 17.980599, 102.506241 17.981242, 102.503096 17.981885, 102.499952 17.982528, 102.496807 17.983171, 102.493662 17.983813, 102.490518 17.984456, 102.487373 17.985099, 102.484228 17.985741, 102.481084 17.986384, 102.477939 17.987026, 102.474794 17.987668, 102.471649 17.988311, 102.468504 17.988953, 102.465359 17.989595, 102.462215 17.990237, 102.459070 17.990880, 102.455925 17.991522, 102.452780 17.992164, 102.449635 17.992806, 102.446490 17.993448, 102.443345 17.994089, 102.440200 17.994731, 102.437055 17.995373, 102.433909 17.996015, 102.430764 17.996656, 102.427619 17.997298, 102.424474 17.997940, 102.421329 17.998581, 102.418184 17.999223, 102.415038 17.999864, 102.411893 18.000505, 102.408748 18.001147, 102.405602 18.001788, 102.402457 18.002429, 102.399312 18.003070, 102.396166 18.003712, 102.393021 18.004353, 102.389876 18.004994, 102.386730 18.005635, 102.383585 18.006275, 102.380439 18.006916, 102.377294 18.007557, 102.374148 18.008198, 102.371002 18.008839, 102.367857 18.009479, 102.364711 18.010120, 102.361566 18.010760, 102.358420 18.011401, 102.355274 18.012041, 102.352129 18.012682, 102.348983 18.013322, 102.345837 18.013963, 102.342691 18.014603, 102.339546 18.015243, 102.336400 18.015883, 102.333254 18.016523, 102.330108 18.017163, 102.326962 18.017803, 102.323816 18.018443, 102.320670 18.019083, 102.317524 18.019723, 102.314378 18.020363, 102.311232 18.021003, 102.308086 18.021642, 102.304940 18.022282, 102.301794 18.022921, 102.298648 18.023561, 102.295502 18.024200, 102.292356 18.024840, 102.289210 18.025479, 102.286064 18.026119, 102.282917 18.026758, 102.279771 18.027397, 102.276625 18.028036, 102.273479 18.028676, 102.270332 18.029315, 102.267186 18.029954, 102.264040 18.030593, 102.260893 18.031232, 102.257747 18.031870, 102.254601 18.032509, 102.251454 18.033148, 102.248308 18.033787, 102.245161 18.034425, 102.242015 18.035064, 102.238868 18.035703, 102.235722 18.036341, 102.232575 18.036980, 102.229429 18.037618, 102.226282 18.038256, 102.223135 18.038895, 102.219989 18.039533, 102.216842 18.040171, 102.213695 18.040809, 102.210549 18.041448, 102.207402 18.042086, 102.204255 18.042724, 102.201108 18.043362, 102.197961 18.044000, 102.194815 18.044637, 102.191668 18.045275, 102.188521 18.045913, 102.185374 18.046551, 102.182227 18.047188, 102.179080 18.047826, 102.175933 18.048464, 102.172786 18.049101, 102.169639 18.049738, 102.166492 18.050376, 102.163345 18.051013, 102.160198 18.051651, 102.157051 18.052288, 102.153904 18.052925, 102.150756 18.053562, 102.147609 18.054199, 102.144462 18.054836, 102.141315 18.055473, 102.138167 18.056110, 102.135020 18.056747, 102.131873 18.057384, 102.128726 18.058021, 102.125578 18.058658, 102.122431 18.059294, 102.119283 18.059931, 102.116136 18.060567, 102.112989 18.061204, 102.109841 18.061841, 102.106694 18.062477, 102.103546 18.063113, 102.100399 18.063750, 102.097251 18.064386, 102.094104 18.065022, 102.090956 18.065658, 102.087808 18.066295, 102.084661 18.066931, 102.081513 18.067567, 102.078365 18.068203, 102.075218 18.068839, 102.072070 18.069474, 102.068922 18.070110, 102.065774 18.070746, 102.062627 18.071382, 102.059479 18.072017, 102.056331 18.072653, 102.053183 18.073289, 102.050035 18.073924, 102.046887 18.074560, 102.043739 18.075195, 102.040591 18.075830, 102.037443 18.076466, 102.034295 18.077101, 102.031147 18.077736, 102.027999 18.078371, 102.024851 18.079006, 102.021703 18.079642, 102.018555 18.080277, 102.015407 18.080911, 102.012259 18.081546, 102.009110 18.082181, 102.005962 18.082816, 102.002814 18.083451, 101.999666 18.084086, 101.996518 18.084720, 101.993369 18.085355, 101.990221 18.085989, 101.987073 18.086624, 101.983924 18.087258, 101.980776 18.087893, 101.977627 18.088527, 101.974479 18.089161, 101.971330 18.089796, 101.968182 18.090430, 101.965033 18.091064, 101.961885 18.091698, 101.958736 18.092332, 101.955588 18.092966, 101.952439 18.093600, 101.949291 18.094234, 101.946142 18.094868, 101.942993 18.095501, 101.939845 18.096135, 101.936696 18.096769, 101.933547 18.097403, 101.930398 18.098036, 101.927250 18.098670, 101.924101 18.099303, 101.920952 18.099937, 101.917803 18.100570, 101.914654 18.101203, 101.911505 18.101837, 101.908356 18.102470, 101.905208 18.103103, 101.902059 18.103736, 101.898910 18.104369, 101.895761 18.105002, 101.892612 18.105635, 101.889463 18.106268, 101.886313 18.106901, 101.883164 18.107534, 101.880015 18.108166, 101.876866 18.108799, 101.873717 18.109432, 101.870568 18.110064, 101.867419 18.110697, 101.864269 18.111329, 101.861120 18.111962, 101.857971 18.112594, 101.854821 18.113227, 101.851672 18.113859, 101.848523 18.114491, 101.845373 18.115123, 101.842224 18.115756, 101.839075 18.116388, 101.835925 18.117020, 101.832776 18.117652, 101.829626 18.118284, 101.826477 18.118916, 101.823327 18.119547, 101.820178 18.120179, 101.817028 18.120811, 101.813878 18.121443, 101.810729 18.122074, 101.807579 18.122706, 101.804430 18.123337, 101.801280 18.123969, 101.798130 18.124600, 101.794980 18.125232, 101.791831 18.125863, 101.788681 18.126494, 101.785531 18.127126, 101.782381 18.127757, 101.779231 18.128388, 101.776081 18.129019, 101.772932 18.129650, 101.769782 18.130281, 101.766632 18.130912, 101.763482 18.131543, 101.760332 18.132174, 101.757182 18.132804, 101.754032 18.133435, 101.750882 18.134066, 101.747732 18.134696, 101.744582 18.135327, 101.741431 18.135957, 101.738281 18.136588, 101.735131 18.137218, 101.731981 18.137849, 101.728831 18.138479, 101.725680 18.139109, 101.722530 18.139739, 101.719380 18.140370, 101.716230 18.141000, 101.713079 18.141630, 101.709929 18.142260, 101.706779 18.142890, 101.703628 18.143520, 101.700478 18.144149, 101.697327 18.144779, 101.694177 18.145409, 101.691026 18.146039, 101.687876 18.146668, 101.684725 18.147298, 101.681575 18.147927, 101.678424 18.148557, 101.675274 18.149186, 101.672123 18.149816, 101.668972 18.150445, 101.665822 18.151074, 101.662671 18.151704, 101.659520 18.152333, 101.656370 18.152962, 101.653219 18.153591, 101.650068 18.154220, 101.646917 18.154849, 101.643766 18.155478, 101.640616 18.156107, 101.637465 18.156735, 101.634314 18.157364, 101.631163 18.157993, 101.628012 18.158622, 101.624861 18.159250, 101.621710 18.159879, 101.618559 18.160507, 101.615408 18.161136, 101.612257 18.161764, 101.609106 18.162393, 101.605955 18.163021, 101.602804 18.163649, 101.599653 18.164277, 101.596501 18.164905, 101.593350 18.165534, 101.590199 18.166162, 101.587048 18.166790, 101.583896 18.167418, 101.580745 18.168045, 101.577594 18.168673, 101.574443 18.169301, 101.571291 18.169929, 101.568140 18.170557, 101.564988 18.171184, 101.561837 18.171812, 101.558686 18.172439, 101.555534 18.173067, 101.552383 18.173694, 101.549231 18.174322, 101.546080 18.174949, 101.542928 18.175576, 101.539777 18.176203, 101.536625 18.176831, 101.533473 18.177458, 101.530322 18.178085, 101.527170 18.178712, 101.524018 18.179339, 101.520867 18.179966, 101.517715 18.180593, 101.514563 18.181219, 101.511411 18.181846, 101.508260 18.182473, 101.505108 18.183100, 101.501956 18.183726, 101.498804 18.184353, 101.495652 18.184979, 101.492500 18.185606, 101.489348 18.186232, 101.486196 18.186858, 101.483044 18.187485, 101.479892 18.188111, 101.476740 18.188737, 101.473588 18.189363, 101.470436 18.189989, 101.467284 18.190615, 101.464132 18.191241, 101.460980 18.191867, 101.457828 18.192493, 101.454676 18.193119, 101.451523 18.193745, 101.448371 18.194371, 101.445219 18.194996, 101.442067 18.195622, 101.438914 18.196248, 101.435762 18.196873, 101.432610 18.197499, 101.429457 18.198124, 101.426305 18.198749, 101.423152 18.199375, 101.420000 18.200000, 101.421198 18.202843, 101.422396 18.205685, 101.423594 18.208528, 101.424792 18.211370, 101.425990 18.214213, 101.427189 18.217056, 101.428387 18.219898, 101.429585 18.222741, 101.430784 18.225583, 101.431982 18.228426, 101.433180 18.231269, 101.434379 18.234111, 101.435577 18.236954, 101.436776 18.239796, 101.437974 18.242639, 101.439173 18.245481, 101.440372 18.248324, 101.441570 18.251166, 101.442769 18.254009, 101.443968 18.256851, 101.445167 18.259694, 101.446365 18.262536, 101.447564 18.265379, 101.448763 18.268221, 101.449962 18.271064, 101.451161 18.273906, 101.452360 18.276748, 101.453559 18.279591, 101.454758 18.282433, 101.455957 18.285276, 101.457157 18.288118, 101.458356 18.290961, 101.459555 18.293803, 101.460754 18.296645, 101.461954 18.299488, 101.463153 18.302330, 101.464353 18.305172, 101.465552 18.308015, 101.466752 18.310857, 101.467951 18.313699, 101.469151 18.316542, 101.470350 18.319384, 101.471550 18.322226, 101.472750 18.325069, 101.473949 18.327911, 101.475149 18.330753, 101.476349 18.333596, 101.477549 18.336438, 101.478749 18.339280, 101.479949 18.342122, 101.481149 18.344965, 101.482349 18.347807, 101.483549 18.350649, 101.484749 18.353491, 101.485949 18.356334, 101.487149 18.359176, 101.488349 18.362018, 101.489550 18.364860, 101.490750 18.367703, 101.491950 18.370545, 101.493151 18.373387, 101.494351 18.376229, 101.495552 18.379071, 101.496752 18.381913, 101.497953 18.384756, 101.499153 18.387598, 101.500354 18.390440, 101.501554 18.393282, 101.502755 18.396124, 101.503956 18.398966, 101.505157 18.401808, 101.506357 18.404650, 101.507558 18.407493, 101.508759 18.410335, 101.509960 18.413177, 101.511161 18.416019, 101.512362 18.418861, 101.513563 18.421703, 101.514764 18.424545, 101.515965 18.427387, 101.517166 18.430229, 101.518368 18.433071, 101.519569 18.435913, 101.520770 18.438755, 101.521972 18.441597, 101.523173 18.444439, 101.524374 18.447281, 101.525576 18.450123, 101.526777 18.452965, 101.527979 18.455807, 101.529180 18.458649, 101.530382 18.461491, 101.531584 18.464333, 101.532785 18.467175, 101.533987 18.470017, 101.535189 18.472859, 101.536391 18.475701, 101.537592 18.478542, 101.538794 18.481384, 101.539996 18.484226, 101.541198 18.487068, 101.542400 18.489910, 101.543602 18.492752, 101.544804 18.495594, 101.546006 18.498436, 101.547209 18.501277, 101.548411 18.504119, 101.549613 18.506961, 101.550815 18.509803, 101.552018 18.512645, 101.553220 18.515487, 101.554422 18.518328, 101.555625 18.521170, 101.556827 18.524012, 101.558030 18.526854, 101.559232 18.529695, 101.560435 18.532537, 101.561638 18.535379, 101.562840 18.538221, 101.564043 18.541062, 101.565246 18.543904, 101.566449 18.546746, 101.567651 18.549588, 101.568854 18.552429, 101.570057 18.555271, 101.571260 18.558113, 101.572463 18.560954, 101.573666 18.563796, 101.574869 18.566638, 101.576072 18.569479, 101.577276 18.572321, 101.578479 18.575163, 101.579682 18.578004, 101.580885 18.580846, 101.582089 18.583688, 101.583292 18.586529, 101.584495 18.589371, 101.585699 18.592212, 101.586902 18.595054, 101.588106 18.597896, 101.589309 18.600737, 101.590513 18.603579, 101.591717 18.606420, 101.592920 18.609262, 101.594124 18.612103, 101.595328 18.614945, 101.596532 18.617786, 101.597735 18.620628, 101.598939 18.623469, 101.600143 18.626311, 101.601347 18.629153, 101.602551 18.631994, 101.603755 18.634835, 101.604959 18.637677, 101.606163 18.640518, 101.607368 18.643360, 101.608572 18.646201, 101.609776 18.649043, 101.610980 18.651884, 101.612185 18.654726, 101.613389 18.657567, 101.614593 18.660409, 101.615798 18.663250, 101.617002 18.666091, 101.618207 18.668933, 101.619411 18.671774, 101.620616 18.674615, 101.621821 18.677457, 101.623025 18.680298, 101.624230 18.683140, 101.625435 18.685981, 101.626640 18.688822, 101.627845 18.691664, 101.629049 18.694505, 101.630254 18.697346, 101.631459 18.700188, 101.632664 18.703029, 101.633869 18.705870, 101.635075 18.708711, 101.636280 18.711553, 101.637485 18.714394, 101.638690 18.717235, 101.639895 18.720076, 101.641101 18.722918, 101.642306 18.725759, 101.643511 18.728600, 101.644717 18.731441, 101.645922 18.734283, 101.647128 18.737124, 101.648333 18.739965, 101.649539 18.742806, 101.650744 18.745647, 101.651950 18.748489, 101.653156 18.751330, 101.654362 18.754171, 101.655567 18.757012, 101.656773 18.759853, 101.657979 18.762694, 101.659185 18.765536, 101.660391 18.768377, 101.661597 18.771218, 101.662803 18.774059, 101.664009 18.776900, 101.665215 18.779741, 101.666421 18.782582, 101.667627 18.785423, 101.668834 18.788264, 101.670040 18.791105, 101.671246 18.793946, 101.672453 18.796787, 101.673659 18.799628, 101.674865 18.802470, 101.676072 18.805311, 101.677278 18.808152, 101.678485 18.810993, 101.679692 18.813834, 101.680898 18.816675, 101.682105 18.819516, 101.683312 18.822357, 101.684518 18.825197, 101.685725 18.828038, 101.686932 18.830879, 101.688139 18.833720, 101.689346 18.836561, 101.690553 18.839402, 101.691760 18.842243, 101.692967 18.845084, 101.694174 18.847925, 101.695381 18.850766, 101.696588 18.853607, 101.697795 18.856448, 101.699003 18.859289, 101.700210 18.862129, 101.701417 18.864970, 101.702625 18.867811, 101.703832 18.870652, 101.705040 18.873493, 101.706247 18.876334, 101.707455 18.879174, 101.708662 18.882015, 101.709870 18.884856, 101.711077 18.887697, 101.712285 18.890538, 101.713493 18.893378, 101.714701 18.896219, 101.715908 18.899060, 101.717116 18.901901, 101.718324 18.904741, 101.719532 18.907582, 101.720740 18.910423, 101.721948 18.913264, 101.723156 18.916104, 101.724364 18.918945, 101.725573 18.921786, 101.726781 18.924626, 101.727989 18.927467, 101.729197 18.930308, 101.730406 18.933149, 101.731614 18.935989, 101.732822 18.938830, 101.734031 18.941671, 101.735239 18.944511, 101.736448 18.947352, 101.737656 18.950192, 101.738865 18.953033, 101.740074 18.955874, 101.741282 18.958714, 101.742491 18.961555, 101.743700 18.964395, 101.744909 18.967236, 101.746117 18.970077, 101.747326 18.972917, 101.748535 18.975758, 101.749744 18.978598, 101.750953 18.981439, 101.752162 18.984279, 101.753371 18.987120, 101.754581 18.989960, 101.755790 18.992801, 101.756999 18.995641, 101.758208 18.998482, 101.759418 19.001322, 101.760627 19.004163, 101.761836 19.007003, 101.763046 19.009844, 101.764255 19.012684, 101.765465 19.015525, 101.766674 19.018365, 101.767884 19.021206, 101.769093 19.024046, 101.770303 19.026886, 101.771513 19.029727, 101.772723 19.032567, 101.773932 19.035408, 101.775142 19.038248, 101.776352 19.041088, 101.777562 19.043929, 101.778772 19.046769, 101.779982 19.049609, 101.781192 19.052450, 101.782402 19.055290, 101.783612 19.058130, 101.784822 19.060971, 101.786033 19.063811, 101.787243 19.066651, 101.788453 19.069492, 101.789664 19.072332, 101.790874 19.075172, 101.792084 19.078012, 101.793295 19.080853, 101.794505 19.083693, 101.795716 19.086533, 101.796927 19.089373, 101.798137 19.092214, 101.799348 19.095054, 101.800559 19.097894, 101.801769 19.100734, 101.802980 19.103575, 101.804191 19.106415, 101.805402 19.109255, 101.806613 19.112095, 101.807824 19.114935, 101.809035 19.117775, 101.810246 19.120616, 101.811457 19.123456, 101.812668 19.126296, 101.813879 19.129136, 101.815090 19.131976, 101.816302 19.134816, 101.817513 19.137656, 101.818724 19.140496, 101.819936 19.143337, 101.821147 19.146177, 101.822358 19.149017, 101.823570 19.151857, 101.824782 19.154697, 101.825993 19.157537, 101.827205 19.160377, 101.828416 19.163217, 101.829628 19.166057, 101.830840 19.168897, 101.832052 19.171737, 101.833264 19.174577, 101.834475 19.177417, 101.835687 19.180257, 101.836899 19.183097, 101.838111 19.185937, 101.839323 19.188777, 101.840535 19.191617, 101.841748 19.194457, 101.842960 19.197297, 101.844172 19.200137, 101.845384 19.202977, 101.846596 19.205816, 101.847809 19.208656, 101.849021 19.211496, 101.850234 19.214336, 101.851446 19.217176, 101.852659 19.220016, 101.853871 19.222856, 101.855084 19.225696, 101.856296 19.228536, 101.857509 19.231375, 101.858722 19.234215, 101.859935 19.237055, 101.861147 19.239895, 101.862360 19.242735, 101.863573 19.245574, 101.864786 19.248414, 101.865999 19.251254, 101.867212 19.254094, 101.868425 19.256934, 101.869638 19.259773, 101.870851 19.262613, 101.872064 19.265453, 101.873278 19.268293, 101.874491 19.271132, 101.875704 19.273972, 101.876918 19.276812, 101.878131 19.279651, 101.879344 19.282491, 101.880558 19.285331, 101.881771 19.288171, 101.882985 19.291010, 101.884199 19.293850, 101.885412 19.296690, 101.886626 19.299529, 101.887840 19.302369, 101.889053 19.305208, 101.890267 19.308048, 101.891481 19.310888, 101.892695 19.313727, 101.893909 19.316567, 101.895123 19.319407, 101.896337 19.322246, 101.897551 19.325086, 101.898765 19.327925, 101.899979 19.330765, 101.901193 19.333604, 101.902408 19.336444, 101.903622 19.339283, 101.904836 19.342123, 101.906051 19.344963, 101.907265 19.347802, 101.908479 19.350642, 101.909694 19.353481, 101.910908 19.356321, 101.912123 19.359160, 101.913338 19.362000, 101.914552 19.364839, 101.915767 19.367678, 101.916982 19.370518, 101.918196 19.373357, 101.919411 19.376197, 101.920626 19.379036, 101.921841 19.381876, 101.923056 19.384715, 101.924271 19.387554, 101.925486 19.390394, 101.926701 19.393233, 101.927916 19.396073, 101.929131 19.398912, 101.930347 19.401751, 101.931562 19.404591, 101.932777 19.407430, 101.933992 19.410269, 101.935208 19.413109, 101.936423 19.415948, 101.937639 19.418787, 101.938854 19.421627, 101.940070 19.424466, 101.941285 19.427305, 101.942501 19.430144, 101.943717 19.432984, 101.944932 19.435823, 101.946148 19.438662, 101.947364 19.441502, 101.948580 19.444341, 101.949796 19.447180, 101.951012 19.450019, 101.952228 19.452858, 101.953444 19.455698, 101.954660 19.458537, 101.955876 19.461376, 101.957092 19.464215, 101.958308 19.467054, 101.959524 19.469894, 101.960741 19.472733, 101.961957 19.475572, 101.963173 19.478411, 101.964390 19.481250, 101.965606 19.484089, 101.966823 19.486928, 101.968039 19.489767, 101.969256 19.492607, 101.970472 19.495446, 101.971689 19.498285, 101.972906 19.501124, 101.974122 19.503963, 101.975339 19.506802, 101.976556 19.509641, 101.977773 19.512480, 101.978990 19.515319, 101.980207 19.518158, 101.981424 19.520997, 101.982641 19.523836, 101.983858 19.526675, 101.985075 19.529514, 101.986292 19.532353, 101.987509 19.535192, 101.988727 19.538031, 101.989944 19.540870, 101.991161 19.543709, 101.992379 19.546548, 101.993596 19.549387, 101.994813 19.552226, 101.996031 19.555065, 101.997248 19.557904, 101.998466 19.560743, 101.999684 19.563582, 102.000901 19.566420, 102.002119 19.569259, 102.003337 19.572098, 102.004555 19.574937, 102.005773 19.577776, 102.006990 19.580615, 102.008208 19.583454, 102.009426 19.586292, 102.010644 19.589131, 102.011862 19.591970, 102.013081 19.594809, 102.014299 19.597648, 102.015517 19.600486, 102.016735 19.603325, 102.017953 19.606164, 102.019172 19.609003, 102.020390 19.611842, 102.021609 19.614680, 102.022827 19.617519, 102.024045 19.620358, 102.025264 19.623196, 102.026483 19.626035, 102.027701 19.628874, 102.028920 19.631713, 102.030139 19.634551, 102.031357 19.637390, 102.032576 19.640229, 102.033795 19.643067, 102.035014 19.645906, 102.036233 19.648745, 102.037452 19.651583, 102.038671 19.654422, 102.039890 19.657261, 102.041109 19.660099, 102.042328 19.662938, 102.043547 19.665776, 102.044766 19.668615, 102.045986 19.671454, 102.047205 19.674292, 102.048424 19.677131, 102.049644 19.679969, 102.050863 19.682808, 102.052083 19.685646, 102.053302 19.688485, 102.054522 19.691323, 102.055741 19.694162, 102.056961 19.697001, 102.058181 19.699839, 102.059401 19.702678, 102.060620 19.705516, 102.061840 19.708354, 102.063060 19.711193, 102.064280 19.714031, 102.065500 19.716870, 102.066720 19.719708, 102.067940 19.722547, 102.069160 19.725385, 102.070380 19.728224, 102.071600 19.731062, 102.072821 19.733900, 102.074041 19.736739, 102.075261 19.739577, 102.076482 19.742416, 102.077702 19.745254, 102.078922 19.748092, 102.080143 19.750931, 102.081363 19.753769, 102.082584 19.756607, 102.083805 19.759446, 102.085025 19.762284, 102.086246 19.765122, 102.087467 19.767961, 102.088688 19.770799, 102.089908 19.773637, 102.091129 19.776476, 102.092350 19.779314, 102.093571 19.782152, 102.094792 19.784990, 102.096013 19.787829, 102.097234 19.790667, 102.098455 19.793505, 102.099677 19.796343, 102.100898 19.799181, 102.102119 19.802020, 102.103340 19.804858, 102.104562 19.807696, 102.105783 19.810534, 102.107005 19.813372, 102.108226 19.816211, 102.109448 19.819049, 102.110669 19.821887, 102.111891 19.824725, 102.113112 19.827563, 102.114334 19.830401, 102.115556 19.833239, 102.116778 19.836078, 102.118000 19.838916, 102.119221 19.841754, 102.120443 19.844592, 102.121665 19.847430, 102.122887 19.850268, 102.124109 19.853106, 102.125331 19.855944, 102.126554 19.858782, 102.127776 19.861620, 102.128998 19.864458, 102.130220 19.867296, 102.131443 19.870134, 102.132665 19.872972, 102.133887 19.875810, 102.135110 19.878648, 102.136332 19.881486, 102.137555 19.884324, 102.138777 19.887162, 102.140000 19.890000, 102.136752 19.890009, 102.133505 19.890018, 102.130257 19.890027, 102.127010 19.890036, 102.123762 19.890045, 102.120515 19.890054, 102.117267 19.890063, 102.114019 19.890071, 102.110772 19.890080, 102.107524 19.890089, 102.104277 19.890097, 102.101029 19.890106, 102.097782 19.890114, 102.094534 19.890122, 102.091286 19.890131, 102.088039 19.890139, 102.084791 19.890147, 102.081544 19.890155, 102.078296 19.890163, 102.075049 19.890171, 102.071801 19.890179, 102.068553 19.890187, 102.065306 19.890195, 102.062058 19.890203, 102.058811 19.890211, 102.055563 19.890218, 102.052316 19.890226, 102.049068 19.890233, 102.045820 19.890241, 102.042573 19.890248, 102.039325 19.890256, 102.036078 19.890263, 102.032830 19.890270, 102.029582 19.890277, 102.026335 19.890284, 102.023087 19.890292, 102.019840 19.890299, 102.016592 19.890305, 102.013345 19.890312, 102.010097 19.890319, 102.006849 19.890326, 102.003602 19.890333, 102.000354 19.890339, 101.997107 19.890346, 101.993859 19.890352, 101.990611 19.890359, 101.987364 19.890365, 101.984116 19.890372, 101.980869 19.890378, 101.977621 19.890384, 101.974374 19.890390, 101.971126 19.890397, 101.967878 19.890403, 101.964631 19.890409, 101.961383 19.890415, 101.958136 19.890420, 101.954888 19.890426, 101.951640 19.890432, 101.948393 19.890438, 101.945145 19.890443, 101.941898 19.890449, 101.938650 19.890455, 101.935403 19.890460, 101.932155 19.890465, 101.928907 19.890471, 101.925660 19.890476, 101.922412 19.890481, 101.919165 19.890487, 101.915917 19.890492, 101.912669 19.890497, 101.909422 19.890502, 101.906174 19.890507, 101.902927 19.890512, 101.899679 19.890516, 101.896431 19.890521, 101.893184 19.890526, 101.889936 19.890531, 101.886689 19.890535, 101.883441 19.890540, 101.880193 19.890544, 101.876946 19.890549, 101.873698 19.890553, 101.870451 19.890557, 101.867203 19.890561, 101.863956 19.890566, 101.860708 19.890570, 101.857460 19.890574, 101.854213 19.890578, 101.850965 19.890582, 101.847718 19.890586, 101.844470 19.890590, 101.841222 19.890593, 101.837975 19.890597, 101.834727 19.890601, 101.831480 19.890604, 101.828232 19.890608, 101.824984 19.890611, 101.821737 19.890615, 101.818489 19.890618, 101.815242 19.890621, 101.811994 19.890625, 101.808746 19.890628, 101.805499 19.890631, 101.802251 19.890634, 101.799004 19.890637, 101.795756 19.890640, 101.792508 19.890643, 101.789261 19.890646, 101.786013 19.890648, 101.782766 19.890651, 101.779518 19.890654, 101.776270 19.890656, 101.773023 19.890659, 101.769775 19.890661, 101.766528 19.890664, 101.763280 19.890666, 101.760033 19.890668, 101.756785 19.890671, 101.753537 19.890673, 101.750290 19.890675, 101.747042 19.890677, 101.743795 19.890679, 101.740547 19.890681, 101.737299 19.890683, 101.734052 19.890685, 101.730804 19.890686, 101.727557 19.890688, 101.724309 19.890690, 101.721061 19.890691, 101.717814 19.890693, 101.714566 19.890694, 101.711319 19.890696, 101.708071 19.890697, 101.704823 19.890698, 101.701576 19.890700, 101.698328 19.890701, 101.695081 19.890702, 101.691833 19.890703, 101.688585 19.890704, 101.685338 19.890705, 101.682090 19.890706, 101.678843 19.890707, 101.675595 19.890707, 101.672347 19.890708, 101.669100 19.890709, 101.665852 19.890709, 101.662605 19.890710, 101.659357 19.890710, 101.656109 19.890711, 101.652862 19.890711, 101.649614 19.890711, 101.646367 19.890712, 101.643119 19.890712, 101.639871 19.890712, 101.636624 19.890712, 101.633376 19.890712, 101.630129 19.890712, 101.626881 19.890712, 101.623633 19.890712, 101.620386 19.890711, 101.617138 19.890711, 101.613891 19.890711, 101.610643 19.890710, 101.607395 19.890710, 101.604148 19.890709, 101.600900 19.890709, 101.597653 19.890708, 101.594405 19.890707, 101.591157 19.890707, 101.587910 19.890706, 101.584662 19.890705, 101.581415 19.890704, 101.578167 19.890703, 101.574919 19.890702, 101.571672 19.890701, 101.568424 19.890700, 101.565177 19.890698, 101.561929 19.890697, 101.558681 19.890696, 101.555434 19.890694, 101.552186 19.890693, 101.548939 19.890691, 101.545691 19.890690, 101.542443 19.890688, 101.539196 19.890686, 101.535948 19.890685, 101.532701 19.890683, 101.529453 19.890681, 101.526205 19.890679, 101.522958 19.890677, 101.519710 19.890675, 101.516463 19.890673, 101.513215 19.890671, 101.509967 19.890668, 101.506720 19.890666, 101.503472 19.890664, 101.500225 19.890661, 101.496977 19.890659, 101.493730 19.890656, 101.490482 19.890654, 101.487234 19.890651, 101.483987 19.890648, 101.480739 19.890646, 101.477492 19.890643, 101.474244 19.890640, 101.470996 19.890637, 101.467749 19.890634, 101.464501 19.890631, 101.461254 19.890628, 101.458006 19.890625, 101.454758 19.890621, 101.451511 19.890618, 101.448263 19.890615, 101.445016 19.890611, 101.441768 19.890608, 101.438520 19.890604, 101.435273 19.890601, 101.432025 19.890597, 101.428778 19.890593, 101.425530 19.890590, 101.422282 19.890586, 101.419035 19.890582, 101.415787 19.890578, 101.412540 19.890574, 101.409292 19.890570, 101.406044 19.890566, 101.402797 19.890561, 101.399549 19.890557, 101.396302 19.890553, 101.393054 19.890549, 101.389807 19.890544, 101.386559 19.890540, 101.383311 19.890535, 101.380064 19.890531, 101.376816 19.890526, 101.373569 19.890521, 101.370321 19.890516, 101.367073 19.890512, 101.363826 19.890507, 101.360578 19.890502, 101.357331 19.890497, 101.354083 19.890492, 101.350835 19.890487, 101.347588 19.890481, 101.344340 19.890476, 101.341093 19.890471, 101.337845 19.890465, 101.334597 19.890460, 101.331350 19.890455, 101.328102 19.890449, 101.324855 19.890443, 101.321607 19.890438, 101.318360 19.890432, 101.315112 19.890426, 101.311864 19.890420, 101.308617 19.890415, 101.305369 19.890409, 101.302122 19.890403, 101.298874 19.890397, 101.295626 19.890390, 101.292379 19.890384, 101.289131 19.890378, 101.285884 19.890372, 101.282636 19.890365, 101.279389 19.890359, 101.276141 19.890352, 101.272893 19.890346, 101.269646 19.890339, 101.266398 19.890333, 101.263151 19.890326, 101.259903 19.890319, 101.256655 19.890312, 101.253408 19.890305, 101.250160 19.890299, 101.246913 19.890292, 101.243665 19.890284, 101.240418 19.890277, 101.237170 19.890270, 101.233922 19.890263, 101.230675 19.890256, 101.227427 19.890248, 101.224180 19.890241, 101.220932 19.890233, 101.217684 19.890226, 101.214437 19.890218, 101.211189 19.890211, 101.207942 19.890203, 101.204694 19.890195, 101.201447 19.890187, 101.198199 19.890179, 101.194951 19.890171, 101.191704 19.890163, 101.188456 19.890155, 101.185209 19.890147, 101.181961 19.890139, 101.178714 19.890131, 101.175466 19.890122, 101.172218 19.890114, 101.168971 19.890106, 101.165723 19.890097, 101.162476 19.890089, 101.159228 19.890080, 101.155981 19.890071, 101.152733 19.890063, 101.149485 19.890054, 101.146238 19.890045, 101.142990 19.890036, 101.139743 19.890027, 101.136495 19.890018, 101.133248 19.890009, 101.130000 19.890000, 101.127183 19.891535, 101.124367 19.893070, 101.121550 19.894605, 101.118733 19.896140, 101.115917 19.897675, 101.113100 19.899210, 101.110283 19.900745, 101.107466 19.902279, 101.104649 19.903814, 101.101832 19.905349, 101.099015 19.906884, 101.096198 19.908418, 101.093381 19.909953, 101.090563 19.911487, 101.087746 19.913022, 101.084929 19.914556, 101.082111 19.916090, 101.079294 19.917625, 101.076476 19.919159, 101.073659 19.920693, 101.070841 19.922228, 101.068023 19.923762, 101.065206 19.925296, 101.062388 19.926830, 101.059570 19.928364, 101.056752 19.929898, 101.053934 19.931432, 101.051116 19.932966, 101.048298 19.934500, 101.045480 19.936033, 101.042662 19.937567, 101.039843 19.939101, 101.037025 19.940634, 101.034207 19.942168, 101.031388 19.943702, 101.028570 19.945235, 101.025751 19.946769, 101.022933 19.948302, 101.020114 19.949836, 101.017295 19.951369, 101.014477 19.952902, 101.011658 19.954435, 101.008839 19.955969, 101.006020 19.957502, 101.003201 19.959035, 101.000382 19.960568, 100.997563 19.962101, 100.994744 19.963634, 100.991925 19.965167, 100.989105 19.966700, 100.986286 19.968233, 100.983467 19.969766, 100.980647 19.971298, 100.977828 19.972831, 100.975008 19.974364, 100.972189 19.975897, 100.969369 19.977429, 100.966550 19.978962, 100.963730 19.980494, 100.960910 19.982027, 100.958090 19.983559, 100.955270 19.985091, 100.952450 19.986624, 100.949630 19.988156, 100.946810 19.989688, 100.943990 19.991220, 100.941170 19.992753, 100.938350 19.994285, 100.935530 19.995817, 100.932709 19.997349, 100.929889 19.998881, 100.927069 20.000413, 100.924248 20.001945, 100.921427 20.003476, 100.918607 20.005008, 100.915786 20.006540, 100.912965 20.008072, 100.910145 20.009603, 100.907324 20.011135, 100.904503 20.012667, 100.901682 20.014198, 100.898861 20.015730, 100.896040 20.017261, 100.893219 20.018792, 100.890398 20.020324, 100.887577 20.021855, 100.884755 20.023386, 100.881934 20.024918, 100.879113 20.026449, 100.876291 20.027980, 100.873470 20.029511, 100.870648 20.031042, 100.867827 20.032573, 100.865005 20.034104, 100.862183 20.035635, 100.859362 20.037166, 100.856540 20.038696, 100.853718 20.040227, 100.850896 20.041758, 100.848074 20.043289, 100.845252 20.044819, 100.842430 20.046350, 100.839608 20.047880, 100.836785 20.049411, 100.833963 20.050941, 100.831141 20.052472, 100.828319 20.054002, 100.825496 20.055532, 100.822674 20.057063, 100.819851 20.058593, 100.817029 20.060123, 100.814206 20.061653, 100.811383 20.063183, 100.808560 20.064713, 100.805738 20.066243, 100.802915 20.067773, 100.800092 20.069303, 100.797269 20.070833, 100.794446 20.072363, 100.791623 20.073893, 100.788800 20.075423, 100.785977 20.076952, 100.783153 20.078482, 100.780330 20.080012, 100.777507 20.081541, 100.774683 20.083071, 100.771860 20.084600, 100.769036 20.086129, 100.766213 20.087659, 100.763389 20.089188, 100.760565 20.090717, 100.757742 20.092247, 100.754918 20.093776, 100.752094 20.095305, 100.749270 20.096834, 100.746446 20.098363, 100.743622 20.099892, 100.740798 20.101421, 100.737974 20.102950, 100.735150 20.104479, 100.732325 20.106008, 100.729501 20.107537, 100.726677 20.109065, 100.723852 20.110594, 100.721028 20.112123, 100.718203 20.113651, 100.715379 20.115180, 100.712554 20.116709, 100.709730 20.118237, 100.706905 20.119765, 100.704080 20.121294, 100.701255 20.122822, 100.698430 20.124350, 100.695605 20.125879, 100.692780 20.127407, 100.689955 20.128935, 100.687130 20.130463, 100.684305 20.131991, 100.681480 20.133519, 100.678655 20.135047, 100.675829 20.136575, 100.673004 20.138103, 100.670178 20.139631, 100.667353 20.141159, 100.664527 20.142687, 100.661702 20.144214, 100.658876 20.145742, 100.656050 20.147270, 100.653224 20.148797, 100.650399 20.150325, 100.647573 20.151852, 100.644747 20.153380, 100.641921 20.154907, 100.639095 20.156434, 100.636269 20.157962, 100.633442 20.159489, 100.630616 20.161016, 100.627790 20.162543, 100.624964 20.164071, 100.622137 20.165598, 100.619311 20.167125, 100.616484 20.168652, 100.613658 20.170179, 100.610831 20.171705, 100.608004 20.173232, 100.605178 20.174759, 100.602351 20.176286, 100.599524 20.177813, 100.596697 20.179339, 100.593870 20.180866, 100.591043 20.182393, 100.588216 20.183919, 100.585389 20.185446, 100.582562 20.186972, 100.579735 20.188498, 100.576907 20.190025, 100.574080 20.191551, 100.571253 20.193077, 100.568425 20.194604, 100.565598 20.196130, 100.562770 20.197656, 100.559943 20.199182, 100.557115 20.200708, 100.554287 20.202234, 100.551459 20.203760, 100.548632 20.205286, 100.545804 20.206812, 100.542976 20.208338, 100.540148 20.209863, 100.537320 20.211389, 100.534492 20.212915, 100.531664 20.214440, 100.528835 20.215966, 100.526007 20.217492, 100.523179 20.219017, 100.520350 20.220543, 100.517522 20.222068, 100.514693 20.223593, 100.511865 20.225119, 100.509036 20.226644, 100.506208 20.228169, 100.503379 20.229694, 100.500550 20.231219, 100.497721 20.232745, 100.494892 20.234270, 100.492063 20.235795, 100.489234 20.237320, 100.486405 20.238844, 100.483576 20.240369, 100.480747 20.241894, 100.477918 20.243419, 100.475089 20.244944, 100.472259 20.246468, 100.469430 20.247993, 100.466600 20.249518, 100.463771 20.251042, 100.460941 20.252567, 100.458112 20.254091, 100.455282 20.255616, 100.452452 20.257140, 100.449623 20.258664, 100.446793 20.260189, 100.443963 20.261713, 100.441133 20.263237, 100.438303 20.264761, 100.435473 20.266285, 100.432643 20.267809, 100.429813 20.269333, 100.426982 20.270857, 100.424152 20.272381, 100.421322 20.273905, 100.418491 20.275429, 100.415661 20.276953, 100.412831 20.278476, 100.410000 20.280000, 100.406828 20.280676, 100.403657 20.281352, 100.400485 20.282028, 100.397313 20.282704, 100.394141 20.283380, 100.390970 20.284055, 100.387798 20.284731, 100.384626 20.285407, 100.381454 20.286082, 100.378282 20.286758, 100.375110 20.287433, 100.371938 20.288108, 100.368766 20.288784, 100.365594 20.289459, 100.362422 20.290134, 100.359250 20.290809, 100.356078 20.291485, 100.352906 20.292160, 100.349734 20.292835, 100.346562 20.293510, 100.343389 20.294184, 100.340217 20.294859, 100.337045 20.295534, 100.333873 20.296209, 100.330700 20.296883, 100.327528 20.297558, 100.324356 20.298233, 100.321183 20.298907, 100.318011 20.299581, 100.314838 20.300256, 100.311666 20.300930, 100.308493 20.301604, 100.305321 20.302279, 100.302148 20.302953, 100.298976 20.303627, 100.295803 20.304301, 100.292630 20.304975, 100.289458 20.305649, 100.286285 20.306323, 100.283112 20.306996, 100.279939 20.307670, 100.276767 20.308344, 100.273594 20.309017, 100.270421 20.309691, 100.267248 20.310364, 100.264075 20.311038, 100.260902 20.311711, 100.257729 20.312385, 100.254556 20.313058, 100.251383 20.313731, 100.248210 20.314404, 100.245037 20.315077, 100.241864 20.315750, 100.238691 20.316423, 100.235518 20.317096, 100.232345 20.317769, 100.229172 20.318442, 100.225998 20.319115, 100.222825 20.319787, 100.219652 20.320460, 100.216479 20.321133, 100.213305 20.321805, 100.210132 20.322478, 100.206958 20.323150, 100.203785 20.323823, 100.200612 20.324495, 100.197438 20.325167, 100.194265 20.325839, 100.191091 20.326511, 100.187917 20.327183, 100.184744 20.327856, 100.181570 20.328527, 100.178397 20.329199, 100.175223 20.329871, 100.172049 20.330543, 100.168876 20.331215, 100.165702 20.331886, 100.162528 20.332558, 100.159354 20.333230, 100.156180 20.333901, 100.153006 20.334573, 100.149833 20.335244, 100.146659 20.335915, 100.143485 20.336587, 100.140311 20.337258, 100.137137 20.337929, 100.133963 20.338600, 100.130789 20.339271, 100.127615 20.339942, 100.124440 20.340613, 100.121266 20.341284, 100.118092 20.341955, 100.114918 20.342625, 100.111744 20.343296, 100.108569 20.343967, 100.105395 20.344637, 100.102221 20.345308, 100.099047 20.345978, 100.095872 20.346649, 100.092698 20.347319, 100.089523 20.347989, 100.086349 20.348660, 100.083174 20.349330, 100.080000 20.350000, 100.082294 20.352172, 100.084587 20.354343, 100.086881 20.356515, 100.089175 20.358686, 100.091468 20.360857, 100.093762 20.363029, 100.096056 20.365200, 100.098350 20.367372, 100.100644 20.369543, 100.102938 20.371714, 100.105233 20.373885, 100.107527 20.376057, 100.109821 20.378228, 100.112116 20.380399, 100.114410 20.382570, 100.116705 20.384741, 100.118999 20.386912, 100.121294 20.389083, 100.123589 20.391254, 100.125883 20.393425, 100.128178 20.395596, 100.130473 20.397767, 100.132768 20.399938, 100.135063 20.402109, 100.137358 20.404280, 100.139654 20.406450, 100.141949 20.408621, 100.144244 20.410792, 100.146539 20.412963, 100.148835 20.415133, 100.151130 20.417304, 100.153426 20.419475, 100.155722 20.421645, 100.158017 20.423816, 100.160313 20.425986, 100.162609 20.428157, 100.164905 20.430327, 100.167201 20.432498, 100.169497 20.434668, 100.171793 20.436838, 100.174089 20.439009, 100.176385 20.441179, 100.178681 20.443349, 100.180978 20.445520, 100.183274 20.447690, 100.185571 20.449860, 100.187867 20.452030, 100.190164 20.454200, 100.192460 20.456370, 100.194757 20.458541, 100.197054 20.460711, 100.199351 20.462881, 100.201648 20.465051, 100.203945 20.467221, 100.206242 20.469390, 100.208539 20.471560, 100.210836 20.473730, 100.213133 20.475900, 100.215431 20.478070, 100.217728 20.480240, 100.220025 20.482409, 100.222323 20.484579, 100.224620 20.486749, 100.226918 20.488918, 100.229216 20.491088, 100.231514 20.493258, 100.233811 20.495427, 100.236109 20.497597, 100.238407 20.499766, 100.240705 20.501936, 100.243003 20.504105, 100.245302 20.506275, 100.247600 20.508444, 100.249898 20.510613, 100.252196 20.512783, 100.254495 20.514952, 100.256793 20.517121, 100.259092 20.519290, 100.261391 20.521460, 100.263689 20.523629, 100.265988 20.525798, 100.268287 20.527967, 100.270586 20.530136, 100.272885 20.532305, 100.275184 20.534474, 100.277483 20.536643, 100.279782 20.538812, 100.282081 20.540981, 100.284380 20.543150, 100.286680 20.545319, 100.288979 20.547488, 100.291278 20.549656, 100.293578 20.551825, 100.295878 20.553994, 100.298177 20.556163, 100.300477 20.558331, 100.302777 20.560500, 100.305077 20.562669, 100.307376 20.564837, 100.309676 20.567006, 100.311977 20.569174, 100.314277 20.571343, 100.316577 20.573511, 100.318877 20.575680, 100.321177 20.577848, 100.323478 20.580016, 100.325778 20.582185, 100.328079 20.584353, 100.330379 20.586521, 100.332680 20.588690, 100.334981 20.590858, 100.337281 20.593026, 100.339582 20.595194, 100.341883 20.597362, 100.344184 20.599530, 100.346485 20.601699, 100.348786 20.603867, 100.351087 20.606035, 100.353389 20.608203, 100.355690 20.610371, 100.357991 20.612538, 100.360293 20.614706, 100.362594 20.616874, 100.364896 20.619042, 100.367197 20.621210, 100.369499 20.623378, 100.371801 20.625545, 100.374103 20.627713, 100.376404 20.629881, 100.378706 20.632048, 100.381008 20.634216, 100.383311 20.636384, 100.385613 20.638551, 100.387915 20.640719, 100.390217 20.642886, 100.392519 20.645054, 100.394822 20.647221, 100.397124 20.649389, 100.399427 20.651556, 100.401730 20.653723, 100.404032 20.655891, 100.406335 20.658058, 100.408638 20.660225, 100.410941 20.662392, 100.413244 20.664559, 100.415547 20.666727, 100.417850 20.668894, 100.420153 20.671061, 100.422456 20.673228, 100.424759 20.675395, 100.427062 20.677562, 100.429366 20.679729, 100.431669 20.681896, 100.433973 20.684063, 100.436276 20.686230, 100.438580 20.688397, 100.440884 20.690563, 100.443188 20.692730, 100.445491 20.694897, 100.447795 20.697064, 100.450099 20.699230, 100.452403 20.701397, 100.454708 20.703564, 100.457012 20.705730, 100.459316 20.707897, 100.461620 20.710063, 100.463925 20.712230, 100.466229 20.714396, 100.468534 20.716563, 100.470838 20.718729, 100.473143 20.720896, 100.475448 20.723062, 100.477752 20.725228, 100.480057 20.727395, 100.482362 20.729561, 100.484667 20.731727, 100.486972 20.733893, 100.489277 20.736060, 100.491582 20.738226, 100.493888 20.740392, 100.496193 20.742558, 100.498498 20.744724, 100.500804 20.746890, 100.503109 20.749056, 100.505415 20.751222, 100.507720 20.753388, 100.510026 20.755554, 100.512332 20.757720, 100.514638 20.759886, 100.516944 20.762051, 100.519250 20.764217, 100.521556 20.766383, 100.523862 20.768549, 100.526168 20.770714, 100.528474 20.772880, 100.530780 20.775046, 100.533087 20.777211, 100.535393 20.779377, 100.537700 20.781542, 100.540006 20.783708, 100.542313 20.785873, 100.544620 20.788039, 100.546926 20.790204, 100.549233 20.792369, 100.551540 20.794535, 100.553847 20.796700, 100.556154 20.798865, 100.558461 20.801031, 100.560768 20.803196, 100.563075 20.805361, 100.565383 20.807526, 100.567690 20.809691, 100.569998 20.811856, 100.572305 20.814022, 100.574613 20.816187, 100.576920 20.818352, 100.579228 20.820517, 100.581536 20.822682, 100.583843 20.824846, 100.586151 20.827011, 100.588459 20.829176, 100.590767 20.831341, 100.593075 20.833506, 100.595384 20.835671, 100.597692 20.837835, 100.600000 20.840000), (100.600000 20.840000, 100.600504 20.842970, 100.601007 20.845940, 100.601511 20.848910, 100.602015 20.851879, 100.602518 20.854849, 100.603022 20.857819, 100.603526 20.860789, 100.604029 20.863759, 100.604533 20.866729, 100.605037 20.869698, 100.605541 20.872668, 100.606045 20.875638, 100.606548 20.878608, 100.607052 20.881578, 100.607556 20.884547, 100.608060 20.887517, 100.608564 20.890487, 100.609068 20.893457, 100.609572 20.896427, 100.610076 20.899397, 100.610580 20.902366, 100.611084 20.905336, 100.611588 20.908306, 100.612092 20.911276, 100.612596 20.914246, 100.613100 20.917215, 100.613604 20.920185, 100.614109 20.923155, 100.614613 20.926125, 100.615117 20.929095, 100.615621 20.932064, 100.616125 20.935034, 100.616630 20.938004, 100.617134 20.940974, 100.617638 20.943944, 100.618142 20.946913, 100.618647 20.949883, 100.619151 20.952853, 100.619655 20.955823, 100.620160 20.958792, 100.620664 20.961762, 100.621169 20.964732, 100.621673 20.967702, 100.622178 20.970672, 100.622682 20.973641, 100.623187 20.976611, 100.623691 20.979581, 100.624196 20.982551, 100.624700 20.985520, 100.625205 20.988490, 100.625709 20.991460, 100.626214 20.994430, 100.626719 20.997399, 100.627223 21.000369, 100.627728 21.003339, 100.628233 21.006309, 100.628737 21.009279, 100.629242 21.012248, 100.629747 21.015218, 100.630252 21.018188, 100.630757 21.021158, 100.631261 21.024127, 100.631766 21.027097, 100.632271 21.030067, 100.632776 21.033037, 100.633281 21.036006, 100.633786 21.038976, 100.634291 21.041946, 100.634796 21.044915, 100.635301 21.047885, 100.635806 21.050855, 100.636311 21.053825, 100.636816 21.056794, 100.637321 21.059764, 100.637826 21.062734, 100.638331 21.065704, 100.638836 21.068673, 100.639341 21.071643, 100.639847 21.074613, 100.640352 21.077583, 100.640857 21.080552, 100.641362 21.083522, 100.641867 21.086492, 100.642373 21.089461, 100.642878 21.092431, 100.643383 21.095401, 100.643889 21.098371, 100.644394 21.101340, 100.644899 21.104310, 100.645405 21.107280, 100.645910 21.110249, 100.646416 21.113219, 100.646921 21.116189, 100.647427 21.119158, 100.647932 21.122128, 100.648438 21.125098, 100.648943 21.128068, 100.649449 21.131037, 100.649954 21.134007, 100.650460 21.136977, 100.650965 21.139946, 100.651471 21.142916, 100.651977 21.145886, 100.652482 21.148855, 100.652988 21.151825, 100.653494 21.154795, 100.654000 21.157764, 100.654505 21.160734, 100.655011 21.163704, 100.655517 21.166673, 100.656023 21.169643, 100.656528 21.172613, 100.657034 21.175583, 100.657540 21.178552, 100.658046 21.181522, 100.658552 21.184492, 100.659058 21.187461, 100.659564 21.190431, 100.660070 21.193401, 100.660576 21.196370, 100.661082 21.199340, 100.661588 21.202310, 100.662094 21.205279, 100.662600 21.208249, 100.663106 21.211218, 100.663612 21.214188, 100.664119 21.217158, 100.664625 21.220127, 100.665131 21.223097, 100.665637 21.226067, 100.666143 21.229036, 100.666650 21.232006, 100.667156 21.234976, 100.667662 21.237945, 100.668168 21.240915, 100.668675 21.243885, 100.669181 21.246854, 100.669687 21.249824, 100.670194 21.252793, 100.670700 21.255763, 100.671207 21.258733, 100.671713 21.261702, 100.672220 21.264672, 100.672726 21.267642, 100.673233 21.270611, 100.673739 21.273581, 100.674246 21.276551, 100.674752 21.279520, 100.675259 21.282490, 100.675765 21.285459, 100.676272 21.288429, 100.676779 21.291399, 100.677285 21.294368, 100.677792 21.297338, 100.678299 21.300307, 100.678806 21.303277, 100.679312 21.306247, 100.679819 21.309216, 100.680326 21.312186, 100.680833 21.315155, 100.681340 21.318125, 100.681846 21.321095, 100.682353 21.324064, 100.682860 21.327034, 100.683367 21.330003, 100.683874 21.332973, 100.684381 21.335943, 100.684888 21.338912, 100.685395 21.341882, 100.685902 21.344851, 100.686409 21.347821, 100.686916 21.350791, 100.687423 21.353760, 100.687930 21.356730, 100.688437 21.359699, 100.688945 21.362669, 100.689452 21.365638, 100.689959 21.368608, 100.690466 21.371578, 100.690973 21.374547, 100.691481 21.377517, 100.691988 21.380486, 100.692495 21.383456, 100.693002 21.386425, 100.693510 21.389395, 100.694017 21.392365, 100.694524 21.395334, 100.695032 21.398304, 100.695539 21.401273, 100.696047 21.404243, 100.696554 21.407212, 100.697062 21.410182, 100.697569 21.413151, 100.698077 21.416121, 100.698584 21.419091, 100.699092 21.422060, 100.699599 21.425030, 100.700107 21.427999, 100.700615 21.430969, 100.701122 21.433938, 100.701630 21.436908, 100.702138 21.439877, 100.702645 21.442847, 100.703153 21.445816, 100.703661 21.448786, 100.704168 21.451756, 100.704676 21.454725, 100.705184 21.457695, 100.705692 21.460664, 100.706200 21.463634, 100.706708 21.466603, 100.707215 21.469573, 100.707723 21.472542, 100.708231 21.475512, 100.708739 21.478481, 100.709247 21.481451, 100.709755 21.484420, 100.710263 21.487390, 100.710771 21.490359, 100.711279 21.493329, 100.711787 21.496298, 100.712296 21.499268, 100.712804 21.502237, 100.713312 21.505207, 100.713820 21.508176, 100.714328 21.511146, 100.714836 21.514115, 100.715345 21.517085, 100.715853 21.520054, 100.716361 21.523024, 100.716869 21.525993, 100.717378 21.528963, 100.717886 21.531932, 100.718394 21.534902, 100.718903 21.537871, 100.719411 21.540841, 100.719919 21.543810, 100.720428 21.546780, 100.720936 21.549749, 100.721445 21.552719, 100.721953 21.555688, 100.722462 21.558658, 100.722970 21.561627, 100.723479 21.564597, 100.723987 21.567566, 100.724496 21.570536, 100.725005 21.573505, 100.725513 21.576474, 100.726022 21.579444, 100.726531 21.582413, 100.727039 21.585383, 100.727548 21.588352, 100.728057 21.591322, 100.728566 21.594291, 100.729074 21.597261, 100.729583 21.600230, 100.730092 21.603200, 100.730601 21.606169, 100.731110 21.609139, 100.731619 21.612108, 100.732127 21.615077, 100.732636 21.618047, 100.733145 21.621016, 100.733654 21.623986, 100.734163 21.626955, 100.734672 21.629925, 100.735181 21.632894, 100.735690 21.635864, 100.736199 21.638833, 100.736709 21.641802, 100.737218 21.644772, 100.737727 21.647741, 100.738236 21.650711, 100.738745 21.653680, 100.739254 21.656650, 100.739764 21.659619, 100.740273 21.662588, 100.740782 21.665558, 100.741291 21.668527, 100.741801 21.671497, 100.742310 21.674466, 100.742819 21.677435, 100.743329 21.680405, 100.743838 21.683374, 100.744348 21.686344, 100.744857 21.689313, 100.745366 21.692283, 100.745876 21.695252, 100.746385 21.698221, 100.746895 21.701191, 100.747404 21.704160, 100.747914 21.707130, 100.748424 21.710099, 100.748933 21.713068, 100.749443 21.716038, 100.749952 21.719007, 100.750462 21.721976, 100.750972 21.724946, 100.751481 21.727915, 100.751991 21.730885, 100.752501 21.733854, 100.753011 21.736823, 100.753521 21.739793, 100.754030 21.742762, 100.754540 21.745732, 100.755050 21.748701, 100.755560 21.751670, 100.756070 21.754640, 100.756580 21.757609, 100.757090 21.760578, 100.757600 21.763548, 100.758110 21.766517, 100.758620 21.769487, 100.759130 21.772456, 100.759640 21.775425, 100.760150 21.778395, 100.760660 21.781364, 100.761170 21.784333, 100.761680 21.787303, 100.762190 21.790272, 100.762700 21.793241, 100.763210 21.796211, 100.763721 21.799180, 100.764231 21.802149, 100.764741 21.805119, 100.765251 21.808088, 100.765762 21.811058, 100.766272 21.814027, 100.766782 21.816996, 100.767293 21.819966, 100.767803 21.822935, 100.768314 21.825904, 100.768824 21.828874, 100.769334 21.831843, 100.769845 21.834812, 100.770355 21.837782, 100.770866 21.840751, 100.771376 21.843720, 100.771887 21.846690, 100.772398 21.849659, 100.772908 21.852628, 100.773419 21.855597, 100.773929 21.858567, 100.774440 21.861536, 100.774951 21.864505, 100.775461 21.867475, 100.775972 21.870444, 100.776483 21.873413, 100.776994 21.876383, 100.777504 21.879352, 100.778015 21.882321, 100.778526 21.885291, 100.779037 21.888260, 100.779548 21.891229, 100.780059 21.894199, 100.780570 21.897168, 100.781080 21.900137, 100.781591 21.903106, 100.782102 21.906076, 100.782613 21.909045, 100.783124 21.912014, 100.783635 21.914984, 100.784147 21.917953, 100.784658 21.920922, 100.785169 21.923891, 100.785680 21.926861, 100.786191 21.929830, 100.786702 21.932799, 100.787213 21.935769, 100.787725 21.938738, 100.788236 21.941707, 100.788747 21.944676, 100.789258 21.947646, 100.789770 21.950615, 100.790281 21.953584, 100.790792 21.956553, 100.791304 21.959523, 100.791815 21.962492, 100.792326 21.965461, 100.792838 21.968431, 100.793349 21.971400, 100.793861 21.974369, 100.794372 21.977338, 100.794884 21.980308, 100.795395 21.983277, 100.795907 21.986246, 100.796418 21.989215, 100.796930 21.992185, 100.797442 21.995154, 100.797953 21.998123, 100.798465 22.001092, 100.798977 22.004062, 100.799488 22.007031, 100.800000 22.010000, 100.800638 22.012944, 100.801276 22.015887, 100.801914 22.018831, 100.802552 22.021775, 100.803190 22.024719, 100.803828 22.027662, 100.804466 22.030606, 100.805104 22.033550, 100.805743 22.036493, 100.806381 22.039437, 100.807019 22.042381, 100.807657 22.045325, 100.808295 22.048268, 100.808934 22.051212, 100.809572 22.054156, 100.810210 22.057099, 100.810849 22.060043, 100.811487 22.062987, 100.812126 22.065930, 100.812764 22.068874, 100.813403 22.071818, 100.814041 22.074761, 100.814680 22.077705, 100.815318 22.080649, 100.815957 22.083592, 100.816595 22.086536, 100.817234 22.089480, 100.817873 22.092423, 100.818511 22.095367, 100.819150 22.098311, 100.819789 22.101254, 100.820428 22.104198, 100.821066 22.107142, 100.821705 22.110085, 100.822344 22.113029, 100.822983 22.115973, 100.823622 22.118916, 100.824261 22.121860, 100.824900 22.124804, 100.825539 22.127747, 100.826178 22.130691, 100.826817 22.133634, 100.827456 22.136578, 100.828095 22.139522, 100.828734 22.142465, 100.829373 22.145409, 100.830013 22.148353, 100.830652 22.151296, 100.831291 22.154240, 100.831930 22.157183, 100.832569 22.160127, 100.833209 22.163071, 100.833848 22.166014, 100.834487 22.168958, 100.835127 22.171901, 100.835766 22.174845, 100.836406 22.177789, 100.837045 22.180732, 100.837685 22.183676, 100.838324 22.186619, 100.838964 22.189563, 100.839603 22.192506, 100.840243 22.195450, 100.840883 22.198394, 100.841522 22.201337, 100.842162 22.204281, 100.842802 22.207224, 100.843441 22.210168, 100.844081 22.213111, 100.844721 22.216055, 100.845361 22.218998, 100.846001 22.221942, 100.846641 22.224886, 100.847280 22.227829, 100.847920 22.230773, 100.848560 22.233716, 100.849200 22.236660, 100.849840 22.239603, 100.850480 22.242547, 100.851120 22.245490, 100.851760 22.248434, 100.852401 22.251377, 100.853041 22.254321, 100.853681 22.257264, 100.854321 22.260208, 100.854961 22.263151, 100.855602 22.266095, 100.856242 22.269039, 100.856882 22.271982, 100.857522 22.274926, 100.858163 22.277869, 100.858803 22.280813, 100.859444 22.283756, 100.860084 22.286700, 100.860725 22.289643, 100.861365 22.292587, 100.862006 22.295530, 100.862646 22.298473, 100.863287 22.301417, 100.863927 22.304360, 100.864568 22.307304, 100.865209 22.310247, 100.865849 22.313191, 100.866490 22.316134, 100.867131 22.319078, 100.867771 22.322021, 100.868412 22.324965, 100.869053 22.327908, 100.869694 22.330852, 100.870335 22.333795, 100.870976 22.336739, 100.871617 22.339682, 100.872258 22.342625, 100.872899 22.345569, 100.873540 22.348512, 100.874181 22.351456, 100.874822 22.354399, 100.875463 22.357343, 100.876104 22.360286, 100.876745 22.363230, 100.877386 22.366173, 100.878027 22.369116, 100.878669 22.372060, 100.879310 22.375003, 100.879951 22.377947, 100.880592 22.380890, 100.881234 22.383833, 100.881875 22.386777, 100.882516 22.389720, 100.883158 22.392664, 100.883799 22.395607, 100.884441 22.398551, 100.885082 22.401494, 100.885724 22.404437, 100.886365 22.407381, 100.887007 22.410324, 100.887649 22.413267, 100.888290 22.416211, 100.888932 22.419154, 100.889573 22.422098, 100.890215 22.425041, 100.890857 22.427984, 100.891499 22.430928, 100.892141 22.433871, 100.892782 22.436814, 100.893424 22.439758, 100.894066 22.442701, 100.894708 22.445645, 100.895350 22.448588, 100.895992 22.451531, 100.896634 22.454475, 100.897276 22.457418, 100.897918 22.460361, 100.898560 22.463305, 100.899202 22.466248, 100.899844 22.469191, 100.900486 22.472135, 100.901128 22.475078, 100.901771 22.478021, 100.902413 22.480965, 100.903055 22.483908, 100.903697 22.486851, 100.904340 22.489795, 100.904982 22.492738, 100.905624 22.495681, 100.906267 22.498625, 100.906909 22.501568, 100.907552 22.504511, 100.908194 22.507455, 100.908837 22.510398, 100.909479 22.513341, 100.910122 22.516284, 100.910764 22.519228, 100.911407 22.522171, 100.912050 22.525114, 100.912692 22.528058, 100.913335 22.531001, 100.913978 22.533944, 100.914620 22.536887, 100.915263 22.539831, 100.915906 22.542774, 100.916549 22.545717, 100.917192 22.548661, 100.917835 22.551604, 100.918478 22.554547, 100.919120 22.557490, 100.919763 22.560434, 100.920406 22.563377, 100.921049 22.566320, 100.921693 22.569263, 100.922336 22.572207, 100.922979 22.575150, 100.923622 22.578093, 100.924265 22.581036, 100.924908 22.583980, 100.925551 22.586923, 100.926195 22.589866, 100.926838 22.592809, 100.927481 22.595753, 100.928125 22.598696, 100.928768 22.601639, 100.929411 22.604582, 100.930055 22.607525, 100.930698 22.610469, 100.931342 22.613412, 100.931985 22.616355, 100.932629 22.619298, 100.933272 22.622241, 100.933916 22.625185, 100.934559 22.628128, 100.935203 22.631071, 100.935847 22.634014, 100.936490 22.636957, 100.937134 22.639901, 100.937778 22.642844, 100.938422 22.645787, 100.939065 22.648730, 100.939709 22.651673, 100.940353 22.654617, 100.940997 22.657560, 100.941641 22.660503, 100.942285 22.663446, 100.942929 22.666389, 100.943573 22.669332, 100.944217 22.672276, 100.944861 22.675219, 100.945505 22.678162, 100.946149 22.681105, 100.946793 22.684048, 100.947437 22.686991, 100.948081 22.689935, 100.948726 22.692878, 100.949370 22.695821, 100.950014 22.698764, 100.950658 22.701707, 100.951303 22.704650, 100.951947 22.707593, 100.952591 22.710536, 100.953236 22.713480, 100.953880 22.716423, 100.954525 22.719366, 100.955169 22.722309, 100.955814 22.725252, 100.956458 22.728195, 100.957103 22.731138, 100.957747 22.734081, 100.958392 22.737025, 100.959037 22.739968, 100.959681 22.742911, 100.960326 22.745854, 100.960971 22.748797, 100.961616 22.751740, 100.962260 22.754683, 100.962905 22.757626, 100.963550 22.760569, 100.964195 22.763512, 100.964840 22.766455, 100.965485 22.769399, 100.966130 22.772342, 100.966775 22.775285, 100.967420 22.778228, 100.968065 22.781171, 100.968710 22.784114, 100.969355 22.787057, 100.970000 22.790000, 100.971869 22.792469, 100.973739 22.794939, 100.975608 22.797408, 100.977477 22.799878, 100.979347 22.802347, 100.981217 22.804816, 100.983086 22.807286, 100.984956 22.809755, 100.986826 22.812224, 100.988696 22.814694, 100.990566 22.817163, 100.992436 22.819632, 100.994306 22.822101, 100.996176 22.824570, 100.998046 22.827040, 100.999916 22.829509, 101.001787 22.831978, 101.003657 22.834447, 101.005528 22.836916, 101.007398 22.839385, 101.009269 22.841854, 101.011140 22.844323, 101.013010 22.846792, 101.014881 22.849261, 101.016752 22.851730, 101.018623 22.854199, 101.020494 22.856668, 101.022365 22.859137, 101.024236 22.861605, 101.026108 22.864074, 101.027979 22.866543, 101.029850 22.869012, 101.031722 22.871481, 101.033593 22.873949, 101.035465 22.876418, 101.037337 22.878887, 101.039208 22.881355, 101.041080 22.883824, 101.042952 22.886293, 101.044824 22.888761, 101.046696 22.891230, 101.048568 22.893698, 101.050440 22.896167, 101.052312 22.898636, 101.054184 22.901104, 101.056057 22.903572, 101.057929 22.906041, 101.059802 22.908509, 101.061674 22.910978, 101.063547 22.913446, 101.065419 22.915915, 101.067292 22.918383, 101.069165 22.920851, 101.071038 22.923319, 101.072911 22.925788, 101.074784 22.928256, 101.076657 22.930724, 101.078530 22.933192, 101.080403 22.935661, 101.082277 22.938129, 101.084150 22.940597, 101.086023 22.943065, 101.087897 22.945533, 101.089770 22.948001, 101.091644 22.950469, 101.093518 22.952937, 101.095391 22.955405, 101.097265 22.957873, 101.099139 22.960341, 101.101013 22.962809, 101.102887 22.965277, 101.104761 22.967745, 101.106635 22.970213, 101.108510 22.972681, 101.110384 22.975149, 101.112258 22.977617, 101.114133 22.980084, 101.116007 22.982552, 101.117882 22.985020, 101.119757 22.987488, 101.121631 22.989955, 101.123506 22.992423, 101.125381 22.994891, 101.127256 22.997358, 101.129131 22.999826, 101.131006 23.002293, 101.132881 23.004761, 101.134756 23.007229, 101.136632 23.009696, 101.138507 23.012164, 101.140382 23.014631, 101.142258 23.017099, 101.144133 23.019566, 101.146009 23.022033, 101.147885 23.024501, 101.149760 23.026968, 101.151636 23.029436, 101.153512 23.031903, 101.155388 23.034370, 101.157264 23.036837, 101.159140 23.039305, 101.161016 23.041772, 101.162892 23.044239, 101.164769 23.046706, 101.166645 23.049174, 101.168522 23.051641, 101.170398 23.054108, 101.172275 23.056575, 101.174151 23.059042, 101.176028 23.061509, 101.177905 23.063976, 101.179782 23.066443, 101.181659 23.068910, 101.183536 23.071377, 101.185413 23.073844, 101.187290 23.076311, 101.189167 23.078778, 101.191044 23.081245, 101.192922 23.083712, 101.194799 23.086179, 101.196676 23.088645, 101.198554 23.091112, 101.200432 23.093579, 101.202309 23.096046, 101.204187 23.098512, 101.206065 23.100979, 101.207943 23.103446, 101.209821 23.105912, 101.211699 23.108379, 101.213577 23.110846, 101.215455 23.113312, 101.217333 23.115779, 101.219211 23.118245, 101.221090 23.120712, 101.222968 23.123178, 101.224847 23.125645, 101.226725 23.128111, 101.228604 23.130578, 101.230483 23.133044, 101.232361 23.135511, 101.234240 23.137977, 101.236119 23.140443, 101.237998 23.142910, 101.239877 23.145376, 101.241756 23.147842, 101.243636 23.150309, 101.245515 23.152775, 101.247394 23.155241, 101.249274 23.157707, 101.251153 23.160173, 101.253033 23.162640, 101.254912 23.165106, 101.256792 23.167572, 101.258672 23.170038, 101.260551 23.172504, 101.262431 23.174970, 101.264311 23.177436, 101.266191 23.179902, 101.268071 23.182368, 101.269952 23.184834, 101.271832 23.187300, 101.273712 23.189766, 101.275592 23.192232, 101.277473 23.194698, 101.279353 23.197163, 101.281234 23.199629, 101.283115 23.202095, 101.284995 23.204561, 101.286876 23.207027, 101.288757 23.209492, 101.290638 23.211958, 101.292519 23.214424, 101.294400 23.216889, 101.296281 23.219355, 101.298162 23.221821, 101.300044 23.224286, 101.301925 23.226752, 101.303806 23.229217, 101.305688 23.231683, 101.307569 23.234148, 101.309451 23.236614, 101.311333 23.239079, 101.313215 23.241545, 101.315096 23.244010, 101.316978 23.246475, 101.318860 23.248941, 101.320742 23.251406, 101.322624 23.253872, 101.324507 23.256337, 101.326389 23.258802, 101.328271 23.261267, 101.330153 23.263733, 101.332036 23.266198, 101.333918 23.268663, 101.335801 23.271128, 101.337684 23.273593, 101.339566 23.276058, 101.341449 23.278524, 101.343332 23.280989, 101.345215 23.283454, 101.347098 23.285919, 101.348981 23.288384, 101.350864 23.290849, 101.352748 23.293314, 101.354631 23.295779, 101.356514 23.298244, 101.358398 23.300708, 101.360281 23.303173, 101.362165 23.305638, 101.364048 23.308103, 101.365932 23.310568, 101.367816 23.313033, 101.369700 23.315497, 101.371584 23.317962, 101.373468 23.320427, 101.375352 23.322892, 101.377236 23.325356, 101.379120 23.327821, 101.381004 23.330285, 101.382889 23.332750, 101.384773 23.335215, 101.386658 23.337679, 101.388542 23.340144, 101.390427 23.342608, 101.392311 23.345073, 101.394196 23.347537, 101.396081 23.350002, 101.397966 23.352466, 101.399851 23.354931, 101.401736 23.357395, 101.403621 23.359859, 101.405506 23.362324, 101.407391 23.364788, 101.409277 23.367252, 101.411162 23.369716, 101.413048 23.372181, 101.414933 23.374645, 101.416819 23.377109, 101.418704 23.379573, 101.420590 23.382037, 101.422476 23.384502, 101.424362 23.386966, 101.426248 23.389430, 101.428134 23.391894, 101.430020 23.394358, 101.431906 23.396822, 101.433792 23.399286, 101.435679 23.401750, 101.437565 23.404214, 101.439451 23.406678, 101.441338 23.409142, 101.443225 23.411606, 101.445111 23.414069, 101.446998 23.416533, 101.448885 23.418997, 101.450772 23.421461, 101.452659 23.423925, 101.454546 23.426388, 101.456433 23.428852, 101.458320 23.431316, 101.460207 23.433779, 101.462094 23.436243, 101.463982 23.438707, 101.465869 23.441170, 101.467757 23.443634, 101.469644 23.446098, 101.471532 23.448561, 101.473419 23.451025, 101.475307 23.453488, 101.477195 23.455952, 101.479083 23.458415, 101.480971 23.460878, 101.482859 23.463342, 101.484747 23.465805, 101.486635 23.468269, 101.488524 23.470732, 101.490412 23.473195, 101.492300 23.475659, 101.494189 23.478122, 101.496077 23.480585, 101.497966 23.483048, 101.499855 23.485511, 101.501744 23.487975, 101.503632 23.490438, 101.505521 23.492901, 101.507410 23.495364, 101.509299 23.497827, 101.511188 23.500290, 101.513078 23.502753, 101.514967 23.505216, 101.516856 23.507679, 101.518746 23.510142, 101.520635 23.512605, 101.522525 23.515068, 101.524414 23.517531, 101.526304 23.519994, 101.528194 23.522457, 101.530084 23.524920, 101.531973 23.527382, 101.533863 23.529845, 101.535753 23.532308, 101.537644 23.534771, 101.539534 23.537233, 101.541424 23.539696, 101.543314 23.542159, 101.545205 23.544621, 101.547095 23.547084, 101.548986 23.549547, 101.550876 23.552009, 101.552767 23.554472, 101.554658 23.556934, 101.556549 23.559397, 101.558439 23.561859, 101.560330 23.564322, 101.562221 23.566784, 101.564113 23.569247, 101.566004 23.571709, 101.567895 23.574172, 101.569786 23.576634, 101.571678 23.579096, 101.573569 23.581559, 101.575461 23.584021, 101.577352 23.586483, 101.579244 23.588945, 101.581136 23.591408, 101.583027 23.593870, 101.584919 23.596332, 101.586811 23.598794, 101.588703 23.601256, 101.590595 23.603718, 101.592488 23.606180, 101.594380 23.608642, 101.596272 23.611105, 101.598165 23.613567, 101.600057 23.616029, 101.601949 23.618490, 101.603842 23.620952, 101.605735 23.623414, 101.607627 23.625876, 101.609520 23.628338, 101.611413 23.630800, 101.613306 23.633262, 101.615199 23.635724, 101.617092 23.638185, 101.618985 23.640647, 101.620879 23.643109, 101.622772 23.645571, 101.624665 23.648032, 101.626559 23.650494, 101.628452 23.652956, 101.630346 23.655417, 101.632240 23.657879, 101.634133 23.660340, 101.636027 23.662802, 101.637921 23.665264, 101.639815 23.667725, 101.641709 23.670187, 101.643603 23.672648, 101.645497 23.675109, 101.647391 23.677571, 101.649286 23.680032, 101.651180 23.682494, 101.653074 23.684955, 101.654969 23.687416, 101.656864 23.689878, 101.658758 23.692339, 101.660653 23.694800, 101.662548 23.697261, 101.664443 23.699723, 101.666338 23.702184, 101.668233 23.704645, 101.670128 23.707106, 101.672023 23.709567, 101.673918 23.712028, 101.675813 23.714489, 101.677709 23.716950, 101.679604 23.719411, 101.681500 23.721872, 101.683395 23.724333, 101.685291 23.726794, 101.687187 23.729255, 101.689083 23.731716, 101.690978 23.734177, 101.692874 23.736638, 101.694770 23.739099, 101.696666 23.741560, 101.698563 23.744020, 101.700459 23.746481, 101.702355 23.748942, 101.704252 23.751403, 101.706148 23.753863, 101.708044 23.756324, 101.709941 23.758785, 101.711838 23.761245, 101.713734 23.763706, 101.715631 23.766166, 101.717528 23.768627, 101.719425 23.771088, 101.721322 23.773548, 101.723219 23.776009, 101.725116 23.778469, 101.727014 23.780929, 101.728911 23.783390, 101.730808 23.785850, 101.732706 23.788311, 101.734603 23.790771, 101.736501 23.793231, 101.738399 23.795692, 101.740296 23.798152, 101.742194 23.800612, 101.744092 23.803072, 101.745990 23.805533, 101.747888 23.807993, 101.749786 23.810453, 101.751684 23.812913, 101.753583 23.815373, 101.755481 23.817833, 101.757379 23.820293, 101.759278 23.822753, 101.761176 23.825214, 101.763075 23.827674, 101.764973 23.830133, 101.766872 23.832593, 101.768771 23.835053, 101.770670 23.837513, 101.772569 23.839973, 101.774468 23.842433, 101.776367 23.844893, 101.778266 23.847353, 101.780165 23.849813, 101.782065 23.852272, 101.783964 23.854732, 101.785864 23.857192, 101.787763 23.859651, 101.789663 23.862111, 101.791563 23.864571, 101.793462 23.867030, 101.795362 23.869490, 101.797262 23.871950, 101.799162 23.874409, 101.801062 23.876869, 101.802962 23.879328, 101.804862 23.881788, 101.806763 23.884247, 101.808663 23.886707, 101.810563 23.889166, 101.812464 23.891625, 101.814364 23.894085, 101.816265 23.896544, 101.818166 23.899004, 101.820066 23.901463, 101.821967 23.903922, 101.823868 23.906381, 101.825769 23.908841, 101.827670 23.911300, 101.829571 23.913759, 101.831473 23.916218, 101.833374 23.918677, 101.835275 23.921136, 101.837177 23.923596, 101.839078 23.926055, 101.840980 23.928514, 101.842881 23.930973, 101.844783 23.933432, 101.846685 23.935891, 101.848587 23.938350, 101.850489 23.940809, 101.852391 23.943267, 101.854293 23.945726, 101.856195 23.948185, 101.858097 23.950644, 101.859999 23.953103, 101.861902 23.955562, 101.863804 23.958020, 101.865707 23.960479, 101.867609 23.962938, 101.869512 23.965397, 101.871415 23.967855, 101.873317 23.970314, 101.875220 23.972773, 101.877123 23.975231, 101.879026 23.977690, 101.880929 23.980148, 101.882832 23.982607, 101.884736 23.985065, 101.886639 23.987524, 101.888542 23.989982, 101.890446 23.992441, 101.892349 23.994899, 101.894253 23.997357, 101.896157 23.999816, 101.898060 24.002274, 101.899964 24.004733, 101.901868 24.007191, 101.903772 24.009649, 101.905676 24.012107, 101.907580 24.014566, 101.909484 24.017024, 101.911389 24.019482, 101.913293 24.021940, 101.915197 24.024398, 101.917102 24.026856, 101.919006 24.029314, 101.920911 24.031773, 101.922816 24.034231, 101.924720 24.036689, 101.926625 24.039147, 101.928530 24.041605, 101.930435 24.044062, 101.932340 24.046520, 101.934245 24.048978, 101.936150 24.051436, 101.938056 24.053894, 101.939961 24.056352, 101.941866 24.058810, 101.943772 24.061267, 101.945678 24.063725, 101.947583 24.066183, 101.949489 24.068641, 101.951395 24.071098, 101.953301 24.073556, 101.955206 24.076014, 101.957112 24.078471, 101.959019 24.080929, 101.960925 24.083386, 101.962831 24.085844, 101.964737 24.088301, 101.966644 24.090759, 101.968550 24.093216, 101.970457 24.095674, 101.972363 24.098131, 101.974270 24.100589, 101.976177 24.103046, 101.978083 24.105503, 101.979990 24.107961, 101.981897 24.110418, 101.983804 24.112875, 101.985711 24.115333, 101.987618 24.117790, 101.989526 24.120247, 101.991433 24.122704, 101.993340 24.125161, 101.995248 24.127619, 101.997155 24.130076, 101.999063 24.132533, 102.000971 24.134990, 102.002878 24.137447, 102.004786 24.139904, 102.006694 24.142361, 102.008602 24.144818, 102.010510 24.147275, 102.012418 24.149732, 102.014327 24.152189, 102.016235 24.154646, 102.018143 24.157102, 102.020052 24.159559, 102.021960 24.162016, 102.023869 24.164473, 102.025777 24.166930, 102.027686 24.169386, 102.029595 24.171843, 102.031504 24.174300, 102.033413 24.176756, 102.035322 24.179213, 102.037231 24.181670, 102.039140 24.184126, 102.041049 24.186583, 102.042958 24.189039, 102.044868 24.191496, 102.046777 24.193952, 102.048687 24.196409, 102.050596 24.198865, 102.052506 24.201322, 102.054416 24.203778, 102.056325 24.206235, 102.058235 24.208691, 102.060145 24.211147, 102.062055 24.213604, 102.063965 24.216060, 102.065876 24.218516, 102.067786 24.220972, 102.069696 24.223429, 102.071607 24.225885, 102.073517 24.228341, 102.075428 24.230797, 102.077338 24.233253, 102.079249 24.235709, 102.081160 24.238165, 102.083071 24.240621, 102.084982 24.243077, 102.086893 24.245533, 102.088804 24.247989, 102.090715 24.250445, 102.092626 24.252901, 102.094537 24.255357, 102.096449 24.257813, 102.098360 24.260269, 102.100272 24.262725, 102.102183 24.265181, 102.104095 24.267636, 102.106007 24.270092, 102.107918 24.272548, 102.109830 24.275004, 102.111742 24.277459, 102.113654 24.279915, 102.115566 24.282371, 102.117479 24.284826, 102.119391 24.287282, 102.121303 24.289737, 102.123215 24.292193, 102.125128 24.294648, 102.127040 24.297104, 102.128953 24.299559, 102.130866 24.302015, 102.132779 24.304470, 102.134691 24.306926, 102.136604 24.309381, 102.138517 24.311836, 102.140430 24.314292, 102.142344 24.316747, 102.144257 24.319202, 102.146170 24.321658, 102.148083 24.324113, 102.149997 24.326568, 102.151910 24.329023, 102.153824 24.331478, 102.155738 24.333933, 102.157651 24.336389, 102.159565 24.338844, 102.161479 24.341299, 102.163393 24.343754, 102.165307 24.346209, 102.167221 24.348664, 102.169135 24.351119, 102.171050 24.353574, 102.172964 24.356029, 102.174878 24.358484, 102.176793 24.360938, 102.178707 24.363393, 102.180622 24.365848, 102.182537 24.368303, 102.184451 24.370758, 102.186366 24.373212, 102.188281 24.375667, 102.190196 24.378122, 102.192111 24.380577, 102.194026 24.383031, 102.195942 24.385486, 102.197857 24.387940, 102.199772 24.390395, 102.201688 24.392850, 102.203603 24.395304, 102.205519 24.397759, 102.207434 24.400213, 102.209350 24.402668, 102.211266 24.405122, 102.213182 24.407576, 102.215098 24.410031, 102.217014 24.412485, 102.218930 24.414940, 102.220846 24.417394, 102.222762 24.419848, 102.224679 24.422302, 102.226595 24.424757, 102.228512 24.427211, 102.230428 24.429665, 102.232345 24.432119, 102.234262 24.434573, 102.236178 24.437028, 102.238095 24.439482, 102.240012 24.441936, 102.241929 24.444390, 102.243846 24.446844, 102.245763 24.449298, 102.247681 24.451752, 102.249598 24.454206, 102.251515 24.456660, 102.253433 24.459114, 102.255350 24.461568, 102.257268 24.464021, 102.259185 24.466475, 102.261103 24.468929, 102.263021 24.471383, 102.264939 24.473837, 102.266857 24.476290, 102.268775 24.478744, 102.270693 24.481198, 102.272611 24.483651, 102.274530 24.486105, 102.276448 24.488559, 102.278366 24.491012, 102.280285 24.493466, 102.282203 24.495919, 102.284122 24.498373, 102.286041 24.500826, 102.287960 24.503280, 102.289879 24.505733, 102.291797 24.508187, 102.293716 24.510640, 102.295636 24.513094, 102.297555 24.515547, 102.299474 24.518000, 102.301393 24.520454, 102.303313 24.522907, 102.305232 24.525360, 102.307152 24.527813, 102.309071 24.530267, 102.310991 24.532720, 102.312911 24.535173, 102.314831 24.537626, 102.316751 24.540079, 102.318671 24.542532, 102.320591 24.544985, 102.322511 24.547438, 102.324431 24.549891, 102.326351 24.552344, 102.328272 24.554797, 102.330192 24.557250, 102.332113 24.559703, 102.334033 24.562156, 102.335954 24.564609, 102.337875 24.567062, 102.339796 24.569515, 102.341716 24.571967, 102.343637 24.574420, 102.345559 24.576873, 102.347480 24.579326, 102.349401 24.581778, 102.351322 24.584231, 102.353243 24.586684, 102.355165 24.589136, 102.357086 24.591589, 102.359008 24.594041, 102.360930 24.596494, 102.362851 24.598946, 102.364773 24.601399, 102.366695 24.603851, 102.368617 24.606304, 102.370539 24.608756, 102.372461 24.611209, 102.374383 24.613661, 102.376306 24.616113, 102.378228 24.618566, 102.380150 24.621018, 102.382073 24.623470, 102.383995 24.625923, 102.385918 24.628375, 102.387841 24.630827, 102.389763 24.633279, 102.391686 24.635731, 102.393609 24.638184, 102.395532 24.640636, 102.397455 24.643088, 102.399379 24.645540, 102.401302 24.647992, 102.403225 24.650444, 102.405148 24.652896, 102.407072 24.655348, 102.408995 24.657800, 102.410919 24.660252, 102.412843 24.662704, 102.414767 24.665155, 102.416690 24.667607, 102.418614 24.670059, 102.420538 24.672511, 102.422462 24.674963, 102.424387 24.677414, 102.426311 24.679866, 102.428235 24.682318, 102.430159 24.684769, 102.432084 24.687221, 102.434008 24.689673, 102.435933 24.692124, 102.437858 24.694576, 102.439782 24.697027, 102.441707 24.699479, 102.443632 24.701930, 102.445557 24.704382, 102.447482 24.706833, 102.449407 24.709285, 102.451332 24.711736, 102.453258 24.714188, 102.455183 24.716639, 102.457109 24.719090, 102.459034 24.721542, 102.460960 24.723993, 102.462885 24.726444, 102.464811 24.728895, 102.466737 24.731346, 102.468663 24.733798, 102.470589 24.736249, 102.472515 24.738700, 102.474441 24.741151, 102.476367 24.743602, 102.478293 24.746053, 102.480220 24.748504, 102.482146 24.750955, 102.484073 24.753406, 102.485999 24.755857, 102.487926 24.758308, 102.489853 24.760759, 102.491779 24.763210, 102.493706 24.765661, 102.495633 24.768112, 102.497560 24.770562, 102.499487 24.773013, 102.501414 24.775464, 102.503342 24.777915, 102.505269 24.780365, 102.507196 24.782816, 102.509124 24.785267, 102.511051 24.787717, 102.512979 24.790168, 102.514907 24.792619, 102.516835 24.795069, 102.518762 24.797520, 102.520690 24.799970, 102.522618 24.802421, 102.524547 24.804871, 102.526475 24.807322, 102.528403 24.809772, 102.530331 24.812222, 102.532260 24.814673, 102.534188 24.817123, 102.536117 24.819573, 102.538045 24.822024, 102.539974 24.824474, 102.541903 24.826924, 102.543832 24.829374, 102.545761 24.831825, 102.547690 24.834275, 102.549619 24.836725, 102.551548 24.839175, 102.553477 24.841625, 102.555406 24.844075, 102.557336 24.846525, 102.559265 24.848975, 102.561195 24.851425, 102.563124 24.853875, 102.565054 24.856325, 102.566984 24.858775, 102.568914 24.861225, 102.570844 24.863675, 102.572774 24.866125, 102.574704 24.868574, 102.576634 24.871024, 102.578564 24.873474, 102.580494 24.875924, 102.582425 24.878374, 102.584355 24.880823, 102.586286 24.883273, 102.588216 24.885723, 102.590147 24.888172, 102.592078 24.890622, 102.594009 24.893071, 102.595940 24.895521, 102.597871 24.897970, 102.599802 24.900420, 102.601733 24.902869, 102.603664 24.905319, 102.605595 24.907768, 102.607527 24.910218, 102.609458 24.912667, 102.611390 24.915116, 102.613321 24.917566, 102.615253 24.920015, 102.617185 24.922464, 102.619117 24.924913, 102.621049 24.927363, 102.622981 24.929812, 102.624913 24.932261, 102.626845 24.934710, 102.628777 24.937159, 102.630709 24.939608, 102.632642 24.942058, 102.634574 24.944507, 102.636507 24.946956, 102.638439 24.949405, 102.640372 24.951854, 102.642305 24.954303, 102.644238 24.956751, 102.646171 24.959200, 102.648104 24.961649, 102.650037 24.964098, 102.651970 24.966547, 102.653903 24.968996, 102.655836 24.971444, 102.657770 24.973893, 102.659703 24.976342, 102.661637 24.978791, 102.663570 24.981239, 102.665504 24.983688, 102.667438 24.986137, 102.669372 24.988585, 102.671305 24.991034, 102.673239 24.993482, 102.675174 24.995931, 102.677108 24.998379, 102.679042 25.000828, 102.680976 25.003276, 102.682911 25.005725, 102.684845 25.008173, 102.686780 25.010621, 102.688714 25.013070, 102.690649 25.015518, 102.692584 25.017966, 102.694518 25.020415, 102.696453 25.022863, 102.698388 25.025311, 102.700323 25.027759, 102.702259 25.030208, 102.704194 25.032656, 102.706129 25.035104, 102.708065 25.037552, 102.710000 25.040000, 102.711206 25.042806, 102.712413 25.045611, 102.713620 25.048417, 102.714826 25.051223, 102.716033 25.054028, 102.717240 25.056834, 102.718447 25.059639, 102.719653 25.062445, 102.720860 25.065251, 102.722067 25.068056, 102.723274 25.070862, 102.724482 25.073667, 102.725689 25.076473, 102.726896 25.079278, 102.728103 25.082084, 102.729310 25.084889, 102.730518 25.087695, 102.731725 25.090500, 102.732933 25.093306, 102.734140 25.096111, 102.735348 25.098917, 102.736556 25.101722, 102.737763 25.104528, 102.738971 25.107333, 102.740179 25.110138, 102.741387 25.112944, 102.742595 25.115749, 102.743803 25.118555, 102.745011 25.121360, 102.746219 25.124165, 102.747427 25.126971, 102.748635 25.129776, 102.749843 25.132581, 102.751052 25.135387, 102.752260 25.138192, 102.753469 25.140997, 102.754677 25.143803, 102.755886 25.146608, 102.757094 25.149413, 102.758303 25.152218, 102.759512 25.155024, 102.760720 25.157829, 102.761929 25.160634, 102.763138 25.163439, 102.764347 25.166245, 102.765556 25.169050, 102.766765 25.171855, 102.767974 25.174660, 102.769183 25.177465, 102.770392 25.180271, 102.771602 25.183076, 102.772811 25.185881, 102.774020 25.188686, 102.775230 25.191491, 102.776439 25.194296, 102.777649 25.197101, 102.778858 25.199907, 102.780068 25.202712, 102.781278 25.205517, 102.782488 25.208322, 102.783697 25.211127, 102.784907 25.213932, 102.786117 25.216737, 102.787327 25.219542, 102.788537 25.222347, 102.789747 25.225152, 102.790957 25.227957, 102.792168 25.230762, 102.793378 25.233567, 102.794588 25.236372, 102.795799 25.239177, 102.797009 25.241982, 102.798220 25.244787, 102.799430 25.247592, 102.800641 25.250397, 102.801851 25.253202, 102.803062 25.256007, 102.804273 25.258811, 102.805484 25.261616, 102.806695 25.264421, 102.807905 25.267226, 102.809116 25.270031, 102.810328 25.272836, 102.811539 25.275641, 102.812750 25.278445, 102.813961 25.281250, 102.815172 25.284055, 102.816384 25.286860, 102.817595 25.289665, 102.818806 25.292469, 102.820018 25.295274, 102.821230 25.298079, 102.822441 25.300884, 102.823653 25.303688, 102.824865 25.306493, 102.826076 25.309298, 102.827288 25.312103, 102.828500 25.314907, 102.829712 25.317712, 102.830924 25.320517, 102.832136 25.323321, 102.833348 25.326126, 102.834560 25.328931, 102.835773 25.331735, 102.836985 25.334540, 102.838197 25.337344, 102.839410 25.340149, 102.840622 25.342954, 102.841835 25.345758, 102.843047 25.348563, 102.844260 25.351367, 102.845472 25.354172, 102.846685 25.356977, 102.847898 25.359781, 102.849111 25.362586, 102.850324 25.365390, 102.851537 25.368195, 102.852750 25.370999, 102.853963 25.373804, 102.855176 25.376608, 102.856389 25.379413, 102.857602 25.382217, 102.858816 25.385022, 102.860029 25.387826, 102.861242 25.390630, 102.862456 25.393435, 102.863669 25.396239, 102.864883 25.399044, 102.866097 25.401848, 102.867310 25.404652, 102.868524 25.407457, 102.869738 25.410261, 102.870952 25.413065, 102.872166 25.415870, 102.873379 25.418674, 102.874594 25.421478, 102.875808 25.424283, 102.877022 25.427087, 102.878236 25.429891, 102.879450 25.432696, 102.880665 25.435500, 102.881879 25.438304, 102.883093 25.441108, 102.884308 25.443913, 102.885522 25.446717, 102.886737 25.449521, 102.887952 25.452325, 102.889166 25.455130, 102.890381 25.457934, 102.891596 25.460738, 102.892811 25.463542, 102.894026 25.466346, 102.895241 25.469150, 102.896456 25.471955, 102.897671 25.474759, 102.898886 25.477563, 102.900101 25.480367, 102.901316 25.483171, 102.902532 25.485975, 102.903747 25.488779, 102.904963 25.491583, 102.906178 25.494387, 102.907394 25.497191, 102.908609 25.499995, 102.909825 25.502799, 102.911041 25.505603, 102.912257 25.508407, 102.913472 25.511211, 102.914688 25.514015, 102.915904 25.516819, 102.917120 25.519623, 102.918336 25.522427, 102.919552 25.525231, 102.920769 25.528035, 102.921985 25.530839, 102.923201 25.533643, 102.924418 25.536447, 102.925634 25.539251, 102.926850 25.542055, 102.928067 25.544859, 102.929283 25.547663, 102.930500 25.550466, 102.931717 25.553270, 102.932934 25.556074, 102.934150 25.558878, 102.935367 25.561682, 102.936584 25.564486, 102.937801 25.567289, 102.939018 25.570093, 102.940235 25.572897, 102.941452 25.575701, 102.942670 25.578504, 102.943887 25.581308, 102.945104 25.584112, 102.946322 25.586916, 102.947539 25.589719, 102.948757 25.592523, 102.949974 25.595327, 102.951192 25.598130, 102.952409 25.600934, 102.953627 25.603738, 102.954845 25.606541, 102.956063 25.609345, 102.957281 25.612149, 102.958499 25.614952, 102.959717 25.617756, 102.960935 25.620560, 102.962153 25.623363, 102.963371 25.626167, 102.964589 25.628970, 102.965807 25.631774, 102.967026 25.634578, 102.968244 25.637381, 102.969463 25.640185, 102.970681 25.642988, 102.971900 25.645792, 102.973118 25.648595, 102.974337 25.651399, 102.975556 25.654202, 102.976775 25.657006, 102.977994 25.659809, 102.979212 25.662613, 102.980431 25.665416, 102.981650 25.668219, 102.982870 25.671023, 102.984089 25.673826, 102.985308 25.676630, 102.986527 25.679433, 102.987747 25.682236, 102.988966 25.685040, 102.990185 25.687843, 102.991405 25.690647, 102.992624 25.693450, 102.993844 25.696253, 102.995064 25.699057, 102.996283 25.701860, 102.997503 25.704663, 102.998723 25.707466, 102.999943 25.710270, 103.001163 25.713073, 103.002383 25.715876, 103.003603 25.718680, 103.004823 25.721483, 103.006043 25.724286, 103.007263 25.727089, 103.008484 25.729892, 103.009704 25.732696, 103.010925 25.735499, 103.012145 25.738302, 103.013366 25.741105, 103.014586 25.743908, 103.015807 25.746712, 103.017028 25.749515, 103.018248 25.752318, 103.019469 25.755121, 103.020690 25.757924, 103.021911 25.760727, 103.023132 25.763530, 103.024353 25.766333, 103.025574 25.769136, 103.026795 25.771939, 103.028016 25.774742, 103.029238 25.777546, 103.030459 25.780349, 103.031680 25.783152, 103.032902 25.785955, 103.034123 25.788758, 103.035345 25.791561, 103.036567 25.794364, 103.037788 25.797167, 103.039010 25.799969, 103.040232 25.802772, 103.041454 25.805575, 103.042676 25.808378, 103.043898 25.811181, 103.045120 25.813984, 103.046342 25.816787, 103.047564 25.819590, 103.048786 25.822393, 103.050008 25.825196, 103.051231 25.827998, 103.052453 25.830801, 103.053675 25.833604, 103.054898 25.836407, 103.056121 25.839210, 103.057343 25.842013, 103.058566 25.844815, 103.059789 25.847618, 103.061011 25.850421, 103.062234 25.853224, 103.063457 25.856026, 103.064680 25.858829, 103.065903 25.861632, 103.067126 25.864435, 103.068349 25.867237, 103.069572 25.870040, 103.070796 25.872843, 103.072019 25.875645, 103.073242 25.878448, 103.074466 25.881251, 103.075689 25.884053, 103.076913 25.886856, 103.078136 25.889659, 103.079360 25.892461, 103.080584 25.895264, 103.081808 25.898067, 103.083031 25.900869, 103.084255 25.903672, 103.085479 25.906474, 103.086703 25.909277, 103.087927 25.912079, 103.089151 25.914882, 103.090376 25.917684, 103.091600 25.920487, 103.092824 25.923290, 103.094048 25.926092, 103.095273 25.928894, 103.096497 25.931697, 103.097722 25.934499, 103.098946 25.937302, 103.100171 25.940104, 103.101396 25.942907, 103.102621 25.945709, 103.103845 25.948512, 103.105070 25.951314, 103.106295 25.954116, 103.107520 25.956919, 103.108745 25.959721, 103.109970 25.962524, 103.111195 25.965326, 103.112421 25.968128, 103.113646 25.970931, 103.114871 25.973733, 103.116097 25.976535, 103.117322 25.979337, 103.118548 25.982140, 103.119773 25.984942, 103.120999 25.987744, 103.122225 25.990547, 103.123450 25.993349, 103.124676 25.996151, 103.125902 25.998953, 103.127128 26.001756, 103.128354 26.004558, 103.129580 26.007360, 103.130806 26.010162, 103.132032 26.012964, 103.133259 26.015766, 103.134485 26.018569, 103.135711 26.021371, 103.136938 26.024173, 103.138164 26.026975, 103.139390 26.029777, 103.140617 26.032579, 103.141844 26.035381, 103.143070 26.038183, 103.144297 26.040986, 103.145524 26.043788, 103.146751 26.046590, 103.147978 26.049392, 103.149205 26.052194, 103.150432 26.054996, 103.151659 26.057798, 103.152886 26.060600, 103.154113 26.063402, 103.155340 26.066204, 103.156568 26.069006, 103.157795 26.071808, 103.159023 26.074610, 103.160250 26.077412, 103.161478 26.080213, 103.162705 26.083015, 103.163933 26.085817, 103.165161 26.088619, 103.166389 26.091421, 103.167616 26.094223, 103.168844 26.097025, 103.170072 26.099827, 103.171300 26.102629, 103.172529 26.105430, 103.173757 26.108232, 103.174985 26.111034, 103.176213 26.113836, 103.177442 26.116638, 103.178670 26.119439, 103.179898 26.122241, 103.181127 26.125043, 103.182355 26.127845, 103.183584 26.130646, 103.184813 26.133448, 103.186042 26.136250, 103.187270 26.139052, 103.188499 26.141853, 103.189728 26.144655, 103.190957 26.147457, 103.192186 26.150258, 103.193415 26.153060, 103.194644 26.155862, 103.195874 26.158663, 103.197103 26.161465, 103.198332 26.164266, 103.199562 26.167068, 103.200791 26.169870, 103.202021 26.172671, 103.203250 26.175473, 103.204480 26.178274, 103.205709 26.181076, 103.206939 26.183878, 103.208169 26.186679, 103.209399 26.189481, 103.210629 26.192282, 103.211859 26.195084, 103.213089 26.197885, 103.214319 26.200687, 103.215549 26.203488, 103.216779 26.206289, 103.218010 26.209091, 103.219240 26.211892, 103.220470 26.214694, 103.221701 26.217495, 103.222931 26.220297, 103.224162 26.223098, 103.225393 26.225899, 103.226623 26.228701, 103.227854 26.231502, 103.229085 26.234304, 103.230316 26.237105, 103.231547 26.239906, 103.232778 26.242708, 103.234009 26.245509, 103.235240 26.248310, 103.236471 26.251111, 103.237702 26.253913, 103.238934 26.256714, 103.240165 26.259515, 103.241396 26.262316, 103.242628 26.265118, 103.243859 26.267919, 103.245091 26.270720, 103.246323 26.273521, 103.247554 26.276323, 103.248786 26.279124, 103.250018 26.281925, 103.251250 26.284726, 103.252482 26.287527, 103.253714 26.290328, 103.254946 26.293130, 103.256178 26.295931, 103.257410 26.298732, 103.258642 26.301533, 103.259875 26.304334, 103.261107 26.307135, 103.262339 26.309936, 103.263572 26.312737, 103.264804 26.315538, 103.266037 26.318339, 103.267270 26.321140, 103.268502 26.323941, 103.269735 26.326742, 103.270968 26.329543, 103.272201 26.332344, 103.273434 26.335145, 103.274667 26.337946, 103.275900 26.340747, 103.277133 26.343548, 103.278366 26.346349, 103.279600 26.349150, 103.280833 26.351951, 103.282066 26.354752, 103.283300 26.357553, 103.284533 26.360354, 103.285767 26.363154, 103.287000 26.365955, 103.288234 26.368756, 103.289468 26.371557, 103.290702 26.374358, 103.291935 26.377159, 103.293169 26.379959, 103.294403 26.382760, 103.295637 26.385561, 103.296871 26.388362, 103.298106 26.391163, 103.299340 26.393963, 103.300574 26.396764, 103.301808 26.399565, 103.303043 26.402366, 103.304277 26.405166, 103.305512 26.407967, 103.306746 26.410768, 103.307981 26.413568, 103.309216 26.416369, 103.310450 26.419170, 103.311685 26.421970, 103.312920 26.424771, 103.314155 26.427572, 103.315390 26.430372, 103.316625 26.433173, 103.317860 26.435973, 103.319095 26.438774, 103.320331 26.441575, 103.321566 26.444375, 103.322801 26.447176, 103.324037 26.449976, 103.325272 26.452777, 103.326508 26.455577, 103.327743 26.458378, 103.328979 26.461178, 103.330215 26.463979, 103.331450 26.466779, 103.332686 26.469580, 103.333922 26.472380, 103.335158 26.475181, 103.336394 26.477981, 103.337630 26.480781, 103.338866 26.483582, 103.340102 26.486382, 103.341339 26.489183, 103.342575 26.491983, 103.343811 26.494783, 103.345048 26.497584, 103.346284 26.500384, 103.347521 26.503185, 103.348758 26.505985, 103.349994 26.508785, 103.351231 26.511585, 103.352468 26.514386, 103.353705 26.517186, 103.354942 26.519986, 103.356178 26.522787, 103.357416 26.525587, 103.358653 26.528387, 103.359890 26.531187, 103.361127 26.533988, 103.362364 26.536788, 103.363602 26.539588, 103.364839 26.542388, 103.366076 26.545188, 103.367314 26.547988, 103.368552 26.550789, 103.369789 26.553589, 103.371027 26.556389, 103.372265 26.559189, 103.373503 26.561989, 103.374740 26.564789, 103.375978 26.567589, 103.377216 26.570389, 103.378454 26.573190, 103.379693 26.575990, 103.380931 26.578790, 103.382169 26.581590, 103.383407 26.584390, 103.384646 26.587190, 103.385884 26.589990, 103.387123 26.592790, 103.388361 26.595590, 103.389600 26.598390, 103.390838 26.601190, 103.392077 26.603990, 103.393316 26.606790, 103.394555 26.609590, 103.395794 26.612389, 103.397033 26.615189, 103.398272 26.617989, 103.399511 26.620789, 103.400750 26.623589, 103.401989 26.626389, 103.403228 26.629189, 103.404468 26.631989, 103.405707 26.634788, 103.406947 26.637588, 103.408186 26.640388, 103.409426 26.643188, 103.410665 26.645988, 103.411905 26.648787, 103.413145 26.651587, 103.414385 26.654387, 103.415625 26.657187, 103.416865 26.659986, 103.418105 26.662786, 103.419345 26.665586, 103.420585 26.668386, 103.421825 26.671185, 103.423065 26.673985, 103.424306 26.676785, 103.425546 26.679584, 103.426786 26.682384, 103.428027 26.685184, 103.429267 26.687983, 103.430508 26.690783, 103.431749 26.693583, 103.432989 26.696382, 103.434230 26.699182, 103.435471 26.701981, 103.436712 26.704781, 103.437953 26.707580, 103.439194 26.710380, 103.440435 26.713180, 103.441676 26.715979, 103.442918 26.718779, 103.444159 26.721578, 103.445400 26.724378, 103.446642 26.727177, 103.447883 26.729977, 103.449125 26.732776, 103.450366 26.735575, 103.451608 26.738375, 103.452850 26.741174, 103.454091 26.743974, 103.455333 26.746773, 103.456575 26.749572, 103.457817 26.752372, 103.459059 26.755171, 103.460301 26.757971, 103.461543 26.760770, 103.462785 26.763569, 103.464028 26.766369, 103.465270 26.769168, 103.466512 26.771967, 103.467755 26.774767, 103.468997 26.777566, 103.470240 26.780365, 103.471483 26.783164, 103.472725 26.785964, 103.473968 26.788763, 103.475211 26.791562, 103.476454 26.794361, 103.477697 26.797161, 103.478940 26.799960, 103.480183 26.802759, 103.481426 26.805558, 103.482669 26.808357, 103.483912 26.811156, 103.485156 26.813956, 103.486399 26.816755, 103.487642 26.819554, 103.488886 26.822353, 103.490129 26.825152, 103.491373 26.827951, 103.492617 26.830750, 103.493861 26.833549, 103.495104 26.836348, 103.496348 26.839147, 103.497592 26.841946, 103.498836 26.844745, 103.500080 26.847545, 103.501324 26.850344, 103.502568 26.853143, 103.503813 26.855941, 103.505057 26.858740, 103.506301 26.861539, 103.507546 26.864338, 103.508790 26.867137, 103.510035 26.869936, 103.511279 26.872735, 103.512524 26.875534, 103.513769 26.878333, 103.515013 26.881132, 103.516258 26.883931, 103.517503 26.886730, 103.518748 26.889528, 103.519993 26.892327, 103.521238 26.895126, 103.522483 26.897925, 103.523729 26.900724, 103.524974 26.903523, 103.526219 26.906321, 103.527465 26.909120, 103.528710 26.911919, 103.529956 26.914718, 103.531201 26.917516, 103.532447 26.920315, 103.533693 26.923114, 103.534938 26.925913, 103.536184 26.928711, 103.537430 26.931510, 103.538676 26.934309, 103.539922 26.937107, 103.541168 26.939906, 103.542414 26.942705, 103.543661 26.945503, 103.544907 26.948302, 103.546153 26.951100, 103.547400 26.953899, 103.548646 26.956698, 103.549893 26.959496, 103.551139 26.962295, 103.552386 26.965093, 103.553632 26.967892, 103.554879 26.970690, 103.556126 26.973489, 103.557373 26.976287, 103.558620 26.979086, 103.559867 26.981884, 103.561114 26.984683, 103.562361 26.987481, 103.563608 26.990280, 103.564856 26.993078, 103.566103 26.995877, 103.567350 26.998675, 103.568598 27.001474, 103.569845 27.004272, 103.571093 27.007070, 103.572340 27.009869, 103.573588 27.012667, 103.574836 27.015465, 103.576084 27.018264, 103.577332 27.021062, 103.578580 27.023860, 103.579828 27.026659, 103.581076 27.029457, 103.582324 27.032255, 103.583572 27.035054, 103.584820 27.037852, 103.586068 27.040650, 103.587317 27.043448, 103.588565 27.046247, 103.589814 27.049045, 103.591062 27.051843, 103.592311 27.054641, 103.593560 27.057440, 103.594808 27.060238, 103.596057 27.063036, 103.597306 27.065834, 103.598555 27.068632, 103.599804 27.071430, 103.601053 27.074228, 103.602302 27.077027, 103.603551 27.079825, 103.604801 27.082623, 103.606050 27.085421, 103.607299 27.088219, 103.608549 27.091017, 103.609798 27.093815, 103.611048 27.096613, 103.612297 27.099411, 103.613547 27.102209, 103.614797 27.105007, 103.616047 27.107805, 103.617297 27.110603, 103.618547 27.113401, 103.619797 27.116199, 103.621047 27.118997, 103.622297 27.121795, 103.623547 27.124593, 103.624797 27.127391, 103.626047 27.130189, 103.627298 27.132987, 103.628548 27.135784, 103.629799 27.138582, 103.631049 27.141380, 103.632300 27.144178, 103.633551 27.146976, 103.634801 27.149774, 103.636052 27.152572, 103.637303 27.155369, 103.638554 27.158167, 103.639805 27.160965, 103.641056 27.163763, 103.642307 27.166560, 103.643558 27.169358, 103.644810 27.172156, 103.646061 27.174954, 103.647312 27.177751, 103.648564 27.180549, 103.649815 27.183347, 103.651067 27.186144, 103.652319 27.188942, 103.653570 27.191740, 103.654822 27.194537, 103.656074 27.197335, 103.657326 27.200133, 103.658578 27.202930, 103.659830 27.205728, 103.661082 27.208526, 103.662334 27.211323, 103.663586 27.214121, 103.664838 27.216918, 103.666091 27.219716, 103.667343 27.222513, 103.668595 27.225311, 103.669848 27.228108, 103.671101 27.230906, 103.672353 27.233703, 103.673606 27.236501, 103.674859 27.239298, 103.676111 27.242096, 103.677364 27.244893, 103.678617 27.247691, 103.679870 27.250488, 103.681123 27.253286, 103.682376 27.256083, 103.683630 27.258880, 103.684883 27.261678, 103.686136 27.264475, 103.687390 27.267273, 103.688643 27.270070, 103.689897 27.272867, 103.691150 27.275665, 103.692404 27.278462, 103.693658 27.281259, 103.694911 27.284056, 103.696165 27.286854, 103.697419 27.289651, 103.698673 27.292448, 103.699927 27.295246, 103.701181 27.298043, 103.702435 27.300840, 103.703689 27.303637, 103.704944 27.306434, 103.706198 27.309232, 103.707453 27.312029, 103.708707 27.314826, 103.709961 27.317623, 103.711216 27.320420, 103.712471 27.323217, 103.713725 27.326015, 103.714980 27.328812, 103.716235 27.331609, 103.717490 27.334406, 103.718745 27.337203, 103.720000 27.340000, 103.722502 27.342029, 103.725003 27.344059, 103.727505 27.346088, 103.730007 27.348117, 103.732509 27.350147, 103.735011 27.352176, 103.737513 27.354205, 103.740015 27.356234, 103.742517 27.358263, 103.745019 27.360292, 103.747522 27.362321, 103.750024 27.364350, 103.752527 27.366379, 103.755030 27.368408, 103.757532 27.370437, 103.760035 27.372465, 103.762538 27.374494, 103.765041 27.376523, 103.767545 27.378551, 103.770048 27.380580, 103.772551 27.382609, 103.775055 27.384637, 103.777558 27.386666, 103.780062 27.388694, 103.782566 27.390722, 103.785069 27.392751, 103.787573 27.394779, 103.790077 27.396807, 103.792581 27.398835, 103.795086 27.400863, 103.797590 27.402891, 103.800094 27.404920, 103.802599 27.406947, 103.805103 27.408975, 103.807608 27.411003, 103.810113 27.413031, 103.812617 27.415059, 103.815122 27.417087, 103.817627 27.419115, 103.820132 27.421142, 103.822638 27.423170, 103.825143 27.425197, 103.827648 27.427225, 103.830154 27.429253, 103.832659 27.431280, 103.835165 27.433307, 103.837671 27.435335, 103.840177 27.437362, 103.842682 27.439389, 103.845189 27.441417, 103.847695 27.443444, 103.850201 27.445471, 103.852707 27.447498, 103.855214 27.449525, 103.857720 27.451552, 103.860227 27.453579, 103.862733 27.455606, 103.865240 27.457633, 103.867747 27.459660, 103.870254 27.461686, 103.872761 27.463713, 103.875268 27.465740, 103.877775 27.467767, 103.880282 27.469793, 103.882790 27.471820, 103.885297 27.473846, 103.887805 27.475873, 103.890313 27.477899, 103.892820 27.479926, 103.895328 27.481952, 103.897836 27.483978, 103.900344 27.486004, 103.902852 27.488031, 103.905361 27.490057, 103.907869 27.492083, 103.910377 27.494109, 103.912886 27.496135, 103.915395 27.498161, 103.917903 27.500187, 103.920412 27.502213, 103.922921 27.504239, 103.925430 27.506264, 103.927939 27.508290, 103.930448 27.510316, 103.932957 27.512342, 103.935467 27.514367, 103.937976 27.516393, 103.940486 27.518418, 103.942995 27.520444, 103.945505 27.522469, 103.948015 27.524495, 103.950525 27.526520, 103.953035 27.528545, 103.955545 27.530571, 103.958055 27.532596, 103.960565 27.534621, 103.963076 27.536646, 103.965586 27.538671, 103.968097 27.540696, 103.970607 27.542721, 103.973118 27.544746, 103.975629 27.546771, 103.978140 27.548796, 103.980651 27.550821, 103.983162 27.552845, 103.985673 27.554870, 103.988184 27.556895, 103.990696 27.558919, 103.993207 27.560944, 103.995719 27.562969, 103.998230 27.564993, 104.000742 27.567017, 104.003254 27.569042, 104.005766 27.571066, 104.008278 27.573091, 104.010790 27.575115, 104.013302 27.577139, 104.015815 27.579163, 104.018327 27.581187, 104.020839 27.583211, 104.023352 27.585235, 104.025865 27.587259, 104.028377 27.589283, 104.030890 27.591307, 104.033403 27.593331, 104.035916 27.595355, 104.038429 27.597379, 104.040943 27.599402, 104.043456 27.601426, 104.045969 27.603450, 104.048483 27.605473, 104.050997 27.607497, 104.053510 27.609520, 104.056024 27.611544, 104.058538 27.613567, 104.061052 27.615591, 104.063566 27.617614, 104.066080 27.619637, 104.068594 27.621660, 104.071109 27.623684, 104.073623 27.625707, 104.076138 27.627730, 104.078652 27.629753, 104.081167 27.631776, 104.083682 27.633799, 104.086197 27.635822, 104.088712 27.637845, 104.091227 27.639867, 104.093742 27.641890, 104.096257 27.643913, 104.098773 27.645936, 104.101288 27.647958, 104.103804 27.649981, 104.106319 27.652003, 104.108835 27.654026, 104.111351 27.656048, 104.113867 27.658071, 104.116383 27.660093, 104.118899 27.662115, 104.121415 27.664138, 104.123932 27.666160, 104.126448 27.668182, 104.128964 27.670204, 104.131481 27.672226, 104.133998 27.674248, 104.136514 27.676270, 104.139031 27.678292, 104.141548 27.680314, 104.144065 27.682336, 104.146582 27.684358, 104.149100 27.686380, 104.151617 27.688401, 104.154134 27.690423, 104.156652 27.692445, 104.159169 27.694466, 104.161687 27.696488, 104.164205 27.698509, 104.166723 27.700531, 104.169241 27.702552, 104.171759 27.704574, 104.174277 27.706595, 104.176795 27.708616, 104.179314 27.710637, 104.181832 27.712659, 104.184351 27.714680, 104.186869 27.716701, 104.189388 27.718722, 104.191907 27.720743, 104.194426 27.722764, 104.196945 27.724785, 104.199464 27.726806, 104.201983 27.728826, 104.204502 27.730847, 104.207022 27.732868, 104.209541 27.734888, 104.212061 27.736909, 104.214580 27.738930, 104.217100 27.740950, 104.219620 27.742971, 104.222140 27.744991, 104.224660 27.747012, 104.227180 27.749032, 104.229700 27.751052, 104.232221 27.753073, 104.234741 27.755093, 104.237262 27.757113, 104.239782 27.759133, 104.242303 27.761153, 104.244824 27.763173, 104.247344 27.765193, 104.249865 27.767213, 104.252387 27.769233, 104.254908 27.771253, 104.257429 27.773273, 104.259950 27.775292, 104.262472 27.777312, 104.264993 27.779332, 104.267515 27.781351, 104.270037 27.783371, 104.272558 27.785391, 104.275080 27.787410, 104.277602 27.789430, 104.280124 27.791449, 104.282647 27.793468, 104.285169 27.795488, 104.287691 27.797507, 104.290214 27.799526, 104.292736 27.801545, 104.295259 27.803564, 104.297782 27.805583, 104.300304 27.807602, 104.302827 27.809621, 104.305350 27.811640, 104.307874 27.813659, 104.310397 27.815678, 104.312920 27.817697, 104.315444 27.819716, 104.317967 27.821734, 104.320491 27.823753, 104.323014 27.825772, 104.325538 27.827790, 104.328062 27.829809, 104.330586 27.831827, 104.333110 27.833846, 104.335634 27.835864, 104.338158 27.837882, 104.340683 27.839901, 104.343207 27.841919, 104.345732 27.843937, 104.348256 27.845955, 104.350781 27.847973, 104.353306 27.849992, 104.355831 27.852010, 104.358356 27.854027, 104.360881 27.856045, 104.363406 27.858063, 104.365931 27.860081, 104.368457 27.862099, 104.370982 27.864117, 104.373508 27.866134, 104.376033 27.868152, 104.378559 27.870170, 104.381085 27.872187, 104.383611 27.874205, 104.386137 27.876222, 104.388663 27.878240, 104.391189 27.880257, 104.393716 27.882274, 104.396242 27.884292, 104.398769 27.886309, 104.401295 27.888326, 104.403822 27.890343, 104.406349 27.892360, 104.408876 27.894377, 104.411403 27.896394, 104.413930 27.898411, 104.416457 27.900428, 104.418984 27.902445, 104.421511 27.904462, 104.424039 27.906479, 104.426566 27.908495, 104.429094 27.910512, 104.431622 27.912529, 104.434150 27.914545, 104.436677 27.916562, 104.439205 27.918578, 104.441734 27.920595, 104.444262 27.922611, 104.446790 27.924628, 104.449318 27.926644, 104.451847 27.928660, 104.454376 27.930676, 104.456904 27.932693, 104.459433 27.934709, 104.461962 27.936725, 104.464491 27.938741, 104.467020 27.940757, 104.469549 27.942773, 104.472078 27.944789, 104.474608 27.946805, 104.477137 27.948820, 104.479667 27.950836, 104.482196 27.952852, 104.484726 27.954868, 104.487256 27.956883, 104.489786 27.958899, 104.492316 27.960914, 104.494846 27.962930, 104.497376 27.964945, 104.499906 27.966961, 104.502436 27.968976, 104.504967 27.970991, 104.507498 27.973006, 104.510028 27.975022, 104.512559 27.977037, 104.515090 27.979052, 104.517621 27.981067, 104.520152 27.983082, 104.522683 27.985097, 104.525214 27.987112, 104.527745 27.989127, 104.530277 27.991142, 104.532808 27.993156, 104.535340 27.995171, 104.537872 27.997186, 104.540403 27.999201, 104.542935 28.001215, 104.545467 28.003230, 104.547999 28.005244, 104.550532 28.007259, 104.553064 28.009273, 104.555596 28.011288, 104.558129 28.013302, 104.560661 28.015316, 104.563194 28.017330, 104.565727 28.019345, 104.568259 28.021359, 104.570792 28.023373, 104.573325 28.025387, 104.575858 28.027401, 104.578392 28.029415, 104.580925 28.031429, 104.583458 28.033443, 104.585992 28.035456, 104.588525 28.037470, 104.591059 28.039484, 104.593593 28.041498, 104.596127 28.043511, 104.598661 28.045525, 104.601195 28.047538, 104.603729 28.049552, 104.606263 28.051565, 104.608798 28.053579, 104.611332 28.055592, 104.613867 28.057605, 104.616401 28.059619, 104.618936 28.061632, 104.621471 28.063645, 104.624006 28.065658, 104.626541 28.067671, 104.629076 28.069684, 104.631611 28.071697, 104.634146 28.073710, 104.636682 28.075723, 104.639217 28.077736, 104.641753 28.079749, 104.644289 28.081761, 104.646824 28.083774, 104.649360 28.085787, 104.651896 28.087799, 104.654432 28.089812, 104.656968 28.091824, 104.659505 28.093837, 104.662041 28.095849, 104.664577 28.097862, 104.667114 28.099874, 104.669651 28.101886, 104.672187 28.103898, 104.674724 28.105911, 104.677261 28.107923, 104.679798 28.109935, 104.682335 28.111947, 104.684872 28.113959, 104.687410 28.115971, 104.689947 28.117983, 104.692485 28.119995, 104.695022 28.122006, 104.697560 28.124018, 104.700098 28.126030, 104.702635 28.128042, 104.705173 28.130053, 104.707711 28.132065, 104.710250 28.134076, 104.712788 28.136088, 104.715326 28.138099, 104.717865 28.140111, 104.720403 28.142122, 104.722942 28.144133, 104.725481 28.146144, 104.728019 28.148156, 104.730558 28.150167, 104.733097 28.152178, 104.735636 28.154189, 104.738176 28.156200, 104.740715 28.158211, 104.743254 28.160222, 104.745794 28.162233, 104.748333 28.164244, 104.750873 28.166254, 104.753413 28.168265, 104.755953 28.170276, 104.758493 28.172286, 104.761033 28.174297, 104.763573 28.176308, 104.766113 28.178318, 104.768654 28.180329, 104.771194 28.182339, 104.773735 28.184349, 104.776275 28.186360, 104.778816 28.188370, 104.781357 28.190380, 104.783898 28.192390, 104.786439 28.194400, 104.788980 28.196411, 104.791521 28.198421, 104.794062 28.200431, 104.796604 28.202441, 104.799145 28.204450, 104.801687 28.206460, 104.804228 28.208470, 104.806770 28.210480, 104.809312 28.212489, 104.811854 28.214499, 104.814396 28.216509, 104.816938 28.218518, 104.819481 28.220528, 104.822023 28.222537, 104.824565 28.224547, 104.827108 28.226556, 104.829651 28.228565, 104.832193 28.230575, 104.834736 28.232584, 104.837279 28.234593, 104.839822 28.236602, 104.842365 28.238611, 104.844908 28.240620, 104.847452 28.242629, 104.849995 28.244638, 104.852539 28.246647, 104.855082 28.248656, 104.857626 28.250665, 104.860170 28.252674, 104.862714 28.254682, 104.865258 28.256691, 104.867802 28.258700, 104.870346 28.260708, 104.872890 28.262717, 104.875435 28.264725, 104.877979 28.266734, 104.880524 28.268742, 104.883068 28.270750, 104.885613 28.272759, 104.888158 28.274767, 104.890703 28.276775, 104.893248 28.278783, 104.895793 28.280791, 104.898338 28.282799, 104.900884 28.284808, 104.903429 28.286815, 104.905975 28.288823, 104.908520 28.290831, 104.911066 28.292839, 104.913612 28.294847, 104.916158 28.296855, 104.918704 28.298862, 104.921250 28.300870, 104.923796 28.302877, 104.926342 28.304885, 104.928889 28.306892, 104.931435 28.308900, 104.933982 28.310907, 104.936528 28.312915, 104.939075 28.314922, 104.941622 28.316929, 104.944169 28.318936, 104.946716 28.320944, 104.949263 28.322951, 104.951810 28.324958, 104.954358 28.326965, 104.956905 28.328972, 104.959453 28.330979, 104.962000 28.332986, 104.964548 28.334992, 104.967096 28.336999, 104.969644 28.339006, 104.972192 28.341013, 104.974740 28.343019, 104.977288 28.345026, 104.979836 28.347032, 104.982385 28.349039, 104.984933 28.351045, 104.987482 28.353052, 104.990031 28.355058, 104.992579 28.357064, 104.995128 28.359071, 104.997677 28.361077, 105.000226 28.363083, 105.002776 28.365089, 105.005325 28.367095, 105.007874 28.369101, 105.010424 28.371107, 105.012973 28.373113, 105.015523 28.375119, 105.018073 28.377125, 105.020622 28.379131, 105.023172 28.381136, 105.025722 28.383142, 105.028273 28.385148, 105.030823 28.387153, 105.033373 28.389159, 105.035924 28.391164, 105.038474 28.393170, 105.041025 28.395175, 105.043576 28.397181, 105.046126 28.399186, 105.048677 28.401191, 105.051228 28.403196, 105.053779 28.405201, 105.056331 28.407207, 105.058882 28.409212, 105.061433 28.411217, 105.063985 28.413222, 105.066536 28.415227, 105.069088 28.417232, 105.071640 28.419236, 105.074192 28.421241, 105.076744 28.423246, 105.079296 28.425251, 105.081848 28.427255, 105.084400 28.429260, 105.086953 28.431264, 105.089505 28.433269, 105.092058 28.435273, 105.094610 28.437278, 105.097163 28.439282, 105.099716 28.441286, 105.102269 28.443291, 105.104822 28.445295, 105.107375 28.447299, 105.109928 28.449303, 105.112481 28.451307, 105.115035 28.453311, 105.117588 28.455315, 105.120142 28.457319, 105.122696 28.459323, 105.125250 28.461327, 105.127803 28.463331, 105.130357 28.465334, 105.132912 28.467338, 105.135466 28.469342, 105.138020 28.471345, 105.140574 28.473349, 105.143129 28.475352, 105.145684 28.477356, 105.148238 28.479359, 105.150793 28.481363, 105.153348 28.483366, 105.155903 28.485369, 105.158458 28.487372, 105.161013 28.489376, 105.163568 28.491379, 105.166124 28.493382, 105.168679 28.495385, 105.171235 28.497388, 105.173790 28.499391, 105.176346 28.501394, 105.178902 28.503396, 105.181458 28.505399, 105.184014 28.507402, 105.186570 28.509405, 105.189126 28.511407, 105.191683 28.513410, 105.194239 28.515412, 105.196796 28.517415, 105.199352 28.519417, 105.201909 28.521420, 105.204466 28.523422, 105.207023 28.525424, 105.209580 28.527427, 105.212137 28.529429, 105.214694 28.531431, 105.217251 28.533433, 105.219809 28.535435, 105.222366 28.537437, 105.224924 28.539439, 105.227482 28.541441, 105.230039 28.543443, 105.232597 28.545445, 105.235155 28.547447, 105.237713 28.549448, 105.240272 28.551450, 105.242830 28.553452, 105.245388 28.555453, 105.247947 28.557455, 105.250505 28.559456, 105.253064 28.561458, 105.255623 28.563459, 105.258182 28.565460, 105.260740 28.567462, 105.263300 28.569463, 105.265859 28.571464, 105.268418 28.573465, 105.270977 28.575466, 105.273537 28.577467, 105.276096 28.579469, 105.278656 28.581469, 105.281216 28.583470, 105.283775 28.585471, 105.286335 28.587472, 105.288895 28.589473, 105.291456 28.591474, 105.294016 28.593474, 105.296576 28.595475, 105.299137 28.597475, 105.301697 28.599476, 105.304258 28.601476, 105.306818 28.603477, 105.309379 28.605477, 105.311940 28.607478, 105.314501 28.609478, 105.317062 28.611478, 105.319623 28.613478, 105.322185 28.615478, 105.324746 28.617479, 105.327308 28.619479, 105.329869 28.621479, 105.332431 28.623479, 105.334993 28.625478, 105.337555 28.627478, 105.340117 28.629478, 105.342679 28.631478, 105.345241 28.633478, 105.347803 28.635477, 105.350365 28.637477, 105.352928 28.639476, 105.355490 28.641476, 105.358053 28.643475, 105.360616 28.645475, 105.363179 28.647474, 105.365742 28.649474, 105.368305 28.651473, 105.370868 28.653472, 105.373431 28.655471, 105.375995 28.657470, 105.378558 28.659469, 105.381122 28.661469, 105.383685 28.663468, 105.386249 28.665466, 105.388813 28.667465, 105.391377 28.669464, 105.393941 28.671463, 105.396505 28.673462, 105.399069 28.675460, 105.401633 28.677459, 105.404198 28.679458, 105.406762 28.681456, 105.409327 28.683455, 105.411892 28.685453, 105.414456 28.687452, 105.417021 28.689450, 105.419586 28.691448, 105.422152 28.693447, 105.424717 28.695445, 105.427282 28.697443, 105.429847 28.699441, 105.432413 28.701439, 105.434979 28.703437, 105.437544 28.705435, 105.440110 28.707433, 105.442676 28.709431, 105.445242 28.711429, 105.447808 28.713427, 105.450374 28.715424, 105.452940 28.717422, 105.455507 28.719420, 105.458073 28.721417, 105.460640 28.723415, 105.463207 28.725412, 105.465773 28.727410, 105.468340 28.729407, 105.470907 28.731404, 105.473474 28.733402, 105.476041 28.735399, 105.478609 28.737396, 105.481176 28.739393, 105.483744 28.741390, 105.486311 28.743387, 105.488879 28.745384, 105.491447 28.747381, 105.494014 28.749378, 105.496582 28.751375, 105.499150 28.753372, 105.501719 28.755369, 105.504287 28.757365, 105.506855 28.759362, 105.509424 28.761359, 105.511992 28.763355, 105.514561 28.765352, 105.517129 28.767348, 105.519698 28.769345, 105.522267 28.771341, 105.524836 28.773337, 105.527405 28.775334, 105.529975 28.777330, 105.532544 28.779326, 105.535113 28.781322, 105.537683 28.783318, 105.540253 28.785314, 105.542822 28.787310, 105.545392 28.789306, 105.547962 28.791302, 105.550532 28.793298, 105.553102 28.795294, 105.555672 28.797289, 105.558243 28.799285, 105.560813 28.801281, 105.563384 28.803276, 105.565954 28.805272, 105.568525 28.807267, 105.571096 28.809263, 105.573667 28.811258, 105.576238 28.813254, 105.578809 28.815249, 105.581380 28.817244, 105.583951 28.819239, 105.586523 28.821235, 105.589094 28.823230, 105.591666 28.825225, 105.594237 28.827220, 105.596809 28.829215, 105.599381 28.831210, 105.601953 28.833204, 105.604525 28.835199, 105.607097 28.837194, 105.609670 28.839189, 105.612242 28.841183, 105.614814 28.843178, 105.617387 28.845173, 105.619960 28.847167, 105.622533 28.849162, 105.625105 28.851156, 105.627678 28.853150, 105.630251 28.855145, 105.632825 28.857139, 105.635398 28.859133, 105.637971 28.861127, 105.640545 28.863122, 105.643118 28.865116, 105.645692 28.867110, 105.648266 28.869104, 105.650840 28.871098, 105.653414 28.873091, 105.655988 28.875085, 105.658562 28.877079, 105.661136 28.879073, 105.663710 28.881067, 105.666285 28.883060, 105.668859 28.885054, 105.671434 28.887047, 105.674009 28.889041, 105.676584 28.891034, 105.679159 28.893028, 105.681734 28.895021, 105.684309 28.897014, 105.686884 28.899008, 105.689459 28.901001, 105.692035 28.902994, 105.694610 28.904987, 105.697186 28.906980, 105.699762 28.908973, 105.702338 28.910966, 105.704914 28.912959, 105.707490 28.914952, 105.710066 28.916945, 105.712642 28.918937, 105.715218 28.920930, 105.717795 28.922923, 105.720371 28.924915, 105.722948 28.926908, 105.725525 28.928900, 105.728101 28.930893, 105.730678 28.932885, 105.733255 28.934878, 105.735833 28.936870, 105.738410 28.938862, 105.740987 28.940855, 105.743564 28.942847, 105.746142 28.944839, 105.748720 28.946831, 105.751297 28.948823, 105.753875 28.950815, 105.756453 28.952807, 105.759031 28.954799, 105.761609 28.956791, 105.764187 28.958782, 105.766766 28.960774, 105.769344 28.962766, 105.771923 28.964757, 105.774501 28.966749, 105.777080 28.968740, 105.779659 28.970732, 105.782238 28.972723, 105.784817 28.974715, 105.787396 28.976706, 105.789975 28.978697, 105.792554 28.980689, 105.795134 28.982680, 105.797713 28.984671, 105.800293 28.986662, 105.802873 28.988653, 105.805452 28.990644, 105.808032 28.992635, 105.810612 28.994626, 105.813192 28.996617, 105.815773 28.998608, 105.818353 29.000598, 105.820933 29.002589, 105.823514 29.004580, 105.826094 29.006570, 105.828675 29.008561, 105.831256 29.010551, 105.833837 29.012542, 105.836418 29.014532, 105.838999 29.016522, 105.841580 29.018513, 105.844161 29.020503, 105.846743 29.022493, 105.849324 29.024483, 105.851906 29.026474, 105.854488 29.028464, 105.857069 29.030454, 105.859651 29.032444, 105.862233 29.034433, 105.864815 29.036423, 105.867398 29.038413, 105.869980 29.040403, 105.872562 29.042393, 105.875145 29.044382, 105.877727 29.046372, 105.880310 29.048361, 105.882893 29.050351, 105.885476 29.052340, 105.888059 29.054330, 105.890642 29.056319, 105.893225 29.058308, 105.895808 29.060298, 105.898392 29.062287, 105.900975 29.064276, 105.903559 29.066265, 105.906142 29.068254, 105.908726 29.070243, 105.911310 29.072232, 105.913894 29.074221, 105.916478 29.076210, 105.919062 29.078199, 105.921647 29.080188, 105.924231 29.082176, 105.926816 29.084165, 105.929400 29.086154, 105.931985 29.088142, 105.934570 29.090131, 105.937154 29.092119, 105.939739 29.094108, 105.942325 29.096096, 105.944910 29.098084, 105.947495 29.100073, 105.950080 29.102061, 105.952666 29.104049, 105.955251 29.106037, 105.957837 29.108025, 105.960423 29.110013, 105.963009 29.112001, 105.965595 29.113989, 105.968181 29.115977, 105.970767 29.117965, 105.973353 29.119953, 105.975940 29.121940, 105.978526 29.123928, 105.981113 29.125916, 105.983699 29.127903, 105.986286 29.129891, 105.988873 29.131878, 105.991460 29.133866, 105.994047 29.135853, 105.996634 29.137840, 105.999222 29.139828, 106.001809 29.141815, 106.004397 29.143802, 106.006984 29.145789, 106.009572 29.147776, 106.012160 29.149763, 106.014747 29.151750, 106.017335 29.153737, 106.019924 29.155724, 106.022512 29.157711, 106.025100 29.159698, 106.027688 29.161685, 106.030277 29.163671, 106.032865 29.165658, 106.035454 29.167644, 106.038043 29.169631, 106.040632 29.171617, 106.043221 29.173604, 106.045810 29.175590, 106.048399 29.177577, 106.050988 29.179563, 106.053578 29.181549, 106.056167 29.183535, 106.058757 29.185521, 106.061346 29.187508, 106.063936 29.189494, 106.066526 29.191480, 106.069116 29.193466, 106.071706 29.195451, 106.074296 29.197437, 106.076887 29.199423, 106.079477 29.201409, 106.082068 29.203394, 106.084658 29.205380, 106.087249 29.207366, 106.089840 29.209351, 106.092431 29.211337, 106.095022 29.213322, 106.097613 29.215308, 106.100204 29.217293, 106.102795 29.219278, 106.105387 29.221263, 106.107978 29.223249, 106.110570 29.225234, 106.113161 29.227219, 106.115753 29.229204, 106.118345 29.231189, 106.120937 29.233174, 106.123529 29.235159, 106.126121 29.237144, 106.128714 29.239128, 106.131306 29.241113, 106.133898 29.243098, 106.136491 29.245082, 106.139084 29.247067, 106.141677 29.249052, 106.144269 29.251036, 106.146862 29.253020, 106.149456 29.255005, 106.152049 29.256989, 106.154642 29.258973, 106.157236 29.260958, 106.159829 29.262942, 106.162423 29.264926, 106.165016 29.266910, 106.167610 29.268894, 106.170204 29.270878, 106.172798 29.272862, 106.175392 29.274846, 106.177986 29.276830, 106.180581 29.278814, 106.183175 29.280797, 106.185770 29.282781, 106.188364 29.284765, 106.190959 29.286748, 106.193554 29.288732, 106.196149 29.290715, 106.198744 29.292699, 106.201339 29.294682, 106.203934 29.296665, 106.206529 29.298649, 106.209125 29.300632, 106.211720 29.302615, 106.214316 29.304598, 106.216912 29.306581, 106.219507 29.308564, 106.222103 29.310547, 106.224699 29.312530, 106.227295 29.314513, 106.229892 29.316496, 106.232488 29.318479, 106.235084 29.320462, 106.237681 29.322444, 106.240278 29.324427, 106.242874 29.326410, 106.245471 29.328392, 106.248068 29.330375, 106.250665 29.332357, 106.253262 29.334339, 106.255860 29.336322, 106.258457 29.338304, 106.261054 29.340286, 106.263652 29.342268, 106.266249 29.344251, 106.268847 29.346233, 106.271445 29.348215, 106.274043 29.350197, 106.276641 29.352179, 106.279239 29.354160, 106.281837 29.356142, 106.284436 29.358124, 106.287034 29.360106, 106.289633 29.362087, 106.292231 29.364069, 106.294830 29.366051, 106.297429 29.368032, 106.300028 29.370014, 106.302627 29.371995, 106.305226 29.373976, 106.307825 29.375958, 106.310425 29.377939, 106.313024 29.379920, 106.315624 29.381901, 106.318224 29.383883, 106.320823 29.385864, 106.323423 29.387845, 106.326023 29.389826, 106.328623 29.391807, 106.331223 29.393787, 106.333824 29.395768, 106.336424 29.397749, 106.339024 29.399730, 106.341625 29.401710, 106.344226 29.403691, 106.346826 29.405672, 106.349427 29.407652, 106.352028 29.409633, 106.354629 29.411613, 106.357231 29.413593, 106.359832 29.415574, 106.362433 29.417554, 106.365035 29.419534, 106.367636 29.421514, 106.370238 29.423494, 106.372840 29.425475, 106.375442 29.427455, 106.378044 29.429435, 106.380646 29.431414, 106.383248 29.433394, 106.385850 29.435374, 106.388453 29.437354, 106.391055 29.439334, 106.393658 29.441313, 106.396260 29.443293, 106.398863 29.445272, 106.401466 29.447252, 106.404069 29.449231, 106.406672 29.451211, 106.409276 29.453190, 106.411879 29.455169, 106.414482 29.457149, 106.417086 29.459128, 106.419689 29.461107, 106.422293 29.463086, 106.424897 29.465065, 106.427501 29.467044, 106.430105 29.469023, 106.432709 29.471002, 106.435313 29.472981, 106.437918 29.474960, 106.440522 29.476938, 106.443127 29.478917, 106.445731 29.480896, 106.448336 29.482874, 106.450941 29.484853, 106.453546 29.486831, 106.456151 29.488810, 106.458756 29.490788, 106.461361 29.492767, 106.463966 29.494745, 106.466572 29.496723, 106.469177 29.498701, 106.471783 29.500679, 106.474389 29.502658, 106.476995 29.504636, 106.479601 29.506614, 106.482207 29.508592, 106.484813 29.510569, 106.487419 29.512547, 106.490025 29.514525, 106.492632 29.516503, 106.495239 29.518480, 106.497845 29.520458, 106.500452 29.522436, 106.503059 29.524413, 106.505666 29.526391, 106.508273 29.528368, 106.510880 29.530345, 106.513487 29.532323, 106.516095 29.534300, 106.518702 29.536277, 106.521310 29.538254, 106.523917 29.540232, 106.526525 29.542209, 106.529133 29.544186, 106.531741 29.546163, 106.534349 29.548140, 106.536957 29.550116, 106.539566 29.552093, 106.542174 29.554070, 106.544783 29.556047, 106.547391 29.558023, 106.550000 29.560000), (106.550000 29.560000, 106.554209 29.561091, 106.558419 29.562182, 106.562628 29.563272, 106.566838 29.564363, 106.571048 29.565453, 106.575258 29.566543, 106.579468 29.567633, 106.583678 29.568723, 106.587888 29.569813, 106.592098 29.570902, 106.596308 29.571992, 106.600519 29.573081, 106.604729 29.574170, 106.608940 29.575260, 106.613151 29.576349, 106.617361 29.577437, 106.621572 29.578526, 106.625783 29.579615, 106.629994 29.580703, 106.634205 29.581791, 106.638417 29.582880, 106.642628 29.583968, 106.646839 29.585056, 106.651051 29.586143, 106.655262 29.587231, 106.659474 29.588319, 106.663686 29.589406, 106.667898 29.590493, 106.672110 29.591580, 106.676322 29.592667, 106.680534 29.593754, 106.684746 29.594841, 106.688958 29.595927, 106.693171 29.597014, 106.697383 29.598100, 106.701596 29.599186, 106.705809 29.600272, 106.710021 29.601358, 106.714234 29.602444, 106.718447 29.603530, 106.722660 29.604615, 106.726873 29.605701, 106.731086 29.606786, 106.735300 29.607871, 106.739513 29.608956, 106.743727 29.610041, 106.747940 29.611126, 106.752154 29.612210, 106.756368 29.613295, 106.760582 29.614379, 106.764795 29.615463, 106.769010 29.616547, 106.773224 29.617631, 106.777438 29.618715, 106.781652 29.619799, 106.785867 29.620882, 106.790081 29.621966, 106.794296 29.623049, 106.798510 29.624132, 106.802725 29.625215, 106.806940 29.626298, 106.811155 29.627380, 106.815370 29.628463, 106.819585 29.629545, 106.823800 29.630628, 106.828016 29.631710, 106.832231 29.632792, 106.836446 29.633874, 106.840662 29.634956, 106.844878 29.636037, 106.849093 29.637119, 106.853309 29.638200, 106.857525 29.639282, 106.861741 29.640363, 106.865957 29.641444, 106.870174 29.642525, 106.874390 29.643605, 106.878606 29.644686, 106.882823 29.645766, 106.887039 29.646847, 106.891256 29.647927, 106.895473 29.649007, 106.899690 29.650087, 106.903907 29.651167, 106.908124 29.652246, 106.912341 29.653326, 106.916558 29.654405, 106.920775 29.655484, 106.924993 29.656564, 106.929210 29.657643, 106.933428 29.658721, 106.937645 29.659800, 106.941863 29.660879, 106.946081 29.661957, 106.950299 29.663036, 106.954517 29.664114, 106.958735 29.665192, 106.962953 29.666270, 106.967171 29.667347, 106.971390 29.668425, 106.975608 29.669503, 106.979827 29.670580, 106.984045 29.671657, 106.988264 29.672734, 106.992483 29.673811, 106.996702 29.674888, 107.000921 29.675965, 107.005140 29.677042, 107.009359 29.678118, 107.013579 29.679194, 107.017798 29.680270, 107.022017 29.681347, 107.026237 29.682422, 107.030457 29.683498, 107.034676 29.684574, 107.038896 29.685649, 107.043116 29.686725, 107.047336 29.687800, 107.051556 29.688875, 107.055776 29.689950, 107.059997 29.691025, 107.064217 29.692100, 107.068437 29.693174, 107.072658 29.694249, 107.076879 29.695323, 107.081099 29.696397, 107.085320 29.697471, 107.089541 29.698545, 107.093762 29.699619, 107.097983 29.700693, 107.102204 29.701766, 107.106426 29.702839, 107.110647 29.703913, 107.114868 29.704986, 107.119090 29.706059, 107.123312 29.707132, 107.127533 29.708204, 107.131755 29.709277, 107.135977 29.710349, 107.140199 29.711422, 107.144421 29.712494, 107.148643 29.713566, 107.152866 29.714638, 107.157088 29.715709, 107.161310 29.716781, 107.165533 29.717853, 107.169755 29.718924, 107.173978 29.719995, 107.178201 29.721066, 107.182424 29.722137, 107.186647 29.723208, 107.190870 29.724279, 107.195093 29.725349, 107.199316 29.726420, 107.203540 29.727490, 107.207763 29.728560, 107.211987 29.729630, 107.216210 29.730700, 107.220434 29.731770, 107.224658 29.732840, 107.228882 29.733909, 107.233106 29.734978, 107.237330 29.736048, 107.241554 29.737117, 107.245778 29.738186, 107.250002 29.739254, 107.254227 29.740323, 107.258451 29.741392, 107.262676 29.742460, 107.266901 29.743528, 107.271125 29.744597, 107.275350 29.745665, 107.279575 29.746732, 107.283800 29.747800, 107.288026 29.748868, 107.292251 29.749935, 107.296476 29.751003, 107.300701 29.752070, 107.304927 29.753137, 107.309153 29.754204, 107.313378 29.755271, 107.317604 29.756337, 107.321830 29.757404, 107.326056 29.758470, 107.330282 29.759537, 107.334508 29.760603, 107.338734 29.761669, 107.342961 29.762735, 107.347187 29.763800, 107.351413 29.764866, 107.355640 29.765931, 107.359867 29.766997, 107.364094 29.768062, 107.368320 29.769127, 107.372547 29.770192, 107.376774 29.771257, 107.381001 29.772321, 107.385229 29.773386, 107.389456 29.774450, 107.393683 29.775514, 107.397911 29.776579, 107.402138 29.777643, 107.406366 29.778706, 107.410594 29.779770, 107.414822 29.780834, 107.419050 29.781897, 107.423278 29.782960, 107.427506 29.784024, 107.431734 29.785087, 107.435962 29.786150, 107.440191 29.787212, 107.444419 29.788275, 107.448648 29.789337, 107.452876 29.790400, 107.457105 29.791462, 107.461334 29.792524, 107.465563 29.793586, 107.469792 29.794648, 107.474021 29.795710, 107.478250 29.796771, 107.482479 29.797833, 107.486709 29.798894, 107.490938 29.799955, 107.495168 29.801016, 107.499397 29.802077, 107.503627 29.803138, 107.507857 29.804198, 107.512087 29.805259, 107.516317 29.806319, 107.520547 29.807379, 107.524777 29.808440, 107.529007 29.809499, 107.533238 29.810559, 107.537468 29.811619, 107.541699 29.812679, 107.545929 29.813738, 107.550160 29.814797, 107.554391 29.815856, 107.558622 29.816915, 107.562853 29.817974, 107.567084 29.819033, 107.571315 29.820092, 107.575546 29.821150, 107.579778 29.822208, 107.584009 29.823267, 107.588240 29.824325, 107.592472 29.825383, 107.596704 29.826440, 107.600936 29.827498, 107.605167 29.828555, 107.609399 29.829613, 107.613631 29.830670, 107.617864 29.831727, 107.622096 29.832784, 107.626328 29.833841, 107.630561 29.834898, 107.634793 29.835954, 107.639026 29.837011, 107.643258 29.838067, 107.647491 29.839123, 107.651724 29.840179, 107.655957 29.841235, 107.660190 29.842291, 107.664423 29.843347, 107.668656 29.844402, 107.672890 29.845457, 107.677123 29.846513, 107.681357 29.847568, 107.685590 29.848623, 107.689824 29.849678, 107.694058 29.850732, 107.698291 29.851787, 107.702525 29.852841, 107.706759 29.853895, 107.710994 29.854950, 107.715228 29.856004, 107.719462 29.857057, 107.723696 29.858111, 107.727931 29.859165, 107.732165 29.860218, 107.736400 29.861272, 107.740635 29.862325, 107.744870 29.863378, 107.749105 29.864431, 107.753340 29.865484, 107.757575 29.866536, 107.761810 29.867589, 107.766045 29.868641, 107.770281 29.869693, 107.774516 29.870746, 107.778752 29.871798, 107.782987 29.872849, 107.787223 29.873901, 107.791459 29.874953, 107.795695 29.876004, 107.799931 29.877055, 107.804167 29.878107, 107.808403 29.879158, 107.812639 29.880209, 107.816875 29.881259, 107.821112 29.882310, 107.825348 29.883360, 107.829585 29.884411, 107.833822 29.885461, 107.838059 29.886511, 107.842295 29.887561, 107.846532 29.888611, 107.850769 29.889661, 107.855007 29.890710, 107.859244 29.891760, 107.863481 29.892809, 107.867719 29.893858, 107.871956 29.894907, 107.876194 29.895956, 107.880431 29.897005, 107.884669 29.898053, 107.888907 29.899102, 107.893145 29.900150, 107.897383 29.901198, 107.901621 29.902246, 107.905859 29.903294, 107.910098 29.904342, 107.914336 29.905390, 107.918575 29.906437, 107.922813 29.907484, 107.927052 29.908532, 107.931291 29.909579, 107.935529 29.910626, 107.939768 29.911673, 107.944007 29.912719, 107.948247 29.913766, 107.952486 29.914812, 107.956725 29.915859, 107.960964 29.916905, 107.965204 29.917951, 107.969443 29.918997, 107.973683 29.920042, 107.977923 29.921088, 107.982163 29.922134, 107.986403 29.923179, 107.990643 29.924224, 107.994883 29.925269, 107.999123 29.926314, 108.003363 29.927359, 108.007603 29.928404, 108.011844 29.929448, 108.016084 29.930492, 108.020325 29.931537, 108.024566 29.932581, 108.028807 29.933625, 108.033048 29.934669, 108.037289 29.935712, 108.041530 29.936756, 108.045771 29.937799, 108.050012 29.938843, 108.054253 29.939886, 108.058495 29.940929, 108.062736 29.941972, 108.066978 29.943015, 108.071220 29.944057, 108.075461 29.945100, 108.079703 29.946142, 108.083945 29.947184, 108.088187 29.948226, 108.092429 29.949268, 108.096672 29.950310, 108.100914 29.951352, 108.105156 29.952393, 108.109399 29.953435, 108.113641 29.954476, 108.117884 29.955517, 108.122127 29.956558, 108.126370 29.957599, 108.130613 29.958640, 108.134856 29.959680, 108.139099 29.960721, 108.143342 29.961761, 108.147585 29.962801, 108.151829 29.963841, 108.156072 29.964881, 108.160316 29.965921, 108.164559 29.966961, 108.168803 29.968000, 108.173047 29.969040, 108.177291 29.970079, 108.181535 29.971118, 108.185779 29.972157, 108.190023 29.973196, 108.194267 29.974234, 108.198512 29.975273, 108.202756 29.976311, 108.207001 29.977350, 108.211245 29.978388, 108.215490 29.979426, 108.219735 29.980464, 108.223980 29.981501, 108.228225 29.982539, 108.232470 29.983577, 108.236715 29.984614, 108.240960 29.985651, 108.245206 29.986688, 108.249451 29.987725, 108.253697 29.988762, 108.257942 29.989798, 108.262188 29.990835, 108.266434 29.991871, 108.270679 29.992908, 108.274925 29.993944, 108.279172 29.994980, 108.283418 29.996016, 108.287664 29.997051, 108.291910 29.998087, 108.296157 29.999122, 108.300403 30.000157, 108.304650 30.001193, 108.308896 30.002228, 108.313143 30.003263, 108.317390 30.004297, 108.321637 30.005332, 108.325884 30.006366, 108.330131 30.007401, 108.334378 30.008435, 108.338625 30.009469, 108.342873 30.010503, 108.347120 30.011537, 108.351368 30.012570, 108.355615 30.013604, 108.359863 30.014637, 108.364111 30.015670, 108.368359 30.016703, 108.372607 30.017736, 108.376855 30.018769, 108.381103 30.019802, 108.385351 30.020835, 108.389600 30.021867, 108.393848 30.022899, 108.398097 30.023931, 108.402345 30.024963, 108.406594 30.025995, 108.410843 30.027027, 108.415092 30.028059, 108.419341 30.029090, 108.423590 30.030121, 108.427839 30.031153, 108.432088 30.032184, 108.436337 30.033215, 108.440587 30.034245, 108.444836 30.035276, 108.449086 30.036307, 108.453336 30.037337, 108.457585 30.038367, 108.461835 30.039397, 108.466085 30.040427, 108.470335 30.041457, 108.474585 30.042487, 108.478836 30.043516, 108.483086 30.044546, 108.487336 30.045575, 108.491587 30.046604, 108.495837 30.047633, 108.500088 30.048662, 108.504339 30.049691, 108.508589 30.050719, 108.512840 30.051748, 108.517091 30.052776, 108.521342 30.053804, 108.525594 30.054832, 108.529845 30.055860, 108.534096 30.056888, 108.538348 30.057916, 108.542599 30.058943, 108.546851 30.059971, 108.551103 30.060998, 108.555354 30.062025, 108.559606 30.063052, 108.563858 30.064079, 108.568110 30.065105, 108.572362 30.066132, 108.576615 30.067158, 108.580867 30.068185, 108.585119 30.069211, 108.589372 30.070237, 108.593624 30.071263, 108.597877 30.072288, 108.602130 30.073314, 108.606383 30.074339, 108.610636 30.075365, 108.614889 30.076390, 108.619142 30.077415, 108.623395 30.078440, 108.627648 30.079464, 108.631902 30.080489, 108.636155 30.081514, 108.640409 30.082538, 108.644662 30.083562, 108.648916 30.084586, 108.653170 30.085610, 108.657424 30.086634, 108.661678 30.087658, 108.665932 30.088681, 108.670186 30.089705, 108.674440 30.090728, 108.678695 30.091751, 108.682949 30.092774, 108.687204 30.093797, 108.691458 30.094820, 108.695713 30.095842, 108.699968 30.096865, 108.704223 30.097887, 108.708478 30.098909, 108.712733 30.099931, 108.716988 30.100953, 108.721243 30.101975, 108.725498 30.102996, 108.729754 30.104018, 108.734009 30.105039, 108.738265 30.106060, 108.742520 30.107081, 108.746776 30.108102, 108.751032 30.109123, 108.755288 30.110144, 108.759544 30.111164, 108.763800 30.112185, 108.768056 30.113205, 108.772313 30.114225, 108.776569 30.115245, 108.780825 30.116265, 108.785082 30.117284, 108.789339 30.118304, 108.793595 30.119323, 108.797852 30.120343, 108.802109 30.121362, 108.806366 30.122381, 108.810623 30.123400, 108.814880 30.124418, 108.819138 30.125437, 108.823395 30.126456, 108.827652 30.127474, 108.831910 30.128492, 108.836167 30.129510, 108.840425 30.130528, 108.844683 30.131546, 108.848941 30.132563, 108.853199 30.133581, 108.857457 30.134598, 108.861715 30.135615, 108.865973 30.136633, 108.870231 30.137650, 108.874490 30.138666, 108.878748 30.139683, 108.883007 30.140700, 108.887266 30.141716, 108.891524 30.142732, 108.895783 30.143748, 108.900042 30.144764, 108.904301 30.145780, 108.908560 30.146796, 108.912819 30.147811, 108.917079 30.148827, 108.921338 30.149842, 108.925597 30.150857, 108.929857 30.151872, 108.934117 30.152887, 108.938376 30.153902, 108.942636 30.154917, 108.946896 30.155931, 108.951156 30.156945, 108.955416 30.157960, 108.959676 30.158974, 108.963936 30.159988, 108.968197 30.161001, 108.972457 30.162015, 108.976718 30.163028, 108.980978 30.164042, 108.985239 30.165055, 108.989500 30.166068, 108.993760 30.167081, 108.998021 30.168094, 109.002282 30.169107, 109.006544 30.170119, 109.010805 30.171132, 109.015066 30.172144, 109.019327 30.173156, 109.023589 30.174168, 109.027850 30.175180, 109.032112 30.176192, 109.036374 30.177203, 109.040636 30.178215, 109.044897 30.179226, 109.049159 30.180237, 109.053422 30.181248, 109.057684 30.182259, 109.061946 30.183270, 109.066208 30.184280, 109.070471 30.185291, 109.074733 30.186301, 109.078996 30.187311, 109.083258 30.188321, 109.087521 30.189331, 109.091784 30.190341, 109.096047 30.191351, 109.100310 30.192360, 109.104573 30.193370, 109.108836 30.194379, 109.113100 30.195388, 109.117363 30.196397, 109.121627 30.197406, 109.125890 30.198415, 109.130154 30.199423, 109.134418 30.200431, 109.138681 30.201440, 109.142945 30.202448, 109.147209 30.203456, 109.151473 30.204464, 109.155737 30.205471, 109.160002 30.206479, 109.164266 30.207487, 109.168531 30.208494, 109.172795 30.209501, 109.177060 30.210508, 109.181324 30.211515, 109.185589 30.212522, 109.189854 30.213528, 109.194119 30.214535, 109.198384 30.215541, 109.202649 30.216547, 109.206914 30.217553, 109.211180 30.218559, 109.215445 30.219565, 109.219711 30.220571, 109.223976 30.221576, 109.228242 30.222582, 109.232507 30.223587, 109.236773 30.224592, 109.241039 30.225597, 109.245305 30.226602, 109.249571 30.227606, 109.253838 30.228611, 109.258104 30.229615, 109.262370 30.230620, 109.266637 30.231624, 109.270903 30.232628, 109.275170 30.233632, 109.279436 30.234635, 109.283703 30.235639, 109.287970 30.236642, 109.292237 30.237646, 109.296504 30.238649, 109.300771 30.239652, 109.305038 30.240655, 109.309306 30.241657, 109.313573 30.242660, 109.317841 30.243663, 109.322108 30.244665, 109.326376 30.245667, 109.330644 30.246669, 109.334911 30.247671, 109.339179 30.248673, 109.343447 30.249674, 109.347715 30.250676, 109.351984 30.251677, 109.356252 30.252679, 109.360520 30.253680, 109.364789 30.254681, 109.369057 30.255681, 109.373326 30.256682, 109.377595 30.257683, 109.381863 30.258683, 109.386132 30.259683, 109.390401 30.260683, 109.394670 30.261683, 109.398939 30.262683, 109.403209 30.263683, 109.407478 30.264682, 109.411747 30.265682, 109.416017 30.266681, 109.420286 30.267680, 109.424556 30.268679, 109.428826 30.269678, 109.433096 30.270677, 109.437365 30.271676, 109.441635 30.272674, 109.445906 30.273672, 109.450176 30.274671, 109.454446 30.275669, 109.458716 30.276666, 109.462987 30.277664, 109.467257 30.278662, 109.471528 30.279659, 109.475799 30.280657, 109.480069 30.281654, 109.484340 30.282651, 109.488611 30.283648, 109.492882 30.284645, 109.497153 30.285641, 109.501425 30.286638, 109.505696 30.287634, 109.509967 30.288630, 109.514239 30.289627, 109.518510 30.290623, 109.522782 30.291618, 109.527054 30.292614, 109.531326 30.293610, 109.535598 30.294605, 109.539870 30.295600, 109.544142 30.296595, 109.548414 30.297590, 109.552686 30.298585, 109.556958 30.299580, 109.561231 30.300575, 109.565503 30.301569, 109.569776 30.302563, 109.574049 30.303557, 109.578321 30.304551, 109.582594 30.305545, 109.586867 30.306539, 109.591140 30.307533, 109.595413 30.308526, 109.599687 30.309519, 109.603960 30.310513, 109.608233 30.311506, 109.612507 30.312499, 109.616780 30.313491, 109.621054 30.314484, 109.625328 30.315476, 109.629602 30.316469, 109.633876 30.317461, 109.638150 30.318453, 109.642424 30.319445, 109.646698 30.320437, 109.650972 30.321429, 109.655246 30.322420, 109.659521 30.323411, 109.663795 30.324403, 109.668070 30.325394, 109.672345 30.326385, 109.676619 30.327376, 109.680894 30.328366, 109.685169 30.329357, 109.689444 30.330347, 109.693719 30.331337, 109.697995 30.332328, 109.702270 30.333318, 109.706545 30.334307, 109.710821 30.335297, 109.715096 30.336287, 109.719372 30.337276, 109.723648 30.338265, 109.727923 30.339255, 109.732199 30.340244, 109.736475 30.341232, 109.740751 30.342221, 109.745028 30.343210, 109.749304 30.344198, 109.753580 30.345187, 109.757856 30.346175, 109.762133 30.347163, 109.766410 30.348151, 109.770686 30.349139, 109.774963 30.350126, 109.779240 30.351114, 109.783517 30.352101, 109.787794 30.353088, 109.792071 30.354075, 109.796348 30.355062, 109.800625 30.356049, 109.804903 30.357036, 109.809180 30.358022, 109.813458 30.359008, 109.817735 30.359995, 109.822013 30.360981, 109.826291 30.361967, 109.830569 30.362953, 109.834847 30.363938, 109.839125 30.364924, 109.843403 30.365909, 109.847681 30.366894, 109.851959 30.367880, 109.856238 30.368865, 109.860516 30.369849, 109.864795 30.370834, 109.869074 30.371819, 109.873352 30.372803, 109.877631 30.373787, 109.881910 30.374772, 109.886189 30.375756, 109.890468 30.376739, 109.894747 30.377723, 109.899027 30.378707, 109.903306 30.379690, 109.907585 30.380673, 109.911865 30.381657, 109.916144 30.382640, 109.920424 30.383623, 109.924704 30.384605, 109.928984 30.385588, 109.933264 30.386570, 109.937544 30.387553, 109.941824 30.388535, 109.946104 30.389517, 109.950384 30.390499, 109.954665 30.391481, 109.958945 30.392462, 109.963226 30.393444, 109.967506 30.394425, 109.971787 30.395406, 109.976068 30.396387, 109.980349 30.397368, 109.984630 30.398349, 109.988911 30.399330, 109.993192 30.400310, 109.997473 30.401291, 110.001755 30.402271, 110.006036 30.403251, 110.010318 30.404231, 110.014599 30.405211, 110.018881 30.406190, 110.023163 30.407170, 110.027444 30.408149, 110.031726 30.409129, 110.036008 30.410108, 110.040290 30.411087, 110.044573 30.412066, 110.048855 30.413044, 110.053137 30.414023, 110.057420 30.415001, 110.061702 30.415980, 110.065985 30.416958, 110.070268 30.417936, 110.074550 30.418914, 110.078833 30.419891, 110.083116 30.420869, 110.087399 30.421846, 110.091682 30.422824, 110.095966 30.423801, 110.100249 30.424778, 110.104532 30.425755, 110.108816 30.426731, 110.113099 30.427708, 110.117383 30.428684, 110.121667 30.429661, 110.125950 30.430637, 110.130234 30.431613, 110.134518 30.432589, 110.138802 30.433565, 110.143087 30.434540, 110.147371 30.435516, 110.151655 30.436491, 110.155940 30.437466, 110.160224 30.438441, 110.164509 30.439416, 110.168793 30.440391, 110.173078 30.441366, 110.177363 30.442340, 110.181648 30.443315, 110.185933 30.444289, 110.190218 30.445263, 110.194503 30.446237, 110.198788 30.447211, 110.203074 30.448184, 110.207359 30.449158, 110.211645 30.450131, 110.215930 30.451104, 110.220216 30.452078, 110.224502 30.453051, 110.228788 30.454023, 110.233074 30.454996, 110.237360 30.455969, 110.241646 30.456941, 110.245932 30.457913, 110.250218 30.458885, 110.254505 30.459857, 110.258791 30.460829, 110.263078 30.461801, 110.267364 30.462772, 110.271651 30.463744, 110.275938 30.464715, 110.280225 30.465686, 110.284512 30.466657, 110.288799 30.467628, 110.293086 30.468599, 110.297373 30.469569, 110.301661 30.470540, 110.305948 30.471510, 110.310236 30.472480, 110.314523 30.473450, 110.318811 30.474420, 110.323099 30.475390, 110.327386 30.476360, 110.331674 30.477329, 110.335962 30.478298, 110.340250 30.479268, 110.344539 30.480237, 110.348827 30.481206, 110.353115 30.482174, 110.357404 30.483143, 110.361692 30.484111, 110.365981 30.485080, 110.370269 30.486048, 110.374558 30.487016, 110.378847 30.487984, 110.383136 30.488952, 110.387425 30.489919, 110.391714 30.490887, 110.396003 30.491854, 110.400293 30.492821, 110.404582 30.493788, 110.408872 30.494755, 110.413161 30.495722, 110.417451 30.496689, 110.421740 30.497655, 110.426030 30.498622, 110.430320 30.499588, 110.434610 30.500554, 110.438900 30.501520, 110.443190 30.502486, 110.447480 30.503451, 110.451771 30.504417, 110.456061 30.505382, 110.460352 30.506348, 110.464642 30.507313, 110.468933 30.508278, 110.473224 30.509243, 110.477514 30.510207, 110.481805 30.511172, 110.486096 30.512136, 110.490387 30.513100, 110.494679 30.514065, 110.498970 30.515029, 110.503261 30.515992, 110.507553 30.516956, 110.511844 30.517920, 110.516136 30.518883, 110.520427 30.519846, 110.524719 30.520809, 110.529011 30.521772, 110.533303 30.522735, 110.537595 30.523698, 110.541887 30.524661, 110.546179 30.525623, 110.550471 30.526585, 110.554764 30.527548, 110.559056 30.528510, 110.563349 30.529471, 110.567641 30.530433, 110.571934 30.531395, 110.576227 30.532356, 110.580520 30.533317, 110.584813 30.534279, 110.589106 30.535240, 110.593399 30.536201, 110.597692 30.537161, 110.601985 30.538122, 110.606279 30.539082, 110.610572 30.540043, 110.614866 30.541003, 110.619159 30.541963, 110.623453 30.542923, 110.627747 30.543883, 110.632041 30.544842, 110.636335 30.545802, 110.640629 30.546761, 110.644923 30.547720, 110.649217 30.548679, 110.653511 30.549638, 110.657806 30.550597, 110.662100 30.551556, 110.666395 30.552514, 110.670689 30.553472, 110.674984 30.554431, 110.679279 30.555389, 110.683574 30.556347, 110.687869 30.557304, 110.692164 30.558262, 110.696459 30.559220, 110.700754 30.560177, 110.705050 30.561134, 110.709345 30.562091, 110.713641 30.563048, 110.717936 30.564005, 110.722232 30.564962, 110.726528 30.565918, 110.730823 30.566875, 110.735119 30.567831, 110.739415 30.568787, 110.743711 30.569743, 110.748008 30.570699, 110.752304 30.571654, 110.756600 30.572610, 110.760897 30.573565, 110.765193 30.574521, 110.769490 30.575476, 110.773786 30.576431, 110.778083 30.577385, 110.782380 30.578340, 110.786677 30.579295, 110.790974 30.580249, 110.795271 30.581203, 110.799568 30.582157, 110.803866 30.583111, 110.808163 30.584065, 110.812460 30.585019, 110.816758 30.585973, 110.821055 30.586926, 110.825353 30.587879, 110.829651 30.588832, 110.833949 30.589785, 110.838247 30.590738, 110.842545 30.591691, 110.846843 30.592644, 110.851141 30.593596, 110.855439 30.594548, 110.859738 30.595500, 110.864036 30.596452, 110.868335 30.597404, 110.872633 30.598356, 110.876932 30.599308, 110.881231 30.600259, 110.885530 30.601210, 110.889829 30.602161, 110.894128 30.603112, 110.898427 30.604063, 110.902726 30.605014, 110.907025 30.605965, 110.911325 30.606915, 110.915624 30.607865, 110.919924 30.608816, 110.924223 30.609766, 110.928523 30.610715, 110.932823 30.611665, 110.937123 30.612615, 110.941423 30.613564, 110.945723 30.614514, 110.950023 30.615463, 110.954323 30.616412, 110.958624 30.617361, 110.962924 30.618309, 110.967224 30.619258, 110.971525 30.620207, 110.975826 30.621155, 110.980126 30.622103, 110.984427 30.623051, 110.988728 30.623999, 110.993029 30.624947, 110.997330 30.625894, 111.001631 30.626842, 111.005933 30.627789, 111.010234 30.628736, 111.014535 30.629683, 111.018837 30.630630, 111.023138 30.631577, 111.027440 30.632524, 111.031742 30.633470, 111.036044 30.634417, 111.040345 30.635363, 111.044647 30.636309, 111.048950 30.637255, 111.053252 30.638201, 111.057554 30.639146, 111.061856 30.640092, 111.066159 30.641037, 111.070461 30.641982, 111.074764 30.642927, 111.079066 30.643872, 111.083369 30.644817, 111.087672 30.645762, 111.091975 30.646706, 111.096278 30.647651, 111.100581 30.648595, 111.104884 30.649539, 111.109187 30.650483, 111.113491 30.651427, 111.117794 30.652370, 111.122098 30.653314, 111.126401 30.654257, 111.130705 30.655200, 111.135009 30.656143, 111.139313 30.657086, 111.143617 30.658029, 111.147921 30.658972, 111.152225 30.659914, 111.156529 30.660857, 111.160833 30.661799, 111.165137 30.662741, 111.169442 30.663683, 111.173746 30.664625, 111.178051 30.665566, 111.182356 30.666508, 111.186660 30.667449, 111.190965 30.668391, 111.195270 30.669332, 111.199575 30.670273, 111.203880 30.671213, 111.208186 30.672154, 111.212491 30.673095, 111.216796 30.674035, 111.221102 30.674975, 111.225407 30.675915, 111.229713 30.676855, 111.234018 30.677795, 111.238324 30.678735, 111.242630 30.679674, 111.246936 30.680614, 111.251242 30.681553, 111.255548 30.682492, 111.259854 30.683431, 111.264161 30.684370, 111.268467 30.685309, 111.272773 30.686247, 111.277080 30.687186, 111.281387 30.688124, 111.285693 30.689062, 111.290000 30.690000, 111.294444 30.689889, 111.298888 30.689778, 111.303332 30.689666, 111.307776 30.689555, 111.312220 30.689443, 111.316664 30.689331, 111.321108 30.689219, 111.325552 30.689107, 111.329996 30.688994, 111.334440 30.688882, 111.338884 30.688769, 111.343328 30.688657, 111.347772 30.688544, 111.352216 30.688430, 111.356660 30.688317, 111.361103 30.688204, 111.365547 30.688090, 111.369991 30.687977, 111.374435 30.687863, 111.378879 30.687749, 111.383323 30.687635, 111.387767 30.687520, 111.392210 30.687406, 111.396654 30.687291, 111.401098 30.687176, 111.405542 30.687062, 111.409986 30.686946, 111.414429 30.686831, 111.418873 30.686716, 111.423317 30.686600, 111.427761 30.686485, 111.432204 30.686369, 111.436648 30.686253, 111.441092 30.686137, 111.445535 30.686021, 111.449979 30.685904, 111.454423 30.685788, 111.458866 30.685671, 111.463310 30.685554, 111.467754 30.685437, 111.472197 30.685320, 111.476641 30.685202, 111.481085 30.685085, 111.485528 30.684967, 111.489972 30.684850, 111.494415 30.684732, 111.498859 30.684614, 111.503302 30.684495, 111.507746 30.684377, 111.512189 30.684258, 111.516633 30.684140, 111.521076 30.684021, 111.525520 30.683902, 111.529963 30.683783, 111.534407 30.683663, 111.538850 30.683544, 111.543294 30.683424, 111.547737 30.683305, 111.552181 30.683185, 111.556624 30.683065, 111.561068 30.682944, 111.565511 30.682824, 111.569954 30.682704, 111.574398 30.682583, 111.578841 30.682462, 111.583284 30.682341, 111.587728 30.682220, 111.592171 30.682099, 111.596614 30.681977, 111.601058 30.681856, 111.605501 30.681734, 111.609944 30.681612, 111.614388 30.681490, 111.618831 30.681368, 111.623274 30.681246, 111.627717 30.681123, 111.632161 30.681001, 111.636604 30.680878, 111.641047 30.680755, 111.645490 30.680632, 111.649933 30.680509, 111.654376 30.680385, 111.658820 30.680262, 111.663263 30.680138, 111.667706 30.680014, 111.672149 30.679890, 111.676592 30.679766, 111.681035 30.679642, 111.685478 30.679517, 111.689921 30.679393, 111.694365 30.679268, 111.698808 30.679143, 111.703251 30.679018, 111.707694 30.678893, 111.712137 30.678768, 111.716580 30.678642, 111.721023 30.678517, 111.725466 30.678391, 111.729909 30.678265, 111.734352 30.678139, 111.738795 30.678012, 111.743237 30.677886, 111.747680 30.677759, 111.752123 30.677633, 111.756566 30.677506, 111.761009 30.677379, 111.765452 30.677252, 111.769895 30.677124, 111.774338 30.676997, 111.778781 30.676869, 111.783223 30.676742, 111.787666 30.676614, 111.792109 30.676486, 111.796552 30.676357, 111.800995 30.676229, 111.805437 30.676101, 111.809880 30.675972, 111.814323 30.675843, 111.818766 30.675714, 111.823208 30.675585, 111.827651 30.675456, 111.832094 30.675326, 111.836537 30.675197, 111.840979 30.675067, 111.845422 30.674937, 111.849865 30.674807, 111.854307 30.674677, 111.858750 30.674547, 111.863192 30.674416, 111.867635 30.674285, 111.872078 30.674155, 111.876520 30.674024, 111.880963 30.673893, 111.885405 30.673761, 111.889848 30.673630, 111.894290 30.673498, 111.898733 30.673367, 111.903176 30.673235, 111.907618 30.673103, 111.912061 30.672971, 111.916503 30.672838, 111.920945 30.672706, 111.925388 30.672573, 111.929830 30.672441, 111.934273 30.672308, 111.938715 30.672175, 111.943158 30.672042, 111.947600 30.671908, 111.952042 30.671775, 111.956485 30.671641, 111.960927 30.671507, 111.965369 30.671373, 111.969812 30.671239, 111.974254 30.671105, 111.978696 30.670970, 111.983139 30.670836, 111.987581 30.670701, 111.992023 30.670566, 111.996465 30.670431, 112.000908 30.670296, 112.005350 30.670161, 112.009792 30.670025, 112.014234 30.669890, 112.018677 30.669754, 112.023119 30.669618, 112.027561 30.669482, 112.032003 30.669346, 112.036445 30.669209, 112.040887 30.669073, 112.045329 30.668936, 112.049772 30.668799, 112.054214 30.668662, 112.058656 30.668525, 112.063098 30.668388, 112.067540 30.668251, 112.071982 30.668113, 112.076424 30.667975, 112.080866 30.667837, 112.085308 30.667699, 112.089750 30.667561, 112.094192 30.667423, 112.098634 30.667284, 112.103076 30.667146, 112.107518 30.667007, 112.111960 30.666868, 112.116402 30.666729, 112.120844 30.666590, 112.125285 30.666450, 112.129727 30.666311, 112.134169 30.666171, 112.138611 30.666031, 112.143053 30.665891, 112.147495 30.665751, 112.151937 30.665611, 112.156378 30.665470, 112.160820 30.665330, 112.165262 30.665189, 112.169704 30.665048, 112.174145 30.664907, 112.178587 30.664766, 112.183029 30.664624, 112.187471 30.664483, 112.191912 30.664341, 112.196354 30.664199, 112.200796 30.664057, 112.205237 30.663915, 112.209679 30.663773, 112.214121 30.663630, 112.218562 30.663488, 112.223004 30.663345, 112.227445 30.663202, 112.231887 30.663059, 112.236328 30.662916, 112.240770 30.662773, 112.245212 30.662629, 112.249653 30.662486, 112.254095 30.662342, 112.258536 30.662198, 112.262978 30.662054, 112.267419 30.661910, 112.271861 30.661765, 112.276302 30.661621, 112.280743 30.661476, 112.285185 30.661331, 112.289626 30.661186, 112.294068 30.661041, 112.298509 30.660896, 112.302950 30.660750, 112.307392 30.660605, 112.311833 30.660459, 112.316274 30.660313, 112.320716 30.660167, 112.325157 30.660021, 112.329598 30.659875, 112.334040 30.659728, 112.338481 30.659581, 112.342922 30.659435, 112.347363 30.659288, 112.351805 30.659141, 112.356246 30.658993, 112.360687 30.658846, 112.365128 30.658698, 112.369569 30.658551, 112.374010 30.658403, 112.378452 30.658255, 112.382893 30.658107, 112.387334 30.657958, 112.391775 30.657810, 112.396216 30.657661, 112.400657 30.657512, 112.405098 30.657364, 112.409539 30.657214, 112.413980 30.657065, 112.418421 30.656916, 112.422862 30.656766, 112.427303 30.656617, 112.431744 30.656467, 112.436185 30.656317, 112.440626 30.656167, 112.445067 30.656017, 112.449508 30.655866, 112.453949 30.655716, 112.458390 30.655565, 112.462831 30.655414, 112.467271 30.655263, 112.471712 30.655112, 112.476153 30.654960, 112.480594 30.654809, 112.485035 30.654657, 112.489476 30.654506, 112.493916 30.654354, 112.498357 30.654202, 112.502798 30.654049, 112.507239 30.653897, 112.511679 30.653744, 112.516120 30.653592, 112.520561 30.653439, 112.525001 30.653286, 112.529442 30.653133, 112.533883 30.652979, 112.538323 30.652826, 112.542764 30.652672, 112.547205 30.652519, 112.551645 30.652365, 112.556086 30.652211, 112.560526 30.652056, 112.564967 30.651902, 112.569407 30.651748, 112.573848 30.651593, 112.578288 30.651438, 112.582729 30.651283, 112.587169 30.651128, 112.591610 30.650973, 112.596050 30.650817, 112.600491 30.650662, 112.604931 30.650506, 112.609372 30.650350, 112.613812 30.650194, 112.618252 30.650038, 112.622693 30.649882, 112.627133 30.649725, 112.631573 30.649569, 112.636014 30.649412, 112.640454 30.649255, 112.644894 30.649098, 112.649335 30.648941, 112.653775 30.648783, 112.658215 30.648626, 112.662655 30.648468, 112.667096 30.648310, 112.671536 30.648153, 112.675976 30.647994, 112.680416 30.647836, 112.684856 30.647678, 112.689297 30.647519, 112.693737 30.647360, 112.698177 30.647202, 112.702617 30.647043, 112.707057 30.646883, 112.711497 30.646724, 112.715937 30.646565, 112.720377 30.646405, 112.724817 30.646245, 112.729257 30.646085, 112.733697 30.645925, 112.738137 30.645765, 112.742577 30.645604, 112.747017 30.645444, 112.751457 30.645283, 112.755897 30.645122, 112.760337 30.644961, 112.764777 30.644800, 112.769217 30.644639, 112.773657 30.644478, 112.778096 30.644316, 112.782536 30.644154, 112.786976 30.643992, 112.791416 30.643830, 112.795856 30.643668, 112.800296 30.643506, 112.804735 30.643343, 112.809175 30.643181, 112.813615 30.643018, 112.818055 30.642855, 112.822494 30.642692, 112.826934 30.642529, 112.831374 30.642365, 112.835813 30.642202, 112.840253 30.642038, 112.844693 30.641874, 112.849132 30.641710, 112.853572 30.641546, 112.858011 30.641382, 112.862451 30.641217, 112.866891 30.641052, 112.871330 30.640888, 112.875770 30.640723, 112.880209 30.640558, 112.884649 30.640393, 112.889088 30.640227, 112.893528 30.640062, 112.897967 30.639896, 112.902406 30.639730, 112.906846 30.639564, 112.911285 30.639398, 112.915725 30.639232, 112.920164 30.639065, 112.924603 30.638899, 112.929043 30.638732, 112.933482 30.638565, 112.937921 30.638398, 112.942361 30.638231, 112.946800 30.638064, 112.951239 30.637896, 112.955678 30.637729, 112.960118 30.637561, 112.964557 30.637393, 112.968996 30.637225, 112.973435 30.637057, 112.977875 30.636888, 112.982314 30.636720, 112.986753 30.636551, 112.991192 30.636382, 112.995631 30.636213, 113.000070 30.636044, 113.004509 30.635875, 113.008948 30.635705, 113.013387 30.635536, 113.017826 30.635366, 113.022265 30.635196, 113.026704 30.635026, 113.031143 30.634856, 113.035582 30.634686, 113.040021 30.634515, 113.044460 30.634344, 113.048899 30.634174, 113.053338 30.634003, 113.057777 30.633832, 113.062216 30.633660, 113.066655 30.633489, 113.071094 30.633317, 113.075532 30.633146, 113.079971 30.632974, 113.084410 30.632802, 113.088849 30.632630, 113.093288 30.632457, 113.097726 30.632285, 113.102165 30.632112, 113.106604 30.631940, 113.111043 30.631767, 113.115481 30.631594, 113.119920 30.631420, 113.124359 30.631247, 113.128797 30.631074, 113.133236 30.630900, 113.137674 30.630726, 113.142113 30.630552, 113.146552 30.630378, 113.150990 30.630204, 113.155429 30.630029, 113.159867 30.629855, 113.164306 30.629680, 113.168744 30.629505, 113.173183 30.629330, 113.177621 30.629155, 113.182060 30.628980, 113.186498 30.628804, 113.190937 30.628629, 113.195375 30.628453, 113.199813 30.628277, 113.204252 30.628101, 113.208690 30.627925, 113.213128 30.627748, 113.217567 30.627572, 113.222005 30.627395, 113.226443 30.627218, 113.230882 30.627041, 113.235320 30.626864, 113.239758 30.626687, 113.244196 30.626510, 113.248634 30.626332, 113.253073 30.626154, 113.257511 30.625976, 113.261949 30.625798, 113.266387 30.625620, 113.270825 30.625442, 113.275263 30.625263, 113.279701 30.625085, 113.284140 30.624906, 113.288578 30.624727, 113.293016 30.624548, 113.297454 30.624369, 113.301892 30.624189, 113.306330 30.624010, 113.310768 30.623830, 113.315206 30.623650, 113.319644 30.623470, 113.324082 30.623290, 113.328519 30.623110, 113.332957 30.622929, 113.337395 30.622749, 113.341833 30.622568, 113.346271 30.622387, 113.350709 30.622206, 113.355147 30.622025, 113.359584 30.621844, 113.364022 30.621662, 113.368460 30.621480, 113.372898 30.621299, 113.377335 30.621117, 113.381773 30.620935, 113.386211 30.620752, 113.390648 30.620570, 113.395086 30.620387, 113.399524 30.620205, 113.403961 30.620022, 113.408399 30.619839, 113.412837 30.619656, 113.417274 30.619472, 113.421712 30.619289, 113.426149 30.619105, 113.430587 30.618922, 113.435024 30.618738, 113.439462 30.618554, 113.443899 30.618370, 113.448337 30.618185, 113.452774 30.618001, 113.457212 30.617816, 113.461649 30.617631, 113.466086 30.617446, 113.470524 30.617261, 113.474961 30.617076, 113.479399 30.616890, 113.483836 30.616705, 113.488273 30.616519, 113.492710 30.616333, 113.497148 30.616147, 113.501585 30.615961, 113.506022 30.615775, 113.510459 30.615588, 113.514897 30.615402, 113.519334 30.615215, 113.523771 30.615028, 113.528208 30.614841, 113.532645 30.614654, 113.537082 30.614466, 113.541520 30.614279, 113.545957 30.614091, 113.550394 30.613903, 113.554831 30.613715, 113.559268 30.613527, 113.563705 30.613339, 113.568142 30.613151, 113.572579 30.612962, 113.577016 30.612773, 113.581453 30.612584, 113.585890 30.612395, 113.590327 30.612206, 113.594763 30.612017, 113.599200 30.611827, 113.603637 30.611638, 113.608074 30.611448, 113.612511 30.611258, 113.616948 30.611068, 113.621384 30.610878, 113.625821 30.610687, 113.630258 30.610497, 113.634695 30.610306, 113.639131 30.610115, 113.643568 30.609924, 113.648005 30.609733, 113.652441 30.609542, 113.656878 30.609351, 113.661315 30.609159, 113.665751 30.608967, 113.670188 30.608775, 113.674625 30.608583, 113.679061 30.608391, 113.683498 30.608199, 113.687934 30.608006, 113.692371 30.607814, 113.696807 30.607621, 113.701244 30.607428, 113.705680 30.607235, 113.710117 30.607042, 113.714553 30.606848, 113.718989 30.606655, 113.723426 30.606461, 113.727862 30.606267, 113.732299 30.606073, 113.736735 30.605879, 113.741171 30.605685, 113.745607 30.605490, 113.750044 30.605296, 113.754480 30.605101, 113.758916 30.604906, 113.763352 30.604711, 113.767789 30.604516, 113.772225 30.604320, 113.776661 30.604125, 113.781097 30.603929, 113.785533 30.603733, 113.789969 30.603538, 113.794406 30.603341, 113.798842 30.603145, 113.803278 30.602949, 113.807714 30.602752, 113.812150 30.602556, 113.816586 30.602359, 113.821022 30.602162, 113.825458 30.601965, 113.829894 30.601767, 113.834330 30.601570, 113.838766 30.601372, 113.843201 30.601174, 113.847637 30.600977, 113.852073 30.600778, 113.856509 30.600580, 113.860945 30.600382, 113.865381 30.600183, 113.869817 30.599985, 113.874252 30.599786, 113.878688 30.599587, 113.883124 30.599388, 113.887560 30.599189, 113.891995 30.598989, 113.896431 30.598790, 113.900867 30.598590, 113.905302 30.598390, 113.909738 30.598190, 113.914173 30.597990, 113.918609 30.597790, 113.923045 30.597589, 113.927480 30.597388, 113.931916 30.597188, 113.936351 30.596987, 113.940787 30.596786, 113.945222 30.596585, 113.949658 30.596383, 113.954093 30.596182, 113.958529 30.595980, 113.962964 30.595778, 113.967399 30.595576, 113.971835 30.595374, 113.976270 30.595172, 113.980705 30.594969, 113.985141 30.594767, 113.989576 30.594564, 113.994011 30.594361, 113.998447 30.594158, 114.002882 30.593955, 114.007317 30.593752, 114.011752 30.593548, 114.016187 30.593345, 114.020623 30.593141, 114.025058 30.592937, 114.029493 30.592733, 114.033928 30.592529, 114.038363 30.592324, 114.042798 30.592120, 114.047233 30.591915, 114.051668 30.591710, 114.056103 30.591505, 114.060538 30.591300, 114.064973 30.591095, 114.069408 30.590889, 114.073843 30.590684, 114.078278 30.590478, 114.082713 30.590272, 114.087148 30.590066, 114.091583 30.589860, 114.096018 30.589654, 114.100452 30.589447, 114.104887 30.589241, 114.109322 30.589034, 114.113757 30.588827, 114.118192 30.588620, 114.122626 30.588413, 114.127061 30.588205, 114.131496 30.587998, 114.135930 30.587790, 114.140365 30.587582, 114.144800 30.587374, 114.149234 30.587166, 114.153669 30.586958, 114.158103 30.586749, 114.162538 30.586541, 114.166973 30.586332, 114.171407 30.586123, 114.175842 30.585914, 114.180276 30.585705, 114.184711 30.585496, 114.189145 30.585286, 114.193579 30.585076, 114.198014 30.584867, 114.202448 30.584657, 114.206883 30.584447, 114.211317 30.584236, 114.215751 30.584026, 114.220186 30.583815, 114.224620 30.583605, 114.229054 30.583394, 114.233488 30.583183, 114.237923 30.582972, 114.242357 30.582760, 114.246791 30.582549, 114.251225 30.582337, 114.255659 30.582126, 114.260094 30.581914, 114.264528 30.581702, 114.268962 30.581490, 114.273396 30.581277, 114.277830 30.581065, 114.282264 30.580852, 114.286698 30.580639, 114.291132 30.580426, 114.295566 30.580213, 114.300000 30.580000, 114.304109 30.581445, 114.308217 30.582889, 114.312326 30.584333, 114.316435 30.585778, 114.320545 30.587222, 114.324654 30.588666, 114.328763 30.590109, 114.332873 30.591553, 114.336982 30.592997, 114.341092 30.594440, 114.345202 30.595883, 114.349312 30.597326, 114.353422 30.598769, 114.357533 30.600212, 114.361643 30.601655, 114.365753 30.603098, 114.369864 30.604540, 114.373975 30.605983, 114.378086 30.607425, 114.382197 30.608867, 114.386308 30.610309, 114.390419 30.611751, 114.394530 30.613193, 114.398642 30.614634, 114.402753 30.616076, 114.406865 30.617517, 114.410977 30.618958, 114.415089 30.620399, 114.419201 30.621840, 114.423313 30.623281, 114.427426 30.624722, 114.431538 30.626163, 114.435651 30.627603, 114.439763 30.629043, 114.443876 30.630483, 114.447989 30.631924, 114.452102 30.633363, 114.456215 30.634803, 114.460329 30.636243, 114.464442 30.637682, 114.468556 30.639122, 114.472669 30.640561, 114.476783 30.642000, 114.480897 30.643439, 114.485011 30.644878, 114.489125 30.646317, 114.493240 30.647756, 114.497354 30.649194, 114.501469 30.650633, 114.505583 30.652071, 114.509698 30.653509, 114.513813 30.654947, 114.517928 30.656385, 114.522043 30.657822, 114.526159 30.659260, 114.530274 30.660698, 114.534389 30.662135, 114.538505 30.663572, 114.542621 30.665009, 114.546737 30.666446, 114.550853 30.667883, 114.554969 30.669320, 114.559085 30.670756, 114.563202 30.672193, 114.567318 30.673629, 114.571435 30.675065, 114.575551 30.676501, 114.579668 30.677937, 114.583785 30.679373, 114.587902 30.680808, 114.592020 30.682244, 114.596137 30.683679, 114.600255 30.685115, 114.604372 30.686550, 114.608490 30.687985, 114.612608 30.689420, 114.616726 30.690854, 114.620844 30.692289, 114.624962 30.693723, 114.629080 30.695158, 114.633199 30.696592, 114.637317 30.698026, 114.641436 30.699460, 114.645555 30.700894, 114.649674 30.702328, 114.653793 30.703761, 114.657912 30.705195, 114.662031 30.706628, 114.666151 30.708061, 114.670270 30.709494, 114.674390 30.710927, 114.678510 30.712360, 114.682630 30.713793, 114.686750 30.715225, 114.690870 30.716657, 114.694990 30.718090, 114.699111 30.719522, 114.703231 30.720954, 114.707352 30.722386, 114.711473 30.723818, 114.715594 30.725249, 114.719715 30.726681, 114.723836 30.728112, 114.727957 30.729543, 114.732079 30.730974, 114.736200 30.732405, 114.740322 30.733836, 114.744444 30.735267, 114.748565 30.736697, 114.752687 30.738128, 114.756810 30.739558, 114.760932 30.740988, 114.765054 30.742418, 114.769177 30.743848, 114.773299 30.745278, 114.777422 30.746708, 114.781545 30.748137, 114.785668 30.749567, 114.789791 30.750996, 114.793914 30.752425, 114.798038 30.753854, 114.802161 30.755283, 114.806285 30.756712, 114.810408 30.758140, 114.814532 30.759569, 114.818656 30.760997, 114.822780 30.762426, 114.826905 30.763854, 114.831029 30.765282, 114.835153 30.766709, 114.839278 30.768137, 114.843403 30.769565, 114.847527 30.770992, 114.851652 30.772420, 114.855778 30.773847, 114.859903 30.775274, 114.864028 30.776701, 114.868153 30.778127, 114.872279 30.779554, 114.876405 30.780981, 114.880531 30.782407, 114.884656 30.783833, 114.888782 30.785260, 114.892909 30.786686, 114.897035 30.788111, 114.901161 30.789537, 114.905288 30.790963, 114.909415 30.792388, 114.913541 30.793814, 114.917668 30.795239, 114.921795 30.796664, 114.925922 30.798089, 114.930050 30.799514, 114.934177 30.800938, 114.938305 30.802363, 114.942432 30.803787, 114.946560 30.805212, 114.950688 30.806636, 114.954816 30.808060, 114.958944 30.809484, 114.963072 30.810908, 114.967201 30.812331, 114.971329 30.813755, 114.975458 30.815178, 114.979587 30.816602, 114.983715 30.818025, 114.987844 30.819448, 114.991974 30.820871, 114.996103 30.822293, 115.000232 30.823716, 115.004362 30.825138, 115.008491 30.826561, 115.012621 30.827983, 115.016751 30.829405, 115.020881 30.830827, 115.025011 30.832249, 115.029141 30.833671, 115.033271 30.835092, 115.037402 30.836514, 115.041532 30.837935, 115.045663 30.839356, 115.049794 30.840777, 115.053925 30.842198, 115.058056 30.843619, 115.062187 30.845039, 115.066318 30.846460, 115.070450 30.847880, 115.074581 30.849301, 115.078713 30.850721, 115.082845 30.852141, 115.086977 30.853561, 115.091109 30.854980, 115.095241 30.856400, 115.099373 30.857819, 115.103506 30.859239, 115.107638 30.860658, 115.111771 30.862077, 115.115904 30.863496, 115.120037 30.864915, 115.124170 30.866333, 115.128303 30.867752, 115.132436 30.869170, 115.136569 30.870589, 115.140703 30.872007, 115.144837 30.873425, 115.148970 30.874843, 115.153104 30.876260, 115.157238 30.877678, 115.161372 30.879096, 115.165507 30.880513, 115.169641 30.881930, 115.173775 30.883347, 115.177910 30.884764, 115.182045 30.886181, 115.186180 30.887598, 115.190315 30.889014, 115.194450 30.890431, 115.198585 30.891847, 115.202720 30.893263, 115.206856 30.894679, 115.210991 30.896095, 115.215127 30.897511, 115.219263 30.898927, 115.223399 30.900342, 115.227535 30.901758, 115.231671 30.903173, 115.235807 30.904588, 115.239944 30.906003, 115.244081 30.907418, 115.248217 30.908833, 115.252354 30.910247, 115.256491 30.911662, 115.260628 30.913076, 115.264765 30.914490, 115.268902 30.915904, 115.273040 30.917318, 115.277177 30.918732, 115.281315 30.920146, 115.285453 30.921559, 115.289591 30.922973, 115.293729 30.924386, 115.297867 30.925799, 115.302005 30.927212, 115.306144 30.928625, 115.310282 30.930038, 115.314421 30.931450, 115.318560 30.932863, 115.322699 30.934275, 115.326838 30.935688, 115.330977 30.937100, 115.335116 30.938512, 115.339255 30.939923, 115.343395 30.941335, 115.347535 30.942747, 115.351674 30.944158, 115.355814 30.945569, 115.359954 30.946981, 115.364094 30.948392, 115.368235 30.949803, 115.372375 30.951213, 115.376515 30.952624, 115.380656 30.954035, 115.384797 30.955445, 115.388938 30.956855, 115.393079 30.958265, 115.397220 30.959675, 115.401361 30.961085, 115.405502 30.962495, 115.409644 30.963904, 115.413785 30.965314, 115.417927 30.966723, 115.422069 30.968132, 115.426211 30.969542, 115.430353 30.970950, 115.434495 30.972359, 115.438637 30.973768, 115.442780 30.975176, 115.446922 30.976585, 115.451065 30.977993, 115.455208 30.979401, 115.459351 30.980809, 115.463494 30.982217, 115.467637 30.983625, 115.471780 30.985033, 115.475924 30.986440, 115.480067 30.987847, 115.484211 30.989255, 115.488355 30.990662, 115.492499 30.992069, 115.496643 30.993475, 115.500787 30.994882, 115.504931 30.996289, 115.509075 30.997695, 115.513220 30.999101, 115.517365 31.000507, 115.521509 31.001914, 115.525654 31.003319, 115.529799 31.004725, 115.533944 31.006131, 115.538090 31.007536, 115.542235 31.008942, 115.546380 31.010347, 115.550526 31.011752, 115.554672 31.013157, 115.558818 31.014562, 115.562964 31.015966, 115.567110 31.017371, 115.571256 31.018775, 115.575402 31.020180, 115.579549 31.021584, 115.583695 31.022988, 115.587842 31.024392, 115.591989 31.025796, 115.596136 31.027199, 115.600283 31.028603, 115.604430 31.030006, 115.608578 31.031409, 115.612725 31.032812, 115.616873 31.034215, 115.621020 31.035618, 115.625168 31.037021, 115.629316 31.038424, 115.633464 31.039826, 115.637612 31.041228, 115.641761 31.042631, 115.645909 31.044033, 115.650058 31.045434, 115.654206 31.046836, 115.658355 31.048238, 115.662504 31.049639, 115.666653 31.051041, 115.670802 31.052442, 115.674951 31.053843, 115.679101 31.055244, 115.683250 31.056645, 115.687400 31.058046, 115.691550 31.059446, 115.695700 31.060847, 115.699850 31.062247, 115.704000 31.063647, 115.708150 31.065047, 115.712301 31.066447, 115.716451 31.067847, 115.720602 31.069247, 115.724752 31.070646, 115.728903 31.072046, 115.733054 31.073445, 115.737205 31.074844, 115.741357 31.076243, 115.745508 31.077642, 115.749660 31.079041, 115.753811 31.080439, 115.757963 31.081838, 115.762115 31.083236, 115.766267 31.084634, 115.770419 31.086032, 115.774571 31.087430, 115.778723 31.088828, 115.782876 31.090226, 115.787028 31.091623, 115.791181 31.093021, 115.795334 31.094418, 115.799487 31.095815, 115.803640 31.097212, 115.807793 31.098609, 115.811946 31.100005, 115.816100 31.101402, 115.820253 31.102799, 115.824407 31.104195, 115.828561 31.105591, 115.832715 31.106987, 115.836869 31.108383, 115.841023 31.109779, 115.845177 31.111175, 115.849332 31.112570, 115.853486 31.113965, 115.857641 31.115361, 115.861796 31.116756, 115.865951 31.118151, 115.870106 31.119546, 115.874261 31.120940, 115.878416 31.122335, 115.882572 31.123730, 115.886727 31.125124, 115.890883 31.126518, 115.895038 31.127912, 115.899194 31.129306, 115.903350 31.130700, 115.907506 31.132093, 115.911663 31.133487, 115.915819 31.134880, 115.919976 31.136274, 115.924132 31.137667, 115.928289 31.139060, 115.932446 31.140453, 115.936603 31.141845, 115.940760 31.143238, 115.944917 31.144630, 115.949074 31.146023, 115.953232 31.147415, 115.957389 31.148807, 115.961547 31.150199, 115.965705 31.151591, 115.969863 31.152982, 115.974021 31.154374, 115.978179 31.155765, 115.982338 31.157157, 115.986496 31.158548, 115.990655 31.159939, 115.994813 31.161330, 115.998972 31.162720, 116.003131 31.164111, 116.007290 31.165501, 116.011449 31.166892, 116.015609 31.168282, 116.019768 31.169672, 116.023928 31.171062, 116.028087 31.172452, 116.032247 31.173841, 116.036407 31.175231, 116.040567 31.176620, 116.044727 31.178009, 116.048887 31.179399, 116.053048 31.180788, 116.057208 31.182176, 116.061369 31.183565, 116.065530 31.184954, 116.069691 31.186342, 116.073852 31.187730, 116.078013 31.189119, 116.082174 31.190507, 116.086335 31.191895, 116.090497 31.193282, 116.094658 31.194670, 116.098820 31.196058, 116.102982 31.197445, 116.107144 31.198832, 116.111306 31.200219, 116.115468 31.201606, 116.119631 31.202993, 116.123793 31.204380, 116.127956 31.205766, 116.132119 31.207153, 116.136281 31.208539, 116.140444 31.209925, 116.144607 31.211311, 116.148771 31.212697, 116.152934 31.214083, 116.157097 31.215469, 116.161261 31.216854, 116.165425 31.218240, 116.169588 31.219625, 116.173752 31.221010, 116.177916 31.222395, 116.182081 31.223780, 116.186245 31.225164, 116.190409 31.226549, 116.194574 31.227933, 116.198739 31.229318, 116.202903 31.230702, 116.207068 31.232086, 116.211233 31.233470, 116.215399 31.234854, 116.219564 31.236237, 116.223729 31.237621, 116.227895 31.239004, 116.232060 31.240387, 116.236226 31.241770, 116.240392 31.243153, 116.244558 31.244536, 116.248724 31.245919, 116.252890 31.247301, 116.257057 31.248684, 116.261223 31.250066, 116.265390 31.251448, 116.269557 31.252830, 116.273724 31.254212, 116.277891 31.255594, 116.282058 31.256975, 116.286225 31.258357, 116.290392 31.259738, 116.294560 31.261119, 116.298727 31.262501, 116.302895 31.263881, 116.307063 31.265262, 116.311231 31.266643, 116.315399 31.268023, 116.319567 31.269404, 116.323735 31.270784, 116.327904 31.272164, 116.332072 31.273544, 116.336241 31.274924, 116.340410 31.276304, 116.344579 31.277683, 116.348748 31.279063, 116.352917 31.280442, 116.357086 31.281821, 116.361256 31.283200, 116.365425 31.284579, 116.369595 31.285958, 116.373765 31.287337, 116.377935 31.288715, 116.382105 31.290094, 116.386275 31.291472, 116.390445 31.292850, 116.394616 31.294228, 116.398786 31.295606, 116.402957 31.296984, 116.407128 31.298361, 116.411299 31.299739, 116.415470 31.301116, 116.419641 31.302493, 116.423812 31.303870, 116.427983 31.305247, 116.432155 31.306624, 116.436326 31.308000, 116.440498 31.309377, 116.444670 31.310753, 116.448842 31.312130, 116.453014 31.313506, 116.457186 31.314882, 116.461359 31.316257, 116.465531 31.317633, 116.469704 31.319009, 116.473877 31.320384, 116.478049 31.321759, 116.482222 31.323134, 116.486395 31.324509, 116.490569 31.325884, 116.494742 31.327259, 116.498915 31.328634, 116.503089 31.330008, 116.507263 31.331382, 116.511437 31.332757, 116.515610 31.334131, 116.519785 31.335505, 116.523959 31.336878, 116.528133 31.338252, 116.532307 31.339626, 116.536482 31.340999, 116.540657 31.342372, 116.544831 31.343745, 116.549006 31.345118, 116.553181 31.346491, 116.557357 31.347864, 116.561532 31.349237, 116.565707 31.350609, 116.569883 31.351981, 116.574058 31.353353, 116.578234 31.354725, 116.582410 31.356097, 116.586586 31.357469, 116.590762 31.358841, 116.594938 31.360212, 116.599115 31.361584, 116.603291 31.362955, 116.607468 31.364326, 116.611645 31.365697, 116.615822 31.367068, 116.619999 31.368438, 116.624176 31.369809, 116.628353 31.371179, 116.632530 31.372550, 116.636708 31.373920, 116.640885 31.375290, 116.645063 31.376660, 116.649241 31.378029, 116.653419 31.379399, 116.657597 31.380768, 116.661775 31.382138, 116.665953 31.383507, 116.670132 31.384876, 116.674310 31.386245, 116.678489 31.387614, 116.682668 31.388982, 116.686847 31.390351, 116.691026 31.391719, 116.695205 31.393088, 116.699384 31.394456, 116.703564 31.395824, 116.707743 31.397192, 116.711923 31.398559, 116.716103 31.399927, 116.720283 31.401294, 116.724463 31.402662, 116.728643 31.404029, 116.732823 31.405396, 116.737004 31.406763, 116.741184 31.408129, 116.745365 31.409496, 116.749545 31.410862, 116.753726 31.412229, 116.757907 31.413595, 116.762089 31.414961, 116.766270 31.416327, 116.770451 31.417693, 116.774633 31.419059, 116.778814 31.420424, 116.782996 31.421789, 116.787178 31.423155, 116.791360 31.424520, 116.795542 31.425885, 116.799724 31.427250, 116.803906 31.428614, 116.808089 31.429979, 116.812272 31.431343, 116.816454 31.432708, 116.820637 31.434072, 116.824820 31.435436, 116.829003 31.436800, 116.833186 31.438164, 116.837370 31.439527, 116.841553 31.440891, 116.845737 31.442254, 116.849920 31.443617, 116.854104 31.444980, 116.858288 31.446343, 116.862472 31.447706, 116.866656 31.449069, 116.870841 31.450431, 116.875025 31.451794, 116.879209 31.453156, 116.883394 31.454518, 116.887579 31.455880, 116.891764 31.457242, 116.895949 31.458604, 116.900134 31.459965, 116.904319 31.461327, 116.908505 31.462688, 116.912690 31.464049, 116.916876 31.465410, 116.921062 31.466771, 116.925247 31.468132, 116.929433 31.469493, 116.933620 31.470853, 116.937806 31.472214, 116.941992 31.473574, 116.946179 31.474934, 116.950365 31.476294, 116.954552 31.477654, 116.958739 31.479013, 116.962926 31.480373, 116.967113 31.481732, 116.971300 31.483092, 116.975487 31.484451, 116.979675 31.485810, 116.983862 31.487169, 116.988050 31.488527, 116.992238 31.489886, 116.996426 31.491244, 117.000614 31.492603, 117.004802 31.493961, 117.008990 31.495319, 117.013179 31.496677, 117.017367 31.498035, 117.021556 31.499392, 117.025745 31.500750, 117.029934 31.502107, 117.034123 31.503464, 117.038312 31.504822, 117.042501 31.506178, 117.046691 31.507535, 117.050880 31.508892, 117.055070 31.510249, 117.059260 31.511605, 117.063449 31.512961, 117.067639 31.514317, 117.071830 31.515673, 117.076020 31.517029, 117.080210 31.518385, 117.084401 31.519741, 117.088591 31.521096, 117.092782 31.522451, 117.096973 31.523806, 117.101164 31.525162, 117.105355 31.526516, 117.109546 31.527871, 117.113738 31.529226, 117.117929 31.530580, 117.122121 31.531935, 117.126312 31.533289, 117.130504 31.534643, 117.134696 31.535997, 117.138888 31.537351, 117.143080 31.538704, 117.147273 31.540058, 117.151465 31.541411, 117.155658 31.542765, 117.159850 31.544118, 117.164043 31.545471, 117.168236 31.546824, 117.172429 31.548176, 117.176622 31.549529, 117.180816 31.550881, 117.185009 31.552234, 117.189203 31.553586, 117.193396 31.554938, 117.197590 31.556290, 117.201784 31.557642, 117.205978 31.558993, 117.210172 31.560345, 117.214366 31.561696, 117.218561 31.563047, 117.222755 31.564398, 117.226950 31.565749, 117.231145 31.567100, 117.235340 31.568451, 117.239535 31.569801, 117.243730 31.571152, 117.247925 31.572502, 117.252120 31.573852, 117.256316 31.575202, 117.260511 31.576552, 117.264707 31.577902, 117.268903 31.579251, 117.273099 31.580601, 117.277295 31.581950, 117.281491 31.583299, 117.285688 31.584648, 117.289884 31.585997, 117.294081 31.587346, 117.298277 31.588694, 117.302474 31.590043, 117.306671 31.591391, 117.310868 31.592739, 117.315065 31.594087, 117.319263 31.595435, 117.323460 31.596783, 117.327658 31.598131, 117.331855 31.599478, 117.336053 31.600826, 117.340251 31.602173, 117.344449 31.603520, 117.348647 31.604867, 117.352845 31.606214, 117.357044 31.607561, 117.361242 31.608907, 117.365441 31.610254, 117.369640 31.611600, 117.373839 31.612946, 117.378038 31.614292, 117.382237 31.615638, 117.386436 31.616984, 117.390635 31.618329, 117.394835 31.619675, 117.399034 31.621020, 117.403234 31.622365, 117.407434 31.623710, 117.411634 31.625055, 117.415834 31.626400, 117.420034 31.627744, 117.424235 31.629089, 117.428435 31.630433, 117.432636 31.631777, 117.436836 31.633122, 117.441037 31.634466, 117.445238 31.635809, 117.449439 31.637153, 117.453640 31.638497, 117.457842 31.639840, 117.462043 31.641183, 117.466245 31.642526, 117.470446 31.643869, 117.474648 31.645212, 117.478850 31.646555, 117.483052 31.647897, 117.487254 31.649240, 117.491457 31.650582, 117.495659 31.651924, 117.499861 31.653266, 117.504064 31.654608, 117.508267 31.655950, 117.512470 31.657291, 117.516673 31.658633, 117.520876 31.659974, 117.525079 31.661315, 117.529283 31.662657, 117.533486 31.663997, 117.537690 31.665338, 117.541893 31.666679, 117.546097 31.668019, 117.550301 31.669360, 117.554505 31.670700, 117.558710 31.672040, 117.562914 31.673380, 117.567118 31.674720, 117.571323 31.676059, 117.575528 31.677399, 117.579732 31.678738, 117.583937 31.680078, 117.588142 31.681417, 117.592348 31.682756, 117.596553 31.684095, 117.600758 31.685433, 117.604964 31.686772, 117.609170 31.688110, 117.613375 31.689449, 117.617581 31.690787, 117.621787 31.692125, 117.625994 31.693463, 117.630200 31.694800, 117.634406 31.696138, 117.638613 31.697475, 117.642819 31.698813, 117.647026 31.700150, 117.651233 31.701487, 117.655440 31.702824, 117.659647 31.704161, 117.663854 31.705497, 117.668062 31.706834, 117.672269 31.708170, 117.676477 31.709506, 117.680685 31.710843, 117.684893 31.712178, 117.689101 31.713514, 117.693309 31.714850, 117.697517 31.716185, 117.701725 31.717521, 117.705934 31.718856, 117.710142 31.720191, 117.714351 31.721526, 117.718560 31.722861, 117.722769 31.724196, 117.726978 31.725530, 117.731187 31.726865, 117.735396 31.728199, 117.739606 31.729533, 117.743815 31.730867, 117.748025 31.732201, 117.752235 31.733535, 117.756445 31.734868, 117.760655 31.736202, 117.764865 31.737535, 117.769075 31.738868, 117.773286 31.740201, 117.777496 31.741534, 117.781707 31.742867, 117.785918 31.744200, 117.790129 31.745532, 117.794340 31.746865, 117.798551 31.748197, 117.802762 31.749529, 117.806973 31.750861, 117.811185 31.752193, 117.815396 31.753524, 117.819608 31.754856, 117.823820 31.756187, 117.828032 31.757518, 117.832244 31.758849, 117.836456 31.760180, 117.840669 31.761511, 117.844881 31.762842, 117.849094 31.764172, 117.853306 31.765503, 117.857519 31.766833, 117.861732 31.768163, 117.865945 31.769493, 117.870158 31.770823, 117.874372 31.772153, 117.878585 31.773482, 117.882799 31.774812, 117.887012 31.776141, 117.891226 31.777470, 117.895440 31.778799, 117.899654 31.780128, 117.903868 31.781457, 117.908083 31.782786, 117.912297 31.784114, 117.916512 31.785442, 117.920726 31.786771, 117.924941 31.788099, 117.929156 31.789427, 117.933371 31.790754, 117.937586 31.792082, 117.941801 31.793409, 117.946017 31.794737, 117.950232 31.796064, 117.954448 31.797391, 117.958663 31.798718, 117.962879 31.800045, 117.967095 31.801371, 117.971311 31.802698, 117.975528 31.804024, 117.979744 31.805351, 117.983960 31.806677, 117.988177 31.808003, 117.992394 31.809329, 117.996611 31.810654, 118.000828 31.811980, 118.005045 31.813305, 118.009262 31.814630, 118.013479 31.815956, 118.017697 31.817281, 118.021914 31.818605, 118.026132 31.819930, 118.030350 31.821255, 118.034567 31.822579, 118.038785 31.823903, 118.043004 31.825228, 118.047222 31.826552, 118.051440 31.827876, 118.055659 31.829199, 118.059877 31.830523, 118.064096 31.831846, 118.068315 31.833170, 118.072534 31.834493, 118.076753 31.835816, 118.080972 31.837139, 118.085192 31.838462, 118.089411 31.839784, 118.093631 31.841107, 118.097851 31.842429, 118.102071 31.843751, 118.106290 31.845073, 118.110511 31.846395, 118.114731 31.847717, 118.118951 31.849039, 118.123172 31.850360, 118.127392 31.851682, 118.131613 31.853003, 118.135834 31.854324, 118.140055 31.855645, 118.144276 31.856966, 118.148497 31.858286, 118.152718 31.859607, 118.156940 31.860927, 118.161161 31.862248, 118.165383 31.863568, 118.169605 31.864888, 118.173826 31.866208, 118.178049 31.867527, 118.182271 31.868847, 118.186493 31.870166, 118.190715 31.871486, 118.194938 31.872805, 118.199160 31.874124, 118.203383 31.875443, 118.207606 31.876761, 118.211829 31.878080, 118.216052 31.879398, 118.220275 31.880717, 118.224499 31.882035, 118.228722 31.883353, 118.232946 31.884671, 118.237170 31.885988, 118.241393 31.887306, 118.245617 31.888623, 118.249841 31.889941, 118.254066 31.891258, 118.258290 31.892575, 118.262514 31.893892, 118.266739 31.895209, 118.270964 31.896525, 118.275189 31.897842, 118.279413 31.899158, 118.283638 31.900474, 118.287864 31.901790, 118.292089 31.903106, 118.296314 31.904422, 118.300540 31.905738, 118.304766 31.907053, 118.308991 31.908369, 118.313217 31.909684, 118.317443 31.910999, 118.321669 31.912314, 118.325896 31.913629, 118.330122 31.914944, 118.334348 31.916258, 118.338575 31.917572, 118.342802 31.918887, 118.347029 31.920201, 118.351256 31.921515, 118.355483 31.922829, 118.359710 31.924142, 118.363937 31.925456, 118.368165 31.926769, 118.372392 31.928083, 118.376620 31.929396, 118.380848 31.930709, 118.385076 31.932022, 118.389304 31.933334, 118.393532 31.934647, 118.397760 31.935959, 118.401989 31.937272, 118.406217 31.938584, 118.410446 31.939896, 118.414675 31.941208, 118.418904 31.942519, 118.423133 31.943831, 118.427362 31.945142, 118.431591 31.946454, 118.435821 31.947765, 118.440050 31.949076, 118.444280 31.950387, 118.448510 31.951698, 118.452739 31.953008, 118.456969 31.954319, 118.461200 31.955629, 118.465430 31.956939, 118.469660 31.958249, 118.473891 31.959559, 118.478121 31.960869, 118.482352 31.962178, 118.486583 31.963488, 118.490814 31.964797, 118.495045 31.966107, 118.499276 31.967416, 118.503507 31.968725, 118.507739 31.970033, 118.511970 31.971342, 118.516202 31.972650, 118.520434 31.973959, 118.524666 31.975267, 118.528898 31.976575, 118.533130 31.977883, 118.537362 31.979191, 118.541595 31.980499, 118.545827 31.981806, 118.550060 31.983113, 118.554293 31.984421, 118.558526 31.985728, 118.562759 31.987035, 118.566992 31.988342, 118.571225 31.989648, 118.575458 31.990955, 118.579692 31.992261, 118.583926 31.993567, 118.588159 31.994874, 118.592393 31.996180, 118.596627 31.997485, 118.600861 31.998791, 118.605095 32.000097, 118.609330 32.001402, 118.613564 32.002707, 118.617799 32.004012, 118.622034 32.005317, 118.626268 32.006622, 118.630503 32.007927, 118.634738 32.009232, 118.638974 32.010536, 118.643209 32.011840, 118.647444 32.013144, 118.651680 32.014448, 118.655916 32.015752, 118.660151 32.017056, 118.664387 32.018360, 118.668623 32.019663, 118.672859 32.020966, 118.677096 32.022270, 118.681332 32.023573, 118.685569 32.024875, 118.689805 32.026178, 118.694042 32.027481, 118.698279 32.028783, 118.702516 32.030086, 118.706753 32.031388, 118.710990 32.032690, 118.715228 32.033992, 118.719465 32.035293, 118.723703 32.036595, 118.727940 32.037897, 118.732178 32.039198, 118.736416 32.040499, 118.740654 32.041800, 118.744892 32.043101, 118.749131 32.044402, 118.753369 32.045702, 118.757608 32.047003, 118.761846 32.048303, 118.766085 32.049603, 118.770324 32.050904, 118.774563 32.052203, 118.778802 32.053503, 118.783042 32.054803, 118.787281 32.056102, 118.791521 32.057402, 118.795760 32.058701, 118.800000 32.060000, 118.804256 32.058733, 118.808511 32.057466, 118.812766 32.056199, 118.817021 32.054931, 118.821276 32.053663, 118.825531 32.052396, 118.829786 32.051128, 118.834041 32.049860, 118.838295 32.048592, 118.842550 32.047323, 118.846804 32.046055, 118.851058 32.044786, 118.855312 32.043518, 118.859566 32.042249, 118.863820 32.040980, 118.868074 32.039711, 118.872327 32.038441, 118.876581 32.037172, 118.880834 32.035902, 118.885088 32.034633, 118.889341 32.033363, 118.893594 32.032093, 118.897847 32.030823, 118.902100 32.029552, 118.906352 32.028282, 118.910605 32.027011, 118.914857 32.025741, 118.919109 32.024470, 118.923362 32.023199, 118.927614 32.021928, 118.931866 32.020656, 118.936118 32.019385, 118.940369 32.018113, 118.944621 32.016842, 118.948872 32.015570, 118.953124 32.014298, 118.957375 32.013026, 118.961626 32.011753, 118.965877 32.010481, 118.970128 32.009208, 118.974379 32.007936, 118.978630 32.006663, 118.982880 32.005390, 118.987131 32.004117, 118.991381 32.002844, 118.995631 32.001570, 118.999881 32.000297, 119.004131 31.999023, 119.008381 31.997749, 119.012631 31.996475, 119.016880 31.995201, 119.021130 31.993927, 119.025379 31.992652, 119.029628 31.991378, 119.033877 31.990103, 119.038126 31.988828, 119.042375 31.987553, 119.046624 31.986278, 119.050873 31.985003, 119.055121 31.983728, 119.059370 31.982452, 119.063618 31.981176, 119.067866 31.979901, 119.072114 31.978625, 119.076362 31.977349, 119.080610 31.976072, 119.084858 31.974796, 119.089105 31.973519, 119.093353 31.972243, 119.097600 31.970966, 119.101847 31.969689, 119.106095 31.968412, 119.110342 31.967135, 119.114588 31.965857, 119.118835 31.964580, 119.123082 31.963302, 119.127328 31.962024, 119.131575 31.960746, 119.135821 31.959468, 119.140067 31.958190, 119.144313 31.956912, 119.148559 31.955633, 119.152805 31.954355, 119.157051 31.953076, 119.161296 31.951797, 119.165542 31.950518, 119.169787 31.949239, 119.174032 31.947959, 119.178278 31.946680, 119.182523 31.945400, 119.186767 31.944120, 119.191012 31.942841, 119.195257 31.941561, 119.199501 31.940280, 119.203746 31.939000, 119.207990 31.937720, 119.212234 31.936439, 119.216478 31.935158, 119.220722 31.933877, 119.224966 31.932596, 119.229210 31.931315, 119.233453 31.930034, 119.237697 31.928752, 119.241940 31.927471, 119.246183 31.926189, 119.250426 31.924907, 119.254669 31.923625, 119.258912 31.922343, 119.263155 31.921060, 119.267398 31.919778, 119.271640 31.918495, 119.275883 31.917213, 119.280125 31.915930, 119.284367 31.914647, 119.288609 31.913364, 119.292851 31.912080, 119.297093 31.910797, 119.301334 31.909513, 119.305576 31.908230, 119.309817 31.906946, 119.314059 31.905662, 119.318300 31.904378, 119.322541 31.903093, 119.326782 31.901809, 119.331023 31.900524, 119.335264 31.899240, 119.339504 31.897955, 119.343745 31.896670, 119.347985 31.895385, 119.352225 31.894099, 119.356466 31.892814, 119.360706 31.891528, 119.364945 31.890243, 119.369185 31.888957, 119.373425 31.887671, 119.377664 31.886385, 119.381904 31.885099, 119.386143 31.883812, 119.390382 31.882526, 119.394621 31.881239, 119.398860 31.879952, 119.403099 31.878665, 119.407338 31.877378, 119.411577 31.876091, 119.415815 31.874804, 119.420053 31.873516, 119.424292 31.872228, 119.428530 31.870941, 119.432768 31.869653, 119.437006 31.868365, 119.441244 31.867076, 119.445481 31.865788, 119.449719 31.864499, 119.453956 31.863211, 119.458193 31.861922, 119.462431 31.860633, 119.466668 31.859344, 119.470905 31.858055, 119.475141 31.856765, 119.479378 31.855476, 119.483615 31.854186, 119.487851 31.852897, 119.492088 31.851607, 119.496324 31.850317, 119.500560 31.849026, 119.504796 31.847736, 119.509032 31.846446, 119.513268 31.845155, 119.517503 31.843864, 119.521739 31.842573, 119.525974 31.841282, 119.530209 31.839991, 119.534445 31.838700, 119.538680 31.837408, 119.542915 31.836117, 119.547149 31.834825, 119.551384 31.833533, 119.555619 31.832241, 119.559853 31.830949, 119.564087 31.829657, 119.568322 31.828364, 119.572556 31.827072, 119.576790 31.825779, 119.581024 31.824486, 119.585257 31.823193, 119.589491 31.821900, 119.593724 31.820607, 119.597958 31.819313, 119.602191 31.818020, 119.606424 31.816726, 119.610657 31.815432, 119.614890 31.814138, 119.619123 31.812844, 119.623356 31.811550, 119.627588 31.810256, 119.631821 31.808961, 119.636053 31.807666, 119.640285 31.806372, 119.644517 31.805077, 119.648749 31.803781, 119.652981 31.802486, 119.657213 31.801191, 119.661444 31.799895, 119.665676 31.798600, 119.669907 31.797304, 119.674139 31.796008, 119.678370 31.794712, 119.682601 31.793416, 119.686832 31.792119, 119.691062 31.790823, 119.695293 31.789526, 119.699524 31.788229, 119.703754 31.786932, 119.707984 31.785635, 119.712215 31.784338, 119.716445 31.783041, 119.720675 31.781743, 119.724904 31.780446, 119.729134 31.779148, 119.733364 31.777850, 119.737593 31.776552, 119.741823 31.775254, 119.746052 31.773956, 119.750281 31.772657, 119.754510 31.771359, 119.758739 31.770060, 119.762968 31.768761, 119.767196 31.767462, 119.771425 31.766163, 119.775653 31.764864, 119.779881 31.763564, 119.784110 31.762265, 119.788338 31.760965, 119.792566 31.759665, 119.796793 31.758365, 119.801021 31.757065, 119.805249 31.755765, 119.809476 31.754464, 119.813703 31.753164, 119.817931 31.751863, 119.822158 31.750562, 119.826385 31.749261, 119.830612 31.747960, 119.834838 31.746659, 119.839065 31.745357, 119.843291 31.744056, 119.847518 31.742754, 119.851744 31.741452, 119.855970 31.740150, 119.860196 31.738848, 119.864422 31.737546, 119.868648 31.736244, 119.872874 31.734941, 119.877099 31.733639, 119.881325 31.732336, 119.885550 31.731033, 119.889775 31.729730, 119.894000 31.728427, 119.898225 31.727123, 119.902450 31.725820, 119.906675 31.724516, 119.910899 31.723213, 119.915124 31.721909, 119.919348 31.720605, 119.923572 31.719300, 119.927797 31.717996, 119.932021 31.716692, 119.936244 31.715387, 119.940468 31.714082, 119.944692 31.712778, 119.948915 31.711472, 119.953139 31.710167, 119.957362 31.708862, 119.961585 31.707557, 119.965808 31.706251, 119.970031 31.704945, 119.974254 31.703640, 119.978477 31.702334, 119.982699 31.701027, 119.986922 31.699721, 119.991144 31.698415, 119.995366 31.697108, 119.999589 31.695802, 120.003811 31.694495, 120.008032 31.693188, 120.012254 31.691881, 120.016476 31.690573, 120.020697 31.689266, 120.024919 31.687959, 120.029140 31.686651, 120.033361 31.685343, 120.037582 31.684035, 120.041803 31.682727, 120.046024 31.681419, 120.050245 31.680111, 120.054465 31.678802, 120.058686 31.677493, 120.062906 31.676185, 120.067126 31.674876, 120.071346 31.673567, 120.075566 31.672258, 120.079786 31.670948, 120.084006 31.669639, 120.088225 31.668329, 120.092445 31.667019, 120.096664 31.665710, 120.100883 31.664400, 120.105103 31.663089, 120.109322 31.661779, 120.113540 31.660469, 120.117759 31.659158, 120.121978 31.657847, 120.126196 31.656537, 120.130415 31.655226, 120.134633 31.653914, 120.138851 31.652603, 120.143069 31.651292, 120.147287 31.649980, 120.151505 31.648669, 120.155723 31.647357, 120.159940 31.646045, 120.164158 31.644733, 120.168375 31.643421, 120.172593 31.642108, 120.176810 31.640796, 120.181027 31.639483, 120.185243 31.638170, 120.189460 31.636857, 120.193677 31.635544, 120.197893 31.634231, 120.202110 31.632918, 120.206326 31.631604, 120.210542 31.630291, 120.214758 31.628977, 120.218974 31.627663, 120.223190 31.626349, 120.227406 31.625035, 120.231621 31.623720, 120.235837 31.622406, 120.240052 31.621091, 120.244267 31.619777, 120.248482 31.618462, 120.252697 31.617147, 120.256912 31.615832, 120.261127 31.614516, 120.265341 31.613201, 120.269556 31.611885, 120.273770 31.610570, 120.277985 31.609254, 120.282199 31.607938, 120.286413 31.606622, 120.290627 31.605305, 120.294840 31.603989, 120.299054 31.602673, 120.303268 31.601356, 120.307481 31.600039, 120.311694 31.598722, 120.315907 31.597405, 120.320120 31.596088, 120.324333 31.594771, 120.328546 31.593453, 120.332759 31.592135, 120.336972 31.590818, 120.341184 31.589500, 120.345396 31.588182, 120.349609 31.586863, 120.353821 31.585545, 120.358033 31.584227, 120.362245 31.582908, 120.366456 31.581589, 120.370668 31.580271, 120.374879 31.578951, 120.379091 31.577632, 120.383302 31.576313, 120.387513 31.574994, 120.391724 31.573674, 120.395935 31.572354, 120.400146 31.571035, 120.404357 31.569715, 120.408567 31.568394, 120.412778 31.567074, 120.416988 31.565754, 120.421198 31.564433, 120.425408 31.563113, 120.429618 31.561792, 120.433828 31.560471, 120.438038 31.559150, 120.442247 31.557829, 120.446457 31.556507, 120.450666 31.555186, 120.454875 31.553864, 120.459085 31.552542, 120.463294 31.551220, 120.467502 31.549898, 120.471711 31.548576, 120.475920 31.547254, 120.480128 31.545931, 120.484337 31.544609, 120.488545 31.543286, 120.492753 31.541963, 120.496961 31.540640, 120.501169 31.539317, 120.505377 31.537994, 120.509585 31.536670, 120.513792 31.535347, 120.518000 31.534023, 120.522207 31.532699, 120.526414 31.531375, 120.530621 31.530051, 120.534828 31.528727, 120.539035 31.527402, 120.543242 31.526078, 120.547449 31.524753, 120.551655 31.523428, 120.555862 31.522103, 120.560068 31.520778, 120.564274 31.519453, 120.568480 31.518128, 120.572686 31.516802, 120.576892 31.515477, 120.581097 31.514151, 120.585303 31.512825, 120.589508 31.511499, 120.593714 31.510173, 120.597919 31.508846, 120.602124 31.507520, 120.606329 31.506193, 120.610534 31.504867, 120.614738 31.503540, 120.618943 31.502213, 120.623147 31.500886, 120.627352 31.499558, 120.631556 31.498231, 120.635760 31.496903, 120.639964 31.495576, 120.644168 31.494248, 120.648372 31.492920, 120.652575 31.491592, 120.656779 31.490264, 120.660982 31.488935, 120.665186 31.487607, 120.669389 31.486278, 120.673592 31.484949, 120.677795 31.483620, 120.681998 31.482291, 120.686200 31.480962, 120.690403 31.479633, 120.694605 31.478303, 120.698808 31.476974, 120.703010 31.475644, 120.707212 31.474314, 120.711414 31.472984, 120.715616 31.471654, 120.719817 31.470323, 120.724019 31.468993, 120.728220 31.467662, 120.732422 31.466332, 120.736623 31.465001, 120.740824 31.463670, 120.745025 31.462339, 120.749226 31.461008, 120.753427 31.459676, 120.757628 31.458345, 120.761828 31.457013, 120.766029 31.455681, 120.770229 31.454349, 120.774429 31.453017, 120.778629 31.451685, 120.782829 31.450353, 120.787029 31.449020, 120.791228 31.447687, 120.795428 31.446355, 120.799628 31.445022, 120.803827 31.443689, 120.808026 31.442355, 120.812225 31.441022, 120.816424 31.439689, 120.820623 31.438355, 120.824822 31.437021, 120.829020 31.435688, 120.833219 31.434354, 120.837417 31.433019, 120.841616 31.431685, 120.845814 31.430351, 120.850012 31.429016, 120.854210 31.427681, 120.858407 31.426347, 120.862605 31.425012, 120.866803 31.423677, 120.871000 31.422341, 120.875197 31.421006, 120.879394 31.419670, 120.883592 31.418335, 120.887788 31.416999, 120.891985 31.415663, 120.896182 31.414327, 120.900379 31.412991, 120.904575 31.411655, 120.908771 31.410318, 120.912968 31.408982, 120.917164 31.407645, 120.921360 31.406308, 120.925556 31.404971, 120.929751 31.403634, 120.933947 31.402296, 120.938143 31.400959, 120.942338 31.399621, 120.946533 31.398284, 120.950728 31.396946, 120.954923 31.395608, 120.959118 31.394270, 120.963313 31.392932, 120.967508 31.391593, 120.971702 31.390255, 120.975897 31.388916, 120.980091 31.387577, 120.984285 31.386238, 120.988479 31.384899, 120.992673 31.383560, 120.996867 31.382221, 121.001061 31.380881, 121.005254 31.379542, 121.009448 31.378202, 121.013641 31.376862, 121.017835 31.375522, 121.022028 31.374182, 121.026221 31.372842, 121.030414 31.371501, 121.034606 31.370161, 121.038799 31.368820, 121.042991 31.367479, 121.047184 31.366138, 121.051376 31.364797, 121.055568 31.363456, 121.059760 31.362114, 121.063952 31.360773, 121.068144 31.359431, 121.072336 31.358090, 121.076527 31.356748, 121.080719 31.355406, 121.084910 31.354063, 121.089101 31.352721, 121.093292 31.351379, 121.097483 31.350036, 121.101674 31.348693, 121.105865 31.347350, 121.110056 31.346007, 121.114246 31.344664, 121.118436 31.343321, 121.122627 31.341977, 121.126817 31.340634, 121.131007 31.339290, 121.135197 31.337946, 121.139386 31.336602, 121.143576 31.335258, 121.147766 31.333914, 121.151955 31.332570, 121.156144 31.331225, 121.160334 31.329881, 121.164523 31.328536, 121.168712 31.327191, 121.172900 31.325846, 121.177089 31.324501, 121.181278 31.323155, 121.185466 31.321810, 121.189654 31.320464, 121.193843 31.319118, 121.198031 31.317773, 121.202219 31.316427, 121.206407 31.315080, 121.210594 31.313734, 121.214782 31.312388, 121.218969 31.311041, 121.223157 31.309695, 121.227344 31.308348, 121.231531 31.307001, 121.235718 31.305654, 121.239905 31.304306, 121.244092 31.302959, 121.248279 31.301612, 121.252465 31.300264, 121.256651 31.298916, 121.260838 31.297568, 121.265024 31.296220, 121.269210 31.294872, 121.273396 31.293524, 121.277582 31.292175, 121.281767 31.290827, 121.285953 31.289478, 121.290139 31.288129, 121.294324 31.286780, 121.298509 31.285431, 121.302694 31.284082, 121.306879 31.282732, 121.311064 31.281383, 121.315249 31.280033, 121.319433 31.278683, 121.323618 31.277333, 121.327802 31.275983, 121.331987 31.274633, 121.336171 31.273283, 121.340355 31.271932, 121.344539 31.270582, 121.348722 31.269231, 121.352906 31.267880, 121.357090 31.266529, 121.361273 31.265178, 121.365456 31.263826, 121.369640 31.262475, 121.373823 31.261123, 121.378006 31.259772, 121.382188 31.258420, 121.386371 31.257068, 121.390554 31.255716, 121.394736 31.254364, 121.398918 31.253011, 121.403101 31.251659, 121.407283 31.250306, 121.411465 31.248953, 121.415647 31.247600, 121.419828 31.246247, 121.424010 31.244894, 121.428192 31.243541, 121.432373 31.242187, 121.436554 31.240834, 121.440735 31.239480, 121.444916 31.238126, 121.449097 31.236772, 121.453278 31.235418, 121.457459 31.234064, 121.461639 31.232709, 121.465820 31.231355, 121.470000 31.230000))
