MULTILINESTRING ((-116.030000 50.510000, -116.029686 50.508817, -116.029372 50.507634, -116.029058 50.506451, -116.028743 50.505268, -116.028429 50.504085, -116.028115 50.502901, -116.027801 50.501718, -116.027487 50.500535, -116.027173 50.499352, -116.026859 50.498169, -116.026545 50.496986, -116.026231 50.495803, -116.025917 50.494620, -116.025603 50.493437, -116.025289 50.492254, -116.024975 50.491071, -116.024661 50.489887, -116.024347 50.488704, -116.024033 50.487521, -116.023720 50.486338, -116.023406 50.485155, -116.023092 50.483972, -116.022778 50.482789, -116.022464 50.481606, -116.022150 50.480423, -116.021837 50.479240, -116.021523 50.478056, -116.021209 50.476873, -116.020895 50.475690, -116.020582 50.474507, -116.020268 50.473324, -116.019954 50.472141, -116.019641 50.470958, -116.019327 50.469775, -116.019013 50.468592, -116.018700 50.467408, -116.018386 50.466225, -116.018073 50.465042, -116.017759 50.463859, -116.017445 50.462676, -116.017132 50.461493, -116.016818 50.460310, -116.016505 50.459127, -116.016191 50.457943, -116.015878 50.456760, -116.015564 50.455577, -116.015251 50.454394, -116.014938 50.453211, -116.014624 50.452028, -116.014311 50.450845, -116.013997 50.449662, -116.013684 50.448479, -116.013371 50.447295, -116.013057 50.446112, -116.012744 50.444929, -116.012431 50.443746, -116.012117 50.442563, -116.011804 50.441380, -116.011491 50.440197, -116.011178 50.439013, -116.010864 50.437830, -116.010551 50.436647, -116.010238 50.435464, -116.009925 50.434281, -116.009612 50.433098, -116.009299 50.431915, -116.008985 50.430731, -116.008672 50.429548, -116.008359 50.428365, -116.008046 50.427182, -116.007733 50.425999, -116.007420 50.424816, -116.007107 50.423633, -116.006794 50.422449, -116.006481 50.421266, -116.006168 50.420083, -116.005855 50.418900, -116.005542 50.417717, -116.005229 50.416534, -116.004916 50.415351, -116.004603 50.414167, -116.004290 50.412984, -116.003977 50.411801, -116.003665 50.410618, -116.003352 50.409435, -116.003039 50.408252, -116.002726 50.407069, -116.002413 50.405885, -116.002100 50.404702, -116.001788 50.403519, -116.001475 50.402336, -116.001162 50.401153, -116.000849 50.399970, -116.000537 50.398786, -116.000224 50.397603, -115.999911 50.396420, -115.999599 50.395237, -115.999286 50.394054, -115.998973 50.392871, -115.998661 50.391687, -115.998348 50.390504, -115.998036 50.389321, -115.997723 50.388138, -115.997410 50.386955, -115.997098 50.385772, -115.996785 50.384588, -115.996473 50.383405, -115.996160 50.382222, -115.995848 50.381039, -115.995535 50.379856, -115.995223 50.378673, -115.994911 50.377489, -115.994598 50.376306, -115.994286 50.375123, -115.993973 50.373940, -115.993661 50.372757, -115.993349 50.371573, -115.993036 50.370390, -115.992724 50.369207, -115.992412 50.368024, -115.992099 50.366841, -115.991787 50.365658, -115.991475 50.364474, -115.991163 50.363291, -115.990850 50.362108, -115.990538 50.360925, -115.990226 50.359742, -115.989914 50.358558, -115.989602 50.357375, -115.989289 50.356192, -115.988977 50.355009, -115.988665 50.353826, -115.988353 50.352642, -115.988041 50.351459, -115.987729 50.350276, -115.987417 50.349093, -115.987105 50.347910, -115.986793 50.346726, -115.986481 50.345543, -115.986169 50.344360, -115.985857 50.343177, -115.985545 50.341994, -115.985233 50.340810, -115.984921 50.339627, -115.984609 50.338444, -115.984297 50.337261, -115.983985 50.336078, -115.983673 50.334894, -115.983362 50.333711, -115.983050 50.332528, -115.982738 50.331345, -115.982426 50.330162, -115.982114 50.328978, -115.981803 50.327795, -115.981491 50.326612, -115.981179 50.325429, -115.980867 50.324245, -115.980556 50.323062, -115.980244 50.321879, -115.979932 50.320696, -115.979621 50.319513, -115.979309 50.318329, -115.978997 50.317146, -115.978686 50.315963, -115.978374 50.314780, -115.978062 50.313597, -115.977751 50.312413, -115.977439 50.311230, -115.977128 50.310047, -115.976816 50.308864, -115.976505 50.307680, -115.976193 50.306497, -115.975882 50.305314, -115.975570 50.304131, -115.975259 50.302947, -115.974947 50.301764, -115.974636 50.300581, -115.974325 50.299398, -115.974013 50.298215, -115.973702 50.297031, -115.973390 50.295848, -115.973079 50.294665, -115.972768 50.293482, -115.972456 50.292298, -115.972145 50.291115, -115.971834 50.289932, -115.971523 50.288749, -115.971211 50.287565, -115.970900 50.286382, -115.970589 50.285199, -115.970278 50.284016, -115.969966 50.282832, -115.969655 50.281649, -115.969344 50.280466, -115.969033 50.279283, -115.968722 50.278099, -115.968411 50.276916, -115.968100 50.275733, -115.967789 50.274550, -115.967478 50.273366, -115.967166 50.272183, -115.966855 50.271000, -115.966544 50.269817, -115.966233 50.268633, -115.965922 50.267450, -115.965611 50.266267, -115.965300 50.265084, -115.964990 50.263900, -115.964679 50.262717, -115.964368 50.261534, -115.964057 50.260351, -115.963746 50.259167, -115.963435 50.257984, -115.963124 50.256801, -115.962813 50.255618, -115.962503 50.254434, -115.962192 50.253251, -115.961881 50.252068, -115.961570 50.250885, -115.961259 50.249701, -115.960949 50.248518, -115.960638 50.247335, -115.960327 50.246151, -115.960017 50.244968, -115.959706 50.243785, -115.959395 50.242602, -115.959085 50.241418, -115.958774 50.240235, -115.958463 50.239052, -115.958153 50.237869, -115.957842 50.236685, -115.957532 50.235502, -115.957221 50.234319, -115.956911 50.233135, -115.956600 50.231952, -115.956289 50.230769, -115.955979 50.229586, -115.955669 50.228402, -115.955358 50.227219, -115.955048 50.226036, -115.954737 50.224852, -115.954427 50.223669, -115.954116 50.222486, -115.953806 50.221303, -115.953496 50.220119, -115.953185 50.218936, -115.952875 50.217753, -115.952565 50.216569, -115.952254 50.215386, -115.951944 50.214203, -115.951634 50.213020, -115.951323 50.211836, -115.951013 50.210653, -115.950703 50.209470, -115.950393 50.208286, -115.950083 50.207103, -115.949772 50.205920, -115.949462 50.204736, -115.949152 50.203553, -115.948842 50.202370, -115.948532 50.201187, -115.948222 50.200003, -115.947912 50.198820, -115.947601 50.197637, -115.947291 50.196453, -115.946981 50.195270, -115.946671 50.194087, -115.946361 50.192903, -115.946051 50.191720, -115.945741 50.190537, -115.945431 50.189354, -115.945121 50.188170, -115.944811 50.186987, -115.944502 50.185804, -115.944192 50.184620, -115.943882 50.183437, -115.943572 50.182254, -115.943262 50.181070, -115.942952 50.179887, -115.942642 50.178704, -115.942333 50.177520, -115.942023 50.176337, -115.941713 50.175154, -115.941403 50.173970, -115.941093 50.172787, -115.940784 50.171604, -115.940474 50.170420, -115.940164 50.169237, -115.939855 50.168054, -115.939545 50.166870, -115.939235 50.165687, -115.938926 50.164504, -115.938616 50.163320, -115.938306 50.162137, -115.937997 50.160954, -115.937687 50.159770, -115.937378 50.158587, -115.937068 50.157404, -115.936758 50.156221, -115.936449 50.155037, -115.936139 50.153854, -115.935830 50.152670, -115.935520 50.151487, -115.935211 50.150304, -115.934901 50.149120, -115.934592 50.147937, -115.934283 50.146754, -115.933973 50.145570, -115.933664 50.144387, -115.933354 50.143204, -115.933045 50.142020, -115.932736 50.140837, -115.932426 50.139654, -115.932117 50.138470, -115.931808 50.137287, -115.931499 50.136104, -115.931189 50.134920, -115.930880 50.133737, -115.930571 50.132554, -115.930262 50.131370, -115.929952 50.130187, -115.929643 50.129004, -115.929334 50.127820, -115.929025 50.126637, -115.928716 50.125454, -115.928407 50.124270, -115.928097 50.123087, -115.927788 50.121903, -115.927479 50.120720, -115.927170 50.119537, -115.926861 50.118353, -115.926552 50.117170, -115.926243 50.115987, -115.925934 50.114803, -115.925625 50.113620, -115.925316 50.112437, -115.925007 50.111253, -115.924698 50.110070, -115.924389 50.108887, -115.924080 50.107703, -115.923772 50.106520, -115.923463 50.105336, -115.923154 50.104153, -115.922845 50.102970, -115.922536 50.101786, -115.922227 50.100603, -115.921918 50.099420, -115.921610 50.098236, -115.921301 50.097053, -115.920992 50.095869, -115.920683 50.094686, -115.920375 50.093503, -115.920066 50.092319, -115.919757 50.091136, -115.919449 50.089953, -115.919140 50.088769, -115.918831 50.087586, -115.918523 50.086402, -115.918214 50.085219, -115.917905 50.084036, -115.917597 50.082852, -115.917288 50.081669, -115.916980 50.080485, -115.916671 50.079302, -115.916363 50.078119, -115.916054 50.076935, -115.915746 50.075752, -115.915437 50.074569, -115.915129 50.073385, -115.914820 50.072202, -115.914512 50.071018, -115.914203 50.069835, -115.913895 50.068652, -115.913586 50.067468, -115.913278 50.066285, -115.912970 50.065101, -115.912661 50.063918, -115.912353 50.062735, -115.912045 50.061551, -115.911736 50.060368, -115.911428 50.059184, -115.911120 50.058001, -115.910812 50.056818, -115.910503 50.055634, -115.910195 50.054451, -115.909887 50.053267, -115.909579 50.052084, -115.909270 50.050901, -115.908962 50.049717, -115.908654 50.048534, -115.908346 50.047350, -115.908038 50.046167, -115.907730 50.044984, -115.907422 50.043800, -115.907114 50.042617, -115.906806 50.041433, -115.906498 50.040250, -115.906189 50.039067, -115.905881 50.037883, -115.905573 50.036700, -115.905265 50.035516, -115.904958 50.034333, -115.904650 50.033149, -115.904342 50.031966, -115.904034 50.030783, -115.903726 50.029599, -115.903418 50.028416, -115.903110 50.027232, -115.902802 50.026049, -115.902494 50.024865, -115.902186 50.023682, -115.901879 50.022499, -115.901571 50.021315, -115.901263 50.020132, -115.900955 50.018948, -115.900648 50.017765, -115.900340 50.016581, -115.900032 50.015398, -115.899724 50.014215, -115.899417 50.013031, -115.899109 50.011848, -115.898801 50.010664, -115.898494 50.009481, -115.898186 50.008297, -115.897878 50.007114, -115.897571 50.005931, -115.897263 50.004747, -115.896956 50.003564, -115.896648 50.002380, -115.896341 50.001197, -115.896033 50.000013, -115.895725 49.998830, -115.895418 49.997647, -115.895110 49.996463, -115.894803 49.995280, -115.894496 49.994096, -115.894188 49.992913, -115.893881 49.991729, -115.893573 49.990546, -115.893266 49.989362, -115.892959 49.988179, -115.892651 49.986995, -115.892344 49.985812, -115.892036 49.984629, -115.891729 49.983445, -115.891422 49.982262, -115.891115 49.981078, -115.890807 49.979895, -115.890500 49.978711, -115.890193 49.977528, -115.889886 49.976344, -115.889578 49.975161, -115.889271 49.973977, -115.888964 49.972794, -115.888657 49.971611, -115.888350 49.970427, -115.888043 49.969244, -115.887735 49.968060, -115.887428 49.966877, -115.887121 49.965693, -115.886814 49.964510, -115.886507 49.963326, -115.886200 49.962143, -115.885893 49.960959, -115.885586 49.959776, -115.885279 49.958592, -115.884972 49.957409, -115.884665 49.956226, -115.884358 49.955042, -115.884051 49.953859, -115.883744 49.952675, -115.883437 49.951492, -115.883130 49.950308, -115.882823 49.949125, -115.882517 49.947941, -115.882210 49.946758, -115.881903 49.945574, -115.881596 49.944391, -115.881289 49.943207, -115.880983 49.942024, -115.880676 49.940840, -115.880369 49.939657, -115.880062 49.938473, -115.879756 49.937290, -115.879449 49.936106, -115.879142 49.934923, -115.878835 49.933739, -115.878529 49.932556, -115.878222 49.931372, -115.877915 49.930189, -115.877609 49.929005, -115.877302 49.927822, -115.876996 49.926638, -115.876689 49.925455, -115.876382 49.924271, -115.876076 49.923088, -115.875769 49.921905, -115.875463 49.920721, -115.875156 49.919538, -115.874850 49.918354, -115.874543 49.917171, -115.874237 49.915987, -115.873931 49.914804, -115.873624 49.913620, -115.873318 49.912437, -115.873011 49.911253, -115.872705 49.910070, -115.872399 49.908886, -115.872092 49.907703, -115.871786 49.906519, -115.871480 49.905336, -115.871173 49.904152, -115.870867 49.902968, -115.870561 49.901785, -115.870254 49.900601, -115.869948 49.899418, -115.869642 49.898234, -115.869336 49.897051, -115.869029 49.895867, -115.868723 49.894684, -115.868417 49.893500, -115.868111 49.892317, -115.867805 49.891133, -115.867499 49.889950, -115.867193 49.888766, -115.866886 49.887583, -115.866580 49.886399, -115.866274 49.885216, -115.865968 49.884032, -115.865662 49.882849, -115.865356 49.881665, -115.865050 49.880482, -115.864744 49.879298, -115.864438 49.878115, -115.864132 49.876931, -115.863826 49.875748, -115.863520 49.874564, -115.863214 49.873381, -115.862909 49.872197, -115.862603 49.871013, -115.862297 49.869830, -115.861991 49.868646, -115.861685 49.867463, -115.861379 49.866279, -115.861073 49.865096, -115.860768 49.863912, -115.860462 49.862729, -115.860156 49.861545, -115.859850 49.860362, -115.859545 49.859178, -115.859239 49.857995, -115.858933 49.856811, -115.858627 49.855628, -115.858322 49.854444, -115.858016 49.853260, -115.857710 49.852077, -115.857405 49.850893, -115.857099 49.849710, -115.856794 49.848526, -115.856488 49.847343, -115.856182 49.846159, -115.855877 49.844976, -115.855571 49.843792, -115.855266 49.842609, -115.854960 49.841425, -115.854655 49.840241, -115.854349 49.839058, -115.854044 49.837874, -115.853738 49.836691, -115.853433 49.835507, -115.853128 49.834324, -115.852822 49.833140, -115.852517 49.831957, -115.852211 49.830773, -115.851906 49.829589, -115.851601 49.828406, -115.851295 49.827222, -115.850990 49.826039, -115.850685 49.824855, -115.850379 49.823672, -115.850074 49.822488, -115.849769 49.821305, -115.849464 49.820121, -115.849158 49.818937, -115.848853 49.817754, -115.848548 49.816570, -115.848243 49.815387, -115.847938 49.814203, -115.847632 49.813020, -115.847327 49.811836, -115.847022 49.810652, -115.846717 49.809469, -115.846412 49.808285, -115.846107 49.807102, -115.845802 49.805918, -115.845497 49.804735, -115.845192 49.803551, -115.844887 49.802367, -115.844582 49.801184, -115.844277 49.800000, -115.843972 49.798817, -115.843667 49.797633, -115.843362 49.796450, -115.843057 49.795266, -115.842752 49.794082, -115.842447 49.792899, -115.842142 49.791715, -115.841837 49.790532, -115.841533 49.789348, -115.841228 49.788164, -115.840923 49.786981, -115.840618 49.785797, -115.840313 49.784614, -115.840008 49.783430, -115.839704 49.782247, -115.839399 49.781063, -115.839094 49.779879, -115.838789 49.778696, -115.838485 49.777512, -115.838180 49.776329, -115.837875 49.775145, -115.837571 49.773961, -115.837266 49.772778, -115.836961 49.771594, -115.836657 49.770411, -115.836352 49.769227, -115.836048 49.768043, -115.835743 49.766860, -115.835438 49.765676, -115.835134 49.764493, -115.834829 49.763309, -115.834525 49.762125, -115.834220 49.760942, -115.833916 49.759758, -115.833611 49.758575, -115.833307 49.757391, -115.833003 49.756207, -115.832698 49.755024, -115.832394 49.753840, -115.832089 49.752657, -115.831785 49.751473, -115.831481 49.750289, -115.831176 49.749106, -115.830872 49.747922, -115.830568 49.746739, -115.830263 49.745555, -115.829959 49.744371, -115.829655 49.743188, -115.829350 49.742004, -115.829046 49.740820, -115.828742 49.739637, -115.828438 49.738453, -115.828134 49.737270, -115.827829 49.736086, -115.827525 49.734902, -115.827221 49.733719, -115.826917 49.732535, -115.826613 49.731351, -115.826309 49.730168, -115.826005 49.728984, -115.825700 49.727801, -115.825396 49.726617, -115.825092 49.725433, -115.824788 49.724250, -115.824484 49.723066, -115.824180 49.721882, -115.823876 49.720699, -115.823572 49.719515, -115.823268 49.718332, -115.822964 49.717148, -115.822660 49.715964, -115.822356 49.714781, -115.822053 49.713597, -115.821749 49.712413, -115.821445 49.711230, -115.821141 49.710046, -115.820837 49.708862, -115.820533 49.707679, -115.820229 49.706495, -115.819926 49.705312, -115.819622 49.704128, -115.819318 49.702944, -115.819014 49.701761, -115.818711 49.700577, -115.818407 49.699393, -115.818103 49.698210, -115.817799 49.697026, -115.817496 49.695842, -115.817192 49.694659, -115.816888 49.693475, -115.816585 49.692291, -115.816281 49.691108, -115.815978 49.689924, -115.815674 49.688741, -115.815370 49.687557, -115.815067 49.686373, -115.814763 49.685190, -115.814460 49.684006, -115.814156 49.682822, -115.813853 49.681639, -115.813549 49.680455, -115.813246 49.679271, -115.812942 49.678088, -115.812639 49.676904, -115.812335 49.675720, -115.812032 49.674537, -115.811729 49.673353, -115.811425 49.672169, -115.811122 49.670986, -115.810818 49.669802, -115.810515 49.668618, -115.810212 49.667435, -115.809908 49.666251, -115.809605 49.665067, -115.809302 49.663884, -115.808999 49.662700, -115.808695 49.661516, -115.808392 49.660333, -115.808089 49.659149, -115.807786 49.657965, -115.807482 49.656782, -115.807179 49.655598, -115.806876 49.654414, -115.806573 49.653231, -115.806270 49.652047, -115.805967 49.650863, -115.805664 49.649680, -115.805361 49.648496, -115.805057 49.647312, -115.804754 49.646129, -115.804451 49.644945, -115.804148 49.643761, -115.803845 49.642577, -115.803542 49.641394, -115.803239 49.640210, -115.802936 49.639026, -115.802633 49.637843, -115.802330 49.636659, -115.802027 49.635475, -115.801725 49.634292, -115.801422 49.633108, -115.801119 49.631924, -115.800816 49.630741, -115.800513 49.629557, -115.800210 49.628373, -115.799907 49.627190, -115.799605 49.626006, -115.799302 49.624822, -115.798999 49.623638, -115.798696 49.622455, -115.798393 49.621271, -115.798091 49.620087, -115.797788 49.618904, -115.797485 49.617720, -115.797183 49.616536, -115.796880 49.615353, -115.796577 49.614169, -115.796275 49.612985, -115.795972 49.611801, -115.795669 49.610618, -115.795367 49.609434, -115.795064 49.608250, -115.794762 49.607067, -115.794459 49.605883, -115.794156 49.604699, -115.793854 49.603515, -115.793551 49.602332, -115.793249 49.601148, -115.792946 49.599964, -115.792644 49.598781, -115.792341 49.597597, -115.792039 49.596413, -115.791737 49.595229, -115.791434 49.594046, -115.791132 49.592862, -115.790829 49.591678, -115.790527 49.590495, -115.790225 49.589311, -115.789922 49.588127, -115.789620 49.586943, -115.789318 49.585760, -115.789015 49.584576, -115.788713 49.583392, -115.788411 49.582209, -115.788109 49.581025, -115.787806 49.579841, -115.787504 49.578657, -115.787202 49.577474, -115.786900 49.576290, -115.786597 49.575106, -115.786295 49.573923, -115.785993 49.572739, -115.785691 49.571555, -115.785389 49.570371, -115.785087 49.569188, -115.784785 49.568004, -115.784483 49.566820, -115.784181 49.565636, -115.783878 49.564453, -115.783576 49.563269, -115.783274 49.562085, -115.782972 49.560901, -115.782670 49.559718, -115.782368 49.558534, -115.782067 49.557350, -115.781765 49.556166, -115.781463 49.554983, -115.781161 49.553799, -115.780859 49.552615, -115.780557 49.551432, -115.780255 49.550248, -115.779953 49.549064, -115.779651 49.547880, -115.779350 49.546697, -115.779048 49.545513, -115.778746 49.544329, -115.778444 49.543145, -115.778142 49.541962, -115.777841 49.540778, -115.777539 49.539594, -115.777237 49.538410, -115.776935 49.537227, -115.776634 49.536043, -115.776332 49.534859, -115.776030 49.533675, -115.775729 49.532492, -115.775427 49.531308, -115.775125 49.530124, -115.774824 49.528940, -115.774522 49.527756, -115.774221 49.526573, -115.773919 49.525389, -115.773617 49.524205, -115.773316 49.523021, -115.773014 49.521838, -115.772713 49.520654, -115.772411 49.519470, -115.772110 49.518286, -115.771808 49.517103, -115.771507 49.515919, -115.771206 49.514735, -115.770904 49.513551, -115.770603 49.512368, -115.770301 49.511184, -115.770000 49.510000, -115.770960 49.508975, -115.771921 49.507950, -115.772881 49.506925, -115.773841 49.505900, -115.774802 49.504875, -115.775762 49.503850, -115.776722 49.502825, -115.777682 49.501800, -115.778642 49.500775, -115.779602 49.499750, -115.780562 49.498725, -115.781522 49.497700, -115.782482 49.496675, -115.783442 49.495649, -115.784402 49.494624, -115.785362 49.493599, -115.786322 49.492574, -115.787281 49.491549, -115.788241 49.490524, -115.789201 49.489499, -115.790160 49.488474, -115.791120 49.487448, -115.792079 49.486423, -115.793039 49.485398, -115.793998 49.484373, -115.794958 49.483348, -115.795917 49.482323, -115.796877 49.481297, -115.797836 49.480272, -115.798795 49.479247, -115.799754 49.478222, -115.800713 49.477196, -115.801673 49.476171, -115.802632 49.475146, -115.803591 49.474121, -115.804550 49.473095, -115.805509 49.472070, -115.806468 49.471045, -115.807427 49.470020, -115.808385 49.468994, -115.809344 49.467969, -115.810303 49.466944, -115.811262 49.465918, -115.812220 49.464893, -115.813179 49.463868, -115.814138 49.462842, -115.815096 49.461817, -115.816055 49.460792, -115.817013 49.459766, -115.817972 49.458741, -115.818930 49.457716, -115.819888 49.456690, -115.820847 49.455665, -115.821805 49.454639, -115.822763 49.453614, -115.823722 49.452589, -115.824680 49.451563, -115.825638 49.450538, -115.826596 49.449512, -115.827554 49.448487, -115.828512 49.447461, -115.829470 49.446436, -115.830428 49.445410, -115.831386 49.444385, -115.832344 49.443359, -115.833301 49.442334, -115.834259 49.441308, -115.835217 49.440283, -115.836175 49.439257, -115.837132 49.438232, -115.838090 49.437206, -115.839047 49.436181, -115.840005 49.435155, -115.840962 49.434130, -115.841920 49.433104, -115.842877 49.432078, -115.843835 49.431053, -115.844792 49.430027, -115.845749 49.429002, -115.846707 49.427976, -115.847664 49.426950, -115.848621 49.425925, -115.849578 49.424899, -115.850535 49.423873, -115.851492 49.422848, -115.852449 49.421822, -115.853406 49.420797, -115.854363 49.419771, -115.855320 49.418745, -115.856277 49.417719, -115.857234 49.416694, -115.858190 49.415668, -115.859147 49.414642, -115.860104 49.413617, -115.861060 49.412591, -115.862017 49.411565, -115.862974 49.410539, -115.863930 49.409514, -115.864887 49.408488, -115.865843 49.407462, -115.866799 49.406436, -115.867756 49.405411, -115.868712 49.404385, -115.869668 49.403359, -115.870625 49.402333, -115.871581 49.401307, -115.872537 49.400281, -115.873493 49.399256, -115.874449 49.398230, -115.875405 49.397204, -115.876361 49.396178, -115.877317 49.395152, -115.878273 49.394126, -115.879229 49.393100, -115.880185 49.392075, -115.881141 49.391049, -115.882097 49.390023, -115.883052 49.388997, -115.884008 49.387971, -115.884964 49.386945, -115.885919 49.385919, -115.886875 49.384893, -115.887830 49.383867, -115.888786 49.382841, -115.889741 49.381815, -115.890697 49.380789, -115.891652 49.379763, -115.892607 49.378737, -115.893563 49.377711, -115.894518 49.376685, -115.895473 49.375659, -115.896428 49.374633, -115.897383 49.373607, -115.898339 49.372581, -115.899294 49.371555, -115.900249 49.370529, -115.901204 49.369503, -115.902159 49.368477, -115.903113 49.367451, -115.904068 49.366425, -115.905023 49.365399, -115.905978 49.364373, -115.906933 49.363347, -115.907887 49.362320, -115.908842 49.361294, -115.909797 49.360268, -115.910751 49.359242, -115.911706 49.358216, -115.912660 49.357190, -115.913615 49.356164, -115.914569 49.355137, -115.915523 49.354111, -115.916478 49.353085, -115.917432 49.352059, -115.918386 49.351033, -115.919340 49.350006, -115.920295 49.348980, -115.921249 49.347954, -115.922203 49.346928, -115.923157 49.345901, -115.924111 49.344875, -115.925065 49.343849, -115.926019 49.342823, -115.926973 49.341796, -115.927927 49.340770, -115.928880 49.339744, -115.929834 49.338718, -115.930788 49.337691, -115.931742 49.336665, -115.932695 49.335639, -115.933649 49.334612, -115.934602 49.333586, -115.935556 49.332560, -115.936509 49.331533, -115.937463 49.330507, -115.938416 49.329481, -115.939370 49.328454, -115.940323 49.327428, -115.941276 49.326401, -115.942230 49.325375, -115.943183 49.324349, -115.944136 49.323322, -115.945089 49.322296, -115.946042 49.321269, -115.946995 49.320243, -115.947948 49.319216, -115.948901 49.318190, -115.949854 49.317163, -115.950807 49.316137, -115.951760 49.315111, -115.952713 49.314084, -115.953666 49.313058, -115.954618 49.312031, -115.955571 49.311005, -115.956524 49.309978, -115.957476 49.308952, -115.958429 49.307925, -115.959382 49.306898, -115.960334 49.305872, -115.961286 49.304845, -115.962239 49.303819, -115.963191 49.302792, -115.964144 49.301766, -115.965096 49.300739, -115.966048 49.299712, -115.967000 49.298686, -115.967953 49.297659, -115.968905 49.296633, -115.969857 49.295606, -115.970809 49.294579, -115.971761 49.293553, -115.972713 49.292526, -115.973665 49.291499, -115.974617 49.290473, -115.975569 49.289446, -115.976521 49.288419, -115.977472 49.287393, -115.978424 49.286366, -115.979376 49.285339, -115.980327 49.284313, -115.981279 49.283286, -115.982231 49.282259, -115.983182 49.281232, -115.984134 49.280206, -115.985085 49.279179, -115.986037 49.278152, -115.986988 49.277125, -115.987939 49.276099, -115.988891 49.275072, -115.989842 49.274045, -115.990793 49.273018, -115.991744 49.271991, -115.992696 49.270965, -115.993647 49.269938, -115.994598 49.268911, -115.995549 49.267884, -115.996500 49.266857, -115.997451 49.265830, -115.998402 49.264804, -115.999353 49.263777, -116.000303 49.262750, -116.001254 49.261723, -116.002205 49.260696, -116.003156 49.259669, -116.004106 49.258642, -116.005057 49.257615, -116.006008 49.256588, -116.006958 49.255561, -116.007909 49.254535, -116.008859 49.253508, -116.009810 49.252481, -116.010760 49.251454, -116.011710 49.250427, -116.012661 49.249400, -116.013611 49.248373, -116.014561 49.247346, -116.015511 49.246319, -116.016462 49.245292, -116.017412 49.244265, -116.018362 49.243238, -116.019312 49.242211, -116.020262 49.241184, -116.021212 49.240157, -116.022162 49.239129, -116.023112 49.238102, -116.024062 49.237075, -116.025011 49.236048, -116.025961 49.235021, -116.026911 49.233994, -116.027861 49.232967, -116.028810 49.231940, -116.029760 49.230913, -116.030709 49.229886, -116.031659 49.228858, -116.032608 49.227831, -116.033558 49.226804, -116.034507 49.225777, -116.035457 49.224750, -116.036406 49.223723, -116.037355 49.222696, -116.038305 49.221668, -116.039254 49.220641, -116.040203 49.219614, -116.041152 49.218587, -116.042101 49.217560, -116.043050 49.216532, -116.043999 49.215505, -116.044948 49.214478, -116.045897 49.213451, -116.046846 49.212423, -116.047795 49.211396, -116.048744 49.210369, -116.049693 49.209341, -116.050641 49.208314, -116.051590 49.207287, -116.052539 49.206260, -116.053487 49.205232, -116.054436 49.204205, -116.055385 49.203178, -116.056333 49.202150, -116.057282 49.201123, -116.058230 49.200096, -116.059178 49.199068, -116.060127 49.198041, -116.061075 49.197013, -116.062023 49.195986, -116.062972 49.194959, -116.063920 49.193931, -116.064868 49.192904, -116.065816 49.191877, -116.066764 49.190849, -116.067712 49.189822, -116.068660 49.188794, -116.069608 49.187767, -116.070556 49.186739, -116.071504 49.185712, -116.072452 49.184684, -116.073399 49.183657, -116.074347 49.182629, -116.075295 49.181602, -116.076243 49.180574, -116.077190 49.179547, -116.078138 49.178519, -116.079085 49.177492, -116.080033 49.176464, -116.080980 49.175437, -116.081928 49.174409, -116.082875 49.173382, -116.083823 49.172354, -116.084770 49.171327, -116.085717 49.170299, -116.086665 49.169271, -116.087612 49.168244, -116.088559 49.167216, -116.089506 49.166189, -116.090453 49.165161, -116.091400 49.164133, -116.092347 49.163106, -116.093294 49.162078, -116.094241 49.161050, -116.095188 49.160023, -116.096135 49.158995, -116.097082 49.157968, -116.098029 49.156940, -116.098975 49.155912, -116.099922 49.154884, -116.100869 49.153857, -116.101815 49.152829, -116.102762 49.151801, -116.103708 49.150774, -116.104655 49.149746, -116.105601 49.148718, -116.106548 49.147690, -116.107494 49.146663, -116.108440 49.145635, -116.109387 49.144607, -116.110333 49.143579, -116.111279 49.142552, -116.112225 49.141524, -116.113172 49.140496, -116.114118 49.139468, -116.115064 49.138440, -116.116010 49.137412, -116.116956 49.136385, -116.117902 49.135357, -116.118848 49.134329, -116.119794 49.133301, -116.120739 49.132273, -116.121685 49.131245, -116.122631 49.130218, -116.123577 49.129190, -116.124522 49.128162, -116.125468 49.127134, -116.126414 49.126106, -116.127359 49.125078, -116.128305 49.124050, -116.129250 49.123022, -116.130196 49.121994, -116.131141 49.120966, -116.132086 49.119938, -116.133032 49.118910, -116.133977 49.117882, -116.134922 49.116854, -116.135867 49.115826, -116.136813 49.114798, -116.137758 49.113770, -116.138703 49.112742, -116.139648 49.111714, -116.140593 49.110686, -116.141538 49.109658, -116.142483 49.108630, -116.143428 49.107602, -116.144373 49.106574, -116.145317 49.105546, -116.146262 49.104518, -116.147207 49.103490, -116.148152 49.102462, -116.149096 49.101434, -116.150041 49.100406, -116.150985 49.099378, -116.151930 49.098349, -116.152875 49.097321, -116.153819 49.096293, -116.154763 49.095265, -116.155708 49.094237, -116.156652 49.093209, -116.157596 49.092181, -116.158541 49.091152, -116.159485 49.090124, -116.160429 49.089096, -116.161373 49.088068, -116.162317 49.087040, -116.163262 49.086011, -116.164206 49.084983, -116.165150 49.083955, -116.166094 49.082927, -116.167037 49.081899, -116.167981 49.080870, -116.168925 49.079842, -116.169869 49.078814, -116.170813 49.077785, -116.171756 49.076757, -116.172700 49.075729, -116.173644 49.074701, -116.174587 49.073672, -116.175531 49.072644, -116.176474 49.071616, -116.177418 49.070587, -116.178361 49.069559, -116.179305 49.068531, -116.180248 49.067502, -116.181192 49.066474, -116.182135 49.065446, -116.183078 49.064417, -116.184021 49.063389, -116.184964 49.062361, -116.185908 49.061332, -116.186851 49.060304, -116.187794 49.059275, -116.188737 49.058247, -116.189680 49.057218, -116.190623 49.056190, -116.191566 49.055162, -116.192508 49.054133, -116.193451 49.053105, -116.194394 49.052076, -116.195337 49.051048, -116.196280 49.050019, -116.197222 49.048991, -116.198165 49.047962, -116.199107 49.046934, -116.200050 49.045905, -116.200992 49.044877, -116.201935 49.043848, -116.202877 49.042820, -116.203820 49.041791, -116.204762 49.040763, -116.205704 49.039734, -116.206647 49.038705, -116.207589 49.037677, -116.208531 49.036648, -116.209473 49.035620, -116.210415 49.034591, -116.211358 49.033563, -116.212300 49.032534, -116.213242 49.031505, -116.214184 49.030477, -116.215125 49.029448, -116.216067 49.028419, -116.217009 49.027391, -116.217951 49.026362, -116.218893 49.025333, -116.219835 49.024305, -116.220776 49.023276, -116.221718 49.022247, -116.222660 49.021219, -116.223601 49.020190, -116.224543 49.019161, -116.225484 49.018133, -116.226426 49.017104, -116.227367 49.016075, -116.228308 49.015046, -116.229250 49.014018, -116.230191 49.012989, -116.231132 49.011960, -116.232074 49.010931, -116.233015 49.009903, -116.233956 49.008874, -116.234897 49.007845, -116.235838 49.006816, -116.236779 49.005787, -116.237720 49.004759, -116.238661 49.003730, -116.239602 49.002701, -116.240543 49.001672, -116.241484 49.000643, -116.242424 48.999614, -116.243365 48.998586, -116.244306 48.997557, -116.245247 48.996528, -116.246187 48.995499, -116.247128 48.994470, -116.248068 48.993441, -116.249009 48.992412, -116.249949 48.991383, -116.250890 48.990354, -116.251830 48.989325, -116.252771 48.988297, -116.253711 48.987268, -116.254651 48.986239, -116.255592 48.985210, -116.256532 48.984181, -116.257472 48.983152, -116.258412 48.982123, -116.259352 48.981094, -116.260292 48.980065, -116.261232 48.979036, -116.262172 48.978007, -116.263112 48.976978, -116.264052 48.975949, -116.264992 48.974920, -116.265932 48.973891, -116.266872 48.972862, -116.267811 48.971832, -116.268751 48.970803, -116.269691 48.969774, -116.270630 48.968745, -116.271570 48.967716, -116.272510 48.966687, -116.273449 48.965658, -116.274389 48.964629, -116.275328 48.963600, -116.276267 48.962571, -116.277207 48.961541, -116.278146 48.960512, -116.279085 48.959483, -116.280025 48.958454, -116.280964 48.957425, -116.281903 48.956396, -116.282842 48.955366, -116.283781 48.954337, -116.284720 48.953308, -116.285659 48.952279, -116.286598 48.951250, -116.287537 48.950220, -116.288476 48.949191, -116.289415 48.948162, -116.290354 48.947133, -116.291293 48.946103, -116.292231 48.945074, -116.293170 48.944045, -116.294109 48.943016, -116.295047 48.941986, -116.295986 48.940957, -116.296924 48.939928, -116.297863 48.938898, -116.298801 48.937869, -116.299740 48.936840, -116.300678 48.935811, -116.301617 48.934781, -116.302555 48.933752, -116.303493 48.932722, -116.304431 48.931693, -116.305370 48.930664, -116.306308 48.929634, -116.307246 48.928605, -116.308184 48.927576, -116.309122 48.926546, -116.310060 48.925517, -116.310998 48.924487, -116.311936 48.923458, -116.312874 48.922429, -116.313812 48.921399, -116.314750 48.920370, -116.315687 48.919340, -116.316625 48.918311, -116.317563 48.917281, -116.318500 48.916252, -116.319438 48.915222, -116.320376 48.914193, -116.321313 48.913163, -116.322251 48.912134, -116.323188 48.911104, -116.324126 48.910075, -116.325063 48.909045, -116.326000 48.908016, -116.326938 48.906986, -116.327875 48.905957, -116.328812 48.904927, -116.329749 48.903898, -116.330686 48.902868, -116.331624 48.901838, -116.332561 48.900809, -116.333498 48.899779, -116.334435 48.898750, -116.335372 48.897720, -116.336309 48.896690, -116.337246 48.895661, -116.338182 48.894631, -116.339119 48.893602, -116.340056 48.892572, -116.340993 48.891542, -116.341929 48.890513, -116.342866 48.889483, -116.343803 48.888453, -116.344739 48.887424, -116.345676 48.886394, -116.346612 48.885364, -116.347549 48.884334, -116.348485 48.883305, -116.349422 48.882275, -116.350358 48.881245, -116.351294 48.880216, -116.352230 48.879186, -116.353167 48.878156, -116.354103 48.877126, -116.355039 48.876097, -116.355975 48.875067, -116.356911 48.874037, -116.357847 48.873007, -116.358783 48.871977, -116.359719 48.870948, -116.360655 48.869918, -116.361591 48.868888, -116.362527 48.867858, -116.363463 48.866828, -116.364398 48.865798, -116.365334 48.864769, -116.366270 48.863739, -116.367206 48.862709, -116.368141 48.861679, -116.369077 48.860649, -116.370012 48.859619, -116.370948 48.858589, -116.371883 48.857559, -116.372819 48.856530, -116.373754 48.855500, -116.374689 48.854470, -116.375625 48.853440, -116.376560 48.852410, -116.377495 48.851380, -116.378430 48.850350, -116.379366 48.849320, -116.380301 48.848290, -116.381236 48.847260, -116.382171 48.846230, -116.383106 48.845200, -116.384041 48.844170, -116.384976 48.843140, -116.385911 48.842110, -116.386845 48.841080, -116.387780 48.840050, -116.388715 48.839020, -116.389650 48.837990, -116.390584 48.836960, -116.391519 48.835930, -116.392454 48.834900, -116.393388 48.833870, -116.394323 48.832839, -116.395257 48.831809, -116.396192 48.830779, -116.397126 48.829749, -116.398061 48.828719, -116.398995 48.827689, -116.399929 48.826659, -116.400864 48.825629, -116.401798 48.824598, -116.402732 48.823568, -116.403666 48.822538, -116.404600 48.821508, -116.405534 48.820478, -116.406468 48.819448, -116.407402 48.818417, -116.408336 48.817387, -116.409270 48.816357, -116.410204 48.815327, -116.411138 48.814297, -116.412072 48.813266, -116.413006 48.812236, -116.413939 48.811206, -116.414873 48.810176, -116.415807 48.809145, -116.416740 48.808115, -116.417674 48.807085, -116.418607 48.806055, -116.419541 48.805024, -116.420474 48.803994, -116.421408 48.802964, -116.422341 48.801933, -116.423274 48.800903, -116.424208 48.799873, -116.425141 48.798842, -116.426074 48.797812, -116.427007 48.796782, -116.427941 48.795751, -116.428874 48.794721, -116.429807 48.793691, -116.430740 48.792660, -116.431673 48.791630, -116.432606 48.790599, -116.433539 48.789569, -116.434472 48.788539, -116.435405 48.787508, -116.436337 48.786478, -116.437270 48.785447, -116.438203 48.784417, -116.439136 48.783386, -116.440068 48.782356, -116.441001 48.781326, -116.441933 48.780295, -116.442866 48.779265, -116.443798 48.778234, -116.444731 48.777204, -116.445663 48.776173, -116.446596 48.775143, -116.447528 48.774112, -116.448460 48.773082, -116.449393 48.772051, -116.450325 48.771021, -116.451257 48.769990, -116.452189 48.768959, -116.453121 48.767929, -116.454053 48.766898, -116.454986 48.765868, -116.455918 48.764837, -116.456850 48.763807, -116.457781 48.762776, -116.458713 48.761745, -116.459645 48.760715, -116.460577 48.759684, -116.461509 48.758653, -116.462441 48.757623, -116.463372 48.756592, -116.464304 48.755562, -116.465236 48.754531, -116.466167 48.753500, -116.467099 48.752470, -116.468030 48.751439, -116.468962 48.750408, -116.469893 48.749377, -116.470824 48.748347, -116.471756 48.747316, -116.472687 48.746285, -116.473618 48.745255, -116.474550 48.744224, -116.475481 48.743193, -116.476412 48.742162, -116.477343 48.741132, -116.478274 48.740101, -116.479205 48.739070, -116.480136 48.738039, -116.481067 48.737009, -116.481998 48.735978, -116.482929 48.734947, -116.483860 48.733916, -116.484791 48.732885, -116.485722 48.731854, -116.486652 48.730824, -116.487583 48.729793, -116.488514 48.728762, -116.489444 48.727731, -116.490375 48.726700, -116.491306 48.725669, -116.492236 48.724639, -116.493167 48.723608, -116.494097 48.722577, -116.495027 48.721546, -116.495958 48.720515, -116.496888 48.719484, -116.497818 48.718453, -116.498749 48.717422, -116.499679 48.716391, -116.500609 48.715360, -116.501539 48.714329, -116.502469 48.713298, -116.503399 48.712267, -116.504329 48.711236, -116.505259 48.710205, -116.506189 48.709174, -116.507119 48.708143, -116.508049 48.707112, -116.508979 48.706081, -116.509909 48.705050, -116.510838 48.704019, -116.511768 48.702988, -116.512698 48.701957, -116.513627 48.700926, -116.514557 48.699895, -116.515487 48.698864, -116.516416 48.697833, -116.517346 48.696802, -116.518275 48.695771, -116.519205 48.694740, -116.520134 48.693709, -116.521063 48.692678, -116.521993 48.691647, -116.522922 48.690615, -116.523851 48.689584, -116.524780 48.688553, -116.525709 48.687522, -116.526638 48.686491, -116.527568 48.685460, -116.528497 48.684429, -116.529426 48.683397, -116.530355 48.682366, -116.531283 48.681335, -116.532212 48.680304, -116.533141 48.679273, -116.534070 48.678241, -116.534999 48.677210, -116.535927 48.676179, -116.536856 48.675148, -116.537785 48.674116, -116.538713 48.673085, -116.539642 48.672054, -116.540571 48.671023, -116.541499 48.669991, -116.542427 48.668960, -116.543356 48.667929, -116.544284 48.666898, -116.545213 48.665866, -116.546141 48.664835, -116.547069 48.663804, -116.547997 48.662772, -116.548926 48.661741, -116.549854 48.660710, -116.550782 48.659678, -116.551710 48.658647, -116.552638 48.657616, -116.553566 48.656584, -116.554494 48.655553, -116.555422 48.654521, -116.556350 48.653490, -116.557278 48.652459, -116.558206 48.651427, -116.559133 48.650396, -116.560061 48.649364, -116.560989 48.648333, -116.561916 48.647302, -116.562844 48.646270, -116.563772 48.645239, -116.564699 48.644207, -116.565627 48.643176, -116.566554 48.642144, -116.567482 48.641113, -116.568409 48.640081, -116.569336 48.639050, -116.570264 48.638018, -116.571191 48.636987, -116.572118 48.635955, -116.573045 48.634924, -116.573973 48.633892, -116.574900 48.632861, -116.575827 48.631829, -116.576754 48.630798, -116.577681 48.629766, -116.578608 48.628734, -116.579535 48.627703, -116.580462 48.626671, -116.581389 48.625640, -116.582315 48.624608, -116.583242 48.623576, -116.584169 48.622545, -116.585096 48.621513, -116.586022 48.620482, -116.586949 48.619450, -116.587876 48.618418, -116.588802 48.617387, -116.589729 48.616355, -116.590655 48.615323, -116.591582 48.614292, -116.592508 48.613260, -116.593434 48.612228, -116.594361 48.611197, -116.595287 48.610165, -116.596213 48.609133, -116.597140 48.608101, -116.598066 48.607070, -116.598992 48.606038, -116.599918 48.605006, -116.600844 48.603975, -116.601770 48.602943, -116.602696 48.601911, -116.603622 48.600879, -116.604548 48.599847, -116.605474 48.598816, -116.606400 48.597784, -116.607326 48.596752, -116.608251 48.595720, -116.609177 48.594688, -116.610103 48.593657, -116.611028 48.592625, -116.611954 48.591593, -116.612880 48.590561, -116.613805 48.589529, -116.614731 48.588497, -116.615656 48.587466, -116.616582 48.586434, -116.617507 48.585402, -116.618432 48.584370, -116.619358 48.583338, -116.620283 48.582306, -116.621208 48.581274, -116.622133 48.580242, -116.623059 48.579210, -116.623984 48.578178, -116.624909 48.577146, -116.625834 48.576115, -116.626759 48.575083, -116.627684 48.574051, -116.628609 48.573019, -116.629534 48.571987, -116.630458 48.570955, -116.631383 48.569923, -116.632308 48.568891, -116.633233 48.567859, -116.634158 48.566827, -116.635082 48.565795, -116.636007 48.564763, -116.636931 48.563731, -116.637856 48.562699, -116.638781 48.561666, -116.639705 48.560634, -116.640630 48.559602, -116.641554 48.558570, -116.642478 48.557538, -116.643403 48.556506, -116.644327 48.555474, -116.645251 48.554442, -116.646175 48.553410, -116.647100 48.552378, -116.648024 48.551346, -116.648948 48.550313, -116.649872 48.549281, -116.650796 48.548249, -116.651720 48.547217, -116.652644 48.546185, -116.653568 48.545153, -116.654492 48.544120, -116.655416 48.543088, -116.656339 48.542056, -116.657263 48.541024, -116.658187 48.539992, -116.659111 48.538959, -116.660034 48.537927, -116.660958 48.536895, -116.661881 48.535863, -116.662805 48.534831, -116.663728 48.533798, -116.664652 48.532766, -116.665575 48.531734, -116.666499 48.530701, -116.667422 48.529669, -116.668345 48.528637, -116.669269 48.527605, -116.670192 48.526572, -116.671115 48.525540, -116.672038 48.524508, -116.672961 48.523475, -116.673885 48.522443, -116.674808 48.521411, -116.675731 48.520378, -116.676654 48.519346, -116.677577 48.518314, -116.678499 48.517281, -116.679422 48.516249, -116.680345 48.515216, -116.681268 48.514184, -116.682191 48.513152, -116.683113 48.512119, -116.684036 48.511087, -116.684959 48.510054, -116.685881 48.509022, -116.686804 48.507990, -116.687726 48.506957, -116.688649 48.505925, -116.689571 48.504892, -116.690494 48.503860, -116.691416 48.502827, -116.692339 48.501795, -116.693261 48.500762, -116.694183 48.499730, -116.695105 48.498697, -116.696028 48.497665, -116.696950 48.496632, -116.697872 48.495600, -116.698794 48.494567, -116.699716 48.493535, -116.700638 48.492502, -116.701560 48.491470, -116.702482 48.490437, -116.703404 48.489404, -116.704326 48.488372, -116.705247 48.487339, -116.706169 48.486307, -116.707091 48.485274, -116.708013 48.484241, -116.708934 48.483209, -116.709856 48.482176, -116.710777 48.481144, -116.711699 48.480111, -116.712621 48.479078, -116.713542 48.478046, -116.714463 48.477013, -116.715385 48.475980, -116.716306 48.474948, -116.717228 48.473915, -116.718149 48.472882, -116.719070 48.471850, -116.719991 48.470817, -116.720912 48.469784, -116.721834 48.468752, -116.722755 48.467719, -116.723676 48.466686, -116.724597 48.465653, -116.725518 48.464621, -116.726439 48.463588, -116.727360 48.462555, -116.728281 48.461522, -116.729201 48.460490, -116.730122 48.459457, -116.731043 48.458424, -116.731964 48.457391, -116.732884 48.456358, -116.733805 48.455326, -116.734726 48.454293, -116.735646 48.453260, -116.736567 48.452227, -116.737487 48.451194, -116.738408 48.450161, -116.739328 48.449129, -116.740249 48.448096, -116.741169 48.447063, -116.742089 48.446030, -116.743009 48.444997, -116.743930 48.443964, -116.744850 48.442931, -116.745770 48.441898, -116.746690 48.440865, -116.747610 48.439832, -116.748530 48.438800, -116.749450 48.437767, -116.750370 48.436734, -116.751290 48.435701, -116.752210 48.434668, -116.753130 48.433635, -116.754050 48.432602, -116.754970 48.431569, -116.755889 48.430536, -116.756809 48.429503, -116.757729 48.428470, -116.758648 48.427437, -116.759568 48.426404, -116.760488 48.425371, -116.761407 48.424338, -116.762327 48.423305, -116.763246 48.422272, -116.764166 48.421239, -116.765085 48.420206, -116.766004 48.419173, -116.766924 48.418139, -116.767843 48.417106, -116.768762 48.416073, -116.769681 48.415040, -116.770600 48.414007, -116.771520 48.412974, -116.772439 48.411941, -116.773358 48.410908, -116.774277 48.409875, -116.775196 48.408841, -116.776115 48.407808, -116.777033 48.406775, -116.777952 48.405742, -116.778871 48.404709, -116.779790 48.403676, -116.780709 48.402642, -116.781627 48.401609, -116.782546 48.400576, -116.783465 48.399543, -116.784383 48.398510, -116.785302 48.397476, -116.786220 48.396443, -116.787139 48.395410, -116.788057 48.394377, -116.788976 48.393343, -116.789894 48.392310, -116.790812 48.391277, -116.791731 48.390244, -116.792649 48.389210, -116.793567 48.388177, -116.794485 48.387144, -116.795404 48.386110, -116.796322 48.385077, -116.797240 48.384044, -116.798158 48.383011, -116.799076 48.381977, -116.799994 48.380944, -116.800912 48.379911, -116.801830 48.378877, -116.802747 48.377844, -116.803665 48.376810, -116.804583 48.375777, -116.805501 48.374744, -116.806418 48.373710, -116.807336 48.372677, -116.808254 48.371643, -116.809171 48.370610, -116.810089 48.369577, -116.811006 48.368543, -116.811924 48.367510, -116.812841 48.366476, -116.813759 48.365443, -116.814676 48.364409, -116.815593 48.363376, -116.816511 48.362343, -116.817428 48.361309, -116.818345 48.360276, -116.819262 48.359242, -116.820179 48.358209, -116.821097 48.357175, -116.822014 48.356142, -116.822931 48.355108, -116.823848 48.354074, -116.824765 48.353041, -116.825682 48.352007, -116.826598 48.350974, -116.827515 48.349940, -116.828432 48.348907, -116.829349 48.347873, -116.830266 48.346840, -116.831182 48.345806, -116.832099 48.344772, -116.833016 48.343739, -116.833932 48.342705, -116.834849 48.341672, -116.835765 48.340638, -116.836682 48.339604, -116.837598 48.338571, -116.838514 48.337537, -116.839431 48.336503, -116.840347 48.335470, -116.841263 48.334436, -116.842180 48.333402, -116.843096 48.332369, -116.844012 48.331335, -116.844928 48.330301, -116.845844 48.329268, -116.846760 48.328234, -116.847676 48.327200, -116.848592 48.326166, -116.849508 48.325133, -116.850424 48.324099, -116.851340 48.323065, -116.852256 48.322031, -116.853172 48.320998, -116.854088 48.319964, -116.855003 48.318930, -116.855919 48.317896, -116.856835 48.316863, -116.857750 48.315829, -116.858666 48.314795, -116.859581 48.313761, -116.860497 48.312727, -116.861412 48.311694, -116.862328 48.310660, -116.863243 48.309626, -116.864159 48.308592, -116.865074 48.307558, -116.865989 48.306524, -116.866904 48.305490, -116.867820 48.304457, -116.868735 48.303423, -116.869650 48.302389, -116.870565 48.301355, -116.871480 48.300321, -116.872395 48.299287, -116.873310 48.298253, -116.874225 48.297219, -116.875140 48.296185, -116.876055 48.295151, -116.876970 48.294117, -116.877885 48.293083, -116.878799 48.292049, -116.879714 48.291015, -116.880629 48.289982, -116.881543 48.288948, -116.882458 48.287914, -116.883373 48.286880, -116.884287 48.285846, -116.885202 48.284812, -116.886116 48.283777, -116.887031 48.282743, -116.887945 48.281709, -116.888859 48.280675, -116.889774 48.279641, -116.890688 48.278607, -116.891602 48.277573, -116.892516 48.276539, -116.893431 48.275505, -116.894345 48.274471, -116.895259 48.273437, -116.896173 48.272403, -116.897087 48.271369, -116.898001 48.270335, -116.898915 48.269300, -116.899829 48.268266, -116.900743 48.267232, -116.901656 48.266198, -116.902570 48.265164, -116.903484 48.264130, -116.904398 48.263096, -116.905311 48.262061, -116.906225 48.261027, -116.907139 48.259993, -116.908052 48.258959, -116.908966 48.257925, -116.909879 48.256890, -116.910793 48.255856, -116.911706 48.254822, -116.912620 48.253788, -116.913533 48.252753, -116.914446 48.251719, -116.915360 48.250685, -116.916273 48.249651, -116.917186 48.248616, -116.918099 48.247582, -116.919012 48.246548, -116.919925 48.245514, -116.920839 48.244479, -116.921752 48.243445, -116.922665 48.242411, -116.923578 48.241376, -116.924490 48.240342, -116.925403 48.239308, -116.926316 48.238273, -116.927229 48.237239, -116.928142 48.236205, -116.929054 48.235170, -116.929967 48.234136, -116.930880 48.233102, -116.931792 48.232067, -116.932705 48.231033, -116.933618 48.229998, -116.934530 48.228964, -116.935443 48.227930, -116.936355 48.226895, -116.937267 48.225861, -116.938180 48.224826, -116.939092 48.223792, -116.940004 48.222757, -116.940917 48.221723, -116.941829 48.220688, -116.942741 48.219654, -116.943653 48.218619, -116.944565 48.217585, -116.945477 48.216550, -116.946389 48.215516, -116.947301 48.214481, -116.948213 48.213447, -116.949125 48.212412, -116.950037 48.211378, -116.950949 48.210343, -116.951861 48.209309, -116.952773 48.208274, -116.953684 48.207240, -116.954596 48.206205, -116.955508 48.205171, -116.956419 48.204136, -116.957331 48.203101, -116.958242 48.202067, -116.959154 48.201032, -116.960065 48.199998, -116.960977 48.198963, -116.961888 48.197928, -116.962800 48.196894, -116.963711 48.195859, -116.964622 48.194824, -116.965534 48.193790, -116.966445 48.192755, -116.967356 48.191721, -116.968267 48.190686, -116.969178 48.189651, -116.970089 48.188616, -116.971000 48.187582, -116.971911 48.186547, -116.972822 48.185512, -116.973733 48.184478, -116.974644 48.183443, -116.975555 48.182408, -116.976466 48.181373, -116.977377 48.180339, -116.978287 48.179304, -116.979198 48.178269, -116.980109 48.177234, -116.981019 48.176200, -116.981930 48.175165, -116.982840 48.174130, -116.983751 48.173095, -116.984661 48.172060, -116.985572 48.171026, -116.986482 48.169991, -116.987393 48.168956, -116.988303 48.167921, -116.989213 48.166886, -116.990124 48.165852, -116.991034 48.164817, -116.991944 48.163782, -116.992854 48.162747, -116.993764 48.161712, -116.994674 48.160677, -116.995584 48.159642, -116.996494 48.158607, -116.997404 48.157572, -116.998314 48.156538, -116.999224 48.155503, -117.000134 48.154468, -117.001044 48.153433, -117.001954 48.152398, -117.002864 48.151363, -117.003773 48.150328, -117.004683 48.149293, -117.005593 48.148258, -117.006502 48.147223, -117.007412 48.146188, -117.008321 48.145153, -117.009231 48.144118, -117.010140 48.143083, -117.011050 48.142048, -117.011959 48.141013, -117.012868 48.139978, -117.013778 48.138943, -117.014687 48.137908, -117.015596 48.136873, -117.016505 48.135838, -117.017415 48.134803, -117.018324 48.133768, -117.019233 48.132733, -117.020142 48.131698, -117.021051 48.130662, -117.021960 48.129627, -117.022869 48.128592, -117.023778 48.127557, -117.024687 48.126522, -117.025595 48.125487, -117.026504 48.124452, -117.027413 48.123417, -117.028322 48.122382, -117.029230 48.121346, -117.030139 48.120311, -117.031048 48.119276, -117.031956 48.118241, -117.032865 48.117206, -117.033773 48.116170, -117.034682 48.115135, -117.035590 48.114100, -117.036499 48.113065, -117.037407 48.112030, -117.038315 48.110994, -117.039224 48.109959, -117.040132 48.108924, -117.041040 48.107889, -117.041948 48.106853, -117.042856 48.105818, -117.043764 48.104783, -117.044672 48.103748, -117.045581 48.102712, -117.046488 48.101677, -117.047396 48.100642, -117.048304 48.099606, -117.049212 48.098571, -117.050120 48.097536, -117.051028 48.096501, -117.051936 48.095465, -117.052843 48.094430, -117.053751 48.093395, -117.054659 48.092359, -117.055566 48.091324, -117.056474 48.090288, -117.057382 48.089253, -117.058289 48.088218, -117.059197 48.087182, -117.060104 48.086147, -117.061011 48.085111, -117.061919 48.084076, -117.062826 48.083041, -117.063733 48.082005, -117.064641 48.080970, -117.065548 48.079934, -117.066455 48.078899, -117.067362 48.077863, -117.068269 48.076828, -117.069176 48.075793, -117.070083 48.074757, -117.070991 48.073722, -117.071897 48.072686, -117.072804 48.071651, -117.073711 48.070615, -117.074618 48.069580, -117.075525 48.068544, -117.076432 48.067509, -117.077339 48.066473, -117.078245 48.065437, -117.079152 48.064402, -117.080059 48.063366, -117.080965 48.062331, -117.081872 48.061295, -117.082778 48.060260, -117.083685 48.059224, -117.084591 48.058188, -117.085498 48.057153, -117.086404 48.056117, -117.087310 48.055082, -117.088217 48.054046, -117.089123 48.053010, -117.090029 48.051975, -117.090935 48.050939, -117.091842 48.049903, -117.092748 48.048868, -117.093654 48.047832, -117.094560 48.046796, -117.095466 48.045761, -117.096372 48.044725, -117.097278 48.043689, -117.098184 48.042654, -117.099090 48.041618, -117.099995 48.040582, -117.100901 48.039547, -117.101807 48.038511, -117.102713 48.037475, -117.103618 48.036439, -117.104524 48.035404, -117.105430 48.034368, -117.106335 48.033332, -117.107241 48.032296, -117.108146 48.031261, -117.109052 48.030225, -117.109957 48.029189, -117.110863 48.028153, -117.111768 48.027117, -117.112673 48.026082, -117.113579 48.025046, -117.114484 48.024010, -117.115389 48.022974, -117.116294 48.021938, -117.117200 48.020902, -117.118105 48.019867, -117.119010 48.018831, -117.119915 48.017795, -117.120820 48.016759, -117.121725 48.015723, -117.122630 48.014687, -117.123535 48.013651, -117.124439 48.012615, -117.125344 48.011580, -117.126249 48.010544, -117.127154 48.009508, -117.128058 48.008472, -117.128963 48.007436, -117.129868 48.006400, -117.130772 48.005364, -117.131677 48.004328, -117.132581 48.003292, -117.133486 48.002256, -117.134390 48.001220, -117.135295 48.000184, -117.136199 47.999148, -117.137104 47.998112, -117.138008 47.997076, -117.138912 47.996040, -117.139816 47.995004, -117.140721 47.993968, -117.141625 47.992932, -117.142529 47.991896, -117.143433 47.990860, -117.144337 47.989824, -117.145241 47.988788, -117.146145 47.987752, -117.147049 47.986716, -117.147953 47.985679, -117.148857 47.984643, -117.149761 47.983607, -117.150664 47.982571, -117.151568 47.981535, -117.152472 47.980499, -117.153376 47.979463, -117.154279 47.978427, -117.155183 47.977391, -117.156087 47.976354, -117.156990 47.975318, -117.157894 47.974282, -117.158797 47.973246, -117.159701 47.972210, -117.160604 47.971173, -117.161507 47.970137, -117.162411 47.969101, -117.163314 47.968065, -117.164217 47.967029, -117.165120 47.965992, -117.166024 47.964956, -117.166927 47.963920, -117.167830 47.962884, -117.168733 47.961847, -117.169636 47.960811, -117.170539 47.959775, -117.171442 47.958739, -117.172345 47.957702, -117.173248 47.956666, -117.174151 47.955630, -117.175053 47.954594, -117.175956 47.953557, -117.176859 47.952521, -117.177762 47.951485, -117.178664 47.950448, -117.179567 47.949412, -117.180470 47.948376, -117.181372 47.947339, -117.182275 47.946303, -117.183177 47.945267, -117.184080 47.944230, -117.184982 47.943194, -117.185885 47.942157, -117.186787 47.941121, -117.187689 47.940085, -117.188592 47.939048, -117.189494 47.938012, -117.190396 47.936975, -117.191298 47.935939, -117.192200 47.934902, -117.193102 47.933866, -117.194004 47.932830, -117.194906 47.931793, -117.195808 47.930757, -117.196710 47.929720, -117.197612 47.928684, -117.198514 47.927647, -117.199416 47.926611, -117.200318 47.925574, -117.201220 47.924538, -117.202121 47.923501, -117.203023 47.922465, -117.203925 47.921428, -117.204826 47.920392, -117.205728 47.919355, -117.206630 47.918319, -117.207531 47.917282, -117.208433 47.916245, -117.209334 47.915209, -117.210235 47.914172, -117.211137 47.913136, -117.212038 47.912099, -117.212939 47.911063, -117.213841 47.910026, -117.214742 47.908989, -117.215643 47.907953, -117.216544 47.906916, -117.217445 47.905879, -117.218347 47.904843, -117.219248 47.903806, -117.220149 47.902770, -117.221050 47.901733, -117.221951 47.900696, -117.222851 47.899660, -117.223752 47.898623, -117.224653 47.897586, -117.225554 47.896549, -117.226455 47.895513, -117.227355 47.894476, -117.228256 47.893439, -117.229157 47.892403, -117.230057 47.891366, -117.230958 47.890329, -117.231859 47.889292, -117.232759 47.888256, -117.233660 47.887219, -117.234560 47.886182, -117.235460 47.885145, -117.236361 47.884109, -117.237261 47.883072, -117.238161 47.882035, -117.239062 47.880998, -117.239962 47.879961, -117.240862 47.878925, -117.241762 47.877888, -117.242662 47.876851, -117.243562 47.875814, -117.244462 47.874777, -117.245362 47.873740, -117.246262 47.872704, -117.247162 47.871667, -117.248062 47.870630, -117.248962 47.869593, -117.249862 47.868556, -117.250762 47.867519, -117.251662 47.866482, -117.252561 47.865445, -117.253461 47.864408, -117.254361 47.863371, -117.255260 47.862335, -117.256160 47.861298, -117.257059 47.860261, -117.257959 47.859224, -117.258858 47.858187, -117.259758 47.857150, -117.260657 47.856113, -117.261556 47.855076, -117.262456 47.854039, -117.263355 47.853002, -117.264254 47.851965, -117.265154 47.850928, -117.266053 47.849891, -117.266952 47.848854, -117.267851 47.847817, -117.268750 47.846780, -117.269649 47.845743, -117.270548 47.844706, -117.271447 47.843669, -117.272346 47.842632, -117.273245 47.841595, -117.274144 47.840557, -117.275043 47.839520, -117.275941 47.838483, -117.276840 47.837446, -117.277739 47.836409, -117.278638 47.835372, -117.279536 47.834335, -117.280435 47.833298, -117.281333 47.832261, -117.282232 47.831223, -117.283130 47.830186, -117.284029 47.829149, -117.284927 47.828112, -117.285826 47.827075, -117.286724 47.826038, -117.287622 47.825000, -117.288521 47.823963, -117.289419 47.822926, -117.290317 47.821889, -117.291215 47.820852, -117.292113 47.819814, -117.293011 47.818777, -117.293910 47.817740, -117.294808 47.816703, -117.295706 47.815666, -117.296604 47.814628, -117.297501 47.813591, -117.298399 47.812554, -117.299297 47.811516, -117.300195 47.810479, -117.301093 47.809442, -117.301991 47.808405, -117.302888 47.807367, -117.303786 47.806330, -117.304684 47.805293, -117.305581 47.804255, -117.306479 47.803218, -117.307376 47.802181, -117.308274 47.801143, -117.309171 47.800106, -117.310069 47.799069, -117.310966 47.798031, -117.311863 47.796994, -117.312761 47.795957, -117.313658 47.794919, -117.314555 47.793882, -117.315452 47.792844, -117.316350 47.791807, -117.317247 47.790770, -117.318144 47.789732, -117.319041 47.788695, -117.319938 47.787657, -117.320835 47.786620, -117.321732 47.785582, -117.322629 47.784545, -117.323526 47.783508, -117.324422 47.782470, -117.325319 47.781433, -117.326216 47.780395, -117.327113 47.779358, -117.328010 47.778320, -117.328906 47.777283, -117.329803 47.776245, -117.330699 47.775208, -117.331596 47.774170, -117.332493 47.773133, -117.333389 47.772095, -117.334285 47.771057, -117.335182 47.770020, -117.336078 47.768982, -117.336975 47.767945, -117.337871 47.766907, -117.338767 47.765870, -117.339663 47.764832, -117.340560 47.763794, -117.341456 47.762757, -117.342352 47.761719, -117.343248 47.760682, -117.344144 47.759644, -117.345040 47.758606, -117.345936 47.757569, -117.346832 47.756531, -117.347728 47.755493, -117.348624 47.754456, -117.349520 47.753418, -117.350416 47.752380, -117.351311 47.751343, -117.352207 47.750305, -117.353103 47.749267, -117.353998 47.748230, -117.354894 47.747192, -117.355790 47.746154, -117.356685 47.745117, -117.357581 47.744079, -117.358476 47.743041, -117.359372 47.742003, -117.360267 47.740966, -117.361163 47.739928, -117.362058 47.738890, -117.362953 47.737852, -117.363848 47.736815, -117.364744 47.735777, -117.365639 47.734739, -117.366534 47.733701, -117.367429 47.732663, -117.368324 47.731626, -117.369219 47.730588, -117.370114 47.729550, -117.371009 47.728512, -117.371904 47.727474, -117.372799 47.726436, -117.373694 47.725399, -117.374589 47.724361, -117.375484 47.723323, -117.376379 47.722285, -117.377273 47.721247, -117.378168 47.720209, -117.379063 47.719171, -117.379957 47.718133, -117.380852 47.717096, -117.381746 47.716058, -117.382641 47.715020, -117.383535 47.713982, -117.384430 47.712944, -117.385324 47.711906, -117.386219 47.710868, -117.387113 47.709830, -117.388007 47.708792, -117.388902 47.707754, -117.389796 47.706716, -117.390690 47.705678, -117.391584 47.704640, -117.392478 47.703602, -117.393373 47.702564, -117.394267 47.701526, -117.395161 47.700488, -117.396055 47.699450, -117.396949 47.698412, -117.397843 47.697374, -117.398736 47.696336, -117.399630 47.695298, -117.400524 47.694260, -117.401418 47.693222, -117.402312 47.692184, -117.403205 47.691146, -117.404099 47.690108, -117.404993 47.689069, -117.405886 47.688031, -117.406780 47.686993, -117.407673 47.685955, -117.408567 47.684917, -117.409460 47.683879, -117.410354 47.682841, -117.411247 47.681803, -117.412140 47.680764, -117.413034 47.679726, -117.413927 47.678688, -117.414820 47.677650, -117.415713 47.676612, -117.416607 47.675574, -117.417500 47.674535, -117.418393 47.673497, -117.419286 47.672459, -117.420179 47.671421, -117.421072 47.670383, -117.421965 47.669344, -117.422858 47.668306, -117.423751 47.667268, -117.424644 47.666230, -117.425536 47.665191, -117.426429 47.664153, -117.427322 47.663115, -117.428215 47.662077, -117.429107 47.661038, -117.430000 47.660000, -117.430740 47.661091, -117.431479 47.662183, -117.432219 47.663274, -117.432958 47.664365, -117.433698 47.665457, -117.434438 47.666548, -117.435178 47.667639, -117.435917 47.668730, -117.436657 47.669822, -117.437397 47.670913, -117.438137 47.672004, -117.438877 47.673096, -117.439617 47.674187, -117.440357 47.675278, -117.441097 47.676369, -117.441837 47.677461, -117.442577 47.678552, -117.443317 47.679643, -117.444057 47.680734, -117.444797 47.681825, -117.445537 47.682917, -117.446278 47.684008, -117.447018 47.685099, -117.447758 47.686190, -117.448498 47.687282, -117.449239 47.688373, -117.449979 47.689464, -117.450720 47.690555, -117.451460 47.691646, -117.452200 47.692738, -117.452941 47.693829, -117.453681 47.694920, -117.454422 47.696011, -117.455163 47.697102, -117.455903 47.698193, -117.456644 47.699285, -117.457385 47.700376, -117.458125 47.701467, -117.458866 47.702558, -117.459607 47.703649, -117.460348 47.704740, -117.461088 47.705831, -117.461829 47.706922, -117.462570 47.708014, -117.463311 47.709105, -117.464052 47.710196, -117.464793 47.711287, -117.465534 47.712378, -117.466275 47.713469, -117.467016 47.714560, -117.467757 47.715651, -117.468498 47.716742, -117.469240 47.717833, -117.469981 47.718924, -117.470722 47.720016, -117.471463 47.721107, -117.472205 47.722198, -117.472946 47.723289, -117.473687 47.724380, -117.474429 47.725471, -117.475170 47.726562, -117.475912 47.727653, -117.476653 47.728744, -117.477395 47.729835, -117.478136 47.730926, -117.478878 47.732017, -117.479619 47.733108, -117.480361 47.734199, -117.481103 47.735290, -117.481844 47.736381, -117.482586 47.737472, -117.483328 47.738563, -117.484070 47.739654, -117.484811 47.740745, -117.485553 47.741836, -117.486295 47.742927, -117.487037 47.744018, -117.487779 47.745109, -117.488521 47.746200, -117.489263 47.747291, -117.490005 47.748381, -117.490747 47.749472, -117.491489 47.750563, -117.492231 47.751654, -117.492974 47.752745, -117.493716 47.753836, -117.494458 47.754927, -117.495200 47.756018, -117.495943 47.757109, -117.496685 47.758200, -117.497427 47.759291, -117.498170 47.760382, -117.498912 47.761472, -117.499655 47.762563, -117.500397 47.763654, -117.501140 47.764745, -117.501882 47.765836, -117.502625 47.766927, -117.503367 47.768018, -117.504110 47.769108, -117.504853 47.770199, -117.505595 47.771290, -117.506338 47.772381, -117.507081 47.773472, -117.507824 47.774563, -117.508566 47.775653, -117.509309 47.776744, -117.510052 47.777835, -117.510795 47.778926, -117.511538 47.780017, -117.512281 47.781107, -117.513024 47.782198, -117.513767 47.783289, -117.514510 47.784380, -117.515253 47.785471, -117.515996 47.786561, -117.516740 47.787652, -117.517483 47.788743, -117.518226 47.789834, -117.518969 47.790924, -117.519712 47.792015, -117.520456 47.793106, -117.521199 47.794197, -117.521943 47.795287, -117.522686 47.796378, -117.523429 47.797469, -117.524173 47.798560, -117.524916 47.799650, -117.525660 47.800741, -117.526404 47.801832, -117.527147 47.802922, -117.527891 47.804013, -117.528634 47.805104, -117.529378 47.806194, -117.530122 47.807285, -117.530866 47.808376, -117.531609 47.809466, -117.532353 47.810557, -117.533097 47.811648, -117.533841 47.812738, -117.534585 47.813829, -117.535329 47.814920, -117.536073 47.816010, -117.536817 47.817101, -117.537561 47.818192, -117.538305 47.819282, -117.539049 47.820373, -117.539793 47.821463, -117.540537 47.822554, -117.541282 47.823645, -117.542026 47.824735, -117.542770 47.825826, -117.543514 47.826916, -117.544259 47.828007, -117.545003 47.829098, -117.545747 47.830188, -117.546492 47.831279, -117.547236 47.832369, -117.547981 47.833460, -117.548725 47.834551, -117.549470 47.835641, -117.550214 47.836732, -117.550959 47.837822, -117.551704 47.838913, -117.552448 47.840003, -117.553193 47.841094, -117.553938 47.842184, -117.554682 47.843275, -117.555427 47.844365, -117.556172 47.845456, -117.556917 47.846546, -117.557662 47.847637, -117.558407 47.848727, -117.559152 47.849818, -117.559897 47.850908, -117.560642 47.851999, -117.561387 47.853089, -117.562132 47.854180, -117.562877 47.855270, -117.563622 47.856361, -117.564367 47.857451, -117.565112 47.858542, -117.565858 47.859632, -117.566603 47.860722, -117.567348 47.861813, -117.568093 47.862903, -117.568839 47.863994, -117.569584 47.865084, -117.570330 47.866175, -117.571075 47.867265, -117.571821 47.868355, -117.572566 47.869446, -117.573312 47.870536, -117.574057 47.871627, -117.574803 47.872717, -117.575548 47.873807, -117.576294 47.874898, -117.577040 47.875988, -117.577786 47.877079, -117.578531 47.878169, -117.579277 47.879259, -117.580023 47.880350, -117.580769 47.881440, -117.581515 47.882530, -117.582261 47.883621, -117.583007 47.884711, -117.583753 47.885801, -117.584499 47.886892, -117.585245 47.887982, -117.585991 47.889072, -117.586737 47.890163, -117.587483 47.891253, -117.588229 47.892343, -117.588975 47.893434, -117.589722 47.894524, -117.590468 47.895614, -117.591214 47.896704, -117.591960 47.897795, -117.592707 47.898885, -117.593453 47.899975, -117.594200 47.901066, -117.594946 47.902156, -117.595693 47.903246, -117.596439 47.904336, -117.597186 47.905427, -117.597932 47.906517, -117.598679 47.907607, -117.599425 47.908697, -117.600172 47.909787, -117.600919 47.910878, -117.601666 47.911968, -117.602412 47.913058, -117.603159 47.914148, -117.603906 47.915239, -117.604653 47.916329, -117.605400 47.917419, -117.606147 47.918509, -117.606894 47.919599, -117.607641 47.920689, -117.608388 47.921780, -117.609135 47.922870, -117.609882 47.923960, -117.610629 47.925050, -117.611376 47.926140, -117.612123 47.927230, -117.612870 47.928321, -117.613618 47.929411, -117.614365 47.930501, -117.615112 47.931591, -117.615860 47.932681, -117.616607 47.933771, -117.617354 47.934861, -117.618102 47.935951, -117.618849 47.937042, -117.619597 47.938132, -117.620344 47.939222, -117.621092 47.940312, -117.621839 47.941402, -117.622587 47.942492, -117.623335 47.943582, -117.624082 47.944672, -117.624830 47.945762, -117.625578 47.946852, -117.626326 47.947942, -117.627073 47.949032, -117.627821 47.950122, -117.628569 47.951213, -117.629317 47.952303, -117.630065 47.953393, -117.630813 47.954483, -117.631561 47.955573, -117.632309 47.956663, -117.633057 47.957753, -117.633805 47.958843, -117.634553 47.959933, -117.635301 47.961023, -117.636050 47.962113, -117.636798 47.963203, -117.637546 47.964293, -117.638294 47.965383, -117.639043 47.966473, -117.639791 47.967563, -117.640539 47.968653, -117.641288 47.969742, -117.642036 47.970832, -117.642785 47.971922, -117.643533 47.973012, -117.644282 47.974102, -117.645030 47.975192, -117.645779 47.976282, -117.646528 47.977372, -117.647276 47.978462, -117.648025 47.979552, -117.648774 47.980642, -117.649522 47.981732, -117.650271 47.982822, -117.651020 47.983912, -117.651769 47.985001, -117.652518 47.986091, -117.653267 47.987181, -117.654016 47.988271, -117.654765 47.989361, -117.655514 47.990451, -117.656263 47.991541, -117.657012 47.992631, -117.657761 47.993720, -117.658510 47.994810, -117.659259 47.995900, -117.660008 47.996990, -117.660758 47.998080, -117.661507 47.999170, -117.662256 48.000259, -117.663005 48.001349, -117.663755 48.002439, -117.664504 48.003529, -117.665254 48.004619, -117.666003 48.005708, -117.666753 48.006798, -117.667502 48.007888, -117.668252 48.008978, -117.669001 48.010068, -117.669751 48.011157, -117.670500 48.012247, -117.671250 48.013337, -117.672000 48.014427, -117.672750 48.015516, -117.673499 48.016606, -117.674249 48.017696, -117.674999 48.018786, -117.675749 48.019875, -117.676499 48.020965, -117.677249 48.022055, -117.677999 48.023145, -117.678749 48.024234, -117.679499 48.025324, -117.680249 48.026414, -117.680999 48.027503, -117.681749 48.028593, -117.682499 48.029683, -117.683249 48.030772, -117.683999 48.031862, -117.684750 48.032952, -117.685500 48.034041, -117.686250 48.035131, -117.687001 48.036221, -117.687751 48.037310, -117.688501 48.038400, -117.689252 48.039490, -117.690002 48.040579, -117.690753 48.041669, -117.691503 48.042759, -117.692254 48.043848, -117.693004 48.044938, -117.693755 48.046028, -117.694506 48.047117, -117.695256 48.048207, -117.696007 48.049296, -117.696758 48.050386, -117.697509 48.051476, -117.698260 48.052565, -117.699010 48.053655, -117.699761 48.054744, -117.700512 48.055834, -117.701263 48.056923, -117.702014 48.058013, -117.702765 48.059103, -117.703516 48.060192, -117.704267 48.061282, -117.705018 48.062371, -117.705769 48.063461, -117.706521 48.064550, -117.707272 48.065640, -117.708023 48.066729, -117.708774 48.067819, -117.709526 48.068908, -117.710277 48.069998, -117.711028 48.071087, -117.711780 48.072177, -117.712531 48.073266, -117.713283 48.074356, -117.714034 48.075445, -117.714786 48.076535, -117.715537 48.077624, -117.716289 48.078714, -117.717040 48.079803, -117.717792 48.080893, -117.718544 48.081982, -117.719295 48.083072, -117.720047 48.084161, -117.720799 48.085251, -117.721551 48.086340, -117.722302 48.087429, -117.723054 48.088519, -117.723806 48.089608, -117.724558 48.090698, -117.725310 48.091787, -117.726062 48.092877, -117.726814 48.093966, -117.727566 48.095055, -117.728318 48.096145, -117.729070 48.097234, -117.729823 48.098323, -117.730575 48.099413, -117.731327 48.100502, -117.732079 48.101592, -117.732832 48.102681, -117.733584 48.103770, -117.734336 48.104860, -117.735089 48.105949, -117.735841 48.107038, -117.736593 48.108128, -117.737346 48.109217, -117.738098 48.110306, -117.738851 48.111396, -117.739603 48.112485, -117.740356 48.113574, -117.741109 48.114664, -117.741861 48.115753, -117.742614 48.116842, -117.743367 48.117932, -117.744120 48.119021, -117.744872 48.120110, -117.745625 48.121199, -117.746378 48.122289, -117.747131 48.123378, -117.747884 48.124467, -117.748637 48.125556, -117.749390 48.126646, -117.750143 48.127735, -117.750896 48.128824, -117.751649 48.129913, -117.752402 48.131003, -117.753155 48.132092, -117.753908 48.133181, -117.754662 48.134270, -117.755415 48.135360, -117.756168 48.136449, -117.756921 48.137538, -117.757675 48.138627, -117.758428 48.139716, -117.759181 48.140806, -117.759935 48.141895, -117.760688 48.142984, -117.761442 48.144073, -117.762195 48.145162, -117.762949 48.146251, -117.763703 48.147341, -117.764456 48.148430, -117.765210 48.149519, -117.765963 48.150608, -117.766717 48.151697, -117.767471 48.152786, -117.768225 48.153876, -117.768979 48.154965, -117.769732 48.156054, -117.770486 48.157143, -117.771240 48.158232, -117.771994 48.159321, -117.772748 48.160410, -117.773502 48.161499, -117.774256 48.162588, -117.775010 48.163677, -117.775764 48.164767, -117.776518 48.165856, -117.777273 48.166945, -117.778027 48.168034, -117.778781 48.169123, -117.779535 48.170212, -117.780290 48.171301, -117.781044 48.172390, -117.781798 48.173479, -117.782553 48.174568, -117.783307 48.175657, -117.784062 48.176746, -117.784816 48.177835, -117.785571 48.178924, -117.786325 48.180013, -117.787080 48.181102, -117.787834 48.182191, -117.788589 48.183280, -117.789344 48.184369, -117.790098 48.185458, -117.790853 48.186547, -117.791608 48.187636, -117.792363 48.188725, -117.793118 48.189814, -117.793872 48.190903, -117.794627 48.191992, -117.795382 48.193081, -117.796137 48.194170, -117.796892 48.195259, -117.797647 48.196348, -117.798402 48.197437, -117.799157 48.198526, -117.799913 48.199615, -117.800668 48.200704, -117.801423 48.201792, -117.802178 48.202881, -117.802933 48.203970, -117.803689 48.205059, -117.804444 48.206148, -117.805199 48.207237, -117.805955 48.208326, -117.806710 48.209415, -117.807466 48.210504, -117.808221 48.211592, -117.808977 48.212681, -117.809732 48.213770, -117.810488 48.214859, -117.811243 48.215948, -117.811999 48.217037, -117.812755 48.218126, -117.813510 48.219214, -117.814266 48.220303, -117.815022 48.221392, -117.815778 48.222481, -117.816533 48.223570, -117.817289 48.224659, -117.818045 48.225747, -117.818801 48.226836, -117.819557 48.227925, -117.820313 48.229014, -117.821069 48.230103, -117.821825 48.231191, -117.822581 48.232280, -117.823337 48.233369, -117.824094 48.234458, -117.824850 48.235546, -117.825606 48.236635, -117.826362 48.237724, -117.827119 48.238813, -117.827875 48.239901, -117.828631 48.240990, -117.829388 48.242079, -117.830144 48.243168, -117.830900 48.244256, -117.831657 48.245345, -117.832413 48.246434, -117.833170 48.247522, -117.833927 48.248611, -117.834683 48.249700, -117.835440 48.250789, -117.836197 48.251877, -117.836953 48.252966, -117.837710 48.254055, -117.838467 48.255143, -117.839224 48.256232, -117.839980 48.257321, -117.840737 48.258409, -117.841494 48.259498, -117.842251 48.260587, -117.843008 48.261675, -117.843765 48.262764, -117.844522 48.263852, -117.845279 48.264941, -117.846036 48.266030, -117.846793 48.267118, -117.847550 48.268207, -117.848308 48.269296, -117.849065 48.270384, -117.849822 48.271473, -117.850579 48.272561, -117.851337 48.273650, -117.852094 48.274739, -117.852851 48.275827, -117.853609 48.276916, -117.854366 48.278004, -117.855124 48.279093, -117.855881 48.280181, -117.856639 48.281270, -117.857396 48.282358, -117.858154 48.283447, -117.858912 48.284536, -117.859669 48.285624, -117.860427 48.286713, -117.861185 48.287801, -117.861943 48.288890, -117.862700 48.289978, -117.863458 48.291067, -117.864216 48.292155, -117.864974 48.293244, -117.865732 48.294332, -117.866490 48.295421, -117.867248 48.296509, -117.868006 48.297598, -117.868764 48.298686, -117.869522 48.299775, -117.870280 48.300863, -117.871038 48.301951, -117.871796 48.303040, -117.872555 48.304128, -117.873313 48.305217, -117.874071 48.306305, -117.874830 48.307394, -117.875588 48.308482, -117.876346 48.309571, -117.877105 48.310659, -117.877863 48.311747, -117.878622 48.312836, -117.879380 48.313924, -117.880139 48.315013, -117.880897 48.316101, -117.881656 48.317189, -117.882415 48.318278, -117.883173 48.319366, -117.883932 48.320455, -117.884691 48.321543, -117.885449 48.322631, -117.886208 48.323720, -117.886967 48.324808, -117.887726 48.325896, -117.888485 48.326985, -117.889244 48.328073, -117.890003 48.329161, -117.890762 48.330250, -117.891521 48.331338, -117.892280 48.332426, -117.893039 48.333515, -117.893798 48.334603, -117.894557 48.335691, -117.895316 48.336780, -117.896076 48.337868, -117.896835 48.338956, -117.897594 48.340044, -117.898354 48.341133, -117.899113 48.342221, -117.899872 48.343309, -117.900632 48.344397, -117.901391 48.345486, -117.902151 48.346574, -117.902910 48.347662, -117.903670 48.348750, -117.904429 48.349839, -117.905189 48.350927, -117.905949 48.352015, -117.906708 48.353103, -117.907468 48.354192, -117.908228 48.355280, -117.908987 48.356368, -117.909747 48.357456, -117.910507 48.358544, -117.911267 48.359633, -117.912027 48.360721, -117.912787 48.361809, -117.913547 48.362897, -117.914307 48.363985, -117.915067 48.365074, -117.915827 48.366162, -117.916587 48.367250, -117.917347 48.368338, -117.918107 48.369426, -117.918867 48.370514, -117.919628 48.371602, -117.920388 48.372691, -117.921148 48.373779, -117.921909 48.374867, -117.922669 48.375955, -117.923429 48.377043, -117.924190 48.378131, -117.924950 48.379219, -117.925711 48.380307, -117.926471 48.381395, -117.927232 48.382484, -117.927992 48.383572, -117.928753 48.384660, -117.929514 48.385748, -117.930274 48.386836, -117.931035 48.387924, -117.931796 48.389012, -117.932557 48.390100, -117.933317 48.391188, -117.934078 48.392276, -117.934839 48.393364, -117.935600 48.394452, -117.936361 48.395540, -117.937122 48.396628, -117.937883 48.397716, -117.938644 48.398804, -117.939405 48.399892, -117.940166 48.400980, -117.940927 48.402068, -117.941689 48.403156, -117.942450 48.404244, -117.943211 48.405332, -117.943972 48.406420, -117.944734 48.407508, -117.945495 48.408596, -117.946256 48.409684, -117.947018 48.410772, -117.947779 48.411860, -117.948541 48.412948, -117.949302 48.414036, -117.950064 48.415124, -117.950825 48.416212, -117.951587 48.417300, -117.952348 48.418388, -117.953110 48.419476, -117.953872 48.420563, -117.954634 48.421651, -117.955395 48.422739, -117.956157 48.423827, -117.956919 48.424915, -117.957681 48.426003, -117.958443 48.427091, -117.959205 48.428179, -117.959967 48.429267, -117.960729 48.430354, -117.961491 48.431442, -117.962253 48.432530, -117.963015 48.433618, -117.963777 48.434706, -117.964539 48.435794, -117.965301 48.436882, -117.966063 48.437969, -117.966826 48.439057, -117.967588 48.440145, -117.968350 48.441233, -117.969113 48.442321, -117.969875 48.443409, -117.970637 48.444496, -117.971400 48.445584, -117.972162 48.446672, -117.972925 48.447760, -117.973687 48.448847, -117.974450 48.449935, -117.975213 48.451023, -117.975975 48.452111, -117.976738 48.453199, -117.977501 48.454286, -117.978263 48.455374, -117.979026 48.456462, -117.979789 48.457550, -117.980552 48.458637, -117.981315 48.459725, -117.982077 48.460813, -117.982840 48.461900, -117.983603 48.462988, -117.984366 48.464076, -117.985129 48.465164, -117.985892 48.466251, -117.986656 48.467339, -117.987419 48.468427, -117.988182 48.469514, -117.988945 48.470602, -117.989708 48.471690, -117.990472 48.472777, -117.991235 48.473865, -117.991998 48.474953, -117.992762 48.476040, -117.993525 48.477128, -117.994288 48.478216, -117.995052 48.479303, -117.995815 48.480391, -117.996579 48.481479, -117.997342 48.482566, -117.998106 48.483654, -117.998870 48.484741, -117.999633 48.485829, -118.000397 48.486917, -118.001161 48.488004, -118.001924 48.489092, -118.002688 48.490179, -118.003452 48.491267, -118.004216 48.492355, -118.004980 48.493442, -118.005744 48.494530, -118.006508 48.495617, -118.007272 48.496705, -118.008036 48.497792, -118.008800 48.498880, -118.009564 48.499968, -118.010328 48.501055, -118.011092 48.502143, -118.011856 48.503230, -118.012620 48.504318, -118.013385 48.505405, -118.014149 48.506493, -118.014913 48.507580, -118.015678 48.508668, -118.016442 48.509755, -118.017206 48.510843, -118.017971 48.511930, -118.018735 48.513018, -118.019500 48.514105, -118.020264 48.515193, -118.021029 48.516280, -118.021794 48.517368, -118.022558 48.518455, -118.023323 48.519542, -118.024088 48.520630, -118.024852 48.521717, -118.025617 48.522805, -118.026382 48.523892, -118.027147 48.524980, -118.027912 48.526067, -118.028677 48.527155, -118.029441 48.528242, -118.030206 48.529329, -118.030971 48.530417, -118.031736 48.531504, -118.032502 48.532592, -118.033267 48.533679, -118.034032 48.534766, -118.034797 48.535854, -118.035562 48.536941, -118.036327 48.538028, -118.037093 48.539116, -118.037858 48.540203, -118.038623 48.541291, -118.039389 48.542378, -118.040154 48.543465, -118.040919 48.544553, -118.041685 48.545640, -118.042450 48.546727, -118.043216 48.547815, -118.043982 48.548902, -118.044747 48.549989, -118.045513 48.551076, -118.046278 48.552164, -118.047044 48.553251, -118.047810 48.554338, -118.048576 48.555426, -118.049341 48.556513, -118.050107 48.557600, -118.050873 48.558687, -118.051639 48.559775, -118.052405 48.560862, -118.053171 48.561949, -118.053937 48.563036, -118.054703 48.564124, -118.055469 48.565211, -118.056235 48.566298, -118.057001 48.567385, -118.057767 48.568473, -118.058533 48.569560, -118.059300 48.570647, -118.060066 48.571734, -118.060832 48.572822, -118.061598 48.573909, -118.062365 48.574996, -118.063131 48.576083, -118.063898 48.577170, -118.064664 48.578257, -118.065431 48.579345, -118.066197 48.580432, -118.066964 48.581519, -118.067730 48.582606, -118.068497 48.583693, -118.069263 48.584780, -118.070030 48.585868, -118.070797 48.586955, -118.071564 48.588042, -118.072330 48.589129, -118.073097 48.590216, -118.073864 48.591303, -118.074631 48.592390, -118.075398 48.593477, -118.076165 48.594565, -118.076932 48.595652, -118.077699 48.596739, -118.078466 48.597826, -118.079233 48.598913, -118.080000 48.600000), (-118.080000 48.600000, -118.080154 48.597872, -118.080308 48.595745, -118.080462 48.593617, -118.080616 48.591489, -118.080770 48.589362, -118.080924 48.587234, -118.081078 48.585107, -118.081232 48.582979, -118.081386 48.580851, -118.081540 48.578724, -118.081694 48.576596, -118.081848 48.574468, -118.082002 48.572341, -118.082156 48.570213, -118.082310 48.568086, -118.082464 48.565958, -118.082617 48.563830, -118.082771 48.561703, -118.082925 48.559575, -118.083079 48.557447, -118.083233 48.555320, -118.083386 48.553192, -118.083540 48.551065, -118.083694 48.548937, -118.083848 48.546809, -118.084002 48.544682, -118.084155 48.542554, -118.084309 48.540426, -118.084463 48.538299, -118.084616 48.536171, -118.084770 48.534043, -118.084924 48.531916, -118.085077 48.529788, -118.085231 48.527661, -118.085385 48.525533, -118.085538 48.523405, -118.085692 48.521278, -118.085845 48.519150, -118.085999 48.517022, -118.086153 48.514895, -118.086306 48.512767, -118.086460 48.510640, -118.086613 48.508512, -118.086767 48.506384, -118.086920 48.504257, -118.087074 48.502129, -118.087227 48.500001, -118.087381 48.497874, -118.087534 48.495746, -118.087688 48.493618, -118.087841 48.491491, -118.087994 48.489363, -118.088148 48.487236, -118.088301 48.485108, -118.088455 48.482980, -118.088608 48.480853, -118.088761 48.478725, -118.088915 48.476597, -118.089068 48.474470, -118.089221 48.472342, -118.089374 48.470214, -118.089528 48.468087, -118.089681 48.465959, -118.089834 48.463831, -118.089987 48.461704, -118.090141 48.459576, -118.090294 48.457449, -118.090447 48.455321, -118.090600 48.453193, -118.090754 48.451066, -118.090907 48.448938, -118.091060 48.446810, -118.091213 48.444683, -118.091366 48.442555, -118.091519 48.440427, -118.091672 48.438300, -118.091825 48.436172, -118.091978 48.434045, -118.092132 48.431917, -118.092285 48.429789, -118.092438 48.427662, -118.092591 48.425534, -118.092744 48.423406, -118.092897 48.421279, -118.093050 48.419151, -118.093203 48.417023, -118.093356 48.414896, -118.093509 48.412768, -118.093661 48.410640, -118.093814 48.408513, -118.093967 48.406385, -118.094120 48.404258, -118.094273 48.402130, -118.094426 48.400002, -118.094579 48.397875, -118.094732 48.395747, -118.094884 48.393619, -118.095037 48.391492, -118.095190 48.389364, -118.095343 48.387236, -118.095496 48.385109, -118.095648 48.382981, -118.095801 48.380853, -118.095954 48.378726, -118.096107 48.376598, -118.096259 48.374470, -118.096412 48.372343, -118.096565 48.370215, -118.096717 48.368088, -118.096870 48.365960, -118.097023 48.363832, -118.097175 48.361705, -118.097328 48.359577, -118.097481 48.357449, -118.097633 48.355322, -118.097786 48.353194, -118.097938 48.351066, -118.098091 48.348939, -118.098244 48.346811, -118.098396 48.344683, -118.098549 48.342556, -118.098701 48.340428, -118.098854 48.338300, -118.099006 48.336173, -118.099159 48.334045, -118.099311 48.331917, -118.099463 48.329790, -118.099616 48.327662, -118.099768 48.325535, -118.099921 48.323407, -118.100073 48.321279, -118.100225 48.319152, -118.100378 48.317024, -118.100530 48.314896, -118.100683 48.312769, -118.100835 48.310641, -118.100987 48.308513, -118.101140 48.306386, -118.101292 48.304258, -118.101444 48.302130, -118.101596 48.300003, -118.101749 48.297875, -118.101901 48.295747, -118.102053 48.293620, -118.102205 48.291492, -118.102358 48.289364, -118.102510 48.287237, -118.102662 48.285109, -118.102814 48.282981, -118.102966 48.280854, -118.103118 48.278726, -118.103271 48.276598, -118.103423 48.274471, -118.103575 48.272343, -118.103727 48.270215, -118.103879 48.268088, -118.104031 48.265960, -118.104183 48.263832, -118.104335 48.261705, -118.104487 48.259577, -118.104639 48.257450, -118.104791 48.255322, -118.104943 48.253194, -118.105095 48.251067, -118.105247 48.248939, -118.105399 48.246811, -118.105551 48.244684, -118.105703 48.242556, -118.105855 48.240428, -118.106007 48.238301, -118.106159 48.236173, -118.106311 48.234045, -118.106462 48.231918, -118.106614 48.229790, -118.106766 48.227662, -118.106918 48.225535, -118.107070 48.223407, -118.107222 48.221279, -118.107373 48.219152, -118.107525 48.217024, -118.107677 48.214896, -118.107829 48.212769, -118.107980 48.210641, -118.108132 48.208513, -118.108284 48.206386, -118.108435 48.204258, -118.108587 48.202130, -118.108739 48.200003, -118.108890 48.197875, -118.109042 48.195747, -118.109194 48.193620, -118.109345 48.191492, -118.109497 48.189364, -118.109649 48.187237, -118.109800 48.185109, -118.109952 48.182981, -118.110103 48.180854, -118.110255 48.178726, -118.110406 48.176598, -118.110558 48.174471, -118.110709 48.172343, -118.110861 48.170215, -118.111012 48.168088, -118.111164 48.165960, -118.111315 48.163832, -118.111467 48.161705, -118.111618 48.159577, -118.111770 48.157449, -118.111921 48.155322, -118.112073 48.153194, -118.112224 48.151066, -118.112375 48.148939, -118.112527 48.146811, -118.112678 48.144683, -118.112829 48.142556, -118.112981 48.140428, -118.113132 48.138300, -118.113283 48.136173, -118.113435 48.134045, -118.113586 48.131917, -118.113737 48.129790, -118.113888 48.127662, -118.114040 48.125534, -118.114191 48.123407, -118.114342 48.121279, -118.114493 48.119151, -118.114644 48.117024, -118.114796 48.114896, -118.114947 48.112768, -118.115098 48.110641, -118.115249 48.108513, -118.115400 48.106385, -118.115551 48.104258, -118.115702 48.102130, -118.115853 48.100002, -118.116005 48.097875, -118.116156 48.095747, -118.116307 48.093619, -118.116458 48.091492, -118.116609 48.089364, -118.116760 48.087236, -118.116911 48.085108, -118.117062 48.082981, -118.117213 48.080853, -118.117364 48.078725, -118.117515 48.076598, -118.117666 48.074470, -118.117816 48.072342, -118.117967 48.070215, -118.118118 48.068087, -118.118269 48.065959, -118.118420 48.063832, -118.118571 48.061704, -118.118722 48.059576, -118.118873 48.057449, -118.119023 48.055321, -118.119174 48.053193, -118.119325 48.051066, -118.119476 48.048938, -118.119627 48.046810, -118.119777 48.044683, -118.119928 48.042555, -118.120079 48.040427, -118.120230 48.038300, -118.120380 48.036172, -118.120531 48.034044, -118.120682 48.031917, -118.120832 48.029789, -118.120983 48.027661, -118.121134 48.025534, -118.121284 48.023406, -118.121435 48.021278, -118.121585 48.019150, -118.121736 48.017023, -118.121887 48.014895, -118.122037 48.012767, -118.122188 48.010640, -118.122338 48.008512, -118.122489 48.006384, -118.122639 48.004257, -118.122790 48.002129, -118.122940 48.000001, -118.123091 47.997874, -118.123241 47.995746, -118.123392 47.993618, -118.123542 47.991491, -118.123693 47.989363, -118.123843 47.987235, -118.123994 47.985108, -118.124144 47.982980, -118.124294 47.980852, -118.124445 47.978724, -118.124595 47.976597, -118.124745 47.974469, -118.124896 47.972341, -118.125046 47.970214, -118.125196 47.968086, -118.125347 47.965958, -118.125497 47.963831, -118.125647 47.961703, -118.125798 47.959575, -118.125948 47.957448, -118.126098 47.955320, -118.126248 47.953192, -118.126399 47.951065, -118.126549 47.948937, -118.126699 47.946809, -118.126849 47.944681, -118.126999 47.942554, -118.127149 47.940426, -118.127300 47.938298, -118.127450 47.936171, -118.127600 47.934043, -118.127750 47.931915, -118.127900 47.929788, -118.128050 47.927660, -118.128200 47.925532, -118.128350 47.923405, -118.128500 47.921277, -118.128650 47.919149, -118.128800 47.917022, -118.128950 47.914894, -118.129100 47.912766, -118.129250 47.910638, -118.129400 47.908511, -118.129550 47.906383, -118.129700 47.904255, -118.129850 47.902128, -118.130000 47.900000, -118.133038 47.899366, -118.136077 47.898731, -118.139115 47.898097, -118.142153 47.897462, -118.145192 47.896828, -118.148230 47.896193, -118.151268 47.895558, -118.154306 47.894923, -118.157343 47.894288, -118.160381 47.893653, -118.163419 47.893018, -118.166457 47.892383, -118.169494 47.891747, -118.172532 47.891112, -118.175569 47.890477, -118.178606 47.889841, -118.181644 47.889205, -118.184681 47.888570, -118.187718 47.887934, -118.190755 47.887298, -118.193792 47.886662, -118.196829 47.886026, -118.199866 47.885390, -118.202902 47.884754, -118.205939 47.884118, -118.208976 47.883481, -118.212012 47.882845, -118.215049 47.882208, -118.218085 47.881572, -118.221121 47.880935, -118.224158 47.880298, -118.227194 47.879661, -118.230230 47.879025, -118.233266 47.878388, -118.236302 47.877750, -118.239338 47.877113, -118.242373 47.876476, -118.245409 47.875839, -118.248445 47.875201, -118.251480 47.874564, -118.254516 47.873926, -118.257551 47.873289, -118.260586 47.872651, -118.263622 47.872013, -118.266657 47.871375, -118.269692 47.870738, -118.272727 47.870100, -118.275762 47.869461, -118.278797 47.868823, -118.281832 47.868185, -118.284866 47.867547, -118.287901 47.866908, -118.290936 47.866270, -118.293970 47.865631, -118.297005 47.864992, -118.300039 47.864354, -118.303073 47.863715, -118.306107 47.863076, -118.309141 47.862437, -118.312176 47.861798, -118.315210 47.861159, -118.318243 47.860520, -118.321277 47.859880, -118.324311 47.859241, -118.327345 47.858601, -118.330378 47.857962, -118.333412 47.857322, -118.336445 47.856683, -118.339479 47.856043, -118.342512 47.855403, -118.345545 47.854763, -118.348578 47.854123, -118.351611 47.853483, -118.354644 47.852843, -118.357677 47.852202, -118.360710 47.851562, -118.363743 47.850922, -118.366776 47.850281, -118.369808 47.849641, -118.372841 47.849000, -118.375873 47.848359, -118.378906 47.847718, -118.381938 47.847078, -118.384970 47.846437, -118.388003 47.845795, -118.391035 47.845154, -118.394067 47.844513, -118.397099 47.843872, -118.400131 47.843230, -118.403162 47.842589, -118.406194 47.841947, -118.409226 47.841306, -118.412257 47.840664, -118.415289 47.840022, -118.418320 47.839381, -118.421352 47.838739, -118.424383 47.838097, -118.427414 47.837454, -118.430445 47.836812, -118.433476 47.836170, -118.436507 47.835528, -118.439538 47.834885, -118.442569 47.834243, -118.445600 47.833600, -118.448631 47.832958, -118.451661 47.832315, -118.454692 47.831672, -118.457722 47.831029, -118.460752 47.830386, -118.463783 47.829743, -118.466813 47.829100, -118.469843 47.828457, -118.472873 47.827813, -118.475903 47.827170, -118.478933 47.826527, -118.481963 47.825883, -118.484993 47.825239, -118.488023 47.824596, -118.491052 47.823952, -118.494082 47.823308, -118.497111 47.822664, -118.500141 47.822020, -118.503170 47.821376, -118.506199 47.820732, -118.509228 47.820088, -118.512258 47.819443, -118.515287 47.818799, -118.518315 47.818155, -118.521344 47.817510, -118.524373 47.816865, -118.527402 47.816221, -118.530431 47.815576, -118.533459 47.814931, -118.536488 47.814286, -118.539516 47.813641, -118.542544 47.812996, -118.545573 47.812351, -118.548601 47.811705, -118.551629 47.811060, -118.554657 47.810414, -118.557685 47.809769, -118.560713 47.809123, -118.563741 47.808478, -118.566769 47.807832, -118.569796 47.807186, -118.572824 47.806540, -118.575851 47.805894, -118.578879 47.805248, -118.581906 47.804602, -118.584933 47.803956, -118.587961 47.803309, -118.590988 47.802663, -118.594015 47.802016, -118.597042 47.801370, -118.600069 47.800723, -118.603096 47.800077, -118.606122 47.799430, -118.609149 47.798783, -118.612176 47.798136, -118.615202 47.797489, -118.618229 47.796842, -118.621255 47.796195, -118.624282 47.795547, -118.627308 47.794900, -118.630334 47.794252, -118.633360 47.793605, -118.636386 47.792957, -118.639412 47.792310, -118.642438 47.791662, -118.645464 47.791014, -118.648489 47.790366, -118.651515 47.789718, -118.654541 47.789070, -118.657566 47.788422, -118.660591 47.787774, -118.663617 47.787125, -118.666642 47.786477, -118.669667 47.785829, -118.672692 47.785180, -118.675717 47.784531, -118.678742 47.783883, -118.681767 47.783234, -118.684792 47.782585, -118.687817 47.781936, -118.690841 47.781287, -118.693866 47.780638, -118.696891 47.779989, -118.699915 47.779340, -118.702939 47.778690, -118.705964 47.778041, -118.708988 47.777391, -118.712012 47.776742, -118.715036 47.776092, -118.718060 47.775442, -118.721084 47.774793, -118.724108 47.774143, -118.727131 47.773493, -118.730155 47.772843, -118.733179 47.772192, -118.736202 47.771542, -118.739226 47.770892, -118.742249 47.770242, -118.745272 47.769591, -118.748296 47.768941, -118.751319 47.768290, -118.754342 47.767639, -118.757365 47.766989, -118.760388 47.766338, -118.763411 47.765687, -118.766433 47.765036, -118.769456 47.764385, -118.772479 47.763733, -118.775501 47.763082, -118.778524 47.762431, -118.781546 47.761780, -118.784568 47.761128, -118.787591 47.760476, -118.790613 47.759825, -118.793635 47.759173, -118.796657 47.758521, -118.799679 47.757869, -118.802701 47.757217, -118.805723 47.756565, -118.808744 47.755913, -118.811766 47.755261, -118.814787 47.754609, -118.817809 47.753956, -118.820830 47.753304, -118.823852 47.752652, -118.826873 47.751999, -118.829894 47.751346, -118.832915 47.750693, -118.835936 47.750041, -118.838957 47.749388, -118.841978 47.748735, -118.844999 47.748082, -118.848020 47.747429, -118.851040 47.746775, -118.854061 47.746122, -118.857081 47.745469, -118.860102 47.744815, -118.863122 47.744162, -118.866142 47.743508, -118.869163 47.742854, -118.872183 47.742200, -118.875203 47.741547, -118.878223 47.740893, -118.881243 47.740239, -118.884262 47.739585, -118.887282 47.738930, -118.890302 47.738276, -118.893321 47.737622, -118.896341 47.736967, -118.899360 47.736313, -118.902380 47.735658, -118.905399 47.735004, -118.908418 47.734349, -118.911437 47.733694, -118.914456 47.733039, -118.917475 47.732384, -118.920494 47.731729, -118.923513 47.731074, -118.926532 47.730419, -118.929550 47.729764, -118.932569 47.729108, -118.935588 47.728453, -118.938606 47.727797, -118.941624 47.727142, -118.944643 47.726486, -118.947661 47.725830, -118.950679 47.725174, -118.953697 47.724518, -118.956715 47.723862, -118.959733 47.723206, -118.962751 47.722550, -118.965769 47.721894, -118.968786 47.721238, -118.971804 47.720581, -118.974821 47.719925, -118.977839 47.719268, -118.980856 47.718612, -118.983874 47.717955, -118.986891 47.717298, -118.989908 47.716641, -118.992925 47.715984, -118.995942 47.715327, -118.998959 47.714670, -119.001976 47.714013, -119.004993 47.713356, -119.008009 47.712698, -119.011026 47.712041, -119.014043 47.711383, -119.017059 47.710726, -119.020075 47.710068, -119.023092 47.709410, -119.026108 47.708753, -119.029124 47.708095, -119.032140 47.707437, -119.035156 47.706779, -119.038172 47.706120, -119.041188 47.705462, -119.044204 47.704804, -119.047220 47.704146, -119.050235 47.703487, -119.053251 47.702829, -119.056266 47.702170, -119.059282 47.701511, -119.062297 47.700853, -119.065312 47.700194, -119.068327 47.699535, -119.071342 47.698876, -119.074357 47.698217, -119.077372 47.697558, -119.080387 47.696898, -119.083402 47.696239, -119.086417 47.695580, -119.089431 47.694920, -119.092446 47.694261, -119.095460 47.693601, -119.098475 47.692941, -119.101489 47.692281, -119.104504 47.691622, -119.107518 47.690962, -119.110532 47.690302, -119.113546 47.689641, -119.116560 47.688981, -119.119574 47.688321, -119.122587 47.687661, -119.125601 47.687000, -119.128615 47.686340, -119.131628 47.685679, -119.134642 47.685018, -119.137655 47.684358, -119.140669 47.683697, -119.143682 47.683036, -119.146695 47.682375, -119.149708 47.681714, -119.152721 47.681053, -119.155734 47.680392, -119.158747 47.679730, -119.161760 47.679069, -119.164773 47.678407, -119.167785 47.677746, -119.170798 47.677084, -119.173810 47.676423, -119.176823 47.675761, -119.179835 47.675099, -119.182847 47.674437, -119.185860 47.673775, -119.188872 47.673113, -119.191884 47.672451, -119.194896 47.671789, -119.197908 47.671126, -119.200920 47.670464, -119.203931 47.669801, -119.206943 47.669139, -119.209955 47.668476, -119.212966 47.667814, -119.215977 47.667151, -119.218989 47.666488, -119.222000 47.665825, -119.225011 47.665162, -119.228022 47.664499, -119.231034 47.663836, -119.234044 47.663172, -119.237055 47.662509, -119.240066 47.661846, -119.243077 47.661182, -119.246088 47.660518, -119.249098 47.659855, -119.252109 47.659191, -119.255119 47.658527, -119.258130 47.657863, -119.261140 47.657199, -119.264150 47.656535, -119.267160 47.655871, -119.270170 47.655207, -119.273180 47.654543, -119.276190 47.653878, -119.279200 47.653214, -119.282210 47.652549, -119.285219 47.651885, -119.288229 47.651220, -119.291238 47.650555, -119.294248 47.649891, -119.297257 47.649226, -119.300267 47.648561, -119.303276 47.647896, -119.306285 47.647230, -119.309294 47.646565, -119.312303 47.645900, -119.315312 47.645234, -119.318321 47.644569, -119.321329 47.643903, -119.324338 47.643238, -119.327347 47.642572, -119.330355 47.641906, -119.333364 47.641240, -119.336372 47.640575, -119.339380 47.639908, -119.342389 47.639242, -119.345397 47.638576, -119.348405 47.637910, -119.351413 47.637244, -119.354421 47.636577, -119.357429 47.635911, -119.360436 47.635244, -119.363444 47.634578, -119.366452 47.633911, -119.369459 47.633244, -119.372467 47.632577, -119.375474 47.631910, -119.378481 47.631243, -119.381488 47.630576, -119.384496 47.629909, -119.387503 47.629242, -119.390510 47.628574, -119.393517 47.627907, -119.396523 47.627239, -119.399530 47.626572, -119.402537 47.625904, -119.405543 47.625236, -119.408550 47.624568, -119.411556 47.623900, -119.414563 47.623232, -119.417569 47.622564, -119.420575 47.621896, -119.423581 47.621228, -119.426588 47.620560, -119.429594 47.619891, -119.432599 47.619223, -119.435605 47.618554, -119.438611 47.617886, -119.441617 47.617217, -119.444622 47.616548, -119.447628 47.615879, -119.450633 47.615211, -119.453639 47.614542, -119.456644 47.613872, -119.459649 47.613203, -119.462654 47.612534, -119.465659 47.611865, -119.468664 47.611195, -119.471669 47.610526, -119.474674 47.609856, -119.477679 47.609187, -119.480684 47.608517, -119.483688 47.607847, -119.486693 47.607177, -119.489697 47.606507, -119.492702 47.605837, -119.495706 47.605167, -119.498710 47.604497, -119.501714 47.603827, -119.504718 47.603156, -119.507722 47.602486, -119.510726 47.601816, -119.513730 47.601145, -119.516734 47.600474, -119.519738 47.599804, -119.522741 47.599133, -119.525745 47.598462, -119.528748 47.597791, -119.531751 47.597120, -119.534755 47.596449, -119.537758 47.595778, -119.540761 47.595106, -119.543764 47.594435, -119.546767 47.593763, -119.549770 47.593092, -119.552773 47.592420, -119.555776 47.591749, -119.558778 47.591077, -119.561781 47.590405, -119.564784 47.589733, -119.567786 47.589061, -119.570788 47.588389, -119.573791 47.587717, -119.576793 47.587045, -119.579795 47.586373, -119.582797 47.585700, -119.585799 47.585028, -119.588801 47.584355, -119.591803 47.583683, -119.594805 47.583010, -119.597806 47.582337, -119.600808 47.581664, -119.603809 47.580991, -119.606811 47.580318, -119.609812 47.579645, -119.612813 47.578972, -119.615815 47.578299, -119.618816 47.577626, -119.621817 47.576952, -119.624818 47.576279, -119.627819 47.575605, -119.630820 47.574931, -119.633820 47.574258, -119.636821 47.573584, -119.639822 47.572910, -119.642822 47.572236, -119.645823 47.571562, -119.648823 47.570888, -119.651823 47.570214, -119.654823 47.569540, -119.657824 47.568865, -119.660824 47.568191, -119.663824 47.567516, -119.666824 47.566842, -119.669823 47.566167, -119.672823 47.565492, -119.675823 47.564818, -119.678822 47.564143, -119.681822 47.563468, -119.684821 47.562793, -119.687821 47.562118, -119.690820 47.561442, -119.693819 47.560767, -119.696818 47.560092, -119.699817 47.559416, -119.702816 47.558741, -119.705815 47.558065, -119.708814 47.557390, -119.711813 47.556714, -119.714811 47.556038, -119.717810 47.555362, -119.720809 47.554686, -119.723807 47.554010, -119.726805 47.553334, -119.729804 47.552658, -119.732802 47.551982, -119.735800 47.551305, -119.738798 47.550629, -119.741796 47.549952, -119.744794 47.549276, -119.747792 47.548599, -119.750789 47.547922, -119.753787 47.547245, -119.756785 47.546568, -119.759782 47.545891, -119.762780 47.545214, -119.765777 47.544537, -119.768774 47.543860, -119.771771 47.543183, -119.774769 47.542505, -119.777766 47.541828, -119.780763 47.541150, -119.783759 47.540473, -119.786756 47.539795, -119.789753 47.539117, -119.792750 47.538439, -119.795746 47.537761, -119.798743 47.537083, -119.801739 47.536405, -119.804735 47.535727, -119.807732 47.535049, -119.810728 47.534371, -119.813724 47.533692, -119.816720 47.533014, -119.819716 47.532335, -119.822712 47.531657, -119.825708 47.530978, -119.828703 47.530299, -119.831699 47.529620, -119.834695 47.528941, -119.837690 47.528262, -119.840686 47.527583, -119.843681 47.526904, -119.846676 47.526225, -119.849671 47.525545, -119.852666 47.524866, -119.855661 47.524187, -119.858656 47.523507, -119.861651 47.522827, -119.864646 47.522148, -119.867641 47.521468, -119.870635 47.520788, -119.873630 47.520108, -119.876624 47.519428, -119.879619 47.518748, -119.882613 47.518068, -119.885607 47.517387, -119.888602 47.516707, -119.891596 47.516027, -119.894590 47.515346, -119.897584 47.514666, -119.900577 47.513985, -119.903571 47.513304, -119.906565 47.512623, -119.909559 47.511942, -119.912552 47.511261, -119.915546 47.510580, -119.918539 47.509899, -119.921532 47.509218, -119.924526 47.508537, -119.927519 47.507855, -119.930512 47.507174, -119.933505 47.506493, -119.936498 47.505811, -119.939491 47.505129, -119.942483 47.504448, -119.945476 47.503766, -119.948469 47.503084, -119.951461 47.502402, -119.954454 47.501720, -119.957446 47.501038, -119.960438 47.500355, -119.963431 47.499673, -119.966423 47.498991, -119.969415 47.498308, -119.972407 47.497626, -119.975399 47.496943, -119.978391 47.496260, -119.981382 47.495578, -119.984374 47.494895, -119.987366 47.494212, -119.990357 47.493529, -119.993349 47.492846, -119.996340 47.492163, -119.999331 47.491480, -120.002322 47.490796, -120.005314 47.490113, -120.008305 47.489429, -120.011296 47.488746, -120.014287 47.488062, -120.017277 47.487379, -120.020268 47.486695, -120.023259 47.486011, -120.026249 47.485327, -120.029240 47.484643, -120.032230 47.483959, -120.035221 47.483275, -120.038211 47.482590, -120.041201 47.481906, -120.044191 47.481222, -120.047181 47.480537, -120.050171 47.479853, -120.053161 47.479168, -120.056151 47.478483, -120.059141 47.477799, -120.062130 47.477114, -120.065120 47.476429, -120.068110 47.475744, -120.071099 47.475059, -120.074088 47.474374, -120.077078 47.473688, -120.080067 47.473003, -120.083056 47.472318, -120.086045 47.471632, -120.089034 47.470947, -120.092023 47.470261, -120.095012 47.469575, -120.098000 47.468889, -120.100989 47.468204, -120.103977 47.467518, -120.106966 47.466832, -120.109954 47.466145, -120.112943 47.465459, -120.115931 47.464773, -120.118919 47.464087, -120.121907 47.463400, -120.124895 47.462714, -120.127883 47.462027, -120.130871 47.461341, -120.133859 47.460654, -120.136847 47.459967, -120.139834 47.459280, -120.142822 47.458593, -120.145809 47.457906, -120.148797 47.457219, -120.151784 47.456532, -120.154771 47.455845, -120.157758 47.455157, -120.160745 47.454470, -120.163732 47.453782, -120.166719 47.453095, -120.169706 47.452407, -120.172693 47.451719, -120.175680 47.451032, -120.178666 47.450344, -120.181653 47.449656, -120.184639 47.448968, -120.187626 47.448280, -120.190612 47.447591, -120.193598 47.446903, -120.196584 47.446215, -120.199570 47.445526, -120.202556 47.444838, -120.205542 47.444149, -120.208528 47.443461, -120.211514 47.442772, -120.214500 47.442083, -120.217485 47.441394, -120.220471 47.440705, -120.223456 47.440016, -120.226442 47.439327, -120.229427 47.438638, -120.232412 47.437949, -120.235397 47.437259, -120.238382 47.436570, -120.241367 47.435880, -120.244352 47.435191, -120.247337 47.434501, -120.250322 47.433811, -120.253306 47.433121, -120.256291 47.432431, -120.259275 47.431741, -120.262260 47.431051, -120.265244 47.430361, -120.268228 47.429671, -120.271213 47.428981, -120.274197 47.428290, -120.277181 47.427600, -120.280165 47.426909, -120.283149 47.426219, -120.286132 47.425528, -120.289116 47.424837, -120.292100 47.424147, -120.295083 47.423456, -120.298067 47.422765, -120.301050 47.422074, -120.304034 47.421383, -120.307017 47.420691, -120.310000 47.420000, -120.309012 47.417975, -120.308024 47.415951, -120.307037 47.413926, -120.306049 47.411901, -120.305062 47.409876, -120.304074 47.407851, -120.303087 47.405827, -120.302100 47.403802, -120.301112 47.401777, -120.300125 47.399752, -120.299138 47.397727, -120.298151 47.395703, -120.297164 47.393678, -120.296177 47.391653, -120.295191 47.389628, -120.294204 47.387603, -120.293217 47.385578, -120.292231 47.383553, -120.291244 47.381529, -120.290258 47.379504, -120.289272 47.377479, -120.288285 47.375454, -120.287299 47.373429, -120.286313 47.371404, -120.285327 47.369379, -120.284341 47.367354, -120.283355 47.365329, -120.282370 47.363304, -120.281384 47.361279, -120.280398 47.359254, -120.279413 47.357229, -120.278427 47.355204, -120.277442 47.353179, -120.276457 47.351154, -120.275471 47.349129, -120.274486 47.347104, -120.273501 47.345079, -120.272516 47.343054, -120.271531 47.341029, -120.270546 47.339004, -120.269561 47.336979, -120.268577 47.334954, -120.267592 47.332929, -120.266607 47.330904, -120.265623 47.328878, -120.264639 47.326853, -120.263654 47.324828, -120.262670 47.322803, -120.261686 47.320778, -120.260702 47.318753, -120.259718 47.316728, -120.258734 47.314702, -120.257750 47.312677, -120.256766 47.310652, -120.255782 47.308627, -120.254799 47.306602, -120.253815 47.304576, -120.252831 47.302551, -120.251848 47.300526, -120.250865 47.298501, -120.249881 47.296476, -120.248898 47.294450, -120.247915 47.292425, -120.246932 47.290400, -120.245949 47.288374, -120.244966 47.286349, -120.243983 47.284324, -120.243000 47.282299, -120.242018 47.280273, -120.241035 47.278248, -120.240053 47.276223, -120.239070 47.274197, -120.238088 47.272172, -120.237106 47.270147, -120.236123 47.268121, -120.235141 47.266096, -120.234159 47.264070, -120.233177 47.262045, -120.232195 47.260020, -120.231213 47.257994, -120.230231 47.255969, -120.229250 47.253943, -120.228268 47.251918, -120.227287 47.249893, -120.226305 47.247867, -120.225324 47.245842, -120.224342 47.243816, -120.223361 47.241791, -120.222380 47.239765, -120.221399 47.237740, -120.220418 47.235714, -120.219437 47.233689, -120.218456 47.231663, -120.217475 47.229638, -120.216494 47.227612, -120.215514 47.225587, -120.214533 47.223561, -120.213553 47.221536, -120.212572 47.219510, -120.211592 47.217484, -120.210612 47.215459, -120.209631 47.213433, -120.208651 47.211408, -120.207671 47.209382, -120.206691 47.207356, -120.205711 47.205331, -120.204731 47.203305, -120.203752 47.201280, -120.202772 47.199254, -120.201792 47.197228, -120.200813 47.195203, -120.199833 47.193177, -120.198854 47.191151, -120.197875 47.189126, -120.196896 47.187100, -120.195916 47.185074, -120.194937 47.183048, -120.193958 47.181023, -120.192979 47.178997, -120.192000 47.176971, -120.191022 47.174946, -120.190043 47.172920, -120.189064 47.170894, -120.188086 47.168868, -120.187107 47.166842, -120.186129 47.164817, -120.185151 47.162791, -120.184172 47.160765, -120.183194 47.158739, -120.182216 47.156713, -120.181238 47.154688, -120.180260 47.152662, -120.179282 47.150636, -120.178304 47.148610, -120.177327 47.146584, -120.176349 47.144558, -120.175371 47.142532, -120.174394 47.140507, -120.173416 47.138481, -120.172439 47.136455, -120.171462 47.134429, -120.170484 47.132403, -120.169507 47.130377, -120.168530 47.128351, -120.167553 47.126325, -120.166576 47.124299, -120.165599 47.122273, -120.164623 47.120247, -120.163646 47.118221, -120.162669 47.116195, -120.161693 47.114169, -120.160716 47.112143, -120.159740 47.110117, -120.158764 47.108091, -120.157787 47.106065, -120.156811 47.104039, -120.155835 47.102013, -120.154859 47.099987, -120.153883 47.097961, -120.152907 47.095935, -120.151931 47.093909, -120.150956 47.091883, -120.149980 47.089857, -120.149004 47.087831, -120.148029 47.085804, -120.147053 47.083778, -120.146078 47.081752, -120.145103 47.079726, -120.144128 47.077700, -120.143152 47.075674, -120.142177 47.073648, -120.141202 47.071621, -120.140228 47.069595, -120.139253 47.067569, -120.138278 47.065543, -120.137303 47.063517, -120.136329 47.061490, -120.135354 47.059464, -120.134380 47.057438, -120.133405 47.055412, -120.132431 47.053386, -120.131457 47.051359, -120.130482 47.049333, -120.129508 47.047307, -120.128534 47.045280, -120.127560 47.043254, -120.126586 47.041228, -120.125613 47.039202, -120.124639 47.037175, -120.123665 47.035149, -120.122692 47.033123, -120.121718 47.031096, -120.120745 47.029070, -120.119771 47.027044, -120.118798 47.025017, -120.117825 47.022991, -120.116852 47.020964, -120.115879 47.018938, -120.114906 47.016912, -120.113933 47.014885, -120.112960 47.012859, -120.111987 47.010832, -120.111014 47.008806, -120.110042 47.006780, -120.109069 47.004753, -120.108097 47.002727, -120.107124 47.000700, -120.106152 46.998674, -120.105180 46.996647, -120.104208 46.994621, -120.103236 46.992594, -120.102263 46.990568, -120.101292 46.988541, -120.100320 46.986515, -120.099348 46.984488, -120.098376 46.982462, -120.097404 46.980435, -120.096433 46.978409, -120.095461 46.976382, -120.094490 46.974356, -120.093519 46.972329, -120.092547 46.970302, -120.091576 46.968276, -120.090605 46.966249, -120.089634 46.964223, -120.088663 46.962196, -120.087692 46.960169, -120.086721 46.958143, -120.085750 46.956116, -120.084779 46.954089, -120.083809 46.952063, -120.082838 46.950036, -120.081868 46.948009, -120.080897 46.945983, -120.079927 46.943956, -120.078957 46.941929, -120.077987 46.939903, -120.077016 46.937876, -120.076046 46.935849, -120.075076 46.933823, -120.074107 46.931796, -120.073137 46.929769, -120.072167 46.927742, -120.071197 46.925716, -120.070228 46.923689, -120.069258 46.921662, -120.068289 46.919635, -120.067319 46.917608, -120.066350 46.915582, -120.065381 46.913555, -120.064412 46.911528, -120.063442 46.909501, -120.062473 46.907474, -120.061505 46.905447, -120.060536 46.903421, -120.059567 46.901394, -120.058598 46.899367, -120.057629 46.897340, -120.056661 46.895313, -120.055692 46.893286, -120.054724 46.891259, -120.053756 46.889232, -120.052787 46.887205, -120.051819 46.885179, -120.050851 46.883152, -120.049883 46.881125, -120.048915 46.879098, -120.047947 46.877071, -120.046979 46.875044, -120.046011 46.873017, -120.045044 46.870990, -120.044076 46.868963, -120.043108 46.866936, -120.042141 46.864909, -120.041174 46.862882, -120.040206 46.860855, -120.039239 46.858828, -120.038272 46.856801, -120.037305 46.854774, -120.036338 46.852747, -120.035371 46.850720, -120.034404 46.848692, -120.033437 46.846665, -120.032470 46.844638, -120.031503 46.842611, -120.030537 46.840584, -120.029570 46.838557, -120.028604 46.836530, -120.027637 46.834503, -120.026671 46.832476, -120.025705 46.830448, -120.024739 46.828421, -120.023773 46.826394, -120.022807 46.824367, -120.021841 46.822340, -120.020875 46.820313, -120.019909 46.818285, -120.018943 46.816258, -120.017978 46.814231, -120.017012 46.812204, -120.016046 46.810177, -120.015081 46.808149, -120.014116 46.806122, -120.013150 46.804095, -120.012185 46.802068, -120.011220 46.800040, -120.010255 46.798013, -120.009290 46.795986, -120.008325 46.793958, -120.007360 46.791931, -120.006395 46.789904, -120.005431 46.787876, -120.004466 46.785849, -120.003501 46.783822, -120.002537 46.781794, -120.001573 46.779767, -120.000608 46.777740, -119.999644 46.775712, -119.998680 46.773685, -119.997716 46.771658, -119.996751 46.769630, -119.995787 46.767603, -119.994824 46.765575, -119.993860 46.763548, -119.992896 46.761521, -119.991932 46.759493, -119.990969 46.757466, -119.990005 46.755438, -119.989042 46.753411, -119.988078 46.751383, -119.987115 46.749356, -119.986152 46.747328, -119.985188 46.745301, -119.984225 46.743273, -119.983262 46.741246, -119.982299 46.739218, -119.981336 46.737191, -119.980374 46.735163, -119.979411 46.733136, -119.978448 46.731108, -119.977485 46.729081, -119.976523 46.727053, -119.975560 46.725026, -119.974598 46.722998, -119.973636 46.720970, -119.972674 46.718943, -119.971711 46.716915, -119.970749 46.714888, -119.969787 46.712860, -119.968825 46.710832, -119.967863 46.708805, -119.966902 46.706777, -119.965940 46.704750, -119.964978 46.702722, -119.964017 46.700694, -119.963055 46.698667, -119.962094 46.696639, -119.961132 46.694611, -119.960171 46.692583, -119.959210 46.690556, -119.958248 46.688528, -119.957287 46.686500, -119.956326 46.684473, -119.955365 46.682445, -119.954405 46.680417, -119.953444 46.678389, -119.952483 46.676362, -119.951522 46.674334, -119.950562 46.672306, -119.949601 46.670278, -119.948641 46.668250, -119.947680 46.666223, -119.946720 46.664195, -119.945760 46.662167, -119.944800 46.660139, -119.943840 46.658111, -119.942880 46.656084, -119.941920 46.654056, -119.940960 46.652028, -119.940000 46.650000, -119.937495 46.648737, -119.934990 46.647474, -119.932486 46.646211, -119.929981 46.644947, -119.927477 46.643684, -119.924973 46.642421, -119.922469 46.641157, -119.919965 46.639894, -119.917461 46.638630, -119.914957 46.637367, -119.912453 46.636103, -119.909950 46.634840, -119.907447 46.633576, -119.904943 46.632312, -119.902440 46.631048, -119.899937 46.629784, -119.897434 46.628520, -119.894931 46.627256, -119.892429 46.625992, -119.889926 46.624728, -119.887423 46.623464, -119.884921 46.622200, -119.882419 46.620936, -119.879917 46.619671, -119.877415 46.618407, -119.874913 46.617142, -119.872411 46.615878, -119.869909 46.614613, -119.867408 46.613349, -119.864906 46.612084, -119.862405 46.610819, -119.859904 46.609555, -119.857403 46.608290, -119.854902 46.607025, -119.852401 46.605760, -119.849900 46.604495, -119.847400 46.603230, -119.844899 46.601965, -119.842399 46.600700, -119.839899 46.599435, -119.837399 46.598169, -119.834899 46.596904, -119.832399 46.595639, -119.829899 46.594373, -119.827399 46.593108, -119.824900 46.591842, -119.822400 46.590577, -119.819901 46.589311, -119.817402 46.588045, -119.814903 46.586780, -119.812404 46.585514, -119.809905 46.584248, -119.807406 46.582982, -119.804907 46.581716, -119.802409 46.580450, -119.799910 46.579184, -119.797412 46.577918, -119.794914 46.576652, -119.792416 46.575385, -119.789918 46.574119, -119.787420 46.572853, -119.784923 46.571586, -119.782425 46.570320, -119.779928 46.569053, -119.777430 46.567787, -119.774933 46.566520, -119.772436 46.565254, -119.769939 46.563987, -119.767442 46.562720, -119.764945 46.561453, -119.762449 46.560186, -119.759952 46.558919, -119.757456 46.557652, -119.754959 46.556385, -119.752463 46.555118, -119.749967 46.553851, -119.747471 46.552584, -119.744975 46.551317, -119.742480 46.550049, -119.739984 46.548782, -119.737489 46.547514, -119.734993 46.546247, -119.732498 46.544979, -119.730003 46.543712, -119.727508 46.542444, -119.725013 46.541176, -119.722518 46.539909, -119.720024 46.538641, -119.717529 46.537373, -119.715035 46.536105, -119.712540 46.534837, -119.710046 46.533569, -119.707552 46.532301, -119.705058 46.531033, -119.702564 46.529765, -119.700071 46.528497, -119.697577 46.527228, -119.695084 46.525960, -119.692590 46.524691, -119.690097 46.523423, -119.687604 46.522154, -119.685111 46.520886, -119.682618 46.519617, -119.680125 46.518349, -119.677632 46.517080, -119.675140 46.515811, -119.672647 46.514542, -119.670155 46.513273, -119.667663 46.512004, -119.665171 46.510735, -119.662679 46.509466, -119.660187 46.508197, -119.657695 46.506928, -119.655204 46.505659, -119.652712 46.504390, -119.650221 46.503120, -119.647729 46.501851, -119.645238 46.500581, -119.642747 46.499312, -119.640256 46.498042, -119.637765 46.496773, -119.635275 46.495503, -119.632784 46.494233, -119.630294 46.492964, -119.627803 46.491694, -119.625313 46.490424, -119.622823 46.489154, -119.620333 46.487884, -119.617843 46.486614, -119.615353 46.485344, -119.612864 46.484074, -119.610374 46.482804, -119.607885 46.481533, -119.605395 46.480263, -119.602906 46.478993, -119.600417 46.477722, -119.597928 46.476452, -119.595439 46.475181, -119.592951 46.473911, -119.590462 46.472640, -119.587973 46.471370, -119.585485 46.470099, -119.582997 46.468828, -119.580509 46.467557, -119.578021 46.466286, -119.575533 46.465015, -119.573045 46.463744, -119.570557 46.462473, -119.568070 46.461202, -119.565582 46.459931, -119.563095 46.458660, -119.560608 46.457389, -119.558121 46.456117, -119.555634 46.454846, -119.553147 46.453574, -119.550660 46.452303, -119.548173 46.451031, -119.545687 46.449760, -119.543201 46.448488, -119.540714 46.447216, -119.538228 46.445945, -119.535742 46.444673, -119.533256 46.443401, -119.530770 46.442129, -119.528285 46.440857, -119.525799 46.439585, -119.523314 46.438313, -119.520828 46.437041, -119.518343 46.435769, -119.515858 46.434496, -119.513373 46.433224, -119.510888 46.431952, -119.508403 46.430679, -119.505918 46.429407, -119.503434 46.428134, -119.500950 46.426862, -119.498465 46.425589, -119.495981 46.424317, -119.493497 46.423044, -119.491013 46.421771, -119.488529 46.420498, -119.486045 46.419225, -119.483562 46.417952, -119.481078 46.416679, -119.478595 46.415406, -119.476112 46.414133, -119.473628 46.412860, -119.471145 46.411587, -119.468663 46.410314, -119.466180 46.409040, -119.463697 46.407767, -119.461214 46.406494, -119.458732 46.405220, -119.456250 46.403947, -119.453767 46.402673, -119.451285 46.401399, -119.448803 46.400126, -119.446321 46.398852, -119.443840 46.397578, -119.441358 46.396304, -119.438877 46.395030, -119.436395 46.393756, -119.433914 46.392482, -119.431433 46.391208, -119.428952 46.389934, -119.426471 46.388660, -119.423990 46.387386, -119.421509 46.386112, -119.419029 46.384837, -119.416548 46.383563, -119.414068 46.382288, -119.411587 46.381014, -119.409107 46.379739, -119.406627 46.378465, -119.404147 46.377190, -119.401668 46.375915, -119.399188 46.374641, -119.396708 46.373366, -119.394229 46.372091, -119.391750 46.370816, -119.389270 46.369541, -119.386791 46.368266, -119.384312 46.366991, -119.381833 46.365716, -119.379355 46.364441, -119.376876 46.363165, -119.374397 46.361890, -119.371919 46.360615, -119.369441 46.359339, -119.366963 46.358064, -119.364485 46.356788, -119.362007 46.355513, -119.359529 46.354237, -119.357051 46.352961, -119.354574 46.351686, -119.352096 46.350410, -119.349619 46.349134, -119.347141 46.347858, -119.344664 46.346582, -119.342187 46.345306, -119.339710 46.344030, -119.337234 46.342754, -119.334757 46.341478, -119.332280 46.340202, -119.329804 46.338925, -119.327328 46.337649, -119.324851 46.336373, -119.322375 46.335096, -119.319899 46.333820, -119.317424 46.332543, -119.314948 46.331267, -119.312472 46.329990, -119.309997 46.328713, -119.307521 46.327437, -119.305046 46.326160, -119.302571 46.324883, -119.300096 46.323606, -119.297621 46.322329, -119.295146 46.321052, -119.292671 46.319775, -119.290197 46.318498, -119.287722 46.317221, -119.285248 46.315944, -119.282774 46.314666, -119.280300 46.313389, -119.277826 46.312112, -119.275352 46.310834, -119.272878 46.309557, -119.270404 46.308279, -119.267931 46.307002, -119.265457 46.305724, -119.262984 46.304446, -119.260511 46.303168, -119.258038 46.301891, -119.255565 46.300613, -119.253092 46.299335, -119.250619 46.298057, -119.248146 46.296779, -119.245674 46.295501, -119.243202 46.294223, -119.240729 46.292944, -119.238257 46.291666, -119.235785 46.290388, -119.233313 46.289110, -119.230841 46.287831, -119.228370 46.286553, -119.225898 46.285274, -119.223427 46.283996, -119.220955 46.282717, -119.218484 46.281438, -119.216013 46.280160, -119.213542 46.278881, -119.211071 46.277602, -119.208600 46.276323, -119.206129 46.275044, -119.203659 46.273765, -119.201188 46.272486, -119.198718 46.271207, -119.196248 46.269928, -119.193778 46.268649, -119.191308 46.267370, -119.188838 46.266090, -119.186368 46.264811, -119.183899 46.263531, -119.181429 46.262252, -119.178960 46.260973, -119.176491 46.259693, -119.174021 46.258413, -119.171552 46.257134, -119.169083 46.255854, -119.166615 46.254574, -119.164146 46.253294, -119.161677 46.252014, -119.159209 46.250734, -119.156740 46.249454, -119.154272 46.248174, -119.151804 46.246894, -119.149336 46.245614, -119.146868 46.244334, -119.144400 46.243054, -119.141933 46.241773, -119.139465 46.240493, -119.136998 46.239213, -119.134530 46.237932, -119.132063 46.236652, -119.129596 46.235371, -119.127129 46.234090, -119.124662 46.232810, -119.122196 46.231529, -119.119729 46.230248, -119.117262 46.228967, -119.114796 46.227686, -119.112330 46.226406, -119.109864 46.225125, -119.107397 46.223843, -119.104932 46.222562, -119.102466 46.221281, -119.100000 46.220000, -119.101499 46.218138, -119.102997 46.216276, -119.104496 46.214415, -119.105994 46.212553, -119.107493 46.210691, -119.108991 46.208829, -119.110489 46.206967, -119.111987 46.205105, -119.113485 46.203243, -119.114983 46.201381, -119.116481 46.199519, -119.117978 46.197657, -119.119476 46.195795, -119.120973 46.193933, -119.122471 46.192071, -119.123968 46.190209, -119.125465 46.188347, -119.126962 46.186485, -119.128459 46.184622, -119.129956 46.182760, -119.131453 46.180898, -119.132949 46.179036, -119.134446 46.177174, -119.135942 46.175311, -119.137439 46.173449, -119.138935 46.171587, -119.140431 46.169725, -119.141927 46.167862, -119.143423 46.166000, -119.144919 46.164138, -119.146414 46.162275, -119.147910 46.160413, -119.149406 46.158550, -119.150901 46.156688, -119.152396 46.154825, -119.153891 46.152963, -119.155387 46.151100, -119.156882 46.149238, -119.158376 46.147375, -119.159871 46.145513, -119.161366 46.143650, -119.162861 46.141788, -119.164355 46.139925, -119.165850 46.138062, -119.167344 46.136200, -119.168838 46.134337, -119.170332 46.132474, -119.171826 46.130612, -119.173320 46.128749, -119.174814 46.126886, -119.176308 46.125023, -119.177801 46.123161, -119.179295 46.121298, -119.180788 46.119435, -119.182281 46.117572, -119.183774 46.115709, -119.185268 46.113846, -119.186761 46.111983, -119.188253 46.110120, -119.189746 46.108258, -119.191239 46.106395, -119.192731 46.104532, -119.194224 46.102669, -119.195716 46.100806, -119.197209 46.098942, -119.198701 46.097079, -119.200193 46.095216, -119.201685 46.093353, -119.203177 46.091490, -119.204669 46.089627, -119.206160 46.087764, -119.207652 46.085901, -119.209143 46.084037, -119.210635 46.082174, -119.212126 46.080311, -119.213617 46.078448, -119.215108 46.076584, -119.216599 46.074721, -119.218090 46.072858, -119.219581 46.070994, -119.221071 46.069131, -119.222562 46.067268, -119.224052 46.065404, -119.225543 46.063541, -119.227033 46.061677, -119.228523 46.059814, -119.230013 46.057951, -119.231503 46.056087, -119.232993 46.054224, -119.234483 46.052360, -119.235973 46.050496, -119.237462 46.048633, -119.238952 46.046769, -119.240441 46.044906, -119.241930 46.043042, -119.243419 46.041178, -119.244908 46.039315, -119.246397 46.037451, -119.247886 46.035587, -119.249375 46.033724, -119.250864 46.031860, -119.252352 46.029996, -119.253841 46.028132, -119.255329 46.026269, -119.256817 46.024405, -119.258306 46.022541, -119.259794 46.020677, -119.261282 46.018813, -119.262769 46.016949, -119.264257 46.015085, -119.265745 46.013221, -119.267232 46.011357, -119.268720 46.009493, -119.270207 46.007629, -119.271694 46.005765, -119.273182 46.003901, -119.274669 46.002037, -119.276156 46.000173, -119.277642 45.998309, -119.279129 45.996445, -119.280616 45.994581, -119.282102 45.992717, -119.283589 45.990853, -119.285075 45.988988, -119.286561 45.987124, -119.288048 45.985260, -119.289534 45.983396, -119.291020 45.981532, -119.292505 45.979667, -119.293991 45.977803, -119.295477 45.975939, -119.296962 45.974074, -119.298448 45.972210, -119.299933 45.970346, -119.301418 45.968481, -119.302904 45.966617, -119.304389 45.964752, -119.305874 45.962888, -119.307358 45.961023, -119.308843 45.959159, -119.310328 45.957294, -119.311812 45.955430, -119.313297 45.953565, -119.314781 45.951701, -119.316266 45.949836, -119.317750 45.947971, -119.319234 45.946107, -119.320718 45.944242, -119.322202 45.942378, -119.323685 45.940513, -119.325169 45.938648, -119.326652 45.936783, -119.328136 45.934919, -119.329619 45.933054, -119.331103 45.931189, -119.332586 45.929324, -119.334069 45.927459, -119.335552 45.925595, -119.337035 45.923730, -119.338517 45.921865, -119.340000 45.920000, -119.342986 45.919510, -119.345973 45.919021, -119.348959 45.918531, -119.351945 45.918041, -119.354931 45.917551, -119.357917 45.917061, -119.360903 45.916571, -119.363889 45.916081, -119.366875 45.915591, -119.369861 45.915100, -119.372846 45.914610, -119.375832 45.914119, -119.378818 45.913629, -119.381803 45.913138, -119.384789 45.912647, -119.387775 45.912157, -119.390760 45.911666, -119.393745 45.911175, -119.396731 45.910684, -119.399716 45.910193, -119.402701 45.909701, -119.405687 45.909210, -119.408672 45.908719, -119.411657 45.908227, -119.414642 45.907736, -119.417627 45.907244, -119.420612 45.906753, -119.423597 45.906261, -119.426581 45.905769, -119.429566 45.905277, -119.432551 45.904785, -119.435536 45.904293, -119.438520 45.903801, -119.441505 45.903309, -119.444489 45.902817, -119.447474 45.902324, -119.450458 45.901832, -119.453442 45.901339, -119.456427 45.900847, -119.459411 45.900354, -119.462395 45.899861, -119.465379 45.899369, -119.468363 45.898876, -119.471347 45.898383, -119.474331 45.897890, -119.477315 45.897397, -119.480299 45.896903, -119.483283 45.896410, -119.486267 45.895917, -119.489251 45.895423, -119.492234 45.894930, -119.495218 45.894436, -119.498201 45.893942, -119.501185 45.893449, -119.504168 45.892955, -119.507152 45.892461, -119.510135 45.891967, -119.513118 45.891473, -119.516102 45.890979, -119.519085 45.890485, -119.522068 45.889990, -119.525051 45.889496, -119.528034 45.889001, -119.531017 45.888507, -119.534000 45.888012, -119.536983 45.887518, -119.539966 45.887023, -119.542948 45.886528, -119.545931 45.886033, -119.548914 45.885538, -119.551896 45.885043, -119.554879 45.884548, -119.557861 45.884053, -119.560844 45.883557, -119.563826 45.883062, -119.566809 45.882567, -119.569791 45.882071, -119.572773 45.881575, -119.575755 45.881080, -119.578737 45.880584, -119.581719 45.880088, -119.584701 45.879592, -119.587683 45.879096, -119.590665 45.878600, -119.593647 45.878104, -119.596629 45.877608, -119.599611 45.877111, -119.602592 45.876615, -119.605574 45.876119, -119.608556 45.875622, -119.611537 45.875125, -119.614519 45.874629, -119.617500 45.874132, -119.620481 45.873635, -119.623463 45.873138, -119.626444 45.872641, -119.629425 45.872144, -119.632406 45.871647, -119.635387 45.871150, -119.638369 45.870652, -119.641350 45.870155, -119.644330 45.869658, -119.647311 45.869160, -119.650292 45.868662, -119.653273 45.868165, -119.656254 45.867667, -119.659234 45.867169, -119.662215 45.866671, -119.665196 45.866173, -119.668176 45.865675, -119.671157 45.865177, -119.674137 45.864679, -119.677117 45.864180, -119.680098 45.863682, -119.683078 45.863183, -119.686058 45.862685, -119.689038 45.862186, -119.692018 45.861687, -119.694998 45.861189, -119.697978 45.860690, -119.700958 45.860191, -119.703938 45.859692, -119.706918 45.859193, -119.709898 45.858694, -119.712878 45.858194, -119.715857 45.857695, -119.718837 45.857196, -119.721816 45.856696, -119.724796 45.856196, -119.727775 45.855697, -119.730755 45.855197, -119.733734 45.854697, -119.736713 45.854197, -119.739693 45.853697, -119.742672 45.853197, -119.745651 45.852697, -119.748630 45.852197, -119.751609 45.851697, -119.754588 45.851197, -119.757567 45.850696, -119.760546 45.850196, -119.763525 45.849695, -119.766503 45.849194, -119.769482 45.848694, -119.772461 45.848193, -119.775439 45.847692, -119.778418 45.847191, -119.781396 45.846690, -119.784375 45.846189, -119.787353 45.845688, -119.790331 45.845186, -119.793310 45.844685, -119.796288 45.844184, -119.799266 45.843682, -119.802244 45.843181, -119.805222 45.842679, -119.808200 45.842177, -119.811178 45.841675, -119.814156 45.841174, -119.817134 45.840672, -119.820112 45.840170, -119.823090 45.839667, -119.826067 45.839165, -119.829045 45.838663, -119.832022 45.838161, -119.835000 45.837658, -119.837977 45.837156, -119.840955 45.836653, -119.843932 45.836150, -119.846909 45.835648, -119.849887 45.835145, -119.852864 45.834642, -119.855841 45.834139, -119.858818 45.833636, -119.861795 45.833133, -119.864772 45.832630, -119.867749 45.832126, -119.870726 45.831623, -119.873703 45.831120, -119.876680 45.830616, -119.879656 45.830112, -119.882633 45.829609, -119.885610 45.829105, -119.888586 45.828601, -119.891563 45.828097, -119.894539 45.827593, -119.897515 45.827089, -119.900492 45.826585, -119.903468 45.826081, -119.906444 45.825577, -119.909420 45.825072, -119.912397 45.824568, -119.915373 45.824063, -119.918349 45.823559, -119.921325 45.823054, -119.924300 45.822549, -119.927276 45.822045, -119.930252 45.821540, -119.933228 45.821035, -119.936204 45.820530, -119.939179 45.820025, -119.942155 45.819519, -119.945130 45.819014, -119.948106 45.818509, -119.951081 45.818003, -119.954057 45.817498, -119.957032 45.816992, -119.960007 45.816486, -119.962982 45.815981, -119.965957 45.815475, -119.968933 45.814969, -119.971908 45.814463, -119.974883 45.813957, -119.977858 45.813451, -119.980832 45.812945, -119.983807 45.812438, -119.986782 45.811932, -119.989757 45.811425, -119.992731 45.810919, -119.995706 45.810412, -119.998681 45.809906, -120.001655 45.809399, -120.004629 45.808892, -120.007604 45.808385, -120.010578 45.807878, -120.013553 45.807371, -120.016527 45.806864, -120.019501 45.806357, -120.022475 45.805849, -120.025449 45.805342, -120.028423 45.804835, -120.031397 45.804327, -120.034371 45.803820, -120.037345 45.803312, -120.040319 45.802804, -120.043292 45.802296, -120.046266 45.801788, -120.049240 45.801280, -120.052213 45.800772, -120.055187 45.800264, -120.058160 45.799756, -120.061134 45.799248, -120.064107 45.798739, -120.067080 45.798231, -120.070054 45.797722, -120.073027 45.797214, -120.076000 45.796705, -120.078973 45.796196, -120.081946 45.795687, -120.084919 45.795178, -120.087892 45.794669, -120.090865 45.794160, -120.093838 45.793651, -120.096810 45.793142, -120.099783 45.792633, -120.102756 45.792123, -120.105728 45.791614, -120.108701 45.791104, -120.111673 45.790595, -120.114646 45.790085, -120.117618 45.789575, -120.120591 45.789065, -120.123563 45.788556, -120.126535 45.788046, -120.129507 45.787535, -120.132479 45.787025, -120.135451 45.786515, -120.138423 45.786005, -120.141395 45.785494, -120.144367 45.784984, -120.147339 45.784473, -120.150311 45.783963, -120.153283 45.783452, -120.156254 45.782941, -120.159226 45.782431, -120.162197 45.781920, -120.165169 45.781409, -120.168140 45.780898, -120.171112 45.780386, -120.174083 45.779875, -120.177054 45.779364, -120.180026 45.778853, -120.182997 45.778341, -120.185968 45.777830, -120.188939 45.777318, -120.191910 45.776806, -120.194881 45.776294, -120.197852 45.775783, -120.200823 45.775271, -120.203794 45.774759, -120.206764 45.774247, -120.209735 45.773734, -120.212706 45.773222, -120.215676 45.772710, -120.218647 45.772198, -120.221617 45.771685, -120.224588 45.771173, -120.227558 45.770660, -120.230528 45.770147, -120.233499 45.769635, -120.236469 45.769122, -120.239439 45.768609, -120.242409 45.768096, -120.245379 45.767583, -120.248349 45.767070, -120.251319 45.766556, -120.254289 45.766043, -120.257259 45.765530, -120.260229 45.765016, -120.263198 45.764503, -120.266168 45.763989, -120.269138 45.763475, -120.272107 45.762962, -120.275077 45.762448, -120.278046 45.761934, -120.281015 45.761420, -120.283985 45.760906, -120.286954 45.760392, -120.289923 45.759877, -120.292892 45.759363, -120.295862 45.758849, -120.298831 45.758334, -120.301800 45.757820, -120.304769 45.757305, -120.307737 45.756790, -120.310706 45.756276, -120.313675 45.755761, -120.316644 45.755246, -120.319612 45.754731, -120.322581 45.754216, -120.325550 45.753701, -120.328518 45.753185, -120.331487 45.752670, -120.334455 45.752155, -120.337423 45.751639, -120.340392 45.751124, -120.343360 45.750608, -120.346328 45.750092, -120.349296 45.749577, -120.352264 45.749061, -120.355232 45.748545, -120.358200 45.748029, -120.361168 45.747513, -120.364136 45.746997, -120.367104 45.746480, -120.370071 45.745964, -120.373039 45.745448, -120.376007 45.744931, -120.378974 45.744415, -120.381942 45.743898, -120.384909 45.743381, -120.387877 45.742865, -120.390844 45.742348, -120.393811 45.741831, -120.396779 45.741314, -120.399746 45.740797, -120.402713 45.740280, -120.405680 45.739763, -120.408647 45.739245, -120.411614 45.738728, -120.414581 45.738210, -120.417548 45.737693, -120.420515 45.737175, -120.423481 45.736658, -120.426448 45.736140, -120.429415 45.735622, -120.432381 45.735104, -120.435348 45.734586, -120.438314 45.734068, -120.441281 45.733550, -120.444247 45.733032, -120.447213 45.732513, -120.450180 45.731995, -120.453146 45.731476, -120.456112 45.730958, -120.459078 45.730439, -120.462044 45.729921, -120.465010 45.729402, -120.467976 45.728883, -120.470942 45.728364, -120.473908 45.727845, -120.476874 45.727326, -120.479839 45.726807, -120.482805 45.726288, -120.485770 45.725768, -120.488736 45.725249, -120.491701 45.724730, -120.494667 45.724210, -120.497632 45.723690, -120.500598 45.723171, -120.503563 45.722651, -120.506528 45.722131, -120.509493 45.721611, -120.512458 45.721091, -120.515423 45.720571, -120.518388 45.720051, -120.521353 45.719531, -120.524318 45.719011, -120.527283 45.718490, -120.530248 45.717970, -120.533212 45.717449, -120.536177 45.716929, -120.539142 45.716408, -120.542106 45.715887, -120.545071 45.715366, -120.548035 45.714845, -120.551000 45.714324, -120.553964 45.713803, -120.556928 45.713282, -120.559892 45.712761, -120.562857 45.712240, -120.565821 45.711718, -120.568785 45.711197, -120.571749 45.710675, -120.574713 45.710154, -120.577676 45.709632, -120.580640 45.709110, -120.583604 45.708589, -120.586568 45.708067, -120.589531 45.707545, -120.592495 45.707023, -120.595459 45.706501, -120.598422 45.705978, -120.601386 45.705456, -120.604349 45.704934, -120.607312 45.704411, -120.610276 45.703889, -120.613239 45.703366, -120.616202 45.702843, -120.619165 45.702321, -120.622128 45.701798, -120.625091 45.701275, -120.628054 45.700752, -120.631017 45.700229, -120.633980 45.699706, -120.636942 45.699183, -120.639905 45.698659, -120.642868 45.698136, -120.645830 45.697613, -120.648793 45.697089, -120.651756 45.696565, -120.654718 45.696042, -120.657680 45.695518, -120.660643 45.694994, -120.663605 45.694470, -120.666567 45.693946, -120.669529 45.693422, -120.672491 45.692898, -120.675454 45.692374, -120.678416 45.691850, -120.681377 45.691325, -120.684339 45.690801, -120.687301 45.690276, -120.690263 45.689752, -120.693225 45.689227, -120.696186 45.688702, -120.699148 45.688178, -120.702109 45.687653, -120.705071 45.687128, -120.708032 45.686603, -120.710994 45.686078, -120.713955 45.685552, -120.716916 45.685027, -120.719878 45.684502, -120.722839 45.683976, -120.725800 45.683451, -120.728761 45.682925, -120.731722 45.682400, -120.734683 45.681874, -120.737644 45.681348, -120.740605 45.680822, -120.743565 45.680296, -120.746526 45.679770, -120.749487 45.679244, -120.752447 45.678718, -120.755408 45.678192, -120.758368 45.677665, -120.761329 45.677139, -120.764289 45.676612, -120.767250 45.676086, -120.770210 45.675559, -120.773170 45.675032, -120.776130 45.674506, -120.779090 45.673979, -120.782050 45.673452, -120.785010 45.672925, -120.787970 45.672398, -120.790930 45.671870, -120.793890 45.671343, -120.796850 45.670816, -120.799810 45.670288, -120.802769 45.669761, -120.805729 45.669233, -120.808688 45.668706, -120.811648 45.668178, -120.814607 45.667650, -120.817567 45.667122, -120.820526 45.666594, -120.823485 45.666066, -120.826444 45.665538, -120.829404 45.665010, -120.832363 45.664482, -120.835322 45.663953, -120.838281 45.663425, -120.841240 45.662897, -120.844199 45.662368, -120.847157 45.661839, -120.850116 45.661311, -120.853075 45.660782, -120.856034 45.660253, -120.858992 45.659724, -120.861951 45.659195, -120.864909 45.658666, -120.867868 45.658137, -120.870826 45.657608, -120.873784 45.657078, -120.876743 45.656549, -120.879701 45.656019, -120.882659 45.655490, -120.885617 45.654960, -120.888575 45.654430, -120.891533 45.653901, -120.894491 45.653371, -120.897449 45.652841, -120.900407 45.652311, -120.903364 45.651781, -120.906322 45.651251, -120.909280 45.650720, -120.912237 45.650190, -120.915195 45.649660, -120.918152 45.649129, -120.921110 45.648599, -120.924067 45.648068, -120.927024 45.647537, -120.929982 45.647007, -120.932939 45.646476, -120.935896 45.645945, -120.938853 45.645414, -120.941810 45.644883, -120.944767 45.644352, -120.947724 45.643820, -120.950681 45.643289, -120.953638 45.642758, -120.956594 45.642226, -120.959551 45.641695, -120.962508 45.641163, -120.965464 45.640631, -120.968421 45.640100, -120.971377 45.639568, -120.974334 45.639036, -120.977290 45.638504, -120.980246 45.637972, -120.983203 45.637440, -120.986159 45.636907, -120.989115 45.636375, -120.992071 45.635843, -120.995027 45.635310, -120.997983 45.634778, -121.000939 45.634245, -121.003895 45.633712, -121.006851 45.633180, -121.009806 45.632647, -121.012762 45.632114, -121.015718 45.631581, -121.018673 45.631048, -121.021629 45.630515, -121.024584 45.629982, -121.027540 45.629448, -121.030495 45.628915, -121.033450 45.628381, -121.036406 45.627848, -121.039361 45.627314, -121.042316 45.626781, -121.045271 45.626247, -121.048226 45.625713, -121.051181 45.625179, -121.054136 45.624645, -121.057091 45.624111, -121.060045 45.623577, -121.063000 45.623043, -121.065955 45.622509, -121.068909 45.621974, -121.071864 45.621440, -121.074818 45.620905, -121.077773 45.620371, -121.080727 45.619836, -121.083682 45.619301, -121.086636 45.618766, -121.089590 45.618232, -121.092544 45.617697, -121.095498 45.617162, -121.098452 45.616626, -121.101406 45.616091, -121.104360 45.615556, -121.107314 45.615021, -121.110268 45.614485, -121.113222 45.613950, -121.116176 45.613414, -121.119129 45.612878, -121.122083 45.612343, -121.125036 45.611807, -121.127990 45.611271, -121.130943 45.610735, -121.133897 45.610199, -121.136850 45.609663, -121.139803 45.609127, -121.142756 45.608591, -121.145710 45.608054, -121.148663 45.607518, -121.151616 45.606981, -121.154569 45.606445, -121.157522 45.605908, -121.160474 45.605371, -121.163427 45.604835, -121.166380 45.604298, -121.169333 45.603761, -121.172285 45.603224, -121.175238 45.602687, -121.178190 45.602149, -121.181143 45.601612, -121.184095 45.601075, -121.187048 45.600537, -121.190000 45.600000, -121.193022 45.600262, -121.196044 45.600523, -121.199066 45.600784, -121.202088 45.601046, -121.205110 45.601307, -121.208132 45.601568, -121.211154 45.601829, -121.214176 45.602090, -121.217199 45.602351, -121.220221 45.602612, -121.223243 45.602873, -121.226265 45.603133, -121.229288 45.603394, -121.232310 45.603655, -121.235332 45.603915, -121.238355 45.604175, -121.241377 45.604436, -121.244399 45.604696, -121.247422 45.604956, -121.250444 45.605216, -121.253467 45.605476, -121.256489 45.605736, -121.259512 45.605996, -121.262534 45.606255, -121.265557 45.606515, -121.268580 45.606775, -121.271602 45.607034, -121.274625 45.607293, -121.277648 45.607553, -121.280671 45.607812, -121.283693 45.608071, -121.286716 45.608330, -121.289739 45.608589, -121.292762 45.608848, -121.295785 45.609107, -121.298808 45.609366, -121.301831 45.609624, -121.304854 45.609883, -121.307877 45.610142, -121.310900 45.610400, -121.313923 45.610658, -121.316946 45.610917, -121.319969 45.611175, -121.322992 45.611433, -121.326015 45.611691, -121.329039 45.611949, -121.332062 45.612207, -121.335085 45.612465, -121.338108 45.612723, -121.341132 45.612980, -121.344155 45.613238, -121.347178 45.613495, -121.350202 45.613753, -121.353225 45.614010, -121.356249 45.614267, -121.359272 45.614524, -121.362296 45.614781, -121.365319 45.615038, -121.368343 45.615295, -121.371366 45.615552, -121.374390 45.615809, -121.377414 45.616066, -121.380437 45.616322, -121.383461 45.616579, -121.386485 45.616835, -121.389509 45.617092, -121.392532 45.617348, -121.395556 45.617604, -121.398580 45.617860, -121.401604 45.618116, -121.404628 45.618372, -121.407652 45.618628, -121.410676 45.618884, -121.413700 45.619140, -121.416724 45.619395, -121.419748 45.619651, -121.422772 45.619907, -121.425796 45.620162, -121.428820 45.620417, -121.431844 45.620673, -121.434868 45.620928, -121.437893 45.621183, -121.440917 45.621438, -121.443941 45.621693, -121.446965 45.621948, -121.449990 45.622202, -121.453014 45.622457, -121.456038 45.622712, -121.459063 45.622966, -121.462087 45.623221, -121.465112 45.623475, -121.468136 45.623729, -121.471161 45.623984, -121.474185 45.624238, -121.477210 45.624492, -121.480234 45.624746, -121.483259 45.625000, -121.486284 45.625254, -121.489308 45.625507, -121.492333 45.625761, -121.495358 45.626015, -121.498382 45.626268, -121.501407 45.626521, -121.504432 45.626775, -121.507457 45.627028, -121.510482 45.627281, -121.513507 45.627534, -121.516531 45.627787, -121.519556 45.628040, -121.522581 45.628293, -121.525606 45.628546, -121.528631 45.628799, -121.531656 45.629051, -121.534682 45.629304, -121.537707 45.629556, -121.540732 45.629809, -121.543757 45.630061, -121.546782 45.630313, -121.549807 45.630565, -121.552833 45.630817, -121.555858 45.631069, -121.558883 45.631321, -121.561908 45.631573, -121.564934 45.631825, -121.567959 45.632077, -121.570985 45.632328, -121.574010 45.632580, -121.577035 45.632831, -121.580061 45.633082, -121.583086 45.633334, -121.586112 45.633585, -121.589138 45.633836, -121.592163 45.634087, -121.595189 45.634338, -121.598214 45.634589, -121.601240 45.634840, -121.604266 45.635090, -121.607292 45.635341, -121.610317 45.635591, -121.613343 45.635842, -121.616369 45.636092, -121.619395 45.636343, -121.622421 45.636593, -121.625447 45.636843, -121.628472 45.637093, -121.631498 45.637343, -121.634524 45.637593, -121.637550 45.637843, -121.640576 45.638093, -121.643602 45.638342, -121.646629 45.638592, -121.649655 45.638841, -121.652681 45.639091, -121.655707 45.639340, -121.658733 45.639589, -121.661759 45.639839, -121.664786 45.640088, -121.667812 45.640337, -121.670838 45.640586, -121.673864 45.640834, -121.676891 45.641083, -121.679917 45.641332, -121.682944 45.641581, -121.685970 45.641829, -121.688997 45.642078, -121.692023 45.642326, -121.695050 45.642574, -121.698076 45.642823, -121.701103 45.643071, -121.704129 45.643319, -121.707156 45.643567, -121.710182 45.643815, -121.713209 45.644063, -121.716236 45.644310, -121.719263 45.644558, -121.722289 45.644806, -121.725316 45.645053, -121.728343 45.645300, -121.731370 45.645548, -121.734397 45.645795, -121.737424 45.646042, -121.740450 45.646289, -121.743477 45.646536, -121.746504 45.646783, -121.749531 45.647030, -121.752558 45.647277, -121.755585 45.647524, -121.758612 45.647770, -121.761640 45.648017, -121.764667 45.648263, -121.767694 45.648510, -121.770721 45.648756, -121.773748 45.649002, -121.776775 45.649248, -121.779803 45.649495, -121.782830 45.649741, -121.785857 45.649986, -121.788885 45.650232, -121.791912 45.650478, -121.794939 45.650724, -121.797967 45.650969, -121.800994 45.651215, -121.804022 45.651460, -121.807049 45.651706, -121.810077 45.651951, -121.813104 45.652196, -121.816132 45.652441, -121.819160 45.652686, -121.822187 45.652931, -121.825215 45.653176, -121.828243 45.653421, -121.831270 45.653666, -121.834298 45.653910, -121.837326 45.654155, -121.840354 45.654399, -121.843381 45.654644, -121.846409 45.654888, -121.849437 45.655132, -121.852465 45.655376, -121.855493 45.655620, -121.858521 45.655864, -121.861549 45.656108, -121.864577 45.656352, -121.867605 45.656596, -121.870633 45.656840, -121.873661 45.657083, -121.876689 45.657327, -121.879717 45.657570, -121.882745 45.657813, -121.885774 45.658057, -121.888802 45.658300, -121.891830 45.658543, -121.894858 45.658786, -121.897887 45.659029, -121.900915 45.659272, -121.903943 45.659515, -121.906972 45.659757, -121.910000 45.660000, -121.913042 45.659890, -121.916083 45.659780, -121.919125 45.659670, -121.922166 45.659560, -121.925208 45.659449, -121.928249 45.659339, -121.931291 45.659229, -121.934332 45.659118, -121.937374 45.659007, -121.940415 45.658897, -121.943457 45.658786, -121.946498 45.658675, -121.949540 45.658564, -121.952581 45.658453, -121.955622 45.658342, -121.958664 45.658231, -121.961705 45.658120, -121.964747 45.658008, -121.967788 45.657897, -121.970829 45.657785, -121.973871 45.657674, -121.976912 45.657562, -121.979953 45.657451, -121.982995 45.657339, -121.986036 45.657227, -121.989077 45.657115, -121.992118 45.657003, -121.995160 45.656891, -121.998201 45.656778, -122.001242 45.656666, -122.004283 45.656554, -122.007324 45.656441, -122.010366 45.656329, -122.013407 45.656216, -122.016448 45.656103, -122.019489 45.655991, -122.022530 45.655878, -122.025571 45.655765, -122.028613 45.655652, -122.031654 45.655539, -122.034695 45.655426, -122.037736 45.655312, -122.040777 45.655199, -122.043818 45.655085, -122.046859 45.654972, -122.049900 45.654858, -122.052941 45.654745, -122.055982 45.654631, -122.059023 45.654517, -122.062064 45.654403, -122.065105 45.654289, -122.068146 45.654175, -122.071187 45.654061, -122.074228 45.653947, -122.077269 45.653832, -122.080310 45.653718, -122.083351 45.653604, -122.086391 45.653489, -122.089432 45.653374, -122.092473 45.653260, -122.095514 45.653145, -122.098555 45.653030, -122.101596 45.652915, -122.104636 45.652800, -122.107677 45.652685, -122.110718 45.652570, -122.113759 45.652454, -122.116800 45.652339, -122.119840 45.652224, -122.122881 45.652108, -122.125922 45.651992, -122.128962 45.651877, -122.132003 45.651761, -122.135044 45.651645, -122.138085 45.651529, -122.141125 45.651413, -122.144166 45.651297, -122.147206 45.651181, -122.150247 45.651065, -122.153288 45.650948, -122.156328 45.650832, -122.159369 45.650715, -122.162409 45.650599, -122.165450 45.650482, -122.168491 45.650365, -122.171531 45.650249, -122.174572 45.650132, -122.177612 45.650015, -122.180653 45.649898, -122.183693 45.649781, -122.186734 45.649663, -122.189774 45.649546, -122.192814 45.649429, -122.195855 45.649311, -122.198895 45.649194, -122.201936 45.649076, -122.204976 45.648958, -122.208016 45.648841, -122.211057 45.648723, -122.214097 45.648605, -122.217137 45.648487, -122.220178 45.648369, -122.223218 45.648250, -122.226258 45.648132, -122.229299 45.648014, -122.232339 45.647895, -122.235379 45.647777, -122.238419 45.647658, -122.241460 45.647540, -122.244500 45.647421, -122.247540 45.647302, -122.250580 45.647183, -122.253621 45.647064, -122.256661 45.646945, -122.259701 45.646826, -122.262741 45.646707, -122.265781 45.646587, -122.268821 45.646468, -122.271861 45.646348, -122.274901 45.646229, -122.277942 45.646109, -122.280982 45.645990, -122.284022 45.645870, -122.287062 45.645750, -122.290102 45.645630, -122.293142 45.645510, -122.296182 45.645390, -122.299222 45.645270, -122.302262 45.645149, -122.305302 45.645029, -122.308342 45.644908, -122.311382 45.644788, -122.314422 45.644667, -122.317461 45.644547, -122.320501 45.644426, -122.323541 45.644305, -122.326581 45.644184, -122.329621 45.644063, -122.332661 45.643942, -122.335701 45.643821, -122.338740 45.643700, -122.341780 45.643578, -122.344820 45.643457, -122.347860 45.643335, -122.350900 45.643214, -122.353939 45.643092, -122.356979 45.642970, -122.360019 45.642849, -122.363059 45.642727, -122.366098 45.642605, -122.369138 45.642483, -122.372178 45.642360, -122.375217 45.642238, -122.378257 45.642116, -122.381297 45.641994, -122.384336 45.641871, -122.387376 45.641749, -122.390415 45.641626, -122.393455 45.641503, -122.396494 45.641380, -122.399534 45.641258, -122.402574 45.641135, -122.405613 45.641012, -122.408653 45.640889, -122.411692 45.640765, -122.414732 45.640642, -122.417771 45.640519, -122.420811 45.640395, -122.423850 45.640272, -122.426889 45.640148, -122.429929 45.640025, -122.432968 45.639901, -122.436008 45.639777, -122.439047 45.639653, -122.442086 45.639529, -122.445126 45.639405, -122.448165 45.639281, -122.451204 45.639157, -122.454244 45.639032, -122.457283 45.638908, -122.460322 45.638783, -122.463362 45.638659, -122.466401 45.638534, -122.469440 45.638409, -122.472479 45.638285, -122.475519 45.638160, -122.478558 45.638035, -122.481597 45.637910, -122.484636 45.637785, -122.487675 45.637659, -122.490714 45.637534, -122.493754 45.637409, -122.496793 45.637283, -122.499832 45.637158, -122.502871 45.637032, -122.505910 45.636907, -122.508949 45.636781, -122.511988 45.636655, -122.515027 45.636529, -122.518066 45.636403, -122.521105 45.636277, -122.524144 45.636151, -122.527183 45.636025, -122.530222 45.635898, -122.533261 45.635772, -122.536300 45.635645, -122.539339 45.635519, -122.542378 45.635392, -122.545417 45.635265, -122.548456 45.635139, -122.551495 45.635012, -122.554533 45.634885, -122.557572 45.634758, -122.560611 45.634631, -122.563650 45.634503, -122.566689 45.634376, -122.569728 45.634249, -122.572766 45.634121, -122.575805 45.633994, -122.578844 45.633866, -122.581883 45.633738, -122.584921 45.633611, -122.587960 45.633483, -122.590999 45.633355, -122.594037 45.633227, -122.597076 45.633099, -122.600115 45.632970, -122.603153 45.632842, -122.606192 45.632714, -122.609231 45.632585, -122.612269 45.632457, -122.615308 45.632328, -122.618346 45.632200, -122.621385 45.632071, -122.624424 45.631942, -122.627462 45.631813, -122.630501 45.631684, -122.633539 45.631555, -122.636578 45.631426, -122.639616 45.631297, -122.642654 45.631167, -122.645693 45.631038, -122.648731 45.630909, -122.651770 45.630779, -122.654808 45.630649, -122.657847 45.630520, -122.660885 45.630390, -122.663923 45.630260, -122.666962 45.630130, -122.670000 45.630000, -122.672491 45.631227, -122.674982 45.632455, -122.677473 45.633682, -122.679965 45.634909, -122.682456 45.636136, -122.684948 45.637363, -122.687439 45.638590, -122.689931 45.639817, -122.692423 45.641044, -122.694915 45.642271, -122.697407 45.643498, -122.699899 45.644725, -122.702392 45.645952, -122.704884 45.647178, -122.707377 45.648405, -122.709869 45.649631, -122.712362 45.650858, -122.714855 45.652084, -122.717348 45.653311, -122.719841 45.654537, -122.722334 45.655763, -122.724828 45.656990, -122.727321 45.658216, -122.729814 45.659442, -122.732308 45.660668, -122.734802 45.661894, -122.737296 45.663120, -122.739790 45.664346, -122.742284 45.665572, -122.744778 45.666797, -122.747272 45.668023, -122.749767 45.669249, -122.752261 45.670475, -122.754756 45.671700, -122.757250 45.672926, -122.759745 45.674151, -122.762240 45.675377, -122.764735 45.676602, -122.767230 45.677827, -122.769726 45.679052, -122.772221 45.680278, -122.774717 45.681503, -122.777212 45.682728, -122.779708 45.683953, -122.782204 45.685178, -122.784700 45.686403, -122.787196 45.687628, -122.789692 45.688853, -122.792188 45.690077, -122.794684 45.691302, -122.797181 45.692527, -122.799678 45.693751, -122.802174 45.694976, -122.804671 45.696200, -122.807168 45.697425, -122.809665 45.698649, -122.812162 45.699873, -122.814659 45.701098, -122.817157 45.702322, -122.819654 45.703546, -122.822152 45.704770, -122.824649 45.705994, -122.827147 45.707218, -122.829645 45.708442, -122.832143 45.709666, -122.834641 45.710890, -122.837139 45.712114, -122.839638 45.713338, -122.842136 45.714561, -122.844635 45.715785, -122.847133 45.717008, -122.849632 45.718232, -122.852131 45.719455, -122.854630 45.720679, -122.857129 45.721902, -122.859628 45.723125, -122.862128 45.724349, -122.864627 45.725572, -122.867127 45.726795, -122.869626 45.728018, -122.872126 45.729241, -122.874626 45.730464, -122.877126 45.731687, -122.879626 45.732910, -122.882126 45.734133, -122.884627 45.735355, -122.887127 45.736578, -122.889627 45.737801, -122.892128 45.739023, -122.894629 45.740246, -122.897130 45.741468, -122.899631 45.742691, -122.902132 45.743913, -122.904633 45.745135, -122.907134 45.746358, -122.909636 45.747580, -122.912137 45.748802, -122.914639 45.750024, -122.917140 45.751246, -122.919642 45.752468, -122.922144 45.753690, -122.924646 45.754912, -122.927148 45.756134, -122.929651 45.757356, -122.932153 45.758577, -122.934656 45.759799, -122.937158 45.761021, -122.939661 45.762242, -122.942164 45.763464, -122.944667 45.764685, -122.947170 45.765906, -122.949673 45.767128, -122.952176 45.768349, -122.954680 45.769570, -122.957183 45.770791, -122.959687 45.772012, -122.962190 45.773234, -122.964694 45.774455, -122.967198 45.775676, -122.969702 45.776896, -122.972206 45.778117, -122.974710 45.779338, -122.977215 45.780559, -122.979719 45.781779, -122.982224 45.783000, -122.984729 45.784221, -122.987233 45.785441, -122.989738 45.786662, -122.992243 45.787882, -122.994748 45.789102, -122.997254 45.790323, -122.999759 45.791543, -123.002264 45.792763, -123.004770 45.793983, -123.007276 45.795203, -123.009781 45.796423, -123.012287 45.797643, -123.014793 45.798863, -123.017300 45.800083, -123.019806 45.801303, -123.022312 45.802523, -123.024819 45.803742, -123.027325 45.804962, -123.029832 45.806181, -123.032339 45.807401, -123.034845 45.808620, -123.037352 45.809840, -123.039859 45.811059, -123.042367 45.812278, -123.044874 45.813498, -123.047381 45.814717, -123.049889 45.815936, -123.052397 45.817155, -123.054904 45.818374, -123.057412 45.819593, -123.059920 45.820812, -123.062428 45.822031, -123.064937 45.823250, -123.067445 45.824469, -123.069953 45.825687, -123.072462 45.826906, -123.074970 45.828124, -123.077479 45.829343, -123.079988 45.830561, -123.082497 45.831780, -123.085006 45.832998, -123.087515 45.834217, -123.090025 45.835435, -123.092534 45.836653, -123.095044 45.837871, -123.097553 45.839089, -123.100063 45.840307, -123.102573 45.841525, -123.105083 45.842743, -123.107593 45.843961, -123.110103 45.845179, -123.112613 45.846397, -123.115124 45.847614, -123.117634 45.848832, -123.120145 45.850050, -123.122655 45.851267, -123.125166 45.852485, -123.127677 45.853702, -123.130188 45.854920, -123.132699 45.856137, -123.135211 45.857354, -123.137722 45.858571, -123.140234 45.859789, -123.142745 45.861006, -123.145257 45.862223, -123.147769 45.863440, -123.150281 45.864657, -123.152793 45.865874, -123.155305 45.867090, -123.157817 45.868307, -123.160330 45.869524, -123.162842 45.870741, -123.165355 45.871957, -123.167867 45.873174, -123.170380 45.874390, -123.172893 45.875607, -123.175406 45.876823, -123.177919 45.878039, -123.180433 45.879256, -123.182946 45.880472, -123.185459 45.881688, -123.187973 45.882904, -123.190487 45.884120, -123.193000 45.885336, -123.195514 45.886552, -123.198028 45.887768, -123.200543 45.888984, -123.203057 45.890200, -123.205571 45.891415, -123.208086 45.892631, -123.210600 45.893847, -123.213115 45.895062, -123.215630 45.896278, -123.218145 45.897493, -123.220660 45.898709, -123.223175 45.899924, -123.225690 45.901139, -123.228205 45.902355, -123.230721 45.903570, -123.233236 45.904785, -123.235752 45.906000, -123.238268 45.907215, -123.240784 45.908430, -123.243300 45.909645, -123.245816 45.910860, -123.248332 45.912074, -123.250848 45.913289, -123.253365 45.914504, -123.255881 45.915719, -123.258398 45.916933, -123.260915 45.918148, -123.263432 45.919362, -123.265949 45.920576, -123.268466 45.921791, -123.270983 45.923005, -123.273500 45.924219, -123.276018 45.925434, -123.278535 45.926648, -123.281053 45.927862, -123.283571 45.929076, -123.286089 45.930290, -123.288607 45.931504, -123.291125 45.932717, -123.293643 45.933931, -123.296161 45.935145, -123.298680 45.936359, -123.301198 45.937572, -123.303717 45.938786, -123.306236 45.939999, -123.308755 45.941213, -123.311274 45.942426, -123.313793 45.943640, -123.316312 45.944853, -123.318831 45.946066, -123.321351 45.947279, -123.323870 45.948493, -123.326390 45.949706, -123.328910 45.950919, -123.331429 45.952132, -123.333949 45.953345, -123.336470 45.954557, -123.338990 45.955770, -123.341510 45.956983, -123.344030 45.958196, -123.346551 45.959408, -123.349072 45.960621, -123.351592 45.961833, -123.354113 45.963046, -123.356634 45.964258, -123.359155 45.965471, -123.361676 45.966683, -123.364198 45.967895, -123.366719 45.969107, -123.369241 45.970319, -123.371762 45.971532, -123.374284 45.972744, -123.376806 45.973956, -123.379328 45.975167, -123.381850 45.976379, -123.384372 45.977591, -123.386894 45.978803, -123.389417 45.980015, -123.391939 45.981226, -123.394462 45.982438, -123.396985 45.983649, -123.399508 45.984861, -123.402031 45.986072, -123.404554 45.987284, -123.407077 45.988495, -123.409600 45.989706, -123.412123 45.990917, -123.414647 45.992128, -123.417171 45.993340, -123.419694 45.994551, -123.422218 45.995762, -123.424742 45.996972, -123.427266 45.998183, -123.429790 45.999394, -123.432315 46.000605, -123.434839 46.001816, -123.437364 46.003026, -123.439888 46.004237, -123.442413 46.005447, -123.444938 46.006658, -123.447463 46.007868, -123.449988 46.009079, -123.452513 46.010289, -123.455038 46.011499, -123.457564 46.012709, -123.460089 46.013919, -123.462615 46.015129, -123.465140 46.016340, -123.467666 46.017549, -123.470192 46.018759, -123.472718 46.019969, -123.475244 46.021179, -123.477771 46.022389, -123.480297 46.023599, -123.482823 46.024808, -123.485350 46.026018, -123.487877 46.027227, -123.490404 46.028437, -123.492931 46.029646, -123.495458 46.030855, -123.497985 46.032065, -123.500512 46.033274, -123.503039 46.034483, -123.505567 46.035692, -123.508094 46.036901, -123.510622 46.038110, -123.513150 46.039319, -123.515678 46.040528, -123.518206 46.041737, -123.520734 46.042946, -123.523262 46.044155, -123.525791 46.045363, -123.528319 46.046572, -123.530848 46.047781, -123.533377 46.048989, -123.535905 46.050198, -123.538434 46.051406, -123.540963 46.052614, -123.543492 46.053823, -123.546022 46.055031, -123.548551 46.056239, -123.551081 46.057447, -123.553610 46.058655, -123.556140 46.059863, -123.558670 46.061071, -123.561200 46.062279, -123.563730 46.063487, -123.566260 46.064695, -123.568790 46.065903, -123.571320 46.067110, -123.573851 46.068318, -123.576381 46.069526, -123.578912 46.070733, -123.581443 46.071940, -123.583974 46.073148, -123.586505 46.074355, -123.589036 46.075563, -123.591567 46.076770, -123.594099 46.077977, -123.596630 46.079184, -123.599162 46.080391, -123.601693 46.081598, -123.604225 46.082805, -123.606757 46.084012, -123.609289 46.085219, -123.611821 46.086426, -123.614354 46.087632, -123.616886 46.088839, -123.619418 46.090046, -123.621951 46.091252, -123.624484 46.092459, -123.627016 46.093665, -123.629549 46.094872, -123.632082 46.096078, -123.634616 46.097284, -123.637149 46.098491, -123.639682 46.099697, -123.642216 46.100903, -123.644749 46.102109, -123.647283 46.103315, -123.649817 46.104521, -123.652351 46.105727, -123.654885 46.106933, -123.657419 46.108138, -123.659953 46.109344, -123.662487 46.110550, -123.665022 46.111755, -123.667556 46.112961, -123.670091 46.114166, -123.672626 46.115372, -123.675161 46.116577, -123.677696 46.117783, -123.680231 46.118988, -123.682766 46.120193, -123.685301 46.121398, -123.687837 46.122603, -123.690373 46.123808, -123.692908 46.125013, -123.695444 46.126218, -123.697980 46.127423, -123.700516 46.128628, -123.703052 46.129833, -123.705588 46.131038, -123.708125 46.132242, -123.710661 46.133447, -123.713198 46.134651, -123.715734 46.135856, -123.718271 46.137060, -123.720808 46.138265, -123.723345 46.139469, -123.725882 46.140673, -123.728419 46.141878, -123.730957 46.143082, -123.733494 46.144286, -123.736032 46.145490, -123.738569 46.146694, -123.741107 46.147898, -123.743645 46.149102, -123.746183 46.150305, -123.748721 46.151509, -123.751260 46.152713, -123.753798 46.153917, -123.756336 46.155120, -123.758875 46.156324, -123.761414 46.157527, -123.763952 46.158731, -123.766491 46.159934, -123.769030 46.161137, -123.771569 46.162341, -123.774109 46.163544, -123.776648 46.164747, -123.779188 46.165950, -123.781727 46.167153, -123.784267 46.168356, -123.786807 46.169559, -123.789346 46.170762, -123.791886 46.171965, -123.794427 46.173167, -123.796967 46.174370, -123.799507 46.175573, -123.802048 46.176775, -123.804588 46.177978, -123.807129 46.179180, -123.809670 46.180383, -123.812211 46.181585, -123.814752 46.182787, -123.817293 46.183990, -123.819834 46.185192, -123.822375 46.186394, -123.824917 46.187596, -123.827458 46.188798, -123.830000 46.190000), (-123.830000 46.190000, -123.826395 46.188295, -123.822790 46.186590, -123.819185 46.184885, -123.815580 46.183179, -123.811976 46.181474, -123.808372 46.179769, -123.804768 46.178063, -123.801164 46.176357, -123.797561 46.174651, -123.793958 46.172945, -123.790355 46.171239, -123.786752 46.169533, -123.783149 46.167827, -123.779547 46.166120, -123.775945 46.164414, -123.772343 46.162707, -123.768741 46.161000, -123.765140 46.159293, -123.761539 46.157586, -123.757938 46.155879, -123.754337 46.154172, -123.750736 46.152465, -123.747136 46.150757, -123.743536 46.149050, -123.739936 46.147342, -123.736336 46.145634, -123.732737 46.143926, -123.729138 46.142218, -123.725539 46.140510, -123.721940 46.138802, -123.718341 46.137094, -123.714743 46.135385, -123.711145 46.133677, -123.707547 46.131968, -123.703949 46.130259, -123.700352 46.128550, -123.696755 46.126841, -123.693158 46.125132, -123.689561 46.123423, -123.685965 46.121713, -123.682368 46.120004, -123.678772 46.118294, -123.675176 46.116585, -123.671581 46.114875, -123.667985 46.113165, -123.664390 46.111455, -123.660795 46.109745, -123.657200 46.108034, -123.653606 46.106324, -123.650012 46.104614, -123.646417 46.102903, -123.642824 46.101192, -123.639230 46.099481, -123.635637 46.097770, -123.632043 46.096059, -123.628450 46.094348, -123.624858 46.092637, -123.621265 46.090926, -123.617673 46.089214, -123.614081 46.087502, -123.610489 46.085791, -123.606897 46.084079, -123.603306 46.082367, -123.599715 46.080655, -123.596124 46.078943, -123.592533 46.077230, -123.588943 46.075518, -123.585352 46.073805, -123.581762 46.072093, -123.578172 46.070380, -123.574583 46.068667, -123.570993 46.066954, -123.567404 46.065241, -123.563815 46.063528, -123.560227 46.061815, -123.556638 46.060101, -123.553050 46.058388, -123.549462 46.056674, -123.545874 46.054960, -123.542286 46.053246, -123.538699 46.051532, -123.535112 46.049818, -123.531525 46.048104, -123.527938 46.046390, -123.524352 46.044675, -123.520765 46.042961, -123.517179 46.041246, -123.513593 46.039531, -123.510008 46.037817, -123.506422 46.036102, -123.502837 46.034386, -123.499252 46.032671, -123.495668 46.030956, -123.492083 46.029241, -123.488499 46.027525, -123.484915 46.025809, -123.481331 46.024094, -123.477747 46.022378, -123.474164 46.020662, -123.470581 46.018946, -123.466998 46.017229, -123.463415 46.015513, -123.459833 46.013797, -123.456250 46.012080, -123.452668 46.010363, -123.449086 46.008647, -123.445505 46.006930, -123.441923 46.005213, -123.438342 46.003496, -123.434761 46.001778, -123.431181 46.000061, -123.427600 45.998343, -123.424020 45.996626, -123.420440 45.994908, -123.416860 45.993190, -123.413280 45.991473, -123.409701 45.989755, -123.406122 45.988036, -123.402543 45.986318, -123.398964 45.984600, -123.395386 45.982881, -123.391807 45.981163, -123.388229 45.979444, -123.384652 45.977725, -123.381074 45.976006, -123.377497 45.974287, -123.373919 45.972568, -123.370342 45.970849, -123.366766 45.969130, -123.363189 45.967410, -123.359613 45.965691, -123.356037 45.963971, -123.352461 45.962251, -123.348885 45.960531, -123.345310 45.958811, -123.341735 45.957091, -123.338160 45.955371, -123.334585 45.953651, -123.331011 45.951930, -123.327437 45.950209, -123.323862 45.948489, -123.320289 45.946768, -123.316715 45.945047, -123.313142 45.943326, -123.309568 45.941605, -123.305996 45.939884, -123.302423 45.938162, -123.298850 45.936441, -123.295278 45.934719, -123.291706 45.932998, -123.288134 45.931276, -123.284563 45.929554, -123.280991 45.927832, -123.277420 45.926110, -123.273849 45.924387, -123.270278 45.922665, -123.266708 45.920943, -123.263137 45.919220, -123.259567 45.917497, -123.255998 45.915775, -123.252428 45.914052, -123.248859 45.912329, -123.245289 45.910605, -123.241720 45.908882, -123.238152 45.907159, -123.234583 45.905435, -123.231015 45.903712, -123.227447 45.901988, -123.223879 45.900264, -123.220311 45.898540, -123.216744 45.896816, -123.213177 45.895092, -123.209610 45.893368, -123.206043 45.891644, -123.202477 45.889919, -123.198910 45.888195, -123.195344 45.886470, -123.191778 45.884745, -123.188213 45.883020, -123.184647 45.881295, -123.181082 45.879570, -123.177517 45.877845, -123.173952 45.876119, -123.170388 45.874394, -123.166824 45.872668, -123.163260 45.870943, -123.159696 45.869217, -123.156132 45.867491, -123.152569 45.865765, -123.149005 45.864039, -123.145442 45.862313, -123.141880 45.860586, -123.138317 45.858860, -123.134755 45.857133, -123.131193 45.855407, -123.127631 45.853680, -123.124069 45.851953, -123.120508 45.850226, -123.116947 45.848499, -123.113386 45.846771, -123.109825 45.845044, -123.106264 45.843317, -123.102704 45.841589, -123.099144 45.839861, -123.095584 45.838134, -123.092024 45.836406, -123.088465 45.834678, -123.084906 45.832950, -123.081347 45.831221, -123.077788 45.829493, -123.074229 45.827765, -123.070671 45.826036, -123.067113 45.824307, -123.063555 45.822578, -123.059997 45.820850, -123.056440 45.819121, -123.052883 45.817391, -123.049326 45.815662, -123.045769 45.813933, -123.042212 45.812203, -123.038656 45.810474, -123.035100 45.808744, -123.031544 45.807014, -123.027988 45.805285, -123.024433 45.803555, -123.020878 45.801824, -123.017323 45.800094, -123.013768 45.798364, -123.010213 45.796633, -123.006659 45.794903, -123.003105 45.793172, -122.999551 45.791441, -122.995997 45.789711, -122.992444 45.787980, -122.988890 45.786248, -122.985337 45.784517, -122.981785 45.782786, -122.978232 45.781055, -122.974680 45.779323, -122.971128 45.777591, -122.967576 45.775860, -122.964024 45.774128, -122.960472 45.772396, -122.956921 45.770664, -122.953370 45.768931, -122.949819 45.767199, -122.946269 45.765467, -122.942718 45.763734, -122.939168 45.762002, -122.935618 45.760269, -122.932068 45.758536, -122.928519 45.756803, -122.924970 45.755070, -122.921421 45.753337, -122.917872 45.751603, -122.914323 45.749870, -122.910775 45.748136, -122.907227 45.746403, -122.903679 45.744669, -122.900131 45.742935, -122.896583 45.741201, -122.893036 45.739467, -122.889489 45.737733, -122.885942 45.735999, -122.882395 45.734264, -122.878849 45.732530, -122.875303 45.730795, -122.871757 45.729060, -122.868211 45.727326, -122.864666 45.725591, -122.861120 45.723856, -122.857575 45.722120, -122.854030 45.720385, -122.850486 45.718650, -122.846941 45.716914, -122.843397 45.715179, -122.839853 45.713443, -122.836309 45.711707, -122.832766 45.709971, -122.829222 45.708235, -122.825679 45.706499, -122.822136 45.704763, -122.818594 45.703026, -122.815051 45.701290, -122.811509 45.699553, -122.807967 45.697817, -122.804425 45.696080, -122.800884 45.694343, -122.797342 45.692606, -122.793801 45.690869, -122.790260 45.689131, -122.786720 45.687394, -122.783179 45.685657, -122.779639 45.683919, -122.776099 45.682181, -122.772559 45.680444, -122.769019 45.678706, -122.765480 45.676968, -122.761941 45.675230, -122.758402 45.673491, -122.754863 45.671753, -122.751325 45.670014, -122.747786 45.668276, -122.744248 45.666537, -122.740711 45.664798, -122.737173 45.663060, -122.733636 45.661321, -122.730098 45.659581, -122.726561 45.657842, -122.723025 45.656103, -122.719488 45.654364, -122.715952 45.652624, -122.712416 45.650884, -122.708880 45.649145, -122.705344 45.647405, -122.701809 45.645665, -122.698274 45.643925, -122.694739 45.642184, -122.691204 45.640444, -122.687669 45.638704, -122.684135 45.636963, -122.680601 45.635223, -122.677067 45.633482, -122.673533 45.631741, -122.670000 45.630000, -122.665683 45.629940, -122.661366 45.629880, -122.657049 45.629820, -122.652732 45.629760, -122.648415 45.629700, -122.644099 45.629639, -122.639782 45.629579, -122.635465 45.629518, -122.631148 45.629457, -122.626831 45.629396, -122.622514 45.629335, -122.618197 45.629273, -122.613881 45.629212, -122.609564 45.629150, -122.605247 45.629088, -122.600930 45.629026, -122.596613 45.628963, -122.592297 45.628901, -122.587980 45.628838, -122.583663 45.628776, -122.579346 45.628713, -122.575030 45.628650, -122.570713 45.628586, -122.566396 45.628523, -122.562080 45.628459, -122.557763 45.628396, -122.553446 45.628332, -122.549130 45.628268, -122.544813 45.628203, -122.540496 45.628139, -122.536180 45.628074, -122.531863 45.628010, -122.527546 45.627945, -122.523230 45.627880, -122.518913 45.627815, -122.514597 45.627749, -122.510280 45.627684, -122.505963 45.627618, -122.501647 45.627552, -122.497330 45.627486, -122.493014 45.627420, -122.488697 45.627354, -122.484381 45.627287, -122.480064 45.627220, -122.475748 45.627154, -122.471431 45.627087, -122.467115 45.627019, -122.462798 45.626952, -122.458482 45.626885, -122.454165 45.626817, -122.449849 45.626749, -122.445532 45.626681, -122.441216 45.626613, -122.436900 45.626545, -122.432583 45.626476, -122.428267 45.626408, -122.423951 45.626339, -122.419634 45.626270, -122.415318 45.626201, -122.411001 45.626132, -122.406685 45.626062, -122.402369 45.625993, -122.398052 45.625923, -122.393736 45.625853, -122.389420 45.625783, -122.385104 45.625713, -122.380787 45.625642, -122.376471 45.625572, -122.372155 45.625501, -122.367839 45.625430, -122.363522 45.625359, -122.359206 45.625288, -122.354890 45.625216, -122.350574 45.625145, -122.346258 45.625073, -122.341941 45.625001, -122.337625 45.624929, -122.333309 45.624857, -122.328993 45.624785, -122.324677 45.624712, -122.320361 45.624639, -122.316045 45.624567, -122.311729 45.624494, -122.307413 45.624420, -122.303096 45.624347, -122.298780 45.624274, -122.294464 45.624200, -122.290148 45.624126, -122.285832 45.624052, -122.281516 45.623978, -122.277200 45.623904, -122.272884 45.623829, -122.268568 45.623755, -122.264252 45.623680, -122.259936 45.623605, -122.255620 45.623530, -122.251305 45.623454, -122.246989 45.623379, -122.242673 45.623303, -122.238357 45.623228, -122.234041 45.623152, -122.229725 45.623076, -122.225409 45.622999, -122.221093 45.622923, -122.216777 45.622846, -122.212462 45.622770, -122.208146 45.622693, -122.203830 45.622616, -122.199514 45.622538, -122.195198 45.622461, -122.190883 45.622383, -122.186567 45.622306, -122.182251 45.622228, -122.177935 45.622150, -122.173620 45.622072, -122.169304 45.621993, -122.164988 45.621915, -122.160673 45.621836, -122.156357 45.621757, -122.152041 45.621678, -122.147726 45.621599, -122.143410 45.621520, -122.139094 45.621440, -122.134779 45.621360, -122.130463 45.621281, -122.126148 45.621201, -122.121832 45.621120, -122.117517 45.621040, -122.113201 45.620960, -122.108885 45.620879, -122.104570 45.620798, -122.100254 45.620717, -122.095939 45.620636, -122.091623 45.620555, -122.087308 45.620473, -122.082993 45.620392, -122.078677 45.620310, -122.074362 45.620228, -122.070046 45.620146, -122.065731 45.620064, -122.061415 45.619981, -122.057100 45.619899, -122.052785 45.619816, -122.048469 45.619733, -122.044154 45.619650, -122.039839 45.619566, -122.035523 45.619483, -122.031208 45.619400, -122.026893 45.619316, -122.022577 45.619232, -122.018262 45.619148, -122.013947 45.619064, -122.009632 45.618979, -122.005316 45.618895, -122.001001 45.618810, -121.996686 45.618725, -121.992371 45.618640, -121.988056 45.618555, -121.983740 45.618470, -121.979425 45.618384, -121.975110 45.618298, -121.970795 45.618212, -121.966480 45.618126, -121.962165 45.618040, -121.957850 45.617954, -121.953535 45.617867, -121.949220 45.617781, -121.944905 45.617694, -121.940590 45.617607, -121.936275 45.617520, -121.931960 45.617433, -121.927645 45.617345, -121.923330 45.617257, -121.919015 45.617170, -121.914700 45.617082, -121.910385 45.616994, -121.906070 45.616905, -121.901755 45.616817, -121.897440 45.616728, -121.893125 45.616640, -121.888810 45.616551, -121.884495 45.616461, -121.880181 45.616372, -121.875866 45.616283, -121.871551 45.616193, -121.867236 45.616103, -121.862921 45.616014, -121.858607 45.615924, -121.854292 45.615833, -121.849977 45.615743, -121.845662 45.615652, -121.841348 45.615562, -121.837033 45.615471, -121.832718 45.615380, -121.828404 45.615289, -121.824089 45.615197, -121.819774 45.615106, -121.815460 45.615014, -121.811145 45.614922, -121.806830 45.614830, -121.802516 45.614738, -121.798201 45.614646, -121.793887 45.614553, -121.789572 45.614460, -121.785258 45.614368, -121.780943 45.614275, -121.776629 45.614181, -121.772314 45.614088, -121.768000 45.613995, -121.763685 45.613901, -121.759371 45.613807, -121.755056 45.613713, -121.750742 45.613619, -121.746427 45.613525, -121.742113 45.613430, -121.737799 45.613336, -121.733484 45.613241, -121.729170 45.613146, -121.724856 45.613051, -121.720541 45.612956, -121.716227 45.612860, -121.711913 45.612765, -121.707598 45.612669, -121.703284 45.612573, -121.698970 45.612477, -121.694656 45.612381, -121.690341 45.612284, -121.686027 45.612188, -121.681713 45.612091, -121.677399 45.611994, -121.673085 45.611897, -121.668771 45.611800, -121.664457 45.611702, -121.660142 45.611605, -121.655828 45.611507, -121.651514 45.611409, -121.647200 45.611311, -121.642886 45.611213, -121.638572 45.611115, -121.634258 45.611016, -121.629944 45.610918, -121.625630 45.610819, -121.621316 45.610720, -121.617002 45.610621, -121.612688 45.610521, -121.608374 45.610422, -121.604060 45.610322, -121.599746 45.610222, -121.595433 45.610122, -121.591119 45.610022, -121.586805 45.609922, -121.582491 45.609821, -121.578177 45.609721, -121.573863 45.609620, -121.569550 45.609519, -121.565236 45.609418, -121.560922 45.609317, -121.556608 45.609215, -121.552295 45.609114, -121.547981 45.609012, -121.543667 45.608910, -121.539354 45.608808, -121.535040 45.608706, -121.530726 45.608603, -121.526413 45.608501, -121.522099 45.608398, -121.517785 45.608295, -121.513472 45.608192, -121.509158 45.608089, -121.504845 45.607985, -121.500531 45.607882, -121.496218 45.607778, -121.491904 45.607674, -121.487591 45.607570, -121.483277 45.607466, -121.478964 45.607362, -121.474650 45.607257, -121.470337 45.607152, -121.466023 45.607048, -121.461710 45.606943, -121.457397 45.606837, -121.453083 45.606732, -121.448770 45.606627, -121.444457 45.606521, -121.440143 45.606415, -121.435830 45.606309, -121.431517 45.606203, -121.427204 45.606097, -121.422890 45.605990, -121.418577 45.605884, -121.414264 45.605777, -121.409951 45.605670, -121.405637 45.605563, -121.401324 45.605455, -121.397011 45.605348, -121.392698 45.605240, -121.388385 45.605133, -121.384072 45.605025, -121.379759 45.604917, -121.375446 45.604808, -121.371133 45.604700, -121.366820 45.604591, -121.362507 45.604483, -121.358194 45.604374, -121.353881 45.604265, -121.349568 45.604155, -121.345255 45.604046, -121.340942 45.603937, -121.336629 45.603827, -121.332316 45.603717, -121.328003 45.603607, -121.323690 45.603497, -121.319377 45.603386, -121.315065 45.603276, -121.310752 45.603165, -121.306439 45.603054, -121.302126 45.602943, -121.297813 45.602832, -121.293501 45.602721, -121.289188 45.602609, -121.284875 45.602498, -121.280563 45.602386, -121.276250 45.602274, -121.271937 45.602162, -121.267625 45.602049, -121.263312 45.601937, -121.258999 45.601824, -121.254687 45.601711, -121.250374 45.601598, -121.246062 45.601485, -121.241749 45.601372, -121.237437 45.601259, -121.233124 45.601145, -121.228812 45.601031, -121.224499 45.600917, -121.220187 45.600803, -121.215874 45.600689, -121.211562 45.600575, -121.207249 45.600460, -121.202937 45.600345, -121.198625 45.600230, -121.194312 45.600115, -121.190000 45.600000, -121.186049 45.601222, -121.182097 45.602443, -121.178145 45.603664, -121.174193 45.604885, -121.170241 45.606106, -121.166288 45.607327, -121.162336 45.608548, -121.158383 45.609769, -121.154430 45.610989, -121.150477 45.612209, -121.146524 45.613430, -121.142571 45.614650, -121.138617 45.615870, -121.134663 45.617089, -121.130709 45.618309, -121.126755 45.619529, -121.122801 45.620748, -121.118847 45.621967, -121.114892 45.623186, -121.110937 45.624405, -121.106982 45.625624, -121.103027 45.626843, -121.099072 45.628061, -121.095117 45.629280, -121.091161 45.630498, -121.087205 45.631716, -121.083249 45.632934, -121.079293 45.634152, -121.075337 45.635370, -121.071380 45.636587, -121.067424 45.637805, -121.063467 45.639022, -121.059510 45.640239, -121.055553 45.641456, -121.051595 45.642673, -121.047638 45.643890, -121.043680 45.645107, -121.039722 45.646323, -121.035764 45.647540, -121.031806 45.648756, -121.027848 45.649972, -121.023889 45.651188, -121.019930 45.652404, -121.015971 45.653620, -121.012012 45.654835, -121.008053 45.656050, -121.004094 45.657266, -121.000134 45.658481, -120.996174 45.659696, -120.992215 45.660911, -120.988254 45.662126, -120.984294 45.663340, -120.980334 45.664555, -120.976373 45.665769, -120.972412 45.666983, -120.968451 45.668197, -120.964490 45.669411, -120.960529 45.670625, -120.956567 45.671838, -120.952606 45.673052, -120.948644 45.674265, -120.944682 45.675479, -120.940720 45.676692, -120.936758 45.677905, -120.932795 45.679117, -120.928832 45.680330, -120.924870 45.681543, -120.920907 45.682755, -120.916943 45.683967, -120.912980 45.685179, -120.909016 45.686391, -120.905053 45.687603, -120.901089 45.688815, -120.897125 45.690027, -120.893161 45.691238, -120.889196 45.692449, -120.885232 45.693660, -120.881267 45.694872, -120.877302 45.696082, -120.873337 45.697293, -120.869372 45.698504, -120.865406 45.699714, -120.861441 45.700925, -120.857475 45.702135, -120.853509 45.703345, -120.849543 45.704555, -120.845577 45.705765, -120.841610 45.706974, -120.837644 45.708184, -120.833677 45.709393, -120.829710 45.710602, -120.825743 45.711812, -120.821775 45.713021, -120.817808 45.714229, -120.813840 45.715438, -120.809872 45.716647, -120.805904 45.717855, -120.801936 45.719063, -120.797968 45.720272, -120.793999 45.721480, -120.790031 45.722687, -120.786062 45.723895, -120.782093 45.725103, -120.778124 45.726310, -120.774154 45.727518, -120.770185 45.728725, -120.766215 45.729932, -120.762245 45.731139, -120.758275 45.732345, -120.754305 45.733552, -120.750335 45.734759, -120.746364 45.735965, -120.742393 45.737171, -120.738422 45.738377, -120.734451 45.739583, -120.730480 45.740789, -120.726509 45.741995, -120.722537 45.743200, -120.718565 45.744406, -120.714593 45.745611, -120.710621 45.746816, -120.706649 45.748021, -120.702676 45.749226, -120.698704 45.750431, -120.694731 45.751635, -120.690758 45.752840, -120.686785 45.754044, -120.682812 45.755248, -120.678838 45.756452, -120.674864 45.757656, -120.670891 45.758860, -120.666917 45.760063, -120.662942 45.761267, -120.658968 45.762470, -120.654994 45.763673, -120.651019 45.764876, -120.647044 45.766079, -120.643069 45.767282, -120.639094 45.768485, -120.635118 45.769687, -120.631143 45.770890, -120.627167 45.772092, -120.623191 45.773294, -120.619215 45.774496, -120.615239 45.775698, -120.611263 45.776899, -120.607286 45.778101, -120.603309 45.779302, -120.599332 45.780504, -120.595355 45.781705, -120.591378 45.782906, -120.587401 45.784107, -120.583423 45.785307, -120.579445 45.786508, -120.575467 45.787708, -120.571489 45.788909, -120.567511 45.790109, -120.563533 45.791309, -120.559554 45.792509, -120.555575 45.793708, -120.551596 45.794908, -120.547617 45.796108, -120.543638 45.797307, -120.539658 45.798506, -120.535679 45.799705, -120.531699 45.800904, -120.527719 45.802103, -120.523739 45.803301, -120.519758 45.804500, -120.515778 45.805698, -120.511797 45.806897, -120.507816 45.808095, -120.503835 45.809293, -120.499854 45.810490, -120.495873 45.811688, -120.491891 45.812886, -120.487909 45.814083, -120.483928 45.815280, -120.479945 45.816477, -120.475963 45.817674, -120.471981 45.818871, -120.467998 45.820068, -120.464016 45.821265, -120.460033 45.822461, -120.456050 45.823657, -120.452066 45.824853, -120.448083 45.826049, -120.444099 45.827245, -120.440116 45.828441, -120.436132 45.829637, -120.432148 45.830832, -120.428163 45.832027, -120.424179 45.833223, -120.420194 45.834418, -120.416209 45.835613, -120.412224 45.836807, -120.408239 45.838002, -120.404254 45.839196, -120.400269 45.840391, -120.396283 45.841585, -120.392297 45.842779, -120.388311 45.843973, -120.384325 45.845167, -120.380339 45.846361, -120.376352 45.847554, -120.372365 45.848747, -120.368379 45.849941, -120.364392 45.851134, -120.360404 45.852327, -120.356417 45.853520, -120.352430 45.854712, -120.348442 45.855905, -120.344454 45.857097, -120.340466 45.858290, -120.336478 45.859482, -120.332489 45.860674, -120.328501 45.861866, -120.324512 45.863057, -120.320523 45.864249, -120.316534 45.865440, -120.312545 45.866632, -120.308555 45.867823, -120.304566 45.869014, -120.300576 45.870205, -120.296586 45.871395, -120.292596 45.872586, -120.288606 45.873776, -120.284615 45.874967, -120.280625 45.876157, -120.276634 45.877347, -120.272643 45.878537, -120.268652 45.879727, -120.264661 45.880916, -120.260669 45.882106, -120.256678 45.883295, -120.252686 45.884484, -120.248694 45.885674, -120.244702 45.886862, -120.240709 45.888051, -120.236717 45.889240, -120.232724 45.890428, -120.228731 45.891617, -120.224738 45.892805, -120.220745 45.893993, -120.216752 45.895181, -120.212758 45.896369, -120.208765 45.897557, -120.204771 45.898744, -120.200777 45.899932, -120.196783 45.901119, -120.192788 45.902306, -120.188794 45.903493, -120.184799 45.904680, -120.180804 45.905867, -120.176809 45.907053, -120.172814 45.908240, -120.168819 45.909426, -120.164823 45.910612, -120.160827 45.911798, -120.156831 45.912984, -120.152835 45.914170, -120.148839 45.915355, -120.144843 45.916541, -120.140846 45.917726, -120.136849 45.918911, -120.132852 45.920096, -120.128855 45.921281, -120.124858 45.922466, -120.120861 45.923651, -120.116863 45.924835, -120.112865 45.926019, -120.108867 45.927204, -120.104869 45.928388, -120.100871 45.929572, -120.096872 45.930755, -120.092874 45.931939, -120.088875 45.933123, -120.084876 45.934306, -120.080877 45.935489, -120.076878 45.936672, -120.072878 45.937855, -120.068878 45.939038, -120.064879 45.940221, -120.060879 45.941403, -120.056878 45.942586, -120.052878 45.943768, -120.048878 45.944950, -120.044877 45.946132, -120.040876 45.947314, -120.036875 45.948496, -120.032874 45.949677, -120.028872 45.950859, -120.024871 45.952040, -120.020869 45.953221, -120.016867 45.954402, -120.012865 45.955583, -120.008863 45.956764, -120.004861 45.957944, -120.000858 45.959125, -119.996855 45.960305, -119.992853 45.961485, -119.988849 45.962665, -119.984846 45.963845, -119.980843 45.965025, -119.976839 45.966204, -119.972836 45.967384, -119.968832 45.968563, -119.964828 45.969742, -119.960823 45.970921, -119.956819 45.972100, -119.952814 45.973279, -119.948809 45.974458, -119.944804 45.975636, -119.940799 45.976814, -119.936794 45.977993, -119.932789 45.979171, -119.928783 45.980349, -119.924777 45.981526, -119.920771 45.982704, -119.916765 45.983882, -119.912759 45.985059, -119.908752 45.986236, -119.904746 45.987413, -119.900739 45.988590, -119.896732 45.989767, -119.892725 45.990944, -119.888717 45.992120, -119.884710 45.993297, -119.880702 45.994473, -119.876694 45.995649, -119.872686 45.996825, -119.868678 45.998001, -119.864670 45.999176, -119.860661 46.000352, -119.856653 46.001527, -119.852644 46.002703, -119.848635 46.003878, -119.844626 46.005053, -119.840616 46.006227, -119.836607 46.007402, -119.832597 46.008577, -119.828587 46.009751, -119.824577 46.010925, -119.820567 46.012100, -119.816556 46.013274, -119.812546 46.014447, -119.808535 46.015621, -119.804524 46.016795, -119.800513 46.017968, -119.796502 46.019141, -119.792490 46.020315, -119.788479 46.021488, -119.784467 46.022661, -119.780455 46.023833, -119.776443 46.025006, -119.772431 46.026178, -119.768418 46.027351, -119.764406 46.028523, -119.760393 46.029695, -119.756380 46.030867, -119.752367 46.032039, -119.748354 46.033210, -119.744340 46.034382, -119.740327 46.035553, -119.736313 46.036724, -119.732299 46.037895, -119.728285 46.039066, -119.724270 46.040237, -119.720256 46.041407, -119.716241 46.042578, -119.712226 46.043748, -119.708211 46.044919, -119.704196 46.046089, -119.700181 46.047259, -119.696165 46.048428, -119.692150 46.049598, -119.688134 46.050767, -119.684118 46.051937, -119.680102 46.053106, -119.676085 46.054275, -119.672069 46.055444, -119.668052 46.056613, -119.664035 46.057782, -119.660018 46.058950, -119.656001 46.060118, -119.651984 46.061287, -119.647966 46.062455, -119.643949 46.063623, -119.639931 46.064791, -119.635913 46.065958, -119.631894 46.067126, -119.627876 46.068293, -119.623857 46.069460, -119.619839 46.070628, -119.615820 46.071795, -119.611801 46.072961, -119.607781 46.074128, -119.603762 46.075295, -119.599742 46.076461, -119.595723 46.077627, -119.591703 46.078793, -119.587683 46.079959, -119.583662 46.081125, -119.579642 46.082291, -119.575621 46.083456, -119.571601 46.084622, -119.567580 46.085787, -119.563559 46.086952, -119.559537 46.088117, -119.555516 46.089282, -119.551494 46.090447, -119.547473 46.091611, -119.543451 46.092776, -119.539428 46.093940, -119.535406 46.095104, -119.531384 46.096268, -119.527361 46.097432, -119.523338 46.098596, -119.519315 46.099760, -119.515292 46.100923, -119.511269 46.102086, -119.507245 46.103249, -119.503222 46.104413, -119.499198 46.105575, -119.495174 46.106738, -119.491150 46.107901, -119.487125 46.109063, -119.483101 46.110226, -119.479076 46.111388, -119.475051 46.112550, -119.471026 46.113712, -119.467001 46.114873, -119.462976 46.116035, -119.458950 46.117196, -119.454925 46.118358, -119.450899 46.119519, -119.446873 46.120680, -119.442846 46.121841, -119.438820 46.123002, -119.434794 46.124162, -119.430767 46.125323, -119.426740 46.126483, -119.422713 46.127643, -119.418686 46.128803, -119.414658 46.129963, -119.410631 46.131123, -119.406603 46.132283, -119.402575 46.133442, -119.398547 46.134602, -119.394519 46.135761, -119.390490 46.136920, -119.386462 46.138079, -119.382433 46.139238, -119.378404 46.140396, -119.374375 46.141555, -119.370346 46.142713, -119.366316 46.143871, -119.362287 46.145029, -119.358257 46.146187, -119.354227 46.147345, -119.350197 46.148503, -119.346167 46.149660, -119.342136 46.150818, -119.338106 46.151975, -119.334075 46.153132, -119.330044 46.154289, -119.326013 46.155446, -119.321982 46.156602, -119.317950 46.157759, -119.313919 46.158915, -119.309887 46.160071, -119.305855 46.161228, -119.301823 46.162383, -119.297790 46.163539, -119.293758 46.164695, -119.289725 46.165850, -119.285692 46.167006, -119.281659 46.168161, -119.277626 46.169316, -119.273593 46.170471, -119.269559 46.171626, -119.265526 46.172781, -119.261492 46.173935, -119.257458 46.175090, -119.253424 46.176244, -119.249389 46.177398, -119.245355 46.178552, -119.241320 46.179706, -119.237285 46.180859, -119.233250 46.182013, -119.229215 46.183166, -119.225180 46.184320, -119.221144 46.185473, -119.217109 46.186626, -119.213073 46.187778, -119.209037 46.188931, -119.205001 46.190084, -119.200964 46.191236, -119.196928 46.192388, -119.192891 46.193541, -119.188854 46.194692, -119.184817 46.195844, -119.180780 46.196996, -119.176742 46.198148, -119.172705 46.199299, -119.168667 46.200450, -119.164629 46.201601, -119.160591 46.202752, -119.156553 46.203903, -119.152515 46.205054, -119.148476 46.206204, -119.144437 46.207355, -119.140398 46.208505, -119.136359 46.209655, -119.132320 46.210805, -119.128281 46.211955, -119.124241 46.213105, -119.120201 46.214254, -119.116161 46.215404, -119.112121 46.216553, -119.108081 46.217702, -119.104041 46.218851, -119.100000 46.220000, -119.102450 46.222497, -119.104900 46.224995, -119.107351 46.227492, -119.109802 46.229990, -119.112253 46.232487, -119.114704 46.234984, -119.117155 46.237481, -119.119607 46.239978, -119.122059 46.242475, -119.124511 46.244972, -119.126963 46.247469, -119.129416 46.249966, -119.131868 46.252463, -119.134321 46.254960, -119.136775 46.257456, -119.139228 46.259953, -119.141682 46.262450, -119.144135 46.264946, -119.146590 46.267443, -119.149044 46.269939, -119.151498 46.272436, -119.153953 46.274932, -119.156408 46.277428, -119.158863 46.279924, -119.161319 46.282421, -119.163774 46.284917, -119.166230 46.287413, -119.168686 46.289909, -119.171143 46.292405, -119.173599 46.294901, -119.176056 46.297397, -119.178513 46.299893, -119.180970 46.302388, -119.183428 46.304884, -119.185885 46.307380, -119.188343 46.309875, -119.190801 46.312371, -119.193260 46.314866, -119.195718 46.317362, -119.198177 46.319857, -119.200636 46.322353, -119.203095 46.324848, -119.205555 46.327343, -119.208015 46.329838, -119.210474 46.332334, -119.212935 46.334829, -119.215395 46.337324, -119.217856 46.339819, -119.220316 46.342314, -119.222777 46.344808, -119.225239 46.347303, -119.227700 46.349798, -119.230162 46.352293, -119.232624 46.354787, -119.235086 46.357282, -119.237548 46.359777, -119.240011 46.362271, -119.242474 46.364766, -119.244937 46.367260, -119.247400 46.369754, -119.249864 46.372249, -119.252327 46.374743, -119.254791 46.377237, -119.257256 46.379731, -119.259720 46.382225, -119.262185 46.384719, -119.264649 46.387213, -119.267114 46.389707, -119.269580 46.392201, -119.272045 46.394695, -119.274511 46.397189, -119.276977 46.399682, -119.279443 46.402176, -119.281910 46.404670, -119.284376 46.407163, -119.286843 46.409657, -119.289310 46.412150, -119.291778 46.414644, -119.294245 46.417137, -119.296713 46.419630, -119.299181 46.422124, -119.301649 46.424617, -119.304118 46.427110, -119.306587 46.429603, -119.309055 46.432096, -119.311525 46.434589, -119.313994 46.437082, -119.316464 46.439575, -119.318933 46.442068, -119.321403 46.444560, -119.323874 46.447053, -119.326344 46.449546, -119.328815 46.452038, -119.331286 46.454531, -119.333757 46.457023, -119.336228 46.459516, -119.338700 46.462008, -119.341172 46.464500, -119.343644 46.466993, -119.346116 46.469485, -119.348589 46.471977, -119.351062 46.474469, -119.353535 46.476961, -119.356008 46.479453, -119.358481 46.481945, -119.360955 46.484437, -119.363429 46.486929, -119.365903 46.489421, -119.368377 46.491913, -119.370852 46.494404, -119.373327 46.496896, -119.375802 46.499388, -119.378277 46.501879, -119.380753 46.504371, -119.383228 46.506862, -119.385704 46.509353, -119.388180 46.511845, -119.390657 46.514336, -119.393133 46.516827, -119.395610 46.519318, -119.398087 46.521809, -119.400565 46.524301, -119.403042 46.526792, -119.405520 46.529282, -119.407998 46.531773, -119.410476 46.534264, -119.412955 46.536755, -119.415433 46.539246, -119.417912 46.541736, -119.420391 46.544227, -119.422871 46.546718, -119.425350 46.549208, -119.427830 46.551699, -119.430310 46.554189, -119.432790 46.556679, -119.435271 46.559170, -119.437751 46.561660, -119.440232 46.564150, -119.442714 46.566640, -119.445195 46.569130, -119.447677 46.571620, -119.450158 46.574110, -119.452640 46.576600, -119.455123 46.579090, -119.457605 46.581580, -119.460088 46.584070, -119.462571 46.586559, -119.465054 46.589049, -119.467538 46.591539, -119.470021 46.594028, -119.472505 46.596518, -119.474989 46.599007, -119.477474 46.601497, -119.479958 46.603986, -119.482443 46.606475, -119.484928 46.608964, -119.487414 46.611454, -119.489899 46.613943, -119.492385 46.616432, -119.494871 46.618921, -119.497357 46.621410, -119.499843 46.623899, -119.502330 46.626388, -119.504817 46.628876, -119.507304 46.631365, -119.509791 46.633854, -119.512279 46.636342, -119.514767 46.638831, -119.517255 46.641320, -119.519743 46.643808, -119.522231 46.646296, -119.524720 46.648785, -119.527209 46.651273, -119.529698 46.653761, -119.532188 46.656250, -119.534677 46.658738, -119.537167 46.661226, -119.539657 46.663714, -119.542147 46.666202, -119.544638 46.668690, -119.547129 46.671178, -119.549620 46.673666, -119.552111 46.676153, -119.554602 46.678641, -119.557094 46.681129, -119.559586 46.683616, -119.562078 46.686104, -119.564571 46.688591, -119.567063 46.691079, -119.569556 46.693566, -119.572049 46.696054, -119.574542 46.698541, -119.577036 46.701028, -119.579530 46.703515, -119.582024 46.706002, -119.584518 46.708489, -119.587012 46.710976, -119.589507 46.713463, -119.592002 46.715950, -119.594497 46.718437, -119.596992 46.720924, -119.599488 46.723411, -119.601984 46.725897, -119.604480 46.728384, -119.606976 46.730871, -119.609473 46.733357, -119.611969 46.735844, -119.614466 46.738330, -119.616963 46.740816, -119.619461 46.743303, -119.621959 46.745789, -119.624456 46.748275, -119.626955 46.750761, -119.629453 46.753247, -119.631952 46.755734, -119.634450 46.758219, -119.636949 46.760705, -119.639449 46.763191, -119.641948 46.765677, -119.644448 46.768163, -119.646948 46.770649, -119.649448 46.773134, -119.651948 46.775620, -119.654449 46.778105, -119.656950 46.780591, -119.659451 46.783076, -119.661953 46.785562, -119.664454 46.788047, -119.666956 46.790532, -119.669458 46.793018, -119.671960 46.795503, -119.674463 46.797988, -119.676965 46.800473, -119.679468 46.802958, -119.681972 46.805443, -119.684475 46.807928, -119.686979 46.810413, -119.689483 46.812897, -119.691987 46.815382, -119.694491 46.817867, -119.696996 46.820351, -119.699501 46.822836, -119.702006 46.825320, -119.704511 46.827805, -119.707016 46.830289, -119.709522 46.832774, -119.712028 46.835258, -119.714534 46.837742, -119.717041 46.840226, -119.719547 46.842711, -119.722054 46.845195, -119.724562 46.847679, -119.727069 46.850163, -119.729576 46.852647, -119.732084 46.855130, -119.734592 46.857614, -119.737101 46.860098, -119.739609 46.862582, -119.742118 46.865065, -119.744627 46.867549, -119.747136 46.870032, -119.749646 46.872516, -119.752155 46.874999, -119.754665 46.877483, -119.757175 46.879966, -119.759686 46.882449, -119.762196 46.884932, -119.764707 46.887416, -119.767218 46.889899, -119.769730 46.892382, -119.772241 46.894865, -119.774753 46.897348, -119.777265 46.899830, -119.779777 46.902313, -119.782290 46.904796, -119.784802 46.907279, -119.787315 46.909761, -119.789829 46.912244, -119.792342 46.914726, -119.794856 46.917209, -119.797370 46.919691, -119.799884 46.922174, -119.802398 46.924656, -119.804913 46.927138, -119.807427 46.929621, -119.809942 46.932103, -119.812458 46.934585, -119.814973 46.937067, -119.817489 46.939549, -119.820005 46.942031, -119.822521 46.944513, -119.825038 46.946994, -119.827554 46.949476, -119.830071 46.951958, -119.832588 46.954440, -119.835106 46.956921, -119.837623 46.959403, -119.840141 46.961884, -119.842659 46.964366, -119.845178 46.966847, -119.847696 46.969328, -119.850215 46.971810, -119.852734 46.974291, -119.855253 46.976772, -119.857773 46.979253, -119.860292 46.981734, -119.862812 46.984215, -119.865332 46.986696, -119.867853 46.989177, -119.870374 46.991658, -119.872894 46.994139, -119.875416 46.996619, -119.877937 46.999100, -119.880458 47.001581, -119.882980 47.004061, -119.885502 47.006542, -119.888025 47.009022, -119.890547 47.011502, -119.893070 47.013983, -119.895593 47.016463, -119.898116 47.018943, -119.900640 47.021423, -119.903163 47.023904, -119.905687 47.026384, -119.908211 47.028864, -119.910736 47.031344, -119.913260 47.033823, -119.915785 47.036303, -119.918310 47.038783, -119.920836 47.041263, -119.923361 47.043742, -119.925887 47.046222, -119.928413 47.048702, -119.930939 47.051181, -119.933466 47.053661, -119.935993 47.056140, -119.938520 47.058619, -119.941047 47.061099, -119.943574 47.063578, -119.946102 47.066057, -119.948630 47.068536, -119.951158 47.071015, -119.953686 47.073494, -119.956215 47.075973, -119.958744 47.078452, -119.961273 47.080931, -119.963802 47.083410, -119.966332 47.085888, -119.968862 47.088367, -119.971392 47.090846, -119.973922 47.093324, -119.976453 47.095803, -119.978983 47.098281, -119.981514 47.100759, -119.984045 47.103238, -119.986577 47.105716, -119.989109 47.108194, -119.991641 47.110672, -119.994173 47.113150, -119.996705 47.115629, -119.999238 47.118107, -120.001771 47.120584, -120.004304 47.123062, -120.006837 47.125540, -120.009371 47.128018, -120.011904 47.130496, -120.014438 47.132973, -120.016973 47.135451, -120.019507 47.137928, -120.022042 47.140406, -120.024577 47.142883, -120.027112 47.145361, -120.029648 47.147838, -120.032183 47.150315, -120.034719 47.152793, -120.037256 47.155270, -120.039792 47.157747, -120.042329 47.160224, -120.044865 47.162701, -120.047403 47.165178, -120.049940 47.167655, -120.052478 47.170132, -120.055015 47.172608, -120.057553 47.175085, -120.060092 47.177562, -120.062630 47.180038, -120.065169 47.182515, -120.067708 47.184991, -120.070247 47.187468, -120.072787 47.189944, -120.075327 47.192420, -120.077866 47.194897, -120.080407 47.197373, -120.082947 47.199849, -120.085488 47.202325, -120.088029 47.204801, -120.090570 47.207277, -120.093111 47.209753, -120.095653 47.212229, -120.098195 47.214705, -120.100737 47.217180, -120.103279 47.219656, -120.105822 47.222132, -120.108365 47.224607, -120.110908 47.227083, -120.113451 47.229558, -120.115994 47.232034, -120.118538 47.234509, -120.121082 47.236984, -120.123626 47.239460, -120.126171 47.241935, -120.128716 47.244410, -120.131261 47.246885, -120.133806 47.249360, -120.136351 47.251835, -120.138897 47.254310, -120.141443 47.256785, -120.143989 47.259260, -120.146535 47.261734, -120.149082 47.264209, -120.151629 47.266684, -120.154176 47.269158, -120.156723 47.271633, -120.159271 47.274107, -120.161818 47.276582, -120.164366 47.279056, -120.166915 47.281530, -120.169463 47.284005, -120.172012 47.286479, -120.174561 47.288953, -120.177110 47.291427, -120.179660 47.293901, -120.182209 47.296375, -120.184759 47.298849, -120.187310 47.301323, -120.189860 47.303796, -120.192411 47.306270, -120.194962 47.308744, -120.197513 47.311217, -120.200064 47.313691, -120.202616 47.316164, -120.205168 47.318638, -120.207720 47.321111, -120.210272 47.323585, -120.212825 47.326058, -120.215377 47.328531, -120.217930 47.331004, -120.220484 47.333477, -120.223037 47.335950, -120.225591 47.338423, -120.228145 47.340896, -120.230699 47.343369, -120.233254 47.345842, -120.235809 47.348315, -120.238364 47.350787, -120.240919 47.353260, -120.243474 47.355733, -120.246030 47.358205, -120.248586 47.360678, -120.251142 47.363150, -120.253698 47.365622, -120.256255 47.368095, -120.258812 47.370567, -120.261369 47.373039, -120.263926 47.375511, -120.266484 47.377983, -120.269042 47.380455, -120.271600 47.382927, -120.274158 47.385399, -120.276717 47.387871, -120.279276 47.390343, -120.281835 47.392815, -120.284394 47.395286, -120.286953 47.397758, -120.289513 47.400230, -120.292073 47.402701, -120.294633 47.405172, -120.297194 47.407644, -120.299755 47.410115, -120.302316 47.412587, -120.304877 47.415058, -120.307438 47.417529, -120.310000 47.420000, -120.306535 47.421910, -120.303070 47.423819, -120.299604 47.425729, -120.296139 47.427638, -120.292673 47.429548, -120.289206 47.431457, -120.285740 47.433366, -120.282273 47.435275, -120.278806 47.437184, -120.275339 47.439093, -120.271871 47.441002, -120.268404 47.442910, -120.264935 47.444819, -120.261467 47.446727, -120.257999 47.448635, -120.254530 47.450543, -120.251061 47.452452, -120.247592 47.454360, -120.244122 47.456267, -120.240652 47.458175, -120.237182 47.460083, -120.233712 47.461990, -120.230242 47.463898, -120.226771 47.465805, -120.223300 47.467712, -120.219828 47.469620, -120.216357 47.471527, -120.212885 47.473434, -120.209413 47.475340, -120.205941 47.477247, -120.202468 47.479154, -120.198995 47.481060, -120.195522 47.482967, -120.192049 47.484873, -120.188576 47.486779, -120.185102 47.488685, -120.181628 47.490591, -120.178153 47.492497, -120.174679 47.494403, -120.171204 47.496308, -120.167729 47.498214, -120.164254 47.500119, -120.160778 47.502025, -120.157302 47.503930, -120.153826 47.505835, -120.150350 47.507740, -120.146873 47.509645, -120.143396 47.511550, -120.139919 47.513455, -120.136442 47.515359, -120.132964 47.517264, -120.129487 47.519168, -120.126009 47.521073, -120.122530 47.522977, -120.119052 47.524881, -120.115573 47.526785, -120.112094 47.528689, -120.108614 47.530593, -120.105135 47.532496, -120.101655 47.534400, -120.098175 47.536303, -120.094694 47.538207, -120.091214 47.540110, -120.087733 47.542013, -120.084252 47.543916, -120.080770 47.545819, -120.077289 47.547722, -120.073807 47.549625, -120.070325 47.551527, -120.066842 47.553430, -120.063360 47.555332, -120.059877 47.557234, -120.056394 47.559137, -120.052910 47.561039, -120.049427 47.562941, -120.045943 47.564843, -120.042458 47.566744, -120.038974 47.568646, -120.035489 47.570548, -120.032005 47.572449, -120.028519 47.574350, -120.025034 47.576252, -120.021548 47.578153, -120.018062 47.580054, -120.014576 47.581955, -120.011090 47.583856, -120.007603 47.585756, -120.004116 47.587657, -120.000629 47.589557, -119.997141 47.591458, -119.993654 47.593358, -119.990166 47.595258, -119.986678 47.597158, -119.983189 47.599058, -119.979700 47.600958, -119.976211 47.602858, -119.972722 47.604758, -119.969233 47.606657, -119.965743 47.608557, -119.962253 47.610456, -119.958763 47.612355, -119.955272 47.614254, -119.951782 47.616153, -119.948291 47.618052, -119.944799 47.619951, -119.941308 47.621850, -119.937816 47.623748, -119.934324 47.625647, -119.930832 47.627545, -119.927339 47.629444, -119.923846 47.631342, -119.920353 47.633240, -119.916860 47.635138, -119.913367 47.637036, -119.909873 47.638933, -119.906379 47.640831, -119.902884 47.642729, -119.899390 47.644626, -119.895895 47.646523, -119.892400 47.648421, -119.888905 47.650318, -119.885409 47.652215, -119.881913 47.654112, -119.878417 47.656008, -119.874921 47.657905, -119.871424 47.659802, -119.867928 47.661698, -119.864430 47.663595, -119.860933 47.665491, -119.857436 47.667387, -119.853938 47.669283, -119.850440 47.671179, -119.846941 47.673075, -119.843443 47.674971, -119.839944 47.676866, -119.836445 47.678762, -119.832945 47.680657, -119.829446 47.682552, -119.825946 47.684448, -119.822446 47.686343, -119.818945 47.688238, -119.815445 47.690133, -119.811944 47.692027, -119.808442 47.693922, -119.804941 47.695817, -119.801439 47.697711, -119.797937 47.699605, -119.794435 47.701500, -119.790933 47.703394, -119.787430 47.705288, -119.783927 47.707182, -119.780424 47.709076, -119.776921 47.710969, -119.773417 47.712863, -119.769913 47.714756, -119.766409 47.716650, -119.762904 47.718543, -119.759400 47.720436, -119.755895 47.722329, -119.752389 47.724222, -119.748884 47.726115, -119.745378 47.728008, -119.741872 47.729901, -119.738366 47.731793, -119.734859 47.733686, -119.731353 47.735578, -119.727846 47.737470, -119.724338 47.739362, -119.720831 47.741254, -119.717323 47.743146, -119.713815 47.745038, -119.710307 47.746930, -119.706798 47.748821, -119.703289 47.750713, -119.699780 47.752604, -119.696271 47.754495, -119.692761 47.756386, -119.689252 47.758277, -119.685742 47.760168, -119.682231 47.762059, -119.678721 47.763950, -119.675210 47.765841, -119.671699 47.767731, -119.668187 47.769621, -119.664676 47.771512, -119.661164 47.773402, -119.657652 47.775292, -119.654139 47.777182, -119.650627 47.779072, -119.647114 47.780962, -119.643601 47.782851, -119.640087 47.784741, -119.636574 47.786630, -119.633060 47.788520, -119.629546 47.790409, -119.626031 47.792298, -119.622517 47.794187, -119.619002 47.796076, -119.615486 47.797965, -119.611971 47.799853, -119.608455 47.801742, -119.604939 47.803630, -119.601423 47.805519, -119.597907 47.807407, -119.594390 47.809295, -119.590873 47.811183, -119.587356 47.813071, -119.583838 47.814959, -119.580321 47.816847, -119.576803 47.818734, -119.573284 47.820622, -119.569766 47.822509, -119.566247 47.824396, -119.562728 47.826284, -119.559209 47.828171, -119.555689 47.830058, -119.552170 47.831945, -119.548649 47.833831, -119.545129 47.835718, -119.541609 47.837604, -119.538088 47.839491, -119.534567 47.841377, -119.531045 47.843263, -119.527524 47.845150, -119.524002 47.847036, -119.520480 47.848921, -119.516958 47.850807, -119.513435 47.852693, -119.509912 47.854578, -119.506389 47.856464, -119.502866 47.858349, -119.499342 47.860234, -119.495818 47.862120, -119.492294 47.864005, -119.488770 47.865890, -119.485245 47.867774, -119.481720 47.869659, -119.478195 47.871544, -119.474669 47.873428, -119.471144 47.875313, -119.467618 47.877197, -119.464092 47.879081, -119.460565 47.880965, -119.457039 47.882849, -119.453512 47.884733, -119.449984 47.886617, -119.446457 47.888500, -119.442929 47.890384, -119.439401 47.892267, -119.435873 47.894150, -119.432344 47.896034, -119.428816 47.897917, -119.425287 47.899800, -119.421757 47.901683, -119.418228 47.903565, -119.414698 47.905448, -119.411168 47.907330, -119.407638 47.909213, -119.404107 47.911095, -119.400576 47.912977, -119.397045 47.914860, -119.393514 47.916742, -119.389982 47.918623, -119.386451 47.920505, -119.382918 47.922387, -119.379386 47.924268, -119.375853 47.926150, -119.372321 47.928031, -119.368788 47.929913, -119.365254 47.931794, -119.361720 47.933675, -119.358187 47.935556, -119.354652 47.937436, -119.351118 47.939317, -119.347583 47.941198, -119.344048 47.943078, -119.340513 47.944959, -119.336978 47.946839, -119.333442 47.948719, -119.329906 47.950599, -119.326370 47.952479, -119.322834 47.954359, -119.319297 47.956239, -119.315760 47.958118, -119.312223 47.959998, -119.308685 47.961877, -119.305147 47.963756, -119.301609 47.965636, -119.298071 47.967515, -119.294533 47.969394, -119.290994 47.971272, -119.287455 47.973151, -119.283915 47.975030, -119.280376 47.976908, -119.276836 47.978787, -119.273296 47.980665, -119.269756 47.982543, -119.266215 47.984421, -119.262674 47.986299, -119.259133 47.988177, -119.255592 47.990055, -119.252050 47.991933, -119.248508 47.993810, -119.244966 47.995688, -119.241424 47.997565, -119.237881 47.999442, -119.234338 48.001319, -119.230795 48.003196, -119.227252 48.005073, -119.223708 48.006950, -119.220164 48.008827, -119.216620 48.010703, -119.213075 48.012580, -119.209531 48.014456, -119.205986 48.016332, -119.202440 48.018208, -119.198895 48.020085, -119.195349 48.021960, -119.191803 48.023836, -119.188257 48.025712, -119.184710 48.027588, -119.181164 48.029463, -119.177617 48.031338, -119.174069 48.033214, -119.170522 48.035089, -119.166974 48.036964, -119.163426 48.038839, -119.159878 48.040714, -119.156329 48.042588, -119.152780 48.044463, -119.149231 48.046337, -119.145682 48.048212, -119.142132 48.050086, -119.138582 48.051960, -119.135032 48.053834, -119.131482 48.055708, -119.127931 48.057582, -119.124380 48.059456, -119.120829 48.061329, -119.117278 48.063203, -119.113726 48.065076, -119.110174 48.066950, -119.106622 48.068823, -119.103069 48.070696, -119.099517 48.072569, -119.095964 48.074442, -119.092410 48.076314, -119.088857 48.078187, -119.085303 48.080060, -119.081749 48.081932, -119.078195 48.083804, -119.074640 48.085677, -119.071086 48.087549, -119.067530 48.089421, -119.063975 48.091292, -119.060420 48.093164, -119.056864 48.095036, -119.053308 48.096907, -119.049751 48.098779, -119.046195 48.100650, -119.042638 48.102521, -119.039081 48.104392, -119.035523 48.106263, -119.031966 48.108134, -119.028408 48.110005, -119.024850 48.111876, -119.021291 48.113746, -119.017733 48.115617, -119.014174 48.117487, -119.010615 48.119357, -119.007055 48.121227, -119.003495 48.123097, -118.999935 48.124967, -118.996375 48.126837, -118.992815 48.128707, -118.989254 48.130576, -118.985693 48.132446, -118.982132 48.134315, -118.978570 48.136184, -118.975008 48.138054, -118.971446 48.139923, -118.967884 48.141791, -118.964322 48.143660, -118.960759 48.145529, -118.957196 48.147397, -118.953632 48.149266, -118.950069 48.151134, -118.946505 48.153003, -118.942941 48.154871, -118.939376 48.156739, -118.935812 48.158607, -118.932247 48.160474, -118.928682 48.162342, -118.925116 48.164210, -118.921551 48.166077, -118.917985 48.167944, -118.914418 48.169812, -118.910852 48.171679, -118.907285 48.173546, -118.903718 48.175413, -118.900151 48.177280, -118.896584 48.179146, -118.893016 48.181013, -118.889448 48.182879, -118.885880 48.184746, -118.882311 48.186612, -118.878742 48.188478, -118.875173 48.190344, -118.871604 48.192210, -118.868034 48.194076, -118.864464 48.195942, -118.860894 48.197807, -118.857324 48.199673, -118.853753 48.201538, -118.850183 48.203403, -118.846611 48.205268, -118.843040 48.207134, -118.839468 48.208998, -118.835896 48.210863, -118.832324 48.212728, -118.828752 48.214593, -118.825179 48.216457, -118.821606 48.218321, -118.818033 48.220186, -118.814460 48.222050, -118.810886 48.223914, -118.807312 48.225778, -118.803738 48.227642, -118.800163 48.229505, -118.796588 48.231369, -118.793013 48.233232, -118.789438 48.235096, -118.785862 48.236959, -118.782287 48.238822, -118.778710 48.240685, -118.775134 48.242548, -118.771558 48.244411, -118.767981 48.246274, -118.764404 48.248136, -118.760826 48.249999, -118.757249 48.251861, -118.753671 48.253724, -118.750093 48.255586, -118.746514 48.257448, -118.742935 48.259310, -118.739356 48.261172, -118.735777 48.263033, -118.732198 48.264895, -118.728618 48.266756, -118.725038 48.268618, -118.721458 48.270479, -118.717877 48.272340, -118.714297 48.274201, -118.710716 48.276062, -118.707134 48.277923, -118.703553 48.279784, -118.699971 48.281644, -118.696389 48.283505, -118.692806 48.285365, -118.689224 48.287225, -118.685641 48.289086, -118.682058 48.290946, -118.678475 48.292806, -118.674891 48.294665, -118.671307 48.296525, -118.667723 48.298385, -118.664138 48.300244, -118.660554 48.302104, -118.656969 48.303963, -118.653384 48.305822, -118.649798 48.307681, -118.646212 48.309540, -118.642626 48.311399, -118.639040 48.313257, -118.635454 48.315116, -118.631867 48.316975, -118.628280 48.318833, -118.624693 48.320691, -118.621105 48.322549, -118.617517 48.324407, -118.613929 48.326265, -118.610341 48.328123, -118.606752 48.329981, -118.603163 48.331838, -118.599574 48.333696, -118.595985 48.335553, -118.592395 48.337411, -118.588805 48.339268, -118.585215 48.341125, -118.581625 48.342982, -118.578034 48.344838, -118.574443 48.346695, -118.570852 48.348552, -118.567260 48.350408, -118.563669 48.352265, -118.560077 48.354121, -118.556484 48.355977, -118.552892 48.357833, -118.549299 48.359689, -118.545706 48.361545, -118.542113 48.363400, -118.538519 48.365256, -118.534925 48.367112, -118.531331 48.368967, -118.527737 48.370822, -118.524142 48.372677, -118.520547 48.374532, -118.516952 48.376387, -118.513357 48.378242, -118.509761 48.380097, -118.506165 48.381951, -118.502569 48.383806, -118.498972 48.385660, -118.495376 48.387514, -118.491779 48.389368, -118.488181 48.391222, -118.484584 48.393076, -118.480986 48.394930, -118.477388 48.396784, -118.473790 48.398637, -118.470191 48.400491, -118.466593 48.402344, -118.462993 48.404197, -118.459394 48.406051, -118.455795 48.407904, -118.452195 48.409756, -118.448595 48.411609, -118.444994 48.413462, -118.441394 48.415314, -118.437793 48.417167, -118.434191 48.419019, -118.430590 48.420871, -118.426988 48.422724, -118.423386 48.424576, -118.419784 48.426427, -118.416182 48.428279, -118.412579 48.430131, -118.408976 48.431982, -118.405373 48.433834, -118.401769 48.435685, -118.398165 48.437536, -118.394561 48.439387, -118.390957 48.441238, -118.387352 48.443089, -118.383747 48.444940, -118.380142 48.446791, -118.376537 48.448641, -118.372931 48.450492, -118.369325 48.452342, -118.365719 48.454192, -118.362113 48.456042, -118.358506 48.457892, -118.354899 48.459742, -118.351292 48.461592, -118.347684 48.463441, -118.344077 48.465291, -118.340469 48.467140, -118.336860 48.468990, -118.333252 48.470839, -118.329643 48.472688, -118.326034 48.474537, -118.322425 48.476386, -118.318815 48.478234, -118.315205 48.480083, -118.311595 48.481931, -118.307985 48.483780, -118.304374 48.485628, -118.300763 48.487476, -118.297152 48.489324, -118.293541 48.491172, -118.289929 48.493020, -118.286317 48.494868, -118.282705 48.496715, -118.279092 48.498563, -118.275480 48.500410, -118.271867 48.502258, -118.268253 48.504105, -118.264640 48.505952, -118.261026 48.507799, -118.257412 48.509645, -118.253798 48.511492, -118.250183 48.513339, -118.246568 48.515185, -118.242953 48.517032, -118.239338 48.518878, -118.235722 48.520724, -118.232106 48.522570, -118.228490 48.524416, -118.224874 48.526262, -118.221257 48.528107, -118.217640 48.529953, -118.214023 48.531798, -118.210405 48.533644, -118.206787 48.535489, -118.203169 48.537334, -118.199551 48.539179, -118.195933 48.541024, -118.192314 48.542869, -118.188695 48.544713, -118.185075 48.546558, -118.181456 48.548402, -118.177836 48.550246, -118.174216 48.552091, -118.170595 48.553935, -118.166975 48.555779, -118.163354 48.557623, -118.159733 48.559466, -118.156111 48.561310, -118.152490 48.563154, -118.148868 48.564997, -118.145245 48.566840, -118.141623 48.568683, -118.138000 48.570526, -118.134377 48.572369, -118.130754 48.574212, -118.127130 48.576055, -118.123506 48.577898, -118.119882 48.579740, -118.116258 48.581582, -118.112633 48.583425, -118.109009 48.585267, -118.105383 48.587109, -118.101758 48.588951, -118.098132 48.590793, -118.094506 48.592634, -118.090880 48.594476, -118.087254 48.596317, -118.083627 48.598159, -118.080000 48.600000, -118.078415 48.602826, -118.076830 48.605653, -118.075245 48.608479, -118.073659 48.611305, -118.072074 48.614131, -118.070488 48.616958, -118.068902 48.619784, -118.067316 48.622610, -118.065729 48.625436, -118.064143 48.628262, -118.062556 48.631089, -118.060969 48.633915, -118.059382 48.636741, -118.057795 48.639567, -118.056208 48.642393, -118.054620 48.645219, -118.053032 48.648045, -118.051444 48.650871, -118.049856 48.653697, -118.048268 48.656523, -118.046679 48.659349, -118.045091 48.662174, -118.043502 48.665000, -118.041913 48.667826, -118.040324 48.670652, -118.038734 48.673478, -118.037145 48.676304, -118.035555 48.679129, -118.033965 48.681955, -118.032375 48.684781, -118.030785 48.687606, -118.029194 48.690432, -118.027604 48.693258, -118.026013 48.696083, -118.024422 48.698909, -118.022831 48.701735, -118.021239 48.704560, -118.019648 48.707386, -118.018056 48.710211, -118.016464 48.713037, -118.014872 48.715862, -118.013280 48.718688, -118.011688 48.721513, -118.010095 48.724338, -118.008502 48.727164, -118.006909 48.729989, -118.005316 48.732814, -118.003723 48.735640, -118.002130 48.738465, -118.000536 48.741290, -117.998942 48.744116, -117.997348 48.746941, -117.995754 48.749766, -117.994159 48.752591, -117.992565 48.755416, -117.990970 48.758242, -117.989375 48.761067, -117.987780 48.763892, -117.986185 48.766717, -117.984589 48.769542, -117.982994 48.772367, -117.981398 48.775192, -117.979802 48.778017, -117.978206 48.780842, -117.976610 48.783667, -117.975013 48.786492, -117.973416 48.789317, -117.971819 48.792141, -117.970222 48.794966, -117.968625 48.797791, -117.967028 48.800616, -117.965430 48.803441, -117.963832 48.806266, -117.962234 48.809090, -117.960636 48.811915, -117.959038 48.814740, -117.957439 48.817564, -117.955841 48.820389, -117.954242 48.823214, -117.952643 48.826038, -117.951044 48.828863, -117.949444 48.831687, -117.947845 48.834512, -117.946245 48.837336, -117.944645 48.840161, -117.943045 48.842985, -117.941444 48.845810, -117.939844 48.848634, -117.938243 48.851459, -117.936642 48.854283, -117.935041 48.857107, -117.933440 48.859932, -117.931839 48.862756, -117.930237 48.865580, -117.928635 48.868405, -117.927033 48.871229, -117.925431 48.874053, -117.923829 48.876877, -117.922227 48.879702, -117.920624 48.882526, -117.919021 48.885350, -117.917418 48.888174, -117.915815 48.890998, -117.914211 48.893822, -117.912608 48.896646, -117.911004 48.899470, -117.909400 48.902294, -117.907796 48.905118, -117.906192 48.907942, -117.904587 48.910766, -117.902983 48.913590, -117.901378 48.916414, -117.899773 48.919238, -117.898168 48.922062, -117.896562 48.924886, -117.894957 48.927709, -117.893351 48.930533, -117.891745 48.933357, -117.890139 48.936181, -117.888533 48.939004, -117.886926 48.941828, -117.885320 48.944652, -117.883713 48.947475, -117.882106 48.950299, -117.880498 48.953123, -117.878891 48.955946, -117.877284 48.958770, -117.875676 48.961593, -117.874068 48.964417, -117.872460 48.967240, -117.870851 48.970064, -117.869243 48.972887, -117.867634 48.975711, -117.866026 48.978534, -117.864416 48.981358, -117.862807 48.984181, -117.861198 48.987004, -117.859588 48.989828, -117.857979 48.992651, -117.856369 48.995474, -117.854759 48.998297, -117.853148 49.001121, -117.851538 49.003944, -117.849927 49.006767, -117.848316 49.009590, -117.846705 49.012413, -117.845094 49.015236, -117.843483 49.018060, -117.841871 49.020883, -117.840259 49.023706, -117.838647 49.026529, -117.837035 49.029352, -117.835423 49.032175, -117.833810 49.034998, -117.832198 49.037821, -117.830585 49.040643, -117.828972 49.043466, -117.827359 49.046289, -117.825745 49.049112, -117.824132 49.051935, -117.822518 49.054758, -117.820904 49.057580, -117.819290 49.060403, -117.817676 49.063226, -117.816061 49.066049, -117.814446 49.068871, -117.812831 49.071694, -117.811216 49.074517, -117.809601 49.077339, -117.807986 49.080162, -117.806370 49.082984, -117.804754 49.085807, -117.803138 49.088630, -117.801522 49.091452, -117.799906 49.094275, -117.798289 49.097097, -117.796673 49.099919, -117.795056 49.102742, -117.793439 49.105564, -117.791821 49.108387, -117.790204 49.111209, -117.788586 49.114031, -117.786969 49.116854, -117.785351 49.119676, -117.783732 49.122498, -117.782114 49.125320, -117.780495 49.128143, -117.778877 49.130965, -117.777258 49.133787, -117.775639 49.136609, -117.774019 49.139431, -117.772400 49.142253, -117.770780 49.145075, -117.769160 49.147898, -117.767540 49.150720, -117.765920 49.153542, -117.764300 49.156364, -117.762679 49.159186, -117.761059 49.162007, -117.759438 49.164829, -117.757816 49.167651, -117.756195 49.170473, -117.754574 49.173295, -117.752952 49.176117, -117.751330 49.178939, -117.749708 49.181760, -117.748086 49.184582, -117.746463 49.187404, -117.744841 49.190226, -117.743218 49.193047, -117.741595 49.195869, -117.739972 49.198691, -117.738348 49.201512, -117.736725 49.204334, -117.735101 49.207155, -117.733477 49.209977, -117.731853 49.212799, -117.730229 49.215620, -117.728604 49.218442, -117.726980 49.221263, -117.725355 49.224085, -117.723730 49.226906, -117.722105 49.229727, -117.720479 49.232549, -117.718854 49.235370, -117.717228 49.238191, -117.715602 49.241013, -117.713976 49.243834, -117.712350 49.246655, -117.710723 49.249476, -117.709096 49.252298, -117.707470 49.255119, -117.705843 49.257940, -117.704215 49.260761, -117.702588 49.263582, -117.700960 49.266403, -117.699332 49.269225, -117.697704 49.272046, -117.696076 49.274867, -117.694448 49.277688, -117.692819 49.280509, -117.691191 49.283330, -117.689562 49.286150, -117.687933 49.288971, -117.686303 49.291792, -117.684674 49.294613, -117.683044 49.297434, -117.681414 49.300255, -117.679784 49.303076, -117.678154 49.305896, -117.676524 49.308717, -117.674893 49.311538, -117.673262 49.314359, -117.671631 49.317179, -117.670000 49.320000, -117.670436 49.323004, -117.670872 49.326007, -117.671307 49.329011, -117.671743 49.332015, -117.672179 49.335018, -117.672615 49.338022, -117.673051 49.341026, -117.673487 49.344029, -117.673924 49.347033, -117.674360 49.350037, -117.674796 49.353040, -117.675233 49.356044, -117.675669 49.359047, -117.676105 49.362051, -117.676542 49.365055, -117.676978 49.368058, -117.677415 49.371062, -117.677852 49.374066, -117.678288 49.377069, -117.678725 49.380073, -117.679162 49.383076, -117.679599 49.386080, -117.680036 49.389084, -117.680473 49.392087, -117.680910 49.395091, -117.681347 49.398095, -117.681784 49.401098, -117.682221 49.404102, -117.682658 49.407105, -117.683096 49.410109, -117.683533 49.413113, -117.683970 49.416116, -117.684408 49.419120, -117.684845 49.422123, -117.685283 49.425127, -117.685721 49.428131, -117.686158 49.431134, -117.686596 49.434138, -117.687034 49.437141, -117.687472 49.440145, -117.687909 49.443149, -117.688347 49.446152, -117.688785 49.449156, -117.689223 49.452159, -117.689662 49.455163, -117.690100 49.458167, -117.690538 49.461170, -117.690976 49.464174, -117.691414 49.467177, -117.691853 49.470181, -117.692291 49.473184, -117.692730 49.476188, -117.693168 49.479192, -117.693607 49.482195, -117.694045 49.485199, -117.694484 49.488202, -117.694923 49.491206, -117.695362 49.494209, -117.695801 49.497213, -117.696239 49.500217, -117.696678 49.503220, -117.697117 49.506224, -117.697557 49.509227, -117.697996 49.512231, -117.698435 49.515234, -117.698874 49.518238, -117.699313 49.521241, -117.699753 49.524245, -117.700192 49.527249, -117.700632 49.530252, -117.701071 49.533256, -117.701511 49.536259, -117.701950 49.539263, -117.702390 49.542266, -117.702830 49.545270, -117.703269 49.548273, -117.703709 49.551277, -117.704149 49.554280, -117.704589 49.557284, -117.705029 49.560287, -117.705469 49.563291, -117.705909 49.566294, -117.706349 49.569298, -117.706789 49.572301, -117.707230 49.575305, -117.707670 49.578309, -117.708110 49.581312, -117.708551 49.584316, -117.708991 49.587319, -117.709432 49.590323, -117.709872 49.593326, -117.710313 49.596330, -117.710754 49.599333, -117.711194 49.602337, -117.711635 49.605340, -117.712076 49.608344, -117.712517 49.611347, -117.712958 49.614351, -117.713399 49.617354, -117.713840 49.620358, -117.714281 49.623361, -117.714722 49.626365, -117.715164 49.629368, -117.715605 49.632372, -117.716046 49.635375, -117.716488 49.638379, -117.716929 49.641382, -117.717371 49.644385, -117.717812 49.647389, -117.718254 49.650392, -117.718695 49.653396, -117.719137 49.656399, -117.719579 49.659403, -117.720021 49.662406, -117.720463 49.665410, -117.720905 49.668413, -117.721347 49.671417, -117.721789 49.674420, -117.722231 49.677424, -117.722673 49.680427, -117.723115 49.683431, -117.723557 49.686434, -117.724000 49.689437, -117.724442 49.692441, -117.724885 49.695444, -117.725327 49.698448, -117.725770 49.701451, -117.726212 49.704455, -117.726655 49.707458, -117.727098 49.710462, -117.727540 49.713465, -117.727983 49.716468, -117.728426 49.719472, -117.728869 49.722475, -117.729312 49.725479, -117.729755 49.728482, -117.730198 49.731486, -117.730641 49.734489, -117.731084 49.737493, -117.731528 49.740496, -117.731971 49.743499, -117.732414 49.746503, -117.732858 49.749506, -117.733301 49.752510, -117.733745 49.755513, -117.734188 49.758516, -117.734632 49.761520, -117.735076 49.764523, -117.735519 49.767527, -117.735963 49.770530, -117.736407 49.773534, -117.736851 49.776537, -117.737295 49.779540, -117.737739 49.782544, -117.738183 49.785547, -117.738627 49.788551, -117.739071 49.791554, -117.739516 49.794557, -117.739960 49.797561, -117.740404 49.800564, -117.740849 49.803568, -117.741293 49.806571, -117.741738 49.809574, -117.742182 49.812578, -117.742627 49.815581, -117.743072 49.818584, -117.743516 49.821588, -117.743961 49.824591, -117.744406 49.827595, -117.744851 49.830598, -117.745296 49.833601, -117.745741 49.836605, -117.746186 49.839608, -117.746631 49.842611, -117.747076 49.845615, -117.747522 49.848618, -117.747967 49.851622, -117.748412 49.854625, -117.748858 49.857628, -117.749303 49.860632, -117.749749 49.863635, -117.750194 49.866638, -117.750640 49.869642, -117.751085 49.872645, -117.751531 49.875648, -117.751977 49.878652, -117.752423 49.881655, -117.752869 49.884658, -117.753315 49.887662, -117.753761 49.890665, -117.754207 49.893668, -117.754653 49.896672, -117.755099 49.899675, -117.755545 49.902678, -117.755992 49.905682, -117.756438 49.908685, -117.756884 49.911688, -117.757331 49.914692, -117.757777 49.917695, -117.758224 49.920698, -117.758671 49.923702, -117.759117 49.926705, -117.759564 49.929708, -117.760011 49.932712, -117.760458 49.935715, -117.760905 49.938718, -117.761351 49.941722, -117.761798 49.944725, -117.762246 49.947728, -117.762693 49.950732, -117.763140 49.953735, -117.763587 49.956738, -117.764034 49.959741, -117.764482 49.962745, -117.764929 49.965748, -117.765377 49.968751, -117.765824 49.971755, -117.766272 49.974758, -117.766719 49.977761, -117.767167 49.980765, -117.767615 49.983768, -117.768063 49.986771, -117.768510 49.989774, -117.768958 49.992778, -117.769406 49.995781, -117.769854 49.998784, -117.770302 50.001788, -117.770751 50.004791, -117.771199 50.007794, -117.771647 50.010797, -117.772095 50.013801, -117.772544 50.016804, -117.772992 50.019807, -117.773441 50.022810, -117.773889 50.025814, -117.774338 50.028817, -117.774786 50.031820, -117.775235 50.034823, -117.775684 50.037827, -117.776133 50.040830, -117.776581 50.043833, -117.777030 50.046836, -117.777479 50.049840, -117.777928 50.052843, -117.778377 50.055846, -117.778827 50.058849, -117.779276 50.061853, -117.779725 50.064856, -117.780174 50.067859, -117.780624 50.070862, -117.781073 50.073866, -117.781523 50.076869, -117.781972 50.079872, -117.782422 50.082875, -117.782871 50.085879, -117.783321 50.088882, -117.783771 50.091885, -117.784221 50.094888, -117.784671 50.097891, -117.785120 50.100895, -117.785570 50.103898, -117.786021 50.106901, -117.786471 50.109904, -117.786921 50.112908, -117.787371 50.115911, -117.787821 50.118914, -117.788272 50.121917, -117.788722 50.124920, -117.789172 50.127924, -117.789623 50.130927, -117.790073 50.133930, -117.790524 50.136933, -117.790975 50.139936, -117.791425 50.142940, -117.791876 50.145943, -117.792327 50.148946, -117.792778 50.151949, -117.793229 50.154952, -117.793680 50.157956, -117.794131 50.160959, -117.794582 50.163962, -117.795033 50.166965, -117.795485 50.169968, -117.795936 50.172971, -117.796387 50.175975, -117.796839 50.178978, -117.797290 50.181981, -117.797742 50.184984, -117.798193 50.187987, -117.798645 50.190991, -117.799096 50.193994, -117.799548 50.196997, -117.800000 50.200000, -117.801430 50.202875, -117.802861 50.205750, -117.804292 50.208625, -117.805723 50.211501, -117.807154 50.214376, -117.808585 50.217251, -117.810017 50.220126, -117.811449 50.223001, -117.812880 50.225876, -117.814312 50.228751, -117.815745 50.231626, -117.817177 50.234501, -117.818609 50.237376, -117.820042 50.240251, -117.821475 50.243126, -117.822908 50.246001, -117.824341 50.248876, -117.825775 50.251751, -117.827208 50.254625, -117.828642 50.257500, -117.830076 50.260375, -117.831510 50.263250, -117.832944 50.266125, -117.834379 50.269000, -117.835813 50.271874, -117.837248 50.274749, -117.838683 50.277624, -117.840118 50.280498, -117.841553 50.283373, -117.842989 50.286248, -117.844425 50.289122, -117.845860 50.291997, -117.847296 50.294872, -117.848733 50.297746, -117.850169 50.300621, -117.851605 50.303496, -117.853042 50.306370, -117.854479 50.309245, -117.855916 50.312119, -117.857353 50.314994, -117.858791 50.317868, -117.860228 50.320743, -117.861666 50.323617, -117.863104 50.326491, -117.864542 50.329366, -117.865980 50.332240, -117.867419 50.335115, -117.868857 50.337989, -117.870296 50.340863, -117.871735 50.343738, -117.873174 50.346612, -117.874613 50.349486, -117.876053 50.352360, -117.877492 50.355235, -117.878932 50.358109, -117.880372 50.360983, -117.881812 50.363857, -117.883253 50.366731, -117.884693 50.369606, -117.886134 50.372480, -117.887575 50.375354, -117.889016 50.378228, -117.890457 50.381102, -117.891899 50.383976, -117.893340 50.386850, -117.894782 50.389724, -117.896224 50.392598, -117.897666 50.395472, -117.899108 50.398346, -117.900551 50.401220, -117.901993 50.404094, -117.903436 50.406968, -117.904879 50.409842, -117.906322 50.412716, -117.907765 50.415590, -117.909209 50.418464, -117.910653 50.421337, -117.912096 50.424211, -117.913540 50.427085, -117.914985 50.429959, -117.916429 50.432833, -117.917873 50.435706, -117.919318 50.438580, -117.920763 50.441454, -117.922208 50.444327, -117.923653 50.447201, -117.925099 50.450075, -117.926544 50.452948, -117.927990 50.455822, -117.929436 50.458696, -117.930882 50.461569, -117.932329 50.464443, -117.933775 50.467316, -117.935222 50.470190, -117.936669 50.473063, -117.938116 50.475937, -117.939563 50.478810, -117.941010 50.481684, -117.942458 50.484557, -117.943905 50.487431, -117.945353 50.490304, -117.946801 50.493178, -117.948249 50.496051, -117.949698 50.498924, -117.951146 50.501798, -117.952595 50.504671, -117.954044 50.507544, -117.955493 50.510418, -117.956943 50.513291, -117.958392 50.516164, -117.959842 50.519037, -117.961291 50.521910, -117.962741 50.524784, -117.964192 50.527657, -117.965642 50.530530, -117.967093 50.533403, -117.968543 50.536276, -117.969994 50.539149, -117.971445 50.542022, -117.972896 50.544895, -117.974348 50.547769, -117.975799 50.550642, -117.977251 50.553515, -117.978703 50.556388, -117.980155 50.559261, -117.981608 50.562133, -117.983060 50.565006, -117.984513 50.567879, -117.985965 50.570752, -117.987418 50.573625, -117.988872 50.576498, -117.990325 50.579371, -117.991779 50.582244, -117.993232 50.585117, -117.994686 50.587989, -117.996140 50.590862, -117.997594 50.593735, -117.999049 50.596608, -118.000504 50.599480, -118.001958 50.602353, -118.003413 50.605226, -118.004868 50.608098, -118.006324 50.610971, -118.007779 50.613844, -118.009235 50.616716, -118.010691 50.619589, -118.012147 50.622461, -118.013603 50.625334, -118.015059 50.628207, -118.016516 50.631079, -118.017973 50.633952, -118.019429 50.636824, -118.020887 50.639696, -118.022344 50.642569, -118.023801 50.645441, -118.025259 50.648314, -118.026717 50.651186, -118.028175 50.654059, -118.029633 50.656931, -118.031091 50.659803, -118.032550 50.662676, -118.034008 50.665548, -118.035467 50.668420, -118.036926 50.671292, -118.038386 50.674165, -118.039845 50.677037, -118.041305 50.679909, -118.042764 50.682781, -118.044224 50.685654, -118.045684 50.688526, -118.047145 50.691398, -118.048605 50.694270, -118.050066 50.697142, -118.051527 50.700014, -118.052988 50.702886, -118.054449 50.705758, -118.055910 50.708630, -118.057372 50.711502, -118.058834 50.714374, -118.060295 50.717246, -118.061758 50.720118, -118.063220 50.722990, -118.064682 50.725862, -118.066145 50.728734, -118.067608 50.731606, -118.069071 50.734478, -118.070534 50.737350, -118.071997 50.740221, -118.073461 50.743093, -118.074924 50.745965, -118.076388 50.748837, -118.077852 50.751709, -118.079317 50.754580, -118.080781 50.757452, -118.082246 50.760324, -118.083711 50.763195, -118.085175 50.766067, -118.086641 50.768939, -118.088106 50.771810, -118.089571 50.774682, -118.091037 50.777554, -118.092503 50.780425, -118.093969 50.783297, -118.095435 50.786168, -118.096902 50.789040, -118.098368 50.791911, -118.099835 50.794783, -118.101302 50.797654, -118.102769 50.800526, -118.104236 50.803397, -118.105704 50.806268, -118.107172 50.809140, -118.108639 50.812011, -118.110107 50.814883, -118.111576 50.817754, -118.113044 50.820625, -118.114513 50.823496, -118.115981 50.826368, -118.117450 50.829239, -118.118919 50.832110, -118.120389 50.834981, -118.121858 50.837853, -118.123328 50.840724, -118.124798 50.843595, -118.126268 50.846466, -118.127738 50.849337, -118.129208 50.852208, -118.130679 50.855080, -118.132150 50.857951, -118.133620 50.860822, -118.135092 50.863693, -118.136563 50.866564, -118.138034 50.869435, -118.139506 50.872306, -118.140978 50.875177, -118.142450 50.878048, -118.143922 50.880919, -118.145394 50.883789, -118.146867 50.886660, -118.148340 50.889531, -118.149813 50.892402, -118.151286 50.895273, -118.152759 50.898144, -118.154232 50.901014, -118.155706 50.903885, -118.157180 50.906756, -118.158654 50.909627, -118.160128 50.912498, -118.161602 50.915368, -118.163077 50.918239, -118.164552 50.921110, -118.166027 50.923980, -118.167502 50.926851, -118.168977 50.929721, -118.170452 50.932592, -118.171928 50.935463, -118.173404 50.938333, -118.174880 50.941204, -118.176356 50.944074, -118.177833 50.946945, -118.179309 50.949815, -118.180786 50.952686, -118.182263 50.955556, -118.183740 50.958427, -118.185217 50.961297, -118.186695 50.964167, -118.188172 50.967038, -118.189650 50.969908, -118.191128 50.972778, -118.192606 50.975649, -118.194085 50.978519, -118.195563 50.981389, -118.197042 50.984260, -118.198521 50.987130, -118.200000 50.990000, -118.200360 50.993008, -118.200721 50.996016, -118.201081 50.999024, -118.201441 51.002033, -118.201802 51.005041, -118.202162 51.008049, -118.202523 51.011057, -118.202884 51.014065, -118.203244 51.017073, -118.203605 51.020081, -118.203966 51.023089, -118.204327 51.026098, -118.204687 51.029106, -118.205048 51.032114, -118.205409 51.035122, -118.205770 51.038130, -118.206131 51.041138, -118.206492 51.044146, -118.206854 51.047154, -118.207215 51.050162, -118.207576 51.053171, -118.207937 51.056179, -118.208299 51.059187, -118.208660 51.062195, -118.209021 51.065203, -118.209383 51.068211, -118.209744 51.071219, -118.210106 51.074227, -118.210468 51.077235, -118.210829 51.080243, -118.211191 51.083252, -118.211553 51.086260, -118.211914 51.089268, -118.212276 51.092276, -118.212638 51.095284, -118.213000 51.098292, -118.213362 51.101300, -118.213724 51.104308, -118.214086 51.107316, -118.214448 51.110324, -118.214810 51.113332, -118.215173 51.116341, -118.215535 51.119349, -118.215897 51.122357, -118.216260 51.125365, -118.216622 51.128373, -118.216985 51.131381, -118.217347 51.134389, -118.217710 51.137397, -118.218072 51.140405, -118.218435 51.143413, -118.218798 51.146421, -118.219160 51.149429, -118.219523 51.152438, -118.219886 51.155446, -118.220249 51.158454, -118.220612 51.161462, -118.220975 51.164470, -118.221338 51.167478, -118.221701 51.170486, -118.222064 51.173494, -118.222427 51.176502, -118.222790 51.179510, -118.223153 51.182518, -118.223517 51.185526, -118.223880 51.188534, -118.224244 51.191542, -118.224607 51.194550, -118.224970 51.197558, -118.225334 51.200567, -118.225698 51.203575, -118.226061 51.206583, -118.226425 51.209591, -118.226789 51.212599, -118.227152 51.215607, -118.227516 51.218615, -118.227880 51.221623, -118.228244 51.224631, -118.228608 51.227639, -118.228972 51.230647, -118.229336 51.233655, -118.229700 51.236663, -118.230064 51.239671, -118.230429 51.242679, -118.230793 51.245687, -118.231157 51.248695, -118.231522 51.251703, -118.231886 51.254711, -118.232250 51.257719, -118.232615 51.260727, -118.232979 51.263735, -118.233344 51.266743, -118.233709 51.269751, -118.234073 51.272759, -118.234438 51.275768, -118.234803 51.278776, -118.235168 51.281784, -118.235533 51.284792, -118.235898 51.287800, -118.236262 51.290808, -118.236627 51.293816, -118.236993 51.296824, -118.237358 51.299832, -118.237723 51.302840, -118.238088 51.305848, -118.238453 51.308856, -118.238819 51.311864, -118.239184 51.314872, -118.239549 51.317880, -118.239915 51.320888, -118.240280 51.323896, -118.240646 51.326904, -118.241011 51.329912, -118.241377 51.332920, -118.241743 51.335928, -118.242109 51.338936, -118.242474 51.341944, -118.242840 51.344952, -118.243206 51.347960, -118.243572 51.350968, -118.243938 51.353976, -118.244304 51.356984, -118.244670 51.359992, -118.245036 51.363000, -118.245402 51.366008, -118.245769 51.369016, -118.246135 51.372024, -118.246501 51.375032, -118.246868 51.378040, -118.247234 51.381048, -118.247600 51.384056, -118.247967 51.387064, -118.248333 51.390072, -118.248700 51.393080, -118.249067 51.396088, -118.249433 51.399096, -118.249800 51.402104, -118.250167 51.405112, -118.250534 51.408120, -118.250901 51.411128, -118.251268 51.414135, -118.251635 51.417143, -118.252002 51.420151, -118.252369 51.423159, -118.252736 51.426167, -118.253103 51.429175, -118.253470 51.432183, -118.253838 51.435191, -118.254205 51.438199, -118.254572 51.441207, -118.254940 51.444215, -118.255307 51.447223, -118.255675 51.450231, -118.256042 51.453239, -118.256410 51.456247, -118.256778 51.459255, -118.257145 51.462263, -118.257513 51.465271, -118.257881 51.468279, -118.258249 51.471287, -118.258617 51.474295, -118.258985 51.477303, -118.259353 51.480311, -118.259721 51.483319, -118.260089 51.486326, -118.260457 51.489334, -118.260825 51.492342, -118.261193 51.495350, -118.261562 51.498358, -118.261930 51.501366, -118.262298 51.504374, -118.262667 51.507382, -118.263035 51.510390, -118.263404 51.513398, -118.263773 51.516406, -118.264141 51.519414, -118.264510 51.522422, -118.264879 51.525430, -118.265247 51.528438, -118.265616 51.531446, -118.265985 51.534453, -118.266354 51.537461, -118.266723 51.540469, -118.267092 51.543477, -118.267461 51.546485, -118.267830 51.549493, -118.268199 51.552501, -118.268569 51.555509, -118.268938 51.558517, -118.269307 51.561525, -118.269677 51.564533, -118.270046 51.567541, -118.270416 51.570549, -118.270785 51.573556, -118.271155 51.576564, -118.271524 51.579572, -118.271894 51.582580, -118.272264 51.585588, -118.272633 51.588596, -118.273003 51.591604, -118.273373 51.594612, -118.273743 51.597620, -118.274113 51.600628, -118.274483 51.603635, -118.274853 51.606643, -118.275223 51.609651, -118.275593 51.612659, -118.275963 51.615667, -118.276334 51.618675, -118.276704 51.621683, -118.277074 51.624691, -118.277445 51.627699, -118.277815 51.630707, -118.278186 51.633714, -118.278556 51.636722, -118.278927 51.639730, -118.279298 51.642738, -118.279668 51.645746, -118.280039 51.648754, -118.280410 51.651762, -118.280781 51.654770, -118.281151 51.657778, -118.281522 51.660785, -118.281893 51.663793, -118.282264 51.666801, -118.282636 51.669809, -118.283007 51.672817, -118.283378 51.675825, -118.283749 51.678833, -118.284120 51.681841, -118.284492 51.684848, -118.284863 51.687856, -118.285235 51.690864, -118.285606 51.693872, -118.285978 51.696880, -118.286349 51.699888, -118.286721 51.702896, -118.287092 51.705903, -118.287464 51.708911, -118.287836 51.711919, -118.288208 51.714927, -118.288580 51.717935, -118.288952 51.720943, -118.289324 51.723951, -118.289696 51.726958, -118.290068 51.729966, -118.290440 51.732974, -118.290812 51.735982, -118.291184 51.738990, -118.291556 51.741998, -118.291929 51.745006, -118.292301 51.748013, -118.292674 51.751021, -118.293046 51.754029, -118.293419 51.757037, -118.293791 51.760045, -118.294164 51.763053, -118.294536 51.766060, -118.294909 51.769068, -118.295282 51.772076, -118.295655 51.775084, -118.296028 51.778092, -118.296401 51.781100, -118.296774 51.784107, -118.297147 51.787115, -118.297520 51.790123, -118.297893 51.793131, -118.298266 51.796139, -118.298639 51.799147, -118.299012 51.802154, -118.299386 51.805162, -118.299759 51.808170, -118.300133 51.811178, -118.300506 51.814186, -118.300880 51.817193, -118.301253 51.820201, -118.301627 51.823209, -118.302000 51.826217, -118.302374 51.829225, -118.302748 51.832233, -118.303122 51.835240, -118.303496 51.838248, -118.303869 51.841256, -118.304243 51.844264, -118.304617 51.847272, -118.304992 51.850279, -118.305366 51.853287, -118.305740 51.856295, -118.306114 51.859303, -118.306488 51.862311, -118.306863 51.865318, -118.307237 51.868326, -118.307611 51.871334, -118.307986 51.874342, -118.308360 51.877350, -118.308735 51.880357, -118.309110 51.883365, -118.309484 51.886373, -118.309859 51.889381, -118.310234 51.892389, -118.310609 51.895396, -118.310983 51.898404, -118.311358 51.901412, -118.311733 51.904420, -118.312108 51.907427, -118.312483 51.910435, -118.312859 51.913443, -118.313234 51.916451, -118.313609 51.919459, -118.313984 51.922466, -118.314359 51.925474, -118.314735 51.928482, -118.315110 51.931490, -118.315486 51.934497, -118.315861 51.937505, -118.316237 51.940513, -118.316612 51.943521, -118.316988 51.946529, -118.317364 51.949536, -118.317740 51.952544, -118.318115 51.955552, -118.318491 51.958560, -118.318867 51.961567, -118.319243 51.964575, -118.319619 51.967583, -118.319995 51.970591, -118.320371 51.973598, -118.320748 51.976606, -118.321124 51.979614, -118.321500 51.982622, -118.321877 51.985629, -118.322253 51.988637, -118.322629 51.991645, -118.323006 51.994653, -118.323382 51.997660, -118.323759 52.000668, -118.324136 52.003676, -118.324512 52.006684, -118.324889 52.009691, -118.325266 52.012699, -118.325643 52.015707, -118.326019 52.018715, -118.326396 52.021722, -118.326773 52.024730, -118.327150 52.027738, -118.327528 52.030745, -118.327905 52.033753, -118.328282 52.036761, -118.328659 52.039769, -118.329036 52.042776, -118.329414 52.045784, -118.329791 52.048792, -118.330169 52.051800, -118.330546 52.054807, -118.330924 52.057815, -118.331301 52.060823, -118.331679 52.063830, -118.332057 52.066838, -118.332434 52.069846, -118.332812 52.072854, -118.333190 52.075861, -118.333568 52.078869, -118.333946 52.081877, -118.334324 52.084884, -118.334702 52.087892, -118.335080 52.090900, -118.335458 52.093908, -118.335836 52.096915, -118.336215 52.099923, -118.336593 52.102931, -118.336971 52.105938, -118.337350 52.108946, -118.337728 52.111954, -118.338107 52.114962, -118.338485 52.117969, -118.338864 52.120977, -118.339243 52.123985, -118.339621 52.126992, -118.340000 52.130000))
